KEEP,Spreadsheet_ID,YEAR,HERD,SUBSPECIES,SAMPLE.TYPE,SAMPLE.ID,DATE.COLLECTED,YEAR.COLLECTED,Metadata.file,INDIVIDUAL,CASE..,LAB,FILE,ID,AMPLIFICATION,COMPLETE,BMS1117,BMS1117_2,TGLA53,TGLA53_2,BMC4214,BMC4214_2,BM1225,BM1225_2,BM47,BM47_2,BMS1315,BMS1315_2,IL4,IL4_2,BM2113,BM2113_2,BMS1716,BMS1716_2,BM1706,BM1706_2,BMS1675,BMS1675_2,BMS1857,BMS1857_2,BMS1001,BMS1001_2,BMS601,BMS601_2,BM720,BM720_2,ILSTS102,ILSTS102_2,BMS1074,BMS1074_2,BMS1172,BMS1172_2,BMS2258,BMS2258_2,BM757,BM757_2,SPS115,SPS115_2,BMS527,BMS527_2,BM2830,BM2830_2,INRA194,INRA194_2,BMS941,BMS941_2,INRA037,INRA037_2,BM4107,BM4107_2,TGLA122,TGLA122_2,HUJ246,HUJ246_2,BMS528,BMS528_2,BM4440,BM4440_2,TGLA44,TGLA44_2,BMS510,BMS510_2,BMS1355,BMS1355_2,BM1824,BM1824_2,BMS812,BMS812_2,BMS2639,BMS2639_2,BMS410,BMS410_2,AGLA232,AGLA232_2,BM17132,BM17132_2,BM4028,BM4028_2,BM711,BM711_2,INRA133,INRA133_2,RM372,RM372_2,BM4311,BM4311_2,BMS1747,BMS1747_2,BL1036,BL1036_2,BM1862,BM1862_2,BMS1862,BMS1862_2,URB011,URB011_2
,62,M. Grant Thesis,EINPP,Plains Bison,Fecal,EINP_P65,10/22/23,2023,NA,AA,NA,NA,NA,NA,94,30,89,91,134,136,179,187,241,247,105,105,135,135,89,97,129,143,195,195,238,238,NA,NA,NA,NA,NA,NA,NA,NA,NA,NA,NA,NA,NA,NA,NA,NA,NA,NA,NA,NA,NA,NA,NA,NA,NA,NA,NA,NA,NA,NA,NA,NA,NA,NA,NA,NA,NA,NA,NA,NA,NA,NA,NA,NA,NA,NA,NA,NA,NA,NA,NA,NA,NA,NA,NA,NA,NA,NA,89,91,NA,NA,161,161,240,240,NA,NA,92,96,95,101,NA,NA,NA,NA,NA,NA,NA,NA
TRUE,63,M. Grant Thesis,EINPP,Plains Bison,Fecal,EINP_P67,10/22/23,2023,NA,AA,NA,NA,NA,NA,94,30,89,91,134,136,179,187,241,247,105,105,135,135,89,97,129,143,195,195,238,238,NA,NA,NA,NA,NA,NA,NA,NA,NA,NA,NA,NA,NA,NA,NA,NA,NA,NA,NA,NA,NA,NA,NA,NA,NA,NA,NA,NA,NA,NA,NA,NA,NA,NA,NA,NA,NA,NA,NA,NA,NA,NA,NA,NA,NA,NA,NA,NA,NA,NA,NA,NA,NA,NA,NA,NA,NA,NA,NA,NA,NA,NA,161,161,236,240,130,130,92,96,103,105,NA,NA,NA,NA,NA,NA,NA,NA
,64,M. Grant Thesis,EINPP,Plains Bison,Fecal,EINP_P84,10/22/23,2023,NA,AA,NA,NA,NA,NA,94,30,89,91,134,136,179,187,241,247,105,105,135,135,89,97,129,143,195,195,238,238,NA,NA,NA,NA,NA,NA,NA,NA,NA,NA,NA,NA,NA,NA,NA,NA,NA,NA,NA,NA,NA,NA,NA,NA,NA,NA,NA,NA,NA,NA,NA,NA,NA,NA,NA,NA,NA,NA,NA,NA,NA,NA,NA,NA,NA,NA,NA,NA,NA,NA,NA,NA,NA,NA,NA,NA,NA,NA,89,91,NA,NA,161,161,236,240,130,130,92,96,NA,NA,NA,NA,NA,NA,NA,NA,NA,NA
,65,M. Grant Thesis,EINPP,Plains Bison,Fecal,EINP_P77,10/22/23,2023,NA,AB,NA,NA,NA,NA,94,30,89,91,136,142,175,187,241,253,104,104,135,135,97,105,129,143,191,195,232,238,NA,NA,NA,NA,NA,NA,NA,NA,NA,NA,NA,NA,NA,NA,NA,NA,NA,NA,NA,NA,NA,NA,NA,NA,NA,NA,NA,NA,NA,NA,NA,NA,NA,NA,NA,NA,NA,NA,NA,NA,NA,NA,NA,NA,NA,NA,NA,NA,NA,NA,NA,NA,NA,NA,NA,NA,NA,NA,85,87,NA,NA,NA,NA,228,240,118,134,96,104,99,101,NA,NA,NA,NA,NA,NA,NA,NA
TRUE,2482,M. Grant Thesis,EINPP,Plains Bison,Fecal,EINP_P80,10/22/23,2023,NA,AB,NA,NA,NA,NA,88%,98,89,91,136,142,175,187,241,253,103,105,135,135,97,105,129,143,191,195,232,238,87,91,**,**,**,**,**,**,**,**,143,145,**,**,102,102,128,140,194,194,252,254,165,165,158,158,156,156,81,81,122,124,181,183,138,138,256,260,146,148,127,127,153,155,91,92,146,146,180,180,106,106,172,172,89,89,161,173,85,87,NA,NA,161,161,228,240,118,134,96,104,99,101,191,191,201,205,162,168,149,149
,66,M. Grant Thesis,EINPP,Plains Bison,Fecal,EINP_P99,10/22/23,2023,NA,AB,NA,NA,NA,NA,100,32,89,91,136,142,175,187,241,253,103,105,135,135,97,105,129,143,191,195,232,238,NA,NA,NA,NA,NA,NA,NA,NA,NA,NA,NA,NA,NA,NA,NA,NA,NA,NA,NA,NA,NA,NA,NA,NA,NA,NA,NA,NA,NA,NA,NA,NA,NA,NA,NA,NA,NA,NA,NA,NA,NA,NA,NA,NA,NA,NA,NA,NA,NA,NA,NA,NA,NA,NA,NA,NA,NA,NA,85,87,NA,NA,161,161,228,240,118,134,96,104,99,101,NA,NA,NA,NA,NA,NA,NA,NA
TRUE,2596,M. Grant Thesis,EINPP,Plains Bison,Fecal,EINP_P85,10/22/23,2023,NA,AC,NA,NA,NA,NA,96%,100,91,91,134,142,185,191,245,249,103,104,135,135,97,97,129,143,191,191,238,254,87,89,160,160,108,108,172,174,229,231,143,143,154,158,88,102,150,150,194,200,250,254,175,175,150,158,144,144,81,83,122,122,179,181,142,142,262,262,146,150,127,127,155,159,91,90,146,150,180,184,106,110,168,170,83,89,161,165,87,89,**,**,161,161,**,**,130,134,96,96,95,99,191,191,205,215,142,168,149,149
,67,M. Grant Thesis,EINPP,Plains Bison,Fecal,EINP_P86,10/22/23,2023,NA,AC,NA,NA,NA,NA,94,30,91,91,134,142,185,191,245,249,103,103,135,135,97,97,129,143,191,191,238,254,NA,NA,NA,NA,NA,NA,NA,NA,NA,NA,NA,NA,NA,NA,NA,NA,NA,NA,NA,NA,NA,NA,NA,NA,NA,NA,NA,NA,NA,NA,NA,NA,NA,NA,NA,NA,NA,NA,NA,NA,NA,NA,NA,NA,NA,NA,NA,NA,NA,NA,NA,NA,NA,NA,NA,NA,NA,NA,NA,NA,NA,NA,161,167,240,240,130,130,92,104,95,103,NA,NA,NA,NA,NA,NA,NA,NA
TRUE,2484,M. Grant Thesis,EINPP,Plains Bison,Fecal,EINP_P91,10/22/23,2023,NA,AD,NA,NA,NA,NA,98%,98,89,91,136,140,175,185,241,269,103,103,137,137,99,105,127,149,191,191,238,238,85,91,160,160,108,115,180,180,231,233,143,143,154,154,88,88,128,150,194,200,250,254,173,175,156,158,156,156,81,83,122,122,165,183,142,148,260,262,146,150,127,129,151,155,92,95,146,150,184,198,106,108,170,172,83,89,161,161,87,87,NA,NA,161,167,228,240,130,130,98,104,101,103,177,191,205,211,164,168,149,149
,68,M. Grant Thesis,EINPP,Plains Bison,Fecal,EINP_PB122,23-Oct-24,2024,NA,AD,NA,NA,NA,NA,100,32,89,91,136,140,175,185,241,269,103,103,137,137,99,105,127,149,191,191,238,238,NA,NA,NA,NA,NA,NA,NA,NA,NA,NA,NA,NA,NA,NA,NA,NA,NA,NA,NA,NA,NA,NA,NA,NA,NA,NA,NA,NA,NA,NA,NA,NA,NA,NA,NA,NA,NA,NA,NA,NA,NA,NA,NA,NA,NA,NA,NA,NA,NA,NA,NA,NA,NA,NA,NA,NA,NA,NA,87,87,NA,NA,161,167,228,240,130,130,98,104,101,103,NA,NA,NA,NA,NA,NA,NA,NA
TRUE,2498,M. Grant Thesis,EINPW,Wood Bison,Fecal,EINP_W07,10/22/23,2023,NA,AE,NA,NA,NA,NA,92%,98,89,91,136,138,181,187,253,269,103,103,141,141,93,97,129,129,189,191,238,238,87,87,158,160,113,115,**,**,229,231,143,143,158,158,90,102,142,142,190,190,252,254,177,177,152,152,144,154,83,83,124,132,183,183,142,142,260,262,150,150,125,129,153,155,91,94,148,150,184,198,110,112,172,172,89,89,161,173,87,89,NA,NA,161,167,228,236,130,130,102,102,101,101,181,191,201,205,142,168,**,**
,69,M. Grant Thesis,EINPW,Wood Bison,Fecal,EINP_W14,10/22/23,2023,NA,AE,NA,NA,NA,NA,89,28,89,91,136,138,181,187,253,269,103,103,141,141,93,97,129,129,189,191,238,238,NA,NA,NA,NA,NA,NA,NA,NA,NA,NA,NA,NA,NA,NA,NA,NA,NA,NA,NA,NA,NA,NA,NA,NA,NA,NA,NA,NA,NA,NA,NA,NA,NA,NA,NA,NA,NA,NA,NA,NA,NA,NA,NA,NA,NA,NA,NA,NA,NA,NA,NA,NA,NA,NA,NA,NA,NA,NA,NA,NA,NA,NA,161,167,228,236,NA,NA,102,102,101,101,NA,NA,NA,NA,NA,NA,NA,NA
,70,M. Grant Thesis,EINPW,Wood Bison,Fecal,EINP_W18,10/22/23,2023,NA,AF,NA,NA,NA,NA,89,30,89,91,136,136,187,187,253,253,103,103,141,141,93,93,129,141,189,191,238,238,NA,NA,NA,NA,NA,NA,NA,NA,NA,NA,NA,NA,NA,NA,NA,NA,NA,NA,NA,NA,NA,NA,NA,NA,NA,NA,NA,NA,NA,NA,NA,NA,NA,NA,NA,NA,NA,NA,NA,NA,NA,NA,NA,NA,NA,NA,NA,NA,NA,NA,NA,NA,NA,NA,NA,NA,NA,NA,89,89,NA,NA,167,167,228,228,128,130,102,104,NA,NA,NA,NA,NA,NA,NA,NA,NA,NA
TRUE,71,M. Grant Thesis,EINPW,Wood Bison,Fecal,EINP_WB118,23-Oct-24,2024,NA,AF,NA,NA,NA,NA,100,32,89,91,136,136,187,187,253,253,103,103,141,141,93,93,131,143,189,191,238,238,NA,NA,NA,NA,NA,NA,NA,NA,NA,NA,NA,NA,NA,NA,NA,NA,NA,NA,NA,NA,NA,NA,NA,NA,NA,NA,NA,NA,NA,NA,NA,NA,NA,NA,NA,NA,NA,NA,NA,NA,NA,NA,NA,NA,NA,NA,NA,NA,NA,NA,NA,NA,NA,NA,NA,NA,NA,NA,89,89,NA,NA,167,167,228,228,128,130,102,104,95,103,NA,NA,NA,NA,NA,NA,NA,NA
TRUE,2597,M. Grant Thesis,EINPW,Wood Bison,Fecal,EINP_W33,10/22/23,2023,NA,AG,NA,NA,NA,NA,94%,100,89,91,138,140,179,187,253,269,103,103,141,145,93,97,143,143,191,195,238,252,87,89,162,162,115,115,**,**,**,**,143,157,156,156,90,102,146,148,190,194,252,252,173,173,152,152,144,154,83,83,132,132,165,179,142,142,260,262,140,146,125,129,155,159,91,91,148,150,194,198,110,112,170,172,85,89,161,165,89,89,116,116,167,167,228,238,114,130,102,104,101,101,181,181,207,211,142,168,**,**
,72,M. Grant Thesis,EINPW,Wood Bison,Fecal,EINP_W35,10/22/23,2023,NA,AG,NA,NA,NA,NA,94,30,89,91,138,140,179,187,253,269,103,103,141,145,93,97,143,143,191,195,238,252,NA,NA,NA,NA,NA,NA,NA,NA,NA,NA,NA,NA,NA,NA,NA,NA,NA,NA,NA,NA,NA,NA,NA,NA,NA,NA,NA,NA,NA,NA,NA,NA,NA,NA,NA,NA,NA,NA,NA,NA,NA,NA,NA,NA,NA,NA,NA,NA,NA,NA,NA,NA,NA,NA,NA,NA,NA,NA,NA,NA,NA,NA,167,167,228,238,130,130,102,104,101,101,NA,NA,NA,NA,NA,NA,NA,NA
,73,M. Grant Thesis,EINPW,Wood Bison,Fecal,EINP_W36,10/22/23,2023,NA,AG,NA,NA,NA,NA,94,30,89,91,138,140,179,187,253,269,103,103,141,145,93,97,143,143,191,195,238,252,NA,NA,NA,NA,NA,NA,NA,NA,NA,NA,NA,NA,NA,NA,NA,NA,NA,NA,NA,NA,NA,NA,NA,NA,NA,NA,NA,NA,NA,NA,NA,NA,NA,NA,NA,NA,NA,NA,NA,NA,NA,NA,NA,NA,NA,NA,NA,NA,NA,NA,NA,NA,NA,NA,NA,NA,NA,NA,NA,NA,NA,NA,167,167,228,238,130,130,102,104,101,101,NA,NA,NA,NA,NA,NA,NA,NA
,74,M. Grant Thesis,EINPW,Wood Bison,Fecal,EINP_W37,10/22/23,2023,NA,AG,NA,NA,NA,NA,94,30,89,91,138,140,179,187,253,269,103,103,141,145,93,97,143,143,191,195,238,252,NA,NA,NA,NA,NA,NA,NA,NA,NA,NA,NA,NA,NA,NA,NA,NA,NA,NA,NA,NA,NA,NA,NA,NA,NA,NA,NA,NA,NA,NA,NA,NA,NA,NA,NA,NA,NA,NA,NA,NA,NA,NA,NA,NA,NA,NA,NA,NA,NA,NA,NA,NA,NA,NA,NA,NA,NA,NA,NA,NA,NA,NA,167,167,228,238,114,130,102,104,101,101,NA,NA,NA,NA,NA,NA,NA,NA
,75,M. Grant Thesis,EINPW,Wood Bison,Fecal,EINP_W38,10/22/23,2023,NA,AG,NA,NA,NA,NA,94,30,89,91,138,140,179,187,253,269,103,103,141,145,93,97,143,143,191,195,238,252,NA,NA,NA,NA,NA,NA,NA,NA,NA,NA,NA,NA,NA,NA,NA,NA,NA,NA,NA,NA,NA,NA,NA,NA,NA,NA,NA,NA,NA,NA,NA,NA,NA,NA,NA,NA,NA,NA,NA,NA,NA,NA,NA,NA,NA,NA,NA,NA,NA,NA,NA,NA,NA,NA,NA,NA,NA,NA,NA,NA,NA,NA,167,167,228,238,114,130,102,104,101,101,NA,NA,NA,NA,NA,NA,NA,NA
,76,M. Grant Thesis,EINPW,Wood Bison,Fecal,EINP_W63,10/22/23,2023,NA,AH,NA,NA,NA,NA,89,28,91,91,136,136,187,187,253,271,103,103,141,141,93,93,129,129,189,191,232,238,NA,NA,NA,NA,NA,NA,NA,NA,NA,NA,NA,NA,NA,NA,NA,NA,NA,NA,NA,NA,NA,NA,NA,NA,NA,NA,NA,NA,NA,NA,NA,NA,NA,NA,NA,NA,NA,NA,NA,NA,NA,NA,NA,NA,NA,NA,NA,NA,NA,NA,NA,NA,NA,NA,NA,NA,NA,NA,NA,NA,NA,NA,161,161,228,236,128,130,96,102,NA,NA,NA,NA,NA,NA,NA,NA,NA,NA
TRUE,2602,M. Grant Thesis,EINPW,Wood Bison,Fecal,EINP_W82,10/22/23,2023,NA,AH,NA,NA,NA,NA,83%,100,91,93,136,138,187,187,253,271,103,103,141,141,93,93,129,129,189,191,232,238,**,**,**,**,**,**,**,**,**,**,**,**,**,**,102,102,140,142,190,190,252,252,167,167,152,166,144,154,81,83,124,126,175,183,138,148,262,262,150,150,129,129,155,155,92,92,148,150,196,196,110,112,166,166,85,89,165,173,87,89,**,**,167,167,**,**,114,130,98,102,101,103,181,181,201,215,144,166,151,153
,77,M. Grant Thesis,EINPW,Wood Bison,Fecal,EINP_W74,10/22/23,2023,NA,AI,NA,NA,NA,NA,94,30,89,93,138,138,179,181,253,271,103,103,141,145,97,103,129,129,189,189,238,238,NA,NA,NA,NA,NA,NA,NA,NA,NA,NA,NA,NA,NA,NA,NA,NA,NA,NA,NA,NA,NA,NA,NA,NA,NA,NA,NA,NA,NA,NA,NA,NA,NA,NA,NA,NA,NA,NA,NA,NA,NA,NA,NA,NA,NA,NA,NA,NA,NA,NA,NA,NA,NA,NA,NA,NA,NA,NA,NA,NA,NA,NA,167,167,224,238,130,130,96,104,101,101,NA,NA,NA,NA,NA,NA,NA,NA
TRUE,2514,M. Grant Thesis,EINPW,Wood Bison,Fecal,EINP_WB112,23-Oct-24,2024,NA,AI,NA,NA,NA,NA,96%,98,89,93,138,138,179,179,253,271,103,103,141,145,97,103,129,129,189,189,238,238,87,87,147,158,108,108,172,174,227,229,143,143,156,158,90,90,128,142,190,194,252,252,167,177,152,152,144,154,81,83,122,132,175,175,142,150,256,262,146,150,125,129,155,155,91,91,150,150,196,198,112,112,166,176,85,89,161,165,89,91,NA,NA,167,167,224,238,130,130,96,104,101,101,181,181,205,211,168,168,**,**
,78,M. Grant Thesis,EINPW,Wood Bison,Fecal,EINP_W92,10/22/23,2023,NA,AJ,NA,NA,NA,NA,83,26,89,89,136,138,179,187,253,269,104,104,135,141,NA,NA,129,129,189,191,232,252,NA,NA,NA,NA,NA,NA,NA,NA,NA,NA,NA,NA,NA,NA,NA,NA,NA,NA,NA,NA,NA,NA,NA,NA,NA,NA,NA,NA,NA,NA,NA,NA,NA,NA,NA,NA,NA,NA,NA,NA,NA,NA,NA,NA,NA,NA,NA,NA,NA,NA,NA,NA,NA,NA,NA,NA,NA,NA,NA,NA,NA,NA,167,167,NA,NA,130,132,92,102,95,95,NA,NA,NA,NA,NA,NA,NA,NA
,2604,M. Grant Thesis,EINPW,Wood Bison,Fecal,EINP_W99,10/22/23,2023,NA,AJ,NA,NA,NA,NA,100%,100,89,89,136,138,179,187,253,269,103,104,135,141,93,97,129,129,189,191,232,252,87,89,147,162,113,115,172,174,229,229,143,143,154,156,102,102,140,142,194,194,252,252,173,173,152,166,154,154,81,81,122,132,165,175,138,148,262,262,146,150,125,129,153,155,91,92,146,150,180,196,106,110,172,176,89,89,161,161,89,89,116,116,167,167,238,238,130,132,92,102,101,101,181,191,205,215,166,166,149,153
TRUE,79,M. Grant Thesis,EINPW,Wood Bison,Fecal,EINP_W100,10/22/23,2023,NA,AJ ,NA,NA,NA,NA,89,28,89,89,136,138,179,187,253,269,103,103,135,141,93,97,129,129,189,191,232,252,NA,NA,NA,NA,NA,NA,NA,NA,NA,NA,NA,NA,NA,NA,NA,NA,NA,NA,NA,NA,NA,NA,NA,NA,NA,NA,NA,NA,NA,NA,NA,NA,NA,NA,NA,NA,NA,NA,NA,NA,NA,NA,NA,NA,NA,NA,NA,NA,NA,NA,NA,NA,NA,NA,NA,NA,NA,NA,NA,NA,NA,NA,167,167,238,238,NA,NA,92,100,95,95,NA,NA,NA,NA,NA,NA,NA,NA
,80,M. Grant Thesis,EINPW,Wood Bison,Fecal,EINP_W98,10/22/23,2023,NA,AK,NA,NA,NA,NA,94,30,89,89,134,136,179,187,253,253,103,103,141,145,103,103,129,129,189,191,232,232,NA,NA,NA,NA,NA,NA,NA,NA,NA,NA,NA,NA,NA,NA,NA,NA,NA,NA,NA,NA,NA,NA,NA,NA,NA,NA,NA,NA,NA,NA,NA,NA,NA,NA,NA,NA,NA,NA,NA,NA,NA,NA,NA,NA,NA,NA,NA,NA,NA,NA,NA,NA,NA,NA,NA,NA,NA,NA,NA,NA,NA,NA,167,167,228,238,130,132,96,102,95,95,NA,NA,NA,NA,NA,NA,NA,NA
TRUE,2513,M. Grant Thesis,EINPW,Wood Bison,Fecal,EINP_WB108,23-Oct-24,2024,NA,AK,NA,NA,NA,NA,96%,98,89,89,134,136,179,187,253,253,103,103,141,145,103,103,129,129,189,191,232,238,87,87,158,158,113,115,174,174,227,229,143,143,154,156,90,90,142,146,190,194,252,252,167,173,154,166,144,144,77,77,122,132,175,175,138,142,262,262,148,150,125,129,155,155,91,91,150,150,180,184,106,112,172,172,89,89,169,173,81,89,NA,NA,167,167,228,238,130,132,96,102,95,95,181,191,205,211,144,166,**,**
TRUE,2510,M. Grant Thesis,EINPW,Wood Bison,Fecal,EINP_WB149,23-Oct-24,2024,NA,AL,NA,NA,NA,NA,79%,98,89,91,136,136,179,187,253,253,103,103,141,141,97,103,129,129,189,191,238,254,87,87,147,160,113,115,**,**,229,229,143,143,158,158,**,**,**,**,**,**,**,**,**,**,**,**,**,**,81,83,124,132,179,183,142,142,262,262,140,150,129,129,155,157,91,91,148,150,180,184,106,106,166,170,89,95,161,165,89,89,NA,NA,167,167,224,238,130,130,98,102,101,103,**,**,205,211,142,144,**,**
,81,M. Grant Thesis,EINPW,Wood Bison,Fecal,EINP_WB150,23-Oct-24,2024,NA,AL,NA,NA,NA,NA,100,32,89,91,136,136,179,187,253,253,103,103,141,141,97,103,129,129,189,191,238,254,NA,NA,NA,NA,NA,NA,NA,NA,NA,NA,NA,NA,NA,NA,NA,NA,NA,NA,NA,NA,NA,NA,NA,NA,NA,NA,NA,NA,NA,NA,NA,NA,NA,NA,NA,NA,NA,NA,NA,NA,NA,NA,NA,NA,NA,NA,NA,NA,NA,NA,NA,NA,NA,NA,NA,NA,NA,NA,89,89,NA,NA,167,167,224,238,130,130,98,102,101,103,NA,NA,NA,NA,NA,NA,NA,NA
TRUE,2487,M. Grant Thesis,EINPP,Plains Bison,Fecal,EINP_PB102,23-Oct-24,2024,NA,AM,NA,NA,NA,NA,96%,98,89,91,136,138,185,187,241,253,103,103,135,135,89,97,129,149,189,191,238,238,85,89,160,160,113,113,180,180,225,229,143,143,156,158,88,100,128,150,194,200,246,250,165,173,156,164,156,158,83,83,122,122,183,185,138,148,262,262,140,140,123,127,157,159,91,95,146,150,180,180,106,112,168,172,83,89,161,173,85,87,NA,NA,161,165,236,240,130,130,92,104,99,103,191,191,205,215,142,158,**,**
,82,M. Grant Thesis,EINPP,Plains Bison,Fecal,EINP_PB134,23-Oct-24,2024,NA,AM,NA,NA,NA,NA,100,32,89,91,136,138,185,187,241,253,103,103,135,135,89,97,129,149,189,191,238,238,NA,NA,NA,NA,NA,NA,NA,NA,NA,NA,NA,NA,NA,NA,NA,NA,NA,NA,NA,NA,NA,NA,NA,NA,NA,NA,NA,NA,NA,NA,NA,NA,NA,NA,NA,NA,NA,NA,NA,NA,NA,NA,NA,NA,NA,NA,NA,NA,NA,NA,NA,NA,NA,NA,NA,NA,NA,NA,85,87,NA,NA,161,165,236,240,130,130,92,104,99,103,NA,NA,NA,NA,NA,NA,NA,NA
,85,M. Grant Thesis,EINPP,Plains Bison,Fecal,EINP_PB103,23-Oct-24,2024,NA,AN,NA,NA,NA,NA,100,32,91,91,134,136,179,187,241,253,103,103,137,147,89,105,143,149,189,195,238,238,NA,NA,NA,NA,NA,NA,NA,NA,NA,NA,NA,NA,NA,NA,NA,NA,NA,NA,NA,NA,NA,NA,NA,NA,NA,NA,NA,NA,NA,NA,NA,NA,NA,NA,NA,NA,NA,NA,NA,NA,NA,NA,NA,NA,NA,NA,NA,NA,NA,NA,NA,NA,NA,NA,NA,NA,NA,NA,89,91,NA,NA,167,167,240,240,130,134,96,104,95,99,NA,NA,NA,NA,NA,NA,NA,NA
TRUE,2489,M. Grant Thesis,EINPP,Plains Bison,Fecal,EINP_PB105,23-Oct-24,2024,NA,AN,NA,NA,NA,NA,98%,98,91,91,134,136,179,187,241,253,103,103,137,147,89,105,143,149,189,195,238,238,87,91,143,160,113,115,174,180,229,233,145,145,158,160,100,100,128,148,194,194,250,250,163,173,142,162,144,156,81,83,124,124,183,185,142,148,256,262,150,150,129,131,153,155,92,94,146,150,180,198,108,112,168,168,83,89,161,165,89,91,NA,NA,167,167,240,240,130,134,96,104,95,99,191,191,205,211,162,164,149,149
,83,M. Grant Thesis,EINPP,Plains Bison,Fecal,EINP_PB108,23-Oct-24,2024,NA,AN,NA,NA,NA,NA,100,32,91,91,134,136,179,187,241,253,103,103,137,147,89,105,143,149,189,195,238,238,NA,NA,NA,NA,NA,NA,NA,NA,NA,NA,NA,NA,NA,NA,NA,NA,NA,NA,NA,NA,NA,NA,NA,NA,NA,NA,NA,NA,NA,NA,NA,NA,NA,NA,NA,NA,NA,NA,NA,NA,NA,NA,NA,NA,NA,NA,NA,NA,NA,NA,NA,NA,NA,NA,NA,NA,NA,NA,89,91,NA,NA,167,167,240,240,130,134,96,104,95,99,NA,NA,NA,NA,NA,NA,NA,NA
,84,M. Grant Thesis,EINPP,Plains Bison,Fecal,EINP_PB110,23-Oct-24,2024,NA,AN*,NA,NA,NA,NA,83,28,91,91,134,136,179,187,241,253,103,111,137,147,89,105,NA,NA,NA,NA,238,238,NA,NA,NA,NA,NA,NA,NA,NA,NA,NA,NA,NA,NA,NA,NA,NA,NA,NA,NA,NA,NA,NA,NA,NA,NA,NA,NA,NA,NA,NA,NA,NA,NA,NA,NA,NA,NA,NA,NA,NA,NA,NA,NA,NA,NA,NA,NA,NA,NA,NA,NA,NA,NA,NA,NA,NA,NA,NA,89,91,NA,NA,167,167,240,240,130,134,96,104,95,99,NA,NA,NA,NA,NA,NA,NA,NA
TRUE,87,2023,ETH,Wood Bison,Hair,150_080,2020,2020,Bison samples freezer,AO*,NA,NA,NA,NA,100,100,89,93,134,136,179,187,241,253,103,103,141,147,103,103,129,143,191,195,232,252,87,87,160,161,113,113,174,176,227,229,143,143,158,160,90,90,142,148,188,190,246,250,177,177,152,166,144,154,83,83,124,124,165,183,138,148,260,260,146,150,129,129,155,155,91,91,150,150,180,198,106,112,166,176,85,89,161,165,87,89,114,118,167,167,238,238,130,132,96,102,103,103,181,181,205,205,142,158,149,151
,86,2023,ETH,Wood Bison,Fecal swab,150_080,2020,2020,Bison samples freezer,AO*,NA,NA,NA,NA,96,96,89,93,134,136,179,187,241,253,103,103,141,147,103,103,129,143,191,195,232,252,87,87,160,161,113,113,174,176,227,229,143,143,158,160,90,90,142,148,190,190,246,250,177,177,152,166,144,154,83,83,124,124,165,183,138,148,260,260,146,150,129,129,155,155,91,91,150,150,180,198,106,112,166,176,85,89,161,165,87,89,NA,NA,167,167,NA,NA,130,132,96,102,103,103,181,181,205,205,142,158,149,151
TRUE,88,2023,ETH,Wood Bison,Hair,150_020,2020,2020,Bison samples freezer,AP,NA,NA,NA,NA,100,100,91,91,136,136,179,187,253,253,103,103,135,135,93,97,129,141,189,191,232,238,87,89,158,158,113,113,174,174,227,229,143,143,158,158,90,90,140,142,190,194,252,252,167,177,146,152,154,156,83,83,124,124,175,183,142,142,260,262,148,148,129,129,155,155,91,94,150,150,180,196,110,112,172,176,85,89,161,165,89,89,116,118,167,167,224,228,130,132,102,102,99,103,181,181,205,205,158,166,151,153
,89,2023,ETH,Wood Bison,Fecal swab,150_020,2020,2020,Bison samples freezer,AP,NA,NA,NA,NA,100,100,91,91,136,136,179,187,253,253,103,103,135,135,93,97,129,141,189,191,232,238,87,89,158,158,113,113,174,174,227,229,143,143,158,158,90,90,140,142,190,194,252,252,167,177,146,152,154,156,83,83,124,124,175,183,142,142,260,262,148,148,129,129,155,155,91,94,150,150,180,196,110,112,172,176,85,89,161,165,89,89,116,118,167,167,224,228,130,132,102,102,99,103,181,181,205,205,158,166,151,153
TRUE,90,2023,ETH,Wood Bison,Fecal swab,150_060,2020,2020,Bison samples freezer,AQ,NA,NA,NA,NA,100,100,89,89,136,140,179,187,253,253,103,103,141,141,97,103,129,141,191,191,238,252,87,87,147,158,113,115,174,174,227,229,143,143,156,158,90,90,127,142,188,190,250,252,173,177,152,154,144,152,81,83,124,126,165,175,142,148,262,262,150,150,125,129,155,159,91,92,150,150,180,184,112,112,166,172,89,89,161,161,87,89,116,116,167,167,228,228,128,130,92,98,95,101,181,181,205,207,144,158,151,153
,91,2023,ETH,Wood Bison,Hair,150_060,2020,2020,Bison samples freezer,AQ,NA,NA,NA,NA,100,100,89,89,136,140,179,187,253,253,103,103,141,141,97,103,129,141,191,191,238,252,87,87,147,158,113,115,174,174,227,229,143,143,156,158,90,90,127,142,188,190,250,252,173,177,152,154,144,152,81,83,124,126,165,175,142,148,262,262,150,150,125,129,155,159,91,92,150,150,180,184,112,112,166,172,89,89,161,161,87,89,116,116,167,167,228,228,128,130,92,98,95,101,181,181,205,207,144,158,151,153
TRUE,92,2023,ETH,Wood Bison,Hair,150_070,2020,2020,Bison samples freezer,AR,NA,NA,NA,NA,100,100,89,91,136,138,179,187,241,249,103,103,135,145,93,97,143,149,191,191,232,232,87,87,147,160,115,115,174,174,227,229,143,143,158,158,90,102,140,142,190,194,252,252,173,177,146,152,156,160,83,83,124,124,175,175,142,142,260,262,148,150,125,129,155,157,91,92,150,150,180,184,110,112,166,172,85,89,161,173,89,89,116,116,161,167,238,238,130,132,92,98,99,101,177,181,205,207,142,144,151,153
,93,2023,ETH,Wood Bison,Fecal swab,150_070,2020,2020,Bison samples freezer,AR,NA,NA,NA,NA,100,100,89,91,136,138,179,187,241,249,103,103,135,145,93,97,143,149,191,191,232,232,87,87,147,160,115,115,174,174,227,229,143,143,158,158,90,102,140,142,190,194,252,252,173,177,146,152,156,160,83,83,124,124,175,175,142,142,260,262,148,150,125,129,155,157,91,92,150,150,180,184,110,112,166,172,85,89,161,173,89,89,116,116,161,167,238,238,130,132,92,98,99,101,177,181,205,207,142,144,151,153
,94,2023,ETH,Wood Bison,Fecal (Pre-Swabbed),74GP5,NA,NA,NA,AR**,NA,NA,NA,NA,100,100,89,91,136,138,179,187,241,249,103,103,135,145,93,97,143,149,191,191,232,232,87,87,147,147,115,115,174,174,227,229,143,143,150,158,90,102,140,142,190,194,252,252,173,177,146,152,156,160,83,83,124,124,175,175,142,142,260,262,148,150,125,129,155,157,91,92,150,150,180,184,110,112,166,172,85,89,161,173,89,89,116,116,161,167,238,238,130,132,92,98,99,101,177,181,205,207,142,144,151,153
TRUE,96,2023,ETH,Wood Bison,Hair,150_100,2020,2020,Bison samples freezer,AS,NA,NA,NA,NA,100,100,91,91,134,140,179,179,253,271,103,103,141,141,97,103,129,129,191,191,238,238,87,87,158,160,113,113,172,176,229,229,143,143,154,156,90,102,127,140,190,194,252,252,167,167,152,152,154,154,77,83,124,132,175,183,138,138,262,262,148,150,125,129,155,155,91,91,150,150,180,180,106,110,166,172,85,85,161,173,85,89,116,116,167,167,228,228,128,130,102,104,95,101,181,191,205,207,142,168,151,151
,95,2023,ETH,Wood Bison,Fecal swab,150_100,2020,2020,Bison samples freezer,AS,NA,NA,NA,NA,100,100,91,91,134,140,179,179,253,271,103,103,141,141,97,103,129,129,191,191,238,238,87,87,158,160,113,113,172,176,229,229,143,143,154,156,90,102,127,140,190,194,252,252,167,167,152,152,154,154,77,83,124,132,175,183,138,138,262,262,148,150,125,129,155,155,91,91,150,150,180,180,106,110,166,172,85,85,161,173,85,89,116,116,167,167,228,228,128,130,102,104,95,101,181,191,205,207,142,168,151,151
TRUE,97,2023,ETH,Wood Bison,Hair,150_130,2020,2020,Bison samples freezer,AT,NA,NA,NA,NA,100,100,89,91,134,134,179,187,241,253,103,103,141,145,93,103,129,143,189,191,232,238,89,91,147,158,113,115,172,174,229,229,143,143,158,160,90,90,142,146,190,194,252,252,177,177,146,152,160,160,81,83,124,132,183,183,142,142,260,262,146,150,125,125,155,155,91,92,150,150,198,198,112,112,170,172,89,89,161,161,89,89,114,116,167,167,228,228,128,130,92,102,95,101,181,191,205,205,158,158,149,151
,98,2023,ETH,Wood Bison,Fecal swab,150_130,2020,2020,Bison samples freezer,AT,NA,NA,NA,NA,100,100,89,91,134,134,179,187,241,253,103,103,141,145,93,103,129,143,189,191,232,238,89,91,147,158,113,115,172,174,229,229,143,143,158,160,90,90,142,146,190,194,252,252,177,177,146,152,160,160,81,83,124,132,183,183,142,142,260,262,146,150,125,125,155,155,91,92,150,150,198,198,112,112,170,172,89,89,161,161,89,89,114,116,167,167,228,228,128,130,92,102,95,101,181,191,205,205,158,158,149,151
,99,2023,ETH,Wood Bison,Fecal swab,10 GP2,NA,NA,NA,AU*,NA,NA,NA,NA,100,100,89,91,136,138,179,187,253,253,103,103,135,141,97,97,129,129,191,191,238,238,87,89,147,158,115,115,172,174,227,229,143,143,156,160,90,102,127,138,188,190,252,252,177,177,152,152,154,156,83,83,124,124,175,183,142,142,260,262,146,150,129,129,155,155,91,94,150,150,180,180,110,112,172,176,83,95,165,173,85,89,116,116,167,167,224,228,128,130,102,104,95,103,181,181,205,205,142,142,149,151
TRUE,100,2023,ETH,Wood Bison,Fecal swab,16 GP1,NA,NA,NA,AU*,NA,NA,NA,NA,100,100,89,91,136,138,179,187,253,253,103,103,135,141,97,97,129,129,191,191,238,238,87,89,147,158,115,115,172,174,227,229,143,143,156,160,90,102,127,138,188,190,252,252,177,177,152,152,154,156,83,83,124,124,175,183,142,142,260,262,146,150,129,129,155,155,91,94,150,150,180,180,110,112,172,176,83,95,165,173,85,89,114,116,167,167,224,228,128,130,102,104,95,103,181,181,205,205,142,142,149,151
TRUE,101,2023,ETH,Wood Bison,Fecal swab,14 GP1,NA,NA,NA,AV**,NA,NA,NA,NA,100,100,89,89,136,138,179,187,253,253,103,103,141,147,97,103,129,129,189,191,232,232,87,89,158,158,115,115,174,174,229,229,143,143,156,156,90,90,138,142,194,194,246,252,177,177,152,152,144,154,81,83,124,132,183,183,142,148,260,262,150,150,125,129,155,159,91,92,150,150,180,184,106,112,170,176,89,89,161,165,87,89,116,118,161,167,228,238,130,132,102,102,95,101,177,191,205,207,142,168,149,151
,102,2023,ETH,Wood Bison,Fecal swab,3 GP1,NA,NA,NA,AV**,NA,NA,NA,NA,98,98,89,89,136,138,179,187,253,253,103,103,141,147,97,103,129,129,189,191,232,232,87,89,158,158,115,115,174,174,229,229,143,143,156,156,90,90,138,142,194,194,246,252,177,177,152,152,144,154,81,83,124,132,183,183,142,148,260,262,150,150,125,129,155,159,92,92,150,150,180,184,106,112,170,176,89,89,161,165,87,89,NA,NA,161,167,228,238,130,132,102,102,95,101,177,191,207,207,142,168,149,151
TRUE,103,2023,ETH,Wood Bison,Fecal swab,23 GP2,NA,NA,NA,AW***,NA,NA,NA,NA,100,100,91,91,136,136,187,187,253,253,103,103,135,141,97,103,129,143,189,191,238,238,87,89,158,162,115,115,172,172,227,233,143,143,158,160,90,90,127,142,188,190,252,252,167,177,146,146,144,144,81,83,124,126,183,183,142,142,262,262,150,150,123,125,155,155,91,92,150,150,180,196,110,112,170,174,89,89,161,169,85,89,116,118,167,167,228,228,130,132,102,102,101,101,181,181,207,215,144,158,153,153
,104,2023,ETH,Wood Bison,Fecal swab,24 GP2,NA,NA,NA,AW***,NA,NA,NA,NA,98,98,91,91,136,136,187,187,253,253,101,103,135,141,97,103,129,143,189,191,238,238,87,89,158,162,115,115,172,172,227,233,143,143,158,160,90,90,127,142,188,190,252,252,167,177,146,146,144,144,81,83,124,126,183,183,142,142,262,262,150,150,125,125,155,155,91,92,150,150,180,196,110,112,170,174,89,89,161,169,85,89,NA,NA,167,167,228,228,130,130,102,102,101,101,181,181,207,215,144,158,153,153
TRUE,105,2023,ETH,Wood Bison,Biopsy,5,2022,2022,Bison_ Samples_BC_2June2022,AX****,NA,NA,NA,NA,100,100,89,89,136,136,187,187,253,271,103,103,135,147,93,103,129,143,191,191,232,238,87,89,147,147,108,115,174,174,227,229,143,143,156,158,90,90,140,142,188,194,246,252,167,177,152,152,144,152,83,83,124,124,175,175,138,148,260,262,150,150,125,129,155,159,91,94,150,150,198,198,106,112,166,166,89,89,165,169,81,89,116,118,167,167,228,228,130,132,102,104,95,99,181,181,207,211,142,158,145,151
,106,2023,ETH,Wood Bison,Fecal swab,25 GP2,NA,NA,NA,AX****,NA,NA,NA,NA,96,96,89,89,136,136,187,187,253,271,103,104,135,147,93,103,129,143,191,191,232,238,89,89,147,147,108,115,174,174,227,227,143,143,156,158,90,90,140,142,188,194,246,252,167,177,152,152,144,152,83,83,124,124,175,175,138,148,260,262,150,150,125,129,155,159,91,94,150,150,198,198,106,112,166,166,89,89,165,169,89,89,NA,NA,167,167,228,228,130,132,102,104,95,99,181,181,207,211,142,158,NA,NA
TRUE,107,2023,ETH,Wood Bison,Fecal (Pre-Swabbed),51GP3,NA,NA,NA,AY**,NA,NA,NA,NA,100,100,89,91,134,138,181,187,253,253,103,103,135,141,91,93,129,149,189,191,232,238,87,87,147,158,108,115,172,174,229,233,143,143,158,158,90,90,142,148,194,194,252,252,177,177,146,152,154,154,81,83,124,124,165,183,142,142,262,262,150,150,123,129,155,155,91,91,150,150,180,198,110,112,166,172,85,85,165,169,81,89,116,118,167,167,228,238,130,132,102,102,95,103,177,181,205,207,144,158,145,151
,108,2023,ETH,Wood Bison,Fecal (Pre-Swabbed),59GP3,NA,NA,NA,AY**,NA,NA,NA,NA,98,100,89,91,134,138,181,187,253,253,103,103,135,141,91,93,129,149,191,191,232,238,87,87,147,158,108,115,172,174,229,233,143,143,158,158,90,90,142,148,194,194,252,252,177,177,146,152,154,154,81,83,124,124,165,183,142,142,262,262,150,150,123,129,155,155,91,91,150,150,180,198,110,112,166,172,85,89,165,169,81,89,116,118,167,167,228,238,130,132,102,102,95,103,177,181,205,207,144,158,145,151
TRUE,109,2023,ETH,Wood Bison,Fecal swab,13 GP1,NA,NA,NA,AZ*,NA,NA,NA,NA,100,100,89,93,134,134,179,187,253,253,103,103,141,147,93,97,129,143,191,191,232,238,87,87,158,158,113,115,172,174,229,229,143,143,158,158,90,90,127,140,188,194,246,252,173,177,152,166,160,160,77,81,124,126,175,183,142,148,260,262,150,150,125,129,155,155,92,92,150,150,184,198,110,112,166,172,89,89,161,165,85,91,116,118,167,171,228,238,130,130,98,102,95,103,181,181,205,207,144,168,151,151
,110,2023,ETH,Wood Bison,Fecal (Pre-Swabbed),7GP1,NA,NA,NA,AZ*,NA,NA,NA,NA,100,100,89,93,134,134,179,187,253,253,103,103,141,147,93,97,129,143,191,191,232,238,87,87,158,158,113,115,172,174,229,229,143,143,158,158,90,90,127,140,188,194,246,252,173,177,152,166,160,160,77,81,124,126,175,183,142,148,260,262,150,150,125,129,155,155,92,92,150,150,184,198,110,112,166,172,89,89,161,165,85,91,116,118,167,167,228,238,130,130,98,102,95,103,181,181,205,207,144,168,151,151
TRUE,111,2023,ETH,Wood Bison,Fecal swab,17 GP1,NA,NA,NA,BA***,NA,NA,NA,NA,100,100,89,91,136,136,179,187,253,253,103,103,135,141,97,103,129,129,189,191,232,238,87,91,147,158,113,115,172,174,227,229,143,143,158,158,90,102,142,146,190,194,246,252,177,177,146,152,144,160,81,83,124,132,165,183,142,142,260,262,140,150,125,125,155,155,91,92,150,150,184,198,110,112,166,170,85,89,161,161,89,89,114,116,167,167,224,238,130,132,92,98,95,103,177,181,207,211,144,158,151,151
,112,2023,ETH,Wood Bison,Fecal (Pre-Swabbed),9GP1,NA,NA,NA,BA***,NA,NA,NA,NA,98,98,89,91,136,136,179,187,253,253,103,103,135,141,97,103,129,129,189,191,232,238,87,91,147,158,113,115,172,174,227,229,143,143,158,158,90,102,142,146,190,194,246,252,177,177,146,152,144,160,81,83,124,132,165,183,142,142,260,262,140,150,125,125,155,155,92,92,150,150,184,198,110,112,166,170,89,89,161,161,83,89,NA,NA,167,167,224,238,130,132,92,98,95,103,177,181,207,211,144,158,151,151
TRUE,113,2023,ETH,Wood Bison,Fecal swab,19 GP2,NA,NA,NA,BB*,NA,NA,NA,NA,100,100,91,91,136,136,179,187,253,253,103,103,135,145,97,103,129,143,189,191,232,238,89,91,158,162,113,115,172,174,227,229,143,143,158,158,90,90,142,142,188,194,246,252,167,177,146,146,144,154,83,83,124,124,183,183,142,142,260,262,150,150,125,129,155,155,91,92,150,150,180,196,110,112,166,170,89,89,169,173,85,89,116,118,167,167,228,228,130,130,102,102,101,101,181,181,205,215,158,164,151,153
,114,2023,ETH,Wood Bison,Fecal (Pre-Swabbed),31GP3,NA,NA,NA,BB*,NA,NA,NA,NA,100,100,91,91,136,136,179,187,253,253,103,103,135,145,97,103,129,143,189,191,232,238,89,91,158,162,113,115,172,174,227,229,143,143,158,158,90,90,142,142,188,194,246,252,167,177,146,146,144,154,83,83,124,124,183,183,142,142,260,262,150,150,125,129,155,155,91,92,150,150,180,196,110,112,166,170,89,89,169,173,85,89,116,118,167,167,228,228,130,130,102,102,101,101,181,181,205,215,158,164,151,153
,115,2023,ETH,Wood Bison,Fecal (Pre-Swabbed),46GP3,NA,NA,NA,BC*,NA,NA,NA,NA,100,100,91,91,136,138,187,187,253,253,103,103,135,135,97,103,143,143,191,191,232,238,87,87,162,162,108,113,174,174,227,229,143,143,158,158,90,90,127,142,190,194,252,252,167,177,146,146,160,160,83,83,124,124,183,183,142,148,260,262,140,150,125,125,155,155,91,92,150,150,180,184,112,112,166,166,83,89,161,165,89,89,116,116,167,167,228,228,130,130,92,104,101,103,177,181,211,215,164,164,151,151
TRUE,116,2023,ETH,Wood Bison,Fecal (Pre-Swabbed),48GP3,NA,NA,NA,BC*,NA,NA,NA,NA,100,100,91,91,136,138,187,187,253,253,103,103,135,135,97,103,143,143,191,191,232,238,87,87,162,162,108,113,174,174,227,229,143,143,158,158,90,90,127,142,190,194,252,252,167,177,146,146,160,160,83,83,124,124,183,183,142,148,260,262,140,150,125,125,155,155,91,92,150,150,180,184,112,112,166,166,83,89,161,165,89,89,116,116,167,167,228,228,130,130,92,104,101,103,177,181,211,215,164,166,151,151
,117,2023,ETH,Wood Bison,Fecal (Pre-Swabbed),56GP3,NA,NA,NA,BD**,NA,NA,NA,NA,100,100,89,89,136,136,179,187,253,253,103,103,135,145,89,103,129,149,189,189,238,238,87,87,158,162,115,115,174,174,227,231,143,143,158,158,90,90,128,142,190,194,246,252,167,173,146,146,154,154,81,83,124,124,183,183,138,142,260,262,146,150,125,129,155,155,92,92,150,150,180,184,112,116,166,170,89,89,161,161,85,87,116,118,167,167,228,228,130,130,92,102,101,103,181,181,205,207,144,158,149,153
TRUE,118,2023,ETH,Wood Bison,Fecal (Pre-Swabbed),60GP3,NA,NA,NA,BD***,NA,NA,NA,NA,100,100,89,89,136,136,179,187,253,253,101,103,135,145,89,103,129,149,189,189,238,252,87,87,158,162,115,115,174,174,227,231,143,143,158,158,90,90,128,142,190,194,246,252,167,173,146,146,152,154,81,83,124,124,183,183,138,142,260,262,146,150,125,129,155,155,92,92,150,150,180,184,112,112,166,170,89,89,161,161,85,85,116,118,167,167,228,228,130,130,92,102,101,103,181,181,205,207,144,158,149,153
,119,2023,ETH,Wood Bison,Fecal (Pre-Swabbed),61GP3,NA,NA,NA,BD***,NA,NA,NA,NA,100,100,89,89,136,136,179,187,253,253,103,103,135,145,89,103,129,149,189,189,238,252,87,87,162,162,108,115,174,174,227,231,143,143,158,158,90,90,128,142,190,194,246,246,167,173,146,146,154,154,81,83,124,124,183,183,138,142,260,262,146,150,125,129,155,155,92,92,150,150,180,184,112,112,166,170,89,89,161,161,85,87,116,118,167,167,228,228,130,130,92,102,101,103,181,181,205,207,144,158,149,153
TRUE,120,2023,ETH,Wood Bison,Biopsy,20,2022,2022,Bison_ Samples_BC_2June2022,BE,NA,NA,NA,NA,100,100,91,91,136,136,181,187,241,241,103,103,147,147,93,103,143,143,191,191,232,238,87,87,147,158,108,108,172,174,227,231,143,143,158,158,90,102,140,140,194,194,246,246,173,177,152,152,160,160,81,81,124,124,165,183,148,148,262,262,148,150,129,129,155,155,91,91,148,150,196,198,112,112,166,176,85,89,161,161,87,89,118,118,167,167,228,228,130,132,92,102,101,103,181,181,205,205,142,142,151,151
,121,2023,ETH,Wood Bison,Fecal (Pre-Swabbed),83GP5,NA,NA,NA,BE,NA,NA,NA,NA,100,100,91,91,136,136,181,187,241,241,103,103,147,147,93,103,143,143,191,191,232,238,87,87,147,158,108,108,172,174,227,231,143,143,158,158,90,102,140,140,194,194,246,246,173,177,152,152,160,160,81,81,124,124,165,183,148,148,262,262,148,150,129,129,155,155,91,91,148,150,196,198,112,112,166,176,85,89,161,161,87,89,118,118,167,167,228,228,130,132,92,102,101,103,181,181,205,205,142,142,151,151
,122,2023,ETH,Wood Bison,Fecal (Pre-Swabbed),70GP5,NA,NA,NA,BE**,NA,NA,NA,NA,100,100,91,91,136,136,181,187,241,241,103,103,147,147,93,103,143,143,191,191,232,238,87,87,147,158,108,108,174,174,231,231,143,143,158,158,90,102,140,140,194,194,246,246,173,177,152,152,160,160,81,81,124,124,165,183,148,148,262,262,148,150,129,129,155,155,91,91,148,150,196,198,112,112,166,176,85,89,161,161,87,89,118,118,167,167,228,228,130,132,92,102,101,103,181,181,205,205,142,142,151,151
TRUE,123,2023,ETH,Wood Bison,Biopsy,21,2022,2022,Bison_ Samples_BC_2June2022,BF****,NA,NA,NA,NA,100,100,89,91,136,136,179,179,253,253,103,103,141,145,103,103,129,141,189,191,238,238,87,89,158,162,108,115,172,174,225,229,143,143,158,160,90,102,140,140,190,190,252,252,167,177,152,154,144,144,77,83,132,132,183,183,142,148,262,262,150,150,125,129,155,159,91,92,150,150,180,196,112,112,172,176,89,89,165,173,89,89,116,118,167,167,228,228,130,132,98,102,101,103,177,181,205,207,144,168,149,153
,124,2023,ETH,Wood Bison,Fecal (Pre-Swabbed),80GP5,NA,NA,NA,BF****,NA,NA,NA,NA,100,100,91,91,136,136,179,179,253,253,103,103,141,145,103,103,129,141,191,191,238,238,87,89,158,162,108,115,172,174,225,229,143,143,160,160,90,102,140,140,190,190,252,252,167,177,152,154,144,144,77,83,132,132,183,183,142,148,262,262,150,150,125,129,155,159,91,92,150,150,180,196,112,112,172,176,89,89,165,173,89,89,116,118,167,167,228,228,130,132,98,102,101,103,177,181,205,207,144,168,149,153
,125,2023,ETH,Wood Bison,Fecal (Pre-Swabbed),64/84GP5,NA,NA,NA,BG****,NA,NA,NA,NA,98,98,89,91,136,136,179,187,253,253,103,103,141,145,103,103,129,143,189,189,238,238,87,87,158,160,115,115,174,174,229,233,143,143,158,160,90,90,140,140,188,194,246,252,177,177,164,166,144,154,83,83,124,124,183,183,142,142,260,260,146,146,125,129,155,159,92,92,150,150,184,184,112,112,170,176,85,89,NA,NA,89,89,116,116,167,167,228,228,130,130,102,102,103,103,181,181,205,205,142,158,151,153
TRUE,126,2023,ETH,Wood Bison,Fecal (Pre-Swabbed),73GP5,NA,NA,NA,BG****,NA,NA,NA,NA,100,100,89,91,136,136,179,187,253,253,103,103,141,145,103,103,129,143,189,189,238,238,87,87,158,160,113,115,174,176,229,233,143,143,158,160,90,90,138,140,188,194,246,252,177,177,164,166,144,154,83,83,124,124,183,183,142,142,260,260,146,146,125,129,155,159,92,92,150,150,184,198,112,112,170,176,85,89,161,169,89,89,116,116,167,167,228,228,130,130,102,102,103,103,181,181,205,205,142,158,151,153
,127,2023,ETH,Wood Bison,Fecal swab,1 GP1,NA,NA,NA,BH*,NA,NA,NA,NA,100,100,89,91,136,138,179,181,253,269,103,103,141,141,97,97,129,129,189,191,238,238,87,89,158,158,113,115,174,174,229,229,143,143,156,156,90,90,127,142,190,194,252,252,167,177,146,152,144,156,77,83,124,132,175,183,142,148,260,262,150,150,125,129,155,155,91,94,150,150,180,180,110,110,166,170,85,89,161,173,91,91,116,116,167,167,228,228,130,130,98,104,101,101,181,181,211,211,158,168,151,151
TRUE,128,2025,ETH,Wood Bison,Tissue,BISO25-005,13-Mar-25,2025,NA,BH*,NA,NA,NA,NA,98,100,89,91,136,138,179,181,253,269,103,103,141,141,97,97,129,129,189,191,238,238,87,89,158,158,113,115,174,174,229,229,143,143,156,156,90,90,128,142,190,194,252,252,167,177,146,152,144,156,77,83,124,132,175,183,142,148,260,262,150,150,125,129,155,155,91,94,150,150,180,180,110,110,166,170,85,89,161,173,81,91,116,116,167,167,228,228,130,130,98,104,101,101,181,181,211,211,158,168,151,151
TRUE,129,2023,ETH,Wood Bison,Biopsy,7,2022,2022,Bison_ Samples_BC_2June2024,BI**,NA,NA,NA,NA,100,100,93,93,134,136,187,187,253,269,103,103,141,147,93,103,129,129,189,195,232,238,87,87,147,158,108,115,172,174,227,229,143,143,156,158,90,90,142,146,190,190,250,252,167,177,152,154,154,154,83,83,124,132,175,183,138,142,260,262,140,150,125,129,153,155,92,92,150,150,180,180,112,112,170,174,89,89,161,165,89,89,116,118,167,167,228,228,132,132,102,102,101,103,177,181,207,215,166,168,153,153
,130,2025,ETH,Wood Bison,Tissue,BISO25-009,13-Mar-25,2025,NA,BI**,NA,NA,NA,NA,96,100,93,93,134,136,187,187,253,269,103,103,141,147,93,103,129,129,189,195,232,238,87,87,147,158,108,115,172,174,227,229,143,143,156,158,90,90,142,146,190,190,250,252,167,177,152,154,154,154,83,83,124,132,175,183,138,142,260,262,140,150,125,129,153,155,92,92,150,150,180,180,112,112,170,174,89,89,161,165,89,89,116,116,167,167,228,228,132,132,102,102,101,103,177,181,207,215,166,166,153,153
,131,2023,ETH,Wood Bison,Fecal (Pre-Swabbed),72GP5,NA,NA,NA,BJ**,NA,NA,NA,NA,100,100,91,91,136,138,179,187,241,253,103,103,147,147,97,103,129,143,189,191,232,252,87,87,147,162,113,113,174,174,229,229,143,143,158,160,90,102,140,142,190,194,252,252,167,177,164,166,160,160,81,83,124,124,165,165,142,148,260,260,150,150,125,129,155,155,91,91,150,150,180,184,112,112,176,176,85,89,161,173,89,89,116,118,167,167,224,238,130,130,92,92,99,101,177,181,205,211,158,166,147,151
TRUE,132,2025,ETH,Wood Bison,Tissue,BISO25-006,13-Mar-25,2025,NA,BJ**,NA,NA,NA,NA,98,100,91,91,136,138,179,187,241,253,103,103,147,147,97,103,129,143,189,191,232,252,87,87,147,162,113,113,174,174,229,229,143,143,158,160,90,90,140,142,190,194,252,252,167,177,164,166,160,160,81,83,124,124,165,165,142,148,260,260,150,150,125,129,155,155,91,91,150,150,180,184,112,112,176,176,85,89,161,173,81,89,116,118,167,167,224,238,130,130,92,92,99,101,177,181,205,211,158,166,147,151
TRUE,133,2023,HZ,Wood Bison,Fecal swab,150_510,2020,2020,Bison samples freezer,BK*,NA,NA,NA,NA,88,88,89,91,138,140,187,187,253,269,103,103,135,141,93,97,129,141,189,191,232,238,87,91,158,161,113,115,172,174,231,233,143,143,158,158,90,90,140,146,190,194,252,252,173,177,152,152,144,160,81,83,132,132,183,183,138,138,262,262,150,150,125,129,157,159,91,91,150,150,180,196,106,112,166,172,89,89,161,173,89,89,NA,NA,161,167,NA,NA,NA,NA,NA,NA,NA,NA,191,193,205,211,144,166,NA,NA
,134,2023,HZ,Wood Bison,Hair,150_510,2020,2020,Bison samples freezer,BK*,NA,NA,NA,NA,100,100,89,91,138,140,187,187,253,269,103,103,135,141,93,97,129,141,189,191,232,238,87,91,158,161,113,115,172,174,231,233,143,143,158,158,90,90,140,146,190,194,252,252,173,177,152,152,144,160,81,83,132,132,183,183,138,138,262,262,150,150,125,129,157,159,91,91,150,150,180,196,106,112,166,172,89,89,161,173,89,89,116,118,161,167,228,236,130,130,102,102,95,101,191,191,205,211,144,166,145,151
TRUE,136,2023,HZ,Wood Bison,Hair,150_400,2020,2020,Bison samples freezer,BL,NA,NA,NA,NA,100,100,89,89,136,140,187,191,249,249,103,103,135,141,93,97,129,129,191,195,232,232,87,91,158,158,115,115,172,176,227,229,143,143,158,160,90,102,142,146,188,190,250,254,173,177,146,158,154,154,81,81,124,124,165,183,142,142,260,260,150,150,125,129,153,155,91,91,150,150,180,184,110,110,166,172,89,89,161,165,89,91,114,118,161,167,238,238,114,130,102,102,95,101,181,181,207,207,166,168,145,149
,135,2023,HZ,Wood Bison,Fecal swab,150_400,2020,2020,Bison samples freezer,BL,NA,NA,NA,NA,98,98,89,89,136,140,187,191,249,249,103,103,135,141,93,97,129,129,191,195,232,232,87,91,158,158,115,115,172,176,227,229,143,143,158,160,90,102,142,146,188,190,250,254,173,177,146,158,154,154,81,81,124,124,165,183,142,142,260,260,150,150,125,129,153,155,91,91,150,150,180,184,110,110,166,172,89,89,161,165,89,91,NA,NA,161,167,238,238,114,130,102,102,95,101,181,181,207,207,166,168,145,149
TRUE,138,2023,HZ,Wood Bison,Hair,150_490,2020,2020,Bison samples freezer,BM,NA,NA,NA,NA,100,100,89,89,136,138,187,187,249,253,103,103,135,145,93,103,129,129,189,191,238,238,87,87,158,158,113,115,172,174,229,231,143,143,156,158,90,90,127,146,190,194,252,252,173,177,152,152,144,154,81,83,124,124,175,183,142,142,262,262,150,150,125,129,155,159,91,94,148,150,180,196,106,112,172,172,89,89,161,169,87,89,116,116,167,167,228,228,130,130,92,96,95,103,181,191,205,211,158,168,145,153
,137,2023,HZ,Wood Bison,Fecal swab,150_490,2020,2020,Bison samples freezer,BM,NA,NA,NA,NA,98,98,89,89,136,138,187,187,249,253,103,103,135,145,93,103,129,129,189,191,238,238,87,87,158,158,113,115,172,174,229,231,143,143,156,158,90,90,127,146,190,194,252,252,173,177,152,152,144,154,81,83,124,124,175,183,142,142,262,262,150,150,125,129,155,159,91,94,148,150,180,196,106,112,172,172,89,89,161,169,87,89,NA,NA,167,167,228,228,130,130,92,96,95,103,181,191,205,211,158,168,145,153
TRUE,140,2023,HZ,Wood Bison,Hair,150_610,2020,2020,Bison samples freezer,BN,NA,NA,NA,NA,100,100,89,89,136,138,179,187,253,253,103,103,145,145,85,97,129,141,189,195,232,238,87,87,158,160,108,113,172,174,229,233,143,143,160,160,90,90,127,142,188,190,252,254,167,177,152,152,152,160,81,83,124,132,183,183,142,142,260,260,150,150,129,129,155,157,91,92,148,150,180,180,112,112,172,172,89,89,161,165,87,91,116,116,167,167,228,228,128,128,102,102,95,103,181,181,211,215,158,166,145,145
,139,2023,HZ,Wood Bison,Fecal swab,150_610,2020,2020,Bison samples freezer,BN,NA,NA,NA,NA,98,98,89,89,136,138,179,187,253,253,103,103,145,145,85,97,129,141,189,195,232,238,87,87,158,160,108,113,172,174,229,233,143,143,160,160,90,90,127,142,188,190,252,254,167,177,152,152,152,160,81,83,124,132,183,183,142,142,260,260,150,150,129,129,155,157,91,92,148,150,180,180,112,112,172,172,89,89,161,165,87,91,NA,NA,167,167,228,228,128,128,102,102,95,103,181,181,211,215,158,166,145,145
TRUE,141,2023,HZ,Wood Bison,Hair,150_620,2020,2020,Bison samples freezer,BO,NA,NA,NA,NA,100,100,89,91,138,138,187,191,253,253,103,104,145,145,89,97,129,149,189,195,232,238,87,91,158,158,113,115,172,172,227,229,143,143,156,158,90,90,142,142,194,194,248,252,173,173,152,152,144,154,81,83,124,132,165,183,138,148,262,262,146,150,129,129,155,155,91,94,148,150,180,180,110,110,172,172,85,89,161,161,81,89,116,118,167,167,228,238,130,130,92,98,101,103,181,181,201,205,144,168,145,145
,142,2023,HZ,Wood Bison,Fecal swab,150_620,2020,2020,Bison samples freezer,BO,NA,NA,NA,NA,100,100,89,91,138,138,187,191,253,253,103,104,145,145,89,97,129,149,189,195,232,238,87,91,158,158,113,115,172,172,227,229,143,143,156,158,90,90,142,142,194,194,248,252,173,173,152,152,144,154,81,83,124,132,165,183,138,148,262,262,146,150,129,129,155,155,91,94,148,150,180,180,110,110,172,172,85,89,161,161,81,89,116,118,167,167,228,238,130,130,92,98,101,103,181,181,201,205,144,168,145,145
TRUE,144,2023,HZ,Wood Bison,Hair,150_790,2020,2020,Bison samples freezer,BP,NA,NA,NA,NA,100,100,89,91,136,138,187,191,253,269,103,103,141,141,97,97,129,141,191,191,232,238,87,87,158,162,113,113,172,176,227,233,143,143,156,160,90,90,140,142,190,194,252,252,167,177,152,158,154,160,81,83,126,132,165,183,138,142,262,262,150,150,125,129,155,159,91,91,148,150,180,196,110,110,172,172,89,89,161,173,85,89,116,116,167,167,224,236,130,132,98,102,101,101,181,191,205,211,144,166,145,153
,143,2023,HZ,Wood Bison,Fecal swab,150_790,2020,2020,Bison samples freezer,BP,NA,NA,NA,NA,100,100,89,91,136,138,187,191,253,269,103,103,141,141,97,97,129,141,191,191,232,238,87,87,158,162,113,113,172,176,227,233,143,143,156,160,90,90,140,142,190,194,252,252,167,177,152,158,154,160,81,83,126,132,165,183,138,142,262,262,150,150,125,129,155,159,91,91,148,150,180,196,110,110,172,172,89,89,161,173,85,89,116,116,167,167,224,236,130,132,98,102,101,101,181,191,205,211,144,166,145,153
TRUE,146,2023,HZ,Wood Bison,Hair,151_060,2020,2020,Bison samples freezer,BQ,NA,NA,NA,NA,100,100,89,89,136,136,181,187,253,253,103,103,141,141,93,103,129,143,189,195,232,232,87,87,158,162,113,113,172,178,229,231,143,143,156,158,90,90,142,142,190,194,252,252,167,177,146,154,154,154,83,83,124,132,183,183,142,142,262,262,148,150,125,129,155,159,95,95,148,150,180,180,112,112,172,176,89,89,161,161,87,89,116,118,161,161,228,228,130,132,98,104,101,101,181,181,205,211,144,144,151,153
,145,2023,HZ,Wood Bison,Fecal swab,151_060,2020,2020,Bison samples freezer,BQ,NA,NA,NA,NA,98,98,89,89,136,136,181,187,253,253,103,103,141,141,93,103,129,143,189,195,232,232,87,87,158,162,113,113,172,178,229,231,143,143,156,158,90,90,142,142,190,194,252,252,167,177,146,154,154,154,83,83,124,132,183,183,142,142,262,262,148,150,125,129,155,159,95,95,148,150,180,180,112,112,172,176,89,89,161,161,87,89,NA,NA,161,161,228,228,130,132,98,104,101,101,181,181,205,211,144,144,151,153
TRUE,148,2023,HZ,Wood Bison,Hair,151_220,2020,2020,Bison samples freezer,BR,NA,NA,NA,NA,100,100,93,93,136,140,179,187,249,249,103,103,141,145,93,103,141,149,189,191,232,238,87,87,158,162,108,115,172,180,227,229,143,143,158,160,90,102,138,142,190,190,250,252,167,173,152,166,154,154,81,83,124,132,165,183,142,142,260,260,146,150,125,125,157,159,91,94,148,150,180,180,112,112,166,172,85,89,161,161,87,89,116,116,161,167,228,228,114,130,104,104,101,101,177,181,211,215,158,166,145,153
,147,2023,HZ,Wood Bison,Fecal swab,151_220,2020,2020,Bison samples freezer,BR,NA,NA,NA,NA,98,98,93,93,136,140,179,187,249,249,103,103,141,145,93,103,141,149,189,191,232,238,87,87,158,162,108,115,172,180,227,229,143,143,158,160,90,102,138,142,190,190,250,252,167,173,152,166,154,154,81,83,124,132,165,183,142,142,260,260,146,150,125,125,157,159,91,94,148,150,180,180,112,112,166,172,85,89,161,161,87,89,NA,NA,161,167,228,228,114,130,104,104,101,101,177,181,211,215,158,166,145,153
,149,2023,HZ,Wood Bison,Hair,151_390,2020,2020,Bison samples freezer,BS,NA,NA,NA,NA,100,100,89,91,138,138,187,187,253,269,103,103,141,145,93,93,129,143,195,195,232,232,87,87,158,158,108,115,172,172,229,233,143,143,156,158,90,90,142,146,194,194,252,254,167,177,152,152,152,160,81,83,124,132,165,165,142,142,262,262,150,150,125,129,153,155,91,92,150,150,180,180,112,112,166,172,89,89,165,169,81,87,116,118,167,167,238,238,130,130,102,104,95,95,177,181,211,211,168,168,153,153
TRUE,150,2025,HZ,Wood Bison,Tissue,BISO25-012,14-Mar-25,2025,NA,BS,NA,NA,NA,NA,98,100,89,91,138,138,187,187,253,269,103,103,141,145,93,93,129,143,195,195,232,232,87,87,158,158,108,115,172,172,229,233,143,143,156,158,90,90,142,146,194,194,252,254,167,177,152,152,152,160,81,83,124,132,165,165,142,142,262,262,150,150,125,129,153,155,91,92,150,150,180,180,112,112,166,172,89,89,165,169,81,87,116,118,167,167,238,238,130,130,102,104,95,95,177,181,211,211,168,168,153,153
,151,2023,HZ,Wood Bison,Hair,150_000,2020,2020,Bison samples freezer,BT*,NA,NA,NA,NA,100,100,89,93,136,138,187,187,249,253,103,103,145,145,93,93,129,149,189,189,238,238,87,89,158,158,113,115,172,172,227,227,143,143,156,158,90,90,128,146,188,194,248,252,167,173,152,152,160,160,81,83,124,124,183,183,138,142,260,262,146,150,125,129,155,155,91,92,150,150,180,180,110,112,166,172,85,89,161,165,89,89,116,116,167,167,228,238,130,132,96,102,95,95,181,181,211,211,144,166,149,151
TRUE,152,2025,HZ,Wood Bison,Tissue,BISO25-021,14-Mar-25,2025,NA,BT*,NA,NA,NA,NA,98,100,89,93,136,138,187,187,249,253,103,103,145,145,93,103,129,149,189,189,238,238,87,89,158,158,113,115,172,172,227,227,143,143,156,158,90,90,128,146,188,194,248,252,167,173,152,152,160,160,81,83,124,124,183,183,138,142,260,262,146,150,125,129,155,155,91,92,150,150,180,180,110,112,166,172,85,89,161,165,89,89,116,116,167,167,228,238,130,132,96,102,95,95,181,181,211,211,144,166,149,151
,164,2024,NAH,Wood Bison,Fecal,Nahanni-2,2021,2021,BisonScat_NahanniNPR_Metadata_20210318,BY,NA,NA,NA,NA,98,98,89,91,136,136,179,187,253,253,103,103,135,135,103,103,129,149,189,191,232,252,87,89,160,162,115,115,172,174,229,229,143,143,156,158,90,90,127,146,188,194,252,252,173,177,146,152,154,154,77,77,122,132,165,165,138,142,260,262,146,150,123,125,157,159,95,95,146,150,180,180,112,112,170,170,89,89,161,161,89,89,116,116,167,167,228,238,130,130,98,102,101,101,181,181,205,211,NA,NA,151,153
TRUE,165,2024,NAH,Wood Bison,Fecal,Nahanni-3,2021,2021,BisonScat_NahanniNPR_Metadata_20210319,BY,NA,NA,NA,NA,100,100,89,91,136,136,179,187,253,253,103,103,135,135,103,103,129,149,189,191,232,252,87,89,160,162,115,115,172,174,229,229,143,143,156,158,90,90,127,146,188,194,252,252,173,177,146,152,154,154,77,77,122,132,165,165,138,142,260,262,146,150,123,125,157,159,95,95,146,150,180,180,112,112,170,170,89,89,161,161,89,89,116,116,167,167,228,238,130,130,98,102,101,101,181,181,205,211,144,168,151,153
,166,2024,NAH,Wood Bison,Fecal,Nahanni-4,2021,2021,BisonScat_NahanniNPR_Metadata_20210320,BY,NA,NA,NA,NA,100,100,89,91,136,136,179,187,253,253,103,103,135,135,103,103,129,149,189,191,232,252,87,89,160,162,115,115,172,174,229,229,143,143,156,158,90,90,127,146,188,194,252,252,173,177,146,152,154,154,77,77,122,132,165,165,138,142,260,262,146,150,123,125,157,159,95,95,146,150,180,180,112,112,170,170,89,89,161,161,89,89,116,116,167,167,228,238,130,130,98,102,101,101,181,181,205,211,144,168,151,153
TRUE,167,2024,NAH,Wood Bison,Fecal,Nahanni-7,2021,2021,BisonScat_NahanniNPR_Metadata_20210321,BZ,NA,NA,NA,NA,100,100,89,89,134,136,179,187,253,253,103,103,135,141,93,103,143,143,189,195,238,252,87,87,160,162,115,115,172,176,229,229,143,143,158,158,90,102,127,127,194,194,252,252,173,177,146,152,154,154,77,83,124,132,183,183,142,142,260,262,140,150,125,125,155,157,91,95,150,150,180,184,90,106,170,172,89,89,161,161,87,89,116,116,167,167,238,238,130,132,98,102,99,99,181,191,211,211,142,166,149,151
,168,2024,NAH,Wood Bison,Fecal,Nahanni-9,2021,2021,BisonScat_NahanniNPR_Metadata_20210322,BZ,NA,NA,NA,NA,96,96,89,89,134,136,179,187,253,253,103,103,135,141,93,103,143,143,189,195,238,252,87,87,160,162,115,115,NA,NA,229,229,143,143,158,158,90,102,127,127,194,194,252,252,173,177,146,152,NA,NA,77,83,124,132,183,183,142,142,260,262,140,150,125,125,155,157,91,95,150,150,180,184,90,106,170,172,89,89,161,161,87,89,116,116,167,167,238,238,130,132,98,102,99,99,181,191,211,211,142,166,149,151
,169,2024,NAH,Wood Bison,Fecal,Nahanni-5,2021,2021,BisonScat_NahanniNPR_Metadata_20210323,CA*,NA,NA,NA,NA,100,100,89,91,136,136,179,187,253,269,103,103,141,141,93,103,129,143,189,191,232,252,87,89,160,160,115,115,172,172,227,227,143,143,156,158,88,90,127,142,194,194,250,252,173,173,146,152,154,160,77,77,124,124,165,175,142,142,260,262,146,150,125,129,155,159,91,95,146,150,180,194,106,112,172,172,89,89,161,173,81,89,116,116,167,167,228,228,132,132,98,102,95,95,181,181,211,215,144,166,147,149
TRUE,170,2024,NAH,Wood Bison,Fecal,Nahanni-6,2021,2021,BisonScat_NahanniNPR_Metadata_20210324,CA*,NA,NA,NA,NA,100,100,89,91,136,136,179,187,253,269,103,103,141,141,93,103,129,143,189,191,232,252,87,89,160,160,115,115,172,172,227,227,143,143,156,158,88,90,127,142,194,194,250,252,173,173,146,152,154,160,77,77,124,124,165,175,142,142,260,262,146,150,125,129,155,159,91,95,146,150,180,194,106,112,172,172,89,89,161,173,81,89,116,116,167,167,228,228,130,132,98,102,95,95,181,181,211,215,144,166,147,149
,188,2023,RL,Wood Bison,Serum,6345-207459,2018,2018,Bison samples freezer,CJ,NA,NA,NA,NA,100,100,89,91,134,138,185,185,247,269,103,103,141,147,103,103,141,143,191,195,232,238,87,91,160,162,113,115,174,174,225,231,143,143,156,156,90,102,140,150,190,194,250,252,177,177,146,152,144,154,83,83,124,124,181,183,142,142,262,262,146,148,129,129,151,157,95,95,150,150,180,198,106,112,172,174,85,85,161,173,87,91,116,116,167,167,228,236,130,130,102,104,95,101,181,181,205,211,166,166,145,145
TRUE,189,2023,RL,Wood Bison,Biopsy,RL21-04,13-Jan-21,2021,NA,CJ,NA,NA,NA,NA,100,100,89,91,134,138,185,185,247,269,103,103,141,147,103,103,141,143,191,195,232,238,87,91,160,162,113,115,174,174,225,231,143,143,156,156,90,102,140,150,190,194,250,252,177,177,146,152,144,154,83,83,124,124,181,183,142,142,262,262,146,148,129,129,151,157,95,95,150,150,180,198,106,112,172,174,85,85,161,173,87,91,116,116,167,167,228,236,130,130,102,104,95,101,181,181,205,211,166,166,145,145
TRUE,190,2023,RL,Wood Bison,Serum,37497,2019,2019,Bison_samples_received_June21-22_Updated,CK,NA,NA,NA,NA,100,100,89,91,136,136,185,187,247,247,103,103,135,145,103,103,129,129,189,191,254,254,87,91,160,162,108,115,174,174,225,229,143,143,156,158,90,90,146,150,190,190,250,252,173,175,146,162,144,154,83,83,124,132,175,175,142,142,260,262,146,148,123,129,155,155,95,95,148,150,180,180,106,108,170,172,89,89,173,173,87,87,116,116,161,167,228,240,130,130,104,104,95,103,181,181,211,211,142,144,145,149
,191,2023,RL,Wood Bison,Serum,6348-207498,2018,2018,Bison samples freezer,CK,NA,NA,NA,NA,100,100,89,91,136,136,185,187,247,247,103,103,135,145,103,103,129,129,189,191,254,254,87,91,160,162,108,115,174,174,225,229,143,143,156,158,90,90,146,150,190,190,250,252,173,175,146,162,144,154,83,83,124,132,175,175,142,142,260,262,146,148,123,129,155,155,95,95,148,150,180,180,106,108,170,172,89,89,173,173,87,87,116,116,161,167,228,240,130,130,104,104,95,103,181,181,211,211,142,144,145,149
,192,2023,RL,Wood Bison,Serum,37490,2019,2019,Bison_samples_received_June21-22_Updated,CL*,NA,NA,NA,NA,100,100,89,89,134,138,185,191,247,253,103,103,135,147,97,103,129,129,189,189,232,254,89,89,160,160,113,115,172,176,229,231,143,143,156,160,90,90,148,150,188,202,252,252,167,175,152,162,144,156,77,83,124,132,175,175,142,150,256,262,146,146,129,129,155,155,92,92,146,150,180,198,106,112,170,172,83,89,161,161,81,91,116,116,167,167,240,240,118,132,98,102,95,103,181,181,205,207,142,158,145,145
TRUE,193,2023,RL,Wood Bison,Serum,6344-207494,2018,2018,Bison samples freezer,CL*,NA,NA,NA,NA,100,100,89,89,134,138,185,191,247,253,99,103,135,147,97,103,129,129,189,189,232,254,89,89,160,160,113,115,172,176,229,231,143,143,156,160,90,90,148,150,188,202,252,252,167,175,152,162,144,156,77,83,124,132,175,175,142,150,256,262,146,146,129,129,155,155,92,92,146,150,180,198,106,112,170,172,83,89,161,161,81,91,116,116,167,167,240,240,118,132,98,102,95,103,181,181,205,207,142,158,145,145
,194,2023,RL,Wood Bison,DNA,19-Dec,NA,NA,NA,CM**,NA,NA,NA,NA,98,100,89,89,136,136,185,187,241,253,103,103,135,147,93,97,129,143,189,191,232,254,87,89,160,160,113,115,174,174,229,231,133,143,156,158,90,102,127,150,194,194,246,252,163,163,146,158,154,154,83,83,124,132,175,183,142,142,256,260,146,150,125,125,151,155,91,95,150,150,180,180,108,112,170,172,85,89,161,173,81,87,116,116,167,167,236,236,130,132,102,102,95,103,181,181,207,207,158,160,153,153
TRUE,195,2023,RL,Wood Bison,DNA,12-19B,NA,NA,NA,CM**,NA,NA,NA,NA,100,100,89,89,136,136,185,187,241,253,103,103,135,147,93,97,129,143,189,191,232,254,87,89,160,160,113,115,174,174,229,231,133,143,156,158,90,102,127,150,194,194,246,252,163,163,146,158,154,154,83,83,124,132,175,183,142,142,256,260,146,150,125,125,151,155,91,95,150,150,180,180,108,112,170,172,85,89,161,173,81,87,114,116,167,167,236,236,130,132,102,102,95,103,181,181,207,207,158,158,153,153
TRUE,282,2023,WAB,Wood Bison,Hair,150_190,2020,2020,Bison samples freezer,DM,NA,NA,NA,NA,100,100,91,91,136,138,181,187,253,269,103,103,145,145,93,93,127,143,189,195,232,238,87,87,143,160,113,113,172,172,227,233,143,143,156,158,90,100,127,140,194,194,250,252,173,177,150,152,144,154,83,83,124,124,165,179,148,148,262,262,140,140,121,127,153,155,91,92,150,150,180,180,90,90,168,170,85,89,161,161,85,87,116,116,161,161,228,236,114,134,102,102,95,99,181,181,201,211,156,168,145,151
,281,2023,WAB,Wood Bison,Fecal swab,150_190,2020,2020,Bison samples freezer,DM,NA,NA,NA,NA,96,98,91,91,136,138,181,187,253,269,103,103,145,145,93,93,127,143,189,195,232,238,87,87,143,160,113,113,172,172,227,233,143,143,156,158,90,100,127,140,194,194,250,252,173,177,150,152,144,154,83,83,124,124,165,179,148,148,262,262,140,140,121,127,153,155,91,92,150,150,180,180,90,90,168,170,85,89,161,161,85,87,NA,NA,161,161,228,236,114,134,102,102,95,99,181,181,201,211,156,168,145,151
TRUE,284,2023,WAB,Wood Bison,Hair,150_230,2020,2020,Bison samples freezer,DN,NA,NA,NA,NA,98,98,91,99,138,138,187,187,253,269,103,103,135,145,93,97,129,143,189,191,232,254,87,87,160,162,108,113,172,174,227,231,143,145,156,156,90,90,127,140,194,194,246,252,175,177,148,152,144,154,81,83,124,132,179,179,148,148,262,262,140,150,127,129,155,155,91,95,146,146,180,180,106,110,168,170,85,89,173,173,85,91,NA,NA,167,167,236,236,114,118,96,98,99,99,181,181,201,201,156,156,145,145
,283,2023,WAB,Wood Bison,Fecal swab,150_230,2020,2020,Bison samples freezer,DN,NA,NA,NA,NA,96,98,91,99,138,138,187,187,253,269,103,103,135,145,93,97,129,143,189,191,232,254,87,87,160,162,108,113,172,174,227,231,143,145,156,156,90,90,127,140,194,194,246,252,175,177,148,152,144,154,81,83,124,132,179,179,148,148,262,262,140,150,127,129,155,155,91,95,146,146,180,180,106,110,168,170,85,89,173,173,85,91,NA,NA,167,167,236,236,114,118,96,98,99,99,181,181,201,201,156,156,145,145
,285,2025,WAB,Wood Bison,Fecal,Wab24_07,2024,2024,Bison samples freezer,DN,NA,NA,NA,NA,88,88,91,99,138,138,187,187,253,269,103,103,135,145,93,97,129,143,189,191,232,254,NA,NA,NA,NA,NA,NA,172,174,227,231,NA,NA,NA,NA,90,90,127,140,194,194,246,252,175,177,148,152,144,154,81,83,124,132,179,179,148,148,262,262,140,150,127,129,155,155,91,95,146,146,180,180,106,110,168,170,85,89,173,173,85,91,NA,NA,167,167,236,236,114,118,96,98,99,99,181,181,201,201,156,156,145,145
,286,2024,WAB,Wood Bison,Fecal,24Wab_004,2023,2023,Bison_2023_2024_ContractSamples,DO,NA,NA,NA,NA,96,96,91,99,138,138,187,187,253,269,103,103,135,145,91,93,131,143,189,195,254,254,87,87,160,160,113,113,172,172,229,231,143,145,156,156,90,100,127,127,194,194,250,252,167,175,152,166,154,154,83,83,120,124,183,183,142,148,262,262,140,140,125,127,155,157,91,95,146,150,184,184,90,106,168,170,89,91,169,173,87,87,NA,NA,161,167,228,238,114,134,98,102,99,103,181,191,205,205,156,168,NA,NA
TRUE,287,2024,WAB,Wood Bison,Fecal,24Wab_005,2023,2023,Bison_2023_2024_ContractSamples,DO,NA,NA,NA,NA,98,98,91,99,138,138,187,187,253,269,103,103,135,145,91,93,131,143,189,195,254,254,87,87,160,160,113,113,172,172,229,231,143,145,156,156,90,100,127,127,194,194,250,252,167,175,152,166,154,154,83,83,120,124,183,183,142,148,262,262,140,140,125,127,155,157,91,95,146,150,184,184,90,106,168,170,89,91,169,173,87,87,NA,NA,161,167,228,238,114,134,98,102,99,103,181,191,205,205,156,168,145,149
,288,2023,WAB,Wood Bison,Hair,150_300,2020,2020,Bison samples freezer,DO*,NA,NA,NA,NA,100,100,91,99,138,138,187,187,253,269,103,103,135,145,91,93,131,143,189,195,254,254,87,87,160,160,113,113,172,172,229,231,143,145,156,156,90,100,127,127,194,194,250,252,167,175,152,166,154,154,83,83,120,124,183,183,142,148,262,262,140,140,125,127,155,157,91,95,146,150,184,184,90,106,168,170,89,91,169,173,87,87,108,118,161,167,228,238,114,114,98,102,99,103,181,191,205,205,156,168,145,149
,289,2024,WAB,Wood Bison,Fecal,24Wab_0011,2023,2023,Bison_2023_2024_ContractSamples,DO*,NA,NA,NA,NA,98,98,91,99,138,138,187,187,253,269,103,103,135,145,93,93,131,143,189,195,254,254,87,87,160,160,113,113,172,172,229,231,143,145,156,156,90,100,127,127,194,194,250,252,167,175,152,166,154,154,83,83,120,124,183,183,142,148,262,262,140,140,125,127,155,157,91,95,146,150,184,184,90,106,168,170,89,91,169,173,87,87,NA,NA,161,167,228,238,114,134,98,102,99,103,181,191,205,205,156,168,145,149
,290,2025,WAB,Wood Bison,Fecal,Wab24_04,2024,2024,Bison samples freezer,DO*,NA,NA,NA,NA,98,98,91,99,138,138,187,187,253,269,103,103,135,145,93,93,131,143,189,195,254,254,87,87,160,160,113,113,172,172,229,231,143,145,156,156,90,100,127,127,194,194,250,252,167,175,152,166,154,154,83,83,120,124,183,183,142,148,262,262,140,140,125,127,155,157,91,95,146,150,184,184,90,106,168,170,89,91,169,173,87,87,NA,NA,161,167,228,238,114,134,98,102,99,103,181,191,205,205,156,168,145,149
,291,2025,WAB,Wood Bison,Fecal,Wab24_09,2024,2024,Bison samples freezer,DO*,NA,NA,NA,NA,88,88,91,99,138,138,187,187,253,269,103,103,135,145,93,93,131,143,189,195,254,254,NA,NA,NA,NA,NA,NA,172,172,229,231,NA,NA,NA,NA,90,100,127,127,194,194,250,252,167,175,152,166,154,154,83,83,120,124,183,183,142,148,262,262,140,140,125,127,155,157,91,95,146,150,184,184,90,106,168,170,89,91,169,173,87,87,NA,NA,161,167,228,238,114,134,98,102,99,103,181,191,205,205,156,168,145,149
,292,2025,WAB,Wood Bison,Fecal,Biso24-007,2024,2024,Bison samples freezer,DO*****,NA,NA,NA,NA,88,90,91,99,138,138,187,187,NA,NA,103,103,135,145,93,93,131,143,NA,NA,NA,NA,87,87,160,160,113,113,172,172,229,231,143,145,156,156,90,100,127,127,194,194,250,252,167,175,152,166,154,154,83,83,120,124,183,183,142,148,262,262,140,140,127,127,155,157,95,95,146,150,184,184,90,106,168,170,89,91,169,173,87,87,NA,NA,161,167,228,228,114,114,98,102,99,103,181,191,205,205,156,168,NA,NA
,293,2024,WAB,Wood Bison,Fecal,24Wab_002,2023,2023,Bison_2023_2024_ContractSamples,DP,NA,NA,NA,NA,98,98,91,91,136,138,181,187,241,253,103,103,135,135,93,93,143,143,195,195,238,254,87,87,160,160,108,113,172,172,225,225,143,143,154,156,100,100,140,140,194,194,246,252,175,177,148,152,144,144,83,83,120,124,165,183,148,148,262,262,140,140,125,129,151,155,91,95,146,150,180,180,90,108,168,170,85,89,161,165,87,87,116,116,161,167,228,228,114,118,102,102,97,99,181,191,211,211,156,156,NA,NA
,294,2024,WAB,Wood Bison,Fecal,24Wab_006,2023,2023,Bison_2023_2024_ContractSamples,DP,NA,NA,NA,NA,98,98,91,91,136,138,181,187,241,253,103,103,135,135,93,93,143,143,195,195,238,254,87,87,160,160,108,113,172,172,225,225,143,143,154,156,100,100,140,140,194,194,246,252,175,177,148,152,144,144,83,83,120,124,165,183,148,148,262,262,140,140,125,129,151,155,91,95,146,150,180,180,90,108,168,170,85,89,161,165,87,87,116,116,161,167,228,228,114,118,102,102,97,99,181,191,211,211,156,156,NA,NA
TRUE,295,2024,WAB,Wood Bison,Fecal,24Wab_007,2023,2023,Bison_2023_2024_ContractSamples,DP,NA,NA,NA,NA,100,100,91,91,136,138,181,187,241,253,103,103,135,135,93,93,143,143,195,195,238,254,87,87,160,160,108,113,172,172,225,225,143,143,154,156,100,100,140,140,194,194,246,252,175,177,148,152,144,144,83,83,120,124,165,183,148,148,262,262,140,140,125,129,151,155,91,95,146,150,180,180,90,108,168,170,85,89,161,165,87,87,116,116,161,167,228,228,114,118,102,102,97,99,181,191,211,211,156,156,145,149
,296,2025,WAB,Wood Bison,Fecal,Wab24_08,2024,2024,Bison samples freezer,DP,NA,NA,NA,NA,88,88,91,91,136,138,181,187,241,253,103,103,135,135,93,93,143,143,195,195,238,254,NA,NA,NA,NA,NA,NA,172,172,NA,NA,NA,NA,NA,NA,100,100,140,140,194,194,246,252,175,177,148,152,144,144,83,83,120,124,165,183,148,148,262,262,140,140,125,129,151,155,91,95,146,150,180,180,90,108,168,170,85,89,161,165,87,87,116,116,161,167,228,228,114,118,102,102,97,99,181,191,211,211,156,156,145,149
,298,2025,WAB,Wood Bison,Fecal,Wab24_012,2024,2024,Bison samples freezer,DP*,NA,NA,NA,NA,96,96,91,91,136,138,181,187,241,253,103,103,135,135,93,93,143,143,195,195,238,254,87,87,160,160,108,113,172,172,225,225,143,143,156,156,100,100,140,140,194,194,246,252,175,177,148,152,144,144,83,83,120,124,165,183,148,148,262,262,140,140,125,129,151,155,91,95,146,150,180,180,90,108,168,170,85,89,161,165,87,87,NA,NA,161,167,228,228,114,118,102,102,97,99,181,191,211,211,156,156,NA,NA
,297,2025,WAB,Wood Bison,Fecal,Wab24_02,2024,2024,Bison samples freezer,DP*,NA,NA,NA,NA,98,98,91,91,136,138,181,187,241,253,103,103,135,135,93,93,143,143,195,195,238,254,87,87,160,160,108,113,172,172,225,225,143,143,156,156,100,100,140,140,194,194,246,252,175,177,148,152,144,144,83,83,120,124,165,183,148,148,262,262,140,140,125,129,151,155,91,95,146,150,180,180,90,108,168,170,85,89,161,165,87,87,116,116,161,167,228,228,114,118,102,102,97,99,181,191,211,211,NA,NA,145,149
TRUE,302,2024,WAB,Wood Bison,Fecal,24Wab_0010,2023,2023,Bison_2023_2024_ContractSamples,DQ,NA,NA,NA,NA,100,100,91,91,138,138,187,187,241,269,103,103,135,145,93,93,143,143,189,195,238,238,87,87,160,160,108,113,180,180,225,231,143,143,156,156,90,100,127,140,194,194,246,250,173,175,148,152,144,144,83,83,120,120,179,183,142,148,262,262,140,140,127,129,151,157,91,92,146,146,180,180,108,110,168,170,85,89,161,165,87,87,116,118,167,167,228,228,114,118,98,102,97,99,179,181,205,211,156,156,145,149
,299,2024,WAB,Wood Bison,Fecal,24Wab_003,2023,2023,Bison_2023_2024_ContractSamples,DQ,NA,NA,NA,NA,94,94,91,91,138,138,187,187,241,269,103,103,135,145,93,93,143,143,189,195,238,238,87,87,160,160,108,113,180,180,225,231,143,143,156,156,90,100,127,140,194,194,246,250,173,175,148,152,144,144,83,83,120,120,179,183,142,148,NA,NA,140,140,127,129,151,157,91,92,146,146,180,180,108,110,168,170,85,89,161,165,87,87,NA,NA,167,167,228,228,114,118,98,102,97,99,179,181,205,211,156,156,NA,NA
,300,2024,WAB,Wood Bison,Fecal,24Wab_008,2023,2023,Bison_2023_2024_ContractSamples,DQ,NA,NA,NA,NA,98,98,91,91,138,138,187,187,241,269,103,103,135,145,93,93,143,143,189,195,238,238,87,87,160,160,108,113,180,180,225,231,143,143,156,156,90,100,127,140,194,194,246,250,173,175,148,152,144,144,83,83,120,120,179,183,142,148,262,262,140,140,127,129,151,157,91,92,146,146,180,180,108,110,168,170,85,89,161,165,87,87,116,118,167,167,228,228,114,118,98,102,97,99,179,181,205,211,156,156,NA,NA
,301,2024,WAB,Wood Bison,Fecal,24Wab_009,2023,2023,Bison_2023_2024_ContractSamples,DQ,NA,NA,NA,NA,94,94,91,91,138,138,187,187,241,269,103,103,135,145,93,93,143,143,189,195,238,238,87,87,160,160,108,113,180,180,225,231,143,143,156,156,90,100,127,140,194,194,246,250,173,175,148,152,144,144,83,83,120,120,179,183,142,148,262,262,140,140,127,129,151,157,91,92,NA,NA,180,180,108,110,NA,NA,85,89,161,165,87,87,116,118,167,167,228,228,114,118,98,102,97,99,179,181,205,211,156,156,NA,NA
,303,2025,WAB,Wood Bison,Fecal,Wab24_010,2024,2024,Bison samples freezer,DQ,NA,NA,NA,NA,100,100,91,91,138,138,187,187,241,269,103,103,135,145,93,93,143,143,189,195,238,238,87,87,160,160,108,113,180,180,225,231,143,143,156,156,90,100,127,140,194,194,246,250,173,175,148,152,144,144,83,83,120,120,179,183,142,148,262,262,140,140,127,129,151,157,91,92,146,146,180,180,108,110,168,170,85,89,161,165,87,87,116,118,167,167,228,228,114,118,98,102,97,99,179,181,205,211,156,156,145,149
,304,2024,WAB,Wood Bison,Fecal,24Wab_0012,2023,2023,Bison_2023_2024_ContractSamples,DQ*,NA,NA,NA,NA,94,94,91,91,138,138,187,187,241,269,103,103,135,145,93,93,143,143,189,195,238,238,87,87,160,160,108,113,180,180,225,231,143,143,156,156,90,100,127,140,194,194,246,250,173,175,148,152,NA,NA,83,83,120,120,179,183,142,148,262,262,140,140,127,129,151,157,91,92,146,146,180,180,108,110,168,170,85,89,161,165,87,87,NA,NA,167,167,228,228,114,118,98,102,97,99,179,181,211,211,156,156,NA,NA
,305,2025,WAB,Wood Bison,Fecal,Wab24_01,2024,2024,Bison samples freezer,DR,NA,NA,NA,NA,94,94,91,93,138,138,187,187,253,253,103,103,135,135,NA,NA,129,143,191,195,238,254,87,87,143,161,108,115,NA,NA,225,233,143,145,154,158,90,100,127,138,194,194,250,254,175,175,150,152,144,144,81,83,122,124,179,179,142,148,260,262,140,150,127,127,151,153,91,95,146,146,180,184,106,110,170,170,85,85,161,169,87,91,116,118,167,167,236,236,114,118,96,102,95,103,179,191,201,201,162,166,NA,NA
TRUE,306,2025,WAB,Wood Bison,Fecal,Wab24_03,2024,2024,Bison samples freezer,DR,NA,NA,NA,NA,96,96,91,93,138,138,187,187,253,253,103,103,135,135,NA,NA,129,143,191,195,238,254,87,87,143,161,108,115,NA,NA,225,233,143,145,154,158,90,100,127,138,194,194,250,254,175,175,150,152,144,144,81,83,122,124,179,179,142,148,260,262,140,150,127,127,151,153,91,95,146,146,180,184,106,110,170,170,85,85,161,169,87,91,116,118,167,167,236,236,114,118,96,102,95,103,179,191,201,201,162,166,145,147
,307,2024,WAB,Wood Bison,Fecal,24Wab_001,2023,2023,Bison_2023_2024_ContractSamples,DS**,NA,NA,NA,NA,87,86,91,91,136,138,181,187,253,253,103,103,135,145,91,93,143,143,189,191,232,254,87,87,160,160,113,113,NA,NA,231,231,143,145,154,156,90,90,127,127,194,194,250,252,167,177,NA,NA,NA,NA,81,83,120,120,165,183,142,148,262,262,140,140,127,127,NA,NA,91,95,150,150,180,184,90,90,170,170,85,91,161,169,87,87,116,118,161,167,228,228,134,134,98,102,99,103,NA,NA,205,211,NA,NA,NA,NA
TRUE,308,2025,WAB,Wood Bison,Fecal,Wab24_06,2024,2024,Bison samples freezer,DS**,NA,NA,NA,NA,98,98,91,91,136,138,181,187,253,253,103,103,135,145,93,93,143,143,189,191,232,254,87,87,160,160,113,113,172,174,227,231,143,145,154,156,90,90,127,127,194,194,250,252,167,177,152,166,154,154,81,83,120,120,165,183,142,148,262,262,140,140,127,127,155,155,91,95,150,150,180,184,90,90,170,170,85,91,161,169,87,87,NA,NA,161,167,228,228,134,134,98,102,99,103,181,191,205,211,156,168,145,149
TRUE,310,2025,WAB,Wood Bison,Fecal,Wab24_011,2024,2024,Bison samples freezer,DT**,NA,NA,NA,NA,95,96,91,93,138,138,187,187,253,253,103,103,135,145,93,93,129,143,191,191,232,254,87,87,143,160,108,113,172,172/178,227,233,143,145,154,158,90,100,127,138,194,194,250,252,175,177,152,152,144,144,81,83,122,124,165,179,148,148,260,262,140,140,127,127,151,151,91,91,146,150,180,184,106,110,170,170,85,89,161,173,85,91,NA,NA,167,167,236,236,114,114,102,102,95,99,181,191,201,211,166,168,NA,NA
,309,2025,WAB,Wood Bison,Fecal,Wab24_05,2024,2024,Bison samples freezer,DT**,NA,NA,NA,NA,98,98,91,93,138,138,187,187,253,253,103,103,135,145,93,93,129,143,191,191,232,254,87,87,143,160,108,113,172,172,227,233,143,145,154,158,90,100,127,138,194,194,250,252,175,177,152,152,144,144,81,83,122,124,165,179,148,148,262,262,140,140,127,127,151,155,91,91,146,150,180,184,106,110,170,170,85,89,161,173,85,91,NA,NA,167,167,236,236,114,114,102,102,95,99,181,191,201,211,166,168,145,145
TRUE,313,2023,WBNP,Wood Bison,Biopsy,BSN82,2021,2021,bison samples freezer,DV,NA,NA,NA,NA,100,100,89,91,134,136,181,187,241,253,103,103,141,145,85,103,129,129,189,191,232,238,87,87,160,160,108,115,172,182,229,229,143,143,156,158,90,90,127,142,194,194,252,252,167,173,152,152,156,156,83,85,124,132,165,183,142,148,262,262,146,150,129,129,157,159,91,92,146,150,184,192,108,112,170,176,89,89,161,161,85,89,108,118,161,167,228,238,130,132,96,98,101,101,181,181,201,211,164,168,149,151
,314,2023,WBNP,Wood Bison,Biopsy,BSN85,2021,2021,bison samples freezer,DV,NA,NA,NA,NA,100,100,89,91,134,136,181,187,241,253,103,103,141,145,85,103,129,129,189,191,232,238,87,87,160,160,108,115,172,182,229,229,143,143,156,158,90,90,127,142,194,194,252,252,167,173,152,152,156,156,83,85,124,132,165,183,142,148,262,262,146,150,129,129,157,159,91,92,146,150,184,192,108,112,170,176,89,89,161,161,85,89,108,118,161,167,228,238,130,132,96,98,101,101,181,181,201,211,164,168,149,151
TRUE,315,2023,WBNPGR,Wood Bison,Hair,40,2021,2021,Bison samples WBNP - RB,DW,NA,NA,NA,NA,100,100,89,89,138,138,187,191,247,253,103,103,145,147,97,97,129,129,191,191,232,238,87,87,149,162,115,115,172,174,225,229,143,143,156,158,90,90,127,140,188,190,252,252,173,175,146,152,154,154,83,83,124,124,183,183,142,142,256,262,150,150,129,129,155,159,91,92,146,150,180,180,108,112,166,170,85,91,165,173,81,89,116,118,161,167,238,238,130,134,98,104,99,103,181,183,205,215,142,162,145,153
,316,2023,WBNPGR,Wood Bison,blood,40,2021,2021,Bison samples WBNP - RB,DW,NA,NA,NA,NA,100,100,89,89,138,138,187,191,247,253,103,103,145,147,97,97,129,129,191,191,232,238,87,87,149,162,115,115,172,174,225,229,143,143,156,158,90,90,127,140,188,190,252,252,173,175,146,152,154,154,83,83,124,124,183,183,142,142,256,262,150,150,129,129,155,159,91,92,146,150,180,180,108,112,166,170,85,91,165,173,81,89,116,118,161,167,238,238,130,134,98,104,99,103,181,183,205,215,142,162,145,153
,317,2023,WBNPPAD,Wood Bison,blood,209,2021,2021,Bison samples WBNP - RB,DX*,NA,NA,NA,NA,100,100,89,89,136,136,179,187,241,269,103,103,135,141,93,103,129,129,189,191,238,252,89,89,160,160,115,115,174,178,229,231,143,143,158,160,90,100,127,140,190,194,252,252,173,173,152,158,154,154,77,81,124,124,165,175,148,150,256,262,150,150,125,125,155,159,91,91,150,150,180,192,106,106,170,174,81,89,161,169,89,89,118,118,167,167,228,238,128,130,98,104,101,101,181,181,211,211,142,142,147,149
TRUE,318,2023,WBNP,Wood Bison,Hair,88209,2021,2021,Bison samples WBNP - RB,DX*,NA,NA,NA,NA,100,100,89,89,136,136,179,187,241,269,103,103,135,141,93,103,129,129,189,191,238,252,89,89,160,160,115,115,174,178,229,231,143,143,158,160,90,100,127,140,190,194,252,252,173,173,152,158,154,154,77,81,124,124,165,175,148,150,256,262,150,150,125,125,155,159,91,91,150,150,180,192,106,106,170,174,81,89,161,169,89,89,114,118,167,167,228,238,128,130,98,104,101,101,181,181,211,211,142,142,147,149
TRUE,319,2023,WBNPPAD,Wood Bison,blood,217,2021,2021,Bison samples WBNP - RB,DY**,NA,NA,NA,NA,98,98,89,89,136,140,179,187,253,269,101,103,141,145,89,93,149,149,189,189,238,238,87,89,154,161,108,115,172,176,229,229,143,143,158,158,90,102,138,140,190,194,NA,NA,175,177,152,162,144,154,77,81,132,132,179,183,142,150,260,262,146,148,125,129,159,159,91,94,150,154,192,192,106,110,174,176,83,89,161,161,85,91,108,118,167,167,228,238,128,134,102,102,101,103,179,181,205,211,142,158,145,149
,320,2023,WBNPPAD,Wood Bison,Hair,88217,2021,2021,Bison samples WBNP - RB,DY**,NA,NA,NA,NA,100,100,89,89,136,140,179,187,253,269,103,103,141,145,89,93,149,149,189,189,238,238,87,89,154,161,108,115,172,176,229,229,143,143,158,158,90,102,138,140,190,194,252,252,175,177,152,162,144,154,81,81,132,132,179,183,142,150,260,262,146,148,125,129,159,159,91,94,150,154,192,192,106,110,174,176,83,89,161,161,85,91,108,118,167,167,228,238,128,134,102,102,101,103,179,181,205,211,142,158,145,149
TRUE,321,2023,WBNPNY,Wood Bison,Biopsy,BSN80,2021,2021,bison samples freezer,DZ*,NA,NA,NA,NA,100,100,89,91,136,138,179,179,241,253,103,103,141,145,103,103,129,149,189,189,238,238,87,87,162,162,115,115,182,182,227,229,143,143,152,156,102,102,127,146,194,194,252,252,167,173,146,146,144,154,77,81,124,132,179,183,142,150,260,260,146,150,123,129,157,157,91,91,150,150,192,192,110,110,174,174,89,89,173,173,87,89,114,116,167,167,238,240,118,118,92,102,95,95,181,191,201,207,142,158,145,153
,322,2023,WBNPNY,Wood Bison,Biopsy,BSN92,2021,2021,bison samples freezer,DZ*,NA,NA,NA,NA,100,100,89,91,136,138,179,179,241,253,103,103,141,145,103,103,129,149,189,189,238,238,87,87,162,162,115,115,182,182,227,229,143,143,152,156,102,102,127,146,194,194,252,252,167,173,146,146,144,154,77,81,124,132,179,183,142,150,260,260,150,150,123,129,157,157,91,91,150,150,192,192,110,110,174,174,89,89,173,173,87,89,114,116,167,167,238,240,118,118,92,102,95,95,181,191,201,207,142,158,145,153
,323,2024/M.Grant Thesis,WBNPNY,Wood Bison,Fecal,WBNP-962-Fe,11/8/2022,2022,NA,DZ*******,NA,NA,NA,NA,91,90,89,91,136,138,179,179,241,253,103,103,141,145,NA,NA,NA,NA,NA,NA,238,238,87,87,162,162,115,115,182,182,227,227,143,143,152,156,102,102,127,146,194,194,252,252,173,173,146,146,NA,NA,77,81,124,132,183,183,142,150,260,260,150,150,123,129,157,157,91,91,150,150,192,192,110,110,174,174,89,89,173,173,87,89,NA,NA,167,167,240,240,118,118,92,102,95,95,181,191,207,207,142,158,153,153
TRUE,324,2023,WBNP,Wood Bison,blood,661,NA,NA,NA,EA,NA,NA,NA,NA,100,100,89,91,134,136,181,187,253,269,103,103,135,145,97,103,129,141,189,191,232,254,89,89,154,170,113,115,172,174,229,231,143,143,158,158,90,90,127,140,194,194,250,252,175,177,152,158,154,154,81,81,132,132,179,183,142,142,256,262,148,150,127,129,151,155,91,91,150,150,180,198,108,108,168,170,89,89,168,173,81,89,108,116,161,161,238,238,130,130,104,104,103,103,191,191,205,211,158,166,149,149
,325,2023,WBNPPAD,Wood Bison,Hair,88210,2021,2021,Bison samples WBNP - RB,EA,NA,NA,NA,NA,100,100,89,91,134,136,181,187,253,269,103,103,135,145,97,103,129,141,189,191,232,254,89,89,154,170,113,115,172,174,229,231,143,143,158,158,90,90,127,140,194,194,250,252,175,177,152,158,154,154,81,81,132,132,179,183,142,142,256,262,148,150,127,129,151,155,91,91,150,150,180,198,108,108,168,170,89,89,168,173,81,89,108,116,161,161,238,238,130,130,104,104,103,103,191,191,205,211,158,166,149,149
TRUE,326,2023,WBNP,Wood Bison,blood,658,NA,NA,NA,EB,NA,NA,NA,NA,100,100,89,89,134,138,181,187,253,269,103,105,141,145,85,97,131,143,191,191,238,238,87,89,158,160,113,115,172,172,225,231,143,143,158,158,88,90,127,140,188,194,252,252,173,175,152,158,144,154,77,81,122,124,165,183,142,150,260,260,140,150,125,125,153,155,91,92,146,150,180,196,108,112,170,174,89,89,165,169,87,89,108,114,167,167,228,240,128,130,102,104,95,101,181,181,207,211,158,168,145,149
,327,2023,WBNPPAD,Wood Bison,Hair,88215,2021,2021,Bison samples WBNP - RB,EB,NA,NA,NA,NA,100,100,89,89,134,138,181,187,253,269,103,105,141,145,85,97,131,143,191,191,238,238,87,89,158,160,113,115,172,172,225,231,143,143,158,158,88,90,127,140,188,194,252,252,173,175,152,158,144,154,77,81,122,124,165,183,142,150,260,260,140,150,125,125,153,155,91,92,146,150,180,196,108,112,170,174,89,89,165,169,87,89,108,114,167,167,228,240,128,130,102,104,95,101,181,181,207,211,158,168,145,149
TRUE,328,2023,WBNPLB,Wood Bison,Biopsy,BSN73,2021,2021,bison samples freezer,EC,NA,NA,NA,NA,100,100,89,89,136,138,179,181,241,269,103,103,141,145,93,97,129,129,191,191,238,252,87,91,160,162,113,115,172,174,227,231,143,145,156,158,90,90,127,127,188,190,246,252,173,177,152,166,144,160,83,83,124,124,183,183,138,148,262,262,146,146,125,129,155,159,91,91,146,154,180,196,106,112,170,172,85,89,161,165,85,89,116,116,161,167,228,238,128,130,98,104,95,101,181,181,205,211,142,144,145,151
,329,2023,WBNPLB,Wood Bison,Biopsy,BSN74,2021,2021,bison samples freezer,EC,NA,NA,NA,NA,100,100,89,89,136,138,179,181,241,269,103,103,141,145,93,97,129,129,191,191,238,252,87,91,160,162,113,115,172,174,227,231,143,145,156,158,90,90,127,127,188,190,246,252,173,177,152,166,144,160,83,83,124,124,183,183,138,148,262,262,146,146,125,129,155,159,91,91,146,154,180,196,106,112,170,172,85,89,161,165,85,89,116,116,161,167,228,238,128,130,98,104,95,101,181,181,205,211,142,144,145,151
,330,2023,WBNP,Wood Bison,Biopsy,BSN77,NA,NA,NA,EC,NA,NA,NA,NA,100,100,89,89,136,138,179,181,241,269,103,103,141,145,93,97,129,129,191,191,238,252,87,91,160,162,113,115,172,174,227,231,143,145,156,158,90,90,127,127,188,190,246,252,173,177,152,166,144,160,83,83,124,124,183,183,138,148,262,262,146,146,125,129,155,159,91,91,146,154,180,196,106,112,170,172,85,89,161,165,85,89,116,116,161,167,228,238,128,130,98,104,95,101,181,181,205,211,142,144,145,151
,331,2023,WBNPLB,Wood Bison,Biopsy,BSN79,2021,2021,bison samples freezer,EC,NA,NA,NA,NA,100,100,89,89,136,138,179,181,241,269,103,103,141,145,93,97,129,129,191,191,238,252,87,91,160,162,113,115,172,174,227,231,143,145,156,158,90,90,127,127,188,190,246,252,173,177,152,166,144,160,83,83,124,124,183,183,138,148,262,262,146,146,125,129,155,159,91,91,146,154,180,196,106,112,170,172,85,89,161,165,85,89,116,116,161,167,228,238,128,130,98,104,95,101,181,181,205,211,142,144,145,151
,332,2025,WBNP,Wood Bison,Tissue - Ear,BSN-93,17-Aug-21,2021,NA,EC,NA,NA,NA,NA,100,98,89,89,136,138,179,181,241,269,103,103,141,145,NA,NA,129,129,191,191,238,252,87,91,160,162,113,115,172,174,227,231,143,145,156,158,90,90,127,127,188,190,246,252,173,177,152,166,144,160,83,83,124,124,183,183,138,148,262,262,146,146,125,129,155,159,91,91,146,154,180,196,106,112,170,172,85,89,161,165,85,89,116,116,161,167,228,238,128,130,98,104,95,101,181,181,205,211,142,144,145,151
TRUE,333,2023,WBNPLB,Wood Bison,Biopsy,BSN75,2021,2021,bison samples freezer,ED,NA,NA,NA,NA,100,100,89,91,138,142,175,187,247,269,103,103,141,145,83,93,129,149,189,195,232,232,87,87,158,160,115,115,172,174,229,229,143,143,158,158,90,90,127,140,194,200,252,252,173,175,152,152,144,154,83,83,124,124,165,175,142,142,260,260,150,150,129,129,155,157,92,92,146,150,192,192,108,112,166,174,83,89,165,173,89,89,116,118,167,167,228,238,128,132,102,104,101,103,177,181,205,207,166,166,149,153
,334,2023,WBNPLB,Wood Bison,Biopsy,BSN78,2021,2021,bison samples freezer,ED,NA,NA,NA,NA,100,100,89,91,138,142,175,187,247,269,103,103,141,145,83,93,129,149,189,195,232,232,87,87,158,160,115,115,172,174,229,229,143,143,158,158,90,90,127,140,194,200,252,252,173,175,152,152,144,154,83,83,124,124,165,175,142,142,260,260,150,150,129,129,155,157,92,92,146,150,192,192,108,112,166,174,83,89,165,173,89,89,116,118,167,167,228,238,128,132,102,104,101,103,177,181,205,207,166,166,149,153
TRUE,335,2023,WBNPPAD,Wood Bison,Hair,88212,2021,2021,Bison samples WBNP - RB,EE***,NA,NA,NA,NA,100,100,89,89,134,136,181,191,253,253,103,104,145,147,91,97,129,129,189,195,238,238,87,87,158,158,113,113,174,176,229,229,145,145,158,158,102,102,142,146,194,200,252,252,167,175,152,164,154,154,83,83,124,132,165,165,148,148,256,260,140,140,123,129,151,155,91,92,146,150,180,192,108,110,170,174,89,89,161,173,89,89,116,116,167,167,228,228,130,130,96,102,99,103,181,181,201,205,142,144,143,149
,336,2023,WBNP,Wood Bison,blood,659602,NA,NA,NA,EE***,NA,NA,NA,NA,100,100,89,89,134,136,181,191,253,253,103,104,145,147,91,97,129,129,189,195,238,238,87,87,158,158,113,113,176,176,229,229,145,145,158,158,102,102,142,146,194,194,252,252,167,175,146,164,154,154,83,83,132,132,165,165,148,148,256,260,140,140,123,129,151,151,91,92,146,150,180,192,108,110,170,174,89,89,161,173,89,89,116,116,167,167,228,228,130,130,96,102,99,103,181,181,201,205,142,144,143,149
,337,2024/M.Grant Thesis,WBNPNY,Wood Bison,Fecal,WBNP-973-Fe,12/20/2022,2022,Bison_2023_2024_ContractSamples,EF,NA,NA,NA,NA,95,100,89,91,134,140,179,181,253,253,103,103,145,145,93,103,129,129,189,195,238,238,87,87,158,162,113,115,172,174,229,229,143,143,158,158,90,90,127,127,188,190,252,254,173,173,152,152,144,144,81,83,124,132,165,183,142,142,260,262,150,152,123,129,155,159,91,91,150,150,180,184,106,108,172,172,89,89,165,175,89,89,116,116,161,167,228,240,128,128,98,104,99,103,181,193,205,207,162,166,149,153
TRUE,338,2024/M.Grant Thesis,WBNPNY,Wood Bison,Fecal,WBNP-979-Fe,2/15/2023,2023,Bison_2023_2024_ContractSamples,EF,NA,NA,NA,NA,98,100,89,91,134,140,179,181,253,253,103,103,145,145,93,103,129,129,189,195,238,238,87,87,158,162,113,115,172,174,229,229,143,143,158,158,90,90,127,127,188,190,252,254,173,173,152,152,144,144,81,83,124,132,165,183,142,142,260,262,150,152,123,129,155,159,91,91,150,150,180,184,106,108,172,172,89,89,165,175,89,89,116,116,161,167,228,240,128,128,98,104,99,103,181,193,205,207,162,166,149,153
TRUE,2545,M.Grant Thesis,WBNP,Wood Bison,Fecal,WBNP_Oct24_027,30-Oct-24,2024,NA,EG,NA,NA,NA,NA,98%,100,89,91,134,136,179,187,247,253,103,103,135,145,103,103,129,129,189,189,232,238,89,91,170,170,108,113,172,172,229,231,143,145,156,158,90,90,128,128,188,200,252,252,163,173,152,162,144,154,81,85,124,124,175,183,148,148,262,262,140,150,127,129,155,157,91,95,146,150,180,192,112,112,170,172,89,89,161,161,89,91,116,116,167,167,228,240,114,130,102,104,99,103,181,181,205,205,164,168,**,**
TRUE,339,2024/M.Grant Thesis,WBNPNY,Wood Bison,Fecal,WBNP-978-Fe,2/15/2023,2023,Bison_2023_2024_ContractSamples,EG,NA,NA,NA,NA,98,100,89,91,134,142,181,187,253,253,103,103,135,141,93,103,129,129,189,195,238,238,87,87,158,160,113,113,172,174,227,227,143,143,156,156,90,90,127,150,188,194,244,252,173,173,146,152,154,160,81,85,124,124,165,183,138,138,260,260,140,150,127,129,155,157,91,92,150,150,184,192,106,112,172,172,83,83,161,161,85,85,116,116,165,167,228,240,118,130,104,104,95,103,191,191,205,205,142,166,149,151
,340,2024,WBNPNY,Wood Bison,Fecal,WBNP-980-Fe,2/15/2023,2023,Bison_2023_2024_ContractSamples,EG,NA,NA,NA,NA,98,98,89,91,134,142,181,187,253,253,103,103,135,141,93,103,129,129,189,195,238,238,87,87,158,160,113,113,172,174,227,227,143,143,156,156,90,90,127,150,188,194,244,252,173,173,146,152,154,160,81,85,124,124,165,183,138,138,260,260,140,150,127,129,155,157,NA,NA,150,150,184,192,106,112,172,172,83,83,161,161,85,85,116,116,165,167,228,240,118,130,104,104,95,103,191,191,205,205,142,166,149,151
TRUE,2541,M.Grant Thesis,WBNP,Wood Bison,Fecal,WBNP_Oct24_016,30-Oct-24,2024,NA,EH,NA,NA,NA,NA,100%,100,89,91,136,140,179,187,247,253,103,103,135,145,83,103,129,149,189,191,232,238,87,89,160,161,113,113,172,176,225,229,143,145,158,160,90,90,140,146,200,200,248,252,167,173,152,166,154,160,81,83,122,124,165,175,138,148,260,260,146,146,123,123,153,157,91,95,146,150,180,196,106,108,166,170,89,89,161,161,89,89,114,116,167,167,236,238,130,134,102,104,101,103,181,181,205,207,142,142,145,149
TRUE,341,2024/M.Grant Thesis,WBNPHC,Wood Bison,Fecal,WBNP-153-Fe,10/21/2022,2022,NA,EH***,NA,NA,NA,NA,98,100,89,89,134,136,181,187,241,271,103,103,135,141,93,97,129,143,189,191,248,252,87,91,154,160,113,115,174,176,227,231,143,143,154,160,88,90,142,148,188,194,252,252,159,167,152,152,154,156,81,81,124,132,165,179,142,142,256,256,140,150,127,129,157,159,92,92,146,148,180,192,108,112,172,178,85,89,155,173,81,91,116,116,167,167,228,240,130,130,96,98,101,103,181,191,205,207,142,168,145,149
,342,2024/M.Grant Thesis,WBNPHC,Wood Bison,Fecal,WBNP-166-Fe,10/19/2022,2022,NA,EH***,NA,NA,NA,NA,97,98,89,89,134,136,181,187,241,271,103,103,135,141,93,97,129,143,189,191,248,252,NA,NA,160,160,113,115,174,176,227,231,143,143,154,160,88,90,142,148,188,194,252,252,159,167,150,152,154,156,81,81,124,132,165,179,142,142,256,256,140,150,127,129,157,159,92,92,146,148,180,192,108,112,172,178,85,89,155,173,81,91,116,116,167,167,228,240,130,130,96,98,101,103,181,191,205,207,142,168,145,145
TRUE,2543,M.Grant Thesis,WBNP,Wood Bison,Fecal,WBNP_Oct24_019,30-Oct-24,2024,NA,EI,NA,NA,NA,NA,96%,100,89,89,136,138,181,185,241,269,103,103,135,145,103,103,129,141,189,189,232,238,87,87,158,161,115,115,174,176,225,227,143,145,154,158,90,90,128,140,194,202,250,252,**,**,158,162,144,154,83,83,132,132,165,183,142,142,262,262,146,150,129,129,157,157,91,92,146,150,180,198,112,112,168,172,89,89,161,161,91,91,**,**,167,167,238,238,130,132,92,102,95,101,181,191,201,211,142,142,145,149
TRUE,343,2023,WBNPHC,Wood Bison,Ear Tissue,BSN-60,2020,2020,all samples,EI*,NA,NA,NA,NA,100,100,89,89,134,136,181,187,253,269,103,104,141,141,93,103,129,129,189,191,238,252,87,87,158,160,108,109,172,176,225,229,143,143,158,158,90,90,127,127,194,200,244,252,163,177,142,152,154,156,83,83,124,132,165,179,142,142,260,262,150,150,123,125,155,157,92,92,146,150,180,184,106,108,168,172,83,89,165,173,87,91,116,118,167,167,238,240,128,130,98,104,95,103,181,191,205,205,142,168,145,149
,344,2024,WBNPHC,Wood Bison,Tissue - Ear,BSN-68,2020,2020,all samples,EI*,NA,NA,NA,NA,100,100,89,89,134,136,181,187,253,269,103,103,141,141,93,103,129,129,189,191,238,252,87,87,158,160,108,109,172,176,225,229,143,143,158,158,90,90,127,127,194,200,244,252,163,177,142,152,154,156,83,83,124,132,165,179,142,142,260,262,150,150,123,125,155,157,92,92,146,150,180,184,106,108,168,172,83,89,165,173,87,91,116,118,167,167,238,240,128,130,98,104,95,103,181,191,205,205,142,168,145,149
TRUE,345,2025,WBNP,Wood Bison,Hair,25WBNP_20BF2,NA,NA,NA,EJ,NA,NA,NA,NA,100,100,89,91,136,138,175,179,253,269,103,103,145,145,103,103,129,143,189,191,238,238,87,89,161,162,113,115,172,172,225,229,143,143,156,156,90,102,127,146,194,200,252,252,173,173,146,152,154,160,81,83,124,132,179,181,142,150,262,262,140,150,123,129,157,157,94,95,146,150,180,192,106,112,172,172,89,89,167,173,89,91,116,116,167,167,228,238,130,130,98,102,101,101,181,181,201,211,142,166,149,151
,346,2025,WBNP,Wood Bison,Hair,25WBNP_20BF3,NA,NA,NA,EJ,NA,NA,NA,NA,100,100,89,91,136,138,175,179,253,269,103,103,145,145,103,103,129,143,189,191,238,238,87,89,161,162,113,115,172,172,225,229,143,143,156,156,90,102,127,146,194,200,252,252,173,173,146,152,154,160,81,83,124,132,179,181,142,150,262,262,140,150,123,129,157,157,94,95,146,150,180,192,106,112,172,172,89,89,167,173,89,91,116,116,167,167,228,238,130,130,98,102,101,101,181,181,201,211,142,166,149,151
TRUE,2548,M.Grant Thesis,WBNP,Wood Bison,Fecal,WBNP_Oct24_031,30-Oct-24,2024,NA,EP,NA,NA,NA,NA,96%,100,91,91,136,136,179,179,253,269,103,107,141,145,83,97,129,143,189,189,238,238,87,89,153,158,113,115,**,**,**,**,143,143,158,158,90,90,128,140,194,194,252,252,175,175,146,152,144,154,77,83,124,124,165,183,142,150,260,262,146,146,125,125,155,159,91,91,150,150,180,184,106,110,174,174,85,89,161,169,89,89,116,118,167,167,240,240,130,130,98,104,101,101,181,181,205,207,162,168,145,145
TRUE,347,2025,WBNP,Wood Bison,Hair,25WBNP_Hair4,NA,NA,NA,EK,NA,NA,NA,NA,100,100,91,91,134,138,179,179,253,253,103,103,145,145,83,103,143,149,189,191,238,252,87,87,143,160,108,108,182,182,225,231,143,143,158,158,90,102,127,148,194,194,252,252,173,177,146,146,154,156,81,83,124,124,175,183,142,150,260,260,146,146,129,129,155,159,92,92,146,146,184,192,106,110,172,178,85,89,161,169,81,81,116,118,167,167,228,240,114,130,102,104,99,103,181,191,205,215,142,142,151,153
,348,2025,WBNP,Wood Bison,Hair,25WBNP_Hair5,NA,NA,NA,EK,NA,NA,NA,NA,100,100,91,91,134,138,179,179,253,253,103,103,145,145,83,103,143,149,189,191,238,252,87,87,143,160,108,108,182,182,225,231,143,143,158,158,90,102,127,148,194,194,252,252,173,177,146,146,154,156,81,83,124,124,175,183,142,150,260,260,146,146,129,129,155,159,92,92,146,146,184,192,106,110,172,178,85,89,161,169,81,81,116,118,167,167,228,240,114,130,102,104,99,103,181,191,205,215,142,142,151,153
TRUE,2551,M.Grant Thesis,WBNP,Wood Bison,Fecal,WBNP_Oct24_042,30-Oct-24,2024,NA,EK,NA,NA,NA,NA,83%,100,91,91,134,140,185,191,249,271,103,103,145,145,93,97,129,129,189,189,238,248,87,91,**,**,**,**,**,**,**,**,**,**,**,**,88,88,128,140,194,194,252,252,165,173,142,162,144,154,83,83,**,**,175,175,142,142,**,**,140,150,129,129,155,155,91,95,146,146,180,196,110,112,168,168,85,89,161,169,81,87,116,118,167,167,228,238,130,130,104,104,101,103,183,191,211,215,158,168,**,**
TRUE,349,2025,WBNP,Wood Bison,Hair,25WBNP_Hair6,NA,NA,NA,EL,NA,NA,NA,NA,100,100,89,91,136,136,179,181,247,253,103,103,135,145,89,103,129,143,195,195,238,252,89,91,158,158,113,115,182,182,229,229,143,143,158,158,90,100,142,146,194,194,252,252,173,173,152,158,156,158,81,83,124,124,183,183,142,148,260,262,150,150,125,125,151,155,94,95,146,150,180,180,106,106,170,186,89,89,167,173,87,91,116,118,167,167,238,238,130,130,92,102,99,101,181,181,205,215,162,168,149,153
,350,2025,WBNP,Wood Bison,Hair,25WBNP_Hair6_dup,NA,NA,NA,EL,NA,NA,NA,NA,98,98,89,91,136,136,179,181,247,253,103,103,135,145,89,103,129,143,195,195,238,252,89,91,158,158,113,115,182,182,229,229,143,143,158,158,90,100,142,146,194,194,252,252,173,173,152,158,156,158,81,83,124,124,183,183,142,148,260,262,150,150,125,125,151,155,94,95,146,150,180,180,106,106,170,186,89,89,167,173,87,91,NA,NA,167,167,238,238,130,130,92,102,99,101,181,181,205,215,162,168,149,153
TRUE,2555,M.Grant Thesis,WBNP,Wood Bison,Fecal,WBNP_Oct24_066,30-Oct-24,2024,NA,EL,NA,NA,NA,NA,96%,100,89,89,138,138,179,185,241,253,103,103,135,145,**,**,129,129,189,195,238,238,87,87,161,162,108,113,172,172,227,227,143,143,158,158,90,90,148,150,188,194,252,252,167,173,152,152,144,144,83,83,124,132,165,183,142,142,256,260,146,146,123,123,155,159,92,92,146,150,180,196,112,112,170,172,89,89,165,173,89,91,**,**,167,167,228,238,130,132,92,98,101,103,181,181,211,211,142,142,149,149
,351,M.Grant Thesis,WBNP,Wood Bison,Fecal,WBNP_Oct24_009,30-Oct-24,2024,NA,EM,NA,NA,NA,NA,73,20,NA,NA,134,136,179,187,247,253,NA,NA,NA,NA,NA,NA,NA,NA,NA,NA,232,238,NA,NA,NA,NA,NA,NA,NA,NA,NA,NA,NA,NA,NA,NA,NA,NA,NA,NA,NA,NA,NA,NA,NA,NA,NA,NA,NA,NA,NA,NA,NA,NA,NA,NA,148,148,NA,NA,NA,NA,NA,NA,NA,NA,NA,NA,NA,NA,NA,NA,112,112,NA,NA,89,89,NA,NA,89,91,NA,NA,NA,NA,228,240,NA,NA,NA,NA,NA,NA,181,181,NA,NA,NA,NA,NA,NA
TRUE,2558,M.Grant Thesis,WBNP,Wood Bison,Fecal,WBNP_Oct24_072,30-Oct-24,2024,NA,EM,NA,NA,NA,NA,73%,100,**,**,134,136,181,187,253,271,**,**,**,**,**,**,**,**,**,**,238,238,87,91,158,160,113,115,**,**,229,229,143,143,156,158,90,100,140,140,194,194,252,252,175,177,164,166,154,158,83,85,124,124,165,165,142,148,260,260,146,150,123,129,157,159,91,92,150,150,180,184,108,108,172,174,85,95,165,173,85,89,**,**,**,**,240,240,**,**,**,**,**,**,181,191,205,205,142,156,**,**
,352,M.Grant Thesis,WBNP,Wood Bison,Fecal,WBNP_Oct24_024,30-Oct-24,2024,NA,EN,NA,NA,NA,NA,92,24,NA,NA,136,140,179,187,247,253,NA,NA,NA,NA,NA,NA,NA,NA,NA,NA,232,238,NA,NA,160,160,NA,NA,NA,NA,NA,NA,NA,NA,NA,NA,NA,NA,NA,NA,NA,NA,NA,NA,NA,NA,NA,NA,NA,NA,81,83,NA,NA,NA,NA,138,148,NA,NA,NA,NA,NA,NA,NA,NA,NA,NA,NA,NA,NA,NA,108,108,NA,NA,89,89,161,161,89,89,NA,NA,NA,NA,NA,NA,NA,NA,NA,NA,NA,NA,181,181,NA,NA,NA,NA,NA,NA
TRUE,2557,M.Grant Thesis,WBNP,Wood Bison,Fecal,WBNP_Oct24_071,30-Oct-24,2024,NA,EN,NA,NA,NA,NA,100%,100,91,93,136,138,181,187,253,269,103,103,135,145,93,97,129,129,189,191,238,238,87,87,149,160,115,115,172,172,231,233,143,143,158,160,90,90,128,142,194,194,252,252,173,177,146,146,154,154,81,83,124,124,183,183,142,142,262,262,150,152,125,129,155,155,91,91,150,150,184,184,106,106,172,172,83,91,161,165,89,89,116,116,167,167,238,238,128,134,98,102,95,103,181,181,207,211,142,142,149,153
,353,M.Grant Thesis,WBNP,Wood Bison,Fecal,WBNP_Oct24_017,30-Oct-24,2024,NA,EO,NA,NA,NA,NA,88,22,NA,NA,136,138,181,185,241,269,NA,NA,NA,NA,NA,NA,NA,NA,NA,NA,232,238,NA,NA,158,160,NA,NA,NA,NA,NA,NA,NA,NA,NA,NA,NA,NA,NA,NA,NA,NA,NA,NA,NA,NA,NA,NA,NA,NA,NA,NA,NA,NA,NA,NA,142,142,NA,NA,NA,NA,NA,NA,NA,NA,NA,NA,NA,NA,NA,NA,112,112,NA,NA,89,89,161,161,91,91,NA,NA,NA,NA,NA,NA,NA,NA,NA,NA,NA,NA,181,191,NA,NA,NA,NA,NA,NA
TRUE,2561,M.Grant Thesis,WBNP,Wood Bison,Fecal,WBNP_Oct24_079,30-Oct-24,2024,NA,EO,NA,NA,NA,NA,100%,100,89,91,136,138,185,187,241,241,103,103,135,141,93,103,143,149,189,191,232,238,87,87,162,162,113,115,172,176,225,231,143,143,158,160,90,90,128,128,190,200,252,252,165,177,146,158,154,154,77,83,124,132,175,183,138,142,262,262,146,151,129,129,155,157,91,91,148,150,180,192,110,112,172,174,89,95,161,161,91,91,116,118,167,167,236,238,118,130,96,98,101,103,181,181,201,205,142,158,149,149
,354,M.Grant Thesis,WBNP,Wood Bison,Fecal,WBNP_Oct24_064,30-Oct-24,2024,NA,EP,NA,NA,NA,NA,96,26,NA,NA,136,136,179,179,253,269,NA,NA,NA,NA,NA,NA,NA,NA,NA,NA,238,238,NA,NA,154,158,NA,NA,NA,NA,NA,NA,NA,NA,NA,NA,NA,NA,NA,NA,NA,NA,NA,NA,NA,NA,NA,NA,NA,NA,77,83,NA,NA,NA,NA,142,150,NA,NA,NA,NA,NA,NA,NA,NA,NA,NA,NA,NA,NA,NA,106,110,NA,NA,85,89,161,169,89,89,NA,NA,NA,NA,240,240,NA,NA,NA,NA,NA,NA,181,181,NA,NA,NA,NA,NA,NA
,355,M.Grant Thesis,WBNP,Wood Bison,Fecal,WBNP_Oct24_046,30-Oct-24,2024,NA,EQ,NA,NA,NA,NA,85,22,NA,NA,134,140,185,191,NA,NA,NA,NA,NA,NA,NA,NA,NA,NA,NA,NA,238,248,NA,NA,147,170,NA,NA,NA,NA,NA,NA,NA,NA,NA,NA,NA,NA,NA,NA,NA,NA,NA,NA,NA,NA,NA,NA,NA,NA,83,83,NA,NA,NA,NA,142,142,NA,NA,NA,NA,NA,NA,NA,NA,NA,NA,NA,NA,NA,NA,110,112,NA,NA,85,89,161,169,81,87,NA,NA,NA,NA,NA,NA,NA,NA,NA,NA,NA,NA,183,191,NA,NA,NA,NA,NA,NA
,356,M.Grant Thesis,WBNP,Wood Bison,Fecal,WBNP_Oct24_068,30-Oct-24,2024,NA,ER,NA,NA,NA,NA,69,20,NA,NA,138,138,179,185,NA,NA,NA,NA,NA,NA,NA,NA,NA,NA,NA,NA,238,238,NA,NA,NA,NA,NA,NA,NA,NA,NA,NA,NA,NA,NA,NA,NA,NA,NA,NA,NA,NA,NA,NA,NA,NA,NA,NA,NA,NA,83,83,NA,NA,NA,NA,142,142,NA,NA,NA,NA,NA,NA,NA,NA,NA,NA,NA,NA,NA,NA,112,112,NA,NA,89,89,165,165,89,91,NA,NA,NA,NA,NA,NA,NA,NA,NA,NA,NA,NA,181,181,NA,NA,NA,NA,NA,NA
,357,M.Grant Thesis,WBNP,Wood Bison,Fecal,WBNP_Oct24_069,30-Oct-24,2024,NA,ER,NA,NA,NA,NA,96,26,NA,NA,138,138,179,185,241,253,NA,NA,NA,NA,NA,NA,NA,NA,NA,NA,238,238,NA,NA,162,162,NA,NA,NA,NA,NA,NA,NA,NA,NA,NA,NA,NA,NA,NA,NA,NA,NA,NA,NA,NA,NA,NA,NA,NA,83,83,NA,NA,NA,NA,142,142,NA,NA,NA,NA,NA,NA,NA,NA,NA,NA,NA,NA,NA,NA,112,112,NA,NA,89,89,165,173,89,91,NA,NA,NA,NA,228,238,NA,NA,NA,NA,NA,NA,181,181,NA,NA,NA,NA,NA,NA
,358,M.Grant Thesis,WBNP,Wood Bison,Fecal,WBNP_Oct24_067,30-Oct-24,2024,NA,ES,NA,NA,NA,NA,81,18,NA,NA,NA,NA,181,187,NA,NA,NA,NA,NA,NA,NA,NA,NA,NA,NA,NA,238,238,NA,NA,158,160,NA,NA,NA,NA,NA,NA,NA,NA,NA,NA,NA,NA,NA,NA,NA,NA,NA,NA,NA,NA,NA,NA,NA,NA,NA,NA,NA,NA,NA,NA,142,148,NA,NA,NA,NA,NA,NA,NA,NA,NA,NA,NA,NA,NA,NA,108,108,NA,NA,85,95,165,173,85,89,NA,NA,NA,NA,NA,NA,NA,NA,NA,NA,NA,NA,181,191,NA,NA,NA,NA,NA,NA
,359,M.Grant Thesis,WBNP,Wood Bison,Fecal,WBNP_Oct24_093,30-Oct-24,2024,NA,ET,NA,NA,NA,NA,92,26,NA,NA,136,138,181,187,253,269,NA,NA,NA,NA,NA,NA,NA,NA,NA,NA,238,238,NA,NA,149,160,NA,NA,NA,NA,NA,NA,NA,NA,NA,NA,NA,NA,NA,NA,NA,NA,NA,NA,NA,NA,NA,NA,NA,NA,81,83,NA,NA,NA,NA,142,142,NA,NA,NA,NA,NA,NA,NA,NA,NA,NA,NA,NA,NA,NA,106,106,NA,NA,83,91,161,165,89,89,NA,NA,NA,NA,238,238,NA,NA,NA,NA,NA,NA,181,181,NA,NA,NA,NA,NA,NA
,360,M.Grant Thesis,WBNP,Wood Bison,Fecal,WBNP_Oct24_096,30-Oct-24,2024,NA,ET,NA,NA,NA,NA,96,26,NA,NA,136,138,181,187,253,269,NA,NA,NA,NA,NA,NA,NA,NA,NA,NA,238,238,NA,NA,149,160,NA,NA,NA,NA,NA,NA,NA,NA,NA,NA,NA,NA,NA,NA,NA,NA,NA,NA,NA,NA,NA,NA,NA,NA,81,83,NA,NA,NA,NA,142,142,NA,NA,NA,NA,NA,NA,NA,NA,NA,NA,NA,NA,NA,NA,106,106,NA,NA,83,91,161,165,89,89,NA,NA,NA,NA,238,238,NA,NA,NA,NA,NA,NA,181,181,NA,NA,NA,NA,NA,NA
,361,M.Grant Thesis,WBNP,Wood Bison,Fecal,WBNP_Oct24_087,30-Oct-24,2024,NA,EU,NA,NA,NA,NA,88,24,NA,NA,136,138,185,187,241,241,NA,NA,NA,NA,NA,NA,NA,NA,NA,NA,232,238,NA,NA,162,162,NA,NA,NA,NA,NA,NA,NA,NA,NA,NA,NA,NA,NA,NA,NA,NA,NA,NA,NA,NA,NA,NA,NA,NA,77,83,NA,NA,NA,NA,138,142,NA,NA,NA,NA,NA,NA,NA,NA,NA,NA,NA,NA,NA,NA,110,112,NA,NA,NA,NA,161,161,91,91,NA,NA,NA,NA,236,238,NA,NA,NA,NA,NA,NA,181,181,NA,NA,NA,NA,NA,NA
,362,M.Grant Thesis,WBNPNY,Wood Bison,Fecal,WBNP-736-Fe,3/17/2023,2023,NA,EV,NA,NA,NA,NA,96,26,NA,NA,134,138,179,187,247,271,NA,NA,NA,NA,NA,NA,NA,NA,NA,NA,238,238,NA,NA,160,162,NA,NA,NA,NA,NA,NA,NA,NA,NA,NA,NA,NA,NA,NA,NA,NA,NA,NA,NA,NA,NA,NA,NA,NA,81,81,NA,NA,NA,NA,142,150,NA,NA,NA,NA,NA,NA,NA,NA,NA,NA,NA,NA,NA,NA,106,106,NA,NA,85,89,173,173,89,91,NA,NA,NA,NA,228,238,NA,NA,NA,NA,NA,NA,191,191,NA,NA,NA,NA,NA,NA
TRUE,363,2024/M.Grant Thesis,WBNPNY,Wood Bison,Fecal,WBNP-983-Fe,2/16/2023,2023,Bison_2023_2024_ContractSamples,EV,NA,NA,NA,NA,98,98,89,91,134,138,179,187,247,271,103,103,135,141,93,103,129,143,195,195,238,238,87,87,160,162,115,115,174,176,225,229,143,143,158,160,88,90,146,148,188,194,252,252,173,177,146,166,156,158,81,81,124,132,165,175,142,150,260,262,146,150,129,129,155,157,91,95,150,152,180,180,90,106,168,172,85,89,173,173,89,91,NA,NA,167,167,228,238,130,134,98,104,101,103,191,191,211,211,142,142,149,149
TRUE,34,2024,CL,Wood Bison,Fecal,MAN-394-Fe,2/24/2023,2023,Bison_2023_2024_ContractSamples,N,NA,NA,NA,NA,100,100,89,89,136,138,187,187,241,269,103,103,141,141,93,103,129,149,191,195,238,238,87,87,147,158,108,115,172,174,225,229,143,143,158,158,90,90,142,146,190,190,252,252,167,177,152,152,154,158,81,83,126,132,183,183,142,148,260,262,150,150,125,129,155,155,92,92,146,150,180,184,110,112,172,172,85,89,161,169,89,91,116,118,167,167,228,238,130,130,98,104,101,101,181,181,205,205,144,166,151,153
,35,2024,CL,Wood Bison,Fecal,MAN-396-Fe,2/24/2023,2023,Bison_2023_2024_ContractSamples,N,NA,NA,NA,NA,100,100,89,89,136,138,187,187,241,269,103,103,141,141,93,103,129,149,191,195,238,238,87,87,147,158,108,115,172,174,225,229,143,143,158,158,90,90,142,146,190,190,252,252,167,177,152,152,154,158,81,83,126,132,183,183,142,148,260,262,150,150,125,129,155,155,92,92,146,150,180,184,110,112,172,172,85,89,161,169,89,91,116,118,167,167,228,238,130,130,98,104,101,101,181,181,205,205,144,166,151,153
,36,2024,CL,Wood Bison,Fecal,MAN-397-Fe,2/24/2023,2023,Bison_2023_2024_ContractSamples,N,NA,NA,NA,NA,96,96,89,89,136,138,187,187,241,269,103,103,141,141,93,103,129,149,191,195,238,238,87,87,147,158,108,115,172,174,225,229,143,143,158,158,90,90,142,146,190,190,252,252,167,177,152,152,154,158,81,83,126,132,183,183,142,148,260,262,NA,NA,125,129,155,155,92,92,146,150,180,184,110,112,172,172,85,89,161,169,NA,NA,116,118,167,167,228,238,130,130,98,104,101,101,181,181,205,205,144,166,151,153
,37,2024,CL,Wood Bison,Fecal,MAN-398-Fe,2/24/2023,2023,Bison_2023_2024_ContractSamples,N,NA,NA,NA,NA,98,98,89,89,136,138,187,187,241,269,103,103,141,141,93,103,129,149,191,195,238,238,87,87,147,158,108,115,172,174,225,229,143,143,158,158,90,90,142,146,190,190,252,252,167,177,152,152,154,158,81,83,126,132,183,183,142,148,260,262,NA,NA,125,129,155,155,92,92,146,150,180,184,110,112,172,172,85,89,161,169,89,91,116,118,167,167,228,238,130,130,98,104,101,101,181,181,205,205,144,166,151,153
TRUE,38,2024,CL,Wood Bison,Fecal,MAN-417-Fe,2/23/2023,2023,Bison_2023_2024_ContractSamples,O,NA,NA,NA,NA,100,100,89,93,138,140,187,187,253,253,103,103,145,147,103,103,129,143,195,195,238,252,87,87,160,162,108,113,174,176,227,231,143,143,158,158,90,90,127,146,190,194,244,252,165,167,152,152,154,154,83,83,132,132,183,183,142,142,260,262,146,150,129,129,155,155,92,95,150,150,180,196,108,110,172,176,85,89,161,169,85,89,116,118,167,167,228,238,130,130,98,102,101,103,181,181,205,207,144,166,153,153
,39,2024,CL,Wood Bison,Fecal,MAN-418-Fe,2/23/2023,2023,Bison_2023_2024_ContractSamples,O,NA,NA,NA,NA,100,100,89,93,138,140,187,187,253,253,103,103,145,147,103,103,129,143,195,195,238,252,87,87,160,162,108,113,174,176,227,231,143,143,158,158,90,90,127,146,190,194,244,252,165,167,152,152,154,154,83,83,132,132,183,183,142,142,260,262,146,150,129,129,155,155,92,95,150,150,180,196,108,110,172,176,85,89,161,169,85,89,116,118,167,167,228,238,130,130,98,102,101,103,181,181,205,207,144,166,153,153
,40,2024,CL,Wood Bison,Fecal,MAN-419-Fe,2/23/2023,2023,Bison_2023_2024_ContractSamples,O,NA,NA,NA,NA,100,100,89,93,138,140,187,187,253,253,103,103,145,147,103,103,129,143,195,195,238,252,87,87,160,162,108,113,174,176,227,231,143,143,158,158,90,90,127,146,190,194,244,252,165,167,152,152,154,154,83,83,132,132,183,183,142,142,260,262,146,150,129,129,155,155,92,95,150,150,180,196,108,110,172,176,85,89,161,169,85,89,116,118,167,167,228,238,130,130,98,102,101,103,181,181,205,207,144,166,153,153
TRUE,41,2024,CL,Wood Bison,Fecal,MAN-405-Fe,2/23/2023,2023,Bison_2023_2024_ContractSamples,P,NA,NA,NA,NA,100,100,89,93,136,138,179,187,253,269,103,103,145,147,97,103,129,149,191,191,238,238,87,87,147,158,115,115,172,174,229,229,143,143,156,158,90,102,146,146,190,190,252,252,173,173,152,152,154,154,81,83,124,132,183,183,142,142,260,262,140,150,125,129,155,155,92,92,150,150,184,196,110,112,166,166,85,89,159,161,91,91,118,118,161,167,228,238,130,130,98,102,101,101,181,181,205,205,168,168,149,153
,42,2024,CL,Wood Bison,Fecal,MAN-407-Fe,2/23/2023,2023,Bison_2023_2024_ContractSamples,P,NA,NA,NA,NA,100,100,89,93,136,138,179,187,253,269,103,103,145,147,97,103,129,149,191,191,238,238,87,87,147,158,115,115,172,174,229,229,143,143,156,158,90,102,146,146,190,190,252,252,173,173,152,152,154,154,81,83,124,132,183,183,142,142,260,262,140,150,125,129,155,155,92,92,150,150,184,196,110,112,166,166,85,89,159,161,91,91,118,118,161,167,228,238,130,130,98,102,101,101,181,181,205,205,168,168,149,153
,43,2024,CL,Wood Bison,Fecal,MAN-393-Fe,2/24/2023,2023,Bison_2023_2024_ContractSamples,Q,NA,NA,NA,NA,98,98,89,89,136,138,179,187,253,269,103,103,141,145,91,103,129,129,191,191,232,238,87,89,158,160,115,115,174,176,229,229,143,143,158,160,102,102,142,142,190,190,252,252,173,173,152,154,154,154,83,83,132,132,183,183,138,142,260,262,150,150,129,129,155,155,91,92,150,150,196,196,110,112,166,172,89,89,159,161,83,89,116,116,167,167,228,238,130,130,98,102,95,99,181,181,205,211,142,168,NA,NA
TRUE,44,2024,CL,Wood Bison,Fecal,MAN-395-Fe,2/24/2023,2023,Bison_2023_2024_ContractSamples,Q,NA,NA,NA,NA,100,100,89,89,136,138,179,187,253,269,103,103,141,145,91,103,129,129,191,191,232,238,87,89,158,160,115,115,174,176,229,229,143,143,158,160,102,102,142,142,190,190,252,252,173,173,152,154,154,154,83,83,132,132,183,183,138,142,260,262,150,150,129,129,155,155,91,92,150,150,196,196,110,112,166,172,89,89,159,161,83,89,116,116,167,167,228,238,130,130,98,102,95,99,181,181,205,211,142,168,145,153
TRUE,45,2024,CL,Wood Bison,Fecal,MAN-406-Fe,2/23/2023,2023,Bison_2023_2024_ContractSamples,R,NA,NA,NA,NA,100,100,89,91,136,138,179,187,253,253,103,103,135,141,93,103,129,149,189,191,232,238,87,89,147,158,115,115,174,174,227,227,143,143,156,158,90,90,142,146,190,194,252,252,173,173,146,152,144,154,83,83,126,132,183,183,138,148,260,260,150,150,125,129,153,155,91,92,150,150,180,196,110,112,170,172,89,89,169,169,89,91,118,118,161,167,228,228,130,130,102,102,101,101,181,181,205,205,142,168,149,153
,46,2024,CL,Wood Bison,Fecal,MAN-408-Fe,2/23/2023,2023,Bison_2023_2024_ContractSamples,R,NA,NA,NA,NA,100,100,89,91,136,138,179,187,253,253,103,103,135,141,93,103,129,149,189,191,232,238,87,89,147,158,115,115,174,174,227,227,143,143,156,158,90,90,142,146,190,194,252,252,173,173,146,152,144,154,83,83,126,132,183,183,138,148,260,260,150,150,125,129,153,155,91,92,150,150,180,196,110,112,170,172,89,89,169,169,89,91,118,118,161,167,228,228,130,130,102,102,101,101,181,181,205,205,142,168,149,153
TRUE,47,2024,CL,Wood Bison,Fecal,MAN-410-Fe,2/23/2023,2023,Bison_2023_2024_ContractSamples,S,NA,NA,NA,NA,100,100,89,91,138,138,181,187,269,269,103,103,135,147,93,103,129,129,191,195,232,232,87,89,158,160,115,115,172,176,225,225,143,143,156,158,90,102,138,142,194,194,252,252,165,175,152,152,154,154,83,83,126,132,175,183,142,142,262,262,146,150,125,129,155,155,91,95,150,150,180,196,110,112,166,174,89,89,169,173,85,87,116,116,167,167,228,238,130,130,104,106,99,101,181,181,205,205,142,144,145,153
,48,2024,CL,Wood Bison,Fecal,MAN-415-Fe,2/23/2023,2023,Bison_2023_2024_ContractSamples,S,NA,NA,NA,NA,96,96,89,91,138,138,181,187,269,269,103,103,135,147,93,103,129,129,191,195,232,232,87,89,158,160,115,115,NA,NA,225,225,143,143,156,158,90,102,138,142,194,194,252,252,165,175,152,152,154,154,83,83,126,132,175,183,142,142,262,262,146,150,125,129,155,155,91,95,150,150,180,196,110,112,166,174,89,89,169,173,85,87,NA,NA,167,167,228,238,130,130,104,106,99,101,181,181,205,205,142,144,145,153
,49,2024,CL,Wood Bison,Fecal,MAN-392-Fe,2/24/2023,2023,Bison_2023_2024_ContractSamples,T*,NA,NA,NA,NA,98,100,93,93,136,140,179,181,253,253,103,103,135,147,93,103,129,143,191,191,238,252,87,89,158,158,108,115,174,176,225,227,143,145,156,158,90,90,142,146,190,194,252,252,165,177,146,152,154,154,83,83,124,132,175,183,142,148,260,262,146,150,125,125,155,155,91,92,150,150,180,180,110,112,172,172,85,89,161,161,87,91,116,118,167,167,228,228,130,130,92,104,95,101,181,181,205,205,168,168,149,151
TRUE,50,2025,CL,Wood Bison,Fecal ,MAN-401-Fe,2/24/2023,2023,Bison_2023_2024_ContractSamples,T*,NA,NA,NA,NA,100,100,93,93,136,140,179,181,253,253,103,103,135,147,93,103,129,143,191,191,238,252,87,89,158,158,108,115,174,176,225,227,143,145,156,158,90,90,142,146,190,194,252,252,165,177,146,152,154,154,83,83,124,132,175,183,142,148,260,262,146,150,125,125,155,155,91,92,150,150,180,180,110,112,172,172,85,89,161,161,87,91,116,118,167,167,228,228,130,134,92,104,95,101,181,181,205,205,168,168,149,151
TRUE,51,M. Grant Thesis,EINPP,Plains Bison,Fecal,EINP_P02,10/22/23,2023,NA,U,NA,NA,NA,NA,94,30,89,91,134,136,175,181,241,271,103,103,135,135,93,93,127,143,189,195,238,250,NA,NA,NA,NA,NA,NA,NA,NA,NA,NA,NA,NA,NA,NA,NA,NA,NA,NA,NA,NA,NA,NA,NA,NA,NA,NA,NA,NA,NA,NA,NA,NA,NA,NA,NA,NA,NA,NA,NA,NA,NA,NA,NA,NA,NA,NA,NA,NA,NA,NA,NA,NA,NA,NA,NA,NA,NA,NA,87,89,NA,NA,161,161,NA,NA,130,134,96,96,95,99,NA,NA,NA,NA,NA,NA,NA,NA
,52,M. Grant Thesis,EINPP,Plains Bison,Fecal,EINP_P03,10/22/23,2023,NA,U,NA,NA,NA,NA,89,28,89,91,134,136,175,175,241,271,103,103,135,135,93,93,127,143,189,195,238,250,NA,NA,NA,NA,NA,NA,NA,NA,NA,NA,NA,NA,NA,NA,NA,NA,NA,NA,NA,NA,NA,NA,NA,NA,NA,NA,NA,NA,NA,NA,NA,NA,NA,NA,NA,NA,NA,NA,NA,NA,NA,NA,NA,NA,NA,NA,NA,NA,NA,NA,NA,NA,NA,NA,NA,NA,NA,NA,NA,NA,NA,NA,161,161,NA,NA,130,134,96,96,95,99,NA,NA,NA,NA,NA,NA,NA,NA
TRUE,2470,M. Grant Thesis,EINPP,Plains Bison,Fecal,EINP_P08,10/22/23,2023,NA,V,NA,NA,NA,NA,94%,98,91,91,134,134,175,185,253,271,103,103,135,147,97,97,143,149,189,191,238,238,85,87,143,161,113,115,180,182,**,**,143,145,158,158,90,100,128,128,194,200,246,250,165,173,152,156,144,156,83,83,122,122,179,183,142,148,262,262,146,150,123,127,155,159,92,92,146,154,192,198,108,110,170,174,89,89,161,161,87,89,NA,NA,161,167,236,240,130,134,98,104,95,101,179,191,211,215,164,168,**,**
,53,M. Grant Thesis,EINPP,Plains Bison,Fecal,EINP_P11,10/22/23,2023,NA,V,NA,NA,NA,NA,100,32,91,91,134,134,175,185,253,271,103,103,135,147,97,97,143,149,189,191,238,238,NA,NA,NA,NA,NA,NA,NA,NA,NA,NA,NA,NA,NA,NA,NA,NA,NA,NA,NA,NA,NA,NA,NA,NA,NA,NA,NA,NA,NA,NA,NA,NA,NA,NA,NA,NA,NA,NA,NA,NA,NA,NA,NA,NA,NA,NA,NA,NA,NA,NA,NA,NA,NA,NA,NA,NA,NA,NA,87,89,NA,NA,161,167,236,240,130,134,98,104,95,101,NA,NA,NA,NA,NA,NA,NA,NA
TRUE,2471,M. Grant Thesis,EINPP,Plains Bison,Fecal,EINP_P16,10/22/23,2023,NA,W,NA,NA,NA,NA,98%,98,91,91,136,138,187,187,241,253,103,103,135,147,89,97,129,143,189,191,238,238,87,89,160,161,113,113,180,180,229,229,143,143,156,160,88,102,128,148,194,200,250,254,165,175,152,162,156,158,81,83,122,122,179,185,148,150,256,262,146,150,127,127,155,157,92,92,148,150,184,198,108,108,168,170,83,89,161,173,87,87,NA,NA,161,167,228,240,130,130,96,98,95,101,179,191,201,205,158,168,149,149
,54,M. Grant Thesis,EINPP,Plains Bison,Fecal,EINP_PB128,23-Oct-24,2024,NA,W,NA,NA,NA,NA,100,32,91,91,136,138,187,187,241,253,103,103,135,147,89,97,129,143,189,191,238,238,NA,NA,NA,NA,NA,NA,NA,NA,NA,NA,NA,NA,NA,NA,NA,NA,NA,NA,NA,NA,NA,NA,NA,NA,NA,NA,NA,NA,NA,NA,NA,NA,NA,NA,NA,NA,NA,NA,NA,NA,NA,NA,NA,NA,NA,NA,NA,NA,NA,NA,NA,NA,NA,NA,NA,NA,NA,NA,87,87,NA,NA,161,167,228,240,130,130,96,98,95,101,NA,NA,NA,NA,NA,NA,NA,NA
TRUE,2472,M. Grant Thesis,EINPP,Plains Bison,Fecal,EINP_P21,10/22/23,2023,NA,X,NA,NA,NA,NA,98%,98,91,91,138,138,187,187,241,249,103,105,135,141,89,97,129,149,189,195,238,238,87,89,160,160,113,113,180,180,225,231,143,147,154,158,88,88,128,150,194,202,246,254,163,173,150,162,144,156,83,83,120,124,165,165,142,142,262,262,140,140,127,127,153,157,92,92,146,146,184,196,108,108,168,172,89,95,161,173,85,87,NA,NA,161,161,240,240,130,130,92,104,101,103,181,191,215,215,142,162,149,149
,55,M. Grant Thesis,EINPP,Plains Bison,Fecal,EINP_P28,10/22/23,2023,NA,X,NA,NA,NA,NA,100,32,91,91,138,138,187,187,241,249,103,105,135,141,89,97,129,149,189,195,238,238,NA,NA,NA,NA,NA,NA,NA,NA,NA,NA,NA,NA,NA,NA,NA,NA,NA,NA,NA,NA,NA,NA,NA,NA,NA,NA,NA,NA,NA,NA,NA,NA,NA,NA,NA,NA,NA,NA,NA,NA,NA,NA,NA,NA,NA,NA,NA,NA,NA,NA,NA,NA,NA,NA,NA,NA,NA,NA,85,87,NA,NA,161,161,240,240,130,130,92,104,101,103,NA,NA,NA,NA,NA,NA,NA,NA
TRUE,57,M. Grant Thesis,EINPP,Plains Bison,Fecal,EINP_P100,10/22/23,2023,NA,Y,NA,NA,NA,NA,72,24,89,91,136,136,179,179,NA,NA,103,103,135,135,NA,NA,NA,NA,NA,NA,238,238,NA,NA,NA,NA,NA,NA,NA,NA,NA,NA,NA,NA,NA,NA,NA,NA,NA,NA,NA,NA,NA,NA,NA,NA,NA,NA,NA,NA,NA,NA,NA,NA,NA,NA,NA,NA,NA,NA,NA,NA,NA,NA,NA,NA,NA,NA,NA,NA,NA,NA,NA,NA,NA,NA,NA,NA,NA,NA,85,87,NA,NA,161,161,228,228,130,134,96,104,97,97,NA,NA,NA,NA,NA,NA,NA,NA
,56,M. Grant Thesis,EINPP,Plains Bison,Fecal,EINP_P30,10/22/23,2023,NA,Y,NA,NA,NA,NA,78,24,89,91,136,136,NA,NA,249,249,NA,NA,NA,NA,NA,NA,147,149,195,195,238,238,NA,NA,NA,NA,NA,NA,NA,NA,NA,NA,NA,NA,NA,NA,NA,NA,NA,NA,NA,NA,NA,NA,NA,NA,NA,NA,NA,NA,NA,NA,NA,NA,NA,NA,NA,NA,NA,NA,NA,NA,NA,NA,NA,NA,NA,NA,NA,NA,NA,NA,NA,NA,NA,NA,NA,NA,NA,NA,85,85,NA,NA,161,161,228,228,130,134,96,96,97,97,NA,NA,NA,NA,NA,NA,NA,NA
TRUE,2486,M. Grant Thesis,EINPP,Plains Bison,Fecal,EINP_P95,10/22/23,2023,NA,Z,NA,NA,NA,NA,96%,98,91,91,136,138,187,187,245,271,103,104,135,135,97,101,129,143,195,195,238,238,87,91,143,158,108,113,172,180,229,229,147,147,154,160,90,100,140,140,194,200,246,250,175,175,152,158,156,156,83,83,122,124,165,183,142,142,260,262,140,148,125,127,153,155,91,95,146,146,192,192,106,108,168,170,89,89,161,173,87,87,NA,NA,161,165,240,240,118,130,96,98,101,101,181,191,207,211,162,168,**,**
,58,M. Grant Thesis,EINPP,Plains Bison,Fecal,EINP_P63,10/22/23,2023,NA,Z*,NA,NA,NA,NA,72,22,91,91,136,138,187,187,245,271,103,103,135,135,NA,NA,129,143,195,195,238,238,NA,NA,NA,NA,NA,NA,NA,NA,NA,NA,NA,NA,NA,NA,NA,NA,NA,NA,NA,NA,NA,NA,NA,NA,NA,NA,NA,NA,NA,NA,NA,NA,NA,NA,NA,NA,NA,NA,NA,NA,NA,NA,NA,NA,NA,NA,NA,NA,NA,NA,NA,NA,NA,NA,NA,NA,NA,NA,NA,NA,NA,NA,NA,NA,NA,NA,NA,NA,96,98,101,101,NA,NA,NA,NA,NA,NA,NA,NA
,59,M. Grant Thesis,EINPP,Plains Bison,Fecal,EINP_P96,10/22/23,2023,NA,Z*,NA,NA,NA,NA,100,32,91,91,136,138,187,187,245,271,103,104,135,135,97,101,129,143,195,195,238,238,NA,NA,NA,NA,NA,NA,NA,NA,NA,NA,NA,NA,NA,NA,NA,NA,NA,NA,NA,NA,NA,NA,NA,NA,NA,NA,NA,NA,NA,NA,NA,NA,NA,NA,NA,NA,NA,NA,NA,NA,NA,NA,NA,NA,NA,NA,NA,NA,NA,NA,NA,NA,NA,NA,NA,NA,NA,NA,89,89,NA,NA,161,165,236,240,118,130,96,98,101,101,NA,NA,NA,NA,NA,NA,NA,NA
,60,M. Grant Thesis,EINPP,Plains Bison,Fecal,EINP_P97,10/22/23,2023,NA,Z*,NA,NA,NA,NA,100,32,91,91,136,138,187,187,245,271,103,104,135,135,97,101,129,143,195,195,238,238,NA,NA,NA,NA,NA,NA,NA,NA,NA,NA,NA,NA,NA,NA,NA,NA,NA,NA,NA,NA,NA,NA,NA,NA,NA,NA,NA,NA,NA,NA,NA,NA,NA,NA,NA,NA,NA,NA,NA,NA,NA,NA,NA,NA,NA,NA,NA,NA,NA,NA,NA,NA,NA,NA,NA,NA,NA,NA,87,87,NA,NA,161,165,236,240,118,130,96,98,101,101,NA,NA,NA,NA,NA,NA,NA,NA
,61,M. Grant Thesis,EINPP,Plains Bison,Fecal,EINP_PB101,23-Oct-24,2024,NA,Z*,NA,NA,NA,NA,100,32,91,91,136,138,187,187,245,271,103,104,135,135,97,101,129,143,195,195,238,238,NA,NA,NA,NA,NA,NA,NA,NA,NA,NA,NA,NA,NA,NA,NA,NA,NA,NA,NA,NA,NA,NA,NA,NA,NA,NA,NA,NA,NA,NA,NA,NA,NA,NA,NA,NA,NA,NA,NA,NA,NA,NA,NA,NA,NA,NA,NA,NA,NA,NA,NA,NA,NA,NA,NA,NA,NA,NA,87,89,NA,NA,161,165,236,240,118,130,96,98,101,101,NA,NA,NA,NA,NA,NA,NA,NA
