Contract Year,Population,Subspecies,Sample Type,Sample ID,Individual,% Complete,BMS1117F,,TGLA53F,,BMC4214F,,BM1225F,,BM47F,,BMS911F,,BMS1315F,,IL4F,,BM2113F,,BMS1716F,,BM1706F,,BMS1675R,,BMS1857R,,BMS1001R,,BMS601R,,BM720R,,ILSTS102R,,BMS1074R,,BMS1172,,BMS2258,,BM757,,SPS115,,BMS527,,BM2830,,INRA194,,BMS941F,,INRA037F,,BM4107F,,TGLA122bF,,HUJ246F,,BMS528F,,BM4440F,,TGLA44F,,BMS510,,bms1355,,BM1824,,BMS812,,BMS2639,,BMS410,,AGLA232,,BM17132F,,BM4028F,,BM711F,,INRA133F,,RM372F,,Se4748F,,BM4311F,,BMS1747F,,BL1036F,,BM1862,,BMS1862,,URB011,,WB37,,WB42,,WB6,,WB9,,WB31,,WB33,,WB28,,WB25,,WB39,,WB19,,WB29,,WB20,,,
2024,Banff National Park,-,Fecal,24BNP_004,A,92,91,91,136,138,175,175,241,271,103,103,102,102,135,135,89,105,149,149,191,191,238,238,85,89,161,161,115,115,172,172,229,231,145,147,154,158,88,90,127,127,190,200,246,254,165,175,//,//,//,//,83,83,124,124,179,181,142,142,262,262,140,150,125,129,155,159,92,92,146,148,180,180,106,110,168,172,83,83,161,161,87,91,//,//,161,167,228,240,130,130,X,X,92,98,99,101,191,191,211,211,142,158,//,//,,,,,,,,,,,,,,,,,,,,,,,,,,
2024,Banff National Park,-,Fecal,24BNP_005,A,100,91,91,136,138,175,175,241,271,103,103,102,102,135,135,89,105,149,149,191,191,238,238,85,89,161,161,115,115,172,172,229,231,145,147,154,158,88,90,127,127,190,200,246,254,165,175,150,162,156,156,83,83,124,124,179,181,142,142,262,262,140,150,125,129,155,159,92,92,146,148,180,180,106,110,168,172,83,83,161,161,87,91,114,118,161,167,228,240,130,130,X,X,92,98,99,101,191,191,211,211,142,158,149,153,,,,,,,,,,,,,,,,,,,,,,,,,,
2024,Banff National Park,-,Fecal,24BNP_010,B,90,91,91,136,136,175,175,241,271,104,105,104,104,135,135,//,//,//,//,//,//,//,//,85,87,143,160,108,115,172,178,231,231,143,147,156,158,88,90,127,127,194,200,250,254,175,175,150,158,154,156,81,83,122,122,179,179,142,148,262,262,140,150,123,131,155,155,92,92,146,150,180,184,106,110,168,170,83,83,161,173,83,91,116,118,161,161,228,236,118,134,Y,X,98,104,101,101,181,191,211,211,//,//,149,149,,,,,,,,,,,,,,,,,,,,,,,,,,
2024,Banff National Park,-,Fecal,24BNP_011,B*,98,91,91,136,136,175,175,241,271,105,105,104,104,135,135,91,93,129,149,195,195,232,238,85,87,143,160,108,115,172,178,231,231,143,147,156,158,88,90,127,127,194,200,250,254,175,175,150,158,154,156,81,83,122,122,179,179,142,148,262,262,140,150,123,131,155,155,92,92,146,150,180,184,106,110,168,170,83,83,161,173,83,91,116,118,161,161,228,236,118,134,Y,X,98,104,101,101,181,191,211,211,//,//,149,149,,,,,,,,,,,,,,,,,,,,,,,,,,
2024,Banff National Park,-,Fecal,24BNP_012,C,98,91,91,136,136,175,187,245,271,103,104,104,104,135,141,89,89,149,149,189,191,238,238,91,91,161,161,115,115,172,180,229,229,145,145,158,158,88,100,127,150,200,200,254,254,163,163,158,164,154,156,83,83,124,124,181,183,138,148,262,262,150,150,129,131,155,159,92,92,146,150,192,198,108,108,170,170,89,91,161,161,87,87,118,118,165,165,240,240,130,130,X,X,92,98,95,95,181,191,211,215,//,//,149,149,,,,,,,,,,,,,,,,,,,,,,,,,,
2024,Banff National Park,-,Fecal,24BNP_014,C,98,91,91,136,136,175,187,245,271,103,104,104,104,135,141,89,89,149,149,189,191,238,238,91,91,161,161,115,115,172,180,229,229,145,145,158,158,88,100,127,150,200,200,254,254,163,163,158,164,154,156,83,83,124,124,181,183,138,148,262,262,150,150,129,131,155,159,92,92,146,150,192,198,108,108,170,170,89,91,161,161,87,87,118,118,165,165,240,240,130,130,X,X,92,98,95,95,181,191,211,215,//,//,149,149,,,,,,,,,,,,,,,,,,,,,,,,,,
2024,Banff National Park,-,Fecal,24BNP_015,C*,96,91,91,136,136,175,187,245,271,103,104,104,104,135,141,89,89,149,149,189,191,238,238,91,91,161,161,115,115,172,180,229,229,145,145,158,158,88,100,127,150,200,200,254,254,163,163,158,164,154,156,83,83,124,124,181,183,138,148,262,262,150,150,129,131,155,159,//,//,146,150,192,198,108,108,170,170,89,91,161,161,87,87,114,118,165,165,240,240,130,130,X,X,92,98,95,95,181,191,211,215,//,//,149,149,,,,,,,,,,,,,,,,,,,,,,,,,,
2024,Banff National Park,-,Fecal,24BNP_006,D,100,89,89,136,136,187,187,241,247,103,104,106,106,135,141,91,105,127,127,191,195,238,238,85,89,143,160,108,115,172,172,231,231,145,147,156,158,88,88,140,150,194,200,254,254,175,175,152,164,156,156,83,83,122,124,183,185,142,142,262,262,140,150,123,131,155,155,91,92,146,148,180,192,108,108,168,168,89,89,161,161,89,91,114,118,161,167,236,240,130,130,Y,X,96,98,101,101,177,191,207,211,158,170,149,149,,,,,,,,,,,,,,,,,,,,,,,,,,
2025,Banff National Park,-,Fecal,25BNP019,D,98,89,89,136,136,187,187,241,247,103,104,106,106,135,141,91,105,127,127,191,195,238,238,85,89,143,160,108,115,172,172,231,231,145,147,156,158,88,88,140,150,194,200,254,254,175,175,152,164,156,156,83,83,122,124,183,185,142,142,262,262,140,150,123,131,155,155,91,92,146,148,180,192,108,108,168,168,89,89,161,161,89,91,//,//,161,167,236,240,130,130,Y,X,96,98,101,101,177,191,207,211,158,170,149,149,,,,,,,,,,,,,,,,,,,,,,,,,,
2024,Banff National Park,-,Fecal,24BNP_013,E****,98,89,91,136,136,175,175,241,271,105,105,102,106,135,135,91,101,143,149,189,191,238,238,87,89,143,143,113,115,172,172,231,231,143,147,154,158,88,90,127,150,190,194,250,250,163,173,150,162,156,156,81,83,124,124,179,185,142,148,262,262,146,148,123,131,155,155,92,92,148,148,180,180,108,110,168,168,89,89,161,161,89,89,116,118,161,161,//,//,130,134,X,X,92,104,99,101,177,191,211,215,158,158,149,149,,,,,,,,,,,,,,,,,,,,,,,,,,
2025,Banff National Park,-,Fecal,25BNP026,E****,96,89,91,134,136,175,175,241,271,105,105,102,106,135,135,91,101,143,149,189,191,238,238,87,89,143,143,113,115,172,172,231,231,143,147,154,158,88,90,127,150,190,194,250,250,163,173,150,162,156,156,81,83,124,124,179,185,142,148,256,262,146,146,123,131,155,155,92,92,148,148,180,180,108,110,168,168,89,89,161,161,89,91,//,//,161,167,228,236,130,134,X,X,92,104,99,101,177,191,211,215,158,158,//,//,,,,,,,,,,,,,,,,,,,,,,,,,,
2025,Banff National Park,-,Fecal,25BNP001,F**,94,89,91,136,138,175,187,241,245,103,104,104,112,135,135,89,97,143,149,191,195,238,238,89,91,160,161,113,113,172,172,229,231,143,145,154,158,88,102,127,127,194,194,246,250,165,173,150,162,156,156,81,83,122,124,179,181,138,142,262,262,140,146,127,129,155,159,92,92,146,150,180,184,106,108,172,174,83,89,161,161,87,87,//,//,161,167,240,240,130,130,X,X,92,98,//,//,191,191,207,211,156,162,//,//,,,,,,,,,,,,,,,,,,,,,,,,,,
2025,Banff National Park,-,Fecal,25BNP012,F*,94,89,91,136,138,175,187,241,245,103,103,104,112,135,135,89,97,143,149,191,195,238,238,89,91,160,161,113,113,172,174,229,231,143,145,154,158,88,102,127,127,194,194,246,250,165,173,150,162,156,156,81,83,122,124,179,181,138,142,262,262,140,146,127,129,155,159,92,92,146,150,180,184,106,108,172,174,83,89,161,161,87,87,114,114,161,167,240,240,130,130,X,X,92,98,95,99,191,191,//,//,//,//,//,//,,,,,,,,,,,,,,,,,,,,,,,,,,
2025,Banff National Park,-,Fecal,25BNP015,F*,94,89,91,136,138,175,187,241,245,103,104,104,112,135,135,89,97,143,149,191,195,238,238,89,91,160,161,113,113,172,174,229,231,143,145,154,158,88,102,127,127,194,194,246,250,165,173,150,162,156,156,81,83,122,124,179,181,138,142,262,262,140,146,127,129,155,159,92,92,146,150,180,184,106,108,172,174,83,89,161,161,87,87,//,//,161,167,240,240,130,130,X,X,92,98,//,//,191,191,207,211,156,162,//,//,,,,,,,,,,,,,,,,,,,,,,,,,,
2025,Banff National Park,-,Fecal,25BNP016,F*,100,89,91,136,138,175,187,241,245,103,103,104,112,135,135,89,97,143,149,191,195,238,238,89,91,160,161,113,113,172,174,229,231,143,145,154,158,88,102,127,127,194,194,246,250,165,173,150,162,156,156,81,83,122,124,179,181,138,142,262,262,140,146,127,129,155,159,92,92,146,150,180,184,106,108,172,174,83,89,161,161,87,87,114,118,161,167,240,240,130,130,X,X,92,98,95,99,191,191,207,211,156,162,153,153,,,,,,,,,,,,,,,,,,,,,,,,,,
2025,Banff National Park,-,Fecal,25BNP033,F,96,89,91,136,138,175,187,241,245,103,103,104,112,135,135,89,97,143,149,191,195,238,238,89,91,160,161,113,113,172,174,229,231,143,145,154,158,88,102,127,127,194,194,246,250,165,173,150,162,156,156,81,83,122,124,179,181,138,142,262,262,140,146,127,129,155,159,92,92,146,150,180,184,106,108,172,174,83,89,161,161,87,87,//,//,161,167,240,240,130,130,X,X,92,98,95,99,191,191,207,211,156,162,//,//,,,,,,,,,,,,,,,,,,,,,,,,,,
2025,Banff National Park,-,Fecal,25BNP003,G**,96,89,91,136,136,175,181,247,249,103,104,102,102,135,135,91,93,149,149,191,191,238,238,85,91,143,161,115,115,180,180,231,231,143,147,156,158,88,90,127,127,190,200,250,254,165,175,162,164,154,156,83,83,122,122,165,179,142,142,262,262,146,150,127,129,155,159,92,92,146,148,180,180,108,110,168,168,83,83,161,161,89,91,//,//,165,167,228,240,130,130,X,X,96,98,101,101,191,191,211,211,158,158,//,//,,,,,,,,,,,,,,,,,,,,,,,,,,
2025,Banff National Park,-,Fecal,25BNP014,G,100,89,91,136,136,175,181,247,249,103,104,102,102,135,135,91,93,127,149,189,191,238,238,85,91,143,161,115,115,180,180,231,231,143,147,156,158,88,90,127,127,190,200,250,254,165,175,162,164,154,156,83,83,122,122,165,179,142,142,262,262,146,150,127,129,155,159,92,92,146,148,180,180,108,110,168,168,83,83,161,161,89,91,116,118,165,167,228,240,130,130,X,X,96,98,101,101,191,191,211,211,158,158,149,149,,,,,,,,,,,,,,,,,,,,,,,,,,
2025,Banff National Park,-,Fecal,25BNP018,G,100,89,91,136,136,175,181,247,249,103,104,102,102,135,135,91,93,127,149,189,191,238,238,85,91,143,161,115,115,180,180,231,231,143,147,156,158,88,90,127,127,190,200,250,254,165,175,162,164,154,156,83,83,122,122,165,179,142,142,262,262,146,150,127,129,155,159,92,92,146,148,180,180,108,110,168,168,83,83,161,161,89,91,116,118,165,167,228,240,130,130,X,X,96,98,101,101,191,191,211,211,158,158,149,149,,,,,,,,,,,,,,,,,,,,,,,,,,
2025,Banff National Park,-,Fecal,25BNP004,H*,94,91,91,136,136,175,175,247,249,103,104,102,104,135,135,91,93,127,143,189,195,238,250,87,91,143,160,113,115,//,//,229,231,143,145,156,158,90,90,127,148,200,200,250,254,165,175,158,164,154,154,83,83,122,124,179,181,142,150,260,262,146,146,125,127,153,159,92,92,146,148,180,192,108,108,168,174,83,89,161,165,89,89,//,//,161,165,228,240,130,130,X,X,92,98,95,101,191,191,205,211,158,162,//,//,,,,,,,,,,,,,,,,,,,,,,,,,,
2025,Banff National Park,-,Fecal,25BNP006,H*,96,91,91,136,136,175,175,247,249,103,103,102,104,135,135,91,93,127,143,189,195,238,250,87,91,143,160,113,115,172,172,229,231,143,145,156,158,90,90,127,148,200,200,250,254,165,175,158,164,154,154,83,83,122,124,179,181,142,150,260,262,146,146,125,127,153,159,92,92,146,148,180,192,108,108,168,174,83,89,161,165,89,89,//,//,161,165,228,240,130,130,X,X,92,98,95,101,191,191,205,211,158,162,//,//,,,,,,,,,,,,,,,,,,,,,,,,,,
2025,Banff National Park,-,Fecal,25BNP007,I*,96,91,91,136,136,185,187,247,271,103,103,102,102,135,135,89,91,129,129,191,195,238,238,87,91,143,160,108,108,180,180,229,231,143,147,154,156,88,88,127,140,194,200,250,250,163,173,158,162,156,156,83,83,122,124,179,185,142,148,260,262,140,146,123,127,153,155,92,95,146,150,180,180,108,108,168,172,83,89,161,161,91,91,//,//,161,167,228,240,130,130,Y,X,96,98,99,101,191,191,211,215,142,162,//,//,,,,,,,,,,,,,,,,,,,,,,,,,,
2025,Banff National Park,-,Fecal,25BNP008,I*,96,91,91,136,136,185,187,247,271,103,104,102,102,135,135,89,91,129,129,191,195,238,238,87,91,143,160,108,108,180,180,229,231,143,147,154,156,88,88,127,140,194,200,250,250,163,173,158,162,156,156,83,83,122,124,179,185,142,148,260,262,140,146,123,127,153,155,92,95,146,150,180,180,108,108,168,172,83,89,161,161,91,91,//,//,161,167,228,240,130,130,Y,X,96,98,99,101,191,191,211,215,142,162,//,//,,,,,,,,,,,,,,,,,,,,,,,,,,
2025,Banff National Park,-,Fecal,25BNP021,J**,92,89,91,136,136,187,187,253,271,103,105,104,106,135,141,101,105,129,143,189,195,252,252,87,89,160,161,115,115,172,180,229,229,143,143,154,158,90,90,140,150,190,198,244,250,165,175,160,162,144,160,81,83,122,124,179,181,142,150,256,260,140,146,123,131,153,159,91,92,146,146,184,192,108,112,168,168,89,89,161,173,89,89,//,//,161,161,228,236,130,130,X,X,96,98,//,//,//,//,201,211,142,164,//,//,,,,,,,,,,,,,,,,,,,,,,,,,,
2025,Banff National Park,-,Fecal,25BNP028,J**,98,89,91,136,136,187,187,253,271,103,105,104,106,135,141,101,105,129,143,189,195,252,252,87,89,160,161,115,115,180,180,229,229,143,143,154,158,90,90,140,150,190,198,244,250,165,175,162,162,144,160,81,83,122,124,179,181,142,150,256,260,140,146,123,131,153,159,92,92,146,146,184,192,108,112,168,168,89,89,161,173,89,89,114,116,161,161,228,236,130,130,X,X,96,98,95,99,181,181,201,211,142,164,//,//,,,,,,,,,,,,,,,,,,,,,,,,,,
2025,Banff National Park,-,Fecal,25BNP022,K*,96,89,89,136,136,187,187,247,271,103,105,102,104,135,135,89,105,143,149,191,195,250,250,85,87,143,161,115,115,176,178,231,233,143,147,156,158,90,90,140,150,190,200,250,254,163,165,150,156,144,154,83,83,124,124,183,185,148,150,262,262,146,150,131,131,155,159,91,92,148,148,180,192,108,110,168,170,83,83,161,173,85,85,//,//,167,167,228,236,134,134,X,X,92,98,99,101,177,191,201,211,158,168,//,//,,,,,,,,,,,,,,,,,,,,,,,,,,
2025,Banff National Park,-,Fecal,25BNP025,K,96,89,89,136,136,187,187,247,271,103,105,102,104,135,135,89,105,143,149,191,195,250,250,85,87,143,161,115,115,176,178,231,233,143,147,156,158,90,90,140,150,190,200,250,254,163,165,150,156,144,154,83,83,124,124,183,185,148,150,262,262,146,150,131,131,155,159,91,92,148,148,180,192,108,110,168,170,83,83,161,173,85,85,//,//,167,167,228,236,130,134,X,X,92,98,99,101,177,191,201,211,158,168,//,//,,,,,,,,,,,,,,,,,,,,,,,,,,
2025,Banff National Park,-,Fecal,25BNP030,K*******,87,89,89,136,136,187,187,247,271,103,105,102,104,135,135,89,105,143,149,191,195,//,//,85,87,143,161,115,115,//,//,231,233,143,147,156,158,90,90,140,140,//,//,250,254,163,163,150,156,//,//,83,83,124,124,183,183,148,148,262,262,146,146,131,131,155,155,91,91,148,148,180,192,108,110,168,170,83,83,161,173,85,85,//,//,167,167,236,236,130,134,X,X,92,98,//,//,177,191,201,211,158,168,//,//,,,,,,,,,,,,,,,,,,,,,,,,,,
2025,Banff National Park,-,Fecal,25BNP024,L***,94,89,89,134,136,185,187,241,271,103,104,104,106,135,141,89,91,127,129,189,191,238,238,85,87,160,161,108,108,172,172,231,231,143,145,158,158,88,90,140,140,194,194,254,254,163,175,164,164,156,156,83,83,124,124,179,179,142,142,262,262,140,146,123,127,155,155,91,92,146,146,180,192,108,110,168,168,83,89,161,165,89,89,//,//,161,167,228,240,118,130,X,X,92,96,//,//,177,193,205,207,168,168,//,//,,,,,,,,,,,,,,,,,,,,,,,,,,
2025,Banff National Park,-,Fecal,25BNP035,L,98,89,89,134,136,185,187,241,271,103,103,104,106,135,141,89,91,127,129,189,191,238,238,85,87,160,161,108,108,172,172,231,231,143,145,158,158,88,90,140,140,194,194,254,254,163,175,152,164,156,156,83,83,124,124,179,183,142,142,262,262,140,146,123,127,155,155,91,92,146,146,180,192,108,110,168,168,83,89,161,165,89,89,//,//,161,167,228,240,118,130,X,X,92,96,95,101,177,193,205,207,168,168,149,151,,,,,,,,,,,,,,,,,,,,,,,,,,
2025,Banff National Park,-,Fecal,25BNP038,L,100,89,89,134,136,185,187,241,271,103,103,104,106,135,141,89,91,127,129,189,191,238,238,85,87,160,161,108,108,172,172,231,231,143,145,158,158,88,90,140,140,194,194,254,254,163,175,152,164,156,156,83,83,124,124,179,183,142,142,262,262,140,146,123,127,155,155,91,92,146,146,180,192,108,110,168,168,83,89,161,165,89,89,114,118,161,167,228,240,118,130,X,X,92,96,95,101,177,193,205,207,168,168,149,151,,,,,,,,,,,,,,,,,,,,,,,,,,
2025,Banff National Park,-,Fecal,25BNP027,M*,98,89,91,136,136,185,187,249,271,103,104,102,104,135,135,91,101,129,149,191,195,238,238,85,87,143,161,108,115,172,178,229,231,147,147,154,158,88,90,127,127,194,200,246,250,163,175,150,162,154,156,81,83,122,124,179,185,142,148,260,262,146,146,123,131,155,155,92,92,150,150,180,180,108,108,168,168,89,89,161,161,87,91,114,114,161,161,228,236,118,130,X,X,96,98,101,101,191,191,211,211,142,158,//,//,,,,,,,,,,,,,,,,,,,,,,,,,,
2025,Banff National Park,-,Fecal,25BNP037,M*,96,89,91,136,136,185,187,249,271,103,104,102,104,135,135,91,101,129,149,191,195,238,238,85,87,143,161,108,115,//,//,229,231,147,147,154,158,88,90,127,127,194,200,246,246,163,175,150,162,154,156,81,83,122,124,179,185,142,148,260,262,146,146,123,131,155,155,92,92,150,150,180,180,108,108,168,168,89,89,161,161,87,91,//,//,161,161,228,236,118,130,X,X,96,98,101,101,191,191,211,211,142,158,149,149,,,,,,,,,,,,,,,,,,,,,,,,,,
2024,Chitek Lake,-,Fecal,MAN394,N,100,89,89,136,138,187,187,241,269,103,103,100,100,141,141,93,103,129,149,191,195,238,238,87,87,147,158,108,115,172,174,225,229,143,143,158,158,90,90,142,146,190,190,252,252,167,177,152,152,154,158,81,83,126,132,183,183,142,148,260,262,150,150,125,129,155,155,92,92,146,150,180,184,110,112,172,172,85,89,161,169,89,91,116,118,167,167,228,238,130,130,Y,X,98,104,101,101,181,181,205,205,144,166,151,153,,,,,,,,,,,,,,,,,,,,,,,,,,
2024,Chitek Lake,-,Fecal,MAN396,N,100,89,89,136,138,187,187,241,269,103,103,100,100,141,141,93,103,129,149,191,195,238,238,87,87,147,158,108,115,172,174,225,229,143,143,158,158,90,90,142,146,190,190,252,252,167,177,152,152,154,158,81,83,126,132,183,183,142,148,260,262,150,150,125,129,155,155,92,92,146,150,180,184,110,112,172,172,85,89,161,169,89,91,116,118,167,167,228,238,130,130,Y,X,98,104,101,101,181,181,205,205,144,166,151,153,,,,,,,,,,,,,,,,,,,,,,,,,,
2024,Chitek Lake,-,Fecal,MAN397,N,96,89,89,136,138,187,187,241,269,103,103,100,100,141,141,93,103,129,149,191,195,238,238,87,87,147,158,108,115,172,174,225,229,143,143,158,158,90,90,142,146,190,190,252,252,167,177,152,152,154,158,81,83,126,132,183,183,142,148,260,262,//,//,125,129,155,155,92,92,146,150,180,184,110,112,172,172,85,89,161,169,//,//,116,118,167,167,228,238,130,130,Y,X,98,104,101,101,181,181,205,205,144,166,151,153,,,,,,,,,,,,,,,,,,,,,,,,,,
2024,Chitek Lake,-,Fecal,MAN398,N,98,89,89,136,138,187,187,241,269,103,103,100,100,141,141,93,103,129,149,191,195,238,238,87,87,147,158,108,115,172,174,225,229,143,143,158,158,90,90,142,146,190,190,252,252,167,177,152,152,154,158,81,83,126,132,183,183,142,148,260,262,//,//,125,129,155,155,92,92,146,150,180,184,110,112,172,172,85,89,161,169,89,91,116,118,167,167,228,238,130,130,Y,X,98,104,101,101,181,181,205,205,144,166,151,153,,,,,,,,,,,,,,,,,,,,,,,,,,
2024,Chitek Lake,-,Fecal,MAN417,O,100,89,93,138,140,187,187,253,253,103,103,100,108,145,147,103,103,129,143,195,195,238,252,87,87,160,162,108,113,174,176,227,231,143,143,158,158,90,90,127,146,190,194,244,252,165,167,152,152,154,154,83,83,132,132,183,183,142,142,260,262,146,150,129,129,155,155,92,95,150,150,180,196,108,110,172,176,85,89,161,169,85,89,116,118,167,167,228,238,130,130,X,X,98,102,101,103,181,181,205,207,144,166,153,153,,,,,,,,,,,,,,,,,,,,,,,,,,
2024,Chitek Lake,-,Fecal,MAN418,O,100,89,93,138,140,187,187,253,253,103,103,100,108,145,147,103,103,129,143,195,195,238,252,87,87,160,162,108,113,174,176,227,231,143,143,158,158,90,90,127,146,190,194,244,252,165,167,152,152,154,154,83,83,132,132,183,183,142,142,260,262,146,150,129,129,155,155,92,95,150,150,180,196,108,110,172,176,85,89,161,169,85,89,116,118,167,167,228,238,130,130,X,X,98,102,101,103,181,181,205,207,144,166,153,153,,,,,,,,,,,,,,,,,,,,,,,,,,
2024,Chitek Lake,-,Fecal,MAN419,O,100,89,93,138,140,187,187,253,253,103,103,100,108,145,147,103,103,129,143,195,195,238,252,87,87,160,162,108,113,174,176,227,231,143,143,158,158,90,90,127,146,190,194,244,252,165,167,152,152,154,154,83,83,132,132,183,183,142,142,260,262,146,150,129,129,155,155,92,95,150,150,180,196,108,110,172,176,85,89,161,169,85,89,116,118,167,167,228,238,130,130,X,X,98,102,101,103,181,181,205,207,144,166,153,153,,,,,,,,,,,,,,,,,,,,,,,,,,
2024,Chitek Lake,-,Fecal,MAN405,P,100,89,93,136,138,179,187,253,269,103,103,104,104,145,147,97,103,129,149,191,191,238,238,87,87,147,158,115,115,172,174,229,229,143,143,156,158,90,102,146,146,190,190,252,252,173,173,152,152,154,154,81,83,124,132,183,183,142,142,260,262,140,150,125,129,155,155,92,92,150,150,184,196,110,112,166,166,85,89,159,161,91,91,118,118,161,167,228,238,130,130,Y,X,98,102,101,101,181,181,205,205,168,168,149,153,,,,,,,,,,,,,,,,,,,,,,,,,,
2024,Chitek Lake,-,Fecal,MAN407,P,100,89,93,136,138,179,187,253,269,103,103,104,104,145,147,97,103,129,149,191,191,238,238,87,87,147,158,115,115,172,174,229,229,143,143,156,158,90,102,146,146,190,190,252,252,173,173,152,152,154,154,81,83,124,132,183,183,142,142,260,262,140,150,125,129,155,155,92,92,150,150,184,196,110,112,166,166,85,89,159,161,91,91,118,118,161,167,228,238,130,130,Y,X,98,102,101,101,181,181,205,205,168,168,149,153,,,,,,,,,,,,,,,,,,,,,,,,,,
2024,Chitek Lake,-,Fecal,MAN393,Q,98,89,89,136,138,179,187,253,269,103,103,100,108,141,145,91,103,129,129,191,191,232,238,87,89,158,160,115,115,174,176,229,229,143,143,158,160,102,102,142,142,190,190,252,252,173,173,152,154,154,154,83,83,132,132,183,183,138,142,260,262,150,150,129,129,155,155,91,92,150,150,196,196,110,112,166,172,89,89,159,161,83,89,116,116,167,167,228,238,130,130,X,X,98,102,95,99,181,181,205,211,142,168,//,//,,,,,,,,,,,,,,,,,,,,,,,,,,
2024,Chitek Lake,-,Fecal,MAN395,Q,100,89,89,136,138,179,187,253,269,103,103,100,108,141,145,91,103,129,129,191,191,232,238,87,89,158,160,115,115,174,176,229,229,143,143,158,160,102,102,142,142,190,190,252,252,173,173,152,154,154,154,83,83,132,132,183,183,138,142,260,262,150,150,129,129,155,155,91,92,150,150,196,196,110,112,166,172,89,89,159,161,83,89,116,116,167,167,228,238,130,130,X,X,98,102,95,99,181,181,205,211,142,168,145,153,,,,,,,,,,,,,,,,,,,,,,,,,,
2024,Chitek Lake,-,Fecal,MAN406,R,100,89,91,136,138,179,187,253,253,103,103,100,108,135,141,93,103,129,149,189,191,232,238,87,89,147,158,115,115,174,174,227,227,143,143,156,158,90,90,142,146,190,194,252,252,173,173,146,152,144,154,83,83,126,132,183,183,138,148,260,260,150,150,125,129,153,155,91,92,150,150,180,196,110,112,170,172,89,89,169,169,89,91,118,118,161,167,228,228,130,130,X,X,102,102,101,101,181,181,205,205,142,168,149,153,,,,,,,,,,,,,,,,,,,,,,,,,,
2024,Chitek Lake,-,Fecal,MAN408,R,100,89,91,136,138,179,187,253,253,103,103,100,108,135,141,93,103,129,149,189,191,232,238,87,89,147,158,115,115,174,174,227,227,143,143,156,158,90,90,142,146,190,194,252,252,173,173,146,152,144,154,83,83,126,132,183,183,138,148,260,260,150,150,125,129,153,155,91,92,150,150,180,196,110,112,170,172,89,89,169,169,89,91,118,118,161,167,228,228,130,130,X,X,102,102,101,101,181,181,205,205,142,168,149,153,,,,,,,,,,,,,,,,,,,,,,,,,,
2024,Chitek Lake,-,Fecal,MAN410,S,100,89,91,138,138,181,187,269,269,103,103,108,108,135,147,93,103,129,129,191,195,232,232,87,89,158,160,115,115,172,176,225,225,143,143,156,158,90,102,138,142,194,194,252,252,165,175,152,152,154,154,83,83,126,132,175,183,142,142,262,262,146,150,125,129,155,155,91,95,150,150,180,196,110,112,166,174,89,89,169,173,85,87,116,116,167,167,228,238,130,130,Y,X,104,106,99,101,181,181,205,205,142,144,145,153,,,,,,,,,,,,,,,,,,,,,,,,,,
2024,Chitek Lake,-,Fecal,MAN415,S,96,89,91,138,138,181,187,269,269,103,103,108,108,135,147,93,103,129,129,191,195,232,232,87,89,158,160,115,115,//,//,225,225,143,143,156,158,90,102,138,142,194,194,252,252,165,175,152,152,154,154,83,83,126,132,175,183,142,142,262,262,146,150,125,129,155,155,91,95,150,150,180,196,110,112,166,174,89,89,169,173,85,87,//,//,167,167,228,238,130,130,Y,X,104,106,99,101,181,181,205,205,142,144,145,153,,,,,,,,,,,,,,,,,,,,,,,,,,
2024,Chitek Lake,-,Fecal,MAN392,T*,98,93,93,136,140,179,181,253,253,103,103,100,108,135,147,93,103,129,143,191,191,238,252,87,89,158,158,108,115,174,176,225,227,143,145,156,158,90,90,142,146,190,194,252,252,165,177,146,152,154,154,83,83,124,132,175,183,142,148,260,262,146,150,125,125,155,155,91,92,150,150,180,180,110,112,172,172,85,89,161,161,87,91,116,118,167,167,228,228,130,130,//,//,92,104,95,101,181,181,205,205,168,168,149,151,,,,,,,,,,,,,,,,,,,,,,,,,,
2025,Chitek Lake,-,Fecal ,MAN401,T*,100.0,93,93,136,140,179,181,253,253,103,103,100,108,135,147,93,103,129,143,191,191,238,252,87,89,158,158,108,115,174,176,225,227,143,145,156,158,90,90,142,146,190,194,252,252,165,177,146,152,154,154,83,83,124,132,175,183,142,148,260,262,146,150,125,125,155,155,91,92,150,150,180,180,110,112,172,172,85,89,161,161,87,91,116,118,167,167,228,228,130,134,X,X,92,104,95,101,181,181,205,205,168,168,149,151,,,,,,,,,,,,,,,,,,,,,,,,,,
M. Grant Thesis,EINP,,Fecal,EINP_P02,U,94,89,91,134,136,175,181,241,271,103,103,104,106,135,135,93,93,127,143,189,195,238,250,,,,,,,,,,,,,,,,,,,,,,,,,,,,,,,,,,,,,,,,,,,,,,,,,,,,,,,,,,,87,89,,,161,161,//,//,130,134,X,X,96,96,95,99,,,,,,,,,,,,,,,,,,,,,,,,,,,,,,,,,,
M. Grant Thesis,EINP,,Fecal,EINP_P03,U,89,89,91,134,136,175,175,241,271,103,103,104,106,135,135,93,93,127,143,189,195,238,250,,,,,,,,,,,,,,,,,,,,,,,,,,,,,,,,,,,,,,,,,,,,,,,,,,,,,,,,,,,//,//,,,161,161,//,//,130,134,X,X,96,96,95,99,,,,,,,,,,,,,,,,,,,,,,,,,,,,,,,,,,
M. Grant Thesis,EINP,,Fecal,EINP_P08,V,100,91,91,134,134,175,185,253,271,103,103,104,104,135,147,97,97,143,149,189,191,238,238,,,,,,,,,,,,,,,,,,,,,,,,,,,,,,,,,,,,,,,,,,,,,,,,,,,,,,,,,,,87,89,,,161,167,236,240,130,134,Y,X,98,104,95,101,,,,,,,,,,,,,,,,,,,,,,,,,,,,,,,,,,
M. Grant Thesis,EINP,,Fecal,EINP_P11,V,100,91,91,134,134,175,185,253,271,103,103,104,104,135,147,97,97,143,149,189,191,238,238,,,,,,,,,,,,,,,,,,,,,,,,,,,,,,,,,,,,,,,,,,,,,,,,,,,,,,,,,,,87,89,,,161,167,236,240,130,134,Y,X,98,104,95,101,,,,,,,,,,,,,,,,,,,,,,,,,,,,,,,,,,
M. Grant Thesis,EINP,,Fecal,EINP_P16,W,100,91,91,136,138,187,187,241,253,103,103,102,102,135,147,89,97,129,143,189,191,238,238,,,,,,,,,,,,,,,,,,,,,,,,,,,,,,,,,,,,,,,,,,,,,,,,,,,,,,,,,,,87,87,,,161,167,228,240,130,130,X,X,96,98,95,101,,,,,,,,,,,,,,,,,,,,,,,,,,,,,,,,,,
M. Grant Thesis,EINP,,Fecal,PB128,W,100,91,91,136,138,187,187,241,253,103,103,102,102,135,147,89,97,129,143,189,191,238,238,,,,,,,,,,,,,,,,,,,,,,,,,,,,,,,,,,,,,,,,,,,,,,,,,,,,,,,,,,,87,87,,,161,167,228,240,130,130,X,X,96,98,95,101,,,,,,,,,,,,,,,,,,,,,,,,,,,,,,,,,,
M. Grant Thesis,EINP,,Fecal,EINP_P21,X,100,91,91,138,138,187,187,241,249,103,105,104,104,135,141,89,97,129,149,189,195,238,238,,,,,,,,,,,,,,,,,,,,,,,,,,,,,,,,,,,,,,,,,,,,,,,,,,,,,,,,,,,85,87,,,161,161,240,240,130,130,X,X,92,104,101,103,,,,,,,,,,,,,,,,,,,,,,,,,,,,,,,,,,
M. Grant Thesis,EINP,,Fecal,EINP_P28,X,100,91,91,138,138,187,187,241,249,103,105,104,104,135,141,89,97,129,149,189,195,238,238,,,,,,,,,,,,,,,,,,,,,,,,,,,,,,,,,,,,,,,,,,,,,,,,,,,,,,,,,,,85,87,,,161,161,240,240,130,130,X,X,92,104,101,103,,,,,,,,,,,,,,,,,,,,,,,,,,,,,,,,,,
M. Grant Thesis,EINP,,Fecal,EINP_P30,Y,78,89,91,136,136,//,//,249,249,//,//,102,102,//,//,//,//,147,149,195,195,238,238,,,,,,,,,,,,,,,,,,,,,,,,,,,,,,,,,,,,,,,,,,,,,,,,,,,,,,,,,,,85,85,,,161,161,228,228,130,134,Y,X,96,96,97,97,,,,,,,,,,,,,,,,,,,,,,,,,,,,,,,,,,
M. Grant Thesis,EINP,,Fecal,EINP_P100,Y,72,89,91,136,136,179,179,//,//,103,103,102,102,135,135,//,//,//,//,//,//,238,238,,,,,,,,,,,,,,,,,,,,,,,,,,,,,,,,,,,,,,,,,,,,,,,,,,,,,,,,,,,85,87,,,161,161,228,228,130,134,//,//,96,104,97,97,,,,,,,,,,,,,,,,,,,,,,,,,,,,,,,,,,
M. Grant Thesis,EINP,,Fecal,EINP_P63,Z*,72,91,91,136,138,187,187,245,271,103,103,104,104,135,135,//,//,129,143,195,195,238,238,,,,,,,,,,,,,,,,,,,,,,,,,,,,,,,,,,,,,,,,,,,,,,,,,,,,,,,,,,,//,//,,,//,//,//,//,//,//,Y,X,96,98,101,101,,,,,,,,,,,,,,,,,,,,,,,,,,,,,,,,,,
M. Grant Thesis,EINP,,Fecal,EINP_P95,Z*,100,91,91,136,138,187,187,245,271,103,104,104,104,135,135,97,101,129,143,195,195,238,238,,,,,,,,,,,,,,,,,,,,,,,,,,,,,,,,,,,,,,,,,,,,,,,,,,,,,,,,,,,87,87,,,161,165,240,240,118,130,Y,X,96,98,101,101,,,,,,,,,,,,,,,,,,,,,,,,,,,,,,,,,,
M. Grant Thesis,EINP,,Fecal,EINP_P96,Z*,100,91,91,136,138,187,187,245,271,103,104,104,104,135,135,97,101,129,143,195,195,238,238,,,,,,,,,,,,,,,,,,,,,,,,,,,,,,,,,,,,,,,,,,,,,,,,,,,,,,,,,,,89,89,,,161,165,236,240,118,130,Y,X,96,98,101,101,,,,,,,,,,,,,,,,,,,,,,,,,,,,,,,,,,
M. Grant Thesis,EINP,,Fecal,EINP_P97,Z*,100,91,91,136,138,187,187,245,271,103,104,104,104,135,135,97,101,129,143,195,195,238,238,,,,,,,,,,,,,,,,,,,,,,,,,,,,,,,,,,,,,,,,,,,,,,,,,,,,,,,,,,,87,87,,,161,165,236,240,118,130,Y,X,96,98,101,101,,,,,,,,,,,,,,,,,,,,,,,,,,,,,,,,,,
M. Grant Thesis,EINP,,Fecal,PB101,Z*,100,91,91,136,138,187,187,245,271,103,104,104,104,135,135,97,101,129,143,195,195,238,238,,,,,,,,,,,,,,,,,,,,,,,,,,,,,,,,,,,,,,,,,,,,,,,,,,,,,,,,,,,87,89,,,161,165,236,240,118,130,Y,X,96,98,101,101,,,,,,,,,,,,,,,,,,,,,,,,,,,,,,,,,,
M. Grant Thesis,EINP,,Fecal,EINP_P65,AA,94,89,91,134,136,179,187,241,247,105,105,104,104,135,135,89,97,129,143,195,195,238,238,,,,,,,,,,,,,,,,,,,,,,,,,,,,,,,,,,,,,,,,,,,,,,,,,,,,,,,,,,,89,91,,,161,161,240,240,//,//,Y,X,92,96,95,101,,,,,,,,,,,,,,,,,,,,,,,,,,,,,,,,,,
M. Grant Thesis,EINP,,Fecal,EINP_P67,AA,94,89,91,134,136,179,187,241,247,105,105,104,104,135,135,89,97,129,143,195,195,238,238,,,,,,,,,,,,,,,,,,,,,,,,,,,,,,,,,,,,,,,,,,,,,,,,,,,,,,,,,,,//,//,,,161,161,236,240,130,130,Y,X,92,96,103,105,,,,,,,,,,,,,,,,,,,,,,,,,,,,,,,,,,
M. Grant Thesis,EINP,,Fecal,EINP_P84,AA,94,89,91,134,136,179,187,241,247,105,105,104,104,135,135,89,97,129,143,195,195,238,238,,,,,,,,,,,,,,,,,,,,,,,,,,,,,,,,,,,,,,,,,,,,,,,,,,,,,,,,,,,89,91,,,161,161,236,240,130,130,Y,X,92,96,//,//,,,,,,,,,,,,,,,,,,,,,,,,,,,,,,,,,,
M. Grant Thesis,EINP,,Fecal,EINP_P77,AB,94,89,91,136,142,175,187,241,253,104,104,106,106,135,135,97,105,129,143,191,195,232,238,,,,,,,,,,,,,,,,,,,,,,,,,,,,,,,,,,,,,,,,,,,,,,,,,,,,,,,,,,,85,87,,,//,//,228,240,118,134,Y,X,96,104,99,101,,,,,,,,,,,,,,,,,,,,,,,,,,,,,,,,,,
M. Grant Thesis,EINP,,Fecal,EINP_P80,AB,100,89,91,136,142,175,187,241,253,103,105,106,106,135,135,97,105,129,143,191,195,232,238,,,,,,,,,,,,,,,,,,,,,,,,,,,,,,,,,,,,,,,,,,,,,,,,,,,,,,,,,,,85,87,,,161,161,228,240,118,134,Y,X,96,104,99,101,,,,,,,,,,,,,,,,,,,,,,,,,,,,,,,,,,
M. Grant Thesis,EINP,,Fecal,EINP_P99,AB,100,89,91,136,142,175,187,241,253,103,105,106,106,135,135,97,105,129,143,191,195,232,238,,,,,,,,,,,,,,,,,,,,,,,,,,,,,,,,,,,,,,,,,,,,,,,,,,,,,,,,,,,85,87,,,161,161,228,240,118,134,Y,X,96,104,99,101,,,,,,,,,,,,,,,,,,,,,,,,,,,,,,,,,,
M. Grant Thesis,EINP,,Fecal,EINP_P85,AC,94,91,91,134,142,185,191,245,249,103,103,104,104,135,135,97,97,129,143,191,191,238,254,,,,,,,,,,,,,,,,,,,,,,,,,,,,,,,,,,,,,,,,,,,,,,,,,,,,,,,,,,,//,//,,,161,167,240,240,130,130,Y,X,92,104,95,101,,,,,,,,,,,,,,,,,,,,,,,,,,,,,,,,,,
M. Grant Thesis,EINP,,Fecal,EINP_P86,AC,94,91,91,134,142,185,191,245,249,103,103,104,104,135,135,97,97,129,143,191,191,238,254,,,,,,,,,,,,,,,,,,,,,,,,,,,,,,,,,,,,,,,,,,,,,,,,,,,,,,,,,,,//,//,,,161,167,240,240,130,130,Y,X,92,104,95,103,,,,,,,,,,,,,,,,,,,,,,,,,,,,,,,,,,
M. Grant Thesis,EINP,,Fecal,EINP_P91,AD,100,89,91,136,140,175,185,241,269,103,103,106,106,137,137,99,105,127,149,191,191,238,238,,,,,,,,,,,,,,,,,,,,,,,,,,,,,,,,,,,,,,,,,,,,,,,,,,,,,,,,,,,87,87,,,161,167,228,240,130,130,Y,X,98,104,101,103,,,,,,,,,,,,,,,,,,,,,,,,,,,,,,,,,,
M. Grant Thesis,EINP,,Fecal,PB122,AD,100,89,91,136,140,175,185,241,269,103,103,106,106,137,137,99,105,127,149,191,191,238,238,,,,,,,,,,,,,,,,,,,,,,,,,,,,,,,,,,,,,,,,,,,,,,,,,,,,,,,,,,,87,87,,,161,167,228,240,130,130,Y,X,98,104,101,103,,,,,,,,,,,,,,,,,,,,,,,,,,,,,,,,,,
M. Grant Thesis,EINP,,Fecal,EINP_W07,AE,94,89,91,136,138,181,187,253,269,103,103,104,104,141,141,93,97,129,129,189,191,238,238,,,,,,,,,,,,,,,,,,,,,,,,,,,,,,,,,,,,,,,,,,,,,,,,,,,,,,,,,,,87,89,,,161,167,228,236,130,130,//,//,102,102,101,101,,,,,,,,,,,,,,,,,,,,,,,,,,,,,,,,,,
M. Grant Thesis,EINP,,Fecal,EINP_W14,AE,89,89,91,136,138,181,187,253,269,103,103,104,104,141,141,93,97,129,129,189,191,238,238,,,,,,,,,,,,,,,,,,,,,,,,,,,,,,,,,,,,,,,,,,,,,,,,,,,,,,,,,,,//,//,,,161,167,228,236,//,//,X,X,102,102,101,101,,,,,,,,,,,,,,,,,,,,,,,,,,,,,,,,,,
M. Grant Thesis,EINP,,Fecal,EINP_W18,AF,89,89,91,136,136,187,187,253,253,103,103,100,104,141,141,93,93,129,141,189,191,238,238,,,,,,,,,,,,,,,,,,,,,,,,,,,,,,,,,,,,,,,,,,,,,,,,,,,,,,,,,,,89,89,,,167,167,228,228,128,130,//,//,102,104,//,//,,,,,,,,,,,,,,,,,,,,,,,,,,,,,,,,,,
M. Grant Thesis,EINP,,Fecal,WB118,AF,100,89,91,136,136,187,187,253,253,103,103,100,104,141,141,93,93,131,143,189,191,238,238,,,,,,,,,,,,,,,,,,,,,,,,,,,,,,,,,,,,,,,,,,,,,,,,,,,,,,,,,,,89,89,,,167,167,228,228,128,130,X,X,102,104,95,103,,,,,,,,,,,,,,,,,,,,,,,,,,,,,,,,,,
M. Grant Thesis,EINP,,Fecal,EINP_W33,AG,94,89,91,138,140,179,187,253,269,103,103,104,104,141,145,93,97,143,143,191,195,238,252,,,,,,,,,,,,,,,,,,,,,,,,,,,,,,,,,,,,,,,,,,,,,,,,,,,,,,,,,,,//,//,,,167,167,228,238,130,130,Y,X,102,104,101,101,,,,,,,,,,,,,,,,,,,,,,,,,,,,,,,,,,
M. Grant Thesis,EINP,,Fecal,EINP_W35,AG,94,89,91,138,140,179,187,253,269,103,103,104,104,141,145,93,97,143,143,191,195,238,252,,,,,,,,,,,,,,,,,,,,,,,,,,,,,,,,,,,,,,,,,,,,,,,,,,,,,,,,,,,//,//,,,167,167,228,238,130,130,Y,X,102,104,101,101,,,,,,,,,,,,,,,,,,,,,,,,,,,,,,,,,,
M. Grant Thesis,EINP,,Fecal,EINP_W36,AG,94,89,91,138,140,179,187,253,269,103,103,104,104,141,145,93,97,143,143,191,195,238,252,,,,,,,,,,,,,,,,,,,,,,,,,,,,,,,,,,,,,,,,,,,,,,,,,,,,,,,,,,,//,//,,,167,167,228,238,130,130,Y,X,102,104,101,101,,,,,,,,,,,,,,,,,,,,,,,,,,,,,,,,,,
M. Grant Thesis,EINP,,Fecal,EINP_W37,AG,94,89,91,138,140,179,187,253,269,103,103,104,104,141,145,93,97,143,143,191,195,238,252,,,,,,,,,,,,,,,,,,,,,,,,,,,,,,,,,,,,,,,,,,,,,,,,,,,,,,,,,,,//,//,,,167,167,228,238,114,130,Y,X,102,104,101,101,,,,,,,,,,,,,,,,,,,,,,,,,,,,,,,,,,
M. Grant Thesis,EINP,,Fecal,EINP_W38,AG,94,89,91,138,140,179,187,253,269,103,103,104,104,141,145,93,97,143,143,191,195,238,252,,,,,,,,,,,,,,,,,,,,,,,,,,,,,,,,,,,,,,,,,,,,,,,,,,,,,,,,,,,//,//,,,167,167,228,238,114,130,Y,X,102,104,101,101,,,,,,,,,,,,,,,,,,,,,,,,,,,,,,,,,,
M. Grant Thesis,EINP,,Fecal,EINP_W63,AH,89,91,91,136,136,187,187,253,271,103,103,108,108,141,141,93,93,129,129,189,191,232,238,,,,,,,,,,,,,,,,,,,,,,,,,,,,,,,,,,,,,,,,,,,,,,,,,,,,,,,,,,,//,//,,,161,161,228,236,128,130,Y,X,96,102,//,//,,,,,,,,,,,,,,,,,,,,,,,,,,,,,,,,,,
M. Grant Thesis,EINP,,Fecal,EINP_W82,AH,94,91,93,136,138,187,187,253,271,103,103,108,108,141,141,93,93,129,129,189,191,232,238,,,,,,,,,,,,,,,,,,,,,,,,,,,,,,,,,,,,,,,,,,,,,,,,,,,,,,,,,,,//,//,,,161,161,228,236,128,130,Y,X,96,102,101,101,,,,,,,,,,,,,,,,,,,,,,,,,,,,,,,,,,
M. Grant Thesis,EINP,,Fecal,EINP_W74,AI,94,89,93,138,138,179,181,253,271,103,103,104,104,141,145,97,103,129,129,189,189,238,238,,,,,,,,,,,,,,,,,,,,,,,,,,,,,,,,,,,,,,,,,,,,,,,,,,,,,,,,,,,//,//,,,167,167,224,238,130,130,Y,X,96,104,101,101,,,,,,,,,,,,,,,,,,,,,,,,,,,,,,,,,,
M. Grant Thesis,EINP,,Fecal,WB112,AI,100,89,93,138,138,179,179,253,271,103,103,104,104,141,145,97,103,129,129,189,189,238,238,,,,,,,,,,,,,,,,,,,,,,,,,,,,,,,,,,,,,,,,,,,,,,,,,,,,,,,,,,,89,91,,,167,167,224,238,130,130,Y,X,96,104,101,101,,,,,,,,,,,,,,,,,,,,,,,,,,,,,,,,,,
M. Grant Thesis,EINP,,Fecal,EINP_W92,AJ,83,89,89,136,138,179,187,253,269,104,104,108,108,135,141,//,//,129,129,189,191,232,252,,,,,,,,,,,,,,,,,,,,,,,,,,,,,,,,,,,,,,,,,,,,,,,,,,,,,,,,,,,//,//,,,167,167,//,//,130,132,Y,X,92,102,95,95,,,,,,,,,,,,,,,,,,,,,,,,,,,,,,,,,,
M. Grant Thesis,EINP,,Fecal,EINP_W99,AJ,94,89,89,136,138,179,187,253,269,103,104,108,108,135,141,93,97,129,129,189,191,232,252,,,,,,,,,,,,,,,,,,,,,,,,,,,,,,,,,,,,,,,,,,,,,,,,,,,,,,,,,,,//,//,,,167,167,238,238,130,132,Y,X,92,102,95,95,,,,,,,,,,,,,,,,,,,,,,,,,,,,,,,,,,
M. Grant Thesis,EINP,,Fecal,EINP_W100,AJ ,89,89,89,136,138,179,187,253,269,103,103,108,108,135,141,93,97,129,129,189,191,232,252,,,,,,,,,,,,,,,,,,,,,,,,,,,,,,,,,,,,,,,,,,,,,,,,,,,,,,,,,,,//,//,,,167,167,238,238,//,//,Y,X,92,100,95,95,,,,,,,,,,,,,,,,,,,,,,,,,,,,,,,,,,
M. Grant Thesis,EINP,,Fecal,EINP_W98,AK,94,89,89,134,136,179,187,253,253,103,103,108,108,141,145,103,103,129,129,189,191,232,232,,,,,,,,,,,,,,,,,,,,,,,,,,,,,,,,,,,,,,,,,,,,,,,,,,,,,,,,,,,//,//,,,167,167,228,238,130,132,Y,X,96,102,95,95,,,,,,,,,,,,,,,,,,,,,,,,,,,,,,,,,,
M. Grant Thesis,EINP,,Fecal,WB108,AK,100,89,89,134,136,179,187,253,253,103,103,108,108,141,145,103,103,129,129,189,191,232,238,,,,,,,,,,,,,,,,,,,,,,,,,,,,,,,,,,,,,,,,,,,,,,,,,,,,,,,,,,,81,89,,,167,167,228,238,130,132,Y,X,96,102,95,95,,,,,,,,,,,,,,,,,,,,,,,,,,,,,,,,,,
M. Grant Thesis,EINP,,Fecal,EINPW149,AL,100,89,91,136,136,179,187,253,253,103,103,108,108,141,141,97,103,129,129,189,191,238,254,,,,,,,,,,,,,,,,,,,,,,,,,,,,,,,,,,,,,,,,,,,,,,,,,,,,,,,,,,,89,89,,,167,167,224,238,130,130,Y,X,98,102,101,103,,,,,,,,,,,,,,,,,,,,,,,,,,,,,,,,,,
M. Grant Thesis,EINP,,Fecal,EINPW150,AL,100,89,91,136,136,179,187,253,253,103,103,108,108,141,141,97,103,129,129,189,191,238,254,,,,,,,,,,,,,,,,,,,,,,,,,,,,,,,,,,,,,,,,,,,,,,,,,,,,,,,,,,,89,89,,,167,167,224,238,130,130,Y,X,98,102,101,103,,,,,,,,,,,,,,,,,,,,,,,,,,,,,,,,,,
M. Grant Thesis,EINP,,Fecal,PB102,AM,100,89,91,136,138,185,187,241,253,103,103,102,104,135,135,89,97,129,149,189,191,238,238,,,,,,,,,,,,,,,,,,,,,,,,,,,,,,,,,,,,,,,,,,,,,,,,,,,,,,,,,,,85,87,,,161,165,236,240,130,130,X,X,92,104,99,103,,,,,,,,,,,,,,,,,,,,,,,,,,,,,,,,,,
M. Grant Thesis,EINP,,Fecal,PB134,AM,100,89,91,136,138,185,187,241,253,103,103,102,104,135,135,89,97,129,149,189,191,238,238,,,,,,,,,,,,,,,,,,,,,,,,,,,,,,,,,,,,,,,,,,,,,,,,,,,,,,,,,,,85,87,,,161,165,236,240,130,130,X,X,92,104,99,103,,,,,,,,,,,,,,,,,,,,,,,,,,,,,,,,,,
M. Grant Thesis,EINP,,Fecal,PB105,AN,100,91,91,134,136,179,187,241,253,103,103,102,104,137,147,89,105,143,149,189,195,238,238,,,,,,,,,,,,,,,,,,,,,,,,,,,,,,,,,,,,,,,,,,,,,,,,,,,,,,,,,,,89,91,,,167,167,240,240,130,134,X,X,96,104,95,99,,,,,,,,,,,,,,,,,,,,,,,,,,,,,,,,,,
M. Grant Thesis,EINP,,Fecal,PB108,AN,100,91,91,134,136,179,187,241,253,103,103,102,104,137,147,89,105,143,149,189,195,238,238,,,,,,,,,,,,,,,,,,,,,,,,,,,,,,,,,,,,,,,,,,,,,,,,,,,,,,,,,,,89,91,,,167,167,240,240,130,134,X,X,96,104,95,99,,,,,,,,,,,,,,,,,,,,,,,,,,,,,,,,,,
M. Grant Thesis,EINP,,Fecal,PB110,AN*,83,91,91,134,136,179,187,241,253,103,111,102,104,137,147,89,105,//,//,//,//,238,238,,,,,,,,,,,,,,,,,,,,,,,,,,,,,,,,,,,,,,,,,,,,,,,,,,,,,,,,,,,89,91,,,167,167,240,240,130,134,//,//,96,104,95,99,,,,,,,,,,,,,,,,,,,,,,,,,,,,,,,,,,
M. Grant Thesis,EINP,,Fecal,PB103,AN,100,91,91,134,136,179,187,241,253,103,103,102,104,137,147,89,105,143,149,189,195,238,238,,,,,,,,,,,,,,,,,,,,,,,,,,,,,,,,,,,,,,,,,,,,,,,,,,,,,,,,,,,89,91,,,167,167,240,240,130,134,X,X,96,104,95,99,,,,,,,,,,,,,,,,,,,,,,,,,,,,,,,,,,
2023,Etthithun,Wood Bison,Fecal swab,150_080,AO*,96,89,93,134,136,179,187,241,253,103,103,104,108,141,147,103,103,129,143,191,195,232,252,87,87,160,161,113,113,174,176,227,229,143,143,158,160,90,90,142,148,190,190,246,250,177,177,152,166,144,154,83,83,124,124,165,183,138,148,260,260,146,150,129,129,155,155,91,91,150,150,180,198,106,112,166,176,85,89,161,165,87,89,//,//,167,167,//,//,130,132,X,X,96,102,103,103,181,181,205,205,142,158,149,151,,,,,,,,,,,,,,,,,,,,,,,,,,
2023,Etthithun,Wood Bison,Hair,150_080,AO*,100,89,93,134,136,179,187,241,253,103,103,104,108,141,147,103,103,129,143,191,195,232,252,87,87,160,161,113,113,174,176,227,229,143,143,158,160,90,90,142,148,188,190,246,250,177,177,152,166,144,154,83,83,124,124,165,183,138,148,260,260,146,150,129,129,155,155,91,91,150,150,180,198,106,112,166,176,85,89,161,165,87,89,114,118,167,167,238,238,130,132,X,X,96,102,103,103,181,181,205,205,142,158,149,151,,,,,,,,,,,,,,,,,,,,,,,,,,
2023,Etthithun,Wood Bison,Hair,150_020,AP,100,91,91,136,136,179,187,253,253,103,103,104,104,135,135,93,97,129,141,189,191,232,238,87,89,158,158,113,113,174,174,227,229,143,143,158,158,90,90,140,142,190,194,252,252,167,177,146,152,154,156,83,83,124,124,175,183,142,142,260,262,148,148,129,129,155,155,91,94,150,150,180,196,110,112,172,176,85,89,161,165,89,89,116,118,167,167,224,228,130,132,X,X,102,102,99,103,181,181,205,205,158,166,151,153,,,,,,,,,,,,,,,,,,,,,,,,,,
2023,Etthithun,Wood Bison,Fecal swab,150_020,AP,100,91,91,136,136,179,187,253,253,103,103,104,104,135,135,93,97,129,141,189,191,232,238,87,89,158,158,113,113,174,174,227,229,143,143,158,158,90,90,140,142,190,194,252,252,167,177,146,152,154,156,83,83,124,124,175,183,142,142,260,262,148,148,129,129,155,155,91,94,150,150,180,196,110,112,172,176,85,89,161,165,89,89,116,118,167,167,224,228,130,132,X,X,102,102,99,103,181,181,205,205,158,166,151,153,,,,,,,,,,,,,,,,,,,,,,,,,,
2023,Etthithun,Wood Bison,Fecal swab,150_060,AQ,100,89,89,136,140,179,187,253,253,103,103,104,108,141,141,97,103,129,141,191,191,238,252,87,87,147,158,113,115,174,174,227,229,143,143,156,158,90,90,127,142,188,190,250,252,173,177,152,154,144,152,81,83,124,126,165,175,142,148,262,262,150,150,125,129,155,159,91,92,150,150,180,184,112,112,166,172,89,89,161,161,87,89,116,116,167,167,228,228,128,130,X,X,92,98,95,101,181,181,205,207,144,158,151,153,,,,,,,,,,,,,,,,,,,,,,,,,,
2023,Etthithun,Wood Bison,Hair,150_060,AQ,100,89,89,136,140,179,187,253,253,103,103,104,108,141,141,97,103,129,141,191,191,238,252,87,87,147,158,113,115,174,174,227,229,143,143,156,158,90,90,127,142,188,190,250,252,173,177,152,154,144,152,81,83,124,126,165,175,142,148,262,262,150,150,125,129,155,159,91,92,150,150,180,184,112,112,166,172,89,89,161,161,87,89,116,116,167,167,228,228,128,130,X,X,92,98,95,101,181,181,205,207,144,158,151,153,,,,,,,,,,,,,,,,,,,,,,,,,,
2023,Etthithun,Wood Bison,Hair,150_070,AR,100,89,91,136,138,179,187,241,249,103,103,104,104,135,145,93,97,143,149,191,191,232,232,87,87,147,160,115,115,174,174,227,229,143,143,158,158,90,102,140,142,190,194,252,252,173,177,146,152,156,160,83,83,124,124,175,175,142,142,260,262,148,150,125,129,155,157,91,92,150,150,180,184,110,112,166,172,85,89,161,173,89,89,116,116,161,167,238,238,130,132,X,X,92,98,99,101,177,181,205,207,142,144,151,153,,,,,,,,,,,,,,,,,,,,,,,,,,
2023,Etthithun,Wood Bison,Fecal swab,150_070,AR,100,89,91,136,138,179,187,241,249,103,103,104,104,135,145,93,97,143,149,191,191,232,232,87,87,147,160,115,115,174,174,227,229,143,143,158,158,90,102,140,142,190,194,252,252,173,177,146,152,156,160,83,83,124,124,175,175,142,142,260,262,148,150,125,129,155,157,91,92,150,150,180,184,110,112,166,172,85,89,161,173,89,89,116,116,161,167,238,238,130,132,X,X,92,98,99,101,177,181,205,207,142,144,151,153,,,,,,,,,,,,,,,,,,,,,,,,,,
2023,Etthithun,Wood Bison,Fecal (Pre-Swabbed),74GP5,AR**,100,89,91,136,138,179,187,241,249,103,103,104,104,135,145,93,97,143,149,191,191,232,232,87,87,147,147,115,115,174,174,227,229,143,143,150,158,90,102,140,142,190,194,252,252,173,177,146,152,156,160,83,83,124,124,175,175,142,142,260,262,148,150,125,129,155,157,91,92,150,150,180,184,110,112,166,172,85,89,161,173,89,89,116,116,161,167,238,238,130,132,X,X,92,98,99,101,177,181,205,207,142,144,151,153,,,,,,,,,,,,,,,,,,,,,,,,,,
2023,Etthithun,Wood Bison,Fecal swab,150_100,AS,100,91,91,134,140,179,179,253,271,103,103,108,108,141,141,97,103,129,129,191,191,238,238,87,87,158,160,113,113,172,176,229,229,143,143,154,156,90,102,127,140,190,194,252,252,167,167,152,152,154,154,77,83,124,132,175,183,138,138,262,262,148,150,125,129,155,155,91,91,150,150,180,180,106,110,166,172,85,85,161,173,85,89,116,116,167,167,228,228,128,130,X,X,102,104,95,101,181,191,205,207,142,168,151,151,,,,,,,,,,,,,,,,,,,,,,,,,,
2023,Etthithun,Wood Bison,Hair,150_100,AS,100,91,91,134,140,179,179,253,271,103,103,108,108,141,141,97,103,129,129,191,191,238,238,87,87,158,160,113,113,172,176,229,229,143,143,154,156,90,102,127,140,190,194,252,252,167,167,152,152,154,154,77,83,124,132,175,183,138,138,262,262,148,150,125,129,155,155,91,91,150,150,180,180,106,110,166,172,85,85,161,173,85,89,116,116,167,167,228,228,128,130,X,X,102,104,95,101,181,191,205,207,142,168,151,151,,,,,,,,,,,,,,,,,,,,,,,,,,
2023,Etthithun,Wood Bison,Hair,150_130,AT,100,89,91,134,134,179,187,241,253,103,103,104,108,141,145,93,103,129,143,189,191,232,238,89,91,147,158,113,115,172,174,229,229,143,143,158,160,90,90,142,146,190,194,252,252,177,177,146,152,160,160,81,83,124,132,183,183,142,142,260,262,146,150,125,125,155,155,91,92,150,150,198,198,112,112,170,172,89,89,161,161,89,89,114,116,167,167,228,228,128,130,X,X,92,102,95,101,181,191,205,205,158,158,149,151,,,,,,,,,,,,,,,,,,,,,,,,,,
2023,Etthithun,Wood Bison,Fecal swab,150_130,AT,100,89,91,134,134,179,187,241,253,103,103,104,108,141,145,93,103,129,143,189,191,232,238,89,91,147,158,113,115,172,174,229,229,143,143,158,160,90,90,142,146,190,194,252,252,177,177,146,152,160,160,81,83,124,132,183,183,142,142,260,262,146,150,125,125,155,155,91,92,150,150,198,198,112,112,170,172,89,89,161,161,89,89,114,116,167,167,228,228,128,130,X,X,92,102,95,101,181,191,205,205,158,158,149,151,,,,,,,,,,,,,,,,,,,,,,,,,,
2023,Etthithun,Wood Bison,Fecal swab,10 GP2,AU*,100,89,91,136,138,179,187,253,253,103,103,104,104,135,141,97,97,129,129,191,191,238,238,87,89,147,158,115,115,172,174,227,229,143,143,156,160,90,102,127,138,188,190,252,252,177,177,152,152,154,156,83,83,124,124,175,183,142,142,260,262,146,150,129,129,155,155,91,94,150,150,180,180,110,112,172,176,83,95,165,173,85,89,116,116,167,167,224,228,128,130,Y,X,102,104,95,103,181,181,205,205,142,142,149,151,,,,,,,,,,,,,,,,,,,,,,,,,,
2023,Etthithun,Wood Bison,Fecal swab,16 GP1,AU*,100,89,91,136,138,179,187,253,253,103,103,104,104,135,141,97,97,129,129,191,191,238,238,87,89,147,158,115,115,172,174,227,229,143,143,156,160,90,102,127,138,188,190,252,252,177,177,152,152,154,156,83,83,124,124,175,183,142,142,260,262,146,150,129,129,155,155,91,94,150,150,180,180,110,112,172,176,83,95,165,173,85,89,114,116,167,167,224,228,128,130,Y,X,102,104,95,103,181,181,205,205,142,142,149,151,,,,,,,,,,,,,,,,,,,,,,,,,,
2023,Etthithun,Wood Bison,Fecal swab,14 GP1,AV**,100,89,89,136,138,179,187,253,253,103,103,104,108,141,147,97,103,129,129,189,191,232,232,87,89,158,158,115,115,174,174,229,229,143,143,156,156,90,90,138,142,194,194,246,252,177,177,152,152,144,154,81,83,124,132,183,183,142,148,260,262,150,150,125,129,155,159,91,92,150,150,180,184,106,112,170,176,89,89,161,165,87,89,116,118,161,167,228,238,130,132,X,X,102,102,95,101,177,191,205,207,142,168,149,151,,,,,,,,,,,,,,,,,,,,,,,,,,
2023,Etthithun,Wood Bison,Fecal swab,3 GP1,AV**,98,89,89,136,138,179,187,253,253,103,103,104,108,141,147,97,103,129,129,189,191,232,232,87,89,158,158,115,115,174,174,229,229,143,143,156,156,90,90,138,142,194,194,246,252,177,177,152,152,144,154,81,83,124,132,183,183,142,148,260,262,150,150,125,129,155,159,92,92,150,150,180,184,106,112,170,176,89,89,161,165,87,89,//,//,161,167,228,238,130,132,X,X,102,102,95,101,177,191,207,207,142,168,149,151,,,,,,,,,,,,,,,,,,,,,,,,,,
2023,Etthithun,Wood Bison,Fecal swab,23 GP2,AW***,100,91,91,136,136,187,187,253,253,103,103,104,104,135,141,97,103,129,143,189,191,238,238,87,89,158,162,115,115,172,172,227,233,143,143,158,160,90,90,127,142,188,190,252,252,167,177,146,146,144,144,81,83,124,126,183,183,142,142,262,262,150,150,123,125,155,155,91,92,150,150,180,196,110,112,170,174,89,89,161,169,85,89,116,118,167,167,228,228,130,132,Y,X,102,102,101,101,181,181,207,215,144,158,153,153,,,,,,,,,,,,,,,,,,,,,,,,,,
2023,Etthithun,Wood Bison,Fecal swab,24 GP2,AW***,98,91,91,136,136,187,187,253,253,101,103,104,104,135,141,97,103,129,143,189,191,238,238,87,89,158,162,115,115,172,172,227,233,143,143,158,160,90,90,127,142,188,190,252,252,167,177,146,146,144,144,81,83,124,126,183,183,142,142,262,262,150,150,125,125,155,155,91,92,150,150,180,196,110,112,170,174,89,89,161,169,85,89,//,//,167,167,228,228,130,130,Y,X,102,102,101,101,181,181,207,215,144,158,153,153,,,,,,,,,,,,,,,,,,,,,,,,,,
2023,Etthithun,Wood Bison,Biopsy,5,AX****,100,89,89,136,136,187,187,253,271,103,103,104,104,135,147,93,103,129,143,191,191,232,238,87,89,147,147,108,115,174,174,227,229,143,143,156,158,90,90,140,142,188,194,246,252,167,177,152,152,144,152,83,83,124,124,175,175,138,148,260,262,150,150,125,129,155,159,91,94,150,150,198,198,106,112,166,166,89,89,165,169,81,89,116,118,167,167,228,228,130,132,X,X,102,104,95,99,181,181,207,211,142,158,145,151,,,,,,,,,,,,,,,,,,,,,,,,,,
2023,Etthithun,Wood Bison,Fecal swab,25 GP2,AX****,96,89,89,136,136,187,187,253,271,103,104,104,104,135,147,93,103,129,143,191,191,232,238,89,89,147,147,108,115,174,174,227,227,143,143,156,158,90,90,140,142,188,194,246,252,167,177,152,152,144,152,83,83,124,124,175,175,138,148,260,262,150,150,125,129,155,159,91,94,150,150,198,198,106,112,166,166,89,89,165,169,89,89,//,//,167,167,228,228,130,132,X,X,102,104,95,99,181,181,207,211,142,158,//,//,,,,,,,,,,,,,,,,,,,,,,,,,,
2023,Etthithun,Wood Bison,Fecal (Pre-Swabbed),51GP3,AY**,100,89,91,134,138,181,187,253,253,103,103,104,108,135,141,91,93,129,149,189,191,232,238,87,87,147,158,108,115,172,174,229,233,143,143,158,158,90,90,142,148,194,194,252,252,177,177,146,152,154,154,81,83,124,124,165,183,142,142,262,262,150,150,123,129,155,155,91,91,150,150,180,198,110,112,166,172,85,85,165,169,81,89,116,118,167,167,228,238,130,132,X,X,102,102,95,103,177,181,205,207,144,158,145,151,,,,,,,,,,,,,,,,,,,,,,,,,,
2023,Etthithun,Wood Bison,Fecal (Pre-Swabbed),59GP3,AY**,98,89,91,134,138,181,187,253,253,103,103,104,108,135,141,91,93,129,149,191,191,232,238,87,87,147,158,108,115,172,174,229,233,143,143,158,158,90,90,142,148,194,194,252,252,177,177,146,152,154,154,81,83,124,124,165,183,142,142,262,262,150,150,123,129,155,155,91,91,150,150,180,198,110,112,166,172,85,89,165,169,81,89,116,118,167,167,228,238,130,132,//,//,102,102,95,103,177,181,205,207,144,158,145,151,,,,,,,,,,,,,,,,,,,,,,,,,,
2023,Etthithun,Wood Bison,Fecal swab,13 GP1,AZ*,100,89,93,134,134,179,187,253,253,103,103,100,108,141,147,93,97,129,143,191,191,232,238,87,87,158,158,113,115,172,174,229,229,143,143,158,158,90,90,127,140,188,194,246,252,173,177,152,166,160,160,77,81,124,126,175,183,142,148,260,262,150,150,125,129,155,155,92,92,150,150,184,198,110,112,166,172,89,89,161,165,85,91,116,118,167,171,228,238,130,130,X,X,98,102,95,103,181,181,205,207,144,168,151,151,,,,,,,,,,,,,,,,,,,,,,,,,,
2023,Etthithun,Wood Bison,Fecal (Pre-Swabbed),7GP1,AZ*,100,89,93,134,134,179,187,253,253,103,103,100,108,141,147,93,97,129,143,191,191,232,238,87,87,158,158,113,115,172,174,229,229,143,143,158,158,90,90,127,140,188,194,246,252,173,177,152,166,160,160,77,81,124,126,175,183,142,148,260,262,150,150,125,129,155,155,92,92,150,150,184,198,110,112,166,172,89,89,161,165,85,91,116,118,167,167,228,238,130,130,X,X,98,102,95,103,181,181,205,207,144,168,151,151,,,,,,,,,,,,,,,,,,,,,,,,,,
2023,Etthithun,Wood Bison,Fecal swab,17 GP1,BA***,100,89,91,136,136,179,187,253,253,103,103,104,104,135,141,97,103,129,129,189,191,232,238,87,91,147,158,113,115,172,174,227,229,143,143,158,158,90,102,142,146,190,194,246,252,177,177,146,152,144,160,81,83,124,132,165,183,142,142,260,262,140,150,125,125,155,155,91,92,150,150,184,198,110,112,166,170,85,89,161,161,89,89,114,116,167,167,224,238,130,132,Y,X,92,98,95,103,177,181,207,211,144,158,151,151,,,,,,,,,,,,,,,,,,,,,,,,,,
2023,Etthithun,Wood Bison,Fecal (Pre-Swabbed),9GP1,BA***,98,89,91,136,136,179,187,253,253,103,103,104,104,135,141,97,103,129,129,189,191,232,238,87,91,147,158,113,115,172,174,227,229,143,143,158,158,90,102,142,146,190,194,246,252,177,177,146,152,144,160,81,83,124,132,165,183,142,142,260,262,140,150,125,125,155,155,92,92,150,150,184,198,110,112,166,170,89,89,161,161,83,89,//,//,167,167,224,238,130,132,Y,X,92,98,95,103,177,181,207,211,144,158,151,151,,,,,,,,,,,,,,,,,,,,,,,,,,
2023,Etthithun,Wood Bison,Fecal swab,19 GP2,BB*,100,91,91,136,136,179,187,253,253,103,103,104,108,135,145,97,103,129,143,189,191,232,238,89,91,158,162,113,115,172,174,227,229,143,143,158,158,90,90,142,142,188,194,246,252,167,177,146,146,144,154,83,83,124,124,183,183,142,142,260,262,150,150,125,129,155,155,91,92,150,150,180,196,110,112,166,170,89,89,169,173,85,89,116,118,167,167,228,228,130,130,Y,X,102,102,101,101,181,181,205,215,158,164,151,153,,,,,,,,,,,,,,,,,,,,,,,,,,
2023,Etthithun,Wood Bison,Fecal (Pre-Swabbed),31GP3,BB*,100,91,91,136,136,179,187,253,253,103,103,104,108,135,145,97,103,129,143,189,191,232,238,89,91,158,162,113,115,172,174,227,229,143,143,158,158,90,90,142,142,188,194,246,252,167,177,146,146,144,154,83,83,124,124,183,183,142,142,260,262,150,150,125,129,155,155,91,92,150,150,180,196,110,112,166,170,89,89,169,173,85,89,116,118,167,167,228,228,130,130,X,X,102,102,101,101,181,181,205,215,158,164,151,153,,,,,,,,,,,,,,,,,,,,,,,,,,
2023,Etthithun,Wood Bison,Fecal (Pre-Swabbed),46GP3,BC*,100,91,91,136,138,187,187,253,253,103,103,108,108,135,135,97,103,143,143,191,191,232,238,87,87,162,162,108,113,174,174,227,229,143,143,158,158,90,90,127,142,190,194,252,252,167,177,146,146,160,160,83,83,124,124,183,183,142,148,260,262,140,150,125,125,155,155,91,92,150,150,180,184,112,112,166,166,83,89,161,165,89,89,116,116,167,167,228,228,130,130,X,X,92,104,101,103,177,181,211,215,164,164,151,151,,,,,,,,,,,,,,,,,,,,,,,,,,
2023,Etthithun,Wood Bison,Fecal (Pre-Swabbed),48GP3,BC*,100,91,91,136,138,187,187,253,253,103,103,108,108,135,135,97,103,143,143,191,191,232,238,87,87,162,162,108,113,174,174,227,229,143,143,158,158,90,90,127,142,190,194,252,252,167,177,146,146,160,160,83,83,124,124,183,183,142,148,260,262,140,150,125,125,155,155,91,92,150,150,180,184,112,112,166,166,83,89,161,165,89,89,116,116,167,167,228,228,130,130,X,X,92,104,101,103,177,181,211,215,164,166,151,151,,,,,,,,,,,,,,,,,,,,,,,,,,
2023,Etthithun,Wood Bison,Fecal (Pre-Swabbed),56GP3,BD**,100,89,89,136,136,179,187,253,253,103,103,104,104,135,145,89,103,129,149,189,189,238,238,87,87,158,162,115,115,174,174,227,231,143,143,158,158,90,90,128,142,190,194,246,252,167,173,146,146,154,154,81,83,124,124,183,183,138,142,260,262,146,150,125,129,155,155,92,92,150,150,180,184,112,116,166,170,89,89,161,161,85,87,116,118,167,167,228,228,130,130,Y,X,92,102,101,103,181,181,205,207,144,158,149,153,,,,,,,,,,,,,,,,,,,,,,,,,,
2023,Etthithun,Wood Bison,Fecal (Pre-Swabbed),60GP3,BD***,100,89,89,136,136,179,187,253,253,101,103,104,104,135,145,89,103,129,149,189,189,238,252,87,87,158,162,115,115,174,174,227,231,143,143,158,158,90,90,128,142,190,194,246,252,167,173,146,146,152,154,81,83,124,124,183,183,138,142,260,262,146,150,125,129,155,155,92,92,150,150,180,184,112,112,166,170,89,89,161,161,85,85,116,118,167,167,228,228,130,130,Y,X,92,102,101,103,181,181,205,207,144,158,149,153,,,,,,,,,,,,,,,,,,,,,,,,,,
2023,Etthithun,Wood Bison,Fecal (Pre-Swabbed),61GP3,BD***,100,89,89,136,136,179,187,253,253,103,103,104,104,135,145,89,103,129,149,189,189,238,252,87,87,162,162,108,115,174,174,227,231,143,143,158,158,90,90,128,142,190,194,246,246,167,173,146,146,154,154,81,83,124,124,183,183,138,142,260,262,146,150,125,129,155,155,92,92,150,150,180,184,112,112,166,170,89,89,161,161,85,87,116,118,167,167,228,228,130,130,Y,X,92,102,101,103,181,181,205,207,144,158,149,153,,,,,,,,,,,,,,,,,,,,,,,,,,
2023,Etthithun,Wood Bison,Biopsy,20,BE,100,91,91,136,136,181,187,241,241,103,103,104,104,147,147,93,103,143,143,191,191,232,238,87,87,147,158,108,108,172,174,227,231,143,143,158,158,90,102,140,140,194,194,246,246,173,177,152,152,160,160,81,81,124,124,165,183,148,148,262,262,148,150,129,129,155,155,91,91,148,150,196,198,112,112,166,176,85,89,161,161,87,89,118,118,167,167,228,228,130,132,X,X,92,102,101,103,181,181,205,205,142,142,151,151,,,,,,,,,,,,,,,,,,,,,,,,,,
2023,Etthithun,Wood Bison,Fecal (Pre-Swabbed),83GP5,BE,100,91,91,136,136,181,187,241,241,103,103,104,104,147,147,93,103,143,143,191,191,232,238,87,87,147,158,108,108,172,174,227,231,143,143,158,158,90,102,140,140,194,194,246,246,173,177,152,152,160,160,81,81,124,124,165,183,148,148,262,262,148,150,129,129,155,155,91,91,148,150,196,198,112,112,166,176,85,89,161,161,87,89,118,118,167,167,228,228,130,132,X,X,92,102,101,103,181,181,205,205,142,142,151,151,,,,,,,,,,,,,,,,,,,,,,,,,,
2023,Etthithun,Wood Bison,Fecal (Pre-Swabbed),70GP5,BE**,100,91,91,136,136,181,187,241,241,103,103,104,104,147,147,93,103,143,143,191,191,232,238,87,87,147,158,108,108,174,174,231,231,143,143,158,158,90,102,140,140,194,194,246,246,173,177,152,152,160,160,81,81,124,124,165,183,148,148,262,262,148,150,129,129,155,155,91,91,148,150,196,198,112,112,166,176,85,89,161,161,87,89,118,118,167,167,228,228,130,132,X,X,92,102,101,103,181,181,205,205,142,142,151,151,,,,,,,,,,,,,,,,,,,,,,,,,,
2023,Etthithun,Wood Bison,Biopsy,21,BF****,100,89,91,136,136,179,179,253,253,103,103,104,104,141,145,103,103,129,141,189,191,238,238,87,89,158,162,108,115,172,174,225,229,143,143,158,160,90,102,140,140,190,190,252,252,167,177,152,154,144,144,77,83,132,132,183,183,142,148,262,262,150,150,125,129,155,159,91,92,150,150,180,196,112,112,172,176,89,89,165,173,89,89,116,118,167,167,228,228,130,132,X,X,98,102,101,103,177,181,205,207,144,168,149,153,,,,,,,,,,,,,,,,,,,,,,,,,,
2023,Etthithun,Wood Bison,Fecal (Pre-Swabbed),80GP5,BF****,100,91,91,136,136,179,179,253,253,103,103,104,104,141,145,103,103,129,141,191,191,238,238,87,89,158,162,108,115,172,174,225,229,143,143,160,160,90,102,140,140,190,190,252,252,167,177,152,154,144,144,77,83,132,132,183,183,142,148,262,262,150,150,125,129,155,159,91,92,150,150,180,196,112,112,172,176,89,89,165,173,89,89,116,118,167,167,228,228,130,132,Y,X,98,102,101,103,177,181,205,207,144,168,149,153,,,,,,,,,,,,,,,,,,,,,,,,,,
2023,Etthithun,Wood Bison,Fecal (Pre-Swabbed),64/84GP5,BG****,98,89,91,136,136,179,187,253,253,103,103,108,108,141,145,103,103,129,143,189,189,238,238,87,87,158,160,115,115,174,174,229,233,143,143,158,160,90,90,140,140,188,194,246,252,177,177,164,166,144,154,83,83,124,124,183,183,142,142,260,260,146,146,125,129,155,159,92,92,150,150,184,184,112,112,170,176,85,89,//,//,89,89,116,116,167,167,228,228,130,130,X,X,102,102,103,103,181,181,205,205,142,158,151,153,,,,,,,,,,,,,,,,,,,,,,,,,,
2023,Etthithun,Wood Bison,Fecal (Pre-Swabbed),73GP5,BG****,100,89,91,136,136,179,187,253,253,103,103,108,108,141,145,103,103,129,143,189,189,238,238,87,87,158,160,113,115,174,176,229,233,143,143,158,160,90,90,138,140,188,194,246,252,177,177,164,166,144,154,83,83,124,124,183,183,142,142,260,260,146,146,125,129,155,159,92,92,150,150,184,198,112,112,170,176,85,89,161,169,89,89,116,116,167,167,228,228,130,130,X,X,102,102,103,103,181,181,205,205,142,158,151,153,,,,,,,,,,,,,,,,,,,,,,,,,,
2023,Etthithun,Wood Bison,Fecal swab,1 GP1,BH*,100,89,91,136,138,179,181,253,269,103,103,104,108,141,141,97,97,129,129,189,191,238,238,87,89,158,158,113,115,174,174,229,229,143,143,156,156,90,90,127,142,190,194,252,252,167,177,146,152,144,156,77,83,124,132,175,183,142,148,260,262,150,150,125,129,155,155,91,94,150,150,180,180,110,110,166,170,85,89,161,173,91,91,116,116,167,167,228,228,130,130,X,X,98,104,101,101,181,181,211,211,158,168,151,151,,,,,,,,,,,,,,,,,,,,,,,,,,
2025,Etthithun,-,Tissue,BISO25-005,BH*,98,89,91,136,138,179,181,253,269,103,103,104,108,141,141,97,97,129,129,189,191,238,238,87,89,158,158,113,115,174,174,229,229,143,143,156,156,90,90,128,142,190,194,252,252,167,177,146,152,144,156,77,83,124,132,175,183,142,148,260,262,150,150,125,129,155,155,91,94,150,150,180,180,110,110,166,170,85,89,161,173,81,91,116,116,167,167,228,228,130,130,X,X,98,104,101,101,181,181,211,211,158,168,151,151,,,,,,,,,,,,,,,,,,,,,,,,,,
2023,Etthithun,Wood Bison,Biopsy,7,BI**,100,93,93,134,136,187,187,253,269,103,103,104,104,141,147,93,103,129,129,189,195,232,238,87,87,147,158,108,115,172,174,227,229,143,143,156,158,90,90,142,146,190,190,250,252,167,177,152,154,154,154,83,83,124,132,175,183,138,142,260,262,140,150,125,129,153,155,92,92,150,150,180,180,112,112,170,174,89,89,161,165,89,89,116,118,167,167,228,228,132,132,X,X,102,102,101,103,177,181,207,215,166,168,153,153,,,,,,,,,,,,,,,,,,,,,,,,,,
2025,Etthithun,-,Tissue,BISO25-009,BI**,96,93,93,134,136,187,187,253,269,103,103,104,104,141,147,93,103,129,129,189,195,232,238,87,87,147,158,108,115,172,174,227,229,143,143,156,158,90,90,142,146,190,190,250,252,167,177,152,154,154,154,83,83,124,132,175,183,138,142,260,262,140,150,125,129,153,155,92,92,150,150,180,180,112,112,170,174,89,89,161,165,89,89,116,116,167,167,228,228,132,132,//,//,102,102,101,103,177,181,207,215,166,166,153,153,,,,,,,,,,,,,,,,,,,,,,,,,,
2023,Etthithun,Wood Bison,Fecal (Pre-Swabbed),72GP5,BJ**,100,91,91,136,138,179,187,241,253,103,103,104,108,147,147,97,103,129,143,189,191,232,252,87,87,147,162,113,113,174,174,229,229,143,143,158,160,90,102,140,142,190,194,252,252,167,177,164,166,160,160,81,83,124,124,165,165,142,148,260,260,150,150,125,129,155,155,91,91,150,150,180,184,112,112,176,176,85,89,161,173,89,89,116,118,167,167,224,238,130,130,X,X,92,92,99,101,177,181,205,211,158,166,147,151,,,,,,,,,,,,,,,,,,,,,,,,,,
2025,Etthithun,-,Tissue,BISO25-006,BJ**,98,91,91,136,138,179,187,241,253,103,103,104,108,147,147,97,103,129,143,189,191,232,252,87,87,147,162,113,113,174,174,229,229,143,143,158,160,90,90,140,142,190,194,252,252,167,177,164,166,160,160,81,83,124,124,165,165,142,148,260,260,150,150,125,129,155,155,91,91,150,150,180,184,112,112,176,176,85,89,161,173,81,89,116,118,167,167,224,238,130,130,X,X,92,92,99,101,177,181,205,211,158,166,147,151,,,,,,,,,,,,,,,,,,,,,,,,,,
2023,Hay Zama,Wood Bison,Fecal swab,150_510,BK*,88,89,91,138,140,187,187,253,269,103,103,108,108,135,141,93,97,129,141,189,191,232,238,87,91,158,161,113,115,172,174,231,233,143,143,158,158,90,90,140,146,190,194,252,252,173,177,152,152,144,160,81,83,132,132,183,183,138,138,262,262,150,150,125,129,157,159,91,91,150,150,180,196,106,112,166,172,89,89,161,173,89,89,//,//,161,167,//,//,//,//,X,X,//,//,//,//,191,193,205,211,144,166,//,//,,,,,,,,,,,,,,,,,,,,,,,,,,
2023,Hay Zama,Wood Bison,Hair,150_510,BK*,100,89,91,138,140,187,187,253,269,103,103,108,108,135,141,93,97,129,141,189,191,232,238,87,91,158,161,113,115,172,174,231,233,143,143,158,158,90,90,140,146,190,194,252,252,173,177,152,152,144,160,81,83,132,132,183,183,138,138,262,262,150,150,125,129,157,159,91,91,150,150,180,196,106,112,166,172,89,89,161,173,89,89,116,118,161,167,228,236,130,130,X,X,102,102,95,101,191,191,205,211,144,166,145,151,,,,,,,,,,,,,,,,,,,,,,,,,,
2023,Hay Zama,Wood Bison,Fecal swab,150_400,BL,98,89,89,136,140,187,191,249,249,103,103,104,108,135,141,93,97,129,129,191,195,232,232,87,91,158,158,115,115,172,176,227,229,143,143,158,160,90,102,142,146,188,190,250,254,173,177,146,158,154,154,81,81,124,124,165,183,142,142,260,260,150,150,125,129,153,155,91,91,150,150,180,184,110,110,166,172,89,89,161,165,89,91,//,//,161,167,238,238,114,130,X,X,102,102,95,101,181,181,207,207,166,168,145,149,,,,,,,,,,,,,,,,,,,,,,,,,,
2023,Hay Zama,Wood Bison,Hair,150_400,BL,100,89,89,136,140,187,191,249,249,103,103,104,108,135,141,93,97,129,129,191,195,232,232,87,91,158,158,115,115,172,176,227,229,143,143,158,160,90,102,142,146,188,190,250,254,173,177,146,158,154,154,81,81,124,124,165,183,142,142,260,260,150,150,125,129,153,155,91,91,150,150,180,184,110,110,166,172,89,89,161,165,89,91,114,118,161,167,238,238,114,130,X,X,102,102,95,101,181,181,207,207,166,168,145,149,,,,,,,,,,,,,,,,,,,,,,,,,,
2023,Hay Zama,Wood Bison,Fecal swab,150_490,BM,98,89,89,136,138,187,187,249,253,103,103,108,108,135,145,93,103,129,129,189,191,238,238,87,87,158,158,113,115,172,174,229,231,143,143,156,158,90,90,127,146,190,194,252,252,173,177,152,152,144,154,81,83,124,124,175,183,142,142,262,262,150,150,125,129,155,159,91,94,148,150,180,196,106,112,172,172,89,89,161,169,87,89,//,//,167,167,228,228,130,130,X,X,92,96,95,103,181,191,205,211,158,168,145,153,,,,,,,,,,,,,,,,,,,,,,,,,,
2023,Hay Zama,Wood Bison,Hair,150_490,BM,100,89,89,136,138,187,187,249,253,103,103,108,108,135,145,93,103,129,129,189,191,238,238,87,87,158,158,113,115,172,174,229,231,143,143,156,158,90,90,127,146,190,194,252,252,173,177,152,152,144,154,81,83,124,124,175,183,142,142,262,262,150,150,125,129,155,159,91,94,148,150,180,196,106,112,172,172,89,89,161,169,87,89,116,116,167,167,228,228,130,130,X,X,92,96,95,103,181,191,205,211,158,168,145,153,,,,,,,,,,,,,,,,,,,,,,,,,,
2023,Hay Zama,Wood Bison,Fecal swab,150_610,BN,98,89,89,136,138,179,187,253,253,103,103,108,108,145,145,85,97,129,141,189,195,232,238,87,87,158,160,108,113,172,174,229,233,143,143,160,160,90,90,127,142,188,190,252,254,167,177,152,152,152,160,81,83,124,132,183,183,142,142,260,260,150,150,129,129,155,157,91,92,148,150,180,180,112,112,172,172,89,89,161,165,87,91,//,//,167,167,228,228,128,128,X,X,102,102,95,103,181,181,211,215,158,166,145,145,,,,,,,,,,,,,,,,,,,,,,,,,,
2023,Hay Zama,Wood Bison,Hair,150_610,BN,100,89,89,136,138,179,187,253,253,103,103,108,108,145,145,85,97,129,141,189,195,232,238,87,87,158,160,108,113,172,174,229,233,143,143,160,160,90,90,127,142,188,190,252,254,167,177,152,152,152,160,81,83,124,132,183,183,142,142,260,260,150,150,129,129,155,157,91,92,148,150,180,180,112,112,172,172,89,89,161,165,87,91,116,116,167,167,228,228,128,128,X,X,102,102,95,103,181,181,211,215,158,166,145,145,,,,,,,,,,,,,,,,,,,,,,,,,,
2023,Hay Zama,Wood Bison,Hair,150_620,BO,100,89,91,138,138,187,191,253,253,103,104,104,108,145,145,89,97,129,149,189,195,232,238,87,91,158,158,113,115,172,172,227,229,143,143,156,158,90,90,142,142,194,194,248,252,173,173,152,152,144,154,81,83,124,132,165,183,138,148,262,262,146,150,129,129,155,155,91,94,148,150,180,180,110,110,172,172,85,89,161,161,81,89,116,118,167,167,228,238,130,130,X,X,92,98,101,103,181,181,201,205,144,168,145,145,,,,,,,,,,,,,,,,,,,,,,,,,,
2023,Hay Zama,Wood Bison,Fecal swab,150_620,BO,100,89,91,138,138,187,191,253,253,103,104,104,108,145,145,89,97,129,149,189,195,232,238,87,91,158,158,113,115,172,172,227,229,143,143,156,158,90,90,142,142,194,194,248,252,173,173,152,152,144,154,81,83,124,132,165,183,138,148,262,262,146,150,129,129,155,155,91,94,148,150,180,180,110,110,172,172,85,89,161,161,81,89,116,118,167,167,228,238,130,130,X,X,92,98,101,103,181,181,201,205,144,168,145,145,,,,,,,,,,,,,,,,,,,,,,,,,,
2023,Hay Zama,Wood Bison,Fecal swab,150_790,BP,100,89,91,136,138,187,191,253,269,103,103,104,108,141,141,97,97,129,141,191,191,232,238,87,87,158,162,113,113,172,176,227,233,143,143,156,160,90,90,140,142,190,194,252,252,167,177,152,158,154,160,81,83,126,132,165,183,138,142,262,262,150,150,125,129,155,159,91,91,148,150,180,196,110,110,172,172,89,89,161,173,85,89,116,116,167,167,224,236,130,132,X,X,98,102,101,101,181,191,205,211,144,166,145,153,,,,,,,,,,,,,,,,,,,,,,,,,,
2023,Hay Zama,Wood Bison,Hair,150_790,BP,100,89,91,136,138,187,191,253,269,103,103,104,108,141,141,97,97,129,141,191,191,232,238,87,87,158,162,113,113,172,176,227,233,143,143,156,160,90,90,140,142,190,194,252,252,167,177,152,158,154,160,81,83,126,132,165,183,138,142,262,262,150,150,125,129,155,159,91,91,148,150,180,196,110,110,172,172,89,89,161,173,85,89,116,116,167,167,224,236,130,132,X,X,98,102,101,101,181,191,205,211,144,166,145,153,,,,,,,,,,,,,,,,,,,,,,,,,,
2023,Hay Zama,Wood Bison,Fecal swab,151_060,BQ,98,89,89,136,136,181,187,253,253,103,103,108,108,141,141,93,103,129,143,189,195,232,232,87,87,158,162,113,113,172,178,229,231,143,143,156,158,90,90,142,142,190,194,252,252,167,177,146,154,154,154,83,83,124,132,183,183,142,142,262,262,148,150,125,129,155,159,95,95,148,150,180,180,112,112,172,176,89,89,161,161,87,89,//,//,161,161,228,228,130,132,X,X,98,104,101,101,181,181,205,211,144,144,151,153,,,,,,,,,,,,,,,,,,,,,,,,,,
2023,Hay Zama,Wood Bison,Hair,151_060,BQ,100,89,89,136,136,181,187,253,253,103,103,108,108,141,141,93,103,129,143,189,195,232,232,87,87,158,162,113,113,172,178,229,231,143,143,156,158,90,90,142,142,190,194,252,252,167,177,146,154,154,154,83,83,124,132,183,183,142,142,262,262,148,150,125,129,155,159,95,95,148,150,180,180,112,112,172,176,89,89,161,161,87,89,116,118,161,161,228,228,130,132,X,X,98,104,101,101,181,181,205,211,144,144,151,153,,,,,,,,,,,,,,,,,,,,,,,,,,
2023,Hay Zama,Wood Bison,Fecal swab,151_220,BR,98,93,93,136,140,179,187,249,249,103,103,108,108,141,145,93,103,141,149,189,191,232,238,87,87,158,162,108,115,172,180,227,229,143,143,158,160,90,102,138,142,190,190,250,252,167,173,152,166,154,154,81,83,124,132,165,183,142,142,260,260,146,150,125,125,157,159,91,94,148,150,180,180,112,112,166,172,85,89,161,161,87,89,//,//,161,167,228,228,114,130,X,X,104,104,101,101,177,181,211,215,158,166,145,153,,,,,,,,,,,,,,,,,,,,,,,,,,
2023,Hay Zama,Wood Bison,Hair,151_220,BR,100,93,93,136,140,179,187,249,249,103,103,108,108,141,145,93,103,141,149,189,191,232,238,87,87,158,162,108,115,172,180,227,229,143,143,158,160,90,102,138,142,190,190,250,252,167,173,152,166,154,154,81,83,124,132,165,183,142,142,260,260,146,150,125,125,157,159,91,94,148,150,180,180,112,112,166,172,85,89,161,161,87,89,116,116,161,167,228,228,114,130,X,X,104,104,101,101,177,181,211,215,158,166,145,153,,,,,,,,,,,,,,,,,,,,,,,,,,
2023,Hay Zama,Wood Bison,Hair,151_390,BS,100,89,91,138,138,187,187,253,269,103,103,108,108,141,145,93,93,129,143,195,195,232,232,87,87,158,158,108,115,172,172,229,233,143,143,156,158,90,90,142,146,194,194,252,254,167,177,152,152,152,160,81,83,124,132,165,165,142,142,262,262,150,150,125,129,153,155,91,92,150,150,180,180,112,112,166,172,89,89,165,169,81,87,116,118,167,167,238,238,130,130,X,X,102,104,95,95,177,181,211,211,168,168,153,153,,,,,,,,,,,,,,,,,,,,,,,,,,
2025,Hay Zama,-,Tissue,BISO25-012,BS,98,89,91,138,138,187,187,253,269,103,103,108,108,141,145,93,93,129,143,195,195,232,232,87,87,158,158,108,115,172,172,229,233,143,143,156,158,90,90,142,146,194,194,252,254,167,177,152,152,152,160,81,83,124,132,165,165,142,142,262,262,150,150,125,129,153,155,91,92,150,150,180,180,112,112,166,172,89,89,165,169,81,87,116,118,167,167,238,238,130,130,X,X,102,104,95,95,177,181,211,211,168,168,153,153,,,,,,,,,,,,,,,,,,,,,,,,,,
2023,Hay Zama,Wood Bison,Hair,150_000,BT*,100,89,93,136,138,187,187,249,253,103,103,104,108,145,145,93,93,129,149,189,189,238,238,87,89,158,158,113,115,172,172,227,227,143,143,156,158,90,90,128,146,188,194,248,252,167,173,152,152,160,160,81,83,124,124,183,183,138,142,260,262,146,150,125,129,155,155,91,92,150,150,180,180,110,112,166,172,85,89,161,165,89,89,116,116,167,167,228,238,130,132,X,X,96,102,95,95,181,181,211,211,144,166,149,151,,,,,,,,,,,,,,,,,,,,,,,,,,
2025,Hay Zama,-,Tissue,BISO25-021,BT*,98,89,93,136,138,187,187,249,253,103,103,104,108,145,145,93,103,129,149,189,189,238,238,87,89,158,158,113,115,172,172,227,227,143,143,156,158,90,90,128,146,188,194,248,252,167,173,152,152,160,160,81,83,124,124,183,183,138,142,260,262,146,150,125,129,155,155,91,92,150,150,180,180,110,112,166,172,85,89,161,165,89,89,116,116,167,167,228,238,130,132,X,X,96,102,95,95,181,181,211,211,144,166,149,151,,,,,,,,,,,,,,,,,,,,,,,,,,
2024,McCusker River,-,Fecal,24_McCR_005,BU,98,89,89,138,140,185,187,241,245,103,105,106,106,135,137,91,101,143,149,191,195,232,232,87,89,143,160,108,113,172,180,229,231,143,143,154,154,90,100,140,140,190,194,246,254,165,165,142,158,154,156,83,83,122,124,179,185,142,142,262,262,140,140,127,127,155,155,91,92,146,146,192,192,106,108,168,176,89,89,161,161,85,87,114,116,161,161,228,228,130,130,Y,X,92,92,95,97,177,191,205,207,//,//,149,153,,,,,,,,,,,,,,,,,,,,,,,,,,
2024,McCusker River,-,Fecal,24_McCR_008,BU,98,89,89,138,140,185,187,241,245,103,105,106,106,135,137,91,101,143,149,191,195,232,232,87,89,143,160,108,113,172,180,229,231,143,143,154,154,90,100,140,140,190,194,246,254,165,165,142,158,154,156,83,83,122,124,179,185,142,142,262,262,140,140,127,127,155,155,91,92,146,146,192,192,106,108,168,176,89,89,161,161,85,87,114,116,161,161,228,228,130,130,Y,X,92,92,95,97,177,191,205,207,//,//,149,153,,,,,,,,,,,,,,,,,,,,,,,,,,
2024,McCusker River,-,Fecal,24_McCR_001,BU*,98,89,89,138,140,185,187,241,245,103,105,106,106,135,137,91,101,143,149,191,195,232,232,87,89,143,160,108,113,172,180,229,231,143,143,154,154,90,100,127,140,190,194,246,254,165,165,142,158,154,156,83,83,122,124,179,185,142,142,262,262,140,140,127,127,155,155,91,92,146,146,192,192,106,108,168,176,89,89,161,161,85,87,114,116,161,161,228,228,130,130,Y,X,92,92,95,97,177,191,205,207,162,162,//,//,,,,,,,,,,,,,,,,,,,,,,,,,,
2024,McCusker River,-,Fecal,24_McCR_003,BV,98,89,89,136,136,179,185,241,241,103,103,104,106,135,135,97,105,149,149,195,195,232,238,87,87,154,160,108,115,172,172,231,231,147,147,154,156,90,90,127,140,194,200,246,246,165,175,156,158,156,156,81,83,122,124,181,185,148,150,256,262,140,140,127,131,153,155,92,92,146,146,180,192,106,108,172,172,83,89,165,165,87,91,//,//,161,161,228,228,130,130,X,X,92,92,97,99,177,191,201,201,164,164,149,149,,,,,,,,,,,,,,,,,,,,,,,,,,
2024,McCusker River,-,Fecal,24_McCR_006,BV,96,89,89,136,136,179,185,241,241,103,103,104,106,135,135,97,105,149,149,195,195,232,238,87,87,154,160,108,115,172,172,231,231,147,147,154,156,90,90,127,140,194,200,246,246,165,175,156,158,156,156,81,83,122,124,181,185,148,150,256,262,140,140,127,131,153,155,92,92,146,146,180,192,106,108,172,172,83,89,165,165,87,91,//,//,161,161,228,228,130,130,X,X,92,92,97,99,177,191,201,201,//,//,149,149,,,,,,,,,,,,,,,,,,,,,,,,,,
2024,McCusker River,-,Fecal,24_McCR_013,BV,96,89,89,136,136,179,185,241,241,103,103,104,106,135,135,97,105,149,149,195,195,232,238,87,87,154,160,108,115,172,172,231,231,147,147,154,156,90,90,127,140,194,200,246,246,165,175,156,158,156,156,81,83,122,124,181,185,148,150,256,262,140,140,127,131,153,155,92,92,146,146,180,192,106,108,172,172,83,89,165,165,87,91,//,//,161,161,228,228,130,130,X,X,92,92,97,99,177,191,201,201,//,//,149,149,,,,,,,,,,,,,,,,,,,,,,,,,,
2024,McCusker River,-,Fecal,24_McCR_010,BW,100,89,91,136,138,175,185,241,245,103,103,102,106,137,137,97,101,143,143,191,195,238,238,87,87,158,160,113,115,172,180,229,231,145,147,154,158,90,90,140,148,194,194,246,246,165,175,158,158,154,156,81,83,124,124,183,185,142,150,256,262,140,146,127,127,151,155,91,91,146,146,180,192,106,108,168,170,83,89,165,165,87,87,116,116,161,161,228,228,130,130,X,X,92,92,95,97,177,177,207,207,142,164,149,149,,,,,,,,,,,,,,,,,,,,,,,,,,
2024,McCusker River,-,Fecal,24_McCR_011,BW,100,89,91,136,138,175,185,241,245,103,103,102,106,137,137,97,101,143,143,191,195,238,238,87,87,158,160,113,115,172,180,229,231,145,147,154,158,90,90,140,148,194,194,246,246,165,175,158,158,154,156,81,83,124,124,183,185,142,150,256,262,140,146,127,127,151,155,91,91,146,146,180,192,106,108,168,170,83,89,165,165,87,87,116,116,161,161,228,228,130,130,X,X,92,92,95,97,177,177,207,207,142,164,149,149,,,,,,,,,,,,,,,,,,,,,,,,,,
2024,McCusker River,-,Fecal,24_McCR_012,BW,100,89,91,136,138,175,185,241,245,103,103,102,106,137,137,97,101,143,143,191,195,238,238,87,87,158,160,113,115,172,180,229,231,145,147,154,158,90,90,140,148,194,194,246,246,165,175,158,158,154,156,81,83,124,124,183,185,142,150,256,262,140,146,127,127,151,155,91,91,146,146,180,192,106,108,168,170,83,89,165,165,87,87,116,116,161,161,228,228,130,130,X,X,92,92,95,97,177,177,207,207,142,164,149,149,,,,,,,,,,,,,,,,,,,,,,,,,,
2024,McCusker River,-,Fecal,24_McCR_004,BX,100,91,91,136,138,175,185,241,245,103,103,104,104,135,141,101,101,149,149,195,195,232,238,87,87,154,160,113,113,172,172,231,231,143,147,154,156,90,100,127,148,194,194,246,254,167,175,156,158,156,156,81,83,122,122,165,179,142,148,256,256,140,140,125,127,155,159,91,92,146,146,184,192,106,106,172,186,89,89,161,165,87,87,114,116,161,167,228,228,130,130,Y,X,92,92,95,97,191,191,201,207,158,158,149,153,,,,,,,,,,,,,,,,,,,,,,,,,,
2024,McCusker River,-,Fecal,24_McCR_007,BX,98,91,91,136,138,175,185,241,245,103,103,104,104,135,141,101,101,149,149,195,195,232,238,87,87,154,160,113,113,172,172,231,231,143,147,154,156,90,100,127,148,194,194,246,254,167,175,156,158,156,156,81,83,122,122,165,179,142,148,256,256,140,140,125,127,155,159,//,//,146,146,184,192,106,106,172,186,89,89,161,165,87,87,114,116,161,167,228,228,130,130,Y,X,92,92,95,97,191,191,201,207,158,158,149,153,,,,,,,,,,,,,,,,,,,,,,,,,,
2024,Nahanni,-,Fecal,Nahanni-2,BY,98,89,91,136,136,179,187,253,253,103,103,108,108,135,135,103,103,129,149,189,191,232,252,87,89,160,162,115,115,172,174,229,229,143,143,156,158,90,90,127,146,188,194,252,252,173,177,146,152,154,154,77,77,122,132,165,165,138,142,260,262,146,150,123,125,157,159,95,95,146,150,180,180,112,112,170,170,89,89,161,161,89,89,116,116,167,167,228,238,130,130,Y,X,98,102,101,101,181,181,205,211,//,//,151,153,,,,,,,,,,,,,,,,,,,,,,,,,,
2024,Nahanni,-,Fecal,Nahanni-3,BY,100,89,91,136,136,179,187,253,253,103,103,108,108,135,135,103,103,129,149,189,191,232,252,87,89,160,162,115,115,172,174,229,229,143,143,156,158,90,90,127,146,188,194,252,252,173,177,146,152,154,154,77,77,122,132,165,165,138,142,260,262,146,150,123,125,157,159,95,95,146,150,180,180,112,112,170,170,89,89,161,161,89,89,116,116,167,167,228,238,130,130,Y,X,98,102,101,101,181,181,205,211,144,168,151,153,,,,,,,,,,,,,,,,,,,,,,,,,,
2024,Nahanni,-,Fecal,Nahanni-4,BY,100,89,91,136,136,179,187,253,253,103,103,108,108,135,135,103,103,129,149,189,191,232,252,87,89,160,162,115,115,172,174,229,229,143,143,156,158,90,90,127,146,188,194,252,252,173,177,146,152,154,154,77,77,122,132,165,165,138,142,260,262,146,150,123,125,157,159,95,95,146,150,180,180,112,112,170,170,89,89,161,161,89,89,116,116,167,167,228,238,130,130,Y,X,98,102,101,101,181,181,205,211,144,168,151,153,,,,,,,,,,,,,,,,,,,,,,,,,,
2024,Nahanni,-,Fecal,Nahanni-7,BZ,100,89,89,134,136,179,187,253,253,103,103,100,100,135,141,93,103,143,143,189,195,238,252,87,87,160,162,115,115,172,176,229,229,143,143,158,158,90,102,127,127,194,194,252,252,173,177,146,152,154,154,77,83,124,132,183,183,142,142,260,262,140,150,125,125,155,157,91,95,150,150,180,184,90,106,170,172,89,89,161,161,87,89,116,116,167,167,238,238,130,132,Y,X,98,102,99,99,181,191,211,211,142,166,149,151,,,,,,,,,,,,,,,,,,,,,,,,,,
2024,Nahanni,-,Fecal,Nahanni-9,BZ,96,89,89,134,136,179,187,253,253,103,103,100,100,135,141,93,103,143,143,189,195,238,252,87,87,160,162,115,115,//,//,229,229,143,143,158,158,90,102,127,127,194,194,252,252,173,177,146,152,//,//,77,83,124,132,183,183,142,142,260,262,140,150,125,125,155,157,91,95,150,150,180,184,90,106,170,172,89,89,161,161,87,89,116,116,167,167,238,238,130,132,Y,X,98,102,99,99,181,191,211,211,142,166,149,151,,,,,,,,,,,,,,,,,,,,,,,,,,
2024,Nahanni,-,Fecal,Nahanni-5,CA*,100,89,91,136,136,179,187,253,269,103,103,104,104,141,141,93,103,129,143,189,191,232,252,87,89,160,160,115,115,172,172,227,227,143,143,156,158,88,90,127,142,194,194,250,252,173,173,146,152,154,160,77,77,124,124,165,175,142,142,260,262,146,150,125,129,155,159,91,95,146,150,180,194,106,112,172,172,89,89,161,173,81,89,116,116,167,167,228,228,132,132,Y,X,98,102,95,95,181,181,211,215,144,166,147,149,,,,,,,,,,,,,,,,,,,,,,,,,,
2024,Nahanni,-,Fecal,Nahanni-6,CA*,100,89,91,136,136,179,187,253,269,103,103,104,104,141,141,93,103,129,143,189,191,232,252,87,89,160,160,115,115,172,172,227,227,143,143,156,158,88,90,127,142,194,194,250,252,173,173,146,152,154,160,77,77,124,124,165,175,142,142,260,262,146,150,125,129,155,159,91,95,146,150,180,194,106,112,172,172,89,89,161,173,81,89,116,116,167,167,228,228,130,132,Y,X,98,102,95,95,181,181,211,215,144,166,147,149,,,,,,,,,,,,,,,,,,,,,,,,,,
2025,Prince Albert National Park,-,Teeth,7A_PANP,CB,89,91,91,136,142,185,185,241,245,//,//,106,106,135,135,93,105,149,149,195,195,//,//,87,87,160,161,113,115,180,180,231,231,143,143,154,158,90,90,127,148,194,194,250,254,175,175,158,162,144,156,83,85,122,124,165,165,142,142,262,262,140,140,125,127,153,155,91,94,146,146,180,198,106,108,170,176,89,89,161,161,89,89,//,//,167,167,238,240,130,130,//,//,92,104,95,103,//,//,//,//,162,164,//,//,,,,,,,,,,,,,,,,,,,,,,,,,,
2025,Prince Albert National Park,-,Teeth,7B_PANP,CB,92,91,91,136,142,185,185,241,245,//,//,106,106,135,135,93,105,149,149,195,195,//,//,87,87,160,161,113,115,180,180,231,231,143,143,154,158,90,90,127,148,194,194,250,254,175,175,158,162,144,156,83,85,122,124,165,165,142,142,262,262,140,140,125,127,153,155,91,94,146,146,180,198,106,108,170,176,89,89,161,161,89,89,114,114,167,167,238,240,130,130,//,//,92,104,95,103,//,//,//,//,162,164,149,149,,,,,,,,,,,,,,,,,,,,,,,,,,
M. Grant Thesis,Prince Albert National Park,-,Fecal,PANP002,CC,96%,,,136,142,185,187,253,253,,,,,,,,,,,,,238,238,,,160,160,,,,,,,,,,,,,,,,,,,,,,,,,83,85,,,,,142,142,,,,,,,,,,,,,,,108,108,,,89,89,161,161,89,89,,,,,240,240,,,Y,X,,,,,191,191,,,,,,,173,181,200,200,214,214,265,269,122,122,156,156,202,210,//,//,283,291,179,187,229,234,206,206,,
M. Grant Thesis,Prince Albert National Park,-,Fecal,PANP025,CC,96%,,,136,142,185,187,253,253,,,,,,,,,,,,,238,238,,,160,160,,,,,,,,,,,,,,,,,,,,,,,,,83,85,,,,,142,142,,,,,,,,,,,,,,,108,108,,,89,89,161,161,89,89,,,,,240,240,,,Y,X,,,,,191,191,,,,,,,173,181,200,200,214,214,265,269,122,122,156,156,202,210,//,//,283,291,179,187,229,234,206,206,,
M. Grant Thesis,Prince Albert National Park,-,Fecal,PANP003,CD,92%,,,//,//,187,187,241,253,,,,,,,,,,,,,238,238,,,161,161,,,,,,,,,,,,,,,,,,,,,,,,,83,83,,,,,142,142,,,,,,,,,,,,,,,106,106,,,89,89,161,161,89,89,,,,,240,240,,,Y,X,,,,,191,191,,,,,,,181,181,200,200,214,214,269,269,122,122,156,156,206,206,//,//,283,291,179,179,229,234,206,206,,
M. Grant Thesis,Prince Albert National Park,-,Fecal,PANP004,CD,96%,,,138,142,187,187,241,253,,,,,,,,,,,,,238,238,,,162,162,,,,,,,,,,,,,,,,,,,,,,,,,83,83,,,,,142,142,,,,,,,,,,,,,,,106,106,,,89,89,161,161,89,89,,,,,240,240,,,Y,X,,,,,191,191,,,,,,,181,181,200,200,214,214,269,269,122,122,156,156,206,206,//,//,283,291,179,179,229,234,206,206,,
M. Grant Thesis,Prince Albert National Park,-,Fecal,PANP016,CE,92%,,,136,136,185,187,//,//,,,,,,,,,,,,,236,250,,,170,170,,,,,,,,,,,,,,,,,,,,,,,,,83,85,,,,,142,142,,,,,,,,,,,,,,,108,108,,,89,89,161,161,87,89,,,,,240,240,,,Y,X,,,,,191,191,,,,,,,173,181,196,200,214,214,269,269,122,122,156,167,202,210,//,//,283,283,179,179,229,229,206,210,,
M. Grant Thesis,Prince Albert National Park,-,Fecal,PANP017,CE,85%,,,136,136,185,187,//,//,,,,,,,,,,,,,//,//,,,170,170,,,,,,,,,,,,,,,,,,,,,,,,,83,85,,,,,142,142,,,,,,,,,,,,,,,108,108,,,89,89,//,//,87,89,,,,,240,240,,,Y,X,,,,,191,191,,,,,,,173,181,196,200,214,214,269,269,122,122,156,167,202,210,//,//,283,283,179,179,229,229,206,210,,
M. Grant Thesis,Prince Albert National Park,-,Fecal,PANP018,CE,88%,,,136,136,185,187,239,239,,,,,,,,,,,,,//,//,,,161,170,,,,,,,,,,,,,,,,,,,,,,,,,83,85,,,,,142,142,,,,,,,,,,,,,,,108,108,,,89,89,161,161,87,89,,,,,240,240,,,Y,X,,,,,191,191,,,,,,,173,181,196,200,214,214,269,269,122,122,156,167,202,210,//,//,283,283,179,179,229,229,//,//,,
M. Grant Thesis,Prince Albert National Park,-,Fecal,PANP019,CE,81%,,,136,136,185,187,239,239,,,,,,,,,,,,,//,//,,,161,170,,,,,,,,,,,,,,,,,,,,,,,,,83,85,,,,,142,142,,,,,,,,,,,,,,,108,108,,,89,89,161,161,87,89,,,,,240,240,,,Y,X,,,,,191,191,,,,,,,173,181,196,200,//,//,269,269,122,122,156,167,202,210,//,//,283,283,//,//,229,229,//,//,,
M. Grant Thesis,Prince Albert National Park,-,Fecal,PANP020,CE,96%,,,136,136,185,187,239,239,,,,,,,,,,,,,250,250,,,170,170,,,,,,,,,,,,,,,,,,,,,,,,,83,85,,,,,142,142,,,,,,,,,,,,,,,108,108,,,89,89,161,161,87,89,,,,,240,240,,,Y,X,,,,,191,191,,,,,,,173,181,196,200,214,214,269,269,122,122,156,167,202,210,//,//,283,283,179,179,229,229,206,210,,
M. Grant Thesis,Prince Albert National Park,-,Fecal,PANP035,CF,96%,,,136,136,187,187,241,241,,,,,,,,,,,,,238,238,,,160,170,,,,,,,,,,,,,,,,,,,,,,,,,81,83,,,,,142,150,,,,,,,,,,,,,,,106,108,,,89,89,161,161,89,89,,,,,240,240,,,Y,X,,,,,191,191,,,,,,,173,173,200,200,206,206,269,269,122,122,156,160,202,210,//,//,283,283,183,187,234,234,206,210,,
M. Grant Thesis,Prince Albert National Park,-,Fecal,PANP051,CF,92%,,,136,136,187,187,//,//,,,,,,,,,,,,,238,238,,,160,170,,,,,,,,,,,,,,,,,,,,,,,,,81,83,,,,,142,150,,,,,,,,,,,,,,,106,108,,,89,89,161,161,89,89,,,,,240,240,,,Y,X,,,,,191,191,,,,,,,173,173,200,200,206,206,269,269,122,122,156,160,202,210,//,//,283,283,183,187,234,234,206,210,,
M. Grant Thesis,Prince Albert National Park,-,Fecal,PANP038,CG,88%,,,142,142,185,185,241,241,,,,,,,,,,,,,//,//,,,160,160,,,,,,,,,,,,,,,,,,,,,,,,,//,//,,,,,142,150,,,,,,,,,,,,,,,106,108,,,89,89,161,161,87,89,,,,,240,240,,,X,X,,,,,191,191,,,,,,,181,181,200,200,206,214,269,269,122,122,156,167,202,206,//,//,283,291,179,179,229,234,206,206,,
M. Grant Thesis,Prince Albert National Park,-,Fecal,PANP041,CG,92%,,,142,142,185,185,241,241,,,,,,,,,,,,,//,//,,,160,160,,,,,,,,,,,,,,,,,,,,,,,,,81,81,,,,,142,150,,,,,,,,,,,,,,,108,108,,,89,89,161,161,87,89,,,,,240,240,,,X,X,,,,,191,191,,,,,,,181,181,200,200,206,214,269,269,122,122,156,167,202,206,//,//,283,291,179,179,229,234,206,206,,
M. Grant Thesis,Prince Albert National Park,-,Fecal,PANP050,CG,73%,,,//,//,185,185,241,241,,,,,,,,,,,,,//,//,,,//,//,,,,,,,,,,,,,,,,,,,,,,,,,83,83,,,,,142,150,,,,,,,,,,,,,,,106,108,,,89,89,161,161,87,89,,,,,240,240,,,X,X,,,,,191,191,,,,,,,181,181,200,200,//,//,269,269,122,122,156,167,202,206,//,//,283,291,179,179,//,//,//,//,,
M. Grant Thesis,Prince Albert National Park,-,Fecal,PANP039,CH,96%,,,136,136,187,187,241,245,,,,,,,,,,,,,250,250,,,160,170,,,,,,,,,,,,,,,,,,,,,,,,,83,83,,,,,142,150,,,,,,,,,,,,,,,108,108,,,89,89,161,161,87,89,,,,,240,240,,,Y,X,,,,,191,191,,,,,,,173,173,200,200,206,214,269,269,122,122,156,160,210,210,//,//,283,291,179,187,229,234,210,210,,
M. Grant Thesis,Prince Albert National Park,-,Fecal,PANP045,CH,85%,,,136,136,187,187,241,244,,,,,,,,,,,,,//,//,,,160,170,,,,,,,,,,,,,,,,,,,,,,,,,//,//,,,,,142,150,,,,,,,,,,,,,,,108,108,,,89,89,161,161,87,89,,,,,240,240,,,Y,X,,,,,191,191,,,,,,,173,173,200,200,206,214,269,269,122,122,156,160,210,210,//,//,283,291,179,187,229,229,//,//,,
M. Grant Thesis,Prince Albert National Park,-,Fecal,PANP081,CH,77%,,,136,136,187,187,241,244,,,,,,,,,,,,,//,//,,,160,170,,,,,,,,,,,,,,,,,,,,,,,,,//,//,,,,,142,150,,,,,,,,,,,,,,,108,108,,,89,89,161,161,87,89,,,,,240,240,,,Y,X,,,,,191,191,,,,,,,173,173,200,200,//,//,269,269,122,122,156,160,210,210,//,//,283,291,179,187,//,//,//,//,,
M. Grant Thesis,Prince Albert National Park,-,Fecal,PANP054,CI,92%,,,136,136,185,187,253,253,,,,,,,,,,,,,238,238,,,162,162,,,,,,,,,,,,,,,,,,,,,,,,,//,//,,,,,142,150,,,,,,,,,,,,,,,106,108,,,89,89,161,161,85,87,,,,,240,240,,,Y,X,,,,,191,191,,,,,,,173,181,200,200,206,214,269,269,122,122,156,167,202,210,//,//,291,291,183,183,229,234,206,210,,
M. Grant Thesis,Prince Albert National Park,-,Fecal,PANP061,CI,92%,,,136,136,185,187,253,253,,,,,,,,,,,,,238,238,,,162,162,,,,,,,,,,,,,,,,,,,,,,,,,//,//,,,,,142,150,,,,,,,,,,,,,,,106,108,,,89,89,161,161,85,87,,,,,240,240,,,Y,X,,,,,191,191,,,,,,,173,181,200,200,206,214,269,269,122,122,156,167,202,210,//,//,291,291,183,183,229,234,206,210,,
M. Grant Thesis,Prince Albert National Park,-,Fecal,PANP063,CI,77%,,,136,136,185,187,253,253,,,,,,,,,,,,,238,238,,,//,//,,,,,,,,,,,,,,,,,,,,,,,,,//,//,,,,,142,150,,,,,,,,,,,,,,,//,//,,,89,89,161,161,85,87,,,,,//,//,,,Y,X,,,,,191,191,,,,,,,173,181,200,200,206,214,269,269,122,126,156,167,202,210,//,//,291,291,183,183,//,//,210,210,,
M. Grant Thesis,Prince Albert National Park,-,Fecal,PANP075,CI,92%,,,136,136,185,187,253,253,,,,,,,,,,,,,238,238,,,162,162,,,,,,,,,,,,,,,,,,,,,,,,,//,//,,,,,142,150,,,,,,,,,,,,,,,108,108,,,89,89,161,161,85,87,,,,,240,240,,,Y,X,,,,,191,191,,,,,,,173,181,200,200,206,214,269,269,122,122,156,167,202,210,//,//,291,291,183,183,229,234,206,214,,
2023,Ronald Lake,Wood Bison,Serum,6345-207459,CJ,100,89,91,134,138,185,185,247,269,103,103,104,108,141,147,103,103,141,143,191,195,232,238,87,91,160,162,113,115,174,174,225,231,143,143,156,156,90,102,140,150,190,194,250,252,177,177,146,152,144,154,83,83,124,124,181,183,142,142,262,262,146,148,129,129,151,157,95,95,150,150,180,198,106,112,172,174,85,85,161,173,87,91,116,116,167,167,228,236,130,130,X,X,102,104,95,101,181,181,205,211,166,166,145,145,,,,,,,,,,,,,,,,,,,,,,,,,,
2023,Ronald Lake,Wood Bison,Biopsy,RL21-04,CJ,100,89,91,134,138,185,185,247,269,103,103,104,108,141,147,103,103,141,143,191,195,232,238,87,91,160,162,113,115,174,174,225,231,143,143,156,156,90,102,140,150,190,194,250,252,177,177,146,152,144,154,83,83,124,124,181,183,142,142,262,262,146,148,129,129,151,157,95,95,150,150,180,198,106,112,172,174,85,85,161,173,87,91,116,116,167,167,228,236,130,130,X,X,102,104,95,101,181,181,205,211,166,166,145,145,,,,,,,,,,,,,,,,,,,,,,,,,,
2023,Ronald Lake,Wood Bison,Serum,37497,CK,100,89,91,136,136,185,187,247,247,103,103,104,104,135,145,103,103,129,129,189,191,254,254,87,91,160,162,108,115,174,174,225,229,143,143,156,158,90,90,146,150,190,190,250,252,173,175,146,162,144,154,83,83,124,132,175,175,142,142,260,262,146,148,123,129,155,155,95,95,148,150,180,180,106,108,170,172,89,89,173,173,87,87,116,116,161,167,228,240,130,130,X,X,104,104,95,103,181,181,211,211,142,144,145,149,,,,,,,,,,,,,,,,,,,,,,,,,,
2023,Ronald Lake,Wood Bison,Serum,6348-207498,CK,100,89,91,136,136,185,187,247,247,103,103,104,104,135,145,103,103,129,129,189,191,254,254,87,91,160,162,108,115,174,174,225,229,143,143,156,158,90,90,146,150,190,190,250,252,173,175,146,162,144,154,83,83,124,132,175,175,142,142,260,262,146,148,123,129,155,155,95,95,148,150,180,180,106,108,170,172,89,89,173,173,87,87,116,116,161,167,228,240,130,130,X,X,104,104,95,103,181,181,211,211,142,144,145,149,,,,,,,,,,,,,,,,,,,,,,,,,,
2023,Ronald Lake,Wood Bison,Serum,37490,CL*,100,89,89,134,138,185,191,247,253,103,103,104,104,135,147,97,103,129,129,189,189,232,254,89,89,160,160,113,115,172,176,229,231,143,143,156,160,90,90,148,150,188,202,252,252,167,175,152,162,144,156,77,83,124,132,175,175,142,150,256,262,146,146,129,129,155,155,92,92,146,150,180,198,106,112,170,172,83,89,161,161,81,91,116,116,167,167,240,240,118,132,X,X,98,102,95,103,181,181,205,207,142,158,145,145,,,,,,,,,,,,,,,,,,,,,,,,,,
2023,Ronald Lake,Wood Bison,Serum,6344-207494,CL*,100,89,89,134,138,185,191,247,253,99,103,104,104,135,147,97,103,129,129,189,189,232,254,89,89,160,160,113,115,172,176,229,231,143,143,156,160,90,90,148,150,188,202,252,252,167,175,152,162,144,156,77,83,124,132,175,175,142,150,256,262,146,146,129,129,155,155,92,92,146,150,180,198,106,112,170,172,83,89,161,161,81,91,116,116,167,167,240,240,118,132,X,X,98,102,95,103,181,181,205,207,142,158,145,145,,,,,,,,,,,,,,,,,,,,,,,,,,
2023,Ronald Lake,Wood Bison,DNA,12-19,CM**,98,89,89,136,136,185,187,241,253,103,103,108,108,135,147,93,97,129,143,189,191,232,254,87,89,160,160,113,115,174,174,229,231,133,143,156,158,90,102,127,150,194,194,246,252,163,163,146,158,154,154,83,83,124,132,175,183,142,142,256,260,146,150,125,125,151,155,91,95,150,150,180,180,108,112,170,172,85,89,161,173,81,87,116,116,167,167,236,236,130,132,//,//,102,102,95,103,181,181,207,207,158,160,153,153,,,,,,,,,,,,,,,,,,,,,,,,,,
2023,Ronald Lake,Wood Bison,DNA,12-19B,CM**,100,89,89,136,136,185,187,241,253,103,103,108,108,135,147,93,97,129,143,189,191,232,254,87,89,160,160,113,115,174,174,229,231,133,143,156,158,90,102,127,150,194,194,246,252,163,163,146,158,154,154,83,83,124,132,175,183,142,142,256,260,146,150,125,125,151,155,91,95,150,150,180,180,108,112,170,172,85,89,161,173,81,87,114,116,167,167,236,236,130,132,Y,X,102,102,95,103,181,181,207,207,158,158,153,153,,,,,,,,,,,,,,,,,,,,,,,,,,
2023,Sturgeon River,Plains Bison,Fecal swab,1-273,CN,100,89,91,136,136,187,187,241,245,103,103,104,106,135,141,105,105,149,149,195,195,250,250,91,91,161,161,115,115,172,172,231,231,143,143,154,160,90,90,127,127,194,194,250,250,163,165,158,162,144,156,83,83,122,124,165,165,142,142,260,262,140,140,129,129,153,159,94,95,146,146,180,198,108,108,170,170,89,89,161,161,89,89,114,114,161,167,228,240,130,130,X,X,92,96,95,95,191,191,211,211,162,168,149,149,,,,,,,,,,,,,,,,,,,,,,,,,,
2023,Sturgeon River,Plains Bison,Fecal swab,30-273,CN,100,89,91,136,136,187,187,241,245,103,103,104,106,135,141,105,105,149,149,195,195,250,250,91,91,161,161,115,115,172,172,231,231,143,143,154,160,90,90,127,127,194,194,250,250,163,165,158,162,144,156,83,83,122,124,165,165,142,142,260,262,140,140,129,129,153,159,94,95,146,146,180,198,108,108,170,170,89,89,161,161,89,89,114,114,161,167,228,240,130,130,X,X,92,96,95,95,191,191,211,211,162,168,149,149,,,,,,,,,,,,,,,,,,,,,,,,,,
2023,Sturgeon River,Plains Bison,Fecal swab,5-273,CN,100,89,91,136,136,187,187,241,245,103,103,104,106,135,141,105,105,149,149,195,195,250,250,91,91,161,161,115,115,172,172,231,231,143,143,154,160,90,90,127,127,194,194,250,250,163,165,158,162,144,156,83,83,122,124,165,165,142,142,260,262,140,140,129,129,153,159,94,95,146,146,180,198,108,108,170,170,89,89,161,161,89,89,114,114,161,167,228,240,130,130,X,X,92,96,95,95,191,191,211,211,162,168,149,149,,,,,,,,,,,,,,,,,,,,,,,,,,
2023,Sturgeon River,Plains Bison,Fecal swab,6-273,CN,100,89,91,136,136,187,187,241,245,103,103,104,106,135,141,105,105,149,149,195,195,250,250,91,91,161,161,115,115,172,172,231,231,143,143,154,160,90,90,127,127,194,194,250,250,163,165,158,162,144,156,83,83,122,124,165,165,142,142,260,262,140,140,129,129,153,159,94,95,146,146,180,198,108,108,170,170,89,89,161,161,89,89,114,114,161,167,228,240,130,130,X,X,92,96,95,95,191,191,211,211,162,168,149,149,,,,,,,,,,,,,,,,,,,,,,,,,,
2025,Sturgeon River,-,Fecal,25_SturRiv_5,CN,98,89,91,136,136,187,187,241,245,103,103,104,106,135,141,105,105,149,149,195,195,//,//,91,91,161,161,115,115,172,172,231,231,143,143,154,160,90,90,127,127,194,194,250,250,163,165,158,162,144,156,83,83,122,124,165,165,142,142,260,262,140,140,129,129,153,159,94,95,146,146,180,198,108,108,170,170,89,89,161,161,89,89,114,114,161,167,228,240,130,130,X,X,92,96,95,95,191,191,211,211,162,168,149,149,,,,,,,,,,,,,,,,,,,,,,,,,,
2023,Sturgeon River,Plains Bison,Fecal swab,13-273,CO,100,91,91,142,142,187,187,239,241,103,103,106,106,135,135,93,105,149,149,195,195,250,250,87,91,160,160,113,115,172,180,231,233,143,143,154,158,90,90,127,127,194,198,250,254,163,175,158,162,156,156,81,81,122,122,179,179,150,150,262,262,140,140,125,129,153,155,94,94,146,146,180,180,108,108,170,186,89,89,161,161,85,87,114,114,161,161,238,240,130,130,Y,X,92,92,95,103,191,191,207,207,162,170,149,149,,,,,,,,,,,,,,,,,,,,,,,,,,
2023,Sturgeon River,Plains Bison,Fecal swab,8-273,CO,96,91,91,142,142,187,187,239,241,103,103,106,106,135,135,93,105,149,149,195,195,//,//,87,91,160,160,113,115,172,180,231,233,143,143,154,158,90,90,127,127,194,198,250,254,163,175,158,162,156,156,81,81,122,122,179,179,150,150,262,262,140,140,125,129,153,155,94,94,146,146,180,180,108,108,170,186,89,89,161,161,85,87,//,//,161,161,238,240,130,130,Y,X,92,92,95,103,191,191,207,207,162,170,149,149,,,,,,,,,,,,,,,,,,,,,,,,,,
2023,Sturgeon River,Plains Bison,Fecal swab,2-273,CP,100,91,91,136,142,185,187,239,253,103,103,106,106,135,141,105,105,149,149,195,195,238,238,87,87,160,160,113,115,172,172,231,233,143,143,154,154,88,90,127,127,194,194,254,254,165,175,156,158,156,156,83,85,124,124,165,179,142,142,262,262,140,148,125,129,159,159,94,94,146,146,180,180,108,108,170,186,89,89,161,161,89,89,114,116,161,161,240,240,130,130,Y,X,92,96,95,95,191,191,207,207,162,162,149,149,,,,,,,,,,,,,,,,,,,,,,,,,,
2023,Sturgeon River,Plains Bison,Fecal swab,25-273,CP,100,91,91,136,142,185,187,239,253,103,103,106,106,135,141,105,105,149,149,195,195,238,238,87,87,160,160,113,115,172,172,231,233,143,143,154,154,88,90,127,127,194,194,254,254,165,175,156,158,156,156,83,85,124,124,165,179,142,142,262,262,140,148,125,129,159,159,94,94,146,146,180,180,108,108,170,186,89,89,161,161,89,89,114,116,161,161,240,240,130,130,Y,X,92,96,95,95,191,191,207,207,162,162,149,149,,,,,,,,,,,,,,,,,,,,,,,,,,
2023,Sturgeon River,Plains Bison,Fecal swab,52-47,CQ,100,91,91,142,142,185,185,241,241,103,107,106,106,135,141,93,93,149,149,189,195,250,250,87,91,160,160,113,115,172,180,231,231,143,143,154,158,90,90,127,148,194,194,250,250,163,165,150,158,156,156,81,83,122,124,165,179,142,142,262,262,140,148,129,129,153,155,91,95,146,146,180,198,106,108,170,172,89,89,161,161,85,85,114,118,161,161,240,240,130,130,X,X,104,104,95,95,191,191,207,211,142,170,149,149,,,,,,,,,,,,,,,,,,,,,,,,,,
2023,Sturgeon River,Plains Bison,Fecal swab,53-47,CQ,98,91,91,142,142,185,185,241,241,103,107,106,106,135,141,93,93,149,149,189,195,250,250,87,91,160,160,113,115,172,180,231,231,143,143,154,158,90,90,127,148,194,194,250,250,163,165,150,158,156,156,81,83,122,124,165,179,142,142,262,262,140,148,129,129,153,155,91,95,146,146,180,198,106,108,170,172,89,89,161,161,85,85,//,//,161,161,240,240,130,130,X,X,104,104,95,95,191,191,207,211,142,170,149,149,,,,,,,,,,,,,,,,,,,,,,,,,,
2025,Sturgeon River,-,Fecal,25_SturRiv_51,CQ***,92,91,91,142,142,185,185,241,241,103,103,106,106,135,141,93,93,149,149,189,195,//,//,87,91,160,160,113,115,180,180,231,231,143,143,154,158,90,90,127,148,194,194,250,250,163,165,150,158,156,156,81,83,122,124,165,179,142,142,262,262,140,148,129,129,153,155,//,//,146,146,180,198,108,108,//,//,89,89,161,161,85,85,114,118,161,161,240,240,130,130,X,X,104,104,95,95,//,//,207,211,142,170,149,149,,,,,,,,,,,,,,,,,,,,,,,,,,
2023,Sturgeon River,Plains Bison,Fecal swab,31-270,CR,100,89,89,136,136,187,187,241,245,103,103,104,104,141,141,105,105,149,149,195,195,250,250,87,91,160,170,113,113,172,172,231,233,143,143,154,158,90,90,127,148,194,194,250,250,165,175,158,158,156,156,83,83,122,124,165,165,142,150,262,262,148,148,125,129,159,159,91,94,146,146,180,180,108,108,170,186,89,89,161,161,87,89,114,116,161,167,240,240,130,130,Y,X,104,104,95,95,191,191,207,211,170,170,149,149,,,,,,,,,,,,,,,,,,,,,,,,,,
2023,Sturgeon River,Plains Bison,Fecal swab,39-270,CR*,98,89,89,136,136,187,187,241,245,103,103,104,104,141,141,105,105,149,149,195,195,250,252,87,91,160,170,113,113,172,172,231,233,143,143,154,158,90,90,127,148,194,194,250,250,165,175,158,158,156,156,83,83,122,124,165,165,142,150,262,262,148,148,125,129,159,159,91,94,146,146,180,180,108,108,170,186,89,89,161,161,87,89,//,//,161,167,240,240,130,130,Y,X,104,104,95,95,191,191,207,211,170,170,149,149,,,,,,,,,,,,,,,,,,,,,,,,,,
2023,Sturgeon River,Plains Bison,Fecal swab,37-270,CR***,100,89,89,136,136,187,187,241,245,103,103,104,106,135,141,105,105,149,149,195,195,250,250,87,91,160,170,113,113,172,172,231,233,143,143,154,158,90,90,127,148,194,194,250,250,165,175,158,158,144,156,83,83,122,124,165,165,142,150,262,262,148,148,125,129,159,159,91,94,146,146,180,180,108,108,170,186,89,89,161,161,87,89,114,116,161,167,240,240,130,130,Y,X,104,104,95,95,191,191,207,211,170,170,149,149,,,,,,,,,,,,,,,,,,,,,,,,,,
2023,Sturgeon River,Plains Bison,Fecal swab,34-270,CS*,98,91,91,136,136,187,187,241,241,103,103,104,106,135,141,105,105,149,149,195,195,//,//,91,91,160,170,113,113,172,178,231,233,143,143,154,158,90,90,127,127,194,198,250,250,165,175,158,158,156,156,81,83,122,124,165,179,142,142,262,262,140,140,125,127,153,159,91,94,146,146,180,180,106,108,186,186,89,89,161,161,85,87,114,114,161,161,240,240,130,130,X,X,92,104,103,103,191,191,205,207,142,168,149,149,,,,,,,,,,,,,,,,,,,,,,,,,,
2023,Sturgeon River,Plains Bison,Fecal swab,46-270,CS*,96,91,91,136,136,187,187,241,241,101,103,104,106,135,141,105,105,149,149,195,195,//,//,91,91,160,170,113,113,172,178,231,233,143,143,154,158,90,90,127,127,194,198,250,250,165,175,156,158,156,156,81,83,122,124,165,179,142,142,262,262,140,140,125,127,153,159,91,94,146,146,180,180,106,108,186,186,89,89,161,161,85,87,//,//,161,161,240,240,130,130,X,X,92,104,103,103,191,191,205,207,142,168,149,149,,,,,,,,,,,,,,,,,,,,,,,,,,
2023,Sturgeon River,Plains Bison,Fecal swab,48-270,CS*,94,91,91,136,136,187,187,241,241,101,103,104,106,135,141,105,105,149,149,195,195,//,//,91,91,160,170,113,113,172,178,231,233,143,143,154,158,90,90,127,127,194,198,250,250,165,175,158,158,156,156,81,83,122,124,165,179,142,142,262,262,140,140,125,127,153,159,91,94,146,146,180,180,106,108,186,186,89,89,161,161,85,87,//,//,161,161,240,240,130,130,//,//,92,104,103,103,191,191,205,207,142,168,149,149,,,,,,,,,,,,,,,,,,,,,,,,,,
2023,Sturgeon River,Plains Bison,Fecal swab,38-270,CT**,100,89,91,142,142,185,185,241,241,103,103,106,106,135,135,93,105,149,149,189,195,250,250,87,87,160,161,113,115,172,172,231,231,143,143,154,158,88,90,127,148,194,194,250,254,163,175,156,158,156,156,83,83,124,124,165,179,142,150,262,262,140,148,125,129,155,159,91,95,146,146,180,180,106,108,170,186,89,89,161,161,87,89,116,116,161,167,240,240,130,130,X,X,92,104,95,95,191,191,207,207,162,162,149,149,,,,,,,,,,,,,,,,,,,,,,,,,,
2023,Sturgeon River,Plains Bison,Fecal swab,41-270,CT**,98,89,91,142,142,185,185,241,241,103,103,106,106,135,135,93,105,149,149,189,195,250,250,87,87,160,161,113,115,172,172,231,231,143,143,154,158,88,90,127,148,194,194,250,254,163,175,158,158,156,156,83,83,124,124,165,179,142,150,262,262,140,148,125,129,155,159,91,95,146,146,180,180,106,108,170,186,89,89,161,161,87,89,//,//,161,167,240,240,130,130,X,X,92,104,95,95,189,191,207,207,162,162,149,149,,,,,,,,,,,,,,,,,,,,,,,,,,
2023,Sturgeon River,Plains Bison,Fecal swab,14-273,CU,98,91,91,136,136,185,185,239,239,103,103,106,106,135,141,93,105,149,149,195,195,238,238,87,91,170,170,113,113,172,172,231,231,143,145,154,158,90,90,127,148,198,198,250,250,165,175,158,158,156,156,81,81,124,124,165,179,142,142,262,262,148,148,125,127,155,159,95,95,146,146,180,198,106,108,170,170,89,89,161,161,87,89,//,//,161,167,240,240,130,130,X,X,92,104,95,95,191,191,207,207,142,142,149,149,,,,,,,,,,,,,,,,,,,,,,,,,,
2023,Sturgeon River,Plains Bison,Fecal swab,28-273,CU,98,91,91,136,136,185,185,239,239,103,103,106,106,135,141,93,105,149,149,195,195,238,238,87,91,170,170,113,113,172,172,231,231,143,145,154,158,90,90,127,148,198,198,250,250,165,175,158,158,156,156,81,81,124,124,165,179,142,142,262,262,148,148,125,127,155,159,95,95,146,146,180,198,106,108,170,170,89,89,161,161,87,89,116,118,161,167,240,240,130,130,//,//,92,104,95,95,191,191,207,207,142,142,149,149,,,,,,,,,,,,,,,,,,,,,,,,,,
2023,Sturgeon River,Plains Bison,Fecal swab,16-272,CV,96,91,91,136,136,185,187,239,239,101,103,106,106,135,135,93,105,149,149,189,195,//,//,91,91,170,170,113,115,172,178,231,233,143,145,158,160,90,90,127,127,194,198,250,250,163,165,158,162,156,156,83,85,124,124,179,179,142,142,262,262,140,148,125,127,159,159,94,95,146,146,180,198,108,108,176,186,89,89,161,161,87,89,//,//,167,167,240,240,130,130,Y,X,92,104,103,103,191,191,207,211,162,162,149,149,,,,,,,,,,,,,,,,,,,,,,,,,,
2023,Sturgeon River,Plains Bison,Fecal swab,18-272,CV,100,91,91,136,136,185,187,239,239,101,103,106,106,135,135,93,105,149,149,189,195,238,250,91,91,170,170,113,115,172,178,231,233,143,145,158,160,90,90,127,127,194,198,250,250,163,165,158,162,156,156,83,85,124,124,179,179,142,142,262,262,140,148,125,127,159,159,94,95,146,146,180,198,108,108,176,186,89,89,161,161,87,89,116,118,167,167,240,240,130,130,Y,X,92,104,103,103,191,191,207,211,162,162,149,149,,,,,,,,,,,,,,,,,,,,,,,,,,
2023,Sturgeon River,Plains Bison,Fecal swab,21-272,CV,100,91,91,136,136,185,187,239,239,101,103,106,106,135,135,93,105,149,149,189,195,238,250,91,91,170,170,113,115,172,178,231,233,143,145,158,160,90,90,127,127,194,198,250,250,163,165,158,162,156,156,83,85,124,124,179,179,142,142,262,262,140,148,125,127,159,159,94,95,146,146,180,198,108,108,176,186,89,89,161,161,87,89,116,118,167,167,240,240,130,130,Y,X,92,104,103,103,191,191,207,211,162,162,149,149,,,,,,,,,,,,,,,,,,,,,,,,,,
2023,Sturgeon River,Plains Bison,Fecal swab,17-272,CV*,98,91,91,136,136,185,187,239,239,103,103,106,106,135,135,93,105,149,149,189,195,//,//,91,91,170,170,113,115,172,178,231,233,143,145,158,160,90,90,127,127,194,198,250,250,163,165,158,162,156,156,83,85,124,124,179,179,142,142,262,262,140,148,125,127,159,159,94,95,146,146,180,198,108,108,176,186,89,89,161,161,87,89,116,118,167,167,240,240,130,130,Y,X,92,104,103,103,191,191,207,211,162,162,149,149,,,,,,,,,,,,,,,,,,,,,,,,,,
2023,Sturgeon River,Plains Bison,Fecal swab,20-272,CV*,98,91,91,136,136,185,187,239,239,103,103,106,106,135,135,93,105,149,149,189,195,//,//,91,91,170,170,113,115,172,178,231,233,143,145,158,160,90,90,127,127,194,198,250,250,163,165,158,162,156,156,83,85,124,124,179,179,142,142,262,262,140,148,125,127,159,159,94,95,146,146,180,198,108,108,176,186,89,89,161,161,87,89,116,118,167,167,240,240,130,130,Y,X,92,104,103,103,191,191,207,211,162,162,149,149,,,,,,,,,,,,,,,,,,,,,,,,,,
2023,Sturgeon River,Plains Bison,Fecal swab,19-272,CV**,100,91,91,136,136,185,187,239,239,103,103,106,106,135,135,93,105,149,149,189,195,250,250,91,91,170,170,113,115,172,178,231,233,143,145,158,160,90,90,127,127,194,198,250,250,163,165,158,162,156,156,83,85,124,124,179,179,142,142,262,262,140,148,125,127,159,159,94,95,146,146,180,198,108,108,176,186,89,89,161,161,87,89,116,118,167,167,240,240,130,130,Y,X,92,104,103,103,191,191,207,211,162,162,149,149,,,,,,,,,,,,,,,,,,,,,,,,,,
2023,Sturgeon River,Plains Bison,Fecal swab,27-273,CW,100,91,91,136,142,187,187,239,239,103,103,106,106,135,141,105,105,149,149,195,195,238,238,91,91,160,170,113,113,172,172,231,231,143,143,154,154,88,90,127,127,194,194,250,250,165,175,158,158,156,156,81,83,124,124,165,179,142,150,262,262,140,148,125,129,155,159,91,91,146,146,180,198,108,108,186,186,89,89,161,161,85,89,114,116,161,161,240,240,130,130,Y,X,92,104,95,103,191,191,207,211,142,168,149,149,,,,,,,,,,,,,,,,,,,,,,,,,,
2023,Sturgeon River,Plains Bison,Fecal swab,29-273,CW,100,91,91,136,142,187,187,239,239,103,103,106,106,135,141,105,105,149,149,195,195,238,238,91,91,160,170,113,113,172,172,231,231,143,143,154,154,88,90,127,127,194,194,250,250,165,175,158,158,156,156,81,83,124,124,165,179,142,150,262,262,140,148,125,129,155,159,91,91,146,146,180,198,108,108,186,186,89,89,161,161,85,89,114,116,161,161,240,240,130,130,Y,X,92,104,95,103,191,191,207,211,142,168,149,149,,,,,,,,,,,,,,,,,,,,,,,,,,
2023,Sturgeon River,Plains Bison,Fecal swab,12-273,CW**,100,91,91,136,142,187,187,239,239,101,103,106,106,135,141,105,105,149,149,195,195,238,238,91,91,160,170,113,113,172,180,231,231,143,143,154,154,88,90,127,127,194,194,250,250,165,175,158,158,156,156,81,83,124,124,165,179,142,150,262,262,140,148,125,129,155,159,91,91,146,146,180,198,108,108,186,186,89,89,161,161,85,89,114,116,161,161,240,240,130,130,Y,X,92,104,95,103,191,191,207,211,142,168,149,149,,,,,,,,,,,,,,,,,,,,,,,,,,
2023,Sturgeon River,Plains Bison,Fecal swab,32-270,CX,100,91,91,136,136,187,187,239,241,103,103,106,106,135,135,89,105,149,149,195,195,238,250,91,91,160,170,113,115,172,172,231,231,143,143,154,158,90,90,148,148,194,194,250,254,175,175,158,158,156,156,81,83,124,124,179,179,142,150,262,262,140,148,127,129,155,159,91,95,146,146,180,198,106,108,186,186,89,89,161,161,89,89,114,114,161,167,240,240,130,130,Y,X,92,104,95,103,191,191,207,211,168,170,149,149,,,,,,,,,,,,,,,,,,,,,,,,,,
2023,Sturgeon River,Plains Bison,Fecal swab,35-270,CX,100,91,91,136,136,187,187,239,241,103,103,106,106,135,135,89,105,149,149,195,195,238,250,91,91,160,170,113,115,172,172,231,231,143,143,154,158,90,90,148,148,194,194,250,254,175,175,158,158,156,156,81,83,124,124,179,179,142,150,262,262,140,148,127,129,155,159,91,95,146,146,180,198,106,108,186,186,89,89,161,161,89,89,114,114,161,167,240,240,130,130,Y,X,92,104,95,103,191,191,207,211,168,170,149,149,,,,,,,,,,,,,,,,,,,,,,,,,,
2023,Sturgeon River,Plains Bison,Fecal swab,40-270,CX,100,91,91,136,136,187,187,239,241,103,103,106,106,135,135,89,105,149,149,195,195,238,250,91,91,160,170,113,115,172,172,231,231,143,143,154,158,90,90,148,148,194,194,250,254,175,175,158,158,156,156,81,83,124,124,179,179,142,150,262,262,140,148,127,129,155,159,91,95,146,146,180,198,106,108,186,186,89,89,161,161,89,89,114,114,161,167,240,240,130,130,Y,X,92,104,95,103,191,191,207,211,168,170,149,149,,,,,,,,,,,,,,,,,,,,,,,,,,
2023,Sturgeon River,Plains Bison,Fecal swab,51-270,CX*,100,91,91,136,136,187,187,239,241,101,103,106,106,135,135,89,105,149,149,195,195,238,250,91,91,160,170,113,115,172,172,231,231,143,143,154,158,90,90,148,148,194,194,250,254,175,175,158,158,156,156,81,83,124,124,179,179,142,150,262,262,140,148,127,129,155,159,91,95,146,146,180,198,106,108,186,186,89,89,161,161,89,89,114,114,161,167,240,240,130,130,Y,X,92,104,95,103,191,191,207,211,168,170,149,149,,,,,,,,,,,,,,,,,,,,,,,,,,
2023,Sturgeon River,Plains Bison,Fecal swab,49-270,CX**,98,91,91,136,136,187,187,239,241,101,103,106,106,135,135,//,//,149,149,195,195,238,238,91,91,160,170,113,115,172,172,231,231,143,143,154,158,90,90,148,148,194,194,250,254,175,175,158,158,156,156,81,83,124,124,179,179,142,150,262,262,140,148,127,129,155,159,91,95,146,146,180,198,106,108,186,186,89,89,161,161,89,89,114,114,161,167,240,240,130,130,Y,X,92,104,95,103,191,191,207,211,168,170,149,149,,,,,,,,,,,,,,,,,,,,,,,,,,
2023,Sturgeon River,Plains Bison,Fecal swab,11-272,CY,100,91,91,138,142,187,187,241,253,103,103,106,106,135,141,93,105,149,149,195,195,238,238,91,91,161,161,113,113,172,172,231,233,143,143,158,158,88,90,127,148,194,198,250,250,163,165,158,158,144,156,83,83,122,124,165,179,142,142,262,262,140,140,125,129,155,159,91,95,146,146,180,198,106,106,176,186,89,89,161,161,89,89,114,116,161,161,240,240,130,130,Y,X,92,104,103,103,191,191,207,211,168,170,149,149,,,,,,,,,,,,,,,,,,,,,,,,,,
2023,Sturgeon River,Plains Bison,Fecal swab,3-273,CY,98,91,91,138,142,187,187,241,253,103,103,106,106,135,141,93,105,149,149,195,195,238,238,91,91,161,161,113,113,172,172,231,233,143,143,158,158,88,90,127,148,194,198,250,250,163,165,158,158,144,156,83,83,122,124,165,179,142,142,262,262,140,140,125,129,155,159,91,95,146,146,180,198,106,106,176,186,89,89,161,161,89,89,//,//,161,161,240,240,130,130,Y,X,92,104,103,103,191,191,207,211,168,170,149,149,,,,,,,,,,,,,,,,,,,,,,,,,,
2023,Sturgeon River,Plains Bison,Fecal swab,4-273,CY,100,91,91,138,142,187,187,241,253,103,103,106,106,135,141,93,105,149,149,195,195,238,238,91,91,161,161,113,113,172,172,231,233,143,143,158,158,88,90,127,148,194,198,250,250,163,165,158,158,144,156,83,83,122,124,165,179,142,142,262,262,140,140,125,129,155,159,91,95,146,146,180,198,106,106,176,186,89,89,161,161,89,89,114,116,161,161,240,240,130,130,Y,X,92,104,103,103,191,191,207,211,168,170,149,149,,,,,,,,,,,,,,,,,,,,,,,,,,
2023,Sturgeon River,Plains Bison,Fecal swab,7-273,CY,100,91,91,138,142,187,187,241,253,103,103,106,106,135,141,93,105,149,149,195,195,238,238,91,91,161,161,113,113,172,172,231,233,143,143,158,158,88,90,127,148,194,198,250,250,163,165,158,158,144,156,83,83,122,124,165,179,142,142,262,262,140,140,125,129,155,159,91,95,146,146,180,198,106,106,176,186,89,89,161,161,89,89,114,116,161,161,240,240,130,130,Y,X,92,104,103,103,191,191,207,211,168,170,149,149,,,,,,,,,,,,,,,,,,,,,,,,,,
2023,Sturgeon River,Plains Bison,Fecal swab,3-268,CZ,98,91,91,136,136,185,187,239,253,101,103,106,106,135,135,93,105,149,149,195,195,238,238,87,91,161,161,113,113,172,172,231,233,143,143,154,154,90,90,127,127,194,198,250,250,165,165,158,162,144,156,81,85,124,124,165,165,142,150,262,262,148,148,127,127,155,155,94,95,146,146,180,198,106,108,170,186,89,89,161,161,85,87,//,//,167,167,240,240,130,130,Y,X,92,96,101,103,191,191,207,207,142,168,149,149,,,,,,,,,,,,,,,,,,,,,,,,,,
2023,Sturgeon River,Plains Bison,Fecal swab,81-268,CZ,98,91,91,136,136,185,187,239,253,101,103,106,106,135,135,93,105,149,149,195,195,238,238,87,91,161,161,113,113,172,172,231,233,143,143,154,154,90,90,127,127,194,198,250,250,165,165,158,162,144,156,81,85,124,124,165,165,142,150,262,262,148,148,127,127,155,155,94,95,146,146,180,198,106,108,170,186,89,89,161,161,85,87,//,//,167,167,240,240,130,130,Y,X,92,96,101,103,191,191,207,207,142,168,149,149,,,,,,,,,,,,,,,,,,,,,,,,,,
2023,Sturgeon River,Plains Bison,Fecal swab,82-268,CZ,98,91,91,136,136,185,187,239,253,101,103,106,106,135,135,93,105,149,149,195,195,238,238,87,91,161,161,113,113,172,172,231,233,143,143,154,154,90,90,127,127,194,198,250,250,165,165,158,162,144,156,81,85,124,124,165,165,142,150,262,262,148,148,127,127,155,155,94,95,146,146,180,198,106,108,170,186,89,89,161,161,85,87,//,//,167,167,240,240,130,130,Y,X,92,96,101,103,191,191,207,207,142,168,149,149,,,,,,,,,,,,,,,,,,,,,,,,,,
2023,Sturgeon River,Plains Bison,Fecal swab,8-268,CZ,98,91,91,136,136,185,187,239,253,101,103,106,106,135,135,93,105,149,149,195,195,238,238,87,91,161,161,113,113,172,172,231,233,143,143,154,154,90,90,127,127,194,198,250,250,165,165,158,162,144,156,81,85,124,124,165,165,142,150,262,262,148,148,127,127,155,155,94,95,146,146,180,198,106,108,170,186,89,89,161,161,85,87,//,//,167,167,240,240,130,130,Y,X,92,96,101,103,191,191,207,207,142,168,149,149,,,,,,,,,,,,,,,,,,,,,,,,,,
2023,Sturgeon River,Plains Bison,Fecal swab,84-268,CZ,98,91,91,136,136,185,187,239,253,101,103,106,106,135,135,93,105,149,149,195,195,238,238,87,91,161,161,113,113,172,172,231,233,143,143,154,154,90,90,127,127,194,198,250,250,165,165,158,162,144,156,81,85,124,124,165,165,142,150,262,262,148,148,127,127,155,155,94,95,146,146,180,198,106,108,170,186,89,89,161,161,85,87,//,//,167,167,240,240,130,130,Y,X,92,96,101,103,191,191,207,207,142,168,149,149,,,,,,,,,,,,,,,,,,,,,,,,,,
2023,Sturgeon River,Plains Bison,Fecal swab,85-268,CZ,96,91,91,136,136,185,187,239,253,101,103,106,106,135,135,93,105,149,149,195,195,238,238,87,91,161,161,113,113,172,172,231,233,143,143,154,154,90,90,127,127,194,198,250,250,165,165,158,162,144,156,81,85,124,124,165,165,142,150,262,262,148,148,127,127,155,155,94,95,146,146,180,198,106,108,170,186,89,89,161,161,85,87,//,//,//,//,240,240,130,130,Y,X,92,96,101,103,191,191,207,207,142,168,149,149,,,,,,,,,,,,,,,,,,,,,,,,,,
2023,Sturgeon River,Plains Bison,Fecal swab,54-47,CZ*,98,91,91,136,136,185,187,239,253,103,103,106,106,135,135,93,105,149,149,195,195,238,238,87,91,161,161,113,113,172,172,231,233,143,143,154,154,90,90,127,127,194,198,250,250,165,165,158,162,144,156,81,85,124,124,165,165,142,150,262,262,148,148,127,127,155,155,94,95,146,146,180,198,106,108,170,186,89,89,161,161,85,87,//,//,167,167,240,240,130,130,Y,X,92,96,101,103,191,191,207,207,142,168,149,149,,,,,,,,,,,,,,,,,,,,,,,,,,
2023,Sturgeon River,Plains Bison,Fecal swab,59-47,CZ*,100,91,91,136,136,185,187,239,253,103,103,106,106,135,135,93,105,149,149,195,195,238,238,87,91,161,161,113,113,172,172,231,233,143,143,154,154,90,90,127,127,194,198,250,250,165,165,158,162,144,156,81,85,124,124,165,165,142,150,262,262,148,148,127,127,155,155,94,95,146,146,180,198,106,108,170,186,89,89,161,161,85,87,114,118,167,167,240,240,130,130,Y,X,92,96,101,103,191,191,207,207,142,168,149,149,,,,,,,,,,,,,,,,,,,,,,,,,,
2023,Sturgeon River,Plains Bison,Fecal swab,60-47,CZ*,98,91,91,136,136,185,187,239,253,103,103,106,106,135,135,93,105,149,149,195,195,238,238,87,91,161,161,113,113,172,172,231,233,143,143,154,154,90,90,127,127,194,198,250,250,165,165,158,162,144,156,81,85,124,124,165,165,142,150,262,262,148,148,127,127,155,155,94,95,146,146,180,198,106,108,170,186,89,89,161,161,85,87,//,//,167,167,240,240,130,130,Y,X,92,96,101,103,191,191,207,207,142,168,149,149,,,,,,,,,,,,,,,,,,,,,,,,,,
2023,Sturgeon River,Plains Bison,Fecal swab,61-47,CZ*,100,91,91,136,136,185,187,239,253,103,103,106,106,135,135,93,105,149,149,195,195,238,238,87,91,161,161,113,113,172,172,231,233,143,143,154,154,90,90,127,127,194,198,250,250,165,165,158,162,144,156,81,85,124,124,165,165,142,150,262,262,148,148,127,127,155,155,94,95,146,146,180,198,106,108,170,186,89,89,161,161,85,87,114,118,167,167,240,240,130,130,Y,X,92,96,101,103,191,191,207,207,142,168,149,149,,,,,,,,,,,,,,,,,,,,,,,,,,
2023,Sturgeon River,Plains Bison,Fecal swab,1-268,CZ**,96,91,91,136,136,185,187,239,253,101,103,106,106,135,135,93,105,149,149,195,195,238,238,87,91,161,161,113,113,172,172,231,233,143,143,154,154,90,90,127,127,194,198,250,250,165,165,158,162,144,156,81,85,124,124,165,165,142,150,262,262,148,148,127,127,155,155,94,95,146,146,180,198,106,108,170,186,89,89,161,161,87,87,//,//,167,167,240,240,130,130,//,//,92,92,101,103,191,191,207,207,142,168,149,149,,,,,,,,,,,,,,,,,,,,,,,,,,
2023,Sturgeon River,Plains Bison,Fecal swab,56-47,CZ**,100,91,91,136,136,185,187,239,253,103,103,106,106,135,135,93,105,149,149,195,195,238,238,87,91,161,161,113,113,172,172,231,233,143,143,154,154,90,90,127,127,194,198,250,250,165,165,158,162,144,156,81,85,124,124,165,165,142,150,262,262,148,148,127,127,155,155,94,95,146,146,180,198,106,108,170,186,89,89,161,161,85,87,114,114,167,167,240,240,130,130,Y,X,92,96,101,103,191,191,207,207,142,168,149,149,,,,,,,,,,,,,,,,,,,,,,,,,,
2023,Sturgeon River,Plains Bison,Fecal swab,80-268,CZ**,100,91,91,136,136,185,187,239,253,103,103,106,106,135,135,93,105,149,149,195,195,238,238,87,91,161,161,113,113,172,172,231,233,143,143,154,154,90,90,127,127,194,198,250,250,165,165,158,162,144,156,81,85,124,124,165,165,142,150,262,262,148,148,127,127,155,155,94,95,146,146,180,198,106,108,170,186,89,89,161,161,85,87,118,118,167,167,240,240,130,130,Y,X,92,96,101,103,191,191,207,207,142,168,149,149,,,,,,,,,,,,,,,,,,,,,,,,,,
2023,Sturgeon River,Plains Bison,Fecal swab,83-268,CZ**,100,91,91,136,136,185,187,239,253,103,103,106,106,135,135,93,105,149,149,195,195,238,238,87,91,161,161,113,113,172,172,231,233,143,143,154,154,90,90,127,127,194,198,250,250,165,165,158,162,144,156,81,85,124,124,165,165,142,150,262,262,148,148,127,127,155,155,94,95,146,146,180,198,106,108,170,186,89,89,161,161,85,87,114,114,167,167,240,240,130,130,Y,X,92,96,101,103,191,191,207,207,142,168,149,149,,,,,,,,,,,,,,,,,,,,,,,,,,
2023,Sturgeon River,Plains Bison,Fecal swab,33-270,CZ****,100,91,91,136,136,185,187,239,253,103,103,106,106,135,135,93,105,149,149,195,195,238,238,87,91,161,161,113,113,172,172,231,233,143,143,154,154,90,90,127,127,194,198,250,252,165,165,158,162,144,144,81,85,124,124,165,165,142,150,262,262,148,148,127,127,155,155,94,95,146,146,180,198,106,108,170,186,89,89,161,161,85,87,118,118,167,167,240,240,130,130,Y,X,92,96,101,103,191,191,207,207,142,168,149,149,,,,,,,,,,,,,,,,,,,,,,,,,,
2023,Sturgeon River,Plains Bison,Fecal swab,58-47,DA*,100,89,91,142,142,185,187,241,241,103,103,106,106,135,135,105,105,149,149,189,195,250,250,87,91,160,160,113,115,172,172,231,233,143,143,154,154,90,90,127,127,194,194,250,250,163,175,158,158,156,156,81,83,124,124,165,165,142,150,260,262,140,140,125,129,155,159,95,95,146,146,180,198,106,108,170,186,89,89,161,161,87,87,114,118,161,161,240,240,130,130,X,X,92,104,95,95,191,191,207,211,162,168,149,149,,,,,,,,,,,,,,,,,,,,,,,,,,
2023,Sturgeon River,Plains Bison,Fecal swab,47-270,DA***,94,89,91,142,142,185,187,241,241,//,//,106,112,135,135,105,105,149,149,189,195,250,250,87,91,160,160,113,115,172,172,231,233,143,143,154,154,90,90,127,127,194,194,250,250,163,175,156,158,156,156,81,83,124,124,165,165,142,150,260,262,140,140,125,129,155,159,95,95,146,146,180,198,108,108,170,186,89,89,161,161,87,87,//,//,161,161,240,240,130,130,//,//,92,104,95,95,191,191,207,211,162,168,149,149,,,,,,,,,,,,,,,,,,,,,,,,,,
2025,Sturgeon River,-,Fecal,25_SturRiv_28,DA,96,89,91,142,142,185,187,241,241,103,104,106,106,135,135,105,105,149,149,189,195,//,//,87,91,160,160,113,115,172,172,231,233,143,143,154,154,90,90,127,127,194,194,250,250,163,175,158,158,156,156,81,83,124,124,165,165,142,150,260,262,140,140,125,129,155,159,95,95,146,146,180,198,106,108,170,186,89,89,161,161,87,87,//,//,161,161,240,240,130,130,X,X,92,104,95,95,191,191,207,211,162,168,149,149,,,,,,,,,,,,,,,,,,,,,,,,,,
2025,Sturgeon River,-,Fecal,25_SturRiv_33B,DA,98,89,91,142,142,185,187,241,241,103,104,106,106,135,135,105,105,149,149,189,195,//,//,87,91,160,160,113,115,172,172,231,233,143,143,154,154,90,90,127,127,194,194,250,250,163,175,158,158,156,156,81,83,124,124,165,165,142,150,260,262,140,140,125,129,155,159,95,95,146,146,180,198,106,108,170,186,89,89,161,161,87,87,114,118,161,161,240,240,130,130,X,X,92,104,95,95,191,191,207,211,162,168,149,149,,,,,,,,,,,,,,,,,,,,,,,,,,
2023,Sturgeon River,Plains Bison,Fecal swab,26-273,DB**,100,91,91,136,136,187,187,239,239,103,103,106,106,135,135,93,105,149,149,195,195,238,238,91,91,160,161,113,113,172,172,231,233,143,145,154,160,90,90,127,127,194,198,250,254,165,175,158,158,156,156,81,81,122,124,165,179,142,150,262,262,148,148,129,129,159,159,95,95,146,146,180,180,108,108,170,186,89,89,161,161,87,89,114,114,161,161,240,240,130,130,Y,X,96,96,95,95,191,191,207,211,142,168,149,149,,,,,,,,,,,,,,,,,,,,,,,,,,
2023,Sturgeon River,Plains Bison,Fecal swab,9-273,DB**,100,91,91,136,136,187,187,239,239,101,103,106,106,135,135,93,105,149,149,195,195,238,238,91,91,160,161,113,113,172,172,231,233,143,145,154,160,90,90,127,127,194,198,250,254,165,175,158,158,156,156,81,81,124,124,165,179,142,150,262,262,148,148,129,129,159,159,95,95,146,146,180,180,108,108,170,186,89,89,161,161,87,89,114,114,161,161,240,240,130,130,Y,X,96,96,95,95,191,191,207,211,142,168,149,149,,,,,,,,,,,,,,,,,,,,,,,,,,
2023,Sturgeon River,Plains Bison,Fecal swab,24-273,DC***,100,91,91,142,142,187,187,239,253,103,103,106,106,135,141,93,105,149,149,195,195,238,238,87,91,160,161,113,115,172,180,231,233,143,143,154,158,90,90,127,127,194,194,250,250,163,175,158,162,156,156,83,85,124,124,165,179,142,150,262,262,140,148,125,129,159,159,91,95,146,146,180,198,106,108,186,186,89,89,161,161,89,89,112,112,161,161,238,240,130,130,Y,X,92,96,95,103,191,191,207,207,162,168,149,149,,,,,,,,,,,,,,,,,,,,,,,,,,
2025,Sturgeon River,-,Fecal,25_SturRiv_8,DC***,100,91,91,142,142,187,187,239,253,103,103,106,106,135,141,93,105,149,149,195,195,238,238,87,91,160,161,113,115,172,180,231,233,143,143,154,158,90,90,127,127,194,194,250,250,163,175,158,162,156,156,83,85,124,124,165,179,142,150,262,262,140,148,125,129,159,159,91,95,146,146,180,198,106,108,186,186,89,89,161,161,89,89,114,116,161,161,240,240,130,130,X,X,92,96,95,103,191,191,207,207,162,168,149,149,,,,,,,,,,,,,,,,,,,,,,,,,,
2025,Sturgeon River,-,Fecal,25_SturRiv_18,DC***,98,91,91,142,142,187,187,239,253,103,103,106,106,135,141,93,105,149,149,195,195,238,238,87,91,160,161,113,115,180,180,231,233,143,143,154,158,90,90,127,127,194,194,250,250,163,175,158,162,156,156,83,85,124,124,165,179,142,150,262,262,140,148,125,129,159,159,91,95,146,146,180,198,106,108,186,186,89,89,161,161,89,89,//,//,161,161,240,240,130,130,X,X,92,96,95,103,191,191,207,207,162,168,149,149,,,,,,,,,,,,,,,,,,,,,,,,,,
2023,Sturgeon River,Plains Bison,Fecal swab,36-270,DD*,100,91,91,136,136,187,187,239,241,103,103,106,106,135,141,93,105,149,149,195,195,238,250,87,91,161,170,113,113,172,172,231,233,143,143,158,158,88,90,127,127,198,198,250,254,165,175,158,158,156,156,83,83,124,124,165,165,142,150,262,262,148,148,125,129,153,159,94,95,146,146,180,192,106,108,170,170,89,89,161,161,85,87,114,114,161,167,240,240,130,130,Y,X,92,92,95,95,191,191,205,207,142,162,149,149,,,,,,,,,,,,,,,,,,,,,,,,,,
2025,Sturgeon River,-,Fecal,25_SturRiv_46,DD,96,91,91,136,136,187,187,239,241,103,103,106,106,135,141,93,105,149,149,195,195,238,238,87,91,161,170,113,113,172,172,231,233,143,143,158,158,88,90,127,127,198,198,250,254,165,175,158,158,156,156,83,83,124,124,165,165,142,150,262,262,148,148,125,129,153,159,94,95,146,146,180,192,106,108,170,170,89,89,161,161,85,87,//,//,161,167,240,240,130,130,Y,X,92,92,95,95,191,191,205,207,142,162,//,//,,,,,,,,,,,,,,,,,,,,,,,,,,
2025,Sturgeon River,-,Fecal,25_SturRiv_56,DD,98,91,91,136,136,187,187,239,241,103,103,106,106,135,141,93,105,149,149,195,195,238,238,87,91,161,170,113,113,172,172,231,233,143,143,158,158,88,90,127,127,198,198,250,254,165,175,158,158,156,156,83,83,124,124,165,165,142,150,262,262,148,148,125,129,153,159,94,95,146,146,180,192,106,108,170,170,89,89,161,161,85,87,//,//,161,167,240,240,130,130,Y,X,92,92,95,95,191,191,205,207,142,162,149,149,,,,,,,,,,,,,,,,,,,,,,,,,,
2025,Sturgeon River,-,Fecal,25_SturRiv_4,DE,100,89,91,136,136,187,187,239,245,103,104,104,104,135,141,93,93,149,149,195,195,250,250,87,91,170,170,113,113,172,172,231,233,143,143,154,158,90,90,127,127,194,198,250,250,163,175,158,162,156,156,81,85,124,124,179,179,142,142,262,262,140,140,127,129,153,159,94,95,146,146,180,198,108,108,186,186,89,89,161,161,85,87,114,116,167,167,240,240,130,130,Y,X,92,96,95,103,191,191,207,207,162,168,149,149,,,,,,,,,,,,,,,,,,,,,,,,,,
2025,Sturgeon River,-,Fecal,25_SturRiv_7,DE,98,89,91,136,136,187,187,239,245,103,104,104,104,135,141,93,93,149,149,195,195,//,//,87,91,170,170,113,113,172,172,231,233,143,143,154,158,90,90,127,127,194,198,250,250,163,175,158,162,156,156,81,85,124,124,179,179,142,142,262,262,140,140,127,129,153,159,94,95,146,146,180,198,108,108,186,186,89,89,161,161,85,87,114,116,167,167,240,240,130,130,Y,X,92,96,95,103,191,191,207,207,162,168,149,149,,,,,,,,,,,,,,,,,,,,,,,,,,
2025,Sturgeon River,-,Fecal,25_SturRiv_9,DF,100,89,91,142,142,185,185,241,245,103,103,106,106,135,141,93,93,149,149,189,195,250,250,87,87,161,161,113,115,172,172,231,231,143,143,158,160,88,90,127,127,194,194,250,250,175,175,158,158,156,156,83,83,124,124,165,179,142,150,262,262,140,148,125,129,159,159,91,95,146,146,180,180,108,108,170,186,89,89,161,161,87,89,116,116,161,167,238,240,130,130,X,X,104,104,95,95,191,191,207,211,162,168,149,149,,,,,,,,,,,,,,,,,,,,,,,,,,
2025,Sturgeon River,-,Fecal,25_SturRiv_17,DF,96,89,91,142,142,185,185,241,245,103,103,106,106,135,141,93,93,149,149,189,195,//,//,87,87,161,161,113,115,172,172,231,231,143,143,158,160,88,90,127,127,194,194,250,250,175,175,158,158,156,156,83,83,124,124,165,179,142,150,262,262,140,148,125,129,159,159,91,95,146,146,180,180,108,108,170,186,89,89,161,161,87,89,//,//,161,167,238,240,130,130,X,X,104,104,95,95,191,191,207,211,162,168,149,149,,,,,,,,,,,,,,,,,,,,,,,,,,
2025,Sturgeon River,-,Fecal,25_SturRiv_39,DG,96,89,89,136,142,185,187,241,245,103,104,106,106,135,141,105,105,149,149,195,195,//,//,87,91,160,161,113,113,172,172,231,233,143,143,154,154,88,90,127,127,194,194,250,250,163,163,158,162,156,156,81,83,124,124,165,165,142,142,260,262,140,140,129,129,159,159,95,95,146,146,180,198,108,108,170,186,89,89,161,161,85,87,//,//,161,167,240,240,130,130,X,X,92,96,95,103,191,191,207,211,168,168,149,149,,,,,,,,,,,,,,,,,,,,,,,,,,
2025,Sturgeon River,-,Fecal,25_SturRiv_45,DG*,98,89,89,136,142,185,187,241,245,103,103,106,106,135,141,105,105,149,149,195,195,//,//,87,91,160,161,113,113,172,172,231,233,143,143,154,154,88,90,127,127,194,194,250,250,163,163,158,162,156,156,81,83,124,124,165,165,142,142,260,262,140,140,129,129,159,159,95,95,146,146,180,198,108,108,170,186,89,89,161,161,85,87,114,124,161,167,240,240,130,130,X,X,92,96,95,103,191,191,207,211,168,168,149,149,,,,,,,,,,,,,,,,,,,,,,,,,,
2025,Sturgeon River,-,Fecal,25_SturRiv_49,DG,96,89,89,136,142,185,187,241,245,103,104,106,106,135,141,105,105,149,149,195,195,//,//,87,91,160,161,113,113,172,172,231,233,143,143,154,154,88,90,127,127,194,194,250,250,163,163,158,162,156,156,81,83,124,124,165,165,142,142,260,262,140,140,129,129,159,159,95,95,146,146,180,198,108,108,170,186,89,89,161,161,85,87,114,124,161,167,240,240,130,130,X,X,92,96,//,//,191,191,207,211,168,168,149,149,,,,,,,,,,,,,,,,,,,,,,,,,,
2025,Sturgeon River,-,Fecal,25_SturRiv_40,DH*,94,91,91,136,138,187,187,241,241,103,103,104,104,135,141,93,105,149,149,195,195,//,//,87,91,160,161,115,115,172,172,231,233,143,143,158,158,88,90,127,148,194,194,250,250,165,165,158,158,156,156,83,83,122,124,165,165,150,150,262,262,148,148,129,129,155,159,94,94,146,146,180,198,106,108,170,176,89,89,161,161,89,89,//,//,161,167,240,240,130,130,Y,X,92,104,95,103,191,191,205,211,168,170,//,//,,,,,,,,,,,,,,,,,,,,,,,,,,
2025,Sturgeon River,-,Fecal,25_SturRiv_48,DH*,98,91,91,136,138,187,187,241,241,103,103,104,104,135,141,93,105,149,149,195,195,//,//,87,91,160,161,115,115,172,172,231,233,143,143,158,158,88,90,127,148,194,194,250,250,165,165,158,158,156,156,83,83,122,124,165,165,150,150,262,262,148,148,129,129,155,159,94,94,146,146,180,198,106,108,170,176,89,89,161,161,89,89,114,114,161,167,240,240,130,130,Y,X,92,104,95,103,191,191,205,211,168,168,149,149,,,,,,,,,,,,,,,,,,,,,,,,,,
2025,Sturgeon River,-,Fecal,25_SturRiv_47,DI***,87,91,91,136,136,185,187,239,241,103,103,106,106,135,135,//,//,149,149,//,//,//,//,87,87,160,161,113,115,180,180,231,231,143,143,154,158,88,90,127,127,194,198,250,250,175,175,158,162,//,//,81,83,122,124,165,179,142,142,262,262,140,140,125,125,153,155,94,95,146,146,180,198,108,108,172,172,89,89,161,161,85,85,//,//,161,167,238,240,130,130,Y,X,92,96,//,//,191,191,207,211,170,170,//,//,,,,,,,,,,,,,,,,,,,,,,,,,,
2025,Sturgeon River,-,Fecal,25_SturRiv_52,DI***,92,91,91,136,142,185,187,239,241,103,103,106,106,135,135,93,93,149,149,195,195,//,//,87,87,160,161,113,115,172,180,231,231,143,143,154,158,88,90,127,127,194,198,250,250,175,175,158,162,156,156,81,83,122,124,165,179,142,142,262,262,140,140,125,125,153,155,94,95,146,146,180,198,108,108,170,172,89,89,161,161,85,85,//,//,161,167,238,240,130,130,Y,X,92,96,//,//,191,191,207,211,170,170,//,//,,,,,,,,,,,,,,,,,,,,,,,,,,
2025,Sturgeon River,-,Fecal,25_SturRiv_53,DJ,98,89,91,136,142,187,187,239,241,103,103,106,106,135,135,105,105,149,149,189,195,//,//,91,91,160,161,113,115,172,172,233,233,143,143,154,158,90,90,127,127,194,194,250,250,163,175,158,162,156,156,81,83,122,124,165,179,142,150,260,262,140,140,125,129,155,159,91,95,146,146,198,198,108,108,170,170,89,89,161,161,85,87,114,118,161,161,238,240,130,130,Y,X,92,104,95,95,191,191,207,211,168,168,149,149,,,,,,,,,,,,,,,,,,,,,,,,,,
2025,Sturgeon River,-,Fecal,25_SturRiv_54,DJ,98,89,91,136,142,187,187,239,241,103,103,106,106,135,135,105,105,149,149,189,195,//,//,91,91,160,161,113,115,172,172,233,233,143,143,154,158,90,90,127,127,194,194,250,250,163,175,158,162,156,156,81,83,122,124,165,179,142,150,260,262,140,140,125,129,155,159,91,95,146,146,198,198,108,108,170,170,89,89,161,161,85,87,114,118,161,161,238,240,130,130,Y,X,92,104,95,95,191,191,207,211,168,168,149,149,,,,,,,,,,,,,,,,,,,,,,,,,,
2025,Sturgeon River,-,Fecal,25_SturRiv_60,DK,98,91,91,136,138,185,187,241,241,103,103,106,106,135,135,93,105,149,149,189,195,238,238,87,91,160,170,113,115,180,180,231,231,143,143,154,158,88,90,127,148,194,194,250,250,163,175,158,162,156,156,83,83,122,122,179,179,150,150,262,262,140,140,125,129,159,159,91,94,146,146,180,198,108,108,170,170,89,89,161,161,87,89,//,//,161,161,238,240,130,130,Y,X,92,104,103,103,191,191,207,211,142,168,149,149,,,,,,,,,,,,,,,,,,,,,,,,,,
2025,Sturgeon River,-,Fecal,25_SturRiv_61,DK,100,91,91,136,138,185,187,241,241,103,103,106,106,135,135,93,105,149,149,189,195,238,238,87,91,160,170,113,115,180,180,231,231,143,143,154,158,88,90,127,148,194,194,250,250,163,175,158,162,156,156,83,83,122,122,179,179,150,150,262,262,140,140,125,129,159,159,91,94,146,146,180,198,108,108,170,170,89,89,161,161,87,89,118,118,161,161,238,240,130,130,Y,X,92,104,103,103,191,191,207,211,142,168,149,149,,,,,,,,,,,,,,,,,,,,,,,,,,
2025,Sturgeon River,-,Fecal,25_SturRiv_62,DK,100,91,91,136,138,185,187,241,241,103,103,106,106,135,135,93,105,149,149,189,195,238,238,87,91,160,170,113,115,180,180,231,231,143,143,154,158,88,90,127,148,194,194,250,250,163,175,158,162,156,156,83,83,122,122,179,179,150,150,262,262,140,140,125,129,159,159,91,94,146,146,180,198,108,108,170,170,89,89,161,161,87,89,118,118,161,161,238,240,130,130,Y,X,92,104,103,103,191,191,207,211,142,168,149,149,,,,,,,,,,,,,,,,,,,,,,,,,,
2025,Sturgeon River,-,Fecal,25_SturRiv_63,DL,98,91,91,142,142,187,187,239,241,103,103,104,106,141,141,93,105,149,149,195,195,//,//,87,91,160,170,113,115,172,178,231,231,143,143,154,158,90,90,127,148,194,194,250,254,165,175,158,158,156,156,83,83,124,124,165,179,142,150,262,262,140,148,125,129,155,159,91,95,146,146,180,198,108,108,170,176,89,89,161,161,85,89,114,118,161,161,240,240,130,130,X,X,96,104,95,95,191,191,207,207,162,168,149,149,,,,,,,,,,,,,,,,,,,,,,,,,,
2025,Sturgeon River,-,Fecal,25_SturRiv_65,DL,92,91,91,142,142,187,187,239,241,103,103,104,106,141,141,93,105,149,149,195,195,//,//,87,91,160,170,113,115,//,//,231,231,143,143,154,158,90,90,127,148,194,194,250,254,165,175,158,158,156,156,83,83,124,124,165,179,142,150,262,262,140,148,125,129,155,159,91,95,146,146,180,198,108,108,170,176,89,89,161,161,85,89,//,//,161,161,240,240,130,130,X,X,96,104,95,95,191,191,207,207,162,168,//,//,,,,,,,,,,,,,,,,,,,,,,,,,,
2023,Wabasca,Wood Bison,Fecal swab,150_190,DM,96,91,91,136,138,181,187,253,269,103,103,102,106,145,145,93,93,127,143,189,195,232,238,87,87,143,160,113,113,172,172,227,233,143,143,156,158,90,100,127,140,194,194,250,252,173,177,150,152,144,154,83,83,124,124,165,179,148,148,262,262,140,140,121,127,153,155,91,92,150,150,180,180,90,90,168,170,85,89,161,161,85,87,//,//,161,161,228,236,114,134,//,//,102,102,95,99,181,181,201,211,156,168,145,151,,,,,,,,,,,,,,,,,,,,,,,,,,
2023,Wabasca,Wood Bison,Hair,150_190,DM,100,91,91,136,138,181,187,253,269,103,103,102,106,145,145,93,93,127,143,189,195,232,238,87,87,143,160,113,113,172,172,227,233,143,143,156,158,90,100,127,140,194,194,250,252,173,177,150,152,144,154,83,83,124,124,165,179,148,148,262,262,140,140,121,127,153,155,91,92,150,150,180,180,90,90,168,170,85,89,161,161,85,87,116,116,161,161,228,236,114,134,X,X,102,102,95,99,181,181,201,211,156,168,145,151,,,,,,,,,,,,,,,,,,,,,,,,,,
2023,Wabasca,Wood Bison,Fecal swab,150_230,DN,96,91,99,138,138,187,187,253,269,103,103,102,104,135,145,93,97,129,143,189,191,232,254,87,87,160,162,108,113,172,174,227,231,143,145,156,156,90,90,127,140,194,194,246,252,175,177,148,152,144,154,81,83,124,132,179,179,148,148,262,262,140,150,127,129,155,155,91,95,146,146,180,180,106,110,168,170,85,89,173,173,85,91,//,//,167,167,236,236,114,118,//,//,96,98,99,99,181,181,201,201,156,156,145,145,,,,,,,,,,,,,,,,,,,,,,,,,,
2023,Wabasca,Wood Bison,Hair,150_230,DN,98,91,99,138,138,187,187,253,269,103,103,102,104,135,145,93,97,129,143,189,191,232,254,87,87,160,162,108,113,172,174,227,231,143,145,156,156,90,90,127,140,194,194,246,252,175,177,148,152,144,154,81,83,124,132,179,179,148,148,262,262,140,150,127,129,155,155,91,95,146,146,180,180,106,110,168,170,85,89,173,173,85,91,//,//,167,167,236,236,114,118,X,X,96,98,99,99,181,181,201,201,156,156,145,145,,,,,,,,,,,,,,,,,,,,,,,,,,
2025,Wabasca,-,Fecal,Wab24_07,DN,88,91,99,138,138,187,187,253,269,103,103,102,104,135,145,93,97,129,143,189,191,232,254,//,//,//,//,//,//,172,174,227,231,//,//,//,//,90,90,127,140,194,194,246,252,175,177,148,152,144,154,81,83,124,132,179,179,148,148,262,262,140,150,127,129,155,155,91,95,146,146,180,180,106,110,168,170,85,89,173,173,85,91,//,//,167,167,236,236,114,118,X,X,96,98,99,99,181,181,201,201,156,156,145,145,,,,,,,,,,,,,,,,,,,,,,,,,,
2024,Wabasca,-,Fecal,24Wab_004,DO,96,91,99,138,138,187,187,253,269,103,103,102,102,135,145,91,93,131,143,189,195,254,254,87,87,160,160,113,113,172,172,229,231,143,145,156,156,90,100,127,127,194,194,250,252,167,175,152,166,154,154,83,83,120,124,183,183,142,148,262,262,140,140,125,127,155,157,91,95,146,150,184,184,90,106,168,170,89,91,169,173,87,87,//,//,161,167,228,238,114,134,X,X,98,102,99,103,181,191,205,205,156,168,//,//,,,,,,,,,,,,,,,,,,,,,,,,,,
2024,Wabasca,-,Fecal,24Wab_005,DO,98,91,99,138,138,187,187,253,269,103,103,102,102,135,145,91,93,131,143,189,195,254,254,87,87,160,160,113,113,172,172,229,231,143,145,156,156,90,100,127,127,194,194,250,252,167,175,152,166,154,154,83,83,120,124,183,183,142,148,262,262,140,140,125,127,155,157,91,95,146,150,184,184,90,106,168,170,89,91,169,173,87,87,//,//,161,167,228,238,114,134,X,X,98,102,99,103,181,191,205,205,156,168,145,149,,,,,,,,,,,,,,,,,,,,,,,,,,
2023,Wabasca,Wood Bison,Hair,150_300,DO*,100,91,99,138,138,187,187,253,269,103,103,102,102,135,145,91,93,131,143,189,195,254,254,87,87,160,160,113,113,172,172,229,231,143,145,156,156,90,100,127,127,194,194,250,252,167,175,152,166,154,154,83,83,120,124,183,183,142,148,262,262,140,140,125,127,155,157,91,95,146,150,184,184,90,106,168,170,89,91,169,173,87,87,108,118,161,167,228,238,114,114,X,X,98,102,99,103,181,191,205,205,156,168,145,149,,,,,,,,,,,,,,,,,,,,,,,,,,
2024,Wabasca,-,Fecal,24Wab_0011,DO*,98,91,99,138,138,187,187,253,269,103,103,102,102,135,145,93,93,131,143,189,195,254,254,87,87,160,160,113,113,172,172,229,231,143,145,156,156,90,100,127,127,194,194,250,252,167,175,152,166,154,154,83,83,120,124,183,183,142,148,262,262,140,140,125,127,155,157,91,95,146,150,184,184,90,106,168,170,89,91,169,173,87,87,//,//,161,167,228,238,114,134,X,X,98,102,99,103,181,191,205,205,156,168,145,149,,,,,,,,,,,,,,,,,,,,,,,,,,
2025,Wabasca,-,Fecal,Wab24_04,DO*,98,91,99,138,138,187,187,253,269,103,103,102,102,135,145,93,93,131,143,189,195,254,254,87,87,160,160,113,113,172,172,229,231,143,145,156,156,90,100,127,127,194,194,250,252,167,175,152,166,154,154,83,83,120,124,183,183,142,148,262,262,140,140,125,127,155,157,91,95,146,150,184,184,90,106,168,170,89,91,169,173,87,87,//,//,161,167,228,238,114,134,X,X,98,102,99,103,181,191,205,205,156,168,145,149,,,,,,,,,,,,,,,,,,,,,,,,,,
2025,Wabasca,-,Fecal,Wab24_09,DO*,88,91,99,138,138,187,187,253,269,103,103,102,102,135,145,93,93,131,143,189,195,254,254,//,//,//,//,//,//,172,172,229,231,//,//,//,//,90,100,127,127,194,194,250,252,167,175,152,166,154,154,83,83,120,124,183,183,142,148,262,262,140,140,125,127,155,157,91,95,146,150,184,184,90,106,168,170,89,91,169,173,87,87,//,//,161,167,228,238,114,134,X,X,98,102,99,103,181,191,205,205,156,168,145,149,,,,,,,,,,,,,,,,,,,,,,,,,,
2025,Wabasca,-,Fecal,Biso24-007,DO*****,88,91,99,138,138,187,187,//,//,103,103,102,102,135,145,93,93,131,143,//,//,//,//,87,87,160,160,113,113,172,172,229,231,143,145,156,156,90,100,127,127,194,194,250,252,167,175,152,166,154,154,83,83,120,124,183,183,142,148,262,262,140,140,127,127,155,157,95,95,146,150,184,184,90,106,168,170,89,91,169,173,87,87,//,//,161,167,228,228,114,114,X,X,98,102,99,103,181,191,205,205,156,168,//,//,,,,,,,,,,,,,,,,,,,,,,,,,,
2024,Wabasca,-,Fecal,24Wab_002,DP,98,91,91,136,138,181,187,241,253,103,103,102,102,135,135,93,93,143,143,195,195,238,254,87,87,160,160,108,113,172,172,225,225,143,143,154,156,100,100,140,140,194,194,246,252,175,177,148,152,144,144,83,83,120,124,165,183,148,148,262,262,140,140,125,129,151,155,91,95,146,150,180,180,90,108,168,170,85,89,161,165,87,87,116,116,161,167,228,228,114,118,X,X,102,102,97,99,181,191,211,211,156,156,//,//,,,,,,,,,,,,,,,,,,,,,,,,,,
2024,Wabasca,-,Fecal,24Wab_006,DP,98,91,91,136,138,181,187,241,253,103,103,102,102,135,135,93,93,143,143,195,195,238,254,87,87,160,160,108,113,172,172,225,225,143,143,154,156,100,100,140,140,194,194,246,252,175,177,148,152,144,144,83,83,120,124,165,183,148,148,262,262,140,140,125,129,151,155,91,95,146,150,180,180,90,108,168,170,85,89,161,165,87,87,116,116,161,167,228,228,114,118,X,X,102,102,97,99,181,191,211,211,156,156,//,//,,,,,,,,,,,,,,,,,,,,,,,,,,
2024,Wabasca,-,Fecal,24Wab_007,DP,100,91,91,136,138,181,187,241,253,103,103,102,102,135,135,93,93,143,143,195,195,238,254,87,87,160,160,108,113,172,172,225,225,143,143,154,156,100,100,140,140,194,194,246,252,175,177,148,152,144,144,83,83,120,124,165,183,148,148,262,262,140,140,125,129,151,155,91,95,146,150,180,180,90,108,168,170,85,89,161,165,87,87,116,116,161,167,228,228,114,118,X,X,102,102,97,99,181,191,211,211,156,156,145,149,,,,,,,,,,,,,,,,,,,,,,,,,,
2025,Wabasca,-,Fecal,Wab24_08,DP,88,91,91,136,138,181,187,241,253,103,103,102,102,135,135,93,93,143,143,195,195,238,254,//,//,//,//,//,//,172,172,//,//,//,//,//,//,100,100,140,140,194,194,246,252,175,177,148,152,144,144,83,83,120,124,165,183,148,148,262,262,140,140,125,129,151,155,91,95,146,150,180,180,90,108,168,170,85,89,161,165,87,87,116,116,161,167,228,228,114,118,X,X,102,102,97,99,181,191,211,211,156,156,145,149,,,,,,,,,,,,,,,,,,,,,,,,,,
2025,Wabasca,-,Fecal,Wab24_02,DP*,98,91,91,136,138,181,187,241,253,103,103,102,102,135,135,93,93,143,143,195,195,238,254,87,87,160,160,108,113,172,172,225,225,143,143,156,156,100,100,140,140,194,194,246,252,175,177,148,152,144,144,83,83,120,124,165,183,148,148,262,262,140,140,125,129,151,155,91,95,146,150,180,180,90,108,168,170,85,89,161,165,87,87,116,116,161,167,228,228,114,118,X,X,102,102,97,99,181,191,211,211,//,//,145,149,,,,,,,,,,,,,,,,,,,,,,,,,,
2025,Wabasca,-,Fecal,Wab24_012,DP*,96,91,91,136,138,181,187,241,253,103,103,102,102,135,135,93,93,143,143,195,195,238,254,87,87,160,160,108,113,172,172,225,225,143,143,156,156,100,100,140,140,194,194,246,252,175,177,148,152,144,144,83,83,120,124,165,183,148,148,262,262,140,140,125,129,151,155,91,95,146,150,180,180,90,108,168,170,85,89,161,165,87,87,//,//,161,167,228,228,114,118,X,X,102,102,97,99,181,191,211,211,156,156,//,//,,,,,,,,,,,,,,,,,,,,,,,,,,
2024,Wabasca,-,Fecal,24Wab_003,DQ,94,91,91,138,138,187,187,241,269,103,103,102,102,135,145,93,93,143,143,189,195,238,238,87,87,160,160,108,113,180,180,225,231,143,143,156,156,90,100,127,140,194,194,246,250,173,175,148,152,144,144,83,83,120,120,179,183,142,148,//,//,140,140,127,129,151,157,91,92,146,146,180,180,108,110,168,170,85,89,161,165,87,87,//,//,167,167,228,228,114,118,X,X,98,102,97,99,179,181,205,211,156,156,//,//,,,,,,,,,,,,,,,,,,,,,,,,,,
2024,Wabasca,-,Fecal,24Wab_008,DQ,98,91,91,138,138,187,187,241,269,103,103,102,102,135,145,93,93,143,143,189,195,238,238,87,87,160,160,108,113,180,180,225,231,143,143,156,156,90,100,127,140,194,194,246,250,173,175,148,152,144,144,83,83,120,120,179,183,142,148,262,262,140,140,127,129,151,157,91,92,146,146,180,180,108,110,168,170,85,89,161,165,87,87,116,118,167,167,228,228,114,118,X,X,98,102,97,99,179,181,205,211,156,156,//,//,,,,,,,,,,,,,,,,,,,,,,,,,,
2024,Wabasca,-,Fecal,24Wab_009,DQ,94,91,91,138,138,187,187,241,269,103,103,102,102,135,145,93,93,143,143,189,195,238,238,87,87,160,160,108,113,180,180,225,231,143,143,156,156,90,100,127,140,194,194,246,250,173,175,148,152,144,144,83,83,120,120,179,183,142,148,262,262,140,140,127,129,151,157,91,92,//,//,180,180,108,110,//,//,85,89,161,165,87,87,116,118,167,167,228,228,114,118,X,X,98,102,97,99,179,181,205,211,156,156,//,//,,,,,,,,,,,,,,,,,,,,,,,,,,
2024,Wabasca,-,Fecal,24Wab_0010,DQ,100,91,91,138,138,187,187,241,269,103,103,102,102,135,145,93,93,143,143,189,195,238,238,87,87,160,160,108,113,180,180,225,231,143,143,156,156,90,100,127,140,194,194,246,250,173,175,148,152,144,144,83,83,120,120,179,183,142,148,262,262,140,140,127,129,151,157,91,92,146,146,180,180,108,110,168,170,85,89,161,165,87,87,116,118,167,167,228,228,114,118,X,X,98,102,97,99,179,181,205,211,156,156,145,149,,,,,,,,,,,,,,,,,,,,,,,,,,
2025,Wabasca,-,Fecal,Wab24_010,DQ,100,91,91,138,138,187,187,241,269,103,103,102,102,135,145,93,93,143,143,189,195,238,238,87,87,160,160,108,113,180,180,225,231,143,143,156,156,90,100,127,140,194,194,246,250,173,175,148,152,144,144,83,83,120,120,179,183,142,148,262,262,140,140,127,129,151,157,91,92,146,146,180,180,108,110,168,170,85,89,161,165,87,87,116,118,167,167,228,228,114,118,X,X,98,102,97,99,179,181,205,211,156,156,145,149,,,,,,,,,,,,,,,,,,,,,,,,,,
2024,Wabasca,-,Fecal,24Wab_0012,DQ*,94,91,91,138,138,187,187,241,269,103,103,102,102,135,145,93,93,143,143,189,195,238,238,87,87,160,160,108,113,180,180,225,231,143,143,156,156,90,100,127,140,194,194,246,250,173,175,148,152,//,//,83,83,120,120,179,183,142,148,262,262,140,140,127,129,151,157,91,92,146,146,180,180,108,110,168,170,85,89,161,165,87,87,//,//,167,167,228,228,114,118,X,X,98,102,97,99,179,181,211,211,156,156,//,//,,,,,,,,,,,,,,,,,,,,,,,,,,
2025,Wabasca,-,Fecal,Wab24_01,DR,94,91,93,138,138,187,187,253,253,103,103,100,104,135,135,//,//,129,143,191,195,238,254,87,87,143,161,108,115,//,//,225,233,143,145,154,158,90,100,127,138,194,194,250,254,175,175,150,152,144,144,81,83,122,124,179,179,142,148,260,262,140,150,127,127,151,153,91,95,146,146,180,184,106,110,170,170,85,85,161,169,87,91,116,118,167,167,236,236,114,118,X,X,96,102,95,103,179,191,201,201,162,166,//,//,,,,,,,,,,,,,,,,,,,,,,,,,,
2025,Wabasca,-,Fecal,Wab24_03,DR,96,91,93,138,138,187,187,253,253,103,103,100,104,135,135,//,//,129,143,191,195,238,254,87,87,143,161,108,115,//,//,225,233,143,145,154,158,90,100,127,138,194,194,250,254,175,175,150,152,144,144,81,83,122,124,179,179,142,148,260,262,140,150,127,127,151,153,91,95,146,146,180,184,106,110,170,170,85,85,161,169,87,91,116,118,167,167,236,236,114,118,X,X,96,102,95,103,179,191,201,201,162,166,145,147,,,,,,,,,,,,,,,,,,,,,,,,,,
2024,Wabasca,-,Fecal,24Wab_001,DS**,87,91,91,136,138,181,187,253,253,103,103,102,102,135,145,91,93,143,143,189,191,232,254,87,87,160,160,113,113,//,//,231,231,143,145,154,156,90,90,127,127,194,194,250,252,167,177,//,//,//,//,81,83,120,120,165,183,142,148,262,262,140,140,127,127,//,//,91,95,150,150,180,184,90,90,170,170,85,91,161,169,87,87,116,118,161,167,228,228,134,134,Y,X,98,102,99,103,//,//,205,211,//,//,//,//,,,,,,,,,,,,,,,,,,,,,,,,,,
2025,Wabasca,-,Fecal,Wab24_06,DS**,98,91,91,136,138,181,187,253,253,103,103,102,102,135,145,93,93,143,143,189,191,232,254,87,87,160,160,113,113,172,174,227,231,143,145,154,156,90,90,127,127,194,194,250,252,167,177,152,166,154,154,81,83,120,120,165,183,142,148,262,262,140,140,127,127,155,155,91,95,150,150,180,184,90,90,170,170,85,91,161,169,87,87,//,//,161,167,228,228,134,134,Y,X,98,102,99,103,181,191,205,211,156,168,145,149,,,,,,,,,,,,,,,,,,,,,,,,,,
2025,Wabasca,-,Fecal,Wab24_05,DT**,98,91,93,138,138,187,187,253,253,103,103,102,104,135,145,93,93,129,143,191,191,232,254,87,87,143,160,108,113,172,172,227,233,143,145,154,158,90,100,127,138,194,194,250,252,175,177,152,152,144,144,81,83,122,124,165,179,148,148,262,262,140,140,127,127,151,155,91,91,146,150,180,184,106,110,170,170,85,89,161,173,85,91,//,//,167,167,236,236,114,114,X,X,102,102,95,99,181,191,201,211,166,168,145,145,,,,,,,,,,,,,,,,,,,,,,,,,,
2025,Wabasca,-,Fecal,Wab24_011,DT**,95,91,93,138,138,187,187,253,253,103,103,102,104,135,145,93,93,129,143,191,191,232,254,87,87,143,160,108,113,172,172/178,227,233,143,145,154,158,90,100,127,138,194,194,250,252,175,177,152,152,144,144,81,83,122,124,165,179,148,148,260,262,140,140,127,127,151,151,91,91,146,150,180,184,106,110,170,170,85,89,161,173,85,91,//,//,167,167,236,236,114,114,X,X,102,102,95,99,181,191,201,211,166,168,//,//,,,,,,,,,,,,,,,,,,,,,,,,,,
2024,Waterton Lakes,-,Fecal,WLNP06,DU*,96,91,91,136,136,175,187,241,271,104,104,104,104,141,147,91,97,127,129,191,191,238,238,91,91,160,161,108,113,180,180,229,231,143,143,158,160,90,90,127,127,190,200,250,250,163,173,158,162,156,156,83,83,124,124,183,185,142,148,256,262,140,150,129,131,153,159,91,91,146,150,180,184,106,108,168,168,89,89,165,165,//,//,//,//,161,165,228,236,130,134,Y,X,92,98,95,95,191,191,201,211,144,168,149,149,,,,,,,,,,,,,,,,,,,,,,,,,,
2024,Waterton Lakes,-,Fecal,WLNP10,DU*,88,91,91,136,136,175,187,241,271,104,104,104,104,141,147,91,97,127,129,191,191,238,238,91,91,160,161,108,113,180,180,229,231,143,143,158,160,90,90,127,127,190,200,250,250,//,//,//,//,//,//,83,83,124,124,183,185,142,148,256,262,140,150,129,131,153,159,91,95,146,150,180,184,106,108,168,168,89,89,165,165,//,//,//,//,161,165,228,236,130,134,Y,X,92,98,95,95,191,191,201,211,144,168,//,//,,,,,,,,,,,,,,,,,,,,,,,,,,
2023,WBNP,Wood Bison,Biopsy,BSN82,DV,100,89,91,134,136,181,187,241,253,103,103,108,108,141,145,85,103,129,129,189,191,232,238,87,87,160,160,108,115,172,182,229,229,143,143,156,158,90,90,127,142,194,194,252,252,167,173,152,152,156,156,83,85,124,132,165,183,142,148,262,262,146,150,129,129,157,159,91,92,146,150,184,192,108,112,170,176,89,89,161,161,85,89,108,118,161,167,228,238,130,132,Y,X,96,98,101,101,181,181,201,211,164,168,149,151,,,,,,,,,,,,,,,,,,,,,,,,,,
2023,WBNP,Wood Bison,Biopsy,BSN85,DV,100,89,91,134,136,181,187,241,253,103,103,108,108,141,145,85,103,129,129,189,191,232,238,87,87,160,160,108,115,172,182,229,229,143,143,156,158,90,90,127,142,194,194,252,252,167,173,152,152,156,156,83,85,124,132,165,183,142,148,262,262,146,150,129,129,157,159,91,92,146,150,184,192,108,112,170,176,89,89,161,161,85,89,108,118,161,167,228,238,130,132,Y,X,96,98,101,101,181,181,201,211,164,168,149,151,,,,,,,,,,,,,,,,,,,,,,,,,,
2023,WBNP,Wood Bison,Hair,40,DW,100,89,89,138,138,187,191,247,253,103,103,100,106,145,147,97,97,129,129,191,191,232,238,87,87,149,162,115,115,172,174,225,229,143,143,156,158,90,90,127,140,188,190,252,252,173,175,146,152,154,154,83,83,124,124,183,183,142,142,256,262,150,150,129,129,155,159,91,92,146,150,180,180,108,112,166,170,85,91,165,173,81,89,116,118,161,167,238,238,130,134,X,X,98,104,99,103,181,183,205,215,142,162,145,153,,,,,,,,,,,,,,,,,,,,,,,,,,
2023,WBNP,Wood Bison,blood,40,DW,100,89,89,138,138,187,191,247,253,103,103,100,106,145,147,97,97,129,129,191,191,232,238,87,87,149,162,115,115,172,174,225,229,143,143,156,158,90,90,127,140,188,190,252,252,173,175,146,152,154,154,83,83,124,124,183,183,142,142,256,262,150,150,129,129,155,159,91,92,146,150,180,180,108,112,166,170,85,91,165,173,81,89,116,118,161,167,238,238,130,134,X,X,98,104,99,103,181,183,205,215,142,162,145,153,,,,,,,,,,,,,,,,,,,,,,,,,,
2023,WBNP,Wood Bison,blood,209,DX*,100,89,89,136,136,179,187,241,269,103,103,100,108,135,141,93,103,129,129,189,191,238,252,89,89,160,160,115,115,174,178,229,231,143,143,158,160,90,100,127,140,190,194,252,252,173,173,152,158,154,154,77,81,124,124,165,175,148,150,256,262,150,150,125,125,155,159,91,91,150,150,180,192,106,106,170,174,81,89,161,169,89,89,118,118,167,167,228,238,128,130,X,X,98,104,101,101,181,181,211,211,142,142,147,149,,,,,,,,,,,,,,,,,,,,,,,,,,
2023,WBNP,Wood Bison,Hair,88209,DX*,100,89,89,136,136,179,187,241,269,103,103,100,108,135,141,93,103,129,129,189,191,238,252,89,89,160,160,115,115,174,178,229,231,143,143,158,160,90,100,127,140,190,194,252,252,173,173,152,158,154,154,77,81,124,124,165,175,148,150,256,262,150,150,125,125,155,159,91,91,150,150,180,192,106,106,170,174,81,89,161,169,89,89,114,118,167,167,228,238,128,130,X,X,98,104,101,101,181,181,211,211,142,142,147,149,,,,,,,,,,,,,,,,,,,,,,,,,,
2023,WBNP,Wood Bison,blood,217,DY**,98,89,89,136,140,179,187,253,269,101,103,106,108,141,145,89,93,149,149,189,189,238,238,87,89,154,161,108,115,172,176,229,229,143,143,158,158,90,102,138,140,190,194,//,//,175,177,152,162,144,154,77,81,132,132,179,183,142,150,260,262,146,148,125,129,159,159,91,94,150,154,192,192,106,110,174,176,83,89,161,161,85,91,108,118,167,167,228,238,128,134,X,X,102,102,101,103,179,181,205,211,142,158,145,149,,,,,,,,,,,,,,,,,,,,,,,,,,
2023,WBNP,Wood Bison,Hair,88217,DY**,100,89,89,136,140,179,187,253,269,103,103,106,108,141,145,89,93,149,149,189,189,238,238,87,89,154,161,108,115,172,176,229,229,143,143,158,158,90,102,138,140,190,194,252,252,175,177,152,162,144,154,81,81,132,132,179,183,142,150,260,262,146,148,125,129,159,159,91,94,150,154,192,192,106,110,174,176,83,89,161,161,85,91,108,118,167,167,228,238,128,134,X,X,102,102,101,103,179,181,205,211,142,158,145,149,,,,,,,,,,,,,,,,,,,,,,,,,,
2023,WBNP,Wood Bison,Biopsy,BSN80,DZ*,100,89,91,136,138,179,179,241,253,103,103,104,104,141,145,103,103,129,149,189,189,238,238,87,87,162,162,115,115,182,182,227,229,143,143,152,156,102,102,127,146,194,194,252,252,167,173,146,146,144,154,77,81,124,132,179,183,142,150,260,260,146,150,123,129,157,157,91,91,150,150,192,192,110,110,174,174,89,89,173,173,87,89,114,116,167,167,238,240,118,118,Y,X,92,102,95,95,181,191,201,207,142,158,145,153,,,,,,,,,,,,,,,,,,,,,,,,,,
2023,WBNP/Nyarling,Wood Bison,Biopsy,BSN92,DZ*,100,89,91,136,138,179,179,241,253,103,103,104,104,141,145,103,103,129,149,189,189,238,238,87,87,162,162,115,115,182,182,227,229,143,143,152,156,102,102,127,146,194,194,252,252,167,173,146,146,144,154,77,81,124,132,179,183,142,150,260,260,150,150,123,129,157,157,91,91,150,150,192,192,110,110,174,174,89,89,173,173,87,89,114,116,167,167,238,240,118,118,Y,X,92,102,95,95,181,191,201,207,142,158,145,153,,,,,,,,,,,,,,,,,,,,,,,,,,
2024/M.Grant Thesis,WBNP,-,Fecal,WBNP962,DZ*******,91,89,91,136,138,179,179,241,253,103,103,104,104,141,145,//,//,//,//,//,//,238,238,87,87,162,162,115,115,182,182,227,227,143,143,152,156,102,102,127,146,194,194,252,252,173,173,146,146,//,//,77,81,124,132,183,183,142,150,260,260,150,150,123,129,157,157,91,91,150,150,192,192,110,110,174,174,89,89,173,173,87,89,//,//,167,167,240,240,118,118,Y,X,92,102,95,95,181,191,207,207,142,158,153,153,181,181,196,200,227,227,265,269,122,126,160,163,202,210,//,//,283,283,179,179,229,234,210,214,,
2023,WBNP,Wood Bison,blood,661,EA,100,89,91,134,136,181,187,253,269,103,103,104,104,135,145,97,103,129,141,189,191,232,254,89,89,154,170,113,115,172,174,229,231,143,143,158,158,90,90,127,140,194,194,250,252,175,177,152,158,154,154,81,81,132,132,179,183,142,142,256,262,148,150,127,129,151,155,91,91,150,150,180,198,108,108,168,170,89,89,168,173,81,89,108,116,161,161,238,238,130,130,X,X,104,104,103,103,191,191,205,211,158,166,149,149,,,,,,,,,,,,,,,,,,,,,,,,,,
2023,WBNP,Wood Bison,Hair,88210,EA,100,89,91,134,136,181,187,253,269,103,103,104,104,135,145,97,103,129,141,189,191,232,254,89,89,154,170,113,115,172,174,229,231,143,143,158,158,90,90,127,140,194,194,250,252,175,177,152,158,154,154,81,81,132,132,179,183,142,142,256,262,148,150,127,129,151,155,91,91,150,150,180,198,108,108,168,170,89,89,168,173,81,89,108,116,161,161,238,238,130,130,X,X,104,104,103,103,191,191,205,211,158,166,149,149,,,,,,,,,,,,,,,,,,,,,,,,,,
2023,WBNP,Wood Bison,blood,658,EB,100,89,89,134,138,181,187,253,269,103,105,104,108,141,145,85,97,131,143,191,191,238,238,87,89,158,160,113,115,172,172,225,231,143,143,158,158,88,90,127,140,188,194,252,252,173,175,152,158,144,154,77,81,122,124,165,183,142,150,260,260,140,150,125,125,153,155,91,92,146,150,180,196,108,112,170,174,89,89,165,169,87,89,108,114,167,167,228,240,128,130,X,X,102,104,95,101,181,181,207,211,158,168,145,149,,,,,,,,,,,,,,,,,,,,,,,,,,
2023,WBNP,Wood Bison,Hair,88215,EB,100,89,89,134,138,181,187,253,269,103,105,104,108,141,145,85,97,131,143,191,191,238,238,87,89,158,160,113,115,172,172,225,231,143,143,158,158,88,90,127,140,188,194,252,252,173,175,152,158,144,154,77,81,122,124,165,183,142,150,260,260,140,150,125,125,153,155,91,92,146,150,180,196,108,112,170,174,89,89,165,169,87,89,108,114,167,167,228,240,128,130,X,X,102,104,95,101,181,181,207,211,158,168,145,149,,,,,,,,,,,,,,,,,,,,,,,,,,
2023,WBNP,Wood Bison,Biopsy,BSN73,EC,100,89,89,136,138,179,181,241,269,103,103,104,104,141,145,93,97,129,129,191,191,238,252,87,91,160,162,113,115,172,174,227,231,143,145,156,158,90,90,127,127,188,190,246,252,173,177,152,166,144,160,83,83,124,124,183,183,138,148,262,262,146,146,125,129,155,159,91,91,146,154,180,196,106,112,170,172,85,89,161,165,85,89,116,116,161,167,228,238,128,130,Y,X,98,104,95,101,181,181,205,211,142,144,145,151,,,,,,,,,,,,,,,,,,,,,,,,,,
2023,WBNP,Wood Bison,Biopsy,BSN74,EC,100,89,89,136,138,179,181,241,269,103,103,104,104,141,145,93,97,129,129,191,191,238,252,87,91,160,162,113,115,172,174,227,231,143,145,156,158,90,90,127,127,188,190,246,252,173,177,152,166,144,160,83,83,124,124,183,183,138,148,262,262,146,146,125,129,155,159,91,91,146,154,180,196,106,112,170,172,85,89,161,165,85,89,116,116,161,167,228,238,128,130,Y,X,98,104,95,101,181,181,205,211,142,144,145,151,,,,,,,,,,,,,,,,,,,,,,,,,,
2023,WBNP,Wood Bison,Biopsy,BSN77,EC,100,89,89,136,138,179,181,241,269,103,103,104,104,141,145,93,97,129,129,191,191,238,252,87,91,160,162,113,115,172,174,227,231,143,145,156,158,90,90,127,127,188,190,246,252,173,177,152,166,144,160,83,83,124,124,183,183,138,148,262,262,146,146,125,129,155,159,91,91,146,154,180,196,106,112,170,172,85,89,161,165,85,89,116,116,161,167,228,238,128,130,Y,X,98,104,95,101,181,181,205,211,142,144,145,151,,,,,,,,,,,,,,,,,,,,,,,,,,
2023,WBNP,Wood Bison,Biopsy,BSN79,EC,100,89,89,136,138,179,181,241,269,103,103,104,104,141,145,93,97,129,129,191,191,238,252,87,91,160,162,113,115,172,174,227,231,143,145,156,158,90,90,127,127,188,190,246,252,173,177,152,166,144,160,83,83,124,124,183,183,138,148,262,262,146,146,125,129,155,159,91,91,146,154,180,196,106,112,170,172,85,89,161,165,85,89,116,116,161,167,228,238,128,130,Y,X,98,104,95,101,181,181,205,211,142,144,145,151,,,,,,,,,,,,,,,,,,,,,,,,,,
2025,WBNP,-,Tissue - Ear,BSN-93,EC,100,89,89,136,138,179,181,241,269,103,103,104,104,141,145,//,//,129,129,191,191,238,252,87,91,160,162,113,115,172,174,227,231,143,145,156,158,90,90,127,127,188,190,246,252,173,177,152,166,144,160,83,83,124,124,183,183,138,148,262,262,146,146,125,129,155,159,91,91,146,154,180,196,106,112,170,172,85,89,161,165,85,89,116,116,161,167,228,238,128,130,Y,X,98,104,95,101,181,181,205,211,142,144,145,151,,,,,,,,,,,,,,,,,,,,,,,,,,
2023,WBNP,Wood Bison,Biopsy,BSN75,ED,100,89,91,138,142,175,187,247,269,103,103,108,108,141,145,83,93,129,149,189,195,232,232,87,87,158,160,115,115,172,174,229,229,143,143,158,158,90,90,127,140,194,200,252,252,173,175,152,152,144,154,83,83,124,124,165,175,142,142,260,260,150,150,129,129,155,157,92,92,146,150,192,192,108,112,166,174,83,89,165,173,89,89,116,118,167,167,228,238,128,132,Y,X,102,104,101,103,177,181,205,207,166,166,149,153,,,,,,,,,,,,,,,,,,,,,,,,,,
2023,WBNP,Wood Bison,Biopsy,BSN78,ED,100,89,91,138,142,175,187,247,269,103,103,108,108,141,145,83,93,129,149,189,195,232,232,87,87,158,160,115,115,172,174,229,229,143,143,158,158,90,90,127,140,194,200,252,252,173,175,152,152,144,154,83,83,124,124,165,175,142,142,260,260,150,150,129,129,155,157,92,92,146,150,192,192,108,112,166,174,83,89,165,173,89,89,116,118,167,167,228,238,128,132,Y,X,102,104,101,103,177,181,205,207,166,166,149,153,,,,,,,,,,,,,,,,,,,,,,,,,,
2023,WBNP,Wood Bison,Hair,88212,EE***,100,89,89,134,136,181,191,253,253,103,104,100,108,145,147,91,97,129,129,189,195,238,238,87,87,158,158,113,113,174,176,229,229,145,145,158,158,102,102,142,146,194,200,252,252,167,175,152,164,154,154,83,83,124,132,165,165,148,148,256,260,140,140,123,129,151,155,91,92,146,150,180,192,108,110,170,174,89,89,161,173,89,89,116,116,167,167,228,228,130,130,X,X,96,102,99,103,181,181,201,205,142,144,143,149,,,,,,,,,,,,,,,,,,,,,,,,,,
2023,WBNP,Wood Bison,blood,659602,EE***,100,89,89,134,136,181,191,253,253,103,104,100,108,145,147,91,97,129,129,189,195,238,238,87,87,158,158,113,113,176,176,229,229,145,145,158,158,102,102,142,146,194,194,252,252,167,175,146,164,154,154,83,83,132,132,165,165,148,148,256,260,140,140,123,129,151,151,91,92,146,150,180,192,108,110,170,174,89,89,161,173,89,89,116,116,167,167,228,228,130,130,X,X,96,102,99,103,181,181,201,205,142,144,143,149,,,,,,,,,,,,,,,,,,,,,,,,,,
2024/M.Grant Thesis,WBNP,-,Fecal,WBNP-973-Fe,EF,95,89,91,134,140,179,181,253,253,103,103,104,108,145,145,93,103,129,129,189,195,238,238,87,87,158,162,113,115,172,174,229,229,143,143,158,158,90,90,127,127,188,190,252,254,173,173,152,152,144,144,81,83,124,132,165,183,142,142,260,262,150,152,123,129,155,159,91,91,150,150,180,184,106,108,172,172,89,89,165,175,89,89,116,116,161,167,228,240,128,128,X,X,98,104,99,103,181,193,205,207,162,166,149,153,177,177,196,196,//,//,265,265,122,126,156,160,198,210,//,//,283,287,187,191,229,234,//,//,,
2024/M.Grant Thesis,WBNP,-,Fecal,WBNP-979-Fe,EF,98,89,91,134,140,179,181,253,253,103,103,104,108,145,145,93,103,129,129,189,195,238,238,87,87,158,162,113,115,172,174,229,229,143,143,158,158,90,90,127,127,188,190,252,254,173,173,152,152,144,144,81,83,124,132,165,183,142,142,260,262,150,152,123,129,155,159,91,91,150,150,180,184,106,108,172,172,89,89,165,175,89,89,116,116,161,167,228,240,128,128,X,X,98,104,99,103,181,193,205,207,162,166,149,153,177,177,196,196,206,214,265,265,122,126,156,160,198,210,//,//,283,287,187,191,229,234,206,214,,
2024/M.Grant Thesis,WBNP,-,Fecal,WBNP-978-Fe,EG,98,89,91,134,142,181,187,253,253,103,103,104,108,135,141,93,103,129,129,189,195,238,238,87,87,158,160,113,113,172,174,227,227,143,143,156,156,90,90,127,150,188,194,244,252,173,173,146,152,154,160,81,85,124,124,165,183,138,138,260,260,140,150,127,129,155,157,91,92,150,150,184,192,106,112,172,172,83,83,161,161,85,85,116,116,165,167,228,240,118,130,X,X,104,104,95,103,191,191,205,205,142,166,149,151,177,181,196,200,214,227,265,269,122,126,156,163,210,210,//,//,283,291,187,191,234,234,214,214,,
2024,WBNP,-,Fecal,WBNP-980-Fe,EG,98,89,91,134,142,181,187,253,253,103,103,104,108,135,141,93,103,129,129,189,195,238,238,87,87,158,160,113,113,172,174,227,227,143,143,156,156,90,90,127,150,188,194,244,252,173,173,146,152,154,160,81,85,124,124,165,183,138,138,260,260,140,150,127,129,155,157,//,//,150,150,184,192,106,112,172,172,83,83,161,161,85,85,116,116,165,167,228,240,118,130,X,X,104,104,95,103,191,191,205,205,142,166,149,151,,,,,,,,,,,,,,,,,,,,,,,,,,
2024/M.Grant Thesis,WBNP,-,Fecal,WBNP153,EH***,98,89,89,134,136,181,187,241,271,103,103,106,106,135,141,93,97,129,143,189,191,248,252,87,91,154,160,113,115,174,176,227,231,143,143,154,160,88,90,142,148,188,194,252,252,159,167,152,152,154,156,81,81,124,132,165,179,142,142,256,256,140,150,127,129,157,159,92,92,146,148,180,192,108,112,172,178,85,89,155,173,81,91,116,116,167,167,228,240,130,130,Y,X,96,98,101,103,181,191,205,207,142,168,145,149,177,181,200,200,206,214,265,265,122,126,156,160,202,206,//,//,283,291,179,183,229,234,210,214,,
2024/M.Grant Thesis,WBNP,-,Fecal,WBNP166,EH***,97,89,89,134,136,181,187,241,271,103,103,106,106,135,141,93,97,129,143,189,191,248,252,//,//,160,160,113,115,174,176,227,231,143,143,154,160,88,90,142,148,188,194,252,252,159,167,150,152,154,156,81,81,124,132,165,179,142,142,256,256,140,150,127,129,157,159,92,92,146,148,180,192,108,112,172,178,85,89,155,173,81,91,116,116,167,167,228,240,130,130,Y,X,96,98,101,103,181,191,205,207,142,168,145,145,177,181,200,200,206,214,265,265,122,126,156,160,202,206,//,//,283,291,179,183,229,234,210,214,,
2023,WBNP/Hay Camp,Wood Bison,Ear Tissue,BSN-60,EI*,100,89,89,134,136,181,187,253,269,103,104,108,108,141,141,93,103,129,129,189,191,238,252,87,87,158,160,108,109,172,176,225,229,143,143,158,158,90,90,127,127,194,200,244,252,163,177,142,152,154,156,83,83,124,132,165,179,142,142,260,262,150,150,123,125,155,157,92,92,146,150,180,184,106,108,168,172,83,89,165,173,87,91,116,118,167,167,238,240,128,130,X,X,98,104,95,103,181,191,205,205,142,168,145,149,,,,,,,,,,,,,,,,,,,,,,,,,,
2024,WBNP,-,Tissue - Ear,BSN-68,EI*,100,89,89,134,136,181,187,253,269,103,103,108,108,141,141,93,103,129,129,189,191,238,252,87,87,158,160,108,109,172,176,225,229,143,143,158,158,90,90,127,127,194,200,244,252,163,177,142,152,154,156,83,83,124,132,165,179,142,142,260,262,150,150,123,125,155,157,92,92,146,150,180,184,106,108,168,172,83,89,165,173,87,91,116,118,167,167,238,240,128,130,X,X,98,104,95,103,181,191,205,205,142,168,145,149,,,,,,,,,,,,,,,,,,,,,,,,,,
2025,WBNP,-,Hair,25WBNP_20BF2,EJ,100,89,91,136,138,175,179,253,269,103,103,108,108,145,145,103,103,129,143,189,191,238,238,87,89,161,162,113,115,172,172,225,229,143,143,156,156,90,102,127,146,194,200,252,252,173,173,146,152,154,160,81,83,124,132,179,181,142,150,262,262,140,150,123,129,157,157,94,95,146,150,180,192,106,112,172,172,89,89,167,173,89,91,116,116,167,167,228,238,130,130,Y,X,98,102,101,101,181,181,201,211,142,166,149,151,,,,,,,,,,,,,,,,,,,,,,,,,,
2025,WBNP,-,Hair,25WBNP_20BF3,EJ,100,89,91,136,138,175,179,253,269,103,103,108,108,145,145,103,103,129,143,189,191,238,238,87,89,161,162,113,115,172,172,225,229,143,143,156,156,90,102,127,146,194,200,252,252,173,173,146,152,154,160,81,83,124,132,179,181,142,150,262,262,140,150,123,129,157,157,94,95,146,150,180,192,106,112,172,172,89,89,167,173,89,91,116,116,167,167,228,238,130,130,Y,X,98,102,101,101,181,181,201,211,142,166,149,151,,,,,,,,,,,,,,,,,,,,,,,,,,
2025,WBNP,-,Hair,25WBNP_Hair4,EK,100,91,91,134,138,179,179,253,253,103,103,108,108,145,145,83,103,143,149,189,191,238,252,87,87,143,160,108,108,182,182,225,231,143,143,158,158,90,102,127,148,194,194,252,252,173,177,146,146,154,156,81,83,124,124,175,183,142,150,260,260,146,146,129,129,155,159,92,92,146,146,184,192,106,110,172,178,85,89,161,169,81,81,116,118,167,167,228,240,114,130,Y,X,102,104,99,103,181,191,205,215,142,142,151,153,,,,,,,,,,,,,,,,,,,,,,,,,,
2025,WBNP,-,Hair,25WBNP_Hair5,EK,100,91,91,134,138,179,179,253,253,103,103,108,108,145,145,83,103,143,149,189,191,238,252,87,87,143,160,108,108,182,182,225,231,143,143,158,158,90,102,127,148,194,194,252,252,173,177,146,146,154,156,81,83,124,124,175,183,142,150,260,260,146,146,129,129,155,159,92,92,146,146,184,192,106,110,172,178,85,89,161,169,81,81,116,118,167,167,228,240,114,130,Y,X,102,104,99,103,181,191,205,215,142,142,151,153,,,,,,,,,,,,,,,,,,,,,,,,,,
2025,WBNP,-,Hair,25WBNP_Hair6,EL,100,89,91,136,136,179,181,247,253,103,103,104,108,135,145,89,103,129,143,195,195,238,252,89,91,158,158,113,115,182,182,229,229,143,143,158,158,90,100,142,146,194,194,252,252,173,173,152,158,156,158,81,83,124,124,183,183,142,148,260,262,150,150,125,125,151,155,94,95,146,150,180,180,106,106,170,186,89,89,167,173,87,91,116,118,167,167,238,238,130,130,Y,X,92,102,99,101,181,181,205,215,162,168,149,153,,,,,,,,,,,,,,,,,,,,,,,,,,
2025,WBNP,-,Hair,25WBNP_Hair6_dup,EL,98,89,91,136,136,179,181,247,253,103,103,104,108,135,145,89,103,129,143,195,195,238,252,89,91,158,158,113,115,182,182,229,229,143,143,158,158,90,100,142,146,194,194,252,252,173,173,152,158,156,158,81,83,124,124,183,183,142,148,260,262,150,150,125,125,151,155,94,95,146,150,180,180,106,106,170,186,89,89,167,173,87,91,//,//,167,167,238,238,130,130,Y,X,92,102,99,101,181,181,205,215,162,168,149,153,,,,,,,,,,,,,,,,,,,,,,,,,,
M.Grant Thesis,WBNP,-,Fecal,WBNP009,EM,73,,,134,136,179,187,247,253,,,,,,,,,,,,,232,238,,,//,//,,,,,,,,,,,,,,,,,,,,,,,,,//,//,,,,,148,148,,,,,,,,,,,,,,,112,112,,,89,89,//,//,89,91,,,,,228,240,,,X,X,,,,,181,181,,,,,,,177,177,196,200,206,214,269,269,126,126,156,160,202,202,212,212,283,291,//,//,//,//,//,//,,
M.Grant Thesis,WBNP,-,Fecal,WBNP027,EM,88,,,134,136,179,187,247,253,,,,,,,,,,,,,232,238,,,170,170,,,,,,,,,,,,,,,,,,,,,,,,,81,85,,,,,148,148,,,,,,,,,,,,,,,112,112,,,89,89,161,161,89,91,,,,,//,//,,,X,X,,,,,181,181,,,,,,,177,181,196,200,206,214,269,269,126,126,156,160,202,202,212,212,283,291,179,191,229,234,//,//,,
M.Grant Thesis,WBNP,-,Fecal,WBNP016,EN,96,,,136,140,179,187,247,253,,,,,,,,,,,,,232,238,,,160,160,,,,,,,,,,,,,,,,,,,,,,,,,81,83,,,,,138,148,,,,,,,,,,,,,,,106,108,,,89,89,161,161,89,89,,,,,236,238,,,//,//,,,,,181,181,,,,,,,177,181,196,196,206,227,265,265,122,126,160,160,210,210,212,220,283,283,183,183,229,229,214,214,,
M.Grant Thesis,WBNP,-,Fecal,WBNP024,EN,92,,,136,140,179,187,247,253,,,,,,,,,,,,,232,238,,,160,160,,,,,,,,,,,,,,,,,,,,,,,,,81,83,,,,,138,148,,,,,,,,,,,,,,,108,108,,,89,89,161,161,89,89,,,,,//,//,,,//,//,,,,,181,181,,,,,,,177,181,196,196,206,227,265,265,122,126,160,160,210,210,212,220,283,283,183,183,229,229,214,214,,
M.Grant Thesis,WBNP,-,Fecal,WBNP017,EO,88,,,136,138,181,185,241,269,,,,,,,,,,,,,232,238,,,158,160,,,,,,,,,,,,,,,,,,,,,,,,,//,//,,,,,142,142,,,,,,,,,,,,,,,112,112,,,89,89,161,161,91,91,,,,,//,//,,,//,//,,,,,181,191,,,,,,,181,181,196,196,206,227,265,265,126,126,156,160,206,210,220,220,283,283,179,179,229,229,206,214,,
M.Grant Thesis,WBNP,-,Fecal,WBNP019,EO,92,,,136,138,181,185,241,269,,,,,,,,,,,,,232,238,,,//,//,,,,,,,,,,,,,,,,,,,,,,,,,83,83,,,,,142,142,,,,,,,,,,,,,,,112,112,,,89,89,161,161,91,91,,,,,238,238,,,Y,X,,,,,181,191,,,,,,,181,181,196,196,206,227,265,265,126,126,156,160,206,210,220,220,283,283,179,179,229,229,206,214,,
M.Grant Thesis,WBNP,-,Fecal,WBNP031,EP,96,,,136,136,179,179,253,269,,,,,,,,,,,,,238,238,,,154,158,,,,,,,,,,,,,,,,,,,,,,,,,77,83,,,,,142,150,,,,,,,,,,,,,,,106,110,,,85,89,161,169,89,89,,,,,240,240,,,Y,X,,,,,181,181,,,,,,,181,181,196,200,227,227,265,269,122,126,156,160,206,206,212,212,283,291,183,191,229,234,210,214,,
M.Grant Thesis,WBNP,-,Fecal,WBNP064,EP,96,,,136,136,179,179,253,269,,,,,,,,,,,,,238,238,,,154,158,,,,,,,,,,,,,,,,,,,,,,,,,77,83,,,,,142,150,,,,,,,,,,,,,,,106,110,,,85,89,161,169,89,89,,,,,240,240,,,Y,X,,,,,181,181,,,,,,,181,181,196,200,227,227,265,269,122,126,156,160,206,210,212,212,283,291,183,191,229,234,210,210,,
M.Grant Thesis,WBNP,-,Fecal,WBNP042,EQ,92,,,134,140,185,191,249,271,,,,,,,,,,,,,238,248,,,147,170,,,,,,,,,,,,,,,,,,,,,,,,,83,83,,,,,142,142,,,,,,,,,,,,,,,110,112,,,85,89,161,169,81,87,,,,,//,//,,,X,X,,,,,183,191,,,,,,,181,181,196,200,214,227,269,269,122,126,156,156,206,206,220,220,283,291,187,187,229,234,206,214,,
M.Grant Thesis,WBNP,-,Fecal,WBNP046,EQ,85,,,134,140,185,191,//,//,,,,,,,,,,,,,238,248,,,147,170,,,,,,,,,,,,,,,,,,,,,,,,,83,83,,,,,142,142,,,,,,,,,,,,,,,110,112,,,85,89,161,169,81,87,,,,,//,//,,,//,//,,,,,183,191,,,,,,,181,181,196,200,214,227,269,269,122,126,156,156,206,206,220,220,283,291,187,187,229,234,//,//,,
M.Grant Thesis,WBNP,-,Fecal,WBNP066,ER,96,,,138,138,179,185,241,253,,,,,,,,,,,,,238,238,,,162,162,,,,,,,,,,,,,,,,,,,,,,,,,83,83,,,,,142,142,,,,,,,,,,,,,,,112,112,,,89,89,165,173,89,91,,,,,228,238,,,Y,X,,,,,181,181,,,,,,,181,181,200,200,206,206,265,269,122,126,160,160,206,210,220,220,283,283,179,191,229,229,210,214,,
M.Grant Thesis,WBNP,-,Fecal,WBNP068,ER,69,,,138,138,179,185,//,//,,,,,,,,,,,,,238,238,,,//,//,,,,,,,,,,,,,,,,,,,,,,,,,83,83,,,,,142,142,,,,,,,,,,,,,,,112,112,,,89,89,165,165,89,91,,,,,//,//,,,//,//,,,,,181,181,,,,,,,181,181,200,200,//,//,265,269,122,126,160,160,206,210,//,//,283,283,//,//,//,//,210,210,,
M.Grant Thesis,WBNP,-,Fecal,WBNP069,ER,96,,,138,138,179,185,241,253,,,,,,,,,,,,,238,238,,,162,162,,,,,,,,,,,,,,,,,,,,,,,,,83,83,,,,,142,142,,,,,,,,,,,,,,,112,112,,,89,89,165,173,89,91,,,,,228,238,,,Y,X,,,,,181,181,,,,,,,181,181,200,200,206,206,265,269,122,126,160,160,206,210,220,220,283,283,179,191,229,229,210,214,,
M.Grant Thesis,WBNP,-,Fecal,WBNP067,ES,81,,,//,//,181,187,//,//,,,,,,,,,,,,,238,238,,,158,160,,,,,,,,,,,,,,,,,,,,,,,,,//,//,,,,,142,148,,,,,,,,,,,,,,,108,108,,,85,95,165,173,85,89,,,,,//,//,,,Y,X,,,,,181,191,,,,,,,177,181,196,200,206,218,265,269,122,126,156,160,198,210,212,220,287,291,183,187,234,234,214,214,,
M.Grant Thesis,WBNP,-,Fecal,WBNP072,ES,96,,,134,136,181,187,253,271,,,,,,,,,,,,,238,238,,,158,160,,,,,,,,,,,,,,,,,,,,,,,,,83,85,,,,,142,148,,,,,,,,,,,,,,,108,108,,,85,95,165,173,85,89,,,,,240,240,,,Y,X,,,,,181,191,,,,,,,177,181,196,200,206,218,265,269,122,126,156,160,198,210,220,220,287,291,183,187,234,234,214,214,,
M.Grant Thesis,WBNP,-,Fecal,WBNP071,ET,96,,,136,138,181,187,253,269,,,,,,,,,,,,,238,238,,,150,160,,,,,,,,,,,,,,,,,,,,,,,,,81,83,,,,,142,142,,,,,,,,,,,,,,,106,106,,,83,91,161,165,89,89,,,,,238,238,,,Y,X,,,,,181,181,,,,,,,181,181,196,200,206,206,269,269,122,126,156,156,198,210,220,220,283,283,183,187,229,229,214,214,,
M.Grant Thesis,WBNP,-,Fecal,WBNP093,ET,92,,,136,138,181,187,253,269,,,,,,,,,,,,,238,238,,,149,160,,,,,,,,,,,,,,,,,,,,,,,,,81,83,,,,,142,142,,,,,,,,,,,,,,,106,106,,,83,91,161,165,89,89,,,,,238,238,,,//,//,,,,,181,181,,,,,,,181,181,196,200,206,210,269,269,122,126,156,156,198,210,//,//,283,283,183,187,229,229,214,214,,
M.Grant Thesis,WBNP,-,Fecal,WBNP096,ET,96,,,136,138,181,187,253,269,,,,,,,,,,,,,238,238,,,149,160,,,,,,,,,,,,,,,,,,,,,,,,,81,83,,,,,142,142,,,,,,,,,,,,,,,106,106,,,83,91,161,165,89,89,,,,,238,238,,,Y,X,,,,,181,181,,,,,,,181,181,196,200,206,206,269,269,122,126,156,156,198,210,220,220,283,283,183,187,229,229,214,214,,
M.Grant Thesis,WBNP,-,Fecal,WBNP079,EU,92,,,136,138,185,187,241,241,,,,,,,,,,,,,232,238,,,162,162,,,,,,,,,,,,,,,,,,,,,,,,,77,83,,,,,138,142,,,,,,,,,,,,,,,110,112,,,89,95,161,161,91,91,,,,,236,238,,,X,X,,,,,181,181,,,,,,,181,181,196,196,214,227,265,269,122,122,156,160,202,206,212,220,283,283,179,183,229,229,//,//,,
M.Grant Thesis,WBNP,-,Fecal,WBNP087,EU,88,,,136,138,185,187,241,241,,,,,,,,,,,,,232,238,,,162,162,,,,,,,,,,,,,,,,,,,,,,,,,77,83,,,,,138,142,,,,,,,,,,,,,,,110,112,,,//,//,161,161,91,91,,,,,236,238,,,X,X,,,,,181,181,,,,,,,181,181,196,196,//,//,265,269,122,122,156,160,202,206,220,220,283,283,179,183,229,229,214,214,,
M.Grant Thesis,WBNP,-,Fecal,WBNP736,EV,96,,,134,138,179,187,247,271,,,,,,,,,,,,,238,238,,,160,162,,,,,,,,,,,,,,,,,,,,,,,,,81,81,,,,,142,150,,,,,,,,,,,,,,,106,106,,,85,89,173,173,89,91,,,,,228,238,,,X,X,,,,,191,191,,,,,,,181,181,196,196,206,206,265,269,122,122,156,163,210,210,220,220,283,291,179,187,229,234,214,214,,
2024/M.Grant Thesis,WBNP,-,Fecal,WBNP-983-Fe,EV,98,89,91,134,138,179,187,247,271,103,103,108,108,135,141,93,103,129,143,195,195,238,238,87,87,160,162,115,115,174,176,225,229,143,143,158,160,88,90,146,148,188,194,252,252,173,177,146,166,156,158,81,81,124,132,165,175,142,150,260,262,146,150,129,129,155,157,91,95,150,152,180,180,90,106,168,172,85,89,173,173,89,91,//,//,167,167,228,238,130,134,X,X,98,104,101,103,191,191,211,211,142,142,149,149,181,181,196,196,206,206,265,269,122,122,156,163,210,210,//,//,283,291,179,187,229,234,214,214,,
2023,AB?,Wood Bison,DNA,ronald lake fetus,-,100,89,89,136,138,187,191,247,253,103,103,108,108,135,141,83,93,129,129,189,191,238,254,87,91,160,160,113,115,174,174,231,231,133,143,156,156,90,90,127,148,194,202,246,246,163,167,146,156,144,160,83,83,124,132,183,183,142,142,256,262,146,150,123,125,151,155,92,95,146,150,180,180,96,112,170,170,89,89,161,173,87,91,108,116,167,167,236,236,130,132,Y,X,102,104,103,103,181,181,205,215,158,158,145,149,,,,,,,,,,,,,,,,,,,,,,,,,,
2024,Banff National Park,-,Fecal,24BNP_002,-,96,89,91,134,136,175,187,247,253,103,103,102,104,135,135,89,93,129,149,189,195,238,254,87,87,160,160,108,115,176,176,229,231,143,143,156,158,88,90,127,150,194,200,250,250,167,175,152,158,156,158,81,83,122,124,181,185,142,142,262,262,140,146,125,131,155,159,92,92,146,146,180,180,//,//,168,168,83,89,161,173,87,89,114,118,161,161,240,240,118,134,X,X,92,96,99,99,181,191,205,211,//,//,149,151,,,,,,,,,,,,,,,,,,,,,,,,,,
2024,Banff National Park,-,Fecal,24BNP_003,-,100,91,91,136,140,181,187,241,249,103,103,102,102,135,141,89,89,127,149,189,191,238,238,91,91,143,161,113,113,172,178,229,229,143,145,158,158,88,100,127,150,190,200,254,254,165,173,158,162,144,156,81,83,122,124,165,179,138,142,262,262,146,150,125,127,155,155,92,95,146,146,180,198,108,108,170,170,89,89,165,173,87,89,116,118,167,167,224,228,118,130,Y,X,92,104,95,103,191,191,211,211,158,168,149,149,,,,,,,,,,,,,,,,,,,,,,,,,,
2024,Banff National Park,-,Fecal,24BNP_007,-,94,89,89,136,136,185,187,241,245,103,103,104,106,135,141,//,//,129,143,189,191,238,238,85,87,160,160,108,113,180,180,229,229,143,143,156,158,88,90,127,148,190,190,246,254,163,173,142,162,//,//,83,83,122,124,165,179,142,150,256,262,140,148,123,125,155,155,92,92,148,150,180,180,108,108,168,172,89,89,161,161,85,89,//,//,161,161,228,240,130,130,X,X,92,104,95,101,177,191,211,215,158,162,149,149,,,,,,,,,,,,,,,,,,,,,,,,,,
2024,Banff National Park,-,Fecal,24BNP_008,-,96,89,89,136,136,181,185,249,253,103,105,102,104,135,141,93,97,129,143,189,191,238,254,91,91,160,160,113,115,//,//,229,231,143,143,158,158,88,90,127,140,194,200,246,250,167,175,142,162,144,154,81,83,122,122,179,185,148,150,260,262,140,140,125,125,155,157,95,95,146,146,192,192,108,108,168,174,85,89,173,173,87,91,//,//,161,161,240,240,118,130,X,X,92,92,95,101,191,191,201,205,156,162,149,149,,,,,,,,,,,,,,,,,,,,,,,,,,
2024,Banff National Park,-,Fecal,24BNP_009,-,92,91,93,136,138,181,187,253,271,103,103,104,104,135,137,97,101,149,149,189,195,238,238,87,91,160,160,113,115,//,//,229,231,143,143,158,158,88,90,150,150,200,202,254,254,165,165,150,150,//,//,83,83,122,124,181,183,142,142,262,262,140,150,127,131,155,155,92,92,146,146,180,198,106,110,168,172,89,89,161,173,//,//,114,114,161,167,238,240,118,134,Y,X,92,96,101,103,181,191,205,211,//,//,149,151,,,,,,,,,,,,,,,,,,,,,,,,,,
2025,Banff National Park,-,Fecal,25BNP002,-,92,89,91,136,136,175,181,249,271,103,103,102,102,135,135,89,105,127,149,189,195,238,238,87,89,143,160,113,115,//,//,229,231,143,147,156,156,90,90,150,150,190,200,250,250,163,173,152,164,156,158,83,83,122,122,183,185,142,148,262,262,140,146,127,129,153,159,92,95,148,150,180,180,108,110,168,168,83,89,161,173,89,91,//,//,161,165,236,240,118,134,//,//,92,104,101,101,191,191,205,211,158,168,//,//,,,,,,,,,,,,,,,,,,,,,,,,,,
2025,Banff National Park,-,Fecal,25BNP005,-,96,89,91,136,140,181,187,249,249,103,104,104,104,135,141,93,101,129,149,189,191,238,238,91,91,160,161,113,113,180,180,229,229,143,145,154,158,88,88,127,150,194,200,246,254,163,165,158,158,154,156,81,83,124,124,179,185,142,148,262,262,146,150,123,125,155,155,92,92,146,150,180,198,106,108,168,172,89,89,161,165,87,89,//,//,161,167,224,240,130,130,X,X,96,98,95,99,191,191,211,215,142,168,//,//,,,,,,,,,,,,,,,,,,,,,,,,,,
2025,Banff National Park,-,Fecal,25BNP009,-,96,91,91,136,136,181,187,241,249,103,104,102,104,135,135,89,93,127,149,189,189,238,238,87,91,143,160,113,115,180,180,229,231,143,143,156,158,88,90,127,150,190,200,250,254,165,173,152,162,156,158,83,83,122,122,165,183,142,142,262,262,140,146,125,127,153,155,92,95,146,150,180,180,108,110,168,168,83,89,161,173,89,89,//,//,161,165,228,240,130,134,X,X,96,104,101,103,191,191,205,211,144,158,//,//,,,,,,,,,,,,,,,,,,,,,,,,,,
2025,Banff National Park,-,Fecal,25BNP010,-,100,91,91,134,140,185,187,247,271,102,102,102,102,135,135,89,93,129,149,189,195,238,238,87,87,160,160,108,113,180,180,229,231,143,143,156,158,88,90,140,140,200,200,250,252,165,175,158,158,156,156,81,85,124,124,179,185,142,142,262,262,140,140,127,131,153,153,92,95,146,146,184,198,108,108,174,186,83,89,161,173,87,91,114,116,161,167,240,240,130,134,X,X,98,98,95,95,191,191,211,211,162,162,149,151,,,,,,,,,,,,,,,,,,,,,,,,,,
2025,Banff National Park,-,Fecal,25BNP011,-,98,91,91,136,138,185,187,241,245,103,104,112,112,135,135,93,97,129,149,191,195,238,238,87,89,160,161,108,113,172,172,229,229,143,145,154,158,100,102,127,127,190,194,250,254,173,175,150,158,156,156,83,83,122,122,179,185,138,150,260,262,140,146,125,129,155,159,92,92,146,150,180,184,106,108,172,176,83,89,161,161,87,89,114,114,161,161,240,240,130,130,Y,X,92,98,95,99,191,191,211,211,156,162,//,//,,,,,,,,,,,,,,,,,,,,,,,,,,
2025,Banff National Park,-,Fecal,25BNP013,-,98,89,89,134,136,187,187,247,247,103,104,102,104,135,135,93,105,129,149,191,195,238,238,87,87,143,160,113,115,176,178,229,231,145,147,156,158,88,90,142,150,194,200,250,250,163,165,150,158,144,144,81,83,124,124,181,183,142,148,262,262,146,150,125,131,155,159,92,95,146,148,180,192,108,110,168,174,83,89,173,173,85,87,118,118,167,167,236,240,130,134,X,X,98,98,99,99,181,191,205,211,162,168,//,//,,,,,,,,,,,,,,,,,,,,,,,,,,
2025,Banff National Park,-,Fecal,25BNP017,-,96,91,91,134,134,187,187,241,241,104,104,102,102,135,135,91,91,143,149,189,189,238,238,87,87,143,160,113,113,180,180,229,231,145,145,156,158,88,88,127,127,190,194,250,254,165,165,152,152,156,156,81,83,122,124,165,181,142,142,262,262,140,140,125,125,153,153,92,92,146,150,180,180,106,110,168,174,83,89,173,173,87,89,//,//,161,165,240,240,134,134,Y,X,98,104,99,101,191,191,201,205,144,168,//,//,,,,,,,,,,,,,,,,,,,,,,,,,,
2025,Banff National Park,-,Fecal,25BNP023,-,85,89,91,136,138,181,187,247,271,103,103,102,104,135,137,89,97,129,149,189,195,238,238,87,91,143,160,108,115,180,180,229,231,143,143,156,158,88,88,127,127,//,//,250,250,165,165,//,//,156,156,83,85,124,124,165,179,142,142,262,262,//,//,//,//,//,//,92,92,146,150,192,198,106,108,172,186,89,89,161,161,87,89,//,//,161,161,240,240,130,134,X,X,92,96,99,99,//,//,211,211,160,162,//,//,,,,,,,,,,,,,,,,,,,,,,,,,,
2025,Banff National Park,-,Fecal,25BNP029,-,92,89,89,136,136,185,187,241,271,103,103,104,106,135,141,//,//,143,143,191,195,//,//,87,89,160,160,108,115,180,180,229,229,143,143,154,156,88,90,127,150,198,198,250,254,163,165,142,162,156,160,83,83,124,124,181,185,148,150,260,262,146,150,123,125,153,159,92,92,146,146,180,184,106,108,168,176,89,89,161,161,85,89,//,//,161,161,228,228,130,130,X,X,92,98,95,95,181,191,201,211,162,164,//,//,,,,,,,,,,,,,,,,,,,,,,,,,,
2025,Banff National Park,-,Fecal,25BNP031,-,98,89,89,136,138,175,185,241,271,103,104,102,102,135,135,101,105,127,149,191,195,254,254,85,85,160,160,113,115,172,172,229,233,143,145,156,156,88,88,127,127,198,200,250,250,165,175,158,158,144,156,83,83,122,126,183,185,148,148,260,260,146,150,125,127,153,155,92,92,146,150,180,196,106,108,168,176,89,89,161,161,89,91,//,//,161,161,240,240,130,130,Y,X,92,98,95,99,181,191,207,215,142,142,149,149,,,,,,,,,,,,,,,,,,,,,,,,,,
2025,Banff National Park,-,Fecal,25BNP032,-,100,91,91,136,136,187,187,245,247,103,103,104,112,135,135,97,105,129,143,191,195,238,238,91,91,160,160,113,113,172,178,229,229,143,143,154,158,88,88,127,140,194,200,246,254,165,177,150,162,156,156,83,85,124,124,179,185,142,142,262,262,140,146,129,129,159,159,92,92,146,150,184,192,106,108,170,174,83,89,161,161,87,87,114,114,161,167,240,240,130,130,X,X,92,92,95,95,191,191,207,211,142,162,149,153,,,,,,,,,,,,,,,,,,,,,,,,,,
2025,Banff National Park,-,Fecal,25BNP036,-,96,89,91,136,136,175,175,271,271,103,104,102,104,135,135,93,101,127,143,189,195,238,250,87,91,161,170,115,115,180,180,225,229,143,145,156,158,88,88,148,150,194,194,246,250,165,175,158,158,144,154,81,83,124,124,179,181,138,148,260,262,146,146,125,127,157,159,92,92,146,146,192,196,108,112,168,168,83,85,165,165,87,89,//,//,161,167,240,240,130,130,X,X,96,98,95,99,191,191,205,207,142,144,//,//,,,,,,,,,,,,,,,,,,,,,,,,,,
2023,Chinchaga,Wood Bison,DNA,chinchaga 1,-,100,89,91,136,138,187,187,241,253,103,103,100,108,135,141,97,103,141,149,195,195,232,252,87,89,147,158,113,115,172,172,227,233,143,143,156,158,90,90,140,146,190,194,252,252,173,177,152,152,144,152,83,83,124,132,175,175,142,142,260,262,148,150,123,125,155,155,91,91,150,150,180,180,112,112,166,176,83,89,161,169,89,89,116,116,167,167,228,228,114,132,X,X,92,102,101,103,181,191,207,211,144,166,145,147,,,,,,,,,,,,,,,,,,,,,,,,,,
2023,Chinchaga,Wood Bison,DNA,chinchaga 2,-,100,89,89,134,138,187,187,253,253,103,103,104,104,141,141,93,103,129,143,195,195,238,252,87,87,147,147,108,115,174,174,227,227,143,143,158,158,90,90,140,146,188,194,252,252,177,177,152,152,144,154,81,81,124,124,165,175,142,148,260,260,140,148,125,129,155,155,91,91,150,150,180,180,112,112,170,176,89,89,161,165,89,89,116,118,167,167,228,238,132,132,Y,X,102,102,95,99,177,181,211,215,142,166,147,153,,,,,,,,,,,,,,,,,,,,,,,,,,
2024,Chitek Lake,-,Fecal,MAN391,-,100,91,91,134,136,181,187,253,269,103,103,104,104,141,141,93,93,141,149,191,191,238,238,87,87,158,162,113,113,172,174,225,229,143,143,158,160,90,90,127,127,190,194,252,252,173,175,152,152,160,160,77,83,124,132,183,183,142,142,262,262,140,146,125,129,155,155,91,92,150,150,180,184,112,112,166,166,85,89,161,165,89,89,116,118,167,167,228,238,130,130,Y,X,102,104,101,101,181,181,205,205,142,142,149,153,,,,,,,,,,,,,,,,,,,,,,,,,,
2024,Chitek Lake,-,Fecal,MAN399,-,98,89,91,134,140,187,187,253,269,103,103,100,100,141,147,103,103,129,143,191,195,238,252,87,89,158,162,108,115,174,176,227,231,143,145,//,//,90,90,127,142,190,190,252,252,167,173,152,152,154,154,83,83,132,132,183,183,142,142,260,260,146,150,129,129,155,155,92,92,150,150,180,198,110,110,166,172,85,89,161,173,87,91,116,116,161,167,228,238,130,134,Y,X,102,102,101,103,181,181,205,211,144,166,153,153,,,,,,,,,,,,,,,,,,,,,,,,,,
2024,Chitek Lake,-,Fecal,MAN400,-,100,89,89,136,136,181,187,253,253,103,103,108,108,135,141,103,103,129,141,189,191,238,252,89,89,147,158,115,115,174,174,227,229,143,143,154,156,90,90,142,146,190,194,252,252,173,177,152,152,154,154,81,83,132,132,183,183,142,142,262,262,150,150,125,129,155,155,91,95,148,150,196,196,110,112,166,172,89,89,161,173,89,89,116,118,167,167,228,238,130,130,Y,X,98,102,95,101,181,191,205,205,142,168,149,153,,,,,,,,,,,,,,,,,,,,,,,,,,
2024,Chitek Lake,-,Fecal,MAN402,-,100,89,89,134,136,187,187,269,269,103,103,100,100,141,141,103,103,129,129,191,191,232,238,87,89,158,162,115,115,174,174,225,227,143,143,156,156,90,102,138,142,190,190,252,252,167,177,152,152,154,154,83,83,124,132,183,183,142,148,260,260,146,150,129,129,155,155,92,92,150,150,180,198,110,110,166,166,89,89,169,173,87,91,116,118,161,167,228,228,130,130,X,X,102,104,95,101,181,181,205,205,142,166,149,153,,,,,,,,,,,,,,,,,,,,,,,,,,
2024,Chitek Lake,-,Fecal,MAN403,-,100,89,89,136,138,181,187,253,253,103,103,100,108,135,141,93,103,129,149,191,191,238,238,87,89,160,162,115,115,174,174,225,229,143,143,158,160,90,102,142,142,190,194,252,252,167,173,152,152,154,160,77,83,124,132,175,183,138,138,260,260,146,150,129,129,155,155,91,92,150,150,184,184,110,110,172,172,83,89,161,169,87,91,116,118,167,167,228,228,130,130,X,X,102,102,101,101,181,181,205,205,142,166,145,145,,,,,,,,,,,,,,,,,,,,,,,,,,
2024,Chitek Lake,-,Fecal,MAN404,-,100,89,91,136,138,187,187,253,269,103,103,108,108,145,145,103,103,129,129,191,195,238,238,87,87,162,162,108,115,172,174,225,227,143,143,158,160,90,90,142,146,190,194,252,252,173,173,152,152,154,160,77,83,124,132,175,183,138,138,260,260,150,150,129,129,155,155,92,95,150,150,180,196,110,110,166,166,83,89,169,173,87,91,116,118,167,167,228,238,130,130,Y,X,102,102,101,103,181,181,205,205,144,168,149,153,,,,,,,,,,,,,,,,,,,,,,,,,,
2024,Chitek Lake,-,Fecal,MAN409,-,96,89,89,138,138,187,187,241,253,103,103,108,108,135,145,93,103,129,129,189,195,238,254,87,87,158,160,108,115,174,176,225,227,143,143,158,158,90,90,138,146,194,194,//,//,167,177,152,152,154,160,83,83,132,132,175,183,142,142,//,//,146,150,125,129,155,155,91,92,150,150,180,196,108,112,176,176,89,89,161,169,89,91,116,118,167,167,228,238,114,130,X,X,98,104,101,103,181,181,205,211,166,166,145,153,,,,,,,,,,,,,,,,,,,,,,,,,,
2024,Chitek Lake,-,Fecal,MAN411,-,100,89,91,134,136,179,187,253,269,103,103,108,108,141,141,93,103,129,129,191,195,232,238,87,89,158,160,115,115,172,176,225,229,143,143,158,160,90,90,127,142,188,190,252,252,167,167,152,152,144,144,81,83,124,132,183,183,138,142,260,260,146,150,123,125,155,155,91,92,146,150,184,196,110,110,166,172,85,89,161,169,85,89,116,118,167,167,228,228,114,130,X,X,98,104,101,103,181,181,205,211,142,168,153,153,,,,,,,,,,,,,,,,,,,,,,,,,,
2024,Chitek Lake,-,Fecal,MAN412,-,100,91,93,138,138,187,187,269,269,103,103,100,100,141,141,93,103,129,149,189,191,238,238,87,89,158,158,115,115,172,172,229,233,143,143,158,158,90,102,140,146,194,194,252,252,167,173,152,152,154,154,83,83,124,124,183,183,142,142,260,262,146,150,129,129,155,155,92,92,148,150,180,184,110,112,166,176,89,95,161,161,87,89,116,118,167,167,228,238,130,130,Y,X,102,104,101,101,181,181,205,205,142,144,145,153,,,,,,,,,,,,,,,,,,,,,,,,,,
2024,Chitek Lake,-,Fecal,MAN413,-,96,89,89,138,138,181,187,253,269,103,103,104,104,141,147,//,//,129,129,191,195,238,238,89,89,158,162,113,115,172,176,225,227,143,143,156,160,90,90,142,142,190,194,252,252,175,177,152,152,154,154,77,83,124,132,175,183,138,142,260,260,146,146,129,129,155,155,92,95,150,150,180,194,110,110,166,172,85,89,161,173,89,89,//,//,167,167,228,228,130,130,X,X,102,104,101,103,181,181,201,205,166,166,149,153,,,,,,,,,,,,,,,,,,,,,,,,,,
2024,Chitek Lake,-,Fecal,MAN414,-,100,89,93,136,136,187,187,269,269,103,103,100,100,141,145,93,103,141,149,189,191,238,238,87,89,158,162,115,115,174,176,225,229,143,143,156,160,90,102,146,146,190,194,252,252,173,173,152,152,154,154,81,83,124,132,183,183,138,142,260,262,140,150,125,129,155,155,92,92,150,150,184,196,110,110,166,172,85,89,161,161,89,89,116,116,167,167,228,228,130,130,Y,X,92,96,101,103,181,181,205,211,168,168,145,153,,,,,,,,,,,,,,,,,,,,,,,,,,
2024,Chitek Lake,-,Fecal,MAN416,-,100,89,91,136,136,181,187,253,269,103,103,100,104,141,147,91,97,129,129,189,195,238,238,87,89,160,160,115,115,174,174,229,233,143,143,154,158,90,90,127,142,190,194,252,252,167,173,152,152,154,154,81,83,126,132,183,183,138,142,260,260,146,150,125,129,155,155,91,92,148,150,184,196,110,110,172,172,83,89,161,161,87,91,116,116,167,167,228,228,114,134,X,X,102,102,95,99,181,181,205,211,142,168,149,153,,,,,,,,,,,,,,,,,,,,,,,,,,
2024,Chitek Lake,-,Fecal,MAN420,-,98,89,91,134,136,179,187,241,253,103,103,100,100,135,141,103,103,129,129,191,191,238,238,89,89,160,160,115,115,172,176,225,229,143,143,156,160,90,102,142,146,190,190,244,252,167,173,152,152,154,160,83,83,124,124,183,183,138,142,260,260,140,150,125,129,155,155,92,95,150,150,194,194,90,90,172,172,85,89,161,161,89,89,116,118,161,167,228,228,130,130,//,//,98,102,101,103,181,181,205,207,142,168,149,149,,,,,,,,,,,,,,,,,,,,,,,,,,
2023,Dan Fox / Blood,Plains Bison,Hair,0124 000 300 931 364,-,100,89,91,136,138,181,187,241,269,103,107,104,112,135,141,91,93,129,143,189,191,232,238,87,87,158,160,113,115,172,180,229,231,143,147,156,158,100,104,140,140,200,202,246,252,177,177,146,162,156,160,83,83,122,124,179,181,148,148,260,262,146,152,129,129,155,157,91,91,146,150,180,192,90,108,168,170,83,89,161,165,85,89,114,118,161,167,228,240,128,130,X,X,90,98,95,99,179,191,201,207,142,158,149,151,,,,,,,,,,,,,,,,,,,,,,,,,,
2023,Dan Fox / Blood,Plains Bison,Hair,0124 000 300 931 365,-,100,89,91,136,136,181,187,241,253,103,103,104,106,135,137,103,105,129,143,191,191,238,252,87,87,158,160,113,115,174,174,229,231,143,147,154,158,88,90,127,148,194,202,246,254,173,175,162,162,154,156,83,85,122,124,183,183,148,148,258,262,140,148,125,129,151,157,92,94,146,150,180,180,108,108,168,172,83,89,161,165,85,87,114,118,161,167,238,240,130,130,X,X,90,92,99,103,179,181,201,207,158,168,149,149,,,,,,,,,,,,,,,,,,,,,,,,,,
2023,Dan Fox / Blood,Plains Bison,Hair,0124 000 300 931 366,-,100,89,93,136,136,187,187,249,253,103,107,100,104,135,147,91,103,143,149,191,191,232,238,87,87,158,160,113,115,174,174,229,231,143,145,154,156,100,104,146,148,194,196,246,246,173,177,148,162,154,156,83,85,122,124,183,183,148,148,262,262,146,146,129,129,155,155,91,92,146,146,180,184,106,106,168,168,83,89,169,173,85,89,114,118,161,167,228,240,130,132,X,X,98,104,99,101,177,193,201,201,166,168,145,149,,,,,,,,,,,,,,,,,,,,,,,,,,
2023,Dan Fox / Blood,Plains Bison,Hair,0124 000 300 931 367,-,100,91,91,136,136,179,187,253,271,103,107,104,104,135,147,97,103,129,149,191,191,238,252,87,91,160,170,113,115,172,174,225,231,147,147,156,158,100,104,140,148,196,202,246,252,173,175,162,162,154,160,81,83,124,124,165,183,142,148,260,262,140,148,123,129,157,159,92,94,146,150,180,190,106,120,174,178,83,83,165,173,85,89,116,118,165,167,240,240,114,134,X,X,90,92,95,99,179,191,201,207,142,142,147,149,,,,,,,,,,,,,,,,,,,,,,,,,,
2023,Dan Fox / Blood,Plains Bison,Hair,0124 000 300 931 374,-,100,91,93,136,140,185,187,253,253,103,105,104,104,135,135,91,103,143,149,189,191,238,238,87,87,151,161,115,115,174,180,229,229,145,147,154,156,88,90,140,148,194,196,246,246,167,173,158,162,154,160,81,83,124,124,175,183,148,148,260,262,146,148,125,129,157,157,91,95,146,148,180,192,106,106,172,178,83,89,161,161,85,85,114,116,167,167,238,240,134,134,X,X,98,104,99,101,179,181,201,211,142,158,149,149,,,,,,,,,,,,,,,,,,,,,,,,,,
2023,Dan Fox / Blood,Plains Bison,Hair,0124 000 300 931 375,-,100,89,91,134,136,179,187,241,253,103,103,104,104,135,135,97,103,129,149,189,191,238,252,87,87,160,160,115,115,172,174,225,231,143,147,154,158,90,90,140,142,194,202,246,250,173,175,150,162,156,160,83,85,124,124,183,183,148,148,262,262,146,148,125,125,155,157,91,94,146,146,180,190,106,120,170,178,83,89,161,165,85,85,116,118,161,167,228,240,130,130,X,X,92,98,99,99,179,191,201,205,142,168,149,149,,,,,,,,,,,,,,,,,,,,,,,,,,
2023,Dan Fox / Blood,Plains Bison,Hair,0124 000 300 931 376,-,100,89,91,134,136,175,187,241,241,107,107,104,104,135,135,93,103,129,149,189,191,238,238,87,87,151,160,115,115,172,174,229,229,143,147,156,158,90,100,140,148,194,196,254,254,173,173,162,164,156,160,81,83,122,124,173,183,142,148,262,262,148,148,129,131,155,155,92,92,146,146,180,180,106,108,168,178,83,83,173,173,85,85,116,118,167,167,228,240,128,130,Y,X,92,98,99,99,177,191,201,211,142,158,149,149,,,,,,,,,,,,,,,,,,,,,,,,,,
2023,Dan Fox / Blood,Plains Bison,Hair,0124 000 300 931 377,-,100,89,91,136,140,185,187,241,271,103,103,104,104,135,137,93,103,129,135,191,195,238,238,87,87,160,170,115,115,174,180,229,229,143,143,154,158,86,90,127,148,194,202,246,250,175,177,162,164,154,154,81,83,122,122,165,179,148,148,256,262,140,148,125,129,155,155,91,91,146,146,180,190,106,108,174,178,83,89,165,173,85,89,118,118,161,167,240,240,118,130,Y,X,92,98,99,99,179,191,201,215,158,168,149,149,,,,,,,,,,,,,,,,,,,,,,,,,,
2023,Dan Fox / Blood,Plains Bison,Hair,0124 000 300 931 378,-,100,89,89,134,136,187,187,241,241,103,103,100,100,135,135,89,93,129,143,191,195,238,252,87,87,149,160,115,115,174,174,229,229,133,147,154,160,90,100,140,146,188,196,244,254,173,177,152,162,144,154,83,85,122,122,165,183,142,148,262,262,148,150,125,129,151,157,91,92,146,146,180,184,90,106,168,178,83,89,169,173,85,85,116,118,167,167,228,240,130,130,Y,X,90,98,95,99,177,179,201,207,142,168,139,149,,,,,,,,,,,,,,,,,,,,,,,,,,
2023,Dan Fox / Blood,Plains Bison,Hair,0124 000 300 931 379,-,100,91,93,136,136,181,187,241,241,103,103,104,104,135,147,97,103,127,129,189,191,238,238,87,91,151,160,115,115,172,180,225,231,143,147,154,156,90,90,148,148,194,202,254,254,173,173,158,162,154,154,83,83,122,124,165,179,148,148,256,262,140,148,125,125,155,157,91,92,146,146,180,198,106,108,168,174,83,83,161,161,85,89,108,118,161,167,236,240,130,134,Y,X,90,104,99,99,179,191,201,205,142,168,147,149,,,,,,,,,,,,,,,,,,,,,,,,,,
2023,Dan Fox / Blood,Plains Bison,Hair,0124 000 300 931 380,-,100,89,89,134,136,185,187,241,241,103,107,100,100,135,135,91,93,129,129,189,191,238,238,87,87,149,160,113,115,174,174,225,231,143,145,154,156,88,90,140,148,194,202,246,250,167,173,146,162,156,160,83,85,122,124,165,183,142,148,260,262,146,146,125,129,149,155,91,91,146,146,180,180,106,106,168,178,83,89,161,165,85,89,116,118,161,167,228,240,130,130,Y,X,98,104,99,101,177,193,201,207,168,168,149,151,,,,,,,,,,,,,,,,,,,,,,,,,,
2023,Dan Fox / Blood,Plains Bison,Hair,0124 000 300 931 381,-,100,89,91,136,136,187,187,241,241,103,103,100,100,135,147,93,103,129,143,191,195,238,252,87,87,151,160,110,115,174,174,227,229,143,143,154,156,90,100,140,140,194,202,246,254,173,177,148,162,154,160,83,85,124,124,183,183,148,150,260,262,146,146,129,129,153,155,91,95,146,146,180,184,90,108,170,178,83,89,161,165,85,91,114,118,161,167,228,240,130,130,Y,X,90,98,99,101,177,191,201,201,142,168,149,149,,,,,,,,,,,,,,,,,,,,,,,,,,
2023,Dan Fox / Blood,Plains Bison,Hair,0124 000 300 931 382,-,100,89,91,136,136,181,187,241,241,103,103,104,104,135,135,97,103,129,149,189,191,238,252,87,87,151,151,115,115,174,180,229,231,143,147,156,156,104,104,127,148,196,196,250,254,173,177,162,164,154,154,83,83,122,124,173,179,148,148,260,262,148,150,129,131,155,155,92,92,146,146,180,180,106,108,178,178,83,89,161,165,85,85,116,118,167,167,228,240,134,134,Y,X,90,98,99,99,177,179,201,211,142,168,149,149,,,,,,,,,,,,,,,,,,,,,,,,,,
2023,Dan Fox / Blood,Plains Bison,Hair,124 000 300 684 696 2020,-,100,93,93,136,136,187,187,241,253,103,103,104,104,135,135,97,97,129,149,191,197,238,252,87,87,151,151,115,115,172,174,229,229,147,147,156,156,90,100,127,142,194,194,254,254,173,175,162,164,154,160,81,83,124,124,179,183,148,148,256,262,140,146,125,129,155,157,92,92,146,146,180,198,106,108,168,168,83,89,161,173,89,89,118,118,167,167,240,240,130,134,Y,X,90,92,99,99,177,191,205,215,142,168,149,149,,,,,,,,,,,,,,,,,,,,,,,,,,
2023,Dan Fox / Blood,Plains Bison,Hair,124 000 300 684 697 2020,-,100,89,91,136,136,185,187,253,253,103,105,112,112,135,135,97,105,149,149,191,191,238,238,87,91,143,160,113,115,180,180,225,231,145,147,156,158,100,104,140,142,194,202,244,250,177,177,148,162,156,160,83,83,124,124,179,183,148,148,256,264,146,148,125,129,155,157,92,94,146,146,180,180,106,106,168,168,83,89,165,173,89,91,116,118,167,167,238,240,128,134,Y,X,90,98,99,99,177,193,201,205,142,168,149,153,,,,,,,,,,,,,,,,,,,,,,,,,,
2023,Dan Fox / Blood,Plains Bison,Hair,124 000 300 703 245 2019,-,100,89,91,136,136,185,187,253,253,103,105,104,104,135,137,97,105,145,149,191,195,238,238,87,87,151,161,115,115,174,180,225,231,133,143,156,158,90,90,142,148,194,194,244,250,175,175,148,150,154,160,83,85,122,124,179,183,148,148,262,264,146,146,127,129,155,157,91,94,146,146,196,198,108,108,168,170,83,83,165,173,85,89,118,118,165,167,228,240,130,130,X,X,90,104,95,99,177,179,201,211,142,168,149,149,,,,,,,,,,,,,,,,,,,,,,,,,,
2023,Dan Fox / Blood,Plains Bison,Hair,124 000 300 931 368 2020,-,100,89,91,136,136,187,187,253,253,103,103,104,104,135,135,93,103,129,129,189,191,238,238,87,91,143,160,115,115,172,174,229,229,143,147,156,156,90,104,140,140,194,196,250,254,173,177,162,162,154,160,83,85,122,124,179,183,148,148,262,262,146,148,123,129,155,157,92,92,146,146,180,198,106,108,168,178,83,83,165,173,85,89,118,118,161,167,228,240,130,130,X,X,90,92,99,99,177,179,201,205,142,168,149,149,,,,,,,,,,,,,,,,,,,,,,,,,,
2023,Dan Fox / Blood,Plains Bison,Hair,124 000 300 931 369 2020,-,100,89,93,134,136,181,187,241,253,103,103,100,104,135,135,97,97,129,143,191,191,252,252,87,91,143,161,113,115,174,176,225,229,143,143,156,158,90,90,127,142,194,202,246,254,167,175,146,150,154,156,81,83,124,124,179,179,142,148,260,262,146,150,129,129,153,157,91,91,146,150,196,198,106,108,168,174,83,89,165,173,85,89,114,118,167,167,240,240,130,134,X,X,90,96,99,99,177,193,201,211,166,168,149,155,,,,,,,,,,,,,,,,,,,,,,,,,,
2023,Dan Fox / Blood,Plains Bison,Hair,124 000 300 931 370 2020,-,100,93,93,136,142,179,187,241,241,103,105,104,104,135,135,91,97,143,149,191,191,238,252,87,87,143,151,115,115,174,178,225,229,145,147,156,160,88,104,127,142,196,202,250,254,163,177,152,162,154,160,81,83,124,126,181,183,148,148,256,260,148,150,123,129,155,155,92,95,146,146,198,198,108,108,170,174,83,89,161,165,85,89,116,118,167,167,228,240,118,134,X,X,104,104,95,99,177,191,205,205,156,168,149,155,,,,,,,,,,,,,,,,,,,,,,,,,,
2023,Dan Fox / Blood,Plains Bison,Hair,124 000 300 931 371 2020,-,100,93,93,136,136,181,187,241,241,103,103,104,104,135,135,93,97,129,143,191,195,252,252,87,87,151,158,115,115,174,178,225,229,143,145,156,160,90,104,142,148,194,194,244,250,159,175,146,162,156,160,81,83,124,126,183,183,148,150,256,260,146,146,125,129,153,155,91,91,146,154,180,198,90,106,170,170,83,83,161,165,85,87,116,118,167,167,240,240,130,134,X,X,90,104,95,99,177,193,201,201,142,142,149,155,,,,,,,,,,,,,,,,,,,,,,,,,,
2023,Dan Fox / Blood,Plains Bison,Hair,124 000 300 931 372 2020,-,100,89,91,136,136,187,187,253,269,103,105,100,104,135,135,93,93,149,149,191,191,254,254,87,91,151,158,115,115,180,180,229,229,143,145,156,156,90,104,140,142,196,202,252,254,177,177,146,150,160,160,83,83,124,124,179,181,148,148,256,262,146,146,125,129,155,157,91,91,146,146,180,192,106,108,170,170,83,89,165,173,89,89,118,118,167,167,228,240,128,130,X,X,98,104,95,99,177,181,201,201,168,168,149,149,,,,,,,,,,,,,,,,,,,,,,,,,,
2023,Dan Fox / Blood,Plains Bison,Hair,124 000 300 931 373,-,100,89,93,136,136,181,187,241,253,103,105,100,100,135,135,89,97,129,143,191,191,238,238,87,87,151,161,108,115,174,176,225,231,143,147,156,158,90,104,140,140,194,194,250,252,173,177,146,162,154,156,83,83,118,124,183,183,142,148,262,262,148,148,129,129,157,157,91,91,146,154,184,198,106,106,170,172,83,83,161,169,85,89,114,118,165,167,228,240,134,134,Y,X,90,98,95,99,177,181,205,207,142,142,149,149,,,,,,,,,,,,,,,,,,,,,,,,,,
2023,Dan Fox / Blood,Plains Bison,Hair,DFox246-2019,-,100,89,91,136,136,181,187,241,253,103,105,100,104,135,135,89,97,129,143,191,191,238,238,87,87,151,160,115,115,180,180,225,229,145,147,156,158,104,104,140,140,194,194,252,254,159,177,146,162,154,156,81,83,118,124,179,183,142,148,260,262,148,150,125,129,155,155,91,92,146,154,180,184,96,108,168,170,89,89,165,173,89,89,116,118,167,167,228,240,130,130,X,X,98,104,99,99,177,181,201,207,142,158,149,155,,,,,,,,,,,,,,,,,,,,,,,,,,
2025,Delta,-,Tissue,DBH-16-15,-,100,93,93,138,140,175,187,269,271,103,103,102,102,137,141,83,93,129,133,189,189,238,238,87,87,160,160,108,115,174,178,229,231,143,143,158,158,88,102,150,150,194,202,246,250,165,173,146,162,156,156,83,85,122,122,165,181,142,150,260,262,146,150,125,129,153,155,91,92,146,150,180,184,106,110,170,172,83,89,161,165,85,85,118,118,165,167,240,240,130,130,Y,X,92,104,95,95,181,191,201,211,156,168,149,149,,,,,,,,,,,,,,,,,,,,,,,,,,
2025,Delta,-,Tissue,DBH-16-18,-,100,89,93,134,136,175,185,269,271,103,103,100,100,135,135,83,105,127,129,189,191,238,238,87,91,158,160,113,113,174,174,229,231,143,145,158,160,90,100,127,140,194,202,246,246,173,175,152,162,156,156,85,85,122,124,165,181,148,148,260,264,146,150,127,127,153,153,92,95,150,150,180,192,106,110,168,178,83,89,165,165,87,89,116,116,167,167,236,240,130,134,X,X,92,98,95,95,179,181,211,211,142,164,145,149,,,,,,,,,,,,,,,,,,,,,,,,,,
2025,Delta,-,Tissue,DBH-16-22,-,100,89,93,132,134,175,187,241,269,103,103,100,100,135,147,89,89,127,143,189,191,238,238,87,87,160,160,115,115,174,174,231,231,143,145,156,160,86,90,140,150,194,194,244,246,165,175,152,152,154,156,85,85,122,124,175,183,148,148,260,260,140,150,127,127,155,159,91,91,150,150,180,184,106,108,174,178,89,95,161,165,87,89,116,118,161,165,240,240,128,134,X,X,92,92,95,95,179,191,205,205,160,164,145,149,,,,,,,,,,,,,,,,,,,,,,,,,,
2025,Delta,-,Tissue,DBH-16-34,-,100,93,93,134,134,187,187,241,271,103,103,100,100,135,135,83,89,127,129,189,191,238,238,87,87,158,160,115,115,174,174,231,233,145,145,154,156,90,90,140,150,194,194,246,246,175,175,152,162,154,156,85,85,122,124,181,183,148,148,260,262,140,150,127,127,155,155,92,92,150,150,180,180,110,112,168,178,83,89,161,165,89,89,116,118,161,165,228,240,134,134,Y,X,92,92,95,95,181,191,201,211,142,164,145,153,,,,,,,,,,,,,,,,,,,,,,,,,,
2025,Delta,-,Tissue,DBH-19-02,-,100,89,93,134,134,185,187,241,241,103,105,100,100,135,135,89,93,127,129,189,191,232,232,87,87,158,160,113,115,172,174,231,231,143,143,158,160,88,88,140,150,194,202,244,246,167,167,146,162,154,156,85,85,122,124,181,183,148,148,260,262,140,150,125,131,155,159,92,95,146,148,180,180,108,108,168,172,83,95,161,161,85,87,116,118,165,165,228,228,134,134,Y,X,92,92,99,99,181,191,201,211,164,164,149,153,,,,,,,,,,,,,,,,,,,,,,,,,,
2025,Delta,-,Tissue,DBH-19-07,-,100,93,93,136,140,175,187,269,269,103,105,112,112,135,141,83,89,129,149,195,195,232,238,87,87,165,170,113,115,174,174,229,231,143,143,160,160,90,102,140,150,194,202,246,246,167,175,146,152,144,156,83,85,122,124,175,181,142,148,260,262,146,146,127,127,155,159,91,94,150,150,184,192,108,110,178,178,83,89,161,161,89,89,108,114,165,165,228,228,130,134,Y,X,92,92,99,99,179,181,205,211,142,164,149,149,,,,,,,,,,,,,,,,,,,,,,,,,,
2025,Delta,-,Tissue,DBH-19-08,-,100,89,89,134,140,175,187,241,269,103,103,100,100,135,135,83,89,129,143,189,195,238,238,87,87,158,160,113,115,172,172,225,231,143,143,160,160,90,90,140,150,194,200,250,254,167,175,152,158,144,144,85,85,124,124,165,181,142,148,260,260,140,150,127,127,153,155,92,95,150,150,180,190,108,108,170,178,83,95,165,165,87,89,116,118,165,165,228,240,114,130,Y,X,92,92,95,95,179,179,201,211,164,164,149,151,,,,,,,,,,,,,,,,,,,,,,,,,,
2025,Delta,-,Tissue,DBH-19-09,-,98,91,93,132,138,175,187,269,269,103,103,100,104,135,135,83,103,129,129,189,197,238,238,87,87,158,165,113,115,172,174,229,231,143,145,158,160,86,90,142,150,194,194,244,246,165,175,152,162,156,156,83,83,124,124,175,181,142,142,260,262,146,146,125,127,155,155,92,92,150,150,180,192,106,108,168,168,83,83,161,165,85,87,116,118,161,161,236,240,114,134,//,//,98,98,99,99,179,179,205,211,142,164,149,153,,,,,,,,,,,,,,,,,,,,,,,,,,
2025,Delta,-,Tissue,DBH-19-11,-,98,91,93,134,140,175,185,269,271,103,105,104,104,135,135,89,89,129,143,189,195,238,238,85,87,158,160,113,113,172,174,231,231,143,145,156,160,90,102,140,150,194,200,244,250,167,175,162,162,144,156,85,85,124,124,175,181,142,148,260,262,146,150,125,127,153,155,91,92,146,150,180,192,106,110,168,174,85,89,161,165,85,89,108,116,161,165,228,240,134,134,Y,X,92,98,95,99,179,181,205,211,//,//,149,153,,,,,,,,,,,,,,,,,,,,,,,,,,
2025,Delta,-,Tissue,DBH-19-13,-,100,93,93,138,138,175,179,269,269,103,103,100,100,135,135,89,93,143,149,189,195,232,238,87,87,158,165,108,113,174,174,225,233,143,143,154,156,86,86,140,142,194,194,244,244,175,175,148,152,156,156,85,85,122,124,165,183,148,150,260,262,140,150,125,127,155,155,91,95,146,150,184,196,108,112,168,178,89,89,161,165,89,89,118,118,161,165,228,236,130,134,X,X,92,98,95,95,179,191,205,205,164,164,149,149,,,,,,,,,,,,,,,,,,,,,,,,,,
2025,Delta,-,Tissue,DBH-19-14,-,100,91,93,134,140,175,185,241,241,103,103,100,100,135,135,83,89,133,149,189,191,238,252,87,87,158,160,113,113,174,174,231,233,143,143,160,160,86,90,140,150,194,194,246,246,175,177,148,152,154,156,83,85,122,122,181,183,148,148,260,262,140,150,125,127,155,155,91,91,146,150,180,180,108,112,168,172,83,89,161,165,85,89,108,118,165,167,228,240,118,134,X,X,92,92,95,99,181,181,201,205,164,164,149,151,,,,,,,,,,,,,,,,,,,,,,,,,,
2025,Delta,-,Tissue,DBH-19-19,-,98,91,93,136,140,187,187,269,271,103,105,100,100,135,135,//,//,127,133,191,195,238,238,87,87,158,160,115,115,174,176,225,231,143,143,158,160,90,90,140,150,194,202,244,246,173,175,146,152,154,156,83,83,122,124,175,181,148,150,262,264,140,146,123,127,153,155,91,92,150,150,180,180,108,112,170,174,83,89,165,165,87,87,118,118,165,165,228,236,134,134,X,X,92,92,95,99,179,179,211,211,164,164,149,151,,,,,,,,,,,,,,,,,,,,,,,,,,
2025,Delta,-,Tissue,DBH-19-20,-,100,89,93,132,138,181,185,241,269,103,103,104,104,135,135,89,105,129,143,189,195,232,238,87,87,160,165,113,115,174,174,225,225,143,145,156,158,86,88,134,150,194,202,246,246,165,175,146,146,156,156,85,85,122,124,181,183,142,150,260,264,140,140,127,127,155,155,91,91,150,150,180,180,112,112,170,170,89,95,161,161,85,85,116,116,161,167,228,236,134,134,Y,X,92,92,95,99,179,193,205,215,142,164,149,149,,,,,,,,,,,,,,,,,,,,,,,,,,
2025,Delta,-,Tissue,DBH-19-21,-,98,93,93,134,138,185,187,241,269,103,103,100,100,135,135,83,93,129,143,189,191,238,238,87,87,158,158,115,115,174,174,231,231,143,143,158,160,102,102,138,150,194,202,244,246,173,175,146,148,154,156,83,85,122,124,175,183,148,148,260,262,146,146,127,127,153,159,91,91,150,150,180,184,112,112,168,174,83,83,165,165,85,87,116,118,165,167,228,228,114,128,Y,X,92,98,95,95,179,191,211,211,//,//,149,153,,,,,,,,,,,,,,,,,,,,,,,,,,
2025,Delta,-,Tissue,DBH-19-22,-,100,91,91,134,140,175,175,241,269,103,103,100,100,135,135,89,93,129,133,189,189,238,238,87,87,158,158,108,113,172,172,225,231,143,143,156,158,86,90,142,150,194,194,246,246,167,175,148,148,156,156,85,85,122,124,165,175,142,142,260,262,140,150,127,131,153,155,95,95,146,150,180,184,106,112,168,172,83,83,161,161,85,89,116,118,161,167,236,240,114,130,Y,X,92,98,95,101,177,179,205,211,142,164,143,151,,,,,,,,,,,,,,,,,,,,,,,,,,
2025,Delta,-,Tissue,DBH-19-24,-,100,89,91,138,138,175,175,241,269,103,105,100,100,135,135,83,93,129,143,189,189,232,238,87,87,165,165,115,115,174,178,229,231,143,143,158,160,90,102,140,140,194,194,246,246,165,175,152,162,144,156,85,85,122,124,165,179,142,142,260,260,140,146,127,127,155,155,92,92,146,146,192,196,108,108,168,174,85,95,161,165,89,89,116,118,165,167,236,236,130,130,Y,X,92,92,99,99,181,181,201,211,142,142,149,153,,,,,,,,,,,,,,,,,,,,,,,,,,
2025,Delta,-,Tissue,DBH-19-25,-,100,89,93,134,134,187,187,269,269,103,105,104,104,135,135,89,105,143,149,195,195,238,238,87,87,160,160,108,115,172,172,231,231,143,143,158,160,90,90,150,150,194,194,244,246,167,173,148,152,144,154,85,85,124,124,175,183,142,148,262,262,140,146,127,131,155,155,94,95,150,150,180,196,108,112,172,172,83,89,165,165,89,89,116,118,165,165,236,236,130,130,Y,X,92,92,95,99,181,191,201,201,142,168,145,149,,,,,,,,,,,,,,,,,,,,,,,,,,
2025,Delta,-,Tissue,DBH-19-26,-,100,89,93,136,140,185,187,241,269,103,103,112,112,135,135,83,103,129,149,189,191,238,238,87,87,158,165,108,115,174,174,231,231,143,143,156,160,86,102,150,150,194,194,244,244,175,177,146,146,156,156,83,85,122,122,181,181,148,150,260,260,146,150,127,127,155,155,92,94,150,150,180,184,112,112,172,174,83,89,161,165,87,89,116,118,161,167,228,240,134,134,Y,X,92,92,95,95,179,191,211,211,164,164,149,149,,,,,,,,,,,,,,,,,,,,,,,,,,
2025,Delta,-,Tissue,DBH-19-28,-,98,91,93,132,138,175,187,241,269,103,103,100,100,135,137,83,103,129,129,189,195,238,238,87,87,158,165,113,115,174,174,231,231,145,145,156,160,86,90,127,142,194,194,244,244,165,175,146,148,144,156,85,85,122,124,181,181,142,142,260,260,146,146,125,125,155,155,91,92,150,150,180,192,106,112,168,168,83,89,161,165,87,87,-99,-99,161,161,228,240,134,134,Y,X,92,92,95,99,181,191,201,211,164,164,149,151,,,,,,,,,,,,,,,,,,,,,,,,,,
2025,Delta,-,Tissue,DBH-19-29,-,100,91,93,136,138,175,175,271,271,103,105,104,104,137,147,83,93,129,143,189,189,238,238,87,87,158,165,115,115,174,174,231,231,143,143,158,158,88,88,150,150,194,194,246,246,163,175,148,148,154,156,83,83,122,124,165,183,142,142,258,264,146,150,123,127,153,155,91,95,150,150,180,196,106,108,170,172,89,89,161,161,89,89,116,118,161,165,228,240,130,130,Y,X,92,98,95,99,177,179,205,211,142,168,149,149,,,,,,,,,,,,,,,,,,,,,,,,,,
2025,Delta,-,Tissue,DBH-19-33-1,-,98,89,93,132,138,175,175,269,271,103,103,104,104,135,135,83,105,129,129,189,195,232,238,87,87,165,165,108,113,172,174,225,231,143,145,156,160,90,90,142,150,194,194,246,250,165,175,146,162,156,156,83,85,122,124,175,183,142,142,260,262,140,146,125,127,155,155,92,92,150,150,180,192,106,112,176,178,83,89,161,165,85,85,118,118,161,165,236,236,130,134,Y,X,92,104,95,99,179,179,205,215,//,//,149,151,,,,,,,,,,,,,,,,,,,,,,,,,,
2025,Delta,-,Tissue,DBH-19-33-2,-,100,89,91,132,136,175,187,269,269,103,105,104,104,135,147,83,83,129,149,189,195,232,238,87,87,158,160,115,115,172,172,231,231,143,143,158,158,86,86,140,142,194,202,244,254,165,167,146,152,144,156,83,83,122,124,175,181,142,150,260,260,140,150,127,131,155,159,91,91,150,150,180,180,108,112,170,172,83,89,165,173,85,87,116,118,165,165,236,240,114,130,Y,X,92,92,99,99,181,191,201,211,142,164,149,151,,,,,,,,,,,,,,,,,,,,,,,,,,
2025,Delta,-,Tissue,DBH-19-34,-,100,91,93,134,134,175,175,269,269,103,105,100,100,135,135,83,89,143,143,189,189,238,238,87,87,158,165,113,115,174,174,231,233,143,143,156,158,90,90,140,150,194,202,244,246,175,175,152,162,144,156,85,85,122,124,181,183,142,148,260,260,140,152,127,131,153,153,92,92,146,150,180,192,110,112,174,178,85,89,161,165,85,87,108,116,161,165,228,240,134,134,Y,X,92,98,95,99,179,179,211,211,164,164,145,153,,,,,,,,,,,,,,,,,,,,,,,,,,
2025,Delta,-,Tissue,DBH-19-37,-,98,91,93,136,140,181,187,241,269,103,105,102,102,135,141,89,103,129,129,191,191,232,238,//,//,158,160,113,115,172,174,231,231,143,145,154,156,88,90,150,150,194,194,246,246,173,175,146,162,154,154,83,85,124,124,183,183,142,148,260,262,140,140,131,131,155,155,91,95,146,150,180,180,108,112,168,168,83,89,165,165,89,89,108,116,161,163,228,228,130,130,Y,X,92,92,95,95,181,191,201,207,162,164,149,153,,,,,,,,,,,,,,,,,,,,,,,,,,
2025,Delta,-,Tissue,DBH-19-38,-,96,91,91,136,136,175,175,271,271,103,105,104,104,135,135,83,93,127,149,195,195,238,238,87,87,158,160,113,115,174,178,231,231,143,145,156,158,86,90,150,150,200,202,244,244,175,175,162,162,144,154,85,85,124,124,175,181,142,148,260,260,140,146,123,129,155,155,91,92,148,150,184,190,110,112,168,168,83,89,161,161,87,89,116,116,161,165,228,228,130,134,Y,X,98,104,99,99,179,179,//,//,//,//,143,149,,,,,,,,,,,,,,,,,,,,,,,,,,
2025,Delta,-,Tissue,DBH-19-41,-,100,93,93,136,140,175,175,241,241,103,105,100,100,135,141,83,93,133,143,189,189,238,238,87,87,158,160,113,115,174,174,231,231,143,143,158,160,86,88,150,150,194,200,244,244,173,175,148,162,156,156,85,85,122,124,183,183,142,150,262,262,146,146,127,127,155,159,92,95,150,150,180,180,106,112,168,178,85,89,161,161,85,87,116,116,165,165,236,240,130,130,Y,X,92,98,95,99,179,179,201,211,142,164,143,153,,,,,,,,,,,,,,,,,,,,,,,,,,
2025,Delta,-,Tissue,DBH-19-43,-,100,89,91,136,138,179,187,269,269,103,103,100,100,135,137,93,93,143,143,189,195,238,238,85,87,160,160,115,115,172,178,225,229,143,143,156,156,86,102,140,140,194,194,244,246,173,175,146,148,144,156,83,85,122,124,165,181,142,148,260,260,140,146,127,129,155,155,92,95,146,148,184,196,110,110,168,178,83,95,161,161,89,89,108,118,165,165,228,236,130,134,Y,X,92,92,95,99,179,179,201,211,142,164,149,149,,,,,,,,,,,,,,,,,,,,,,,,,,
2025,Delta,-,Tissue,DBH-19-45,-,98,93,93,134,140,187,187,241,271,103,103,100,100,135,135,89,93,129,133,195,195,232,238,87,87,165,165,113,115,174,174,231,231,143,143,154,160,90,102,127,150,202,202,246,246,173,175,146,152,156,156,85,85,122,124,181,181,142,148,260,262,150,150,127,127,155,155,91,92,150,150,184,190,112,112,170,178,89,95,165,165,87,89,108,116,161,161,240,240,130,130,Y,X,92,92,95,99,179,181,211,211,//,//,151,151,,,,,,,,,,,,,,,,,,,,,,,,,,
2025,Delta,-,Tissue,DBH-19-46,-,98,93,93,134,140,185,187,241,271,103,103,102,102,135,135,83,89,133,143,189,195,238,238,85,87,158,165,113,113,174,174,231,233,143,143,156,160,90,90,150,150,194,194,244,246,175,175,146,162,154,156,83,85,124,124,181,181,148,148,260,262,146,152,127,127,153,153,91,92,148,150,180,190,106,110,168,170,83,89,161,161,85,87,108,116,161,163,228,240,130,130,Y,X,92,98,95,95,179,179,201,211,//,//,151,153,,,,,,,,,,,,,,,,,,,,,,,,,,
2025,Delta,-,Tissue,DBH-19-48,-,100,91,91,134,138,185,187,269,271,103,103,100,100,135,137,93,103,127,129,189,197,238,238,87,87,160,160,113,115,172,174,225,229,143,145,156,156,90,102,127,140,194,202,244,246,165,173,148,162,156,156,85,85,124,124,179,183,142,148,260,260,146,146,127,127,153,155,92,95,150,150,180,196,106,108,168,168,83,95,161,161,85,89,118,118,161,165,228,228,130,134,Y,X,92,98,95,95,179,181,201,211,142,164,149,153,,,,,,,,,,,,,,,,,,,,,,,,,,
M. Grant Thesis,EINP,-,Fecal,EINP_P01,-,78,89,91,138,138,181,185,241,241,104,104,102,102,135,147,89,97,129,143,191,191,232,232,,,,,,,,,,,,,,,,,,,,,,,,,,,,,,,,,,,,,,,,,,,,,,,,,,,,,,,,,,,//,//,,,//,//,//,//,130,134,X,X,//,//,99,99,,,,,,,,,,,,,,,,,,,,,,,,,,,,,,,,,,
M. Grant Thesis,EINP,-,Fecal,EINP_P05,-,72,91,93,//,//,//,//,241,241,103,103,100,100,135,135,89,89,//,//,189,191,238,238,,,,,,,,,,,,,,,,,,,,,,,,,,,,,,,,,,,,,,,,,,,,,,,,,,,,,,,,,,,85,89,,,//,//,//,//,130,130,Y,X,92,98,99,99,,,,,,,,,,,,,,,,,,,,,,,,,,,,,,,,,,
M. Grant Thesis,EINP,-,Fecal,EINP_P09,-,94,91,91,136,140,175,181,241,253,103,107,104,104,135,135,91,91,143,143,191,195,238,254,,,,,,,,,,,,,,,,,,,,,,,,,,,,,,,,,,,,,,,,,,,,,,,,,,,,,,,,,,,85,87,,,//,//,240,240,130,130,Y,X,92,96,95,95,,,,,,,,,,,,,,,,,,,,,,,,,,,,,,,,,,
M. Grant Thesis,EINP,-,Fecal,EINP_P10,-,78,89,91,//,//,187,187,241,241,103,107,104,112,135,135,//,//,149,149,191,195,//,//,,,,,,,,,,,,,,,,,,,,,,,,,,,,,,,,,,,,,,,,,,,,,,,,,,,,,,,,,,,87,87,,,161,167,228,236,130,130,//,//,92,98,97,101,,,,,,,,,,,,,,,,,,,,,,,,,,,,,,,,,,
M. Grant Thesis,EINP,-,Fecal,EINP_P12,-,94,91,91,136,142,179,181,241,247,103,104,104,106,135,135,93,97,129,143,195,195,232,232,,,,,,,,,,,,,,,,,,,,,,,,,,,,,,,,,,,,,,,,,,,,,,,,,,,,,,,,,,,85,87,,,//,//,240,240,130,130,Y,X,96,104,95,97,,,,,,,,,,,,,,,,,,,,,,,,,,,,,,,,,,
M. Grant Thesis,EINP,-,Fecal,EINP_P15,-,94,91,91,136,138,175,187,241,245,103,103,104,106,135,135,89,105,143,149,189,191,238,238,,,,,,,,,,,,,,,,,,,,,,,,,,,,,,,,,,,,,,,,,,,,,,,,,,,,,,,,,,,87,91,,,165,167,//,//,130,130,X,X,98,104,95,101,,,,,,,,,,,,,,,,,,,,,,,,,,,,,,,,,,
M. Grant Thesis,EINP,-,Fecal,EINP_P17,-,100,91,93,134,136,185,185,249,271,103,103,104,104,135,135,97,101,129,143,191,191,238,254,,,,,,,,,,,,,,,,,,,,,,,,,,,,,,,,,,,,,,,,,,,,,,,,,,,,,,,,,,,87,89,,,161,167,224,240,130,130,X,X,92,104,95,101,,,,,,,,,,,,,,,,,,,,,,,,,,,,,,,,,,
M. Grant Thesis,EINP,-,Fecal,EINP_P19,-,83,89,93,136,136,187,187,//,//,103,103,102,102,135,135,89,93,129,143,189,191,238,238,,,,,,,,,,,,,,,,,,,,,,,,,,,,,,,,,,,,,,,,,,,,,,,,,,,,,,,,,,,83,83,,,//,//,240,240,//,//,X,X,92,92,101,103,,,,,,,,,,,,,,,,,,,,,,,,,,,,,,,,,,
M. Grant Thesis,EINP,-,Fecal,EINP_P22,-,100,89,93,138,138,187,187,241,241,103,103,100,104,147,147,89,89,129,129,191,191,238,238,,,,,,,,,,,,,,,,,,,,,,,,,,,,,,,,,,,,,,,,,,,,,,,,,,,,,,,,,,,89,89,,,161,161,228,240,130,130,Y,X,98,98,95,101,,,,,,,,,,,,,,,,,,,,,,,,,,,,,,,,,,
M. Grant Thesis,EINP,-,Fecal,EINP_P23,-,78,89,89,140,140,187,187,241,249,103,104,104,104,135,141,97,97,127,143,191,191,//,//,,,,,,,,,,,,,,,,,,,,,,,,,,,,,,,,,,,,,,,,,,,,,,,,,,,,,,,,,,,87,87,,,//,//,//,//,130,134,//,//,104,104,101,103,,,,,,,,,,,,,,,,,,,,,,,,,,,,,,,,,,
M. Grant Thesis,EINP,-,Fecal,EINP_P26,-,94,89,91,136,140,187,191,241,253,103,103,102,102,135,135,93,101,143,143,191,191,238,238,,,,,,,,,,,,,,,,,,,,,,,,,,,,,,,,,,,,,,,,,,,,,,,,,,,,,,,,,,,87,87,,,//,//,240,240,130,130,X,X,96,96,95,95,,,,,,,,,,,,,,,,,,,,,,,,,,,,,,,,,,
M. Grant Thesis,EINP,-,Fecal,EINP_P27,-,94,89,91,134,136,185,185,241,241,103,104,102,104,135,135,//,//,147,149,195,195,238,238,,,,,,,,,,,,,,,,,,,,,,,,,,,,,,,,,,,,,,,,,,,,,,,,,,,,,,,,,,,89,91,,,161,167,228,238,130,130,X,X,92,98,95,99,,,,,,,,,,,,,,,,,,,,,,,,,,,,,,,,,,
M. Grant Thesis,EINP,-,Fecal,EINP_P29,-,89,89,91,136,136,187,187,241,241,103,103,112,112,135,141,89,101,149,149,//,//,238,238,,,,,,,,,,,,,,,,,,,,,,,,,,,,,,,,,,,,,,,,,,,,,,,,,,,,,,,,,,,85,91,,,161,167,228,236,130,130,//,//,96,98,95,101,,,,,,,,,,,,,,,,,,,,,,,,,,,,,,,,,,
M. Grant Thesis,EINP,-,Fecal,EINP_P32,-,100,89,91,134,136,175,175,241,241,103,105,104,104,135,135,89,89,129,143,191,195,238,238,,,,,,,,,,,,,,,,,,,,,,,,,,,,,,,,,,,,,,,,,,,,,,,,,,,,,,,,,,,91,91,,,161,167,228,240,130,134,X,X,96,104,95,101,,,,,,,,,,,,,,,,,,,,,,,,,,,,,,,,,,
M. Grant Thesis,EINP,-,Fecal,EINP_P35,-,94,89,91,138,138,175,187,241,253,103,103,102,104,135,137,101,101,143,149,189,195,238,238,,,,,,,,,,,,,,,,,,,,,,,,,,,,,,,,,,,,,,,,,,,,,,,,,,,,,,,,,,,89,89,,,161,167,236,240,130,134,//,//,92,104,99,99,,,,,,,,,,,,,,,,,,,,,,,,,,,,,,,,,,
M. Grant Thesis,EINP,-,Fecal,EINP_P36,-,78,89,89,136,136,175,175,241,241,104,104,102,102,135,147,87,101,129,129,189,189,238,238,,,,,,,,,,,,,,,,,,,,,,,,,,,,,,,,,,,,,,,,,,,,,,,,,,,,,,,,,,,//,//,,,//,//,//,//,130,130,X,X,96,96,//,//,,,,,,,,,,,,,,,,,,,,,,,,,,,,,,,,,,
M. Grant Thesis,EINP,-,Fecal,EINP_P37,-,100,89,89,136,138,187,187,245,271,103,103,102,102,135,137,89,97,129,143,191,195,238,238,,,,,,,,,,,,,,,,,,,,,,,,,,,,,,,,,,,,,,,,,,,,,,,,,,,,,,,,,,,85,85,,,161,167,228,228,130,130,Y,X,92,96,101,101,,,,,,,,,,,,,,,,,,,,,,,,,,,,,,,,,,
M. Grant Thesis,EINP,-,Fecal,EINP_P42,-,100,91,91,134,136,175,185,241,241,103,105,102,106,135,147,93,105,129,143,191,191,238,238,,,,,,,,,,,,,,,,,,,,,,,,,,,,,,,,,,,,,,,,,,,,,,,,,,,,,,,,,,,85,87,,,161,161,228,240,130,130,X,X,92,96,97,101,,,,,,,,,,,,,,,,,,,,,,,,,,,,,,,,,,
M. Grant Thesis,EINP,-,Fecal,EINP_P44,-,94,91,91,138,140,175,179,241,253,103,103,102,104,135,135,97,97,129,149,189,195,238,238,,,,,,,,,,,,,,,,,,,,,,,,,,,,,,,,,,,,,,,,,,,,,,,,,,,,,,,,,,,83,83,,,//,//,228,240,130,134,X,X,92,98,101,101,,,,,,,,,,,,,,,,,,,,,,,,,,,,,,,,,,
M. Grant Thesis,EINP,-,Fecal,EINP_P45,-,100,89,89,134,136,187,187,247,247,103,103,100,104,135,135,89,89,129,129,189,195,248,250,,,,,,,,,,,,,,,,,,,,,,,,,,,,,,,,,,,,,,,,,,,,,,,,,,,,,,,,,,,85,87,,,161,167,228,228,130,130,X,X,98,104,101,103,,,,,,,,,,,,,,,,,,,,,,,,,,,,,,,,,,
M. Grant Thesis,EINP,-,Fecal,EINP_P46,-,94,89,91,134,134,175,179,241,271,103,103,104,106,135,141,93,93,129,129,191,195,238,238,,,,,,,,,,,,,,,,,,,,,,,,,,,,,,,,,,,,,,,,,,,,,,,,,,,,,,,,,,,//,//,,,161,165,238,240,130,130,X,X,92,92,99,99,,,,,,,,,,,,,,,,,,,,,,,,,,,,,,,,,,
M. Grant Thesis,EINP,-,Fecal,EINP_P48,-,100,89,89,134,136,181,187,241,253,103,107,104,106,135,135,89,93,129,143,189,189,238,238,,,,,,,,,,,,,,,,,,,,,,,,,,,,,,,,,,,,,,,,,,,,,,,,,,,,,,,,,,,85,85,,,165,167,236,240,130,130,X,X,104,104,99,99,,,,,,,,,,,,,,,,,,,,,,,,,,,,,,,,,,
M. Grant Thesis,EINP,-,Fecal,EINP_P49,-,94,89,91,136,138,185,187,249,253,103,104,100,104,135,141,91,91,143,149,191,191,238,238,,,,,,,,,,,,,,,,,,,,,,,,,,,,,,,,,,,,,,,,,,,,,,,,,,,,,,,,,,,87,89,,,//,//,228,236,130,130,X,X,92,96,99,101,,,,,,,,,,,,,,,,,,,,,,,,,,,,,,,,,,
M. Grant Thesis,EINP,-,Fecal,EINP_P51,-,100,91,91,134,136,179,187,241,241,103,105,100,104,147,147,93,97,127,149,189,189,238,238,,,,,,,,,,,,,,,,,,,,,,,,,,,,,,,,,,,,,,,,,,,,,,,,,,,,,,,,,,,85,89,,,161,167,238,240,130,130,X,X,92,92,95,101,,,,,,,,,,,,,,,,,,,,,,,,,,,,,,,,,,
M. Grant Thesis,EINP,-,Fecal,EINP_P54,-,100,91,93,134,136,187,187,245,253,103,105,104,104,137,147,91,101,147,149,191,195,238,238,,,,,,,,,,,,,,,,,,,,,,,,,,,,,,,,,,,,,,,,,,,,,,,,,,,,,,,,,,,87,87,,,161,167,240,240,130,134,X,X,92,98,99,99,,,,,,,,,,,,,,,,,,,,,,,,,,,,,,,,,,
M. Grant Thesis,EINP,-,Fecal,EINP_P55,-,94,89,93,136,136,187,187,241,241,103,103,102,106,135,147,97,105,//,//,191,191,250,250,,,,,,,,,,,,,,,,,,,,,,,,,,,,,,,,,,,,,,,,,,,,,,,,,,,,,,,,,,,85,87,,,161,161,228,240,130,130,Y,X,96,96,99,101,,,,,,,,,,,,,,,,,,,,,,,,,,,,,,,,,,
M. Grant Thesis,EINP,-,Fecal,EINP_P57,-,83,91,91,138,140,175,179,//,//,103,103,102,104,135,135,97,97,129,149,189,195,238,252,,,,,,,,,,,,,,,,,,,,,,,,,,,,,,,,,,,,,,,,,,,,,,,,,,,,,,,,,,,85,87,,,//,//,//,//,130,134,X,X,92,98,101,101,,,,,,,,,,,,,,,,,,,,,,,,,,,,,,,,,,
M. Grant Thesis,EINP,-,Fecal,EINP_P59,-,78,89,97,138,138,181,181,241,241,//,//,102,102,135,147,97,101,//,//,//,//,232,238,,,,,,,,,,,,,,,,,,,,,,,,,,,,,,,,,,,,,,,,,,,,,,,,,,,,,,,,,,,85,85,,,161,161,240,240,130,134,//,//,96,104,99,99,,,,,,,,,,,,,,,,,,,,,,,,,,,,,,,,,,
M. Grant Thesis,EINP,-,Fecal,EINP_P60,-,100,91,91,138,138,181,185,241,253,103,103,102,102,135,141,97,105,129,149,191,195,238,238,,,,,,,,,,,,,,,,,,,,,,,,,,,,,,,,,,,,,,,,,,,,,,,,,,,,,,,,,,,89,89,,,161,161,228,240,130,130,X,X,92,98,99,101,,,,,,,,,,,,,,,,,,,,,,,,,,,,,,,,,,
M. Grant Thesis,EINP,-,Fecal,EINP_P61,-,89,91,91,//,//,175,175,271,271,103,103,102,104,135,141,93,93,129,129,191,191,238,238,,,,,,,,,,,,,,,,,,,,,,,,,,,,,,,,,,,,,,,,,,,,,,,,,,,,,,,,,,,87,87,,,//,//,240,240,132,132,X,X,98,98,99,101,,,,,,,,,,,,,,,,,,,,,,,,,,,,,,,,,,
M. Grant Thesis,EINP,-,Fecal,EINP_P62,-,72,89,91,134,136,185,187,241,249,104,104,102,102,135,147,//,//,129,143,191,195,232,238,,,,,,,,,,,,,,,,,,,,,,,,,,,,,,,,,,,,,,,,,,,,,,,,,,,,,,,,,,,//,//,,,//,//,//,//,130,130,Y,X,96,104,//,//,,,,,,,,,,,,,,,,,,,,,,,,,,,,,,,,,,
M. Grant Thesis,EINP,-,Fecal,EINP_P64,-,97,91,136,138,187,187,245,271,103,104,104,104,135,135,97,101,129,143,195,195,238,238,,,,,,,,,,,,,,,,,,,,,,,,,,,,,,,,,,,,,,,,,,,,,,,,,,,,,,,,,,,,87,89,,,161,165,236,240,118,130,Y,X,96,98,101,101,,,,,,,,,,,,,,,,,,,,,,,,,,,,,,,,,,
M. Grant Thesis,EINP,-,Fecal,EINP_P70,-,72,91,91,142,142,//,//,245,245,103,103,104,104,135,135,97,97,129,129,191,191,//,//,,,,,,,,,,,,,,,,,,,,,,,,,,,,,,,,,,,,,,,,,,,,,,,,,,,,,,,,,,,85,85,,,167,167,//,//,130,130,//,//,//,//,95,103,,,,,,,,,,,,,,,,,,,,,,,,,,,,,,,,,,
M. Grant Thesis,EINP,-,Fecal,EINP_P75,-,89,91,91,134,138,179,179,245,245,103,103,102,102,135,147,89,97,//,//,189,189,238,238,,,,,,,,,,,,,,,,,,,,,,,,,,,,,,,,,,,,,,,,,,,,,,,,,,,,,,,,,,,//,//,,,161,161,236,240,130,130,Y,X,92,104,101,101,,,,,,,,,,,,,,,,,,,,,,,,,,,,,,,,,,
M. Grant Thesis,EINP,-,Fecal,EINP_P87,-,100,91,91,138,140,175,175,241,241,103,103,100,100,135,141,89,97,129,143,189,191,238,238,,,,,,,,,,,,,,,,,,,,,,,,,,,,,,,,,,,,,,,,,,,,,,,,,,,,,,,,,,,85,87,,,161,167,236,240,130,130,Y,X,92,98,101,103,,,,,,,,,,,,,,,,,,,,,,,,,,,,,,,,,,
M. Grant Thesis,EINP,-,Fecal,EINP_P88,-,100,91,91,136,136,175,181,241,253,103,103,106,106,135,135,89,89,129,143,195,195,254,254,,,,,,,,,,,,,,,,,,,,,,,,,,,,,,,,,,,,,,,,,,,,,,,,,,,,,,,,,,,85,87,,,167,167,238,240,130,134,Y,X,92,96,95,101,,,,,,,,,,,,,,,,,,,,,,,,,,,,,,,,,,
M. Grant Thesis,EINP,-,Fecal,EINP_P90,-,78,91,91,136,138,179,179,//,//,//,//,102,102,135,141,91,101,129,149,189,195,250,254,,,,,,,,,,,,,,,,,,,,,,,,,,,,,,,,,,,,,,,,,,,,,,,,,,,,,,,,,,,//,//,,,161,161,228,236,130,134,Y,X,96,104,//,//,,,,,,,,,,,,,,,,,,,,,,,,,,,,,,,,,,
M. Grant Thesis,EINP,-,Fecal,EINP_P92,-,100,91,91,138,138,185,187,241,247,103,107,104,104,135,137,89,101,143,149,191,195,232,238,,,,,,,,,,,,,,,,,,,,,,,,,,,,,,,,,,,,,,,,,,,,,,,,,,,,,,,,,,,87,87,,,161,167,236,238,130,130,Y,X,92,104,95,101,,,,,,,,,,,,,,,,,,,,,,,,,,,,,,,,,,
M. Grant Thesis,EINP,-,Fecal,EINP_P93,-,100,91,91,134,138,179,179,245,245,103,103,102,102,135,147,89,97,129,143,189,195,238,250,,,,,,,,,,,,,,,,,,,,,,,,,,,,,,,,,,,,,,,,,,,,,,,,,,,,,,,,,,,87,89,,,161,161,236,240,130,130,Y,X,92,104,99,101,,,,,,,,,,,,,,,,,,,,,,,,,,,,,,,,,,
M. Grant Thesis,EINP,-,Fecal,EINP_P98,-,89,91,91,136,136,185,191,249,249,103,104,104,104,141,147,93,101,143,143,189,195,238,238,,,,,,,,,,,,,,,,,,,,,,,,,,,,,,,,,,,,,,,,,,,,,,,,,,,,,,,,,,,//,//,,,161,161,236,238,130,130,Y,X,92,96,//,//,,,,,,,,,,,,,,,,,,,,,,,,,,,,,,,,,,
M. Grant Thesis,EINP,-,Fecal,EINP_W08,-,89,89,91,134,138,181,187,253,269,103,103,104,108,141,141,91,97,129,141,189,191,238,238,,,,,,,,,,,,,,,,,,,,,,,,,,,,,,,,,,,,,,,,,,,,,,,,,,,,,,,,,,,89,89,,,//,//,224,228,//,//,X,X,98,102,101,101,,,,,,,,,,,,,,,,,,,,,,,,,,,,,,,,,,
M. Grant Thesis,EINP,-,Fecal,EINP_W15,-,94,89,89,136,136,179,179,253,269,103,103,108,108,135,141,103,103,129,141,189,189,238,254,,,,,,,,,,,,,,,,,,,,,,,,,,,,,,,,,,,,,,,,,,,,,,,,,,,,,,,,,,,//,//,,,167,167,228,238,130,130,X,X,98,102,95,101,,,,,,,,,,,,,,,,,,,,,,,,,,,,,,,,,,
M. Grant Thesis,EINP,-,Fecal,EINP_W20,-,78,89,91,136,136,179,187,253,253,103,103,108,108,141,145,93,99,129,129,//,//,//,//,,,,,,,,,,,,,,,,,,,,,,,,,,,,,,,,,,,,,,,,,,,,,,,,,,,,,,,,,,,//,//,,,167,167,228,228,//,//,Y,X,96,96,101,101,,,,,,,,,,,,,,,,,,,,,,,,,,,,,,,,,,
M. Grant Thesis,EINP,-,Fecal,EINP_W34,-,94,89,91,134,136,187,187,253,253,102,102,104,104,141,141,93,97,131,131,189,191,232,232,,,,,,,,,,,,,,,,,,,,,,,,,,,,,,,,,,,,,,,,,,,,,,,,,,,,,,,,,,,//,//,,,167,167,228,228,130,130,X,X,102,102,101,101,,,,,,,,,,,,,,,,,,,,,,,,,,,,,,,,,,
M. Grant Thesis,EINP,-,Fecal,EINP_W39,-,89,89,89,136,136,//,//,253,253,103,103,108,108,141,141,93,103,129,141,191,191,238,252,,,,,,,,,,,,,,,,,,,,,,,,,,,,,,,,,,,,,,,,,,,,,,,,,,,,,,,,,,,//,//,,,167,167,238,238,128,132,Y,X,102,102,95,99,,,,,,,,,,,,,,,,,,,,,,,,,,,,,,,,,,
M. Grant Thesis,EINP,-,Fecal,EINP_W41,-,94,89,89,136,136,181,187,253,269,103,103,104,108,141,145,93,93,129,129,189,189,232,232,,,,,,,,,,,,,,,,,,,,,,,,,,,,,,,,,,,,,,,,,,,,,,,,,,,,,,,,,,,//,//,,,167,167,228,228,128,128,X,X,96,104,101,101,,,,,,,,,,,,,,,,,,,,,,,,,,,,,,,,,,
M. Grant Thesis,EINP,-,Fecal,EINP_W43,-,72,//,//,136,136,//,//,241,241,103,103,108,108,141,145,93,97,//,//,//,//,232,232,,,,,,,,,,,,,,,,,,,,,,,,,,,,,,,,,,,,,,,,,,,,,,,,,,,,,,,,,,,//,//,,,167,167,228,228,132,132,Y,X,102,104,95,95,,,,,,,,,,,,,,,,,,,,,,,,,,,,,,,,,,
M. Grant Thesis,EINP,-,Fecal,EINP_W55,-,94,91,91,136,136,179,187,253,253,103,103,108,108,135,141,97,103,129,129,191,195,232,238,,,,,,,,,,,,,,,,,,,,,,,,,,,,,,,,,,,,,,,,,,,,,,,,,,,,,,,,,,,//,//,,,167,167,228,228,128,130,Y,X,102,102,97,103,,,,,,,,,,,,,,,,,,,,,,,,,,,,,,,,,,
M. Grant Thesis,EINP,-,Fecal,EINP_W58,-,78,89,91,136,138,179,187,//,//,103,103,104,108,141,147,//,//,129,129,191,191,232,238,,,,,,,,,,,,,,,,,,,,,,,,,,,,,,,,,,,,,,,,,,,,,,,,,,,,,,,,,,,//,//,,,167,167,//,//,130,132,Y,X,102,104,95,103,,,,,,,,,,,,,,,,,,,,,,,,,,,,,,,,,,
M. Grant Thesis,EINP,-,Fecal,EINP_W62,-,94,91,93,136,138,179,181,253,253,103,103,108,108,135,141,91,103,129,141,191,191,238,252,,,,,,,,,,,,,,,,,,,,,,,,,,,,,,,,,,,,,,,,,,,,,,,,,,,,,,,,,,,//,//,,,161,167,228,238,128,130,Y,X,98,102,101,101,,,,,,,,,,,,,,,,,,,,,,,,,,,,,,,,,,
M. Grant Thesis,EINP,-,Fecal,EINP_W64,-,94,89,91,134,138,179,179,253,271,103,103,104,108,145,147,97,103,129,141,189,195,232,238,,,,,,,,,,,,,,,,,,,,,,,,,,,,,,,,,,,,,,,,,,,,,,,,,,,,,,,,,,,//,//,,,167,167,228,238,130,132,X,X,104,104,101,103,,,,,,,,,,,,,,,,,,,,,,,,,,,,,,,,,,
M. Grant Thesis,EINP,-,Fecal,EINP_W65,-,94,89,89,136,138,179,187,253,253,103,103,104,104,141,147,93,103,129,129,191,195,252,252,,,,,,,,,,,,,,,,,,,,,,,,,,,,,,,,,,,,,,,,,,,,,,,,,,,,,,,,,,,//,//,,,167,167,228,238,130,130,Y,X,102,104,95,101,,,,,,,,,,,,,,,,,,,,,,,,,,,,,,,,,,
M. Grant Thesis,EINP,-,Fecal,EINP_W66,-,94,91,91,136,136,181,187,253,253,103,103,104,108,145,145,93,103,129,149,189,191,232,238,,,,,,,,,,,,,,,,,,,,,,,,,,,,,,,,,,,,,,,,,,,,,,,,,,,,,,,,,,,//,//,,,167,167,228,238,130,130,X,X,102,102,95,103,,,,,,,,,,,,,,,,,,,,,,,,,,,,,,,,,,
M. Grant Thesis,EINP,-,Fecal,EINP_W67,-,89,89,91,134,136,181,187,253,253,103,103,104,108,135,145,//,//,129,149,189,189,232,252,,,,,,,,,,,,,,,,,,,,,,,,,,,,,,,,,,,,,,,,,,,,,,,,,,,,,,,,,,,//,//,,,167,167,228,228,130,130,X,X,102,102,101,103,,,,,,,,,,,,,,,,,,,,,,,,,,,,,,,,,,
M. Grant Thesis,EINP,-,Fecal,EINP_W68,-,72,91,91,134,136,187,187,//,//,103,103,100,104,141,141,//,//,129,149,//,//,//,//,,,,,,,,,,,,,,,,,,,,,,,,,,,,,,,,,,,,,,,,,,,,,,,,,,,,,,,,,,,//,//,,,167,167,228,236,130,130,X,X,102,104,95,101,,,,,,,,,,,,,,,,,,,,,,,,,,,,,,,,,,
M. Grant Thesis,EINP,-,Fecal,EINP_W69,-,100,89,91,136,136,187,187,241,253,103,103,104,108,135,141,93,97,149,149,191,191,232,252,,,,,,,,,,,,,,,,,,,,,,,,,,,,,,,,,,,,,,,,,,,,,,,,,,,,,,,,,,,89,89,,,167,167,228,236,130,132,X,X,102,104,95,101,,,,,,,,,,,,,,,,,,,,,,,,,,,,,,,,,,
M. Grant Thesis,EINP,-,Fecal,EINP_W70,-,89,91,91,136,138,187,187,253,253,103,103,108,108,141,145,89,93,129,129,189,189,232,232,,,,,,,,,,,,,,,,,,,,,,,,,,,,,,,,,,,,,,,,,,,,,,,,,,,,,,,,,,,89,89,,,167,167,228,228,130,132,//,//,98,102,//,//,,,,,,,,,,,,,,,,,,,,,,,,,,,,,,,,,,
M. Grant Thesis,EINP,-,Fecal,EINP_W71,-,94,89,91,136,136,179,187,253,253,103,103,104,108,141,145,93,97,129,129,191,191,232,238,,,,,,,,,,,,,,,,,,,,,,,,,,,,,,,,,,,,,,,,,,,,,,,,,,,,,,,,,,,//,//,,,167,167,228,236,130,130,X,X,102,104,95,101,,,,,,,,,,,,,,,,,,,,,,,,,,,,,,,,,,
M. Grant Thesis,EINP,-,Fecal,EINP_W73,-,94,89,91,136,136,179,187,253,253,103,103,104,108,141,147,85,103,129,129,191,191,238,238,,,,,,,,,,,,,,,,,,,,,,,,,,,,,,,,,,,,,,,,,,,,,,,,,,,,,,,,,,,//,//,,,167,167,228,238,130,130,X,X,96,98,99,101,,,,,,,,,,,,,,,,,,,,,,,,,,,,,,,,,,
M. Grant Thesis,EINP,-,Fecal,EINP_W76,-,89,91,93,136,136,179,179,241,253,103,103,104,108,141,145,93,103,//,//,//,//,232,238,,,,,,,,,,,,,,,,,,,,,,,,,,,,,,,,,,,,,,,,,,,,,,,,,,,,,,,,,,,89,89,,,161,167,228,228,132,134,X,X,104,104,95,101,,,,,,,,,,,,,,,,,,,,,,,,,,,,,,,,,,
M. Grant Thesis,EINP,-,Fecal,EINP_W79,-,78,91,91,136,136,181,187,253,271,//,//,108,108,141,145,97,103,129,143,189,191,232,232,,,,,,,,,,,,,,,,,,,,,,,,,,,,,,,,,,,,,,,,,,,,,,,,,,,,,,,,,,,//,//,,,//,//,//,//,130,130,X,X,102,102,101,101,,,,,,,,,,,,,,,,,,,,,,,,,,,,,,,,,,
M. Grant Thesis,EINP,-,Fecal,EINP_W80,-,94,89,91,136,136,181,187,253,269,103,104,108,108,141,145,93,97,129,149,189,191,232,232,,,,,,,,,,,,,,,,,,,,,,,,,,,,,,,,,,,,,,,,,,,,,,,,,,,,,,,,,,,89,89,,,167,167,228,236,//,//,Y,X,102,102,95,95,,,,,,,,,,,,,,,,,,,,,,,,,,,,,,,,,,
M. Grant Thesis,EINP,-,Fecal,EINP_W81,-,83,91,91,138,138,//,//,253,253,103,103,104,104,//,//,93,93,129,129,191,191,//,//,,,,,,,,,,,,,,,,,,,,,,,,,,,,,,,,,,,,,,,,,,,,,,,,,,,,,,,,,,,89,89,,,167,167,236,238,132,132,X,X,98,98,101,101,,,,,,,,,,,,,,,,,,,,,,,,,,,,,,,,,,
M. Grant Thesis,EINP,-,Fecal,EINP_W83,-,94,89,89,136,136,179,187,253,253,103,103,104,108,141,145,93,97,129,143,189,191,238,238,,,,,,,,,,,,,,,,,,,,,,,,,,,,,,,,,,,,,,,,,,,,,,,,,,,,,,,,,,,//,//,,,167,167,228,228,130,130,X,X,96,102,101,101,,,,,,,,,,,,,,,,,,,,,,,,,,,,,,,,,,
M. Grant Thesis,EINP,-,Fecal,EINP_W87,-,72,//,//,136,136,187,187,253,253,104,104,104,108,145,145,93,93,129,149,189,191,//,//,,,,,,,,,,,,,,,,,,,,,,,,,,,,,,,,,,,,,,,,,,,,,,,,,,,,,,,,,,,//,//,,,//,//,//,//,130,130,X,X,102,104,95,103,,,,,,,,,,,,,,,,,,,,,,,,,,,,,,,,,,
M. Grant Thesis,EINP,-,Fecal,EINP_W89,-,94,89,89,136,136,181,187,253,253,103,103,108,108,141,141,93,103,129,143,191,195,238,252,,,,,,,,,,,,,,,,,,,,,,,,,,,,,,,,,,,,,,,,,,,,,,,,,,,,,,,,,,,//,//,,,167,167,228,238,128,132,Y,X,102,102,99,99,,,,,,,,,,,,,,,,,,,,,,,,,,,,,,,,,,
M. Grant Thesis,EINP,-,Fecal,EINP_W91,-,89,91,89,89,136,138,179,//,//,103,103,108,108,135,135,//,//,129,129,189,191,232,252,,,,,,,,,,,,,,,,,,,,,,,,,,,,,,,,,,,,,,,,,,,,,,,,,,,,,,,,,,,89,89,,,167,167,228,228,128,132,X,X,102,104,101,101,,,,,,,,,,,,,,,,,,,,,,,,,,,,,,,,,,
M. Grant Thesis,EINP,-,Fecal,EINP_W93,-,89,89,91,134,136,179,187,253,265,103,104,100,100,141,141,93,105,129,149,189,191,232,232,,,,,,,,,,,,,,,,,,,,,,,,,,,,,,,,,,,,,,,,,,,,,,,,,,,,,,,,,,,87,91,,,//,//,//,//,132,132,Y,X,90,90,101,101,,,,,,,,,,,,,,,,,,,,,,,,,,,,,,,,,,
M. Grant Thesis,EINP,-,Fecal,EINP_W94,-,83,89,89,136,136,179,179,253,253,103,103,108,108,141,145,103,103,127,129,189,191,232,238,,,,,,,,,,,,,,,,,,,,,,,,,,,,,,,,,,,,,,,,,,,,,,,,,,,,,,,,,,,//,//,,,167,167,//,//,132,132,Y,X,96,96,//,//,,,,,,,,,,,,,,,,,,,,,,,,,,,,,,,,,,
M. Grant Thesis,EINP,-,Fecal,EINPW136,-,94,89,91,136,136,187,187,267,269,103,103,108,108,141,141,93,97,129,129,//,//,238,238,,,,,,,,,,,,,,,,,,,,,,,,,,,,,,,,,,,,,,,,,,,,,,,,,,,,,,,,,,,87,89,,,167,167,228,238,130,130,Y,X,96,104,95,103,,,,,,,,,,,,,,,,,,,,,,,,,,,,,,,,,,
M. Grant Thesis,EINP,-,Fecal,EINPW137,-,100,89,91,134,138,181,187,253,253,103,103,104,104,141,141,93,93,129,149,189,189,254,254,,,,,,,,,,,,,,,,,,,,,,,,,,,,,,,,,,,,,,,,,,,,,,,,,,,,,,,,,,,89,89,,,165,165,228,228,130,130,Y,X,102,104,101,101,,,,,,,,,,,,,,,,,,,,,,,,,,,,,,,,,,
M. Grant Thesis,EINP,-,Fecal,EINPW138,-,100,89,91,136,138,179,179,253,253,103,103,104,104,141,141,93,93,129,141,191,191,232,252,,,,,,,,,,,,,,,,,,,,,,,,,,,,,,,,,,,,,,,,,,,,,,,,,,,,,,,,,,,89,89,,,167,167,228,236,132,132,Y,X,96,102,95,101,,,,,,,,,,,,,,,,,,,,,,,,,,,,,,,,,,
M. Grant Thesis,EINP,-,Fecal,EINPW141,-,83,91,91,134,134,187,187,253,253,101,103,104,104,141,145,97,97,129,129,191,191,//,//,,,,,,,,,,,,,,,,,,,,,,,,,,,,,,,,,,,,,,,,,,,,,,,,,,,,,,,,,,,89,89,,,167,167,236,238,125,130,//,//,102,102,//,//,,,,,,,,,,,,,,,,,,,,,,,,,,,,,,,,,,
M. Grant Thesis,EINP,-,Fecal,EINPW142,-,94,91,91,136,136,187,187,253,271,103,103,100,104,141,145,85,93,129,141,191,191,232,241,,,,,,,,,,,,,,,,,,,,,,,,,,,,,,,,,,,,,,,,,,,,,,,,,,,,,,,,,,,89,89,,,165,167,228,228,128,130,X,X,92,102,//,//,,,,,,,,,,,,,,,,,,,,,,,,,,,,,,,,,,
M. Grant Thesis,EINP,-,Fecal,EINPW143,-,83,//,//,134,138,179,179,//,//,103,103,104,108,145,145,97,97,129,141,//,//,238,238,,,,,,,,,,,,,,,,,,,,,,,,,,,,,,,,,,,,,,,,,,,,,,,,,,,,,,,,,,,89,89,,,167,167,228,228,130,132,X,X,104,104,101,101,,,,,,,,,,,,,,,,,,,,,,,,,,,,,,,,,,
M. Grant Thesis,EINP,-,Fecal,EINPW145,-,100,89,89,136,138,187,187,253,253,103,103,104,104,141,141,85,97,129,149,189,189,238,254,,,,,,,,,,,,,,,,,,,,,,,,,,,,,,,,,,,,,,,,,,,,,,,,,,,,,,,,,,,85,89,,,167,167,228,228,130,130,Y,X,98,104,95,99,,,,,,,,,,,,,,,,,,,,,,,,,,,,,,,,,,
M. Grant Thesis,EINP,-,Fecal,EINPW146,-,83,//,//,136,138,179,187,253,253,103,103,104,108,135,141,93,93,129,129,189,191,238,238,,,,,,,,,,,,,,,,,,,,,,,,,,,,,,,,,,,,,,,,,,,,,,,,,,,,,,,,,,,87,89,,,//,//,//,//,132,132,X,X,92,96,95,103,,,,,,,,,,,,,,,,,,,,,,,,,,,,,,,,,,
M. Grant Thesis,EINP,-,Fecal,PB104,-,100,91,91,134,140,175,187,241,253,103,103,104,104,135,135,97,101,143,149,191,195,238,238,,,,,,,,,,,,,,,,,,,,,,,,,,,,,,,,,,,,,,,,,,,,,,,,,,,,,,,,,,,87,87,,,165,165,236,236,130,134,Y,X,98,98,95,101,,,,,,,,,,,,,,,,,,,,,,,,,,,,,,,,,,
M. Grant Thesis,EINP,-,Fecal,PB106,-,94,91,91,136,136,181,187,249,269,//,//,104,104,135,135,93,105,143,143,191,195,238,238,,,,,,,,,,,,,,,,,,,,,,,,,,,,,,,,,,,,,,,,,,,,,,,,,,,,,,,,,,,89,89,,,167,167,228,240,130,130,X,X,92,98,95,101,,,,,,,,,,,,,,,,,,,,,,,,,,,,,,,,,,
M. Grant Thesis,EINP,-,Fecal,PB107,-,83,91,91,136,136,187,187,249,249,//,//,104,104,135,135,93,105,149,149,189,195,238,238,,,,,,,,,,,,,,,,,,,,,,,,,,,,,,,,,,,,,,,,,,,,,,,,,,,,,,,,,,,87,89,,,167,167,//,//,130,130,//,//,92,92,101,101,,,,,,,,,,,,,,,,,,,,,,,,,,,,,,,,,,
M. Grant Thesis,EINP,-,Fecal,PB111,-,100,89,91,134,140,185,187,241,241,103,105,100,100,135,141,91,91,129,143,191,195,238,238,,,,,,,,,,,,,,,,,,,,,,,,,,,,,,,,,,,,,,,,,,,,,,,,,,,,,,,,,,,89,89,,,161,161,228,240,130,130,Y,X,92,104,95,101,,,,,,,,,,,,,,,,,,,,,,,,,,,,,,,,,,
M. Grant Thesis,EINP,-,Fecal,PB112,-,94,91,91,134,136,179,185,241,271,103,103,104,104,135,147,91,97,143,149,189,189,238,238,,,,,,,,,,,,,,,,,,,,,,,,,,,,,,,,,,,,,,,,,,,,,,,,,,,,,,,,,,,87,89,,,161,167,236,240,130,130,//,//,98,104,95,95,,,,,,,,,,,,,,,,,,,,,,,,,,,,,,,,,,
M. Grant Thesis,EINP,-,Fecal,PB116,-,72,//,//,136,136,185,187,245,245,103,103,//,//,135,137,//,//,//,//,191,195,238,238,,,,,,,,,,,,,,,,,,,,,,,,,,,,,,,,,,,,,,,,,,,,,,,,,,,,,,,,,,,87,87,,,161,161,//,//,130,130,X,X,96,98,95,95,,,,,,,,,,,,,,,,,,,,,,,,,,,,,,,,,,
M. Grant Thesis,EINP,-,Fecal,PB121,-,100,89,91,136,140,175,185,241,269,103,104,106,106,137,137,99,105,127,149,191,191,238,238,,,,,,,,,,,,,,,,,,,,,,,,,,,,,,,,,,,,,,,,,,,,,,,,,,,,,,,,,,,87,87,,,165,165,228,240,130,130,Y,X,98,104,101,103,,,,,,,,,,,,,,,,,,,,,,,,,,,,,,,,,,
M. Grant Thesis,EINP,-,Fecal,PB123,-,100,89,89,138,140,185,187,241,253,103,103,102,106,135,135,89,93,129,149,191,191,232,232,,,,,,,,,,,,,,,,,,,,,,,,,,,,,,,,,,,,,,,,,,,,,,,,,,,,,,,,,,,85,87,,,161,161,236,236,130,130,X,X,92,92,99,99,,,,,,,,,,,,,,,,,,,,,,,,,,,,,,,,,,
M. Grant Thesis,EINP,-,Fecal,PB125,-,100,91,91,136,140,175,179,241,241,103,103,100,100,135,141,89,101,129,129,189,191,238,238,,,,,,,,,,,,,,,,,,,,,,,,,,,,,,,,,,,,,,,,,,,,,,,,,,,,,,,,,,,85,87,,,165,165,240,240,130,130,Y,X,98,98,95,103,,,,,,,,,,,,,,,,,,,,,,,,,,,,,,,,,,
M. Grant Thesis,EINP,-,Fecal,PB126,-,89,91,91,136,140,175,179,241,241,103,103,//,//,132,141,89,101,129,129,189,191,//,//,,,,,,,,,,,,,,,,,,,,,,,,,,,,,,,,,,,,,,,,,,,,,,,,,,,,,,,,,,,87,87,,,167,167,240,240,130,130,Y,X,98,98,103,103,,,,,,,,,,,,,,,,,,,,,,,,,,,,,,,,,,
M. Grant Thesis,EINP,-,Fecal,PB130,-,100,89,91,134,136,185,187,241,241,103,105,104,104,135,141,89,97,129,149,195,195,238,238,,,,,,,,,,,,,,,,,,,,,,,,,,,,,,,,,,,,,,,,,,,,,,,,,,,,,,,,,,,87,89,,,161,167,240,240,130,130,X,X,92,98,95,99,,,,,,,,,,,,,,,,,,,,,,,,,,,,,,,,,,
M. Grant Thesis,EINP,-,Fecal,PB132,-,100,89,91,136,140,175,175,241,241,103,105,102,102,135,141,89,93,143,149,189,189,238,238,,,,,,,,,,,,,,,,,,,,,,,,,,,,,,,,,,,,,,,,,,,,,,,,,,,,,,,,,,,87,87,,,161,167,228,240,118,134,Y,X,92,104,99,101,,,,,,,,,,,,,,,,,,,,,,,,,,,,,,,,,,
M. Grant Thesis,EINP,-,Fecal,PB133,-,100,89,91,136,138,185,185,241,241,103,103,104,104,135,147,89,97,127,129,189,195,238,238,,,,,,,,,,,,,,,,,,,,,,,,,,,,,,,,,,,,,,,,,,,,,,,,,,,,,,,,,,,87,87,,,161,161,240,240,134,134,X,X,96,104,95,95,,,,,,,,,,,,,,,,,,,,,,,,,,,,,,,,,,
M. Grant Thesis,EINP,-,Fecal,PB135,-,100,89,91,134,136,181,187,241,241,103,104,102,102,135,141,93,93,127,149,195,195,232,238,,,,,,,,,,,,,,,,,,,,,,,,,,,,,,,,,,,,,,,,,,,,,,,,,,,,,,,,,,,85,89,,,165,167,236,236,130,130,Y,X,96,98,95,99,,,,,,,,,,,,,,,,,,,,,,,,,,,,,,,,,,
M. Grant Thesis,EINP,-,Fecal,WB101,-,100,89,89,136,136,187,187,253,253,103,103,104,108,141,141,97,103,129,149,191,191,238,252,,,,,,,,,,,,,,,,,,,,,,,,,,,,,,,,,,,,,,,,,,,,,,,,,,,,,,,,,,,89,89,,,167,167,228,238,130,132,X,X,92,102,95,103,,,,,,,,,,,,,,,,,,,,,,,,,,,,,,,,,,
M. Grant Thesis,EINP,-,Fecal,WB106,-,94,89,93,136,136,179,187,253,253,103,103,104,104,141,145,//,//,129,143,191,191,238,238,,,,,,,,,,,,,,,,,,,,,,,,,,,,,,,,,,,,,,,,,,,,,,,,,,,,,,,,,,,89,89,,,161,167,228,238,130,134,Y,X,92,102,95,101,,,,,,,,,,,,,,,,,,,,,,,,,,,,,,,,,,
M. Grant Thesis,EINP,-,Fecal,WB107,-,100,89,91,136,136,181,181,253,253,103,103,108,108,141,141,85,93,129,129,191,195,232,238,,,,,,,,,,,,,,,,,,,,,,,,,,,,,,,,,,,,,,,,,,,,,,,,,,,,,,,,,,,89,89,,,161,167,228,228,128,130,Y,X,96,102,99,101,,,,,,,,,,,,,,,,,,,,,,,,,,,,,,,,,,
M. Grant Thesis,EINP,-,Fecal,WB113,-,100,89,91,136,136,179,181,253,253,103,103,104,108,135,141,93,103,129,129,191,191,238,238,,,,,,,,,,,,,,,,,,,,,,,,,,,,,,,,,,,,,,,,,,,,,,,,,,,,,,,,,,,89,89,,,167,167,238,238,130,132,X,X,98,102,95,101,,,,,,,,,,,,,,,,,,,,,,,,,,,,,,,,,,
M. Grant Thesis,EINP,-,Fecal,WB115,-,100,89,91,136,136,187,187,253,253,103,103,106,108,135,141,93,103,129,149,191,191,232,238,,,,,,,,,,,,,,,,,,,,,,,,,,,,,,,,,,,,,,,,,,,,,,,,,,,,,,,,,,,89,89,,,167,167,228,238,128,132,X,X,102,104,101,101,,,,,,,,,,,,,,,,,,,,,,,,,,,,,,,,,,
M. Grant Thesis,EINP,-,Fecal,WB116,-,89,89,91,136,136,//,//,241,241,103,103,100,104,145,145,93,93,129,129,191,191,232,238,,,,,,,,,,,,,,,,,,,,,,,,,,,,,,,,,,,,,,,,,,,,,,,,,,,,,,,,,,,87,89,,,167,167,//,//,114,130,X,X,98,102,101,103,,,,,,,,,,,,,,,,,,,,,,,,,,,,,,,,,,
M. Grant Thesis,EINP,-,Fecal,WB117,-,100,89,91,136,136,179,179,241,253,103,103,104,104,141,141,93,103,141,143,191,195,232,232,,,,,,,,,,,,,,,,,,,,,,,,,,,,,,,,,,,,,,,,,,,,,,,,,,,,,,,,,,,89,89,,,161,167,228,238,128,132,X,X,92,104,95,103,,,,,,,,,,,,,,,,,,,,,,,,,,,,,,,,,,
M. Grant Thesis,EINP,-,Fecal,WB122,-,100,89,91,134,136,181,187,253,253,103,103,108,108,135,135,93,97,129,129,189,191,238,238,,,,,,,,,,,,,,,,,,,,,,,,,,,,,,,,,,,,,,,,,,,,,,,,,,,,,,,,,,,89,89,,,167,167,238,238,114,130,X,X,96,102,95,103,,,,,,,,,,,,,,,,,,,,,,,,,,,,,,,,,,
M. Grant Thesis,EINP,-,Fecal,WB123,-,83,91,91,138,140,187,187,253,253,//,//,104,104,135,141,85,93,129,129,195,195,252,252,,,,,,,,,,,,,,,,,,,,,,,,,,,,,,,,,,,,,,,,,,,,,,,,,,,,,,,,,,,//,//,,,167,167,236,236,128,130,Y,X,102,104,//,//,,,,,,,,,,,,,,,,,,,,,,,,,,,,,,,,,,
M. Grant Thesis,EINP,-,Fecal,WB125,-,89,//,//,136,136,181,187,253,253,103,103,//,//,141,141,93,97,129,143,189,195,232,238,,,,,,,,,,,,,,,,,,,,,,,,,,,,,,,,,,,,,,,,,,,,,,,,,,,,,,,,,,,89,89,,,167,167,228,236,130,130,Y,X,98,98,95,101,,,,,,,,,,,,,,,,,,,,,,,,,,,,,,,,,,
M. Grant Thesis,EINP,-,Fecal,WB127,-,100,91,93,136,136,181,191,253,253,103,103,100,104,135,141,103,103,129,141,189,191,238,252,,,,,,,,,,,,,,,,,,,,,,,,,,,,,,,,,,,,,,,,,,,,,,,,,,,,,,,,,,,89,89,,,165,167,228,238,130,130,X,X,98,102,95,95,,,,,,,,,,,,,,,,,,,,,,,,,,,,,,,,,,
M. Grant Thesis,EINP,-,Fecal,WB128,-,100,89,91,136,136,187,187,253,253,103,103,104,108,135,141,93,97,129,149,191,191,232,238,,,,,,,,,,,,,,,,,,,,,,,,,,,,,,,,,,,,,,,,,,,,,,,,,,,,,,,,,,,87,89,,,167,167,228,228,128,132,X,X,92,92,95,103,,,,,,,,,,,,,,,,,,,,,,,,,,,,,,,,,,
M. Grant Thesis,EINP,-,Fecal,WB130,-,94,89,91,136,136,181,187,249,253,103,103,104,104,141,141,93,93,129,129,189,191,238,238,,,,,,,,,,,,,,,,,,,,,,,,,,,,,,,,,,,,,,,,,,,,,,,,,,,,,,,,,,,89,89,,,167,167,//,//,128,128,Y,X,102,102,101,101,,,,,,,,,,,,,,,,,,,,,,,,,,,,,,,,,,
M. Grant Thesis,EINP,-,Fecal,WB134,-,83,89,91,134,138,179,179,253,253,103,104,108,108,145,147,105,105,129,141,//,//,232,232,,,,,,,,,,,,,,,,,,,,,,,,,,,,,,,,,,,,,,,,,,,,,,,,,,,,,,,,,,,89,89,,,167,167,//,//,130,132,//,//,104,104,101,103,,,,,,,,,,,,,,,,,,,,,,,,,,,,,,,,,,
M. Grant Thesis,EINP,-,Fecal,WB135,-,100,89,91,136,136,179,187,253,269,103,103,108,108,135,141,93,97,129,129,189,191,238,238,,,,,,,,,,,,,,,,,,,,,,,,,,,,,,,,,,,,,,,,,,,,,,,,,,,,,,,,,,,87,89,,,167,167,228,238,130,130,Y,X,96,104,95,103,,,,,,,,,,,,,,,,,,,,,,,,,,,,,,,,,,
2023,Etthithun,Wood Bison,Biopsy,2,-,100,89,89,134,136,187,187,241,241,103,103,104,104,141,145,93,103,129,141,189,191,232,238,87,89,147,158,108,113,172,174,227,229,143,143,158,158,90,102,140,142,190,190,250,252,167,177,152,154,144,154,81,81,124,124,183,183,138,142,260,262,146,150,129,129,155,155,92,92,148,150,180,180,110,112,176,176,89,95,161,165,89,89,116,118,167,167,228,228,114,130,X,X,104,104,103,103,177,181,205,207,142,166,153,153,,,,,,,,,,,,,,,,,,,,,,,,,,
2023,Etthithun,Wood Bison,Biopsy,3,-,100,89,93,136,136,187,187,253,253,103,103,100,104,135,147,103,103,129,149,191,191,232,238,89,91,158,158,108,115,174,174,229,233,143,143,160,160,90,90,140,140,190,190,250,252,177,177,146,166,154,154,81,81,132,132,175,183,138,142,260,262,150,150,123,129,155,155,91,91,146,150,180,184,106,112,172,176,85,89,161,161,89,89,116,116,161,167,228,238,128,132,X,X,92,102,101,103,181,181,205,215,144,158,151,153,,,,,,,,,,,,,,,,,,,,,,,,,,
2023,Etthithun,Wood Bison,Biopsy,9,-,100,91,93,134,136,187,187,253,253,103,103,108,108,141,145,93,103,143,149,189,191,238,252,89,91,158,162,115,115,174,174,233,233,143,143,158,160,88,88,140,142,190,194,252,252,173,175,152,152,154,160,81,83,124,124,179,183,142,142,262,262,146,150,129,129,155,159,91,92,150,150,180,194,112,112,166,170,83,85,161,161,87,89,118,118,167,167,228,238,130,130,X,X,92,104,101,101,177,181,211,215,158,166,153,153,,,,,,,,,,,,,,,,,,,,,,,,,,
2023,Etthithun,Wood Bison,Biopsy,12,-,100,89,91,136,136,187,187,241,253,103,103,108,108,135,141,93,103,129,143,191,195,232,252,87,89,158,160,115,115,172,174,227,233,143,143,156,158,90,90,140,142,194,194,252,252,177,177,152,152,144,154,81,83,124,132,175,183,138,142,260,262,146,146,123,129,155,155,91,92,150,150,184,184,110,112,170,176,89,89,161,165,89,89,116,116,161,167,228,228,130,132,X,X,102,102,95,101,177,181,205,205,142,142,151,151,,,,,,,,,,,,,,,,,,,,,,,,,,
2023,Etthithun,Wood Bison,Biopsy,22,-,100,89,91,136,136,179,181,241,271,103,103,108,108,135,145,89,97,129,141,189,191,238,252,87,89,158,162,113,113,172,174,227,229,143,143,158,158,90,90,140,142,188,194,252,252,177,177,152,166,152,154,83,83,124,124,165,183,138,142,260,260,148,150,129,129,155,155,91,95,150,150,180,196,112,112,170,172,89,89,161,169,89,89,116,118,167,167,228,228,132,132,X,X,98,104,95,99,177,181,201,207,158,156,149,151,,,,,,,,,,,,,,,,,,,,,,,,,,
2023,Etthithun,Wood Bison,Biopsy,23,-,100,91,93,136,136,187,187,253,253,103,103,108,108,141,145,93,103,129,143,191,191,232,252,87,87,158,162,113,115,172,174,229,233,143,143,156,158,90,90,127,142,188,194,252,252,177,177,146,152,144,160,81,81,124,124,183,183,142,148,262,262,146,150,125,129,155,155,91,91,150,150,180,194,112,112,172,176,83,89,161,169,87,89,114,116,167,167,228,238,130,132,X,X,92,102,95,103,181,181,211,215,144,164,151,151,,,,,,,,,,,,,,,,,,,,,,,,,,
2023,Etthithun,Wood Bison,Biopsy,24,-,100,91,91,136,136,179,179,253,253,103,103,108,108,135,141,93,103,143,143,189,191,238,238,87,89,147,160,113,113,174,174,227,233,143,143,158,160,90,90,138,142,194,194,252,252,173,177,146,166,144,156,83,83,124,124,175,183,142,142,260,262,146,148,125,129,155,155,91,92,150,150,196,198,110,112,176,176,89,89,165,169,85,89,114,116,167,167,228,238,130,132,X,X,92,102,99,103,177,181,205,207,142,158,151,153,,,,,,,,,,,,,,,,,,,,,,,,,,
2023,Etthithun,Wood Bison,Biopsy,25,-,100,91,91,134,138,179,187,249,253,103,103,108,108,135,147,93,97,129,141,191,191,232,238,89,89,158,160,113,115,172,174,227,227,143,143,158,158,90,90,140,142,188,194,252,252,167,177,146,152,154,160,83,83,124,132,183,183,138,142,262,262,150,150,129,129,155,155,91,94,150,150,180,198,110,112,172,176,83,85,161,169,85,85,116,116,167,167,228,228,130,130,X,X,96,102,101,103,177,191,205,207,158,166,149,149,,,,,,,,,,,,,,,,,,,,,,,,,,
2023,Etthithun,Wood Bison,Biopsy,26,-,100,89,91,136,136,179,187,241,253,103,103,100,104,135,141,89,93,129,149,189,191,232,238,87,87,147,158,115,115,172,174,227,231,143,143,158,158,90,90,127,142,190,194,252,252,167,177,146,152,154,154,83,83,124,132,183,183,138,142,260,262,146,150,129,129,155,155,92,92,150,150,180,180,112,112,166,172,89,89,161,161,85,87,116,118,167,167,228,228,130,130,X,X,102,102,103,103,181,181,205,211,158,166,149,151,,,,,,,,,,,,,,,,,,,,,,,,,,
2023,Etthithun,Wood Bison,Biopsy,27,-,100,89,93,136,136,179,187,241,241,103,103,100,108,135,141,93,93,129,143,189,189,232,238,87,87,147,160,108,115,174,174,225,229,143,143,158,158,90,90,142,142,194,194,246,252,177,177,146,152,152,160,81,83,132,132,175,183,142,142,262,262,146,150,125,129,155,155,91,91,150,150,184,194,112,112,166,176,85,89,159,161,89,89,116,118,167,167,228,238,130,132,X,X,92,102,95,103,177,181,205,205,158,168,151,151,,,,,,,,,,,,,,,,,,,,,,,,,,
2023,Etthithun,Wood Bison,Biopsy,28,-,100,89,91,134,134,179,187,253,271,103,103,104,108,135,141,97,103,129,129,189,191,232,238,87,89,147,158,115,115,172,176,229,233,143,143,156,160,90,90,140,142,188,190,246,252,167,177,152,152,154,156,83,83,124,132,175,183,138,138,260,262,150,150,125,125,155,155,91,91,146,150,180,180,110,110,172,172,85,89,173,173,85,89,116,116,167,167,228,228,128,128,X,X,98,102,101,101,177,181,207,211,144,158,145,145,,,,,,,,,,,,,,,,,,,,,,,,,,
2023,Etthithun,Wood Bison,Biopsy,29,-,100,91,91,136,138,179,187,241,269,103,103,108,108,135,135,89,89,141,143,189,191,232,238,87,89,158,162,113,115,172,174,231,231,143,143,156,158,90,90,140,140,190,190,246,252,173,177,152,166,154,154,77,83,124,124,179,183,138,142,260,262,148,150,125,125,155,159,91,91,150,150,180,196,112,112,170,170,89,89,161,165,89,89,116,118,161,167,228,228,128,130,X,X,98,104,101,101,181,191,205,211,142,166,145,151,,,,,,,,,,,,,,,,,,,,,,,,,,
2023,Etthithun,Wood Bison,Fecal swab,11 GP1,-,100,91,93,134,136,187,187,241,241,103,103,104,104,135,141,97,103,141,143,191,195,238,238,87,87,147,160,108,115,174,174,227,227,143,143,158,158,90,90,140,142,190,190,252,252,173,177,152,166,154,160,81,81,124,124,175,175,142,142,262,262,150,150,123,129,155,155,91,92,150,150,180,184,112,112,176,176,85,85,161,165,89,89,116,118,161,167,228,228,130,132,X,X,92,98,95,101,177,181,205,205,142,168,145,151,,,,,,,,,,,,,,,,,,,,,,,,,,
2023,Etthithun,Wood Bison,Fecal swab,12 GP1,-,96,89,91,136,140,179,179,253,253,103,103,104,108,135,141,93,97,129,141,189,191,238,238,87,89,158,158,108,115,174,176,229,229,143,143,156,156,90,90,140,142,194,194,252,252,167,177,146,152,144,154,81,83,124,132,183,183,142,148,262,262,146,150,125,125,155,159,91,91,150,150,180,180,106,110,172,176,85,89,161,161,89,89,//,//,167,167,228,228,130,130,X,X,102,104,//,//,181,191,205,211,142,166,145,151,,,,,,,,,,,,,,,,,,,,,,,,,,
2023,Etthithun,Wood Bison,Fecal swab,15 GP1,-,98,89,93,136,138,187,187,253,253,103,103,108,108,135,147,89,103,129,141,191,191,232,252,87,89,158,158,115,115,174,174,227,229,143,143,156,156,90,90,138,142,190,194,246,252,175,177,152,152,144,154,83,83,124,124,179,183,142,142,260,260,140,150,125,129,155,155,92,92,150,150,180,184,112,112,170,176,85,89,161,165,89,89,//,//,167,167,228,238,130,130,X,X,102,104,95,103,177,177,205,207,142,142,149,153,,,,,,,,,,,,,,,,,,,,,,,,,,
2023,Etthithun,Wood Bison,Fecal swab,18 GP2,-,100,89,93,134,138,187,187,253,269,103,103,104,104,135,141,97,103,129,129,191,195,238,238,87,89,158,158,113,115,172,172,227,231,143,143,156,158,90,102,142,146,194,194,252,252,173,177,152,152,154,154,77,77,132,132,165,183,142,148,262,262,150,150,125,129,159,159,91,94,146,150,180,180,106,112,170,172,89,89,161,161,87,89,116,118,167,167,228,238,130,132,X,X,92,102,95,101,181,181,201,205,166,168,153,153,,,,,,,,,,,,,,,,,,,,,,,,,,
2023,Etthithun,Wood Bison,Fecal swab,2 GP1,-,100,91,91,136,138,187,187,253,253,103,103,108,108,135,141,93,97,129,143,191,191,232,238,89,91,162,162,113,115,174,174,227,229,143,143,160,160,90,90,138,142,190,194,252,252,167,177,146,152,154,160,81,83,124,132,179,183,138,142,260,262,150,150,125,129,155,159,92,92,150,150,180,180,110,112,166,176,83,95,161,169,85,89,116,118,167,167,228,238,130,132,Y,X,96,102,101,103,177,181,207,215,144,158,151,153,,,,,,,,,,,,,,,,,,,,,,,,,,
2023,Etthithun,Wood Bison,Fecal swab,20 GP2,-,98,89,93,136,138,179,187,253,253,103,103,104,104,135,147,89,93,129,141,189,191,232,238,87,91,147,158,113,115,172,174,227,229,141,143,158,158,90,90,127,140,188,194,246,252,167,173,//,//,154,160,77,81,124,126,165,175,142,148,260,262,150,150,125,129,155,155,91,92,150,150,184,198,112,112,166,170,89,89,161,173,89,91,116,116,167,167,228,238,128,130,Y,X,102,102,99,101,181,181,205,207,142,166,149,151,,,,,,,,,,,,,,,,,,,,,,,,,,
2023,Etthithun,Wood Bison,Fecal swab,21 GP2,-,100,89,89,136,138,187,187,253,253,103,103,104,104,135,147,93,103,129,143,189,191,238,238,87,89,147,158,115,115,174,174,227,229,143,143,156,158,90,90,140,142,194,194,246,252,177,177,152,152,144,152,81,83,124,132,175,183,138,142,262,262,150,150,125,129,155,159,91,94,150,150,180,198,106,112,166,172,89,89,161,165,87,87,118,118,167,167,228,238,130,132,X,X,102,104,99,101,181,181,205,211,142,168,151,153,,,,,,,,,,,,,,,,,,,,,,,,,,
2023,Etthithun,Wood Bison,Fecal swab,22 GP2,-,100,89,93,134,134,179,187,249,253,103,103,104,104,135,141,97,103,129,143,191,191,238,252,87,91,158,158,115,115,174,174,229,231,143,143,156,160,90,102,127,140,194,194,252,252,173,177,146,146,160,160,77,81,124,132,175,175,138,148,262,262,146,150,125,129,155,155,91,91,150,150,180,180,110,112,172,176,85,89,161,161,89,91,116,116,167,167,228,238,128,132,X,X,102,102,99,101,177,181,207,211,158,158,145,153,,,,,,,,,,,,,,,,,,,,,,,,,,
2023,Etthithun,Wood Bison,Fecal swab,26 GP2,-,100,89,89,134,136,179,187,253,253,103,103,104,104,141,147,91,103,143,149,191,195,232,232,87,87,147,147,108,115,174,174,227,229,143,143,156,158,90,90,142,146,190,194,252,252,177,177,152,152,154,156,81,83,124,132,175,175,142,148,260,262,140,150,123,125,155,155,91,91,150,150,180,180,112,112,166,172,89,89,165,169,89,89,116,116,161,167,228,228,130,130,X,X,102,102,101,103,177,181,207,215,166,168,151,153,,,,,,,,,,,,,,,,,,,,,,,,,,
2023,Etthithun,Wood Bison,Fecal (Pre-Swabbed),33GP3,-,100,91,91,136,136,179,187,253,253,103,103,104,108,141,141,93,97,129,143,189,189,238,238,87,89,158,158,108,113,172,174,225,229,143,143,154,154,90,90,140,142,188,194,252,252,167,167,146,152,160,160,81,85,124,124,175,183,142,148,260,262,150,150,125,129,155,159,91,94,150,150,180,196,110,112,170,176,85,89,161,161,83,85,114,118,167,167,228,238,128,132,Y,X,96,102,99,103,181,181,205,207,142,142,151,153,,,,,,,,,,,,,,,,,,,,,,,,,,
2023,Etthithun,Wood Bison,Fecal (Pre-Swabbed),34GP3,-,100,91,91,136,138,179,187,253,253,103,103,104,104,141,141,93,97,129,129,189,191,238,238,87,89,158,162,113,113,172,172,227,233,143,143,156,158,90,90,140,142,188,194,252,252,167,167,146,146,154,158,81,83,124,124,183,183,142,148,260,262,148,150,129,129,155,159,91,91,150,150,180,196,110,112,166,176,89,95,161,165,89,89,114,118,167,167,228,228,130,132,Y,X,98,102,101,103,181,181,205,205,144,158,151,153,,,,,,,,,,,,,,,,,,,,,,,,,,
2023,Etthithun,Wood Bison,Fecal (Pre-Swabbed),35GP3,-,100,91,91,136,140,179,179,253,253,103,103,108,108,135,135,93,103,129,129,189,191,232,238,89,91,160,160,113,113,172,172,227,229,143,143,156,158,90,90,138,142,188,194,252,252,167,177,146,166,144,160,85,85,124,126,179,183,142,148,260,262,150,150,125,129,159,159,91,91,150,150,180,180,110,112,176,176,89,95,173,173,89,93,116,118,167,167,228,238,128,132,X,X,98,102,95,103,177,181,205,205,142,142,151,153,,,,,,,,,,,,,,,,,,,,,,,,,,
2023,Etthithun,Wood Bison,Fecal (Pre-Swabbed),36GP3,-,96,89,91,136,136,181,187,241,253,103,103,104,104,135,141,93,103,129,129,189,191,232,252,//,//,158,162,//,//,174,174,225,227,143,143,156,158,90,90,127,142,190,194,246,252,167,175,146,152,154,160,81,83,124,126,183,183,142,142,262,262,146,148,125,129,155,155,91,92,150,150,184,194,112,112,166,172,89,89,159,161,89,89,116,118,167,167,228,238,130,132,X,X,102,102,101,101,181,191,205,205,164,168,151,153,,,,,,,,,,,,,,,,,,,,,,,,,,
2023,Etthithun,Wood Bison,Fecal (Pre-Swabbed),39GP3,-,100,89,91,136,138,179,181,241,269,103,103,104,108,141,147,93,103,143,143,191,191,232,238,87,87,147,158,108,115,172,172,231,231,143,143,156,160,90,90,140,142,194,194,252,252,167,167,146,152,154,160,81,83,124,132,165,183,138,148,262,262,146,146,123,125,155,157,91,94,150,150,184,198,106,112,166,172,89,89,161,165,89,89,116,118,167,167,228,228,130,132,X,X,92,102,101,103,177,181,201,205,158,166,151,151,,,,,,,,,,,,,,,,,,,,,,,,,,
2023,Etthithun,Wood Bison,Fecal (Pre-Swabbed),43GP3,-,100,91,93,136,136,179,187,241,253,103,103,104,108,135,135,97,97,129,149,191,191,238,238,87,87,158,160,115,115,172,174,227,229,143,143,158,158,90,102,127,138,190,190,252,252,167,177,152,152,144,160,81,83,124,126,175,183,142,142,260,262,150,150,123,125,155,157,92,92,150,150,180,180,112,112,176,176,89,89,161,161,85,89,116,118,167,167,228,238,130,132,X,X,102,104,99,101,181,181,205,207,158,168,151,153,,,,,,,,,,,,,,,,,,,,,,,,,,
2023,Etthithun,Wood Bison,Fecal (Pre-Swabbed),44GP3,-,100,89,91,134,136,179,187,253,269,103,103,104,108,135,141,89,89,129,141,189,191,238,238,87,87,158,162,112,112,172,172,225,229,143,143,158,158,90,90,127,140,190,190,252,252,175,177,152,152,154,160,81,83,124,132,175,183,138,148,260,262,150,150,125,129,155,155,91,92,150,150,180,196,110,112,170,176,83,95,165,165,89,91,116,118,167,167,228,228,114,132,X,X,98,102,101,101,181,181,207,207,142,166,151,153,,,,,,,,,,,,,,,,,,,,,,,,,,
2023,Etthithun,Wood Bison,Fecal (Pre-Swabbed),45GP3,-,100,91,91,134,138,179,187,253,253,103,103,104,104,141,145,103,103,129,149,189,191,238,238,87,87,147,158,113,113,172,174,231,233,143,143,156,158,90,90,127,140,190,194,246,252,167,177,154,166,154,160,81,83,124,124,183,183,138,142,260,262,146,150,125,125,155,155,91,91,148,150,194,198,112,112,170,176,89,89,161,161,85,91,116,116,167,167,228,228,132,132,X,X,92,92,101,101,181,191,205,211,144,166,151,153,,,,,,,,,,,,,,,,,,,,,,,,,,
2023,Etthithun,Wood Bison,Fecal (Pre-Swabbed),47GP3,-,100,91,91,136,136,179,179,253,253,103,103,108,108,135,141,93,97,129,129,191,191,238,238,89,89,158,162,108,115,174,174,227,233,143,143,158,158,90,90,127,140,188,194,252,252,177,177,152,152,154,160,81,81,124,124,179,183,138,142,262,262,140,150,129,129,155,155,94,94,150,150,180,196,112,112,166,176,89,89,165,165,81,85,116,118,167,167,228,228,128,132,Y,X,98,102,103,103,181,181,207,211,142,166,145,151,,,,,,,,,,,,,,,,,,,,,,,,,,
2023,Etthithun,Wood Bison,Fecal (Pre-Swabbed),49GP3,-,100,89,91,134,136,185,187,241,253,103,103,104,108,135,141,97,97,143,143,189,189,238,238,87,87,158,160,113,115,172,174,227,227,143,143,158,158,90,90,140,148,190,190,246,246,175,177,152,152,154,160,81,83,124,132,175,179,138,142,260,262,150,150,125,129,155,155,91,92,150,150,180,184,112,112,172,176,85,85,161,173,89,89,116,118,167,167,228,228,130,132,X,X,102,104,99,103,181,181,207,207,158,166,151,153,,,,,,,,,,,,,,,,,,,,,,,,,,
2023,Etthithun,Wood Bison,Fecal (Pre-Swabbed),4GP1,-,100,91,91,136,138,187,187,253,253,103,103,108,108,141,145,91,97,129,141,189,191,232,252,87,91,158,162,115,115,174,174,227,229,143,143,156,158,90,90,140,140,190,190,252,252,175,177,146,152,154,160,83,83,124,124,175,183,138,142,260,260,150,150,125,129,157,159,91,92,150,150,180,180,112,112,170,176,83,95,161,161,85,89,116,118,167,167,228,228,130,132,X,X,96,104,103,103,177,177,207,207,142,158,153,153,,,,,,,,,,,,,,,,,,,,,,,,,,
2023,Etthithun,Wood Bison,Fecal (Pre-Swabbed),50GP3,-,100,91,91,136,136,179,179,253,253,103,103,108,108,135,141,91,97,129,129,189,191,238,238,89,89,158,162,108,115,174,174,225,227,143,143,158,158,90,90,127,127,188,194,252,252,177,177,152,152,154,160,81,81,124,124,179,183,138,142,262,262,140,150,129,129,155,155,94,94,150,150,180,196,112,112,166,176,89,89,165,165,81,85,116,118,167,167,228,228,128,132,X,X,98,102,103,103,181,181,207,211,142,166,145,151,,,,,,,,,,,,,,,,,,,,,,,,,,
2023,Etthithun,Wood Bison,Fecal (Pre-Swabbed),52GP3,-,100,91,91,136,136,179,187,253,253,103,103,100,108,145,147,97,103,129,143,191,191,232,232,87,87,160,162,113,115,172,172,227,227,141,143,156,160,90,90,127,148,188,194,252,252,167,177,152,154,160,160,77,83,124,132,175,183,148,148,262,262,148,150,125,125,155,155,91,92,150,150,184,196,110,112,166,172,89,89,161,169,89,91,116,116,167,167,228,228,130,132,X,X,92,92,101,101,181,181,205,205,142,166,151,151,,,,,,,,,,,,,,,,,,,,,,,,,,
2023,Etthithun,Wood Bison,Fecal (Pre-Swabbed),53GP3,-,100,91,91,134,138,179,187,253,253,103,103,108,108,135,145,97,103,129,143,189,191,238,238,87,87,158,152,113,115,172,174,229,231,143,143,156,160,90,90,127,142,190,190,252,252,177,177,152,152,154,160,83,83,124,124,175,183,138,142,260,260,140,150,125,125,155,159,91,92,150,150,180,198,112,112,166,172,85,89,161,165,89,89,116,118,167,167,228,228,128,128,Y,X,98,98,103,103,177,177,205,207,158,168,151,151,,,,,,,,,,,,,,,,,,,,,,,,,,
2023,Etthithun,Wood Bison,Fecal (Pre-Swabbed),54GP3,-,100,89,91,136,136,187,187,241,253,103,103,108,108,141,141,91,97,143,149,189,191,238,238,87,87,147,160,113,113,172,174,227,231,143,143,156,158,90,90,140,148,190,194,246,246,173,175,146,152,160,160,81,81,132,132,165,179,138,142,260,262,150,150,125,125,155,155,91,92,150,150,180,198,106,112,172,172,85,85,161,173,89,89,116,118,167,167,228,228,130,132,X,X,102,102,99,103,181,181,205,207,158,166,151,151,,,,,,,,,,,,,,,,,,,,,,,,,,
2023,Etthithun,Wood Bison,Fecal (Pre-Swabbed),55GP3,-,96,91,93,134,136,187,187,241,241,103,103,108,108,135,145,103,103,129,129,189,191,232,238,87,89,147,160,113,115,172,172,227,227,141,143,156,158,90,90,140,140,190,190,246,252,177,177,152,152,154,160,81,81,124,124,175,179,138,138,260,262,140,146,125,129,155,159,92,92,150,150,180,180,112,112,166,176,85,89,161,161,85,89,//,//,167,167,228,228,//,//,X,X,102,104,101,103,181,181,205,207,142,168,151,151,,,,,,,,,,,,,,,,,,,,,,,,,,
2023,Etthithun,Wood Bison,Fecal (Pre-Swabbed),58GP3,-,100,89,91,136,136,181,187,253,271,103,103,108,108,135,141,93,103,129,141,189,191,232,232,89,89,162,162,108,113,172,172,231,231,143,143,158,158,90,90,142,148,188,194,252,252,177,177,152,166,152,160,77,77,124,124,175,183,142,148,260,262,148,148,129,129,155,159,91,94,148,150,180,180,112,112,166,172,89,89,161,161,89,91,116,118,161,167,228,228,132,132,Y,X,98,98,101,101,177,181,211,215,158,158,151,151,,,,,,,,,,,,,,,,,,,,,,,,,,
2023,Etthithun,Wood Bison,Fecal (Pre-Swabbed),5GP1,-,98,89,93,136,136,181,187,253,253,103,103,108,108,141,147,97,103,129,129,191,191,252,252,87,89,158,158,113,115,174,176,227,229,143,143,158,160,90,102,127,148,188,188,252,252,177,177,152,152,152,154,81,83,132,132,179,183,138,142,262,262,150,150,123,129,155,159,91,92,150,150,180,180,106,112,166,166,89,89,161,165,87,89,116,118,167,167,228,228,130,132,//,//,98,102,101,103,181,181,205,205,142,142,149,151,,,,,,,,,,,,,,,,,,,,,,,,,,
2023,Etthithun,Wood Bison,Fecal (Pre-Swabbed),62GP3,-,100,91,91,136,136,187,187,253,253,103,103,104,104,135,141,93,97,129,129,191,191,232,238,87,91,160,162,113,115,172,174,225,227,143,143,158,160,90,90,127,127,186,194,252,252,175,175,152,152,154,154,83,83,124,126,175,183,142,142,260,262,146,150,123,125,155,155,92,92,150,150,180,184,110,112,174,176,89,89,161,161,85,89,116,118,167,167,228,238,130,130,Y,X,92,102,101,101,177,181,205,207,144,158,151,153,,,,,,,,,,,,,,,,,,,,,,,,,,
2023,Etthithun,Wood Bison,Fecal (Pre-Swabbed),63GP3,-,100,91,91,136,138,187,187,253,253,101,103,104,104,141,141,97,97,129,149,191,191,238,238,87,87,158,162,113,113,172,174,229,233,143,143,158,158,90,90,127,140,190,194,252,252,167,167,146,152,144,158,81,83,124,126,183,183,142,142,262,262,148,148,123,129,155,155,91,92,150,150,180,180,106,110,166,176,89,89,161,161,89,89,116,118,167,167,228,228,130,132,X,X,92,98,101,101,181,181,205,205,144,166,151,151,,,,,,,,,,,,,,,,,,,,,,,,,,
2023,Etthithun,Wood Bison,Fecal (Pre-Swabbed),65GP5,-,100,89,93,134,134,179,187,253,253,103,103,104,108,141,147,89,89,143,149,189,195,238,238,87,87,147,158,113,115,172,174,227,231,143,143,158,158,90,90,140,140,194,194,252,252,167,177,152,152,144,154,81,81,124,124,175,183,138,148,260,262,146,146,123,129,155,155,91,95,150,150,180,180,112,112,170,176,89,89,159,173,83,89,116,116,167,167,228,228,132,132,X,X,92,102,101,103,181,181,211,215,142,166,147,153,,,,,,,,,,,,,,,,,,,,,,,,,,
2023,Etthithun,Wood Bison,Fecal (Pre-Swabbed),66GP5,-,100,89,89,134,140,179,179,253,253,103,103,108,108,141,141,97,97,129,143,189,191,232,238,87,89,158,160,113,113,172,174,225,231,143,143,158,158,90,102,140,142,190,190,250,252,167,175,152,152,160,160,85,85,124,124,175,175,142,148,260,262,146,150,125,125,155,155,94,95,150,150,180,180,112,112,170,172,85,89,161,165,89,91,116,118,167,167,228,228,114,132,X,X,92,102,103,103,181,181,211,211,158,168,151,155,,,,,,,,,,,,,,,,,,,,,,,,,,
2023,Etthithun,Wood Bison,Fecal (Pre-Swabbed),67GP5,-,100,91,93,134,136,179,181,253,271,103,103,104,108,141,147,97,103,129,143,191,191,238,252,87,89,147,158,113,115,180,180,229,229,143,143,156,158,90,90,140,140,194,194,252,252,167,177,146,152,152,154,81,83,124,132,165,175,142,148,260,262,146,150,125,125,155,159,91,91,150,150,180,198,112,112,166,172,85,89,161,173,85,89,116,116,167,167,228,238,130,130,X,X,102,102,99,101,181,181,211,215,142,168,145,151,,,,,,,,,,,,,,,,,,,,,,,,,,
2023,Etthithun,Wood Bison,Fecal (Pre-Swabbed),68GP5,-,98,89,91,134,138,179,187,241,253,103,103,100,108,141,147,93,103,141,143,189,191,238,238,87,89,147,158,113,113,172,172,227,229,143,143,158,158,90,90,142,142,194,194,252,252,167,167,146,152,160,160,83,85,124,126,175,183,138,148,260,260,148,150,125,129,155,159,91,92,150,150,196,198,110,112,166,176,85,89,161,165,85,89,116,118,167,167,224,228,130,130,//,//,96,102,101,103,182,182,205,215,144,158,151,153,,,,,,,,,,,,,,,,,,,,,,,,,,
2023,Etthithun,Wood Bison,Fecal (Pre-Swabbed),6GP1,-,96,89,89,134,136,179,187,253,253,103,103,104,108,141,141,97,97,129,129,191,191,238,238,87,89,158,158,115,115,174,174,227,229,143,143,156,158,90,90,127,142,188,194,246,252,173,177,152,166,154,160,81,81,126,132,175,175,142,142,260,262,148,150,125,129,155,159,91,92,150,150,180,184,112,112,166,172,89,89,161,165,89,91,114,118,161,167,228,238,130,130,X,X,102,102,101,101,181,181,205,205,//,//,//,//,,,,,,,,,,,,,,,,,,,,,,,,,,
2023,Etthithun,Wood Bison,Fecal (Pre-Swabbed),75GP5,-,100,89,91,134,138,179,179,241,253,103,103,104,104,135,141,93,97,129,143,189,191,232,238,87,89,147,158,113,115,174,174,225,229,143,143,158,158,90,102,140,140,190,190,252,252,177,177,152,152,144,156,81,83,124,124,175,183,138,142,260,262,150,150,125,129,155,157,91,94,150,150,180,184,110,112,166,172,89,89,161,165,89,89,116,116,161,167,228,238,130,132,Y,X,92,102,99,103,181,181,205,211,142,158,151,153,,,,,,,,,,,,,,,,,,,,,,,,,,
2023,Etthithun,Wood Bison,Fecal (Pre-Swabbed),77GP5,-,100,89,91,136,136,181,187,241,253,103,103,104,104,141,147,93,103,129,141,189,191,232,232,87,87,158,160,113,113,174,174,229,231,143,143,158,160,90,90,140,142,194,194,246,252,175,177,152,152,160,160,83,83,126,132,165,175,142,148,260,260,148,150,125,129,155,155,91,92,150,150,184,184,112,112,176,176,85,89,161,165,87,89,116,118,167,167,228,238,130,132,Y,X,92,98,99,101,181,181,205,205,142,142,151,151,,,,,,,,,,,,,,,,,,,,,,,,,,
2023,Etthithun,Wood Bison,Fecal (Pre-Swabbed),78GP5,-,100,93,93,136,136,179,187,253,269,103,103,108,108,141,145,97,103,129,143,189,191,252,252,87,89,160,162,108,115,172,172,229,231,143,143,158,160,90,90,127,138,190,194,246,252,173,177,154,166,144,154,81,85,124,124,165,175,138,142,262,262,148,150,125,129,155,159,91,92,148,150,196,198,110,112,166,176,89,89,161,173,85,89,116,116,167,167,228,228,130,132,Y,X,92,92,101,103,177,181,205,215,144,166,147,153,,,,,,,,,,,,,,,,,,,,,,,,,,
2023,Etthithun,Wood Bison,Fecal (Pre-Swabbed),79GP5,-,100,89,91,136,136,181,187,241,253,103,109,104,104,141,147,93,103,129,141,189,191,232,232,87,87,160,166,113,113,172,174,229,231,143,157,158,160,90,90,136,142,194,194,246,252,173,177,152,162,160,160,83,83,126,132,165,175,142,148,260,260,148,150,125,129,155,155,91,92,150,150,184,184,112,112,176,176,85,89,161,165,87,89,116,116,167,167,228,238,130,132,Y,X,92,98,99,101,181,181,201,205,142,142,149,151,,,,,,,,,,,,,,,,,,,,,,,,,,
2023,Etthithun,Wood Bison,Fecal (Pre-Swabbed),81GP5,-,100,89,91,136,136,181,187,241,271,103,103,108,108,141,141,97,103,129,141,189,195,232,238,87,87,147,158,113,115,174,176,227,229,143,143,154,160,90,90,127,140,194,194,252,252,167,177,146,166,154,160,81,81,132,132,175,183,148,148,260,260,148,150,125,129,155,159,91,92,150,150,180,180,110,112,166,166,89,89,161,165,89,89,114,118,161,167,228,228,114,132,Y,X,98,102,99,103,181,191,201,211,144,168,151,151,,,,,,,,,,,,,,,,,,,,,,,,,,
2023,Etthithun,Wood Bison,Fecal (Pre-Swabbed),82GP5,-,100,89,93,134,138,179,187,253,279,103,103,104,104,135,141,93,93,129,129,189,189,232,238,87,87,158,158,108,115,172,172,227,233,143,143,156,158,90,102,146,148,188,190,252,252,167,177,152,154,152,154,81,83,132,132,165,183,138,142,262,262,140,150,125,129,153,157,91,92,150,150,198,198,106,106,166,170,89,89,161,165,89,89,116,116,167,167,228,228,130,132,X,X,92,102,95,103,181,181,205,207,144,168,149,149,,,,,,,,,,,,,,,,,,,,,,,,,,
2023,Etthithun,Wood Bison,Fecal (Pre-Swabbed),85GP5,-,100,89,91,136,138,187,187,241,253,103,103,100,100,135,141,93,103,129,129,191,191,232,238,87,89,158,158,113,115,172,174,229,229,143,143,158,158,90,90,127,140,194,194,246,252,167,177,146,152,154,154,81,81,124,132,183,183,142,148,260,262,146,150,123,125,155,159,91,91,150,150,184,196,110,112,166,176,83,89,169,173,89,89,114,116,167,167,228,228,130,132,Y,X,92,104,101,103,181,181,205,215,144,144,151,151,,,,,,,,,,,,,,,,,,,,,,,,,,
2023,Etthithun,Wood Bison,Fecal (Pre-Swabbed),8GP1,-,100,89,91,134,138,179,187,253,253,103,103,104,108,141,141,97,97,129,129,191,191,238,238,87,89,158,158,115,115,172,174,229,229,143,143,158,160,90,90,127,140,188,188,252,252,177,177,146,152,156,156,83,83,124,124,183,183,138,142,260,262,150,150,129,129,155,155,91,94,150,150,180,180,110,110,172,176,83,85,161,165,85,89,116,118,167,167,224,228,128,128,X,X,92,104,95,95,181,191,205,211,142,158,151,151,,,,,,,,,,,,,,,,,,,,,,,,,,
2025,Etthithun,-,Tissue,BISO25-001,-,96,91,91,136,136,179,181,253,253,103,103,104,104,141,141,93,93,129,129,189,189,232,238,87,89,147,158,108,113,174,174,227,233,143,143,158,158,90,102,140,146,190,194,246,252,167,177,152,166,144,154,81,83,124,132,165,175,142,142,260,262,140,140,125,129,155,155,91,94,150,150,180,184,106,112,166,176,89,89,161,165,89,89,116,118,167,167,228,228,128,132,//,//,92,102,95,103,181,181,207,207,142,144,145,151,,,,,,,,,,,,,,,,,,,,,,,,,,
2025,Etthithun,-,Tissue,BISO25-002,-,96,89,89,136,138,179,187,253,253,103,103,104,104,135,141,89,93,129,129,189,189,232,232,87,87,158,160,115,115,172,174,229,229,143,143,156,158,90,90,128,142,190,194,250,252,177,177,152,154,152,160,77,83,124,132,183,183,138,148,262,262,146,150,125,129,155,159,91,92,150,150,180,180,112,112,166,172,89,89,161,161,89,89,118,118,167,167,228,238,114,114,//,//,92,102,101,101,191,191,205,207,166,166,151,151,,,,,,,,,,,,,,,,,,,,,,,,,,
2025,Etthithun,-,Tissue,BISO25-003,-,98,91,91,136,138,179,187,253,271,103,103,108,108,135,141,93,97,129,143,189,191,232,232,87,89,147,158,108,115,172,172,227,231,143,143,156,158,90,102,128,148,188,190,252,252,177,177,152,152,144,154,83,83,132,132,165,175,138,142,262,262,150,150,125,129,155,155,91,92,150,150,180,196,112,112,172,172,85,85,161,173,89,91,116,116,161,167,224,228,114,132,X,X,98,102,103,103,181,181,205,211,166,166,145,151,,,,,,,,,,,,,,,,,,,,,,,,,,
2025,Etthithun,-,Tissue,BISO25-004,-,98,89,93,136,136,187,187,253,253,103,103,104,104,135,141,93,103,129,129,191,191,232,252,89,91,147,162,108,115,172,174,227,233,143,143,156,160,90,90,128,142,188,190,246,252,167,175,146,152,154,154,81,83,126,132,165,183,142,142,260,262,148,150,123,125,155,155,92,92,150,150,180,184,112,112,170,176,85,89,161,173,89,89,116,118,167,167,224,228,130,132,X,X,92,102,99,101,181,181,207,211,166,166,151,151,,,,,,,,,,,,,,,,,,,,,,,,,,
2025,Etthithun,-,Tissue,BISO25-007,-,98,91,91,136,138,179,187,253,253,103,103,108,108,145,147,93,97,129,129,189,191,238,238,89,91,158,160,113,113,172,174,227,229,143,143,158,160,88,90,140,142,188,194,252,252,167,167,146,166,152,160,83,85,124,126,179,183,142,142,260,260,148,150,129,129,155,159,91,92,150,150,196,198,112,112,176,176,85,89,161,161,81,89,116,118,167,167,228,228,114,130,X,X,92,98,99,103,181,191,205,205,142,158,151,153,,,,,,,,,,,,,,,,,,,,,,,,,,
2025,Etthithun,-,Tissue,BISO25-008,-,98,91,93,134,136,179,187,241,241,103,103,104,108,135,141,89,103,141,143,191,191,232,252,87,89,147,160,113,113,174,174,229,231,143,143,158,158,90,90,140,148,190,190,246,252,177,177,164,166,154,154,83,83,124,124,179,183,138,142,260,262,146,148,129,129,155,159,91,91,150,150,198,198,112,112,170,176,85,89,161,165,89,89,116,118,167,167,228,238,130,130,X,X,102,102,99,103,181,191,201,205,158,168,149,151,,,,,,,,,,,,,,,,,,,,,,,,,,
2025,Etthithun,-,Tissue,BISO25-010,-,98,89,91,134,138,179,187,253,253,103,103,104,108,141,141,89,97,129,143,189,191,232,238,87,87,147,158,115,115,174,174,227,229,143,143,156,158,90,90,128,140,194,194,252,252,167,173,152,152,144,152,81,83,124,124,183,183,142,148,262,262,146,150,123,129,155,159,91,91,150,150,180,198,112,112,170,172,89,89,161,173,87,89,116,116,167,167,228,228,114,132,X,X,92,102,99,101,181,181,205,211,144,166,145,151,,,,,,,,,,,,,,,,,,,,,,,,,,
2025,Garden River,-,Tissue,BISO25-018,-,94,89,89,134,140,179,181,239,253,103,103,100,108,135,145,91,97,129,145,189,189,238,238,87,91,160,162,113,115,174,174,229,231,143,143,156,158,90,90,140,142,194,194,252,252,163,167,152,158,144,156,77,81,124,124,175,183,148,148,260,262,146,150,125,129,155,155,92,92,146,150,184,198,112,112,174,178,89,89,161,173,81,85,//,//,167,167,228,236,114,130,X,X,104,104,101,103,177,181,205,211,144,158,143,145,,,,,,,,,,,,,,,,,,,,,,,,,,
2025,Garden River,-,Tissue,BISO25-025,-,92,89,91,136,138,179,185,241,271,103,103,100,104,141,141,93,103,129,143,189,189,238,238,87,89,161,162,115,115,172,182,227,231,143,143,158,158,90,90,148,150,188,194,252,252,167,173,//,//,154,154,81,83,124,132,179,179,142,148,260,262,150,150,125,129,155,159,91,92,146,146,184,192,106,112,172,178,89,89,161,173,81,81,116,118,167,167,228,228,128,130,//,//,104,104,103,103,181,191,205,205,142,142,145,145,,,,,,,,,,,,,,,,,,,,,,,,,,
2025,Garden River,-,Tissue,BISO25-026,-,92,89,89,134,136,179,187,253,253,103,105,100,104,141,145,97,103,129,143,189,189,238,238,87,87,161,161,115,115,174,174,229,229,143,143,156,158,90,90,142,142,194,194,246,248,163,167,//,//,154,154,81,83,124,132,175,175,142,148,260,260,150,150,129,131,155,155,91,95,150,150,180,180,106,112,168,172,83,85,161,167,89,91,//,//,161,167,238,238,130,130,X,X,98,104,99,101,181,191,205,211,142,144,151,153,,,,,,,,,,,,,,,,,,,,,,,,,,
2024,Grasslands National Park,-,hair,124000300955494,-,100,89,91,136,138,179,191,241,271,103,105,104,104,135,135,93,101,129,149,189,189,238,238,87,91,143,160,113,113,180,180,229,231,145,145,158,158,88,90,127,140,194,194,246,250,165,175,158,162,154,158,81,83,122,124,181,183,142,148,262,262,146,150,125,131,153,155,92,92,146,154,180,184,108,108,168,176,83,89,161,161,89,91,116,118,161,161,228,240,130,134,Y,X,96,96,95,99,179,191,207,211,142,158,149,149,,,,,,,,,,,,,,,,,,,,,,,,,,
2024,Grasslands National Park,-,hair,124000301008024,-,100,89,89,136,138,175,179,241,247,105,105,104,104,135,135,93,105,143,143,191,191,238,238,87,89,143,170,108,115,172,172,229,231,143,143,154,158,88,90,140,140,194,202,250,254,175,175,158,158,144,158,81,81,122,124,179,181,148,150,260,262,140,150,131,131,155,157,92,95,146,146,184,198,106,108,174,186,91,91,161,161,87,89,118,118,167,167,240,240,130,130,Y,X,98,104,95,97,179,191,207,215,168,170,151,151,,,,,,,,,,,,,,,,,,,,,,,,,,
2024,Grasslands National Park,-,hair,124000301008026,-,100,89,91,136,136,175,179,247,271,103,103,102,102,147,147,89,93,129,149,191,191,238,238,91,91,143,160,108,115,172,176,231,233,143,143,154,158,88,88,142,150,194,194,250,250,159,165,150,158,144,154,81,83,124,124,181,183,142,148,262,262,140,148,123,131,153,155,91,95,146,146,180,180,108,108,168,170,89,89,161,173,87,87,114,116,161,161,236,240,130,130,Y,X,96,98,95,99,177,191,205,205,142,164,149,149,,,,,,,,,,,,,,,,,,,,,,,,,,
2024,Grasslands National Park,-,hair,124000301008028,-,98,89,91,134,136,175,187,247,271,103,104,104,104,141,147,89,105,143,149,191,191,238,250,87,89,143,160,115,115,172,178,229,229,143,147,158,158,88,90,127,140,200,202,252,254,159,173,158,158,154,156,81,83,124,124,179,181,142,142,262,262,140,146,125,127,155,159,92,94,146,150,180,192,106,110,168,168,89,91,161,173,87,89,114,118,161,161,240,240,130,130,Y,X,98,98,95,101,191,193,205,211,162,162,//,//,,,,,,,,,,,,,,,,,,,,,,,,,,
2024,Grasslands National Park,-,hair,124000301008032,-,98,91,91,138,138,175,185,241,241,103,105,102,102,141,141,101,105,129,143,191,195,238,238,87,87,143,143,108,113,172,180,229,229,143,143,158,158,88,90,127,127,194,200,254,254,175,177,150,150,144,154,81,83,122,124,179,183,138,142,262,262,146,148,125,127,151,155,91,95,146,146,198,198,108,110,170,186,89,89,161,161,87,89,108,108,161,161,228,228,130,130,X,X,92,92,95,95,181,191,205,211,144,158,//,//,,,,,,,,,,,,,,,,,,,,,,,,,,
2024,Grasslands National Park,-,hair,124000301008034,-,100,91,91,136,138,185,185,241,245,103,107,102,102,135,147,93,97,129,149,189,195,232,238,87,87,161,161,115,115,172,172,229,231,143,143,158,158,88,90,127,148,194,200,246,246,175,175,150,150,144,154,81,81,124,124,179,185,142,150,262,262,140,146,127,127,155,155,94,95,146,148,180,192,106,108,170,170,83,89,161,173,85,89,108,118,161,167,236,240,130,130,Y,X,92,104,95,99,177,191,205,207,168,170,149,149,,,,,,,,,,,,,,,,,,,,,,,,,,
2024,Grasslands National Park,-,hair,124000301008039,-,98,91,93,138,138,175,187,241,245,103,107,112,112,135,135,89,91,143,149,195,195,238,238,89,91,158,160,108,108,180,180,229,231,143,147,154,158,88,90,140,148,194,200,246,254,173,175,150,164,144,144,81,81,122,124,179,183,142,142,256,262,140,146,131,131,153,155,91,95,146,150,180,180,108,110,168,170,83,89,161,173,87,87,114,118,161,167,228,228,130,130,Y,X,92,98,95,101,//,//,201,205,144,170,149,149,,,,,,,,,,,,,,,,,,,,,,,,,,
2024,Grasslands National Park,-,hair,124000301008040,-,96,89,91,136,136,185,187,241,253,103,103,100,104,135,135,89,93,143,143,189,195,238,238,87,89,158,161,108,115,172,180,229,229,143,147,158,160,90,90,140,150,190,200,250,252,175,175,158,158,//,//,81,83,122,124,179,185,142,150,260,262,146,150,125,131,153,157,92,95,150,150,180,184,106,108,168,170,89,89,161,161,87,87,118,118,161,167,240,240,130,130,X,X,98,104,95,97,179,191,205,211,162,170,//,//,,,,,,,,,,,,,,,,,,,,,,,,,,
2024,Grasslands National Park,-,hair,124000301008044,-,98,89,91,134,136,187,187,241,249,103,103,102,102,135,135,93,97,149,149,189,191,238,252,87,89,160,160,113,115,172,180,231,233,143,145,154,158,90,90,140,150,194,200,250,252,173,175,142,158,144,156,83,83,122,124,179,179,142,150,260,260,146,146,129,129,155,159,91,92,146,150,190,192,108,108,170,186,89,89,165,165,87,91,116,116,161,167,240,240,130,130,Y,X,92,104,95,99,181,191,207,211,168,170,//,//,,,,,,,,,,,,,,,,,,,,,,,,,,
2024,Grasslands National Park,-,hair,124000301008050,-,98,91,91,136,136,175,187,241,241,103,104,104,104,141,147,93,93,129,143,191,195,238,238,87,91,160,170,115,115,172,172,231,233,143,147,154,154,88,90,140,150,194,200,254,254,165,167,158,162,156,156,83,83,122,124,181,183,142,148,262,262,146,148,127,131,153,155,92,92,146,146,180,184,108,108,168,186,83,89,161,161,87,87,114,114,167,167,228,240,118,130,X,X,98,98,99,99,177,191,201,205,142,144,//,//,,,,,,,,,,,,,,,,,,,,,,,,,,
2024,Grasslands National Park,-,hair,124000301008052,-,98,89,91,134,136,187,191,241,245,103,105,102,102,135,141,89,93,143,149,189,191,238,238,91,91,158,158,113,113,172,172,231,231,143,143,156,158,90,102,140,148,194,194,246,254,167,175,142,158,144,158,81,83,122,124,165,179,142,150,262,262,146,146,131,131,155,157,92,95,146,146,180,184,108,108,168,174,89,89,165,165,87,87,114,118,161,161,228,240,130,134,X,X,92,104,99,101,181,191,205,205,158,158,//,//,,,,,,,,,,,,,,,,,,,,,,,,,,
2024,Grasslands National Park,-,hair,124000301008057,-,98,91,91,136,136,187,187,253,253,103,105,104,104,141,147,91,93,129,129,195,195,252,252,89,91,143,158,115,115,172,172,231,231,143,143,158,160,88,90,140,140,200,200,250,254,163,163,158,164,144,156,81,83,124,124,179,183,142,148,260,262,146,146,131,131,155,155,92,92,146,150,184,184,106,108,168,176,89,89,161,173,87,87,114,118,161,165,238,240,130,130,X,X,92,98,95,95,191,191,205,211,168,170,//,//,,,,,,,,,,,,,,,,,,,,,,,,,,
2024,Grasslands National Park,-,hair,124000301008059,-,98,89,91,136,138,185,187,249,249,103,103,102,104,135,141,91,105,127,143,191,191,238,238,87,89,143,158,113,115,172,172,229,231,143,143,158,158,88,90,140,150,194,194,246,250,163,175,162,162,144,158,83,83,122,124,165,181,142,142,262,262,146,150,127,131,151,155,95,95,146,146,184,192,106,108,168,170,89,91,161,173,87,91,118,118,167,167,236,240,130,130,X,X,98,104,95,95,179,191,205,205,162,164,//,//,,,,,,,,,,,,,,,,,,,,,,,,,,
2024,Grasslands National Park,-,hair,124000301008062,-,98,89,91,136,138,179,185,241,241,103,107,104,104,135,147,89,105,129,129,191,195,232,238,87,89,160,160,115,115,172,178,231,231,143,143,158,158,100,102,140,150,194,202,250,252,159,167,150,158,144,156,83,83,124,124,179,181,142,148,262,262,146,146,127,131,151,155,92,95,146,146,180,198,106,108,172,172,83,89,161,161,87,87,116,118,167,167,228,240,130,134,Y,X,98,98,95,95,191,191,207,211,142,144,//,//,,,,,,,,,,,,,,,,,,,,,,,,,,
2024,Grasslands National Park,-,hair,124000301008064,-,98,89,89,136,136,187,187,245,249,103,103,104,104,135,135,91,93,143,143,191,195,238,238,87,91,158,158,113,115,172,180,229,229,143,143,158,158,100,102,140,148,194,194,246,250,163,175,150,150,156,158,83,83,124,124,165,181,142,142,262,262,146,150,127,131,155,155,92,92,146,146,180,190,108,108,168,168,89,91,165,173,85,87,108,118,161,167,228,240,130,134,X,X,96,98,95,99,181,191,205,211,162,170,//,//,,,,,,,,,,,,,,,,,,,,,,,,,,
2024,Grasslands National Park,-,hair,124000301008065,-,98,89,91,136,140,185,187,241,249,103,105,104,104,135,135,89,89,129,143,191,191,232,232,87,91,160,160,113,115,180,180,229,231,143,143,158,158,88,90,140,142,200,200,//,//,175,177,150,158,154,156,83,83,124,124,179,179,138,142,262,262,140,146,127,131,155,159,92,92,146,150,192,198,108,108,170,186,89,89,161,161,87,89,108,114,167,167,228,238,130,134,Y,X,92,96,95,99,191,191,211,211,170,170,149,149,,,,,,,,,,,,,,,,,,,,,,,,,,
2024,Grasslands National Park,-,hair,124000301008083,-,96,89,91,136,138,175,185,241,253,103,105,104,104,135,147,93,93,129,149,191,195,232,238,89,91,158,161,115,115,172,172,231,231,143,143,154,160,88,90,127,142,194,200,246,250,165,175,//,//,156,158,81,83,122,124,179,183,142,148,262,262,140,146,129,131,157,159,92,95,146,150,184,184,106,108,168,186,83,83,161,165,89,91,118,118,161,165,240,240,130,130,Y,X,92,98,97,99,179,191,211,211,168,170,//,//,,,,,,,,,,,,,,,,,,,,,,,,,,
2024,Grasslands National Park,-,hair,124000301008097,-,100,89,91,134,136,175,187,241,241,103,105,102,102,135,147,93,101,129,143,191,195,232,250,91,91,143,160,108,115,172,172,229,231,143,145,154,158,88,90,127,150,190,194,250,254,165,173,150,150,144,156,81,83,124,124,179,183,142,142,260,262,146,148,127,131,155,157,92,92,146,146,180,198,108,108,168,168,89,89,161,173,87,87,116,118,161,167,240,240,130,130,Y,X,98,104,95,99,181,191,205,211,158,162,149,151,,,,,,,,,,,,,,,,,,,,,,,,,,
2024,Grasslands National Park,-,hair,124000301008110,-,96,91,91,136,138,187,187,241,249,103,103,104,104,135,135,89,91,143,143,191,191,232,238,87,89,160,160,113,113,172,180,231,231,143,147,158,160,90,102,140,140,194,194,250,254,163,163,//,//,154,156,81,81,124,124,179,179,148,150,256,262,140,146,127,127,153,155,91,95,146,148,180,198,108,108,168,186,83,89,161,161,85,89,114,118,161,167,228,238,130,130,Y,X,92,96,95,95,191,191,205,211,158,170,//,//,,,,,,,,,,,,,,,,,,,,,,,,,,
2024,Grasslands National Park,-,hair,124000301008117,-,98,89,91,136,136,175,185,245,247,103,105,102,104,135,135,93,101,143,149,189,195,238,238,91,91,143,158,108,113,172,174,229,229,143,147,154,160,88,90,142,148,194,200,250,250,159,177,158,164,144,156,81,83,124,124,183,183,142,150,262,262,140,146,131,131,153,155,94,95,146,146,180,180,108,108,168,170,83,89,165,173,87,89,108,116,161,161,240,240,130,134,X,X,96,98,99,99,191,191,205,211,164,170,//,//,,,,,,,,,,,,,,,,,,,,,,,,,,
2024,Grasslands National Park,-,hair,124000301008118,-,100,91,91,136,138,175,175,247,247,103,103,102,102,135,135,89,89,143,149,191,191,238,238,85,87,143,160,115,115,172,178,231,231,143,143,156,158,90,100,150,150,194,202,246,250,165,167,150,162,154,156,83,83,124,124,181,183,138,148,262,262,140,150,125,125,155,159,91,92,146,146,180,198,110,112,172,186,89,89,161,173,85,89,114,116,161,167,228,240,130,130,Y,X,96,98,101,101,179,191,205,207,156,170,143,151,,,,,,,,,,,,,,,,,,,,,,,,,,
2024,Grasslands National Park,-,hair,124000301008122,-,98,91,91,134,136,175,185,241,249,103,105,104,104,135,135,89,93,129,129,191,191,238,238,87,87,160,160,113,113,172,172,229,229,143,143,158,158,88,102,140,148,194,200,250,254,167,175,//,//,154,154,83,83,124,124,181,183,142,148,262,262,140,150,127,127,155,155,92,92,146,146,184,198,108,108,168,186,83,89,161,161,87,89,114,118,167,167,240,240,130,134,X,X,92,96,95,99,191,191,201,211,158,170,149,151,,,,,,,,,,,,,,,,,,,,,,,,,,
2024,Grasslands National Park,-,hair,124000301008128,-,98,91,91,136,138,175,187,241,271,103,103,102,102,135,135,97,97,143,143,189,191,238,238,87,91,143,158,108,108,172,172,231,231,143,145,154,158,90,90,140,148,194,202,246,250,163,175,150,158,156,156,81,83,124,126,183,185,138,138,262,262,140,140,127,129,155,155,94,94,146,154,180,180,108,110,168,186,89,95,161,161,89,91,116,118,167,167,236,236,130,134,Y,X,92,92,95,99,191,191,211,211,162,162,//,//,,,,,,,,,,,,,,,,,,,,,,,,,,
2024,Grasslands National Park,-,hair,124000301008141,-,100,91,91,136,136,181,187,241,253,105,105,104,104,135,137,89,105,129,143,191,195,232,238,87,87,160,161,113,115,172,180,229,231,143,147,158,158,90,100,140,150,194,200,250,250,163,175,156,162,154,156,81,83,124,132,181,181,142,150,260,262,140,146,131,131,155,159,91,92,146,150,192,192,108,108,168,168,83,89,161,165,89,89,114,114,165,167,236,238,130,130,Y,X,96,104,95,99,191,191,211,211,158,168,151,151,,,,,,,,,,,,,,,,,,,,,,,,,,
2024,Grasslands National Park,-,hair,124000301008145,-,100,89,89,136,136,187,187,241,249,103,103,104,104,135,141,89,93,143,143,195,195,238,254,87,91,143,170,115,115,172,180,229,231,143,143,154,156,90,90,140,140,194,194,246,250,167,175,150,162,154,160,83,83,124,124,181,183,142,150,262,262,146,150,127,127,155,155,92,95,146,146,180,180,108,108,168,172,89,89,173,173,87,89,114,118,161,167,238,240,130,130,Y,X,92,96,95,99,177,191,205,205,162,168,149,151,,,,,,,,,,,,,,,,,,,,,,,,,,
2024,Grasslands National Park,-,hair,124000301008151,-,100,91,91,136,136,187,187,245,249,103,105,102,102,135,147,89,101,143,149,191,195,238,252,87,89,160,161,113,115,172,172,229,231,143,147,158,158,88,102,140,140,200,200,246,250,163,173,158,158,154,156,81,83,124,126,165,179,142,150,260,262,146,146,131,131,155,159,91,92,146,146,198,198,108,108,168,186,83,89,161,173,87,89,114,118,161,167,228,240,130,130,Y,X,96,98,95,95,191,191,205,211,158,162,149,149,,,,,,,,,,,,,,,,,,,,,,,,,,
2024,Grasslands National Park,-,hair,124000301008154,-,98,91,91,136,136,185,187,241,245,104,105,102,104,135,147,93,93,149,149,191,195,238,238,87,87,161,161,113,115,172,172,231,231,143,147,156,158,88,90,140,140,194,200,246,250,163,173,164,164,154,158,81,81,122,124,179,181,150,150,262,262,146,146,127,127,155,155,95,95,146,150,180,184,106,106,168,170,83,89,161,173,87,89,108,118,161,167,228,238,130,130,X,X,92,98,95,95,191,191,201,205,158,164,//,//,,,,,,,,,,,,,,,,,,,,,,,,,,
2024,Grasslands National Park,-,hair,124000301008164,-,98,89,93,136,138,179,187,241,245,103,105,104,104,135,147,89,105,129,129,195,195,238,238,89,89,160,160,108,115,172,178,229,231,143,147,154,156,90,90,140,148,194,194,246,250,173,175,//,//,144,156,81,83,122,124,179,179,148,150,260,262,146,150,127,131,153,155,92,95,148,150,180,192,108,110,168,170,83,89,173,173,87,87,114,118,161,167,228,238,130,130,Y,X,98,104,95,101,191,191,205,211,144,158,149,149,,,,,,,,,,,,,,,,,,,,,,,,,,
2024,Grasslands National Park,-,hair,124000301008173,-,100,89,91,134,138,185,187,253,271,103,105,106,106,135,141,91,97,129,143,189,191,238,238,87,87,160,170,108,115,172,172,229,233,143,143,154,154,90,102,140,150,194,194,250,250,163,165,158,158,154,156,81,83,124,124,183,183,138,148,256,262,140,150,125,131,155,155,92,92,146,150,180,192,108,108,168,170,89,91,161,161,87,91,108,118,161,167,228,240,130,130,Y,X,96,98,95,95,191,191,205,211,166,166,149,149,,,,,,,,,,,,,,,,,,,,,,,,,,
2024,Grasslands National Park,-,hair,124000301008179,-,100,89,89,136,136,187,187,245,253,103,105,102,102,135,135,93,93,143,143,191,195,238,252,87,91,158,158,113,115,172,172,231,231,143,143,154,156,88,90,127,140,194,194,246,250,175,175,150,152,144,160,83,83,122,124,181,181,142,142,262,262,146,146,129,131,155,155,92,95,146,150,180,198,106,108,168,176,89,91,161,165,87,89,108,116,161,161,238,240,130,130,Y,X,92,98,95,103,191,191,211,215,164,168,149,151,,,,,,,,,,,,,,,,,,,,,,,,,,
2024,Grasslands National Park,-,hair,124000301008184,-,96,91,91,136,136,175,185,249,253,103,103,106,106,135,135,89,97,143,149,189,191,238,238,87,87,160,170,113,115,172,180,231,231,143,143,158,158,90,102,140,150,194,194,250,250,163,175,//,//,144,154,81,83,124,124,181,183,142,148,262,262,146,150,125,131,159,159,92,95,146,154,192,198,106,108,168,186,83,89,161,161,87,89,114,116,167,167,238,240,130,130,Y,X,96,96,99,99,181,191,211,211,158,164,//,//,,,,,,,,,,,,,,,,,,,,,,,,,,
2024,Grasslands National Park,-,hair,124000301008190,-,98,89,91,136,136,175,187,241,271,103,103,112,112,135,135,91,93,143,149,191,195,238,238,87,87,154,160,113,115,172,172,229,231,143,143,154,154,90,90,148,148,190,202,246,250,175,175,150,164,158,158,81,83,124,124,165,179,142,150,256,260,146,146,129,131,153,155,92,92,146,146,180,184,106,106,168,168,89,89,161,161,87,89,116,118,161,167,228,228,130,130,Y,X,96,98,99,103,179,191,211,211,162,168,//,//,,,,,,,,,,,,,,,,,,,,,,,,,,
2024,Grasslands National Park,-,hair,124000301008193,-,98,91,91,136,140,185,187,241,253,103,105,104,104,135,135,89,91,129,149,191,191,238,238,87,87,143,154,113,115,172,180,233,233,143,143,154,158,88,88,140,140,194,194,246,250,159,175,//,//,154,156,81,83,124,124,179,181,148,150,260,262,140,148,127,131,153,155,92,92,146,146,192,198,108,112,172,186,83,89,161,165,87,89,114,118,165,167,240,240,130,134,X,X,96,96,95,95,191,191,205,211,144,158,149,151,,,,,,,,,,,,,,,,,,,,,,,,,,
2024,Grasslands National Park,-,hair,124000301008197,-,98,89,89,136,138,175,187,241,245,103,105,104,104,141,147,93,93,129,143,191,195,238,238,87,91,160,161,115,115,172,172,229,231,143,143,154,160,90,90,140,150,194,200,250,250,163,177,150,150,144,144,83,83,122,124,179,181,142,142,262,262,140,148,131,131,155,155,92,92,146,146,184,198,108,108,168,168,83,89,161,173,87,91,114,114,161,167,236,240,130,130,X,X,92,98,95,101,177,191,205,211,142,162,//,//,,,,,,,,,,,,,,,,,,,,,,,,,,
2024,Grasslands National Park,-,hair,124000301008207,-,98,91,91,136,138,175,187,241,249,103,107,104,104,135,141,91,105,143,143,189,191,238,238,87,91,158,160,108,115,172,172,229,231,143,143,156,158,88,90,148,150,194,194,250,254,167,175,150,158,156,158,81,83,122,124,179,179,142,148,260,262,140,146,127,129,155,155,95,95,146,154,180,184,106,106,168,174,83,89,161,173,85,87,108,116,161,161,228,240,130,130,Y,X,96,104,95,101,191,191,207,211,162,162,//,//,,,,,,,,,,,,,,,,,,,,,,,,,,
2024,Grasslands National Park,-,hair,124000301008209,-,98,91,91,134,136,179,187,249,253,103,103,100,104,135,135,89,105,129,149,191,195,238,252,87,91,160,160,108,115,172,178,229,231,143,143,154,158,88,90,140,142,200,200,250,250,175,175,142,150,154,154,83,83,124,124,179,179,142,148,260,262,140,146,127,131,155,159,92,92,146,146,190,192,108,108,168,186,83,83,173,173,87,89,116,118,161,167,238,240,130,134,X,X,98,98,95,99,179,191,211,215,142,144,//,//,,,,,,,,,,,,,,,,,,,,,,,,,,
2024,Grasslands National Park,-,hair,124000301008233,-,98,91,91,136,136,175,187,241,249,103,105,104,104,135,135,91,93,143,149,191,195,238,238,91,91,160,160,113,115,172,172,231,233,143,147,158,158,88,100,140,150,194,200,250,250,163,175,142,152,154,158,81,83,124,124,179,181,142,142,262,262,140,146,125,129,155,155,94,95,146,146,180,192,108,108,168,186,83,89,161,165,87,87,108,116,161,167,240,240,130,130,Y,X,96,96,97,99,191,191,207,207,142,158,//,//,,,,,,,,,,,,,,,,,,,,,,,,,,
2024,Grasslands National Park,-,hair,124000301008236,-,100,91,91,136,138,175,187,249,253,103,105,104,104,135,135,93,101,143,149,191,195,238,238,91,91,161,161,108,115,172,172,229,231,143,145,154,158,90,100,140,150,194,194,250,250,163,175,150,152,158,158,81,83,122,124,179,181,142,148,260,262,140,146,129,131,155,155,95,95,146,146,180,192,108,108,168,170,83,89,161,161,87,87,108,116,161,167,238,240,118,130,X,X,96,98,95,97,191,191,211,211,158,164,151,151,,,,,,,,,,,,,,,,,,,,,,,,,,
2024,Grasslands National Park,-,hair,124000301008246,-,100,91,91,136,136,179,187,271,271,103,104,102,104,135,141,89,97,129,149,195,195,238,254,85,87,158,161,115,115,172,176,229,229,143,143,158,158,88,90,140,150,194,200,244,250,175,175,158,162,144,144,83,83,124,124,179,183,138,148,256,260,146,146,131,131,151,155,92,95,146,146,180,198,108,108,168,176,89,89,161,161,87,91,108,114,161,167,228,240,130,134,X,X,98,98,95,95,191,191,201,207,170,170,149,149,,,,,,,,,,,,,,,,,,,,,,,,,,
2024,Grasslands National Park,-,hair,124000301008253,-,100,89,91,136,138,187,191,241,241,103,103,102,104,135,135,93,101,129,143,191,195,238,238,85,91,143,158,115,115,172,172,229,231,143,143,154,158,88,90,127,150,194,194,250,254,165,167,142,158,154,156,83,83,124,126,179,185,142,142,260,262,146,146,129,131,155,157,92,92,146,150,180,198,106,108,168,168,83,89,161,173,87,91,114,118,167,167,238,240,130,134,X,X,92,92,95,101,191,191,205,211,158,168,149,149,,,,,,,,,,,,,,,,,,,,,,,,,,
2024,Grasslands National Park,-,hair,124000301071927,-,100,91,91,136,138,175,185,241,241,103,107,100,102,135,147,89,97,143,143,189,195,232,238,87,91,160,161,115,115,180,180,231,231,143,145,154,158,88,90,142,148,194,200,246,246,163,177,150,158,154,156,81,83,124,124,179,185,142,148,262,262,146,150,125,127,155,155,94,95,146,154,180,184,106,110,170,186,83,91,161,161,85,85,116,116,161,167,228,240,130,130,X,X,92,98,95,95,181,191,205,215,162,170,149,149,,,,,,,,,,,,,,,,,,,,,,,,,,
2024,Grasslands National Park,-,hair,124000301071929,-,100,89,91,134,136,175,179,271,271,103,105,104,106,135,135,93,101,129,143,191,195,238,238,87,87,158,160,108,108,172,180,229,231,143,143,154,154,90,100,140,150,194,194,250,252,175,177,150,152,156,156,81,83,122,124,179,183,142,148,262,262,140,146,131,131,155,155,92,95,146,146,180,192,108,108,170,170,89,89,161,161,87,89,116,118,167,167,240,240,118,118,X,X,92,98,95,97,191,191,205,211,170,170,149,149,,,,,,,,,,,,,,,,,,,,,,,,,,
2024,Grasslands National Park,-,hair,124000301071930,-,100,91,91,136,136,175,187,241,241,103,105,104,104,141,141,89,97,129,149,191,195,232,238,87,89,160,160,108,115,172,172,229,231,143,143,156,158,88,88,127,140,200,200,250,250,175,175,158,162,154,158,83,83,124,124,183,183,142,150,260,262,140,140,131,131,151,159,91,92,146,146,192,196,108,108,168,170,83,89,161,165,85,87,114,116,161,167,236,240,130,130,Y,X,96,104,99,101,179,179,211,211,164,168,149,149,,,,,,,,,,,,,,,,,,,,,,,,,,
2024,Grasslands National Park,-,hair,124000301071931,-,100,89,91,136,136,187,187,241,245,103,105,100,106,135,135,89,93,143,143,189,195,238,238,89,89,143,143,108,113,180,180,229,231,143,143,154,158,90,90,140,140,200,200,250,250,163,177,158,158,154,158,81,83,122,124,181,185,142,142,260,262,140,146,125,127,155,155,92,95,154,154,184,198,106,106,168,170,89,89,161,161,85,87,118,118,161,161,240,240,130,130,X,X,92,104,99,101,179,191,207,215,168,168,149,149,,,,,,,,,,,,,,,,,,,,,,,,,,
2024,Grasslands National Park,-,hair,124000301071932,-,98,89,91,136,136,175,179,241,253,103,105,102,106,135,135,89,91,143,143,191,195,238,238,87,89,158,160,113,115,172,172,229,231,143,143,154,158,88,90,140,148,194,200,250,250,163,163,150,158,154,154,83,83,124,124,165,165,142,150,262,262,146,146,127,131,155,155,91,95,146,154,180,192,108,110,170,176,83,89,161,173,87,87,114,118,161,167,238,240,130,134,X,X,96,96,95,95,//,//,211,211,144,170,149,151,,,,,,,,,,,,,,,,,,,,,,,,,,
2024,Grasslands National Park,-,hair,124000301071933,-,100,89,91,134,136,187,187,241,241,103,103,104,104,135,135,93,93,129,129,191,195,238,238,89,91,160,160,115,115,172,172,229,231,143,143,154,158,88,88,127,140,194,200,254,254,165,175,142,162,154,156,81,83,124,126,179,179,142,150,260,262,140,146,125,127,155,159,91,95,146,150,190,192,106,108,170,186,89,89,161,173,89,91,118,118,161,167,228,236,130,130,Y,X,92,104,95,99,179,191,205,211,160,170,145,149,,,,,,,,,,,,,,,,,,,,,,,,,,
2024,Grasslands National Park,-,hair,124000301071934,-,100,89,91,136,138,175,187,247,271,103,105,102,104,135,141,89,97,129,143,189,195,238,238,85,87,143,160,115,115,172,180,229,229,143,143,154,158,88,90,140,140,200,200,250,252,175,177,158,164,144,156,83,83,124,124,183,183,142,150,256,262,146,146,131,131,153,155,92,95,146,146,180,184,108,108,168,168,83,89,161,161,89,91,108,118,161,167,228,240,130,134,X,X,92,98,95,95,181,191,205,207,142,162,149,149,,,,,,,,,,,,,,,,,,,,,,,,,,
2024,Grasslands National Park,-,hair,124000301071935,-,100,89,91,136,138,175,179,249,249,103,103,102,102,135,147,93,101,129,143,191,195,238,238,87,91,143,160,113,115,172,178,229,231,143,147,154,154,88,88,140,148,194,202,250,254,167,175,158,158,156,160,83,83,122,124,179,181,148,150,260,262,146,146,127,129,155,155,92,92,146,146,184,198,108,108,168,168,83,89,161,173,87,87,118,118,161,167,228,238,130,130,X,X,92,104,95,101,181,191,205,211,162,162,145,149,,,,,,,,,,,,,,,,,,,,,,,,,,
2024,Grasslands National Park,-,hair,124000301071936,-,98,89,91,134,136,175,179,249,271,103,103,102,104,135,147,91,91,129,143,191,195,//,//,91,91,143,160,108,115,172,178,229,233,143,145,154,158,88,88,140,150,194,200,250,252,165,173,162,162,154,156,83,83,124,124,165,185,142,142,256,262,140,140,127,129,155,155,92,92,146,146,180,198,108,108,168,170,83,89,161,173,87,89,116,118,161,167,238,240,130,134,X,X,98,104,95,101,191,191,211,215,142,158,149,151,,,,,,,,,,,,,,,,,,,,,,,,,,
2024,Grasslands National Park,-,hair,124000301071939,-,96,89,91,//,//,185,185,241,253,103,107,104,104,135,137,89,93,129,143,195,195,232,232,87,91,143,160,115,115,172,172,229,229,143,147,154,158,88,88,127,140,194,200,246,254,163,175,142,150,144,154,81,83,124,124,179,179,142,148,262,262,140,146,127,131,155,159,92,92,146,146,180,198,108,108,168,172,83,89,165,165,87,89,114,118,161,167,236,238,130,130,X,X,92,96,99,99,181,191,205,211,158,158,//,//,,,,,,,,,,,,,,,,,,,,,,,,,,
2024,Grasslands National Park,-,hair,124000301071940,-,98,89,91,136,136,185,185,241,241,103,103,104,104,141,141,91,101,143,149,189,195,238,238,87,87,158,161,113,113,172,180,229,229,143,143,154,158,88,100,127,127,194,194,246,250,175,177,156,158,158,158,83,83,124,124,181,183,142,150,256,262,140,150,127,127,153,155,91,92,146,146,180,184,106,108,172,176,89,89,161,165,89,91,108,116,161,161,228,240,118,130,Y,X,96,98,95,101,191,191,205,211,158,170,//,//,,,,,,,,,,,,,,,,,,,,,,,,,,
2024,Grasslands National Park,-,hair,124000301071941,-,98,89,91,136,138,187,187,241,253,103,107,104,112,135,135,97,101,129,143,189,191,238,238,91,91,160,160,113,113,172,172,229,229,143,143,154,160,88,90,127,140,190,194,250,254,163,175,150,150,154,154,83,83,124,124,165,179,142,150,262,262,140,150,127,131,155,159,91,94,150,150,180,198,106,108,168,172,89,89,161,161,87,87,114,118,161,161,228,240,130,130,X,X,92,96,95,99,181,191,205,211,162,170,//,//,,,,,,,,,,,,,,,,,,,,,,,,,,
2024,Grasslands National Park,-,hair,124000301071945,-,100,89,91,136,136,179,187,241,249,103,103,102,102,135,135,89,89,129,129,191,191,238,238,89,91,143,160,115,115,172,172,231,231,143,143,154,158,88,102,140,142,194,194,246,250,167,175,150,156,144,156,81,83,124,126,179,179,142,148,260,262,146,146,127,127,155,155,92,95,146,148,180,198,108,108,170,172,83,89,161,173,87,89,114,118,161,161,238,238,130,134,Y,X,92,104,95,95,181,191,205,211,144,168,149,149,,,,,,,,,,,,,,,,,,,,,,,,,,
2024,Grasslands National Park,-,hair,124000301071947,-,96,89,91,136,136,175,179,249,271,103,103,102,102,135,135,89,101,129,129,191,195,//,//,87,91,143,160,115,115,172,178,229,231,143,147,154,156,90,90,150,150,200,200,250,250,167,167,156,162,154,156,81,83,122,122,179,181,142,142,260,262,140,146,127,127,155,159,91,92,148,148,184,198,108,108,168,186,83,89,161,165,87,87,114,114,161,167,238,238,130,130,X,X,98,98,95,99,191,191,207,211,144,170,//,//,,,,,,,,,,,,,,,,,,,,,,,,,,
2024,Grasslands National Park,-,hair,124000301071949,-,100,91,91,136,138,175,187,241,241,103,107,102,104,141,147,91,91,143,149,189,195,238,238,87,87,160,161,108,115,172,178,229,229,143,143,156,158,88,90,140,150,194,194,250,250,163,177,152,158,158,158,81,83,122,122,179,179,142,148,262,262,140,146,127,129,157,159,94,95,146,154,180,192,106,108,170,170,89,89,161,161,85,87,116,118,167,167,240,240,130,130,X,X,92,98,97,99,191,191,211,211,162,164,143,149,,,,,,,,,,,,,,,,,,,,,,,,,,
2024,Grasslands National Park,-,hair,124000301071950,-,96,91,91,136,136,185,185,249,249,103,103,102,102,135,147,89,93,129,143,191,191,//,//,87,89,143,160,115,115,172,176,231,231,143,145,158,158,88,102,140,150,194,200,250,250,163,163,156,164,144,154,83,83,124,124,165,181,142,150,260,262,140,146,127,131,157,159,91,92,146,150,184,192,108,108,168,168,89,89,165,165,87,89,114,114,167,167,238,240,130,134,Y,X,96,98,99,99,181,191,211,211,170,170,//,//,,,,,,,,,,,,,,,,,,,,,,,,,,
2024,Grasslands National Park,-,hair,124000301071959,-,100,91,91,136,138,187,187,241,245,103,103,102,102,135,135,101,101,129,149,191,195,238,252,87,87,143,161,113,115,172,180,231,231,143,147,158,158,88,90,127,140,194,200,246,250,163,175,158,162,156,158,81,83,122,126,179,181,142,150,262,262,146,146,125,131,153,155,92,92,146,148,184,198,108,108,168,168,89,89,165,173,87,91,118,118,161,167,228,228,130,134,Y,X,96,98,101,101,181,191,205,211,164,168,149,149,,,,,,,,,,,,,,,,,,,,,,,,,,
2024,Grasslands National Park,-,hair,124000301071960,-,100,89,91,136,138,185,185,249,253,103,105,104,104,135,135,93,97,143,149,195,195,238,238,87,91,143,158,113,115,172,178,229,229,143,147,154,158,88,90,140,140,194,194,250,254,163,175,150,158,154,158,81,83,124,126,179,181,142,148,262,262,146,146,127,127,155,155,92,95,146,146,180,198,108,108,168,170,89,89,173,173,87,87,108,114,161,167,238,240,130,134,Y,X,92,98,95,99,191,191,205,205,162,170,149,149,,,,,,,,,,,,,,,,,,,,,,,,,,
2024,Grasslands National Park,-,hair,124000301071962,-,100,91,91,134,134,175,175,241,245,103,105,104,104,135,135,89,93,129,149,195,195,232,232,87,87,160,161,113,113,172,172,229,231,143,143,156,160,88,90,140,150,194,200,250,254,167,173,158,162,154,158,83,83,122,124,165,179,150,150,262,262,146,146,127,131,153,155,92,92,146,146,184,198,106,108,168,170,89,89,161,173,87,87,116,118,161,167,228,240,130,134,X,X,92,98,95,99,181,191,205,205,158,170,149,149,,,,,,,,,,,,,,,,,,,,,,,,,,
2024,Grasslands National Park,-,hair,124000301071964,-,98,91,91,136,136,179,187,241,271,103,103,102,102,135,147,91,93,129,143,191,195,238,238,85,91,158,161,113,115,172,172,229,231,143,147,154,158,90,102,127,140,194,200,246,254,173,173,158,158,154,158,81,83,124,124,165,179,142,148,262,262,140,146,127,131,155,155,92,92,146,148,196,198,108,108,168,168,89,89,165,173,87,87,//,//,161,167,238,240,118,130,X,X,92,98,95,101,191,191,205,211,142,162,149,149,,,,,,,,,,,,,,,,,,,,,,,,,,
2024,Grasslands National Park,-,hair,124000301071965,-,100,89,89,138,138,187,187,241,241,103,103,102,104,135,147,101,105,143,149,191,195,252,252,87,91,143,160,108,108,172,178,229,229,143,147,154,158,88,90,140,140,194,200,246,250,175,175,150,158,154,158,81,81,124,124,181,181,142,150,260,262,140,146,127,127,153,155,91,92,146,146,180,192,108,108,186,186,83,89,161,173,87,87,118,118,161,167,240,240,130,134,X,X,96,104,95,95,181,191,205,211,158,162,149,149,,,,,,,,,,,,,,,,,,,,,,,,,,
2024,Grasslands National Park,-,hair,124000301071966,-,100,91,91,136,138,185,187,271,271,103,103,106,106,135,141,91,93,129,149,191,191,254,254,87,91,160,161,115,115,172,180,229,229,145,147,156,158,88,88,127,150,194,200,244,246,163,175,158,158,154,158,81,81,122,122,179,183,148,150,262,262,140,148,127,129,155,157,91,95,146,150,180,184,106,108,170,172,89,89,161,173,87,87,114,118,167,167,238,240,130,130,Y,X,96,98,95,101,181,191,205,207,156,158,149,149,,,,,,,,,,,,,,,,,,,,,,,,,,
2024,Grasslands National Park,-,hair,124000301071967,-,100,91,91,136,138,175,187,241,247,103,103,102,102,135,141,93,97,143,149,189,191,238,238,87,91,143,158,108,113,172,174,229,231,143,145,154,158,88,88,127,148,194,200,246,250,173,175,158,162,158,158,81,83,122,124,181,183,142,148,260,260,140,148,127,131,153,155,92,94,146,146,180,198,108,108,168,170,89,89,161,173,85,87,118,118,161,161,228,236,118,134,X,X,92,96,95,101,177,191,205,205,162,164,145,149,,,,,,,,,,,,,,,,,,,,,,,,,,
2024,Grasslands National Park,-,hair,124000301071969,-,96,89,91,138,138,175,179,241,241,103,103,102,104,135,135,89,93,143,143,191,195,238,238,87,89,143,170,113,115,172,180,231,231,143,147,154,154,88,102,140,140,194,200,246,254,167,175,158,158,144,156,81,83,124,124,179,183,148,150,256,262,146,150,127,131,155,157,92,95,146,154,180,198,106,108,170,174,89,91,161,165,89,91,118,118,161,167,228,236,130,130,//,//,92,98,99,101,191,191,207,211,168,170,//,//,,,,,,,,,,,,,,,,,,,,,,,,,,
2024,Grasslands National Park,-,hair,124000301071974,-,98,89,91,136,138,175,179,241,253,103,103,104,104,135,135,97,101,127,143,189,191,238,238,87,87,143,158,108,115,172,174,229,231,143,147,154,158,88,88,140,140,194,194,250,250,173,175,156,164,158,160,81,83,122,124,181,183,142,150,260,262,140,146,123,127,155,155,91,92,146,146,184,198,108,108,170,172,83,89,161,173,85,87,116,118,161,161,238,240,130,130,Y,X,96,104,95,99,179,191,205,205,162,164,//,//,,,,,,,,,,,,,,,,,,,,,,,,,,
2024,Grasslands National Park,-,hair,124000301071975,-,98,91,91,136,136,175,185,241,249,103,105,104,104,135,135,89,89,129,149,191,195,238,238,87,87,160,160,113,115,172,180,229,231,143,147,154,158,90,102,140,142,200,200,250,254,159,175,//,//,154,156,83,83,124,124,181,181,142,142,256,262,146,146,125,127,153,159,92,92,146,148,180,198,108,108,168,168,89,89,161,165,87,89,114,114,161,167,240,240,130,130,Y,X,96,98,99,101,181,191,205,211,144,158,149,151,,,,,,,,,,,,,,,,,,,,,,,,,,
2024,Grasslands National Park,-,hair,124000301071976,-,100,89,91,138,138,175,185,241,271,103,103,104,104,135,137,89,93,143,149,195,195,238,238,87,87,160,161,108,115,172,172,225,229,143,143,158,160,90,90,127,150,194,200,250,250,175,175,150,162,144,158,83,83,122,124,179,179,142,150,256,262,140,146,129,129,155,155,92,95,146,146,180,184,108,108,170,176,89,89,161,173,85,87,114,118,167,167,240,240,130,134,Y,X,98,98,95,99,181,191,211,211,142,144,149,151,,,,,,,,,,,,,,,,,,,,,,,,,,
2024,Grasslands National Park,-,hair,124000301071977,-,100,89,89,136,136,187,187,241,241,103,107,104,104,135,147,89,93,129,129,195,195,238,238,87,91,160,161,115,115,172,180,229,229,143,147,154,158,90,90,127,142,200,200,246,250,163,175,158,162,144,144,83,85,124,124,179,179,138,142,262,262,140,150,127,131,155,159,92,95,146,146,192,198,108,108,168,170,83,89,161,165,85,89,114,118,161,161,236,240,130,130,X,X,98,104,97,99,191,191,205,211,168,170,149,149,,,,,,,,,,,,,,,,,,,,,,,,,,
2024,Grasslands National Park,-,hair,124000301071979,-,98,89,91,138,138,187,187,241,241,103,103,102,102,135,141,91,97,129,143,191,195,238,238,87,87,158,158,115,115,172,172,229,231,143,147,154,158,90,90,140,148,194,200,250,250,173,175,158,164,144,158,83,83,124,124,179,183,148,150,256,262,140,146,127,131,153,159,92,92,146,146,198,198,108,108,168,168,89,91,161,173,87,91,//,//,167,167,228,240,134,134,X,X,98,104,95,95,191,191,207,211,142,170,149,149,,,,,,,,,,,,,,,,,,,,,,,,,,
2024,Grasslands National Park,-,hair,124000301071981,-,100,91,91,136,136,187,191,241,271,103,103,104,104,135,135,89,97,149,149,189,191,238,250,87,89,160,161,115,115,172,174,229,231,143,147,154,158,90,90,140,150,194,194,254,254,163,163,142,158,154,158,81,83,122,122,165,179,142,148,262,262,140,146,127,127,155,155,92,95,146,150,180,184,106,108,168,172,89,89,161,161,87,87,114,118,161,161,228,240,130,130,Y,X,92,104,95,99,181,191,207,207,158,168,149,151,,,,,,,,,,,,,,,,,,,,,,,,,,
2024,Grasslands National Park,-,hair,124000301071983,-,98,89,91,138,138,175,187,241,241,103,105,104,104,135,141,93,93,129,143,191,195,238,238,87,87,160,161,115,115,172,176,229,231,143,143,154,156,88,88,127,150,200,202,250,254,167,175,158,158,156,156,81,83,122,122,179,179,138,150,260,262,140,140,131,131,155,155,95,95,146,154,184,198,106,108,170,174,83,83,161,161,85,89,108,116,167,167,228,240,130,134,X,X,92,104,95,99,177,191,205,207,168,168,//,//,,,,,,,,,,,,,,,,,,,,,,,,,,
2024,Grasslands National Park,-,hair,124000301071985,-,96,89,91,136,138,175,187,247,249,103,105,100,100,135,147,93,105,129,149,191,195,238,238,87,89,160,160,108,115,172,178,229,229,143,143,156,158,90,100,140,150,200,202,250,254,163,175,//,//,154,154,83,83,124,124,179,181,142,150,260,262,146,146,131,131,155,159,92,95,146,146,180,184,106,108,172,186,83,89,161,165,87,87,118,118,167,167,240,240,118,130,Y,Y,96,98,99,101,177,193,205,215,162,170,//,//,,,,,,,,,,,,,,,,,,,,,,,,,,
2024,Grasslands National Park,-,hair,124000301071987,-,98,89,89,138,138,185,187,241,253,103,107,102,104,135,135,89,89,143,149,189,191,238,238,87,87,158,160,108,113,172,172,229,229,143,143,158,158,88,100,140,140,194,202,246,246,175,175,150,158,154,158,83,83,124,124,183,185,142,142,256,262,140,146,125,131,153,153,94,95,146,150,184,198,106,108,168,176,89,89,161,165,87,89,116,118,161,167,240,240,130,130,X,X,92,96,95,101,191,193,//,//,158,170,145,149,,,,,,,,,,,,,,,,,,,,,,,,,,
2024,Grasslands National Park,-,hair,214000301008268,-,100,89,91,136,136,179,187,241,249,103,103,102,104,135,135,91,93,143,149,191,195,238,254,87,89,158,161,115,115,172,174,229,231,143,147,158,158,90,90,140,140,194,200,244,250,163,163,150,158,144,156,81,81,124,124,165,179,142,148,262,262,140,146,131,131,153,155,92,95,150,150,180,198,106,108,172,176,89,89,173,173,87,87,114,114,161,167,240,240,130,130,X,X,98,98,95,99,191,191,205,207,160,162,149,151,,,,,,,,,,,,,,,,,,,,,,,,,,
2024,Grasslands National Park,-,hair,214000301008274,-,98,89,89,136,136,187,187,241,245,103,103,104,104,135,135,93,97,127,149,189,195,252,252,87,91,160,161,108,113,172,172,229,231,143,147,154,160,88,90,140,150,190,194,250,254,163,177,158,158,144,158,81,83,124,124,179,181,142,142,260,262,146,146,131,131,155,155,91,95,146,150,180,184,108,110,176,186,83,89,161,165,87,91,108,114,167,167,240,240,130,134,Y,X,96,98,99,99,177,177,211,211,158,170,//,//,,,,,,,,,,,,,,,,,,,,,,,,,,
2024,Grasslands National Park,-,hair,214000301008275,-,98,89,91,136,136,185,187,249,249,103,103,104,104,135,135,93,93,143,149,191,195,238,252,89,91,161,161,108,115,172,178,229,231,145,147,154,158,88,88,150,150,194,200,250,254,173,175,156,164,156,158,83,83,124,132,179,181,148,150,260,260,146,146,125,129,155,157,91,92,146,150,180,190,108,108,186,186,89,89,161,161,85,87,114,118,161,167,228,240,130,130,X,X,92,104,99,101,181,191,211,211,168,170,//,//,,,,,,,,,,,,,,,,,,,,,,,,,,
2024,Grasslands National Park,-,hair,214000301008280,-,98,89,91,136,136,175,187,241,241,103,103,102,102,135,147,89,93,129,129,191,195,238,238,87,91,143,161,108,113,172,172,231,231,143,143,158,158,88,90,127,140,200,200,250,254,175,175,158,162,154,154,81,83,122,124,179,179,138,148,262,262,148,150,125,127,155,157,92,94,146,148,184,198,108,108,168,170,89,89,161,161,89,89,114,114,161,161,228,228,130,130,Y,X,92,98,95,99,179,191,205,211,142,144,//,//,,,,,,,,,,,,,,,,,,,,,,,,,,
2024,Grasslands National Park,-,hair,214000301008290,-,98,89,93,134,138,175,187,241,241,103,105,104,104,135,147,93,93,149,149,191,191,238,238,87,89,143,160,115,115,172,172,229,231,143,143,154,158,88,90,140,150,200,202,250,250,163,173,150,152,154,158,83,83,124,124,165,179,142,142,260,260,146,146,127,131,155,159,92,94,146,146,180,198,108,108,168,176,89,91,161,165,85,87,114,118,167,167,228,228,130,130,X,X,92,96,95,101,191,191,207,211,142,144,//,//,,,,,,,,,,,,,,,,,,,,,,,,,,
2024,Grasslands National Park,-,hair,214000301008296,-,98,91,91,136,138,175,179,247,253,103,104,102,102,135,141,93,93,129,149,189,191,232,238,87,89,158,161,108,115,172,176,229,231,143,143,154,156,88,88,127,142,194,194,250,254,173,175,158,164,156,156,81,81,124,124,179,183,148,148,256,262,140,150,127,131,155,155,94,95,146,146,184,192,108,108,168,170,83,89,161,161,85,87,116,116,161,167,240,240,134,134,Y,X,96,98,95,99,191,191,205,211,158,164,//,//,,,,,,,,,,,,,,,,,,,,,,,,,,
2023,Hay Zama,Wood Bison,DNA,45,-,100,89,91,134,136,187,187,253,253,103,103,108,108,141,145,97,103,143,149,189,195,232,238,89,91,158,161,113,115,172,178,229,233,143,143,156,160,90,102,127,142,194,194,252,252,167,173,152,152,144,160,81,83,124,132,165,183,142,148,260,262,150,150,123,129,153,157,91,94,150,150,180,180,112,112,166,172,89,89,161,161,87,89,114,116,167,167,228,238,128,132,X,X,92,102,95,101,181,191,201,205,142,168,145,145,,,,,,,,,,,,,,,,,,,,,,,,,,
2023,Hay Zama,Wood Bison,DNA,48,-,100,89,91,138,140,179,187,249,253,103,103,108,108,135,141,103,103,129,149,189,195,232,232,89,91,161,164,113,115,172,172,229,229,143,143,156,158,90,90,127,142,190,194,252,252,167,173,152,158,154,160,81,83,124,124,165,183,142,142,260,262,140,150,125,129,155,157,91,92,150,150,180,184,110,110,172,172,89,95,161,173,87,89,116,118,167,167,228,238,128,128,Y,X,102,104,95,101,177,191,205,211,142,158,145,153,,,,,,,,,,,,,,,,,,,,,,,,,,
2023,Hay Zama,Wood Bison,DNA,52,-,100,89,89,138,138,187,187,249,253,103,103,108,108,135,141,93,103,129,141,189,191,232,238,87,87,158,162,113,115,172,172,229,233,143,143,156,158,90,102,142,142,190,194,250,252,173,177,152,152,154,154,77,83,122,124,183,183,142,142,260,262,150,150,125,129,155,157,91,91,150,150,180,180,112,112,172,172,89,89,161,169,91,95,116,116,167,167,238,238,130,130,Y,X,102,104,95,101,181,181,211,215,142,144,149,153,,,,,,,,,,,,,,,,,,,,,,,,,,
2023,Hay Zama,Wood Bison,DNA,54,-,100,89,89,136,140,179,179,249,253,103,103,108,108,141,141,97,103,129,129,191,195,232,238,87,87,158,158,115,115,174,176,225,229,143,143,158,160,90,102,138,142,194,194,250,250,167,167,146,152,154,160,81,83,122,132,179,183,142,148,260,262,146,150,125,125,155,157,91,92,146,150,180,180,112,112,166,166,89,89,161,165,87,89,116,116,167,167,228,228,128,128,Y,X,102,102,101,101,181,181,201,215,168,168,151,153,,,,,,,,,,,,,,,,,,,,,,,,,,
2023,Hay Zama,Wood Bison,DNA,55,-,100,89,89,134,136,187,187,253,253,103,107,108,108,141,141,93,97,141,149,191,191,238,238,87,91,161,162,108,115,172,172,229,233,143,143,158,158,90,102,127,127,190,194,252,254,167,173,152,152,154,160,83,83,124,124,183,183,138,148,262,262,150,150,123,129,155,155,91,91,150,150,180,184,112,112,166,172,89,89,161,161,87,87,118,118,167,167,228,238,128,130,Y,X,92,102,95,95,177,177,201,205,158,168,145,145,,,,,,,,,,,,,,,,,,,,,,,,,,
2023,Hay Zama,Wood Bison,DNA,57,-,100,89,89,136,136,179,187,249,253,103,103,108,108,141,145,97,103,129,141,191,191,232,238,87,87,158,158,113,115,172,174,229,233,143,143,156,158,90,90,142,146,194,194,252,252,173,175,152,152,144,160,81,81,124,124,183,183,142,142,260,262,150,150,125,125,157,157,91,91,150,150,180,184,106,110,166,166,89,89,165,165,91,91,114,118,167,167,228,238,128,130,Y,X,102,102,95,101,191,191,211,215,142,158,145,153,,,,,,,,,,,,,,,,,,,,,,,,,,
2023,Hay Zama,Wood Bison,DNA,68,-,100,89,93,136,138,179,187,253,269,103,103,108,108,141,141,93,103,121,143,191,191,232,238,87,87,158,158,108,113,172,176,227,229,143,143,156,158,90,90,138,146,190,194,252,252,167,173,146,152,152,154,83,83,124,124,183,183,138,142,262,262,150,150,125,125,155,155,91,94,150,150,180,180,110,112,172,172,89,89,161,165,89,93,116,116,161,167,228,236,130,132,X,X,98,104,95,105,181,181,211,211,144,166,145,153,,,,,,,,,,,,,,,,,,,,,,,,,,
2023,Hay Zama,Wood Bison,DNA,71,-,100,89,93,138,140,179,187,253,253,103,103,108,108,141,145,85,93,129,141,191,191,232,232,87,89,158,162,108,113,172,172,227,229,143,143,156,158,90,90,127,146,190,194,252,254,167,173,152,152,154,154,81,81,126,132,183,183,142,142,262,262,146,146,125,129,155,155,91,94,150,150,180,180,110,112,170,172,89,89,165,168,89,91,114,118,167,167,228,228,130,130,Y,X,92,102,95,103,181,181,205,211,158,168,153,153,,,,,,,,,,,,,,,,,,,,,,,,,,
2023,Hay Zama,Wood Bison,DNA,79,-,85,89,91,//,//,187,187,//,//,//,//,108,108,135,141,103,103,129,149,191,195,238,238,87,89,158,160,108,115,172,172,231,231,143,143,156,156,90,90,//,//,194,194,252,252,173,177,146,146,154,154,83,83,124,132,181,183,142,142,//,//,150,150,125,129,//,//,94,94,150,150,180,180,106,110,172,172,89,89,161,173,89,89,114,116,161,167,//,//,128,132,Y,X,102,102,95,101,//,//,205,207,144,144,145,153,,,,,,,,,,,,,,,,,,,,,,,,,,
2023,Hay Zama,Wood Bison,DNA,88,-,90,89,89,136,140,185,187,253,269,103,104,108,108,143,145,93,103,129,129,191,195,//,//,87,89,158,158,115,115,174,176,//,//,143,143,154,154,90,102,127,142,//,//,//,//,167,173,146,152,160,160,81,81,124,132,165,183,142,142,262,262,150,150,123,129,155,155,91,92,150,150,180,180,106,112,166,172,85,89,165,165,89,93,116,120,//,//,238,238,114,132,Y,X,102,102,95,95,183,183,205,207,142,142,145,145,,,,,,,,,,,,,,,,,,,,,,,,,,
2023,Hay Zama,Wood Bison,DNA,89,-,90,89,93,138,140,179,187,251,251,103,104,108,108,141,145,97,97,129,141,191,191,232,232,89,89,158,158,113,115,172,172,229,229,141,143,156,156,90,90,127,146,//,//,252,252,167,167,152,164,144,160,81,83,124,124,165,165,142,144,260,262,150,150,125,125,153,153,92,94,150,150,196,196,110,112,166,172,95,95,161,165,87,91,116,116,167,167,//,//,128,130,//,//,102,102,95,103,//,//,211,215,142,158,//,//,,,,,,,,,,,,,,,,,,,,,,,,,,
2023,Hay Zama,Wood Bison,DNA,90,-,100,89,93,138,140,179,187,253,253,103,103,108,108,143,145,93,93,129,149,189,191,232,238,89,91,158,164,115,115,172,172,229,233,143,143,158,158,90,90,127,142,188,190,252,254,173,177,152,158,154,160,81,83,124,132,165,183,142,142,260,262,150,150,129,129,155,157,92,94,148,150,180,196,110,110,172,172,89,89,161,165,89,93,116,118,167,167,228,238,130,132,Y,X,98,102,95,101,177,181,207,207,158,166,145,145,,,,,,,,,,,,,,,,,,,,,,,,,,
2023,Hay Zama,Wood Bison,DNA,92,-,100,89,89,136,138,179,179,249,253,103,103,104,108,145,145,89,97,149,149,189,191,232,232,87,91,147,158,115,115,174,180,227,233,143,143,156,158,90,102,127,142,194,194,252,254,167,167,146,152,154,160,81,83,124,132,165,179,142,142,262,262,150,150,125,125,155,155,91,91,150,150,180,180,112,112,166,166,89,89,161,173,81,87,114,116,167,167,228,238,128,130,X,X,102,102,95,101,181,191,201,211,142,166,145,151,,,,,,,,,,,,,,,,,,,,,,,,,,
2023,Hay Zama,Wood Bison,DNA,95,-,100,89,89,136,136,191,191,253,269,103,103,108,108,141,145,85,103,129,129,189,191,232,238,87,87,158,160,115,115,172,172,227,229,143,143,156,160,90,90,142,142,190,194,252,252,167,173,152,152,154,160,83,83,124,124,183,183,142,142,262,262,150,150,125,129,153,155,91,95,150,150,180,184,110,110,172,172,85,89,165,165,81,89,116,116,167,167,228,246,130,130,Y,X,98,104,95,101,177,181,205,211,158,166,153,153,,,,,,,,,,,,,,,,,,,,,,,,,,
2023,Hay Zama,Wood Bison,DNA,96,-,100,89,89,136,138,179,187,267,269,104,104,108,108,141,145,93,103,129,141,191,191,238,240,87,87,158,160,108,113,176,176,227,229,143,143,156,158,90,102,138,142,190,194,252,252,167,173,146,152,152,154,81,83,124,124,183,183,138,142,262,262,150,150,125,129,155,155,91,94,150,150,180,180,110,112,172,172,89,89,161,161,81,89,114,116,161,167,236,236,130,132,Y,X,96,104,95,101,181,181,211,211,144,166,145,153,,,,,,,,,,,,,,,,,,,,,,,,,,
2023,Hay Zama,Wood Bison,DNA,98,-,100,89,89,136,138,187,191,241,253,103,103,108,108,135,147,85,93,129,129,189,191,232,238,87,89,158,158,113,115,172,172,227,231,143,143,156,156,90,90,142,146,194,194,252,252,173,177,146,152,144,154,81,83,124,124,183,183,142,142,262,262,150,150,129,129,155,155,91,94,150,150,180,180,106,112,170,172,85,89,161,168,87,89,114,118,167,167,228,228,130,130,Y,X,92,98,95,95,181,181,205,211,144,166,153,153,,,,,,,,,,,,,,,,,,,,,,,,,,
2023,Hay Zama,Wood Bison,DNA,100,-,100,89,93,136,140,187,187,249,253,103,103,104,104,141,141,93,97,129,141,191,195,232,238,87,91,162,162,108,113,172,176,227,233,143,143,158,158,90,90,127,127,190,194,250,252,167,177,154,158,154,160,81,81,124,132,165,183,142,142,260,262,140,150,125,125,157,157,91,91,150,150,180,180,110,112,172,176,89,89,161,169,87,89,116,116,167,167,224,228,122,130,Y,X,96,104,95,103,181,181,207,211,144,166,145,153,,,,,,,,,,,,,,,,,,,,,,,,,,
2023,Hay Zama,Wood Bison,DNA,135,-,98,89,89,134,136,187,187,249,249,103,103,108,108,141,145,103,103,141,141,189,191,232,238,87,91,158,162,115,115,172,174,229,229,143,143,154,160,90,102,142,142,194,194,252,254,167,167,152,152,160,160,83,83,124,124,179,183,142,142,260,262,146,146,123,123,157,157,91,91,146,150,180,184,112,112,166,166,89,89,161,161,87,91,116,116,155,167,228,228,128,128,//,//,102,104,101,103,191,191,201,211,142,158,145,151,,,,,,,,,,,,,,,,,,,,,,,,,,
2023,Hay Zama,Wood Bison,DNA,136,-,100,89,89,138,140,179,187,249,253,103,103,108,108,141,145,85,93,129,149,191,195,232,238,87,87,147,160,115,115,172,172,229,231,143,143,154,156,90,102,127,127,194,194,252,252,173,173,146,152,144,156,83,83,124,132,175,183,138,142,260,262,150,150,125,129,155,159,91,91,150,154,180,180,112,112,166,172,89,89,161,165,89,93,116,116,161,167,228,228,114,130,Y,X,102,104,95,103,181,191,207,211,158,166,153,153,,,,,,,,,,,,,,,,,,,,,,,,,,
2023,Hay Zama,Wood Bison,Hair,150_320,-,100,89,91,136,136,187,187,253,253,103,103,108,108,145,145,85,97,129,129,191,195,238,238,87,87,158,158,115,115,172,172,227,233,143,143,156,158,90,102,127,127,190,194,250,252,167,173,146,146,144,160,81,83,124,126,175,183,142,142,262,262,146,150,125,129,153,155,91,92,150,150,180,184,110,112,166,176,89,95,161,161,81,91,116,116,167,167,228,228,128,130,X,X,102,104,95,95,181,191,207,215,158,158,153,153,,,,,,,,,,,,,,,,,,,,,,,,,,
2023,Hay Zama,Wood Bison,Hair,150_680,-,100,89,89,136,136,179,179,249,253,103,103,108,108,141,145,97,103,129,129,193,195,238,238,87,89,158,158,113,113,172,174,227,229,143,143,158,158,102,102,142,142,190,194,252,252,167,173,152,158,152,160,81,81,124,124,175,183,138,138,260,260,150,150,129,129,153,155,91,91,150,150,180,184,110,110,166,172,89,89,161,161,81,81,116,118,167,167,224,238,114,128,X,X,92,104,95,103,181,181,211,211,142,144,145,153,,,,,,,,,,,,,,,,,,,,,,,,,,
2023,Hay Zama,Wood Bison,Hair,150_820,-,100,89,91,138,140,179,187,253,269,103,103,108,108,141,147,93,103,129,143,191,195,238,238,87,91,158,158,113,115,176,178,229,233,143,145,158,158,90,102,127,127,190,190,252,254,167,177,146,152,144,154,81,83,124,132,165,179,142,142,262,262,146,150,129,129,155,155,91,91,150,150,180,180,110,112,170,172,85,85,161,169,89,89,116,116,167,167,224,228,130,130,X,X,102,102,95,103,177,181,207,207,144,166,149,153,,,,,,,,,,,,,,,,,,,,,,,,,,
2023,Hay Zama,Wood Bison,Hair,151_310,-,100,89,89,136,136,179,187,249,249,103,103,108,108,135,141,93,93,129,129,189,195,232,238,87,89,158,160,113,115,172,172,227,227,143,143,158,160,90,90,138,142,190,194,250,252,167,173,152,152,154,154,77,83,122,132,165,183,142,142,262,262,150,150,129,129,155,155,91,91,150,150,196,196,112,112,170,172,89,89,165,169,87,89,116,118,167,167,228,238,130,130,X,X,96,96,103,103,181,181,205,211,144,144,149,149,,,,,,,,,,,,,,,,,,,,,,,,,,
2023,Hay Zama,Wood Bison,Hair,151_410,-,100,89,89,136,138,187,187,253,253,103,103,108,108,141,145,93,93,129,149,189,189,238,238,87,89,161,162,113,115,172,172,227,233,143,143,158,158,90,102,127,127,194,194,252,254,173,177,152,152,154,160,81,83,124,124,165,183,142,148,260,260,146,150,129,129,155,157,91,91,150,150,180,180,90,112,172,172,89,89,161,169,89,89,116,116,167,167,228,228,130,130,X,X,102,102,95,95,181,181,207,211,158,166,145,151,,,,,,,,,,,,,,,,,,,,,,,,,,
2023,Hay Zama,Wood Bison,DNA,154,-,100,89,91,134,136,179,181,253,253,103,103,104,104,141,145,97,103,129,149,189,191,232,252,87,91,147,158,115,115,174,174,227,227,143,143,156,158,90,102,127,127,194,194,252,252,167,167,146,152,144,154,81,83,132,132,165,183,142,142,262,262,150,150,125,125,155,159,91,92,150,150,180,180,112,112,166,172,89,95,165,165,87,87,116,116,167,167,228,228,128,130,X,Y,102,102,95,95,191,191,201,211,142,144,145,153,,,,,,,,,,,,,,,,,,,,,,,,,,
2023,Hay Zama,Wood Bison,DNA,155,-,100,89,91,136,138,187,191,249,253,103,103,104,104,141,145,93,103,129,129,191,195,238,238,87,87,158,158,108,113,172,176,227,229,143,145,154,160,90,102,142,146,190,194,252,254,169,173,146,152,144,154,81,83,126,132,165,183,142,142,262,262,146,150,129,129,155,157,91,92,150,150,180,184,110,112,172,172,89,89,161,161,89,89,116,116,167,167,228,228,130,130,Y,X,104,104,95,103,181,181,205,211,144,168,153,153,,,,,,,,,,,,,,,,,,,,,,,,,,
2023,Hay Zama,Wood Bison,DNA,170,-,100,93,93,136,136,187,187,253,253,103,103,108,108,135,145,97,103,129,129,189,191,232,238,87,91,158,158,113,113,176,176,227,229,143,143,156,158,90,90,127,146,190,194,250,252,167,167,146,154,152,154,81,83,124,132,183,183,142,142,262,262,140,150,125,129,155,155,91,92,148,150,180,196,110,112,172,176,89,89,161,169,87,89,118,118,161,167,228,238,130,130,Y,X,98,104,95,95,181,181,205,207,144,168,153,153,,,,,,,,,,,,,,,,,,,,,,,,,,
2023,Hay Zama,Wood Bison,DNA,174,-,100,89,91,136,136,187,187,249,253,103,103,108,108,135,145,93,103,129,149,191,191,238,254,87,87,147,158,115,115,174,176,227,229,143,143,156,156,90,90,127,142,194,194,252,252,167,173,146,166,144,154,77,83,124,126,183,183,142,150,260,262,150,150,125,129,153,155,92,95,150,150,180,184,110,112,170,176,89,89,165,165,91,95,114,114,167,167,228,228,114,130,X,X,102,104,101,103,177,191,205,211,158,166,145,151,,,,,,,,,,,,,,,,,,,,,,,,,,
2023,Hay Zama,Wood Bison,DNA,177,-,100,89,91,138,138,187,191,249,249,103,103,104,104,135,141,93,103,129,141,189,191,232,254,87,87,158,162,113,115,172,172,225,227,143,143,158,158,90,102,142,146,194,194,252,252,167,177,158,158,154,154,77,83,132,132,175,183,138,142,262,262,148,150,125,129,155,155,91,91,148,150,180,180,110,110,170,172,89,89,165,169,85,91,114,116,167,167,224,238,114,130,X,X,102,104,95,95,181,181,205,215,166,168,149,153,,,,,,,,,,,,,,,,,,,,,,,,,,
2023,Hay Zama,Wood Bison,DNA,178,-,100,89,89,136,136,179,191,249,253,103,103,104,104,141,141,93,103,129,129,189,195,232,238,87,87,158,158,115,115,172,176,227,229,143,143,156,158,90,102,127,142,190,194,252,252,167,173,146,166,144,160,77,83,124,126,183,183,142,142,260,260,150,150,129,129,155,159,92,95,148,150,184,196,110,110,166,170,89,95,161,173,87,87,116,118,167,167,228,228,114,130,Y,X,98,104,95,103,181,181,205,211,158,168,153,153,,,,,,,,,,,,,,,,,,,,,,,,,,
2023,Hay Zama,Wood Bison,DNA,180,-,100,89,89,136,138,179,187,249,269,103,104,104,104,141,145,85,93,129,141,189,191,232,232,87,91,162,162,108,115,172,174,225,231,143,143,156,156,90,90,127,142,190,190,252,254,167,173,146,152,154,154,81,83,124,132,165,183,142,142,260,262,150,150,125,129,155,155,91,91,150,150,180,184,110,110,166,172,89,89,161,165,89,93,114,116,167,167,238,238,114,132,Y,X,92,102,95,103,181,181,201,207,144,168,151,153,,,,,,,,,,,,,,,,,,,,,,,,,,
2023,Hay Zama,Wood Bison,DNA,28,-,100,89,93,136,138,181,191,253,253,103,103,108,108,141,141,85,103,129,129,191,195,232,238,87,89,158,162,108,113,172,172,227,231,143,143,158,160,90,90,142,146,190,194,250,254,173,173,146,152,144,160,81,83,132,132,165,183,138,142,260,262,148,150,129,129,153,153,91,95,150,150,180,180,112,112,166,172,89,89,161,169,87,89,116,118,161,161,228,236,130,130,X,X,104,104,101,103,181,181,205,205,144,168,153,153,,,,,,,,,,,,,,,,,,,,,,,,,,
2023,Hay Zama,Wood Bison,DNA,33,-,100,89,93,138,140,179,191,235,253,103,103,108,108,135,135,85,85,129,149,191,191,232,232,87,87,158,160,113,113,172,174,227,229,143,143,156,156,90,102,142,146,190,194,250,252,173,175,146,152,144,154,81,81,124,132,165,179,142,142,262,262,150,150,129,129,153,155,91,94,150,150,184,196,110,110,172,172,89,89,161,169,87,87,116,116,167,167,228,238,130,130,Y,X,96,104,95,95,181,181,205,211,166,168,153,153,,,,,,,,,,,,,,,,,,,,,,,,,,
2023,Hay Zama,Wood Bison,DNA,36,-,100,89,93,136,140,179,191,253,269,103,103,108,108,141,145,85,103,129,129,191,195,232,238,87,87,158,160,113,113,172,172,227,229,143,145,156,160,90,102,127,146,188,194,252,254,167,167,152,152,144,160,77,81,132,132,179,183,142,142,260,262,150,150,125,129,153,157,91,91,150,150,180,196,110,112,166,166,89,89,161,161,87,89,116,118,167,167,228,238,114,130,X,X,96,102,101,103,177,181,201,211,142,168,153,153,,,,,,,,,,,,,,,,,,,,,,,,,,
2023,Hay Zama,Wood Bison,DNA,38,-,100,89,89,138,138,187,191,253,253,103,103,104,104,141,145,93,103,129,141,189,195,232,238,87,89,162,162,108,113,174,174,229,231,143,145,158,160,90,90,138,142,194,194,252,252,173,177,152,158,154,154,83,83,124,132,165,183,142,142,260,262,150,150,129,129,155,157,91,91,148,150,180,180,110,112,172,172,85,89,161,169,87,87,114,116,161,167,228,228,122,122,Y,X,98,102,95,95,181,181,205,211,158,166,145,153,,,,,,,,,,,,,,,,,,,,,,,,,,
2023,Hay Zama,Wood Bison,DNA,4,-,100,89,91,138,138,179,191,249,249,103,103,108,108,141,145,85,93,129,141,191,191,238,238,87,87,158,161,113,115,172,172,227,229,143,143,158,158,90,102,127,146,190,194,252,254,167,177,152,152,154,160,81,83,132,132,175,183,142,142,260,262,148,150,125,129,153,157,91,91,148,150,180,184,110,110,170,172,85,89,161,169,87,93,116,116,167,167,228,238,128,130,Y,X,102,102,95,101,177,181,205,215,144,158,145,149,,,,,,,,,,,,,,,,,,,,,,,,,,
2023,Hay Zama,Wood Bison,DNA,41,-,100,89,89,138,138,179,187,249,253,103,104,104,104,135,141,93,97,141,141,189,191,232,238,87,89,162,162,113,113,172,172,255,233,143,143,158,158,90,102,142,146,194,194,246,252,167,175,152,158,154,154,83,83,124,132,165,175,138,142,260,262,148,150,129,129,155,159,91,91,148,150,180,180,110,110,172,172,85,89,165,169,89,91,114,116,161,167,228,228,114,128,Y,X,102,102,95,95,181,181,205,215,158,158,149,153,,,,,,,,,,,,,,,,,,,,,,,,,,
2025,Hay Zama,-,Tissue,BISO25-011,-,96,89,91,136,138,187,187,253,269,103,103,108,108,141,141,93,103,129,143,189,191,232,238,87,87,158,162,108,113,172,172,229,231,143,143,156,158,90,90,142,146,190,194,252,252,167,167,152,152,144,152,83,83,124,132,165,183,142,142,262,262,150,150,125,129,153,155,91,91,150,150,180,184,112,112,172,172,89,89,161,169,89,89,//,//,167,167,224,228,130,132,X,X,96,104,95,95,177,181,205,211,142,168,153,153,,,,,,,,,,,,,,,,,,,,,,,,,,
2025,Hay Zama,-,Tissue,BISO25-013,-,98,89,89,138,138,179,187,249,269,103,103,108,108,141,141,93,93,141,143,191,195,238,238,89,91,158,160,115,115,172,172,229,233,143,143,154,156,90,102,128,128,190,194,248,252,173,177,146,158,154,160,83,83,124,132,165,179,142,142,260,262,150,150,125,125,155,157,91,95,150,150,180,180,112,112,166,172,85,89,161,169,89,91,116,116,167,167,224,224,130,130,X,X,102,102,95,101,181,191,211,211,166,166,145,151,,,,,,,,,,,,,,,,,,,,,,,,,,
2025,Hay Zama,-,Tissue,BISO25-014,-,98,89,93,136,140,179,191,253,253,103,103,108,108,141,141,93,103,129,129,189,191,232,238,87,91,158,158,113,113,172,172,227,229,143,143,158,158,90,90,128,142,190,190,252,252,167,173,146,166,154,154,77,81,124,124,179,183,142,142,260,262,150,150,129,129,155,159,91,92,150,150,180,180,110,112,166,166,89,89,165,169,87,87,116,116,161,167,228,236,132,132,X,X,98,98,101,103,181,181,201,207,142,158,145,153,,,,,,,,,,,,,,,,,,,,,,,,,,
2025,Hay Zama,-,Tissue,BISO25-015,-,96,89,93,138,140,187,191,253,253,103,103,104,108,141,145,85,103,129,141,191,191,232,238,87,87,158,162,113,115,172,176,229,229,143,143,156,158,90,90,146,146,194,194,252,254,173,177,146,152,154,154,77,81,124,132,165,183,138,142,262,262,150,150,125,129,155,155,91,91,148,150,184,196,110,112,172,172,89,89,161,161,81,87,//,//,167,167,228,238,130,130,X,X,102,104,95,95,177,181,207,211,158,166,145,153,,,,,,,,,,,,,,,,,,,,,,,,,,
2025,Hay Zama,-,Tissue,BISO25-019,-,96,89,89,136,138,181,187,253,253,103,103,108,108,135,141,85,93,129,129,191,195,232,238,87,87,158,162,113,113,172,172,227,229,143,143,156,158,90,90,142,142,194,194,252,252,167,167,146,152,154,154,81,83,132,132,183,183,142,142,260,260,148,150,129,129,153,155,92,92,150,150,184,196,110,112,172,172,89,89,161,161,87,89,116,118,161,167,224,228,130,130,X,X,//,//,95,101,181,181,211,215,144,158,145,153,,,,,,,,,,,,,,,,,,,,,,,,,,
2025,Hay Zama,-,Tissue,BISO25-020,-,98,89,89,136,138,179,181,253,253,103,103,108,108,141,141,89,93,129,149,191,195,232,238,89,91,147,162,113,113,172,174,227,233,143,145,156,156,90,102,128,142,194,194,252,254,173,173,152,158,144,160,83,83,124,132,175,183,138,150,260,262,150,150,129,129,153,155,91,91,148,150,180,184,110,112,166,166,89,89,161,169,87,89,116,118,167,167,228,236,130,130,X,X,98,102,95,101,181,181,205,207,158,168,153,153,,,,,,,,,,,,,,,,,,,,,,,,,,
2023,Mackenzie,Wood Bison,DNA,2161,-,100,89,93,134,136,179,179,253,269,103,103,108,108,135,145,97,103,141,143,191,195,238,252,87,87,158,161,113,113,172,174,229,231,143,143,156,158,90,102,140,150,190,194,246,246,167,177,146,152,154,156,81,81,124,132,165,175,138,142,260,262,150,150,129,129,157,157,91,91,146,146,192,196,106,110,172,176,85,89,161,165,85,89,108,114,167,167,228,240,130,130,Y,X,104,104,95,95,191,191,205,211,142,166,145,153,,,,,,,,,,,,,,,,,,,,,,,,,,
2023,Mackenzie,Wood Bison,DNA,2162,-,100,91,91,136,142,179,181,253,253,103,103,100,100,141,147,89,103,129,143,195,195,232,238,87,89,158,160,113,115,172,182,229,231,143,145,158,158,90,102,127,140,194,194,246,250,171,175,158,166,154,154,81,83,124,124,165,175,142,150,262,262,146,150,127,129,155,155,91,92,150,154,192,196,106,110,170,170,81,81,161,173,91,93,114,118,167,167,228,228,130,130,Y,X,94,104,95,101,181,191,205,205,162,164,149,149,,,,,,,,,,,,,,,,,,,,,,,,,,
2023,Mackenzie,Wood Bison,DNA,2163,-,100,89,91,136,138,179,187,253,253,103,103,108,108,141,141,93,103,129,143,191,191,238,238,87,89,162,162,108,113,172,172,229,231,145,145,156,156,90,90,140,140,190,194,252,252,167,175,152,152,154,154,83,83,124,132,183,183,142,148,256,260,140,146,129,129,155,157,91,91,146,150,180,180,106,112,170,176,89,95,173,173,89,91,114,116,167,167,228,236,114,132,Y,X,102,104,101,103,181,191,201,207,142,158,149,153,,,,,,,,,,,,,,,,,,,,,,,,,,
2023,Mackenzie,Wood Bison,DNA,2165,-,100,89,91,136,142,179,181,253,253,103,103,106,108,141,145,85,85,129,129,189,195,232,238,87,89,147,162,108,113,182,182,231,231,143,143,158,158,90,90,127,140,194,194,252,252,173,175,152,152,154,154,81,83,124,132,165,175,148,150,262,262,140,140,125,127,157,159,92,92,150,154,184,184,112,112,170,176,89,89,161,165,85,91,114,116,167,167,228,238,120,130,Y,X,102,104,101,103,181,191,205,207,158,158,151,151,,,,,,,,,,,,,,,,,,,,,,,,,,
2023,Mackenzie,Wood Bison,DNA,2166,-,100,91,91,136,138,179,179,253,253,103,103,104,108,145,145,97,103,129,129,191,191,232,238,87,89,161,161,113,115,172,182,227,229,143,143,156,156,90,90,127,138,194,200,246,252,165,165,152,164,154,154,81,83,124,132,165,175,148,148,260,260,150,150,129,129,155,159,91,94,150,150,192,192,110,112,170,172,83,89,161,165,85,93,114,116,167,167,228,238,128,128,X,X,100,104,101,101,181,191,205,205,164,166,151,153,,,,,,,,,,,,,,,,,,,,,,,,,,
2023,Mackenzie,Wood Bison,DNA,2171,-,100,89,91,134,134,179,179,241,253,103,104,106,108,145,145,83,103,129,129,189,191,238,254,87,89,158,162,113,115,172,182,225,231,143,143,156,158,90,102,127,140,190,194,246,254,165,175,146,152,154,154,77,81,124,132,175,183,142,148,262,262,148,150,129,129,155,155,91,92,146,148,180,192,106,108,170,176,85,89,173,173,85,87,114,116,167,167,238,238,130,132,Y,X,96,102,103,103,191,191,211,211,142,142,145,149,,,,,,,,,,,,,,,,,,,,,,,,,,
2023,Mackenzie,Wood Bison,DNA,2176,-,100,91,91,136,142,179,187,241,253,103,105,104,108,135,145,103,103,129,129,189,195,232,238,87,87,158,160,115,115,182,182,229,231,143,143,156,158,90,102,127,140,190,194,252,254,171,173,152,158,154,160,81,83,132,132,175,183,142,142,260,262,146,150,125,129,157,157,91,91,146,150,180,184,106,110,170,172,89,89,161,165,85,91,108,116,167,167,228,228,118,130,X,X,102,104,95,101,181,191,205,215,162,168,145,151,,,,,,,,,,,,,,,,,,,,,,,,,,
2023,Mackenzie,Wood Bison,DNA,2177,-,100,89,91,134,136,179,181,253,253,103,105,104,104,141,145,93,103,141,143,189,191,252,252,87,89,158,161,115,115,178,178,225,231,143,143,158,158,102,102,127,127,190,194,246,252,167,175,152,152,144,154,77,83,124,124,165,183,142,148,260,262,140,150,125,129,157,157,91,91,146,150,180,192,106,112,166,170,83,89,173,173,81,89,114,118,167,167,228,238,130,134,X,X,102,104,103,103,181,181,205,215,142,166,151,153,,,,,,,,,,,,,,,,,,,,,,,,,,
2023,Mackenzie,Wood Bison,DNA,2182,-,100,91,93,134,138,179,181,253,253,103,103,108,108,145,145,103,103,129,143,191,195,238,252,87,87,147,158,108,115,172,178,229,231,143,143,156,160,90,90,127,140,194,194,252,252,167,173,146,152,154,154,83,83,124,132,165,183,148,148,260,260,150,150,125,129,155,157,91,91,146,150,190,192,90,106,170,176,81,89,173,173,91,93,114,116,161,167,224,238,132,134,Y,X,98,102,95,95,181,191,205,211,142,158,151,151,,,,,,,,,,,,,,,,,,,,,,,,,,
2023,Mackenzie,Wood Bison,DNA,2187,-,100,89,89,134,138,179,181,253,253,103,103,108,108,135,141,103,103,141,143,191,191,238,252,87,89,158,158,108,115,174,182,231,231,143,143,158,160,90,102,127,140,190,194,246,252,177,177,152,152,144,144,83,83,124,132,183,183,142,142,262,262,150,150,125,129,155,159,91,92,150,154,180,180,110,110,170,170,85,85,161,173,81,85,114,118,167,167,238,238,114,134,Y,X,102,102,95,101,181,181,205,215,142,164,145,151,,,,,,,,,,,,,,,,,,,,,,,,,,
2023,Mackenzie,Wood Bison,DNA,2188,-,100,89,89,134,134,179,179,269,269,103,103,108,108,135,141,103,103,129,143,191,191,232,238,89,89,158,162,113,115,172,174,229,231,143,143,156,160,90,90,127,140,188,194,252,252,167,173,152,166,160,160,83,83,124,132,183,183,142,148,256,260,146,150,125,129,155,159,91,92,146,150,180,180,106,106,172,172,89,89,165,173,81,89,114,116,161,167,238,238,128,134,Y,X,94,104,103,103,181,191,211,215,142,166,145,145,,,,,,,,,,,,,,,,,,,,,,,,,,
2023,Mackenzie,Wood Bison,DNA,2190,-,100,89,89,136,136,179,179,253,253,103,103,108,108,141,147,103,103,129,143,189,191,238,238,87,89,143,158,108,113,172,174,231,231,143,143,156,156,90,90,140,148,188,194,250,252,165,173,146,152,154,154,81,83,124,132,165,175,142,148,260,260,146,150,125,129,155,157,91,94,146,150,180,196,110,110,170,176,85,89,173,173,89,93,114,116,167,167,240,240,114,114,Y,X,102,102,101,103,181,191,211,215,142,164,149,151,,,,,,,,,,,,,,,,,,,,,,,,,,
2023,Mackenzie,Wood Bison,DNA,2196,-,100,89,89,134,136,179,187,241,241,103,105,106,106,135,141,85,103,143,143,191,195,252,252,87,87,160,161,113,115,172,182,229,229,143,143,158,160,90,90,140,140,194,194,252,252,167,175,152,152,144,154,83,83,122,124,165,181,142,148,260,260,140,140,123,129,155,159,91,91,150,150,180,196,110,110,170,170,83,89,161,165,89,91,116,116,167,167,228,240,130,130,Y,X,102,102,95,103,177,191,205,215,142,158,149,151,,,,,,,,,,,,,,,,,,,,,,,,,,
2023,Mackenzie,Wood Bison,DNA,2198,-,100,89,91,134,134,179,187,241,269,103,105,108,108,135,145,91,103,143,143,189,195,238,252,87,89,147,147,113,113,172,178,229,231,143,143,154,158,90,102,127,127,190,194,252,254,167,167,152,162,154,154,83,83,124,132,165,165,142,150,262,262,140,140,123,129,155,157,91,92,146,146,184,196,112,112,170,176,89,89,161,173,81,89,114,118,167,167,224,228,130,134,Y,X,102,104,95,103,191,191,205,205,142,156,151,151,,,,,,,,,,,,,,,,,,,,,,,,,,
2023,Mackenzie,Wood Bison,DNA,2272,-,100,89,89,134,134,179,179,253,253,103,103,108,108,141,145,93,103,129,143,189,191,232,238,87,87,160,162,115,115,172,174,229,231,143,145,156,160,90,90,127,146,194,194,246,246,167,173,152,152,144,154,81,83,122,124,165,183,142,142,256,260,146,150,129,129,155,157,91,91,150,150,184,190,90,106,170,176,83,89,161,173,87,91,116,118,167,167,224,238,130,130,Y,X,102,102,95,95,181,191,205,205,158,166,151,151,,,,,,,,,,,,,,,,,,,,,,,,,,
2023,Mackenzie,Wood Bison,DNA,2276,-,100,91,91,136,136,175,179,253,269,103,103,108,108,141,145,103,103,129,129,191,195,238,238,87,89,158,158,113,113,172,174,231,231,143,143,154,156,90,90,127,146,194,194,252,252,163,173,152,166,154,156,77,85,124,124,175,175,142,142,262,262,148,150,125,127,155,159,91,91,146,150,180,196,110,110,170,170,81,89,161,161,87,91,116,118,167,167,228,228,119,132,Y,X,98,104,101,103,181,181,205,211,142,166,149,151,,,,,,,,,,,,,,,,,,,,,,,,,,
2023,Mackenzie,Wood Bison,DNA,2277,-,100,89,89,136,136,175,187,253,269,103,103,108,108,135,141,93,97,129,141,195,195,238,238,87,87,158,162,115,115,174,176,225,231,143,143,156,156,90,90,127,140,194,194,250,252,165,177,146,152,154,154,81,83,124,124,165,175,148,150,262,262,148,150,123,125,155,157,91,94,146,146,184,192,106,110,166,176,89,89,161,173,91,91,118,118,167,167,238,238,114,134,Y,X,104,104,101,103,191,191,205,207,158,166,145,153,,,,,,,,,,,,,,,,,,,,,,,,,,
2023,Mackenzie,Wood Bison,DNA,2283,-,100,89,91,136,136,181,187,253,269,103,105,108,108,141,141,103,103,129,129,189,191,232,232,87,87,162,162,115,115,174,178,229,231,143,143,158,160,90,102,127,127,194,194,246,252,165,177,152,166,144,154,81,83,124,132,165,165,142,142,262,262,140,150,125,125,155,159,91,94,146,154,180,184,110,112,176,176,89,89,161,165,85,91,114,114,161,167,224,224,130,132,Y,X,102,102,95,101,181,191,211,215,158,168,145,153,,,,,,,,,,,,,,,,,,,,,,,,,,
2023,Mackenzie,Wood Bison,DNA,2289,-,100,89,91,136,136,175,181,253,253,103,103,108,108,135,145,93,103,129,143,191,195,238,254,87,87,158,162,108,115,172,178,229,231,143,143,156,156,90,90,127,138,190,194,250,252,167,175,152,166,144,156,83,83,132,132,175,183,142,142,262,262,140,148,125,125,155,159,91,94,150,150,180,180,106,112,170,176,89,89,161,173,85,89,114,116,167,167,228,238,114,130,Y,X,102,104,95,101,191,191,207,211,166,168,145,153,,,,,,,,,,,,,,,,,,,,,,,,,,
2023,Mackenzie,Wood Bison,DNA,2295,-,100,89,91,134,138,179,181,253,253,103,103,104,104,141,145,97,103,141,143,189,191,238,252,87,87,158,161,113,115,182,182,225,231,143,143,158,158,90,90,138,146,194,194,252,252,175,175,146,152,154,154,77,83,124,124,165,165,148,148,262,262,146,150,125,129,155,157,91,92,146,150,192,192,106,110,172,176,85,85,161,173,81,85,116,118,167,167,228,236,130,132,Y,X,98,104,101,103,181,181,211,211,142,162,149,153,,,,,,,,,,,,,,,,,,,,,,,,,,
2023,Mackenzie,Wood Bison,DNA,2296,-,100,91,91,136,138,179,181,253,253,103,103,108,108,135,141,91,103,141,141,189,195,252,254,87,87,162,162,113,113,182,182,227,231,143,143,156,156,90,90,138,140,194,194,244,252,165,165,146,152,154,156,77,83,124,124,165,165,148,148,262,262,146,150,125,129,155,157,91,94,146,146,184,192,106,110,174,176,81,89,161,173,89,91,114,118,167,167,238,238,132,134,Y,X,100,102,97,101,181,191,205,205,158,168,145,153,,,,,,,,,,,,,,,,,,,,,,,,,,
2023,Mackenzie,Wood Bison,DNA,2310,-,100,89,91,136,136,181,181,253,253,103,103,108,108,141,141,89,103,129,129,191,195,238,238,87,89,147,158,108,115,172,174,227,229,143,143,158,158,102,102,140,140,194,194,246,254,167,175,146,146,154,154,81,83,122,132,165,165,142,142,260,262,146,150,129,129,155,157,91,94,150,150,180,180,108,108,170,174,89,89,161,173,85,89,114,114,167,167,228,238,114,130,Y,X,98,98,101,103,181,187,207,211,162,168,149,151,,,,,,,,,,,,,,,,,,,,,,,,,,
2024,McCusker River,-,Fecal,24_McCR_002,-,96,89,91,136,136,175,185,241,241,103,103,106,106,135,135,97,101,149,149,195,195,238,238,87,87,160,162,113,115,172,172,231,231,143,147,156,156,90,90,127,148,194,194,246,246,165,175,//,//,156,156,81,81,122,124,179,185,148,150,256,262,140,140,127,131,155,155,//,//,146,146,192,192,106,108,172,172,89,89,165,165,87,91,114,116,161,167,228,230,130,130,Y,X,92,92,97,99,177,191,201,201,158,164,149,149,,,,,,,,,,,,,,,,,,,,,,,,,,
2024,McCusker River,-,Fecal,24_McCR_009,-,100,91,91,136,138,175,175,241,245,103,103,102,104,137,141,97,101,143,149,191,195,232,238,87,87,154,158,113,115,172,180,229,231,145,147,154,156,90,100,127,140,194,194,246,246,165,167,156,158,156,156,81,83,122,124,179,183,148,150,256,262,140,140,125,127,155,159,91,92,146,146,180,184,106,108,168,172,83,89,161,165,87,87,114,116,161,167,228,228,130,130,X,X,92,92,95,95,177,191,207,207,142,158,149,149,,,,,,,,,,,,,,,,,,,,,,,,,,
2023,Nahanni,Wood Bison,Biopsy,1,-,100,91,91,136,136,187,187,241,253,103,103,104,104,135,141,89,93,129,143,189,191,232,238,87,87,147,147,115,115,174,174,229,229,143,143,160,160,90,102,127,127,188,190,252,252,167,177,146,166,154,154,77,85,124,126,165,179,142,142,260,262,146,150,125,129,157,159,92,92,150,150,180,180,110,110,166,176,89,95,161,165,87,89,116,116,161,167,228,236,130,130,X,X,92,102,101,101,181,181,205,205,144,166,151,151,,,,,,,,,,,,,,,,,,,,,,,,,,
2024,Nahanni,-,Fecal,Nahanni-1,-,98,91,91,136,136,179,187,253,269,103,104,104,104,135,141,103,103,129,143,191,191,238,252,87,89,160,160,108,113,172,174,229,229,143,145,158,158,90,90,127,127,188,194,250,252,165,175,146,152,154,154,83,83,122,124,165,175,138,138,260,262,146,150,125,125,157,159,91,91,146,150,180,180,110,112,166,172,89,89,161,161,89,89,116,116,167,167,228,228,130,130,Y,X,102,102,95,99,181,181,205,211,//,//,149,151,,,,,,,,,,,,,,,,,,,,,,,,,,
2024,Nahanni,-,Fecal,Nahanni-10,-,100,89,89,136,136,181,187,253,253,103,103,108,108,135,141,91,103,129,129,191,195,232,252,87,87,158,160,115,115,180,180,229,229,143,157,156,156,90,90,142,146,194,194,252,252,177,177,152,152,154,154,77,77,122,132,165,183,138,138,260,262,140,146,123,125,157,159,91,95,150,150,180,184,106,112,170,172,89,89,161,161,87,89,116,116,167,167,238,238,130,132,X,X,102,102,101,101,181,191,205,211,142,144,151,151,,,,,,,,,,,,,,,,,,,,,,,,,,
2024,Nahanni,-,Fecal,Nahanni-8,-,98,89,91,136,136,179,187,241,269,103,104,104,108,135,141,93,93,129,129,189,191,238,252,87,89,160,162,115,115,172,172,227,229,143,145,158,160,90,90,127,142,188,194,250,252,165,177,146,152,154,160,77,81,124,124,175,179,142,142,260,262,148,150,125,129,155,155,//,//,146,150,180,198,90,106,172,172,89,89,173,173,81,91,116,116,167,167,228,228,130,130,X,X,92,102,95,99,181,181,201,215,144,158,149,151,,,,,,,,,,,,,,,,,,,,,,,,,,
2023,Nordquist,Wood Bison,Biopsy,31,-,100,89,91,134,138,179,187,249,253,103,103,108,108,135,141,93,103,129,143,191,195,232,238,87,89,158,162,108,113,174,176,227,229,143,143,158,160,88,90,127,142,188,194,252,252,167,173,146,152,154,154,77,81,132,132,165,175,148,148,260,262,140,148,125,125,155,155,91,91,150,150,180,184,106,106,170,172,85,89,161,169,89,89,116,118,167,167,228,236,130,130,X,X,96,102,101,103,181,181,205,205,144,166,145,151,,,,,,,,,,,,,,,,,,,,,,,,,,
2023,Nordquist,Wood Bison,Biopsy,32,-,100,89,89,136,140,187,187,249,253,103,103,108,108,141,147,89,103,129,129,191,191,252,254,87,89,147,162,115,115,174,174,227,229,143,143,156,158,90,102,140,142,188,194,252,252,173,173,146,152,144,154,77,83,124,132,165,179,142,148,260,260,140,150,125,125,153,155,91,91,150,150,180,180,106,112,172,178,89,95,161,173,89,91,116,118,167,167,228,236,114,130,X,X,98,104,95,95,181,191,205,205,142,166,153,153,,,,,,,,,,,,,,,,,,,,,,,,,,
2023,Nordquist,Wood Bison,Biopsy,33,-,100,89,89,136,140,187,187,253,253,103,103,104,108,141,145,89,93,129,129,191,191,232,252,87,89,147,162,108,108,174,174,229,229,143,143,156,160,90,90,142,142,188,194,252,252,167,173,146,146,154,154,81,83,132,132,165,183,138,142,260,260,140,150,125,125,157,159,91,92,150,150,180,196,110,112,170,176,83,89,161,169,89,89,116,118,161,167,228,238,128,130,X,X,96,96,101,103,181,181,205,211,142,168,153,153,,,,,,,,,,,,,,,,,,,,,,,,,,
2023,Nordquist,Wood Bison,Biopsy,34,-,100,91,91,136,138,187,187,253,271,103,103,104,104,145,145,89,93,129,129,191,191,232,252,87,89,158,162,108,113,174,176,227,227,143,143,154,154,90,102,127,127,188,194,250,252,167,177,152,152,152,154,83,83,132,132,175,175,142,148,262,262,150,150,129,129,155,155,92,94,150,150,180,184,106,108,166,172,85,89,165,173,87,89,114,116,167,167,228,228,128,130,X,X,102,102,95,101,181,181,205,205,166,166,153,153,,,,,,,,,,,,,,,,,,,,,,,,,,
2023,Nordquist,Wood Bison,Biopsy,35,-,100,89,91,138,140,179,179,253,253,103,103,108,108,141,141,89,93,143,149,189,191,232,232,87,89,147,147,113,115,174,174,229,229,143,143,158,158,90,102,142,146,188,190,252,252,167,173,152,152,154,154,77,81,124,132,183,183,138,148,262,262,140,150,123,129,155,155,92,92,150,150,196,196,90,106,166,170,85,89,161,169,89,89,114,116,167,167,228,238,128,130,X,X,96,104,95,95,181,181,205,207,166,166,149,151,,,,,,,,,,,,,,,,,,,,,,,,,,
2023,Nordquist/Liard,Wood Bison,Biopsy,4,-,100,89,89,134,134,179,187,253,253,103,103,104,108,141,141,93,93,129,129,191,195,238,238,87,89,147,147,115,115,172,174,227,229,143,143,158,160,90,102,127,140,194,194,252,252,167,173,152,152,154,160,77,81,124,132,175,175,142,142,260,260,148,150,129,129,153,155,91,92,150,150,180,196,106,106,176,176,89,89,161,161,89,89,118,118,167,167,238,238,130,130,X,X,102,104,95,101,181,181,205,205,168,168,149,151,,,,,,,,,,,,,,,,,,,,,,,,,,
2023,Nordquist/Liard,Wood Bison,Biopsy,6,-,100,89,91,136,136,181,187,253,253,103,103,100,108,141,141,89,103,129,129,189,191,252,252,87,87,158,162,108,115,172,174,227,229,143,143,156,156,90,102,127,142,188,188,252,252,167,173,146,152,154,154,81,83,132,132,175,183,138,142,262,262,140,150,125,129,155,159,91,92,146,150,180,180,110,110,170,172,85,95,165,173,87,91,116,118,167,167,228,228,114,130,X,X,96,102,101,103,181,181,201,205,166,166,153,153,,,,,,,,,,,,,,,,,,,,,,,,,,
2023,Nordquist/Liard,Wood Bison,Biopsy,8,-,100,89,89,136,140,181,187,249,253,103,103,108,108,135,141,93,103,129,129,189,191,232,238,87,87,158,162,108,115,172,174,229,231,143,143,158,160,90,90,142,142,194,194,252,252,167,167,146,152,144,154,77,83,132,132,165,183,138,142,262,262,140,148,129,129,155,159,91,91,146,150,180,180,110,112,166,170,83,89,161,173,89,89,116,116,161,167,228,228,130,132,X,X,96,98,101,103,181,181,205,205,144,166,145,151,,,,,,,,,,,,,,,,,,,,,,,,,,
2023,Nordquist/Liard,Wood Bison,Biopsy,10,-,100,89,91,136,140,181,187,253,253,103,103,104,104,141,141,93,103,129,143,191,191,238,252,89,91,158,162,115,115,174,174,229,229,143,143,158,160,88,90,142,148,188,194,252,252,167,167,146,146,154,158,81,83,132,132,165,175,138,142,262,262,140,150,125,125,153,157,91,91,150,150,180,184,90,106,172,172,83,89,165,169,89,89,116,116,167,167,228,236,114,128,X,X,96,104,95,103,181,181,205,207,142,144,149,151,,,,,,,,,,,,,,,,,,,,,,,,,,
2023,Nordquist/Liard,Wood Bison,Biopsy,11,-,100,89,91,136,138,187,187,253,253,103,103,104,108,141,141,93,103,129,129,191,195,238,238,87,87,158,158,108,115,172,176,229,231,143,143,156,158,90,102,127,142,190,194,250,252,167,167,146,152,154,154,77,83,132,132,165,175,142,142,260,262,148,150,129,129,153,159,91,91,150,150,180,196,110,112,172,176,89,95,165,169,89,89,116,116,167,167,228,236,114,130,X,X,102,104,95,101,181,181,205,211,166,168,147,149,,,,,,,,,,,,,,,,,,,,,,,,,,
2023,Nordquist/Liard,Wood Bison,Biopsy,13,-,98,89,91,134,138,179,179,253,253,103,103,108,108,141,141,89,93,129,143,189,191,232,238,87,89,147,162,115,115,174,174,229,233,143,143,158,160,90,102,142,146,188,194,252,252,167,173,146,152,154,154,81,81,132,132,183,183,148,148,262,262,140,150,//,//,155,155,92,94,150,150,180,196,106,106,170,172,85,95,169,169,89,89,116,116,167,167,228,228,130,130,X,X,96,102,95,95,181,181,205,205,158,168,145,149,,,,,,,,,,,,,,,,,,,,,,,,,,
2023,Nordquist/Liard,Wood Bison,Biopsy,14,-,100,89,91,138,138,181,187,253,253,103,103,100,108,135,141,103,103,129,129,189,195,232,232,87,87,158,160,108,115,174,174,229,231,143,143,156,158,90,90,140,148,190,194,250,252,173,177,146,152,154,154,77,81,132,132,175,175,142,142,260,262,140,140,123,125,155,159,91,91,148,150,184,196,112,112,166,170,85,85,165,169,87,89,116,116,167,167,228,238,128,130,X,X,104,104,95,103,181,181,205,205,142,166,149,151,,,,,,,,,,,,,,,,,,,,,,,,,,
2023,Nordquist/Liard,Wood Bison,Biopsy,15,-,100,89,91,138,140,187,187,249,253,103,103,104,108,141,141,93,93,129,143,191,191,232,252,89,89,162,162,108,115,174,174,229,229,143,143,156,160,88,90,142,142,188,194,244,252,167,177,146,146,154,154,81,81,132,132,165,165,142,148,260,262,140,140,125,129,155,157,91,92,150,150,184,184,106,106,170,172,83,85,169,169,89,89,116,118,167,167,228,236,128,130,X,X,96,96,99,103,181,181,205,205,142,166,145,149,,,,,,,,,,,,,,,,,,,,,,,,,,
2023,Nordquist/Liard,Wood Bison,Biopsy,16,-,100,89,91,138,138,179,181,253,253,103,103,104,104,141,145,97,103,129,149,189,191,232,252,87,91,147,160,113,115,174,174,231,231,143,143,154,158,90,90,146,148,190,194,250,252,167,177,152,152,154,154,77,85,132,132,175,183,142,148,262,262,140,150,123,129,155,157,91,94,150,150,196,196,106,112,172,176,85,89,161,165,89,89,116,116,167,167,228,228,128,130,X,X,96,102,95,103,181,181,205,205,144,144,149,151,,,,,,,,,,,,,,,,,,,,,,,,,,
2023,Nordquist/Liard,Wood Bison,Biopsy,17,-,100,89,89,134,140,187,187,249,253,103,103,108,108,141,141,93,93,129,129,191,191,232,232,87,89,162,162,108,115,174,174,229,229,143,143,158,160,88,90,142,142,188,194,244,252,167,177,146,146,154,154,81,83,132,132,165,165,138,142,262,262,140,146,125,129,155,157,91,92,150,150,180,184,110,110,170,172,83,89,169,173,91,91,116,116,167,167,228,228,130,130,X,X,96,98,95,103,181,181,205,205,142,166,145,149,,,,,,,,,,,,,,,,,,,,,,,,,,
2023,Nordquist/Liard,Wood Bison,Biopsy,18,-,100,91,91,138,138,181,181,253,253,103,103,100,108,135,141,93,103,129,149,191,195,232,232,87,87,158,162,108,113,174,174,227,231,143,143,156,158,90,90,140,148,190,190,252,252,173,177,146,152,144,154,81,83,132,132,175,175,142,142,262,262,140,150,125,125,159,159,91,91,148,150,180,196,90,112,166,176,85,89,165,173,87,89,116,116,167,167,228,238,128,130,X,X,102,104,95,103,181,181,205,207,166,166,151,151,,,,,,,,,,,,,,,,,,,,,,,,,,
2023,Nordquist/Liard,Wood Bison,Biopsy,19,-,100,89,91,138,138,179,181,253,253,103,103,104,108,135,135,93,103,149,149,191,191,232,232,87,87,147,147,113,113,174,174,229,229,143,143,156,158,90,90,127,142,190,194,252,252,167,177,146,152,144,144,83,83,124,124,183,183,138,142,260,262,140,150,125,125,155,159,91,91,150,150,180,196,110,112,166,172,89,89,161,161,89,89,112,116,167,167,228,238,128,130,X,X,98,104,95,103,177,181,205,207,144,144,151,153,,,,,,,,,,,,,,,,,,,,,,,,,,
2025,Piikani,-,Fecal (summer collection),1_Piikani,-,94,89,91,136,136,175,185,241,245,103,103,104,106,135,147,89,101,129,143,189,191,238,238,87,91,160,160,115,115,174,174,229,231,145,145,154,156,88,100,148,150,194,200,244,254,175,177,158,158,154,156,83,83,124,124,183,183,142,150,256,262,148,150,123,125,155,155,92,95,146,150,180,198,106,106,170,172,83,91,161,173,//,//,//,//,//,//,236,240,130,134,X,X,98,104,95,97,179,191,205,211,142,156,147,149,,,,,,,,,,,,,,,,,,,,,,,,,,
2025,Piikani,-,Fecal (summer collection),3_Piikani,-,96,89,91,136,136,185,185,241,253,103,103,104,104,135,135,101,101,129,149,189,191,238,238,87,91,143,160,108,115,172,176,229,231,143,145,154,156,88,102,148,150,194,194,250,252,175,175,158,158,156,156,83,83,122,124,179,185,142,150,262,262,146,148,123,127,155,155,94,95,150,150,180,198,108,108,170,170,89,89,165,173,//,//,//,//,161,161,236,238,130,134,X,X,92,104,95,101,177,179,205,215,164,168,149,149,,,,,,,,,,,,,,,,,,,,,,,,,,
2025,Piikani,-,Fecal (summer collection),6_Piikani,-,98,91,91,134,136,175,187,241,241,103,103,104,104,135,135,89,101,129,129,189,189,//,//,87,87,160,161,108,108,172,172,229,229,145,145,156,156,90,100,148,150,194,200,254,254,175,175,158,158,154,154,83,83,124,124,179,185,142,148,262,262,146,146,123,123,155,155,92,95,146,146,180,180,108,108,170,172,89,89,161,165,87,89,112,112,161,161,236,238,128,130,Y,X,92,104,101,101,179,191,211,215,142,164,147,147,,,,,,,,,,,,,,,,,,,,,,,,,,
2025,Piikani,-,Fecal (summer collection),8_Piikani,-,98,89,93,136,138,185,187,245,253,103,103,104,104,135,141,89,101,129,143,191,195,238,254,87,91,160,161,108,115,172,172,229,231,145,145,154,156,88,88,148,150,194,200,244,250,177,177,158,158,154,156,83,83,124,124,183,183,138,142,262,262,146,146,125,125,155,155,91,92,146,146,180,198,106,106,172,172,83,91,161,173,85,87,//,//,161,165,236,240,130,134,Y,X,98,104,95,97,179,191,205,211,142,164,147,147,,,,,,,,,,,,,,,,,,,,,,,,,,
2025,Pink Mountain,-,hide,PM24_01,-,98,91,91,136,140,175,187,241,245,103,103,112,112,135,135,89,105,129,143,191,195,232,238,87,87,160,161,115,115,172,176,229,231,143,143,158,158,88,100,140,148,194,200,250,250,175,177,162,162,144,156,81,83,122,124,181,181,142,142,256,262,140,148,125,127,155,155,92,92,146,150,184,198,108,108,168,176,83,91,161,161,87,89,//,//,167,167,228,240,130,134,Y,X,96,104,95,99,181,191,203,211,142,160,149,149,,,,,,,,,,,,,,,,,,,,,,,,,,
2025,Pink Mountain,-,hide,PM24_02,-,96,89,91,136,138,175,175,245,269,103,103,104,104,135,135,93,97,//,//,189,195,232,238,87,87,158,161,113,113,176,180,229,229,143,143,156,158,100,102,127,148,194,194,250,252,165,177,158,158,144,144,83,83,124,124,175,179,148,148,260,262,146,150,129,131,//,//,92,94,146,146,180,184,108,108,168,168,89,95,161,161,85,85,116,116,167,167,228,236,134,134,X,X,92,92,95,95,189,191,211,211,142,160,149,149,,,,,,,,,,,,,,,,,,,,,,,,,,
2025,Pink Mountain,-,hide,PM24_03,-,100,91,91,134,140,175,187,241,271,103,105,106,106,135,135,93,97,129,129,189,191,238,238,87,91,160,161,113,113,180,180,231,233,143,143,156,158,90,90,127,140,194,200,250,254,165,167,158,162,156,156,81,83,122,124,179,181,142,148,256,260,140,146,125,131,153,159,95,95,146,146,180,198,108,108,170,176,89,91,165,165,91,91,114,116,161,167,228,240,118,134,X,X,96,104,95,99,189,191,201,201,156,168,149,149,,,,,,,,,,,,,,,,,,,,,,,,,,
2025,Pink Mountain,-,hide,PM24_04,-,96,91,91,136,138,187,187,241,241,103,105,102,102,135,141,91,105,//,//,191,195,238,238,85,87,160,160,108,115,172,172,229,229,143,143,158,158,90,100,140,148,194,194,244,254,165,175,162,162,144,158,83,83,124,124,165,179,142,148,260,262,140,146,125,125,//,//,92,95,146,150,192,198,108,108,170,176,83,89,161,161,85,91,114,114,167,167,240,240,130,130,X,X,92,96,95,95,179,179,205,207,142,162,149,149,,,,,,,,,,,,,,,,,,,,,,,,,,
2025,Pink Mountain,-,hide,PM24_05,-,100,91,91,136,136,175,185,241,241,103,103,112,112,135,137,89,105,127,143,195,195,238,238,85,87,160,170,115,115,172,172,229,233,143,143,158,158,88,90,127,140,190,200,250,250,173,175,152,162,144,156,83,85,122,124,183,183,148,148,256,262,146,146,127,127,155,155,92,95,146,146,184,198,108,108,168,176,83,91,161,173,85,87,108,118,167,167,228,228,134,134,X,X,92,96,95,99,189,191,211,211,142,168,149,151,,,,,,,,,,,,,,,,,,,,,,,,,,
2025,Pink Mountain,-,hide,PM24_06,-,100,89,91,138,138,175,181,271,271,105,105,106,106,137,141,89,89,129,129,191,191,238,238,87,91,160,160,108,113,172,180,231,233,143,143,154,158,90,90,140,140,190,194,250,252,165,175,160,160,154,156,81,83,124,124,175,185,142,148,256,262,140,140,123,131,155,155,92,94,146,148,184,198,108,108,168,168,83,89,173,173,85,89,116,118,161,161,240,240,118,130,Y,X,96,96,95,95,181,191,201,211,142,170,151,153,,,,,,,,,,,,,,,,,,,,,,,,,,
2025,Pink Mountain,-,hide,PM24_07,-,96,89,89,138,138,181,187,241,271,103,103,//,//,141,141,89,89,//,//,189,195,232,232,87,87,143,170,113,115,172,180,229,233,143,143,154,154,88,102,127,127,194,200,246,250,167,175,150,152,144,154,81,83,124,124,165,183,142,150,260,262,140,150,129,131,157,159,92,92,146,150,180,198,108,108,168,170,89,89,161,173,85,87,114,118,161,167,236,236,118,130,X,X,92,96,99,99,181,191,201,211,156,170,149,149,,,,,,,,,,,,,,,,,,,,,,,,,,
2025,Pink Mountain,-,hide,PM24_08,-,98,89,91,136,138,175,185,241,249,103,104,104,104,135,135,//,//,129,143,195,195,238,238,85,87,160,161,113,113,172,180,233,233,143,147,158,158,88,90,127,127,194,194,246,246,175,175,156,158,144,156,83,83,122,124,165,179,148,150,256,256,140,146,127,131,153,153,95,95,150,150,180,198,108,108,170,176,83,89,173,173,85,87,116,116,167,167,228,228,130,134,X,X,92,96,95,99,177,181,205,207,156,168,149,153,,,,,,,,,,,,,,,,,,,,,,,,,,
2025,Pink Mountain,-,hide,PM24_09,-,100,91,91,134,136,185,187,247,271,103,105,104,106,135,135,93,105,129,143,189,195,238,238,87,87,143,161,113,113,172,172,229,231,143,147,154,156,90,102,140,150,194,194,250,254,175,177,148,150,156,158,81,83,122,124,179,183,142,142,256,262,140,140,125,127,155,159,92,95,146,150,184,184,108,108,168,176,83,91,161,173,89,91,108,118,161,167,236,238,130,134,X,X,96,96,99,103,179,191,201,207,142,168,149,149,,,,,,,,,,,,,,,,,,,,,,,,,,
2025,Pink Mountain,-,hide,PM24_10,-,100,91,91,136,138,185,187,253,271,103,105,104,104,135,135,89,101,149,149,195,195,232,238,87,89,158,160,115,115,180,180,229,233,145,147,158,158,88,88,127,150,194,194,246,250,175,175,158,158,144,154,81,83,122,124,175,185,142,148,260,262,146,146,127,131,155,155,92,92,146,148,184,184,108,108,168,168,89,89,161,173,87,91,108,116,161,161,236,238,130,130,X,X,92,92,95,99,179,179,201,211,142,168,149,153,,,,,,,,,,,,,,,,,,,,,,,,,,
2025,Prince Albert National Park,-,Teeth,1_PANP,-,91,91,91,136,142,185,185,239,245,//,//,106,106,135,135,93,93,149,149,195,195,//,//,91,91,160,161,115,115,172,172,231,231,143,143,158,158,90,90,127,127,194,194,250,254,163,175,158,162,156,156,83,83,122,124,165,165,142,150,262,262,140,148,125,125,153,159,94,95,146,146,180,198,108,108,176,186,89,89,161,161,87,89,//,//,161,167,240,240,130,130,//,//,92,92,95,103,//,//,//,//,162,170,149,149,,,,,,,,,,,,,,,,,,,,,,,,,,
M. Grant Thesis,Prince Albert National Park,-,Fecal,PANP006,-,77%,,,136,136,187,187,241,244,,,,,,,,,,,,,//,//,,,162,162,,,,,,,,,,,,,,,,,,,,,,,,,//,//,,,,,142,142,,,,,,,,,,,,,,,108,108,,,89,89,161,161,89,89,,,,,//,//,,,X,X,,,,,191,191,,,,,,,173,181,200,200,//,//,265,269,122,122,156,167,202,210,//,//,283,283,179,183,229,234,//,//,,
M. Grant Thesis,Prince Albert National Park,-,Fecal,PANP008,-,96%,,,142,142,187,187,241,241,,,,,,,,,,,,,250,250,,,160,160,,,,,,,,,,,,,,,,,,,,,,,,,81,81,,,,,150,150,,,,,,,,,,,,,,,108,108,,,89,89,161,161,85,87,,,,,238,240,,,Y,X,,,,,191,191,,,,,,,181,181,200,200,214,214,265,269,122,122,160,167,202,210,//,//,291,291,183,187,229,234,206,206,,
M. Grant Thesis,Prince Albert National Park,-,Fecal,PANP012,-,92%,,,136,142,187,187,//,//,,,,,,,,,,,,,238,238,,,160,170,,,,,,,,,,,,,,,,,,,,,,,,,81,83,,,,,142,150,,,,,,,,,,,,,,,108,108,,,89,89,161,161,85,89,,,,,240,240,,,Y,X,,,,,191,191,,,,,,,181,181,200,200,206,206,269,269,122,122,156,156,202,210,//,//,283,291,183,187,229,229,210,210,,
M. Grant Thesis,Prince Albert National Park,-,Fecal,PANP014,-,92%,,,136,136,185,185,//,//,,,,,,,,,,,,,238,238,,,170,170,,,,,,,,,,,,,,,,,,,,,,,,,81,81,,,,,142,142,,,,,,,,,,,,,,,106,108,,,89,89,161,161,87,89,,,,,240,240,,,X,X,,,,,191,191,,,,,,,181,181,196,200,214,214,265,269,122,122,156,156,202,206,//,//,283,291,179,187,234,234,206,206,,
M. Grant Thesis,Prince Albert National Park,-,Fecal,PANP023,-,85%,,,136,136,185,187,239,241,,,,,,,,,,,,,//,//,,,161,161,,,,,,,,,,,,,,,,,,,,,,,,,81,83,,,,,142,150,,,,,,,,,,,,,,,108,108,,,89,89,161,161,89,89,,,,,240,240,,,X,X,,,,,191,191,,,,,,,173,181,200,200,//,//,265,269,122,122,156,160,206,210,//,//,283,291,179,187,229,234,//,//,,
M. Grant Thesis,Prince Albert National Park,-,Fecal,PANP024,-,92%,,,142,142,187,187,239,253,,,,,,,,,,,,,238,250,,,160,161,,,,,,,,,,,,,,,,,,,,,,,,,83,85,,,,,142,150,,,,,,,,,,,,,,,106,108,,,89,89,161,161,89,89,,,,,240,240,,,Y,X,,,,,191,191,,,,,,,181,181,200,200,//,//,269,269,122,122,156,167,206,210,//,//,283,291,179,183,229,229,206,210,,
M. Grant Thesis,Prince Albert National Park,-,Fecal,PANP026,-,92%,,,136,136,187,187,//,//,,,,,,,,,,,,,238,250,,,160,162,,,,,,,,,,,,,,,,,,,,,,,,,81,81,,,,,142,150,,,,,,,,,,,,,,,108,108,,,89,89,161,161,87,89,,,,,240,240,,,X,X,,,,,191,191,,,,,,,173,173,200,200,206,206,269,269,122,122,160,167,202,210,//,//,283,291,183,187,229,229,210,210,,
M. Grant Thesis,Prince Albert National Park,-,Fecal,PANP034,-,92%,,,136,136,187,187,241,241,,,,,,,,,,,,,//,//,,,160,170,,,,,,,,,,,,,,,,,,,,,,,,,81,83,,,,,142,142,,,,,,,,,,,,,,,106,108,,,89,89,161,161,85,87,,,,,240,240,,,X,X,,,,,191,191,,,,,,,173,181,200,200,214,214,269,269,122,122,156,160,206,210,//,//,283,283,179,187,229,234,206,206,,
M. Grant Thesis,Prince Albert National Park,-,Fecal,PANP043,-,92%,,,138,142,187,187,241,241,,,,,,,,,,,,,//,//,,,160,170,,,,,,,,,,,,,,,,,,,,,,,,,81,85,,,,,142,150,,,,,,,,,,,,,,,108,108,,,89,89,161,161,87,89,,,,,240,240,,,X,X,,,,,191,191,,,,,,,181,181,200,200,206,214,269,269,122,122,167,167,210,210,//,//,283,291,183,183,229,234,210,210,,
M. Grant Thesis,Prince Albert National Park,-,Fecal,PANP055,-,92%,,,136,142,187,187,241,241,,,,,,,,,,,,,238,238,,,160,160,,,,,,,,,,,,,,,,,,,,,,,,,//,//,,,,,142,150,,,,,,,,,,,,,,,108,108,,,89,89,161,161,87,89,,,,,240,240,,,Y,X,,,,,191,191,,,,,,,173,181,200,200,206,206,269,269,122,122,156,160,210,210,//,//,283,283,183,187,234,234,206,206,,
M. Grant Thesis,Prince Albert National Park,-,Fecal,PANP057,-,96%,,,136,142,187,187,244,244,,,,,,,,,,,,,238,238,,,160,162,,,,,,,,,,,,,,,,,,,,,,,,,81,81,,,,,142,150,,,,,,,,,,,,,,,108,108,,,89,89,161,161,85,89,,,,,240,240,,,X,X,,,,,191,191,,,,,,,181,181,200,200,206,206,269,269,122,122,156,167,210,210,//,//,283,291,183,183,229,234,206,210,,
M. Grant Thesis,Prince Albert National Park,-,Fecal,PANP062,-,69%,,,136,136,187,187,//,//,,,,,,,,,,,,,//,//,,,162,162,,,,,,,,,,,,,,,,,,,,,,,,,//,//,,,,,142,142,,,,,,,,,,,,,,,108,108,,,89,89,161,161,85,87,,,,,//,//,,,Y,X,,,,,191,191,,,,,,,173,181,200,200,//,//,269,269,122,126,156,167,206,210,//,//,283,283,179,183,//,//,//,//,,
M. Grant Thesis,Prince Albert National Park,-,Fecal,PANP052,-,88%,,,142,142,185,185,241,241,,,,,,,,,,,,,,,,,160,160,,,,,,,,,,,,,,,,,,,,,,,,,81,83,,,,,142,142,,,,,,,,,,,,,,,106,108,,,89,89,161,161,85,85,,,,,240,240,,,X,X,,,,,191,191,,,,,,,181,181,196,200,214,214,265,269,122,122,156,156,206,210,,,283,291,179,179,229,229,,,,
M. Grant Thesis,Prince Albert National Park,-,Fecal,PANP74,-,92%,,,136,142,187,187,241,241,,,,,,,,,,,,,,,,,160,170,,,,,,,,,,,,,,,,,,,,,,,,,83,83,,,,,142,150,,,,,,,,,,,,,,,108,108,,,89,89,161,161,89,89,,,,,240,240,,,Y,Y,,,,,191,191,,,,,,,173,181,200,200,206,214,269,269,122,122,156,167,210,210,,,283,283,179,183,229,229,206,210,,
2023,Rainbow Lake,Wood Bison,DNA,rainbow lake 1,-,100,91,93,136,136,179,187,253,269,103,103,104,104,135,147,93,93,129,129,189,191,232,232,87,89,158,158,113,113,174,174,225,229,143,143,158,158,90,90,138,146,194,194,246,246,167,177,152,166,154,160,81,85,124,124,175,175,142,142,260,262,146,148,125,129,155,159,91,92,146,150,184,198,110,112,166,172,85,95,161,161,89,89,,,167,167,238,238,132,132,Y,X,102,102,101,103,181,181,205,205,142,166,151,151,,,,,,,,,,,,,,,,,,,,,,,,,,
2023,Ronald Lake,Wood Bison,serum,35462,-,100,89,91,134,138,185,191,247,247,103,103,104,104,135,145,97,97,129,143,189,189,232,232,87,89,160,160,108,113,174,176,225,229,133,143,156,160,90,102,148,150,194,202,246,252,163,173,146,152,154,160,83,83,122,132,175,175,142,142,260,262,140,146,129,129,151,155,95,95,146,146,180,184,106,110,170,172,85,89,161,161,87,91,,,161,167,240,240,118,130,Y,X,102,102,95,103,181,181,205,207,142,158,145,145,,,,,,,,,,,,,,,,,,,,,,,,,,
2023,Ronald Lake,Wood Bison,serum,35463,-,100,89,91,134,136,185,187,247,253,103,103,104,104,145,147,93,103,129,129,191,191,238,254,87,87,160,162,108,113,174,174,225,225,143,143,156,160,90,90,148,150,190,194,252,252,173,175,146,156,144,154,83,83,124,132,175,175,142,142,260,262,146,148,123,129,155,155,95,95,150,150,180,184,106,108,170,172,85,89,161,173,85,87,,,161,167,228,238,128,130,Y,X,102,104,95,103,181,181,205,211,142,144,145,145,,,,,,,,,,,,,,,,,,,,,,,,,,
2023,Ronald Lake,Wood Bison,serum,35464,-,100,89,89,134,136,185,185,247,253,103,103,104,104,135,145,103,103,129,129,189,191,254,254,89,91,160,162,113,115,176,176,229,231,143,143,158,160,90,102,150,150,188,194,250,252,163,177,156,162,154,160,77,83,132,132,183,183,142,150,260,262,146,148,129,129,155,155,92,95,146,150,180,180,106,106,170,172,89,89,173,173,85,85,,,167,167,228,240,130,130,Y,X,98,102,95,101,181,191,207,211,142,158,145,145,,,,,,,,,,,,,,,,,,,,,,,,,,
2023,Ronald Lake,Wood Bison,serum,35465,-,100,91,93,134,134,181,187,241,247,103,103,108,108,135,145,93,103,129,129,189,189,238,254,87,87,158,160,115,115,172,174,229,229,143,143,154,158,90,102,146,150,194,202,252,252,163,167,156,156,144,160,83,83,124,132,183,183,142,148,260,262,140,150,129,129,155,155,91,92,150,150,180,180,106,106,172,172,85,89,161,165,81,87,,,161,167,236,236,130,132,Y,X,102,104,95,101,181,181,205,211,142,166,145,145,,,,,,,,,,,,,,,,,,,,,,,,,,
2023,Ronald Lake,Wood Bison,serum,35466,-,100,91,93,134,138,185,191,253,253,103,103,104,104,141,145,93,103,129,143,189,191,248,254,83,87,160,162,113,115,172,174,225,225,143,147,158,158,90,102,140,150,194,194,252,254,163,177,146,158,144,144,83,83,124,124,175,183,142,150,262,262,146,150,123,129,151,155,92,92,150,150,180,198,106,108,172,172,83,89,161,161,89,91,,,167,167,236,240,118,118,Y,X,102,104,103,103,181,181,205,205,142,166,145,149,,,,,,,,,,,,,,,,,,,,,,,,,,
2023,Ronald Lake,Wood Bison,serum,37488,-,100,89,91,134,136,185,187,247,247,103,103,104,104,147,147,103,103,129,129,191,191,238,238,87,87,160,160,108,113,172,176,229,231,143,143,158,160,90,90,150,150,194,194,252,252,175,177,152,156,144,144,83,83,124,124,175,175,142,150,256,260,148,150,123,129,151,155,92,95,150,150,180,180,106,106,170,172,83,89,161,161,85,89,,,167,167,228,240,130,130,X,X,102,104,95,95,181,181,207,211,142,142,145,149,,,,,,,,,,,,,,,,,,,,,,,,,,
2023,Ronald Lake,Wood Bison,serum,37489,-,100,89,89,134,136,185,185,247,253,103,103,104,108,135,135,91,103,129,129,189,191,232,254,87,89,160,160,113,115,172,176,229,231,143,143,156,156,90,102,127,148,194,194,250,252,173,177,146,156,144,154,77,83,124,132,175,181,142,150,262,262,140,146,129,129,151,155,92,92,150,150,180,180,106,106,170,170,83,89,173,173,85,89,,,167,167,236,236,128,130,X,X,104,104,95,103,181,181,207,215,142,166,145,145,,,,,,,,,,,,,,,,,,,,,,,,,,
2023,Ronald Lake,Wood Bison,serum,37491,-,100,89,91,134,136,185,187,241,253,103,103,104,108,145,147,93,103,129,129,191,191,254,254,87,89,160,162,108,113,172,174,225,229,143,143,154,156,90,102,140,148,190,194,252,252,175,175,156,156,144,144,83,83,124,124,175,183,142,142,260,260,148,148,123,129,155,155,92,95,150,150,180,184,106,108,172,172,85,89,165,173,85,87,,,161,167,228,238,128,130,X,X,102,104,95,101,181,181,205,215,144,144,145,145,,,,,,,,,,,,,,,,,,,,,,,,,,
2023,Ronald Lake,Wood Bison,serum,37495,-,100,89,91,138,138,185,191,247,247,103,103,104,108,135,141,91,103,129,141,189,191,238,238,87,89,160,160,113,115,174,176,229,229,143,143,156,156,90,90,146,146,194,194,252,252,167,177,152,156,144,154,83,83,132,132,183,183,142,142,262,262,148,150,129,129,155,155,92,95,150,150,180,184,106,108,172,172,83,89,173,173,81,81,,,167,167,236,240,118,118,X,X,102,104,95,95,181,181,205,205,142,168,145,149,,,,,,,,,,,,,,,,,,,,,,,,,,
2023,Ronald Lake,Wood Bison,serum,37496,-,100,91,93,134,134,185,187,253,269,103,103,104,108,135,141,91,103,129,129,189,191,232,252,87,91,160,160,113,115,172,178,229,231,143,143,156,158,90,90,146,150,188,188,252,252,163,175,152,158,144,144,83,83,124,124,175,183,142,142,262,262,148,148,129,129,151,155,95,95,146,150,180,180,106,106,172,174,83,89,173,173,85,89,,,161,167,228,236,130,130,X,X,104,104,101,103,181,191,205,215,144,168,145,145,,,,,,,,,,,,,,,,,,,,,,,,,,
2023,Ronald Lake,Wood Bison,DNA,12-09,-,100,89,91,134,136,187,191,253,269,103,103,108,108,135,145,93,103,129,143,189,195,232,238,89,89,160,160,113,115,174,174,229,231,133,143,156,158,90,102,148,150,190,194,246,252,163,167,152,152,144,160,83,83,132,132,175,183,142,142,256,262,140,140,125,125,151,155,92,95,150,150,180,180,106,106,170,172,85,89,173,173,85,91,,,167,167,236,240,118,132,Y,X,102,102,95,95,181,181,205,211,166,166,145,145,,,,,,,,,,,,,,,,,,,,,,,,,,
2023,Ronald Lake,Wood Bison,DNA,12-10,-,100,89,89,134,136,181,185,247,253,103,103,108,108,135,147,91,97,129,143,189,189,238,254,87,91,158,160,115,115,172,174,231,231,143,143,154,158,90,102,148,150,194,194,250,252,175,177,152,152,144,154,83,83,124,132,183,183,142,150,260,260,146,150,129,129,155,155,95,95,146,146,180,180,96,106,170,170,85,89,165,173,87,87,,,167,167,236,236,130,130,Y,X,102,102,103,103,181,181,211,215,142,166,145,145,,,,,,,,,,,,,,,,,,,,,,,,,,
2023,Ronald Lake,Wood Bison,DNA,12-11,-,100,91,91,136,138,187,191,253,269,103,103,108,108,135,141,97,103,141,149,189,191,238,252,87,87,160,160,115,115,172,176,229,231,143,143,156,158,102,102,127,150,188,194,252,252,161,175,150,150,144,144,83,83,124,124,175,183,142,142,262,262,146,146,129,129,151,157,95,95,150,150,180,198,106,112,170,172,85,89,173,173,87,91,,,167,167,228,236,118,132,Y,X,100,104,95,103,181,181,207,207,158,168,145,145,,,,,,,,,,,,,,,,,,,,,,,,,,
2023,Ronald Lake,Wood Bison,DNA,12-12,-,100,89,91,136,136,187,191,253,269,103,103,100,108,135,145,97,97,129,129,189,191,238,254,87,89,160,162,113,113,174,176,229,231,143,143,156,156,90,102,140,148,188,202,252,252,173,173,156,162,144,144,83,83,132,132,165,183,142,148,260,262,146,150,129,129,151,155,95,95,150,150,180,192,106,106,172,172,89,89,161,161,89,91,,,167,167,236,236,130,130,Y,X,104,104,95,97,181,181,207,207,142,166,149,149,,,,,,,,,,,,,,,,,,,,,,,,,,
2023,Ronald Lake,Wood Bison,DNA,12-13,-,100,89,91,136,136,185,187,241,253,103,103,104,104,135,141,97,103,127,141,189,191,232,238,87,89,160,162,113,113,172,174,229,231,143,143,156,156,90,102,127,146,194,202,246,252,163,177,146,152,154,160,83,83,124,124,175,183,142,148,262,262,150,150,125,129,155,155,92,92,150,150,180,180,106,106,170,170,89,89,173,173,85,85,,,167,167,228,236,132,132,X,X,104,104,95,103,181,181,207,211,158,166,145,149,,,,,,,,,,,,,,,,,,,,,,,,,,
2023,Ronald Lake,Wood Bison,DNA,12-14,-,100,91,91,134,136,187,187,247,253,102,102,100,108,135,145,91,93,129,143,189,191,252,254,87,87,160,160,113,115,174,176,225,229,143,143,158,158,90,102,146,150,194,194,246,254,163,167,146,162,144,160,83,83,132,132,183,183,142,142,256,262,140,146,125,129,155,155,92,92,150,150,180,180,106,106,170,170,89,89,161,173,81,81,,,161,167,236,236,130,132,X,X,102,102,101,101,181,181,205,205,168,168,145,149,,,,,,,,,,,,,,,,,,,,,,,,,,
2023,Ronald Lake,Wood Bison,DNA,12-14B,-,100,89,91,134,136,175,187,247,253,103,103,100,100,135,137,91,103,129,143,189,189,254,254,87,87,160,160,115,115,172,174,225,229,143,143,158,158,90,102,142,150,194,194,246,252,163,167,146,152,154,160,81,83,132,132,183,183,142,142,260,262,140,146,125,125,155,155,92,92,146,150,180,192,106,112,170,170,85,89,161,169,81,89,,,167,167,228,240,130,130,Y,X,98,102,101,101,181,181,205,205,142,168,145,151,,,,,,,,,,,,,,,,,,,,,,,,,,
2023,Ronald Lake,Wood Bison,DNA,12-15,-,100,89,89,136,136,191,191,241,247,102,102,104,108,135,141,83,97,129,143,191,191,232,252,89,91,162,162,113,115,172,174,229,231,143,147,158,158,90,90,146,148,194,202,246,246,167,177,152,156,144,160,83,83,124,132,183,183,142,150,262,262,146,146,123,129,151,151,92,92,146,146,180,192,96,106,172,172,89,89,161,161,81,91,,,167,167,236,236,132,132,X,X,102,102,103,103,181,189,205,215,158,166,145,149,,,,,,,,,,,,,,,,,,,,,,,,,,
2023,Ronald Lake,Wood Bison,DNA,12-16,-,100,89,89,136,136,187,187,247,247,103,103,104,108,135,147,91,103,129,143,191,191,232,252,87,87,160,162,113,115,174,176,229,231,143,143,156,158,90,90,127,150,194,194,246,252,163,167,152,152,144,154,83,83,132,132,183,183,142,150,256,262,148,150,125,129,151,155,92,95,146,146,180,180,106,106,170,170,89,89,173,173,85,91,,,167,167,236,236,118,118,X,X,98,104,95,101,181,181,207,207,142,166,145,153,,,,,,,,,,,,,,,,,,,,,,,,,,
2023,Ronald Lake,Wood Bison,DNA,12-17,-,100,89,89,134,136,187,187,247,253,103,103,104,108,135,147,91,103,129,129,191,191,232,252,87,87,160,162,113,115,174,176,229,231,143,143,156,158,90,90,148,150,190,194,252,254,163,167,152,152,144,144,83,83,132,132,183,183,142,150,262,262,146,148,129,129,151,151,91,95,146,146,180,192,106,106,170,170,89,89,161,173,85,91,,,167,167,228,236,118,118,X,X,98,102,95,95,181,181,207,207,142,142,145,145,,,,,,,,,,,,,,,,,,,,,,,,,,
2023,Ronald Lake,Wood Bison,DNA,12-17B,-,100,89,89,134,136,187,191,247,253,103,103,108,108,135,147,97,103,129,129,191,191,232,232,87,89,160,162,113,115,174,176,229,231,143,143,154,156,90,90,148,150,188,190,252,252,167,173,152,156,144,144,83,83,124,132,165,183,142,150,260,262,146,148,129,129,151,155,92,95,146,146,180,192,106,106,170,172,89,89,161,173,85,91,,,167,167,236,236,118,130,X,X,102,104,95,103,181,181,207,207,142,166,145,149,,,,,,,,,,,,,,,,,,,,,,,,,,
2023,Ronald Lake,Wood Bison,DNA,12-18,-,100,89,91,134,136,187,187,247,253,103,103,104,108,135,135,97,103,141,149,189,189,232,252,87,89,160,162,113,113,172,174,231,231,143,143,158,158,90,102,127,150,188,194,252,252,163,177,152,152,144,154,83,83,124,132,175,183,142,142,256,262,146,148,129,129,155,157,92,95,146,150,180,198,106,110,170,170,89,89,173,173,85,91,,,167,167,228,236,132,132,Y,X,102,104,95,95,181,181,207,215,158,168,145,145,,,,,,,,,,,,,,,,,,,,,,,,,,
2023,Ronald Lake,Wood Bison,Serum,6346-207496,-,100,91,93,134,134,181,187,241,253,103,103,100,104,147,147,97,103,129,143,189,189,248,254,87,89,158,162,108,115,172,172,225,229,143,143,154,158,90,90,148,150,194,194,252,254,175,175,146,156,144,156,83,83,124,132,183,183,142,148,260,262,148,150,127,129,155,155,91,95,148,150,180,192,106,106,172,172,85,89,165,173,85,87,,,167,167,228,228,130,130,X,X,98,102,95,103,181,181,205,205,144,166,145,149,,,,,,,,,,,,,,,,,,,,,,,,,,
2023,Ronald Lake,Wood Bison,Serum,6347-207497,-,100,89,91,134,134,187,187,241,269,103,103,104,104,141,145,103,103,129,129,189,191,238,254,89,89,160,160,108,115,174,176,229,229,143,143,156,156,90,90,148,150,190,202,250,252,173,173,152,156,144,154,83,83,124,132,175,183,142,150,262,262,148,150,127,129,151,155,92,95,146,150,180,180,106,110,170,172,83,89,161,173,81,85,,,161,167,228,238,130,130,X,X,104,104,101,103,181,181,205,211,142,168,145,145,,,,,,,,,,,,,,,,,,,,,,,,,,
2023,Ronald Lake,Wood Bison,Serum,6349-207499,-,100,89,89,136,136,185,191,241,253,103,103,108,108,145,145,103,103,141,143,189,191,238,248,87,87,160,160,113,115,172,176,225,231,147,147,154,156,90,90,140,146,190,194,252,252,167,173,156,156,144,144,83,83,124,132,175,175,142,142,260,262,146,146,123,129,155,155,91,92,146,150,184,192,106,106,172,172,83,85,161,161,85,91,,,161,167,236,238,130,130,X,X,98,104,103,103,181,181,205,207,142,166,149,149,,,,,,,,,,,,,,,,,,,,,,,,,,
2023,Ronald Lake,Wood Bison,Serum,6350-207500,-,100,89,91,134,136,185,187,241,253,103,103,104,104,135,147,93,97,129,129,191,191,238,254,87,87,162,162,113,113,174,174,225,229,143,143,156,160,90,90,146,150,194,194,246,252,175,177,152,158,144,160,83,83,132,132,175,183,142,148,262,262,148,150,129,129,151,155,91,95,146,150,180,180,106,106,170,172,89,89,173,173,85,87,,,167,167,228,236,118,130,X,X,102,102,95,103,181,189,205,211,166,166,145,145,,,,,,,,,,,,,,,,,,,,,,,,,,
2023,Ronald Lake,Wood Bison,Serum,6351-207501,-,100,89,89,136,138,185,185,241,247,103,103,104,108,135,145,103,103,129,141,189,191,232,248,87,89,160,162,108,108,172,176,229,229,143,143,154,156,90,90,140,146,190,194,252,254,175,175,152,152,144,144,83,83,124,132,175,183,142,142,260,262,148,150,129,129,155,155,92,92,150,150,180,180,96,110,172,176,85,85,161,161,85,85,,,167,167,236,238,130,130,X,X,102,104,95,101,181,191,205,205,142,166,145,149,,,,,,,,,,,,,,,,,,,,,,,,,,
2023,Ronald Lake,Wood Bison,Biopsy,RL21-01,-,100,89,89,134,136,185,185,247,253,103,103,100,108,135,135,103,103,141,141,191,195,238,238,87,89,160,160,113,115,174,174,229,231,143,143,156,156,90,90,146,150,188,190,252,252,163,163,152,156,144,144,83,83,124,132,175,181,142,150,256,262,148,150,129,129,151,151,92,92,150,150,180,180,106,106,170,172,89,89,173,173,85,87,,,167,167,236,240,130,130,X,X,102,102,95,103,181,181,205,207,166,166,145,149,,,,,,,,,,,,,,,,,,,,,,,,,,
2023,Ronald Lake,Wood Bison,Biopsy,RL21-02,-,100,89,91,134,138,185,191,253,253,101,103,104,104,141,145,97,103,129,129,189,191,238,254,87,91,162,162,113,113,174,176,231,231,143,147,158,160,90,90,140,150,190,194,252,252,177,177,152,156,144,160,83,83,124,132,183,183,142,150,260,262,148,150,129,129,155,155,92,95,150,150,180,198,106,106,170,172,89,89,173,173,85,85,,,167,167,236,240,130,130,X,X,98,102,95,103,181,181,205,211,142,168,145,149,,,,,,,,,,,,,,,,,,,,,,,,,,
2023,Ronald Lake,Wood Bison,Biopsy,RL21-03,-,100,89,91,136,138,185,187,247,253,103,103,104,104,135,147,91,103,129,141,189,191,232,254,87,89,160,160,115,115,174,176,231,231,143,143,154,156,90,102,140,150,194,202,250,252,163,177,146,162,144,154,83,83,124,124,165,183,142,150,262,262,140,146,129,129,151,155,92,95,146,150,180,180,106,106,170,172,89,89,161,173,81,85,,,167,167,236,240,118,130,X,X,104,104,103,103,181,181,207,215,166,166,145,153,,,,,,,,,,,,,,,,,,,,,,,,,,
2023,Ronald Lake,Wood Bison,Biopsy,RL21-05,-,100,89,91,134,134,185,185,247,253,103,103,100,108,141,145,103,103,129,129,191,195,232,238,87,89,160,162,113,115,174,178,229,231,143,147,156,158,90,90,140,150,188,202,252,252,173,177,152,162,144,144,83,83,124,124,181,183,142,150,260,262,150,150,129,129,151,151,95,95,150,150,180,192,106,106,172,174,89,89,165,173,85,85,,,167,167,240,240,130,130,X,X,104,104,95,101,181,181,205,211,158,168,145,149,,,,,,,,,,,,,,,,,,,,,,,,,,
2023,Ronald Lake,Wood Bison,Biopsy,RL21-06,-,100,89,91,134,136,187,191,253,269,103,103,104,104,141,145,97,103,129,141,191,191,232,254,87,89,160,160,108,113,174,176,225,225,133,143,156,156,90,90,127,148,190,194,252,252,163,173,146,152,144,160,83,83,124,132,175,183,142,142,260,262,146,150,129,129,155,155,95,95,146,150,180,180,108,108,170,172,85,89,161,173,85,91,,,167,167,228,240,130,130,X,X,102,102,95,101,181,181,205,207,142,144,145,145,,,,,,,,,,,,,,,,,,,,,,,,,,
2023,Ronald Lake,Wood Bison,Biopsy,RL21-07,-,100,89,89,136,138,185,191,253,253,103,103,104,108,135,147,97,97,129,143,189,191,232,232,87,89,160,160,113,113,172,176,227,231,133,143,154,156,90,102,150,150,188,202,246,252,163,167,152,156,144,154,83,83,124,132,175,183,142,150,260,262,146,150,123,125,155,155,95,95,146,150,180,192,106,108,172,172,83,83,161,165,85,89,,,167,167,236,236,118,118,X,X,102,102,101,103,181,181,207,215,158,168,149,149,,,,,,,,,,,,,,,,,,,,,,,,,,
2023,Ronald Lake,Wood Bison,Biopsy,RL21-09,-,100,89,89,134,136,187,191,247,253,103,103,100,104,135,135,91,97,129,149,189,191,232,232,89,91,160,161,113,115,172,176,225,231,143,143,154,156,90,102,127,148,194,202,250,252,165,167,156,156,144,160,83,83,124,132,175,183,142,142,256,260,148,150,129,129,155,155,92,92,146,150,192,192,96,106,170,172,85,89,161,173,91,91,,,167,167,240,240,130,130,X,X,102,102,95,101,181,181,207,211,142,144,145,149,,,,,,,,,,,,,,,,,,,,,,,,,,
2023,Ronald Lake,Wood Bison,Biopsy,RL21-10,-,100,89,89,136,138,181,185,247,269,103,103,104,108,141,147,91,91,129,143,189,191,238,238,87,89,160,160,113,115,172,176,229,231,143,143,154,160,90,102,148,148,190,194,252,252,163,175,152,156,154,154,83,83,124,132,175,183,142,148,260,262,150,150,129,129,151,155,95,95,146,146,180,192,106,106,170,172,85,89,161,165,85,87,,,167,167,228,236,130,130,X,X,102,102,95,103,181,181,211,211,142,142,145,145,,,,,,,,,,,,,,,,,,,,,,,,,,
2023,Ronald Lake,Wood Bison,Biopsy,RL21-11,-,100,89,89,136,136,185,187,241,253,103,103,104,108,135,145,103,103,129,129,191,191,248,254,87,87,160,160,108,115,172,172,229,229,143,143,156,156,90,90,140,150,188,190,252,254,173,175,152,158,144,154,83,83,124,132,175,183,142,142,260,260,150,150,129,129,155,155,91,92,146,150,180,180,96,110,172,174,83,85,161,173,81,85,,,167,167,236,238,130,130,X,X,102,102,95,101,181,191,205,215,158,166,145,149,,,,,,,,,,,,,,,,,,,,,,,,,,
2023,Ronald Lake,Wood Bison,Biopsy,RL21-12,-,100,89,89,136,136,185,191,241,253,103,103,104,108,147,147,93,97,129,129,191,191,232,238,87,87,160,162,113,113,174,176,225,231,143,147,154,160,90,90,146,148,188,194,246,250,167,175,152,156,144,144,83,83,132,132,175,183,142,148,260,262,146,148,123,129,151,155,91,95,146,150,180,192,106,106,172,172,83,89,161,173,85,91,,,167,167,228,236,118,130,X,X,102,104,95,103,181,189,207,211,166,166,145,149,,,,,,,,,,,,,,,,,,,,,,,,,,
2023,Ronald Lake,Wood Bison,Biopsy,RL21-13,-,100,91,93,134,136,181,191,253,253,103,103,100,104,135,145,91,97,129,129,189,191,238,252,89,89,160,160,108,113,172,176,225,231,143,143,156,158,90,102,146,146,188,194,252,254,167,173,156,158,144,144,83,83,132,132,175,175,142,142,260,262,146,146,127,129,155,155,91,92,148,150,180,192,106,110,172,172,83,89,161,173,85,91,,,161,167,228,240,130,130,X,X,104,104,95,103,181,181,205,211,142,166,145,149,,,,,,,,,,,,,,,,,,,,,,,,,,
2023,Ronald Lake,Wood Bison,Biopsy,RL21-14,-,100,89,91,136,136,187,191,253,269,103,103,100,108,147,147,97,97,129,129,189,189,232,238,87,87,160,162,113,113,176,176,231,231,143,147,156,158,90,102,148,150,188,202,252,252,163,173,152,156,144,154,83,83,124,124,165,183,142,142,260,260,146,148,129,129,155,155,91,95,146,146,184,192,106,106,170,172,83,85,161,165,85,91,,,161,167,236,236,130,130,X,X,102,102,95,103,181,191,205,211,142,158,145,149,,,,,,,,,,,,,,,,,,,,,,,,,,
2023,Ronald Lake,Wood Bison,Biopsy,RL21-15,-,100,89,89,136,136,187,191,247,253,103,103,104,104,135,147,97,103,143,143,189,189,232,254,89,89,160,162,113,113,176,176,229,231,143,147,156,158,90,102,140,146,194,202,252,252,163,175,152,158,144,144,83,83,124,132,165,175,142,150,262,262,146,146,129,129,151,155,92,95,146,146,180,198,106,112,170,170,83,89,161,173,81,89,,,167,167,236,240,130,130,X,X,98,104,95,103,181,191,205,207,144,166,145,149,,,,,,,,,,,,,,,,,,,,,,,,,,
2023,Ronald Lake,Wood Bison,Biopsy,RL21-17,-,100,89,91,134,136,185,187,241,253,103,103,108,108,147,147,97,103,141,141,189,191,238,248,87,89,160,162,108,113,172,176,229,231,143,147,154,154,90,102,140,148,194,194,252,254,163,173,146,156,144,160,83,83,124,124,183,183,142,142,260,262,140,146,127,129,155,155,92,92,146,150,180,180,106,106,172,172,85,89,161,173,85,85,,,167,167,236,238,130,130,Y,X,98,104,95,95,181,181,211,215,166,166,145,149,,,,,,,,,,,,,,,,,,,,,,,,,,
2023,Ronald Lake,Wood Bison,Biopsy,RL21-20,-,100,91,91,134,136,181,185,253,253,103,103,104,104,145,145,91,103,141,143,189,191,238,254,87,89,160,160,113,113,174,178,229,229,143,143,158,158,90,90,146,150,194,194,252,252,163,163,152,158,144,144,83,83,132,132,175,183,142,150,260,262,146,148,129,129,151,155,91,92,150,150,180,180,106,106,170,172,83,85,173,173,85,91,,,161,167,228,236,130,130,Y,X,102,102,95,103,181,181,205,207,166,166,145,145,,,,,,,,,,,,,,,,,,,,,,,,,,
2023,Ronald Lake,Wood Bison,Biopsy,RL21-25,-,100,89,89,134,136,185,185,247,253,103,103,108,108,145,147,93,97,129,141,191,191,232,238,87,89,160,160,108,113,172,176,225,229,143,147,156,160,90,102,148,150,194,202,250,252,163,173,146,152,154,160,77,83,124,132,175,183,142,142,260,262,146,146,127,129,155,155,92,92,150,150,180,192,106,106,170,172,89,89,161,173,85,91,,,167,167,236,236,132,132,Y,X,102,104,95,101,181,181,205,211,142,166,145,149,,,,,,,,,,,,,,,,,,,,,,,,,,
2023,Sturgeon River,Plains Bison,Fecal swab,10-273,-,100,91,91,142,142,187,187,245,253,103,103,106,106,135,135,105,105,149,149,195,195,238,238,87,91,160,170,113,115,172,172,231,231,143,143,154,154,88,90,127,148,194,198,250,254,175,175,158,162,156,156,81,85,124,124,179,179,142,150,262,262,148,148,129,129,159,159,94,95,146,146,180,198,108,108,170,186,89,89,161,161,89,89,,,161,161,240,240,130,130,X,X,96,104,95,95,191,191,207,207,162,168,149,149,,,,,,,,,,,,,,,,,,,,,,,,,,
2023,Sturgeon River,Plains Bison,Fecal swab,23-273,-,100,89,91,136,136,185,187,239,241,103,103,106,106,135,141,93,105,149,149,195,195,250,250,91,91,161,161,113,113,172,172,231,233,143,143,154,158,88,90,127,148,194,194,250,254,165,175,158,158,144,156,81,83,124,124,165,165,142,150,262,262,140,140,125,127,153,155,94,95,146,146,180,180,108,108,186,186,89,89,161,161,89,89,,,161,167,238,240,130,130,X,X,96,104,103,103,191,191,207,211,168,170,149,149,,,,,,,,,,,,,,,,,,,,,,,,,,
2023,Sturgeon River,Plains Bison,Fecal swab,50-270,-,100,91,91,142,142,185,187,241,241,101,103,106,106,135,135,93,105,149,149,195,195,238,250,87,87,160,161,113,115,172,172,231,231,143,143,154,158,88,90,127,148,194,194,250,254,163,175,158,158,156,156,83,83,124,124,165,179,142,150,260,262,140,148,125,129,155,155,91,95,146,146,180,180,106,108,170,170,89,89,161,161,87,89,,,161,167,240,240,130,130,X,X,92,104,95,95,191,191,207,207,162,162,149,149,,,,,,,,,,,,,,,,,,,,,,,,,,
2023,Sturgeon River,Plains Bison,Fecal swab,55-47,-,100,91,91,136,142,187,187,239,241,103,103,106,106,135,141,93,105,149,149,195,195,238,238,91,91,160,160,113,115,172,178,231,231,143,143,158,158,90,90,127,127,194,198,250,254,175,175,158,158,156,156,83,85,122,124,165,179,142,150,262,262,140,140,125,129,159,159,94,95,146,146,198,198,108,108,170,186,89,89,161,161,87,89,,,161,167,240,240,130,130,Y,X,92,104,95,103,191,191,207,211,168,170,149,149,,,,,,,,,,,,,,,,,,,,,,,,,,
2023,Sturgeon River,Plains Bison,Fecal swab,57-47,-,100,91,91,136,142,187,187,239,245,103,103,106,106,135,141,93,105,149,149,195,195,238,238,87,91,160,161,113,115,172,180,231,233,143,143,154,154,90,90,127,127,194,194,250,250,165,165,158,158,156,156,81,83,122,124,165,165,142,150,262,262,140,140,125,129,155,159,91,91,146,146,198,198,108,108,186,186,89,89,161,161,85,89,,,161,167,240,240,130,130,X,X,92,96,95,95,191,191,211,211,142,170,149,149,,,,,,,,,,,,,,,,,,,,,,,,,,
2025,Sturgeon River,-,Fecal,25_SturRiv_1,-,100,91,91,142,142,185,187,241,241,103,103,106,106,135,135,105,105,149,149,195,195,238,238,91,91,161,170,113,115,172,172,233,233,143,143,158,158,88,90,148,148,194,194,250,250,163,165,158,158,144,156,81,83,122,124,165,179,142,150,262,262,140,140,125,125,153,159,91,95,146,146,180,180,106,108,176,186,89,89,161,161,89,89,,,161,161,240,240,130,130,X,X,92,104,95,103,191,191,211,211,162,170,149,149,,,,,,,,,,,,,,,,,,,,,,,,,,
2025,Sturgeon River,-,Fecal,25_SturRiv_3,-,100,89,91,136,136,187,187,239,241,103,103,106,106,135,135,93,105,149,149,195,195,250,250,87,91,160,161,113,115,172,172,231,231,143,143,154,158,88,88,127,148,194,198,250,250,175,175,158,162,156,156,83,83,124,124,165,179,142,150,262,262,140,140,125,125,153,155,94,94,146,146,180,192,108,108,170,186,89,89,161,161,89,89,,,161,161,240,240,130,130,Y,X,96,104,95,103,191,191,207,207,170,170,149,149,,,,,,,,,,,,,,,,,,,,,,,,,,
2025,Sturgeon River,-,Fecal,25_SturRiv_6,-,100,89,91,142,142,185,187,241,241,103,103,104,104,135,141,93,105,149,149,189,195,250,250,87,91,160,170,113,115,172,180,231,233,143,143,154,158,88,90,127,127,194,194,250,250,163,175,158,162,156,156,83,83,124,124,165,179,142,150,262,262,140,148,125,127,155,159,91,95,146,146,180,180,106,108,170,186,89,89,161,161,87,89,,,161,161,240,240,130,130,Y,X,96,104,95,95,191,191,207,211,162,168,149,149,,,,,,,,,,,,,,,,,,,,,,,,,,
2025,Sturgeon River,-,Fecal,25_SturRiv_10,-,100,89,91,136,142,187,187,241,241,103,103,106,106,135,141,105,105,149,149,189,195,238,238,91,91,160,170,113,115,172,178,231,231,143,145,154,160,90,90,127,148,194,194,250,250,175,175,158,158,156,156,81,85,122,124,165,179,142,150,262,262,148,148,125,129,155,159,91,94,146,146,198,198,108,108,170,186,89,89,161,161,85,87,,,161,167,238,240,130,130,X,X,96,104,95,103,191,191,207,207,162,170,149,149,,,,,,,,,,,,,,,,,,,,,,,,,,
2025,Sturgeon River,-,Fecal,25_SturRiv_11,-,98,89,91,136,142,187,187,239,241,103,103,106,106,135,141,93,105,149,149,195,195,//,//,87,87,160,161,113,113,180,180,231,231,143,143,154,158,88,90,127,148,194,194,250,250,163,175,158,158,144,156,85,85,124,124,165,165,142,150,262,262,140,148,129,129,153,155,91,95,146,146,180,180,106,108,170,186,89,89,161,161,85,89,,,161,167,240,240,130,130,Y,X,92,104,95,103,191,191,207,207,142,170,149,149,,,,,,,,,,,,,,,,,,,,,,,,,,
2025,Sturgeon River,-,Fecal,25_SturRiv_12,-,100,89,91,136,138,187,187,245,253,103,103,106,106,135,135,105,105,149,149,195,195,238,238,91,91,160,161,113,113,172,172,231,231,143,143,154,158,88,90,148,148,194,194,250,250,163,175,158,158,156,156,81,81,122,124,179,179,142,150,262,262,140,148,127,127,155,159,91,95,146,146,180,180,106,108,186,186,89,89,161,161,85,87,,,161,161,238,240,130,130,Y,X,96,104,95,103,191,191,207,207,168,170,149,149,,,,,,,,,,,,,,,,,,,,,,,,,,
2025,Sturgeon River,-,Fecal,25_SturRiv_13,-,100,91,91,142,142,187,187,239,245,103,103,104,106,135,141,93,105,149,149,189,195,250,250,91,91,160,170,113,113,172,172,231,231,143,145,154,154,88,90,127,148,194,194,250,250,163,175,158,162,156,156,81,83,124,124,179,179,142,150,262,262,140,140,127,127,153,159,91,91,146,146,180,198,108,108,170,170,89,89,161,161,85,89,,,161,161,238,240,130,130,X,X,92,96,95,103,191,191,207,211,142,162,149,149,,,,,,,,,,,,,,,,,,,,,,,,,,
2025,Sturgeon River,-,Fecal,25_SturRiv_14,-,100,91,91,136,142,187,187,241,245,103,103,104,106,135,141,93,93,149,149,189,195,238,238,87,91,170,170,115,115,172,172,231,231,143,143,154,158,88,90,127,127,194,194,250,250,163,165,158,162,156,156,81,83,124,124,179,179,142,150,262,262,148,148,127,129,153,155,91,94,146,146,180,198,106,108,170,176,89,89,161,161,87,89,,,161,167,238,240,130,130,X,X,104,104,95,103,191,191,211,211,162,162,149,149,,,,,,,,,,,,,,,,,,,,,,,,,,
2025,Sturgeon River,-,Fecal,25_SturRiv_15,-,98,91,91,136,136,187,187,241,241,103,103,104,106,135,141,105,105,149,149,195,195,//,//,91,91,161,170,113,115,172,178,231,233,143,143,154,158,88,90,148,148,194,194,250,254,165,165,158,158,144,156,83,83,122,124,165,179,142,150,262,262,140,140,125,127,155,159,91,94,146,146,180,180,108,108,170,170,89,89,161,161,87,89,,,161,167,240,240,130,130,X,X,96,104,103,103,191,191,207,211,168,168,149,149,,,,,,,,,,,,,,,,,,,,,,,,,,
2025,Sturgeon River,-,Fecal,25_SturRiv_16,-,98,89,91,136,138,185,187,241,245,103,103,106,106,135,141,93,105,149,149,195,195,//,//,91,91,160,161,113,115,172,178,231,233,143,143,154,158,88,88,127,148,194,194,250,254,163,165,158,158,144,156,83,83,124,124,165,179,142,150,262,262,140,140,127,127,155,159,94,95,146,146,180,198,106,108,170,186,89,89,161,161,87,89,,,161,167,238,240,130,130,X,X,96,96,95,103,191,191,207,207,162,168,149,149,,,,,,,,,,,,,,,,,,,,,,,,,,
2025,Sturgeon River,-,Fecal,25_SturRiv_20,-,98,91,91,136,142,187,187,241,245,103,103,106,106,135,135,105,105,149,149,195,195,//,//,87,87,160,160,113,113,172,178,231,231,143,143,154,158,90,90,127,148,194,198,250,250,163,175,158,158,156,156,83,85,122,124,165,179,142,150,262,262,140,148,127,129,153,159,91,95,146,146,180,180,106,108,170,170,89,89,161,161,87,89,,,161,161,238,240,130,130,Y,X,92,104,95,103,191,191,207,211,162,170,149,149,,,,,,,,,,,,,,,,,,,,,,,,,,
2025,Sturgeon River,-,Fecal,25_SturRiv_21,-,98,91,91,136,142,187,187,239,241,103,103,104,106,135,141,93,105,149,149,189,195,238,238,91,91,170,170,113,115,172,172,231,231,143,143,154,158,90,90,127,148,194,194,250,254,165,165,158,158,156,156,81,83,124,124,165,165,142,150,262,262,140,148,125,129,155,159,91,91,146,146,180,180,108,108,170,186,89,89,161,161,85,87,,,161,167,240,240,130,130,X,X,104,104,95,103,191,191,207,207,162,170,//,//,,,,,,,,,,,,,,,,,,,,,,,,,,
2025,Sturgeon River,-,Fecal,25_SturRiv_22,-,96,91,91,136,136,187,187,241,253,//,//,104,106,135,141,89,93,149,149,195,195,238,238,87,87,161,170,113,115,172,178,231,233,143,143,158,158,88,90,127,127,194,194,250,254,165,175,158,162,144,156,81,81,124,124,165,165,142,142,262,262,140,148,129,129,155,159,95,95,146,146,180,192,106,108,170,186,89,89,161,161,85,87,,,167,167,240,240,130,130,X,X,92,104,101,101,191,191,205,207,162,168,//,//,,,,,,,,,,,,,,,,,,,,,,,,,,
2025,Sturgeon River,-,Fecal,25_SturRiv_24,-,98,91,91,136,142,187,187,239,245,103,103,106,106,135,141,93,105,149,149,195,195,238,238,87,91,160,170,113,113,172,172,231,231,143,143,154,158,90,90,127,127,198,198,250,254,163,175,158,162,156,156,81,83,124,124,165,165,142,150,262,262,140,140,125,129,155,159,94,94,146,146,192,198,108,108,170,170,89,89,161,161,89,89,,,161,161,238,240,130,130,X,X,92,96,95,95,191,191,211,211,142,170,//,//,,,,,,,,,,,,,,,,,,,,,,,,,,
2025,Sturgeon River,-,Fecal,25_SturRiv_27,-,100,89,91,142,142,185,187,241,241,103,103,104,104,135,135,105,105,149,149,195,195,238,238,87,91,160,160,115,115,180,180,231,233,143,145,154,158,88,90,127,148,194,194,250,250,163,175,158,162,156,156,81,83,122,124,165,179,142,150,262,262,140,140,125,125,159,159,94,95,146,146,180,198,108,108,170,186,89,89,161,161,85,89,,,161,161,240,240,130,130,Y,X,92,92,95,103,191,191,207,207,168,168,149,149,,,,,,,,,,,,,,,,,,,,,,,,,,
2025,Sturgeon River,-,Fecal,25_SturRiv_30,-,98,91,91,138,142,187,187,241,253,103,103,104,106,135,135,105,105,149,149,189,195,238,238,87,91,160,161,115,115,172,180,231,231,143,143,154,154,90,90,127,148,194,194,250,250,163,163,162,162,156,156,83,85,122,124,179,179,142,150,262,262,140,140,129,129,159,159,91,91,146,146,180,180,108,108,186,186,89,89,161,161,85,89,,,161,161,238,240,130,130,X,X,92,92,103,103,191,191,207,207,162,170,//,//,,,,,,,,,,,,,,,,,,,,,,,,,,
2025,Sturgeon River,-,Fecal,25_SturRiv_31,-,83,89,89,142,142,187,187,239,241,103,104,104,106,135,141,93,105,149,149,195,195,238,238,87,91,160,160,113,115,//,//,231,231,143,143,158,158,90,90,127,127,194,198,250,254,163,163,158,158,//,//,85,85,124,124,165,179,142,142,262,262,//,//,127,127,155,159,91,94,146,146,180,198,106,108,170,170,89,89,161,161,85,87,,,//,//,//,//,//,//,//,//,92,96,//,//,191,191,207,211,142,162,//,//,,,,,,,,,,,,,,,,,,,,,,,,,,
2025,Sturgeon River,-,Fecal,25_SturRiv_32A,-,98,91,91,136,136,187,187,241,245,103,103,106,106,135,135,105,105,149,149,189,195,238,238,87,91,160,170,113,113,172,172,231,231,143,145,154,158,90,90,127,127,194,198,250,250,165,175,158,158,156,156,81,83,124,124,179,179,142,142,262,262,140,140,125,129,153,155,94,95,146,146,180,198,108,108,170,186,89,89,161,161,85,87,,,161,161,238,240,130,130,//,//,92,104,95,95,191,191,207,211,142,168,149,149,,,,,,,,,,,,,,,,,,,,,,,,,,
2025,Sturgeon River,-,Fecal,25_SturRiv_32B,-,96,89,91,136,136,185,187,241,245,103,104,104,106,135,141,93,105,149,149,195,195,//,//,87,91,160,170,113,115,172,172,231,231,143,143,154,154,90,90,127,148,194,194,250,254,163,165,158,158,156,156,81,83,124,124,165,165,142,142,262,262,140,148,125,129,155,159,91,95,146,146,180,192,108,108,170,186,89,89,161,161,85,89,,,161,161,240,240,130,130,X,X,92,104,95,103,191,191,207,211,162,168,//,//,,,,,,,,,,,,,,,,,,,,,,,,,,
2025,Sturgeon River,-,Fecal,25_SturRiv_33A,-,96,91,91,136,136,187,187,239,245,103,103,106,106,135,135,//,//,149,149,189,195,238,238,91,91,160,170,113,115,172,180,231,231,143,145,154,158,90,90,127,127,194,194,250,250,175,175,158,158,156,156,83,83,124,124,165,179,142,142,262,262,140,140,125,129,153,155,94,95,146,146,192,198,108,108,170,170,89,89,161,161,87,89,,,161,167,240,240,130,130,X,X,92,96,95,103,191,191,207,207,142,170,//,//,,,,,,,,,,,,,,,,,,,,,,,,,,
2025,Sturgeon River,-,Fecal,25_SturRiv_34,-,98,91,91,136,142,187,187,239,245,103,103,106,106,135,135,93,105,149,149,189,195,//,//,87,87,160,160,113,115,180,180,231,231,143,143,154,158,90,90,127,127,194,198,250,250,175,175,158,158,156,156,81,83,122,124,179,179,142,150,262,262,140,140,125,129,153,155,94,95,146,146,180,198,108,108,186,186,89,89,161,161,85,85,,,161,161,238,238,130,130,X,X,92,104,95,95,191,191,207,207,168,170,149,149,,,,,,,,,,,,,,,,,,,,,,,,,,
2025,Sturgeon River,-,Fecal,25_SturRiv_35,-,92,89,91,136,142,185,187,241,245,103,103,106,106,135,141,89,105,149,149,189,195,238,238,87,91,160,161,113,115,180,180,231,231,143,143,154,158,88,90,127,148,194,198,250,250,175,175,150,158,156,156,83,85,124,124,179,179,142,142,262,262,140,140,129,129,153,155,//,//,146,146,180,180,106,108,//,//,89,89,//,//,85,89,,,161,167,240,240,130,130,X,X,104,104,95,103,//,//,207,211,162,170,149,149,,,,,,,,,,,,,,,,,,,,,,,,,,
2025,Sturgeon River,-,Fecal,25_SturRiv_36,-,100,89,91,138,142,187,187,245,253,103,103,106,106,135,141,93,105,149,149,195,195,250,250,91,91,160,161,115,115,172,178,231,231,143,143,154,158,90,90,127,127,194,194,250,254,163,165,158,162,156,156,83,83,122,124,165,179,142,150,260,262,148,148,125,129,153,155,91,95,146,146,180,180,106,106,170,176,89,89,161,161,87,89,,,161,161,238,240,130,130,Y,X,92,92,95,103,191,191,207,211,162,168,149,149,,,,,,,,,,,,,,,,,,,,,,,,,,
2025,Sturgeon River,-,Fecal,25_SturRiv_37,-,100,89,91,136,136,187,187,241,245,103,103,106,106,135,135,105,105,149,149,195,195,238,238,91,91,160,160,113,113,172,172,231,233,143,143,154,154,90,90,127,127,194,194,250,254,163,175,158,158,156,156,83,83,124,124,165,179,142,142,262,262,140,140,125,125,155,159,91,95,146,146,180,198,108,108,170,186,89,89,161,161,87,89,,,161,161,238,238,130,130,X,X,92,104,95,95,191,191,207,211,168,170,149,149,,,,,,,,,,,,,,,,,,,,,,,,,,
2025,Sturgeon River,-,Fecal,25_SturRiv_38,-,100,89,89,136,136,187,187,239,239,103,103,106,106,135,135,105,105,149,149,189,189,238,238,87,91,160,170,113,113,172,172,231,233,143,143,158,158,88,90,127,127,194,198,250,250,165,175,158,158,144,156,81,83,122,124,165,179,142,142,262,262,140,140,127,129,153,159,94,94,146,146,180,180,108,108,172,186,89,89,161,161,85,87,,,161,167,238,240,130,130,Y,X,92,104,95,103,191,191,207,211,142,162,149,149,,,,,,,,,,,,,,,,,,,,,,,,,,
2025,Sturgeon River,-,Fecal,25_SturRiv_43,-,100,89,91,136,142,185,185,239,241,103,103,106,106,135,135,89,93,149,149,195,195,250,250,87,91,160,170,113,115,172,172,231,231,143,145,154,158,88,90,127,127,194,198,250,250,165,175,158,162,156,156,83,83,124,124,165,179,142,150,262,262,140,140,125,125,153,159,91,94,146,146,180,180,108,108,170,186,89,89,161,161,87,89,,,167,167,238,238,130,130,X,X,96,104,103,103,191,191,207,211,162,168,149,149,,,,,,,,,,,,,,,,,,,,,,,,,,
2025,Sturgeon River,-,Fecal,25_SturRiv_44,-,98,89,91,136,136,187,187,239,239,103,103,106,106,135,141,93,93,149,149,195,195,//,//,87,91,161,161,113,113,172,178,231,231,143,143,154,154,90,90,127,148,194,194,250,250,163,165,158,158,156,156,83,85,124,124,165,165,142,150,260,262,140,140,127,129,155,155,94,94,146,146,180,180,108,108,170,186,89,89,161,161,85,87,,,167,167,228,240,130,130,X,X,92,92,103,103,191,191,207,211,168,168,149,149,,,,,,,,,,,,,,,,,,,,,,,,,,
2025,Sturgeon River,-,Fecal,25_SturRiv_50,-,100,89,91,136,138,185,185,241,241,103,103,104,104,135,135,93,93,149,149,189,195,238,238,87,91,160,160,113,113,172,172,231,231,143,143,154,158,88,90,127,127,194,194,250,250,163,175,158,158,156,156,83,83,122,124,165,179,142,150,262,262,140,140,125,127,153,159,94,95,146,146,180,198,108,108,170,170,89,89,161,161,87,89,,,161,167,240,240,130,130,Y,X,92,104,103,103,191,191,207,207,142,168,149,149,,,,,,,,,,,,,,,,,,,,,,,,,,
2025,Sturgeon River,-,Fecal,25_SturRiv_55,-,100,91,91,136,136,187,187,239,239,103,103,104,106,135,135,93,105,149,149,195,195,238,238,91,91,160,170,113,115,172,172,231,231,143,143,154,158,90,90,127,148,194,194,250,254,175,175,158,158,156,156,81,83,124,124,165,179,142,142,262,262,140,140,129,129,153,153,94,94,146,146,192,198,108,108,170,186,89,89,161,161,85,89,,,161,167,238,240,130,130,X,X,96,104,103,103,191,191,211,211,142,170,149,149,,,,,,,,,,,,,,,,,,,,,,,,,,
2025,Sturgeon River,-,Fecal,25_SturRiv_58,-,96,91,91,136,136,185,187,239,241,103,103,106,106,135,135,105,105,149,149,189,195,238,238,91,91,161,170,113,115,172,172,231,231,143,143,158,158,88,88,127,127,194,198,250,250,163,175,158,158,//,//,83,83,122,122,165,179,142,150,262,262,140,140,125,125,155,155,94,95,146,146,180,180,106,108,170,170,89,89,161,161,87,89,,,161,161,240,240,130,130,Y,X,92,104,103,103,191,191,207,207,142,142,//,//,,,,,,,,,,,,,,,,,,,,,,,,,,
2025,Sturgeon River,-,Fecal,25_SturRiv_64,-,98,89,91,136,142,187,187,239,241,103,103,106,106,135,141,93,105,149,149,195,195,//,//,87,91,161,170,113,115,172,172,231,233,143,143,154,158,88,90,127,127,194,194,250,250,163,165,158,162,156,156,83,83,122,124,165,165,142,150,260,262,140,148,125,129,159,159,91,94,146,146,180,198,108,108,170,176,89,89,161,161,85,87,,,161,161,240,240,130,130,Y,X,96,104,95,95,191,191,207,211,162,168,149,149,,,,,,,,,,,,,,,,,,,,,,,,,,
2025,Sturgeon River,-,Fecal,25_SturRiv_66,-,100,91,91,136,142,185,187,241,245,103,103,106,106,135,141,105,105,149,149,195,195,238,238,87,87,160,160,113,113,180,180,231,233,143,143,154,158,88,90,127,127,194,194,250,254,163,175,158,162,156,156,83,83,124,124,165,179,142,150,262,262,140,140,125,129,155,159,91,91,146,146,180,198,108,108,170,186,89,89,161,161,87,89,,,161,161,240,240,130,130,Y,X,104,104,95,103,191,191,207,211,162,170,149,149,,,,,,,,,,,,,,,,,,,,,,,,,,
2025,Sturgeon River,-,Tissue,25_SturRiv_68,-,100,89,89,136,142,185,185,239,239,103,103,106,106,135,135,89,93,149,149,195,195,250,250,87,91,160,161,113,115,172,172,231,233,143,143,158,158,90,90,127,148,194,194,250,250,175,175,158,158,156,156,83,83,122,124,165,179,142,142,262,262,140,148,125,129,153,155,91,95,146,146,180,198,106,108,170,172,89,89,161,161,89,89,,,161,167,238,240,130,130,X,X,92,104,95,103,191,191,207,211,162,168,149,149,,,,,,,,,,,,,,,,,,,,,,,,,,
2025,Sturgeon River,-,Tissue,25_SturRiv_69,-,100,91,91,136,142,185,187,245,253,103,103,106,106,135,135,105,105,149,149,189,195,238,238,91,91,160,170,113,115,180,180,231,233,143,143,154,160,90,90,127,127,194,194,250,250,175,175,158,162,156,156,83,83,122,124,179,179,142,150,262,262,148,148,125,129,155,159,94,95,146,146,180,180,106,108,170,186,89,89,161,161,85,89,,,161,167,240,240,130,130,X,X,96,104,95,103,191,191,207,211,162,168,149,149,,,,,,,,,,,,,,,,,,,,,,,,,,
2025,Sturgeon River,-,Tissue,25_SturRiv_70,-,100,91,91,136,136,185,187,239,239,103,103,106,106,135,141,93,93,149,149,195,195,238,238,87,91,160,161,113,113,172,178,231,231,143,143,158,158,88,90,127,148,194,198,250,254,163,163,158,158,156,156,81,83,122,124,165,179,142,142,262,262,148,148,125,129,153,159,91,91,146,146,180,198,108,108,170,186,89,89,161,161,89,89,,,161,167,240,240,130,130,Y,X,92,96,95,103,191,191,207,211,142,162,149,149,,,,,,,,,,,,,,,,,,,,,,,,,,
2025,Sturgeon River,-,Tissue,25_SturRiv_72,-,100,91,91,136,142,185,187,239,239,103,103,106,106,135,141,93,93,149,149,195,195,238,238,87,91,161,170,115,115,172,172,231,231,143,143,154,158,88,90,127,127,194,198,250,250,163,175,158,158,144,156,83,83,124,124,165,165,142,150,262,262,140,140,127,129,153,159,91,94,146,146,198,198,106,108,170,170,89,89,161,161,89,89,,,161,161,238,240,130,130,Y,X,104,104,95,103,191,191,207,211,162,162,149,149,,,,,,,,,,,,,,,,,,,,,,,,,,
2025,Sturgeon River,-,Tissue ,25_SturRiv_73,-,100,89,91,136,138,185,187,239,239,103,104,106,106,135,141,93,105,149,149,195,195,238,238,91,91,160,161,115,115,172,178,231,233,143,143,158,158,90,90,127,127,194,194,250,254,165,175,158,162,156,156,83,83,124,124,165,165,142,150,262,262,140,148,125,125,159,159,95,95,146,146,198,198,108,108,170,170,89,89,161,161,87,89,,,161,167,240,240,130,130,X,X,92,92,99,103,191,191,207,207,168,168,149,149,,,,,,,,,,,,,,,,,,,,,,,,,,
2025,Sturgeon River,-,Tissue,25_SturRiv_74,-,100,91,91,136,142,185,187,241,241,103,103,104,106,135,141,105,105,149,149,195,195,238,238,87,87,160,160,113,113,172,178,231,231,143,143,158,158,88,90,127,127,198,198,250,254,163,163,158,162,156,156,81,81,122,124,165,165,142,142,262,262,140,140,125,129,155,159,91,94,146,146,180,180,108,108,170,170,89,91,161,161,87,89,,,161,167,240,240,130,130,X,X,96,104,95,103,191,191,207,211,168,168,149,149,,,,,,,,,,,,,,,,,,,,,,,,,,
2025,Sturgeon River,-,Tissue,25_SturRiv_79,-,100,89,89,136,136,185,187,239,239,103,103,106,106,135,141,93,105,149,149,195,195,250,250,91,91,161,161,113,113,180,180,233,233,143,143,158,158,90,90,127,127,194,194,250,250,165,175,158,158,156,156,83,83,124,124,165,179,142,142,262,262,140,140,125,125,153,159,94,95,146,146,180,180,108,108,170,176,89,89,161,161,87,89,,,161,167,238,240,130,130,Y,X,92,104,95,95,191,191,211,211,142,162,149,149,,,,,,,,,,,,,,,,,,,,,,,,,,
2025,Sturgeon River,-,Tissue,25_SturRiv_80,-,98,89,91,136,142,187,187,241,253,103,103,//,//,135,135,105,105,149,149,195,195,238,238,91,91,160,170,113,115,180,180,231,233,143,143,158,158,88,90,127,127,194,198,250,254,163,163,158,162,156,156,81,83,122,124,165,179,142,142,262,262,140,148,125,129,153,153,91,94,146,146,180,180,108,108,170,186,89,89,161,161,85,89,,,161,167,238,240,130,130,X,X,92,92,95,103,191,191,207,207,162,170,149,149,,,,,,,,,,,,,,,,,,,,,,,,,,
2025,Sturgeon River,-,Tissue,25_SturRiv_81,-,100,89,91,136,138,187,187,241,241,103,103,106,106,141,141,93,105,149,149,189,195,238,238,87,91,160,170,113,115,180,180,231,231,143,143,154,158,90,90,127,148,194,198,250,250,163,175,158,158,156,156,83,83,122,124,165,179,142,150,260,262,140,140,125,129,153,153,94,94,146,146,180,198,108,108,172,186,89,89,161,161,89,89,,,161,161,238,240,130,130,Y,X,92,104,103,103,191,191,205,211,142,162,149,149,,,,,,,,,,,,,,,,,,,,,,,,,,
2025,Sturgeon River,-,Tissue,25_SturRiv_82,-,100,91,91,136,142,185,187,241,241,103,103,106,106,135,135,93,105,149,149,189,195,250,250,87,87,160,170,113,115,172,178,231,233,143,143,154,154,88,90,127,127,194,198,250,254,163,175,158,158,156,156,81,81,122,124,165,179,142,150,262,262,140,140,125,129,155,155,94,94,146,146,180,180,108,108,170,170,89,89,161,161,87,89,,,161,167,240,240,130,130,X,X,96,104,95,95,191,191,207,211,142,170,149,149,,,,,,,,,,,,,,,,,,,,,,,,,,
2025,Sturgeon River,-,Tissue,25_SturRiv_83,-,100,91,91,136,142,187,187,241,241,103,103,106,106,135,141,105,105,149,149,189,195,250,250,91,91,160,160,115,115,172,172,231,233,143,143,154,154,90,90,127,127,194,194,250,254,165,175,158,158,156,156,83,83,122,124,165,165,142,142,262,262,140,148,125,129,153,159,95,95,146,146,180,180,106,108,186,186,89,89,161,161,85,87,,,161,167,240,240,130,130,X,X,92,104,95,99,191,191,211,211,162,162,149,149,,,,,,,,,,,,,,,,,,,,,,,,,,
2025,Sturgeon River,-,Tissue,25_SturRiv_84,-,100,91,91,136,136,185,187,239,241,103,103,106,106,135,141,89,105,149,149,189,195,238,238,87,91,160,161,113,115,172,178,231,233,143,143,154,154,90,90,127,127,194,194,250,254,175,175,158,162,156,156,81,81,122,124,165,179,142,150,262,262,140,140,125,129,153,155,91,94,146,146,198,198,108,108,170,186,89,89,161,161,89,89,,,161,167,240,240,130,130,X,X,92,96,95,95,191,191,207,207,142,168,149,149,,,,,,,,,,,,,,,,,,,,,,,,,,
2025,Sturgeon River,-,Tissue,25_SturRiv_85,-,100,91,91,136,142,187,187,241,253,103,103,106,106,135,135,93,105,149,149,195,195,250,250,87,87,161,170,115,115,172,178,231,231,143,143,154,158,90,90,127,148,194,194,250,254,163,165,158,162,156,156,83,85,124,124,165,179,142,142,260,262,140,140,129,129,153,159,91,94,146,146,180,180,106,108,170,186,89,89,161,161,87,89,,,161,161,238,240,130,130,Y,X,92,96,95,103,191,191,207,211,162,170,149,149,,,,,,,,,,,,,,,,,,,,,,,,,,
2025,Sturgeon River,-,Tissue,25_SturRiv_92,-,100,89,91,136,142,185,187,245,253,103,103,106,106,135,141,93,105,149,149,195,195,238,238,87,91,160,170,113,113,180,180,231,233,143,145,158,158,88,90,127,127,194,198,250,250,165,175,156,158,156,156,81,83,122,122,165,179,142,142,262,262,140,140,125,125,153,159,91,95,146,146,192,198,106,108,170,170,89,89,161,161,87,89,,,161,161,240,240,130,130,Y,X,92,96,95,95,191,191,205,207,142,170,149,149,,,,,,,,,,,,,,,,,,,,,,,,,,
2025,Sturgeon River,-,Tissue,25_SturRiv_93,-,100,89,91,136,138,185,187,239,241,103,103,106,106,135,141,93,93,149,149,195,195,238,238,87,91,161,161,113,113,180,180,231,231,143,143,158,158,88,90,127,127,194,194,250,250,165,175,158,158,156,156,81,83,124,124,165,179,142,150,262,262,140,140,125,125,153,155,91,95,146,146,180,198,106,110,176,186,89,89,161,161,89,89,,,161,161,240,240,130,130,Y,X,104,104,103,103,191,191,207,207,162,162,149,149,,,,,,,,,,,,,,,,,,,,,,,,,,
2025,Sturgeon River,-,Tissue,25_SturRiv_96,-,100,91,91,136,136,187,187,239,241,103,103,106,106,141,141,93,105,149,149,195,195,238,238,87,87,160,170,113,115,172,178,231,233,143,143,154,154,90,90,127,148,194,198,250,250,175,175,158,158,156,156,81,83,124,124,165,179,142,150,262,262,140,148,125,129,159,159,91,94,146,146,180,180,108,108,170,186,89,89,161,161,87,87,,,161,161,240,240,130,130,X,X,92,92,95,95,191,191,207,207,142,162,149,149,,,,,,,,,,,,,,,,,,,,,,,,,,
2025,Sturgeon River,-,Tissue,25_SturRiv_98,-,100,91,91,136,136,187,187,245,253,103,103,104,106,135,141,93,93,149,149,195,195,250,250,87,87,161,170,115,115,172,172,231,231,143,143,154,158,88,90,127,148,194,198,250,250,163,165,158,162,156,156,81,83,124,124,179,179,142,150,262,262,148,148,129,129,153,155,91,91,146,146,180,192,106,106,170,176,89,89,161,161,87,89,,,167,167,240,240,130,130,X,X,104,104,95,95,191,191,211,211,162,168,149,149,,,,,,,,,,,,,,,,,,,,,,,,,,
2025,Sturgeon River,-,Tissue,25_SturRiv_99,-,100,89,89,136,142,185,187,241,241,103,103,106,106,135,141,89,93,149,149,195,195,238,238,87,87,161,170,113,113,172,172,231,233,143,143,154,158,88,90,127,127,194,198,250,250,163,175,158,162,156,156,83,85,124,124,165,165,142,142,262,262,140,148,125,127,153,155,91,94,146,146,180,198,106,108,170,186,89,89,161,161,87,87,,,161,167,240,240,130,130,X,X,104,104,103,103,191,191,211,211,162,162,149,149,,,,,,,,,,,,,,,,,,,,,,,,,,
2025,Sturgeon River,-,Tissue,25_SturRiv_100,-,100,91,91,142,142,185,187,239,245,103,103,106,106,135,141,105,105,149,149,195,195,250,250,87,91,170,170,113,115,180,180,231,233,143,143,154,158,88,90,127,127,194,194,250,254,163,175,158,158,156,156,83,83,122,124,165,165,142,142,262,262,140,140,125,129,153,159,91,91,146,146,180,198,108,108,170,186,89,89,161,161,85,87,,,161,161,238,240,130,130,X,X,96,104,95,95,191,191,207,211,162,170,149,149,,,,,,,,,,,,,,,,,,,,,,,,,,
2025,Sturgeon River,-,Tissue,25_SturRiv_101,-,100,91,91,136,142,185,187,241,241,103,103,106,106,141,141,93,93,149,149,189,195,250,250,91,91,170,170,113,115,172,172,231,231,143,143,158,158,88,90,127,148,194,194,250,254,163,175,158,162,156,156,81,85,122,124,165,179,142,142,262,262,148,148,125,129,153,159,94,94,146,146,198,198,106,108,170,176,89,89,161,161,89,89,,,161,167,238,238,130,130,X,X,104,104,95,95,191,191,207,211,142,162,149,149,,,,,,,,,,,,,,,,,,,,,,,,,,
2025,Sturgeon River,-,Tissue,25_SturRiv_104,-,100,91,91,142,142,185,187,241,241,103,103,106,106,135,141,93,105,149,149,189,195,250,250,87,91,160,170,113,115,172,172,231,231,143,143,158,160,90,90,127,148,194,194,250,254,165,175,158,158,156,156,81,83,124,124,165,165,142,142,262,262,140,148,125,129,153,159,91,95,146,146,180,180,106,108,170,186,89,89,161,161,87,87,,,167,167,240,240,130,130,Y,X,92,96,95,103,191,191,207,211,168,168,149,149,,,,,,,,,,,,,,,,,,,,,,,,,,
2023,Wabasca,Wood Bison,DNA,11-04,-,98,91,99,138,138,181,187,241,249,103,103,102,102,135,145,93,93,131,143,189,189,238,254,87,87,160,160,108,113,172,172,231,233,143,145,156,158,90,90,128,140,200,202,250,250,173,177,148,150,144,144,81,83,120,124,165,179,142,148,262,262,140,150,127,129,155,155,92,92,146,150,180,180,90,110,170,170,89,91,168,173,85,87,,,167,167,228,228,114,130,Y,X,92,102,97,103,179,181,201,205,156,168,149,149,,,,,,,,,,,,,,,,,,,,,,,,,,
2023,Wabasca,Wood Bison,DNA,11-05,-,98,91,99,138,138,187,187,253,253,103,103,102,102,135,135,91,93,129,143,189,191,238,254,87,89,143,162,108,113,172,172,227,233,143,143,156,158,90,100,128,140,194,194,250,250,177,177,152,166,144,144,81,81,120,120,165,165,142,148,262,262,140,140,127,127,151,155,91,91,150,150,180,184,106,110,168,170,89,89,168,168,87,87,,,161,167,228,238,114,114,X,X,92,98,99,103,181,181,201,201,162,162,145,151,,,,,,,,,,,,,,,,,,,,,,,,,,
2023,Wabasca,Wood Bison,DNA,11-06,-,98,91,91,138,138,187,187,253,269,103,103,102,102,135,145,97,105,129,143,189,191,238,254,87,87,143,160,108,115,172,172,227,231,143,145,158,158,100,100,140,140,194,200,250,250,173,177,146,148,144,154,83,83,120,132,165,179,142,148,262,262,140,140,127,129,155,157,91,91,146,150,180,180,90,106,168,170,85,85,168,173,87,87,,,167,167,228,240,114,114,X,X,102,102,97,99,179,181,201,205,158,162,145,149,,,,,,,,,,,,,,,,,,,,,,,,,,
2023,Wabasca,Wood Bison,DNA,12-01,-,98,91,99,138,138,187,187,269,269,103,103,102,102,135,145,97,97,129,143,189,191,232,254,87,87,160,160,108,113,172,172,225,231,143,143,156,158,90,100,128,140,194,194,246,250,173,177,146,152,144,144,83,83,132,132,165,165,142,148,260,262,140,140,127,129,155,155,91,95,150,150,180,180,90,106,168,168,85,85,168,173,87,87,,,167,167,228,228,114,118,Y,X,98,98,97,99,181,181,205,205,162,164,149,149,,,,,,,,,,,,,,,,,,,,,,,,,,
2023,Wabasca,Wood Bison,DNA,12-02,-,98,91,91,138,138,187,187,239,269,103,103,102,102,135,135,93,105,129,143,189,191,238,254,87,87,160,162,113,115,172,172,227,231,143,145,156,156,90,100,140,140,194,194,250,252,175,177,148,148,144,154,83,83,120,124,179,179,142,148,262,262,140,150,127,127,155,157,91,91,146,146,180,184,90,108,170,170,89,91,168,173,85,87,,,167,167,228,236,114,134,Y,X,96,98,97,97,179,181,201,201,156,162,145,145,,,,,,,,,,,,,,,,,,,,,,,,,,
2023,Wabasca,Wood Bison,DNA,12-03,-,98,89,99,138,138,181,187,253,253,103,103,102,102,135,135,91,93,127,143,191,195,232,238,89,89,143,143,113,113,172,174,231,233,143,143,158,158,90,100,128,140,194,194,250,250,177,177,148,166,144,144,81,83,120,124,165,183,142,148,262,262,140,140,127,129,153,155,91,95,150,150,180,180,106,110,168,168,91,91,161,168,87,87,,,161,167,228,242,114,134,X,X,98,102,95,103,181,191,201,207,162,162,145,151,,,,,,,,,,,,,,,,,,,,,,,,,,
2023,Wabasca,Wood Bison,DNA,12-05,-,98,91,91,138,138,187,187,249,269,103,103,100,100,135,135,91,105,131,143,195,195,254,254,87,87,160,160,113,113,172,180,227,231,143,145,156,158,100,100,128,128,200,202,250,250,167,177,148,148,154,154,83,83,120,132,179,183,142,148,260,262,140,140,127,129,155,155,91,91,146,150,180,180,108,108,170,170,85,85,165,168,87,87,,,167,167,228,242,114,134,Y,X,92,102,99,99,179,181,205,211,158,158,149,149,,,,,,,,,,,,,,,,,,,,,,,,,,
2023,Wabasca,Wood Bison,DNA,12-06,-,98,91,91,138,138,187,187,239,269,103,103,102,104,135,135,93,93,128,131,189,191,254,254,87,87,160,162,108,108,172,172,227,231,145,145,156,156,90,100,128,140,194,200,250,250,173,175,152,152,144,154,83,83,120,124,179,183,142,148,260,262,140,150,127,127,155,157,91,91,146,150,180,180,90,110,168,170,89,91,173,173,87,87,,,167,167,238,242,114,134,X,X,96,98,99,99,179,181,211,211,156,166,145,149,,,,,,,,,,,,,,,,,,,,,,,,,,
2023,Wabasca,Wood Bison,DNA,12-07,-,98,99,99,138,138,187,187,253,253,103,103,102,102,135,135,91,91,129,129,189,191,238,254,87,89,143,160,108,108,172,172,227,229,143,143,154,158,90,100,128,140,194,194,248,252,175,177,148,166,144,144,81,81,120,124,165,179,142,148,262,262,140,140,127,127,155,157,90,91,150,154,184,184,106,110,168,170,91,91,168,169,87,87,,,161,161,236,238,114,134,X,X,92,96,103,103,181,191,201,205,166,166,145,151,,,,,,,,,,,,,,,,,,,,,,,,,,
2023,Wabasca,Wood Bison,DNA,12-08,-,98,93,99,136,138,181,187,253,269,103,103,102,102,135,135,91,97,129,131,189,191,232,232,87,87,160,162,108,113,172,172,227,231,143,143,154,156,90,90,128,128,194,194,250,250,177,177,146,152,144,144,81,81,124,124,179,183,142,148,262,262,140,140,125,129,155,157,91,91,146,150,180,180,90,106,168,170,85,91,173,173,85,91,,,167,167,228,236,118,134,X,X,102,104,97,97,179,179,201,201,162,168,145,149,,,,,,,,,,,,,,,,,,,,,,,,,,
2023,Wabasca,Wood Bison,Hair,150_250,-,98,91,99,138,138,187,187,241,253,103,103,102,102,135,135,93,97,143,143,191,195,238,254,87,87,143,161,108,113,172,180,227,231,143,143,156,158,90,100,128,128,194,194,250,254,175,175,146,148,144,144,81,83,132,132,165,165,142,148,262,262,140,140,127,127,155,155,91,91,146,146,180,180,90,90,168,170,85,85,161,169,87,91,,,161,167,228,228,114,114,X,X,92,102,97,103,179,179,201,201,156,162,145,149,,,,,,,,,,,,,,,,,,,,,,,,,,
2024,Waterton Lakes,-,Fecal,WLNP02,-,88,89,91,//,//,179,185,241,241,103,104,104,106,135,141,91,97,149,149,191,191,238,254,87,87,158,160,108,115,172,180,231,231,143,143,156,160,88,88,127,127,194,194,246,250,167,175,158,158,144,158,81,83,124,124,179,181,142,148,262,262,146,150,127,127,153,153,92,95,146,146,190,192,108,108,168,168,83,83,161,161,89,91,,,161,161,228,240,//,//,//,//,92,98,95,99,//,//,//,//,//,//,149,149,,,,,,,,,,,,,,,,,,,,,,,,,,
2024,Waterton Lakes,-,Fecal,WLNP03,-,81,89,91,134,134,187,187,//,//,103,103,104,104,135,147,93,93,//,//,//,//,232,254,87,87,143,143,108,113,180,180,225,225,143,143,154,158,88,100,140,150,194,200,250,250,175,175,162,162,//,//,83,83,122,124,183,183,142,142,//,//,150,150,131,131,153,153,91,92,146,146,//,//,//,//,170,176,89,89,161,173,87,87,,,167,167,//,//,118,130,X,X,92,96,95,95,//,//,205,205,168,168,//,//,,,,,,,,,,,,,,,,,,,,,,,,,,
2024,Waterton Lakes,-,Fecal,WLNP07,-,85,89,91,134,134,187,187,241,253,103,103,104,104,135,147,91,93,143,143,189,189,//,//,87,87,143,160,108,113,//,//,225,225,143,145,154,158,100,100,140,150,194,200,246,250,175,175,158,162,144,156,83,83,122,122,185,185,142,142,262,262,140,150,131,131,153,155,92,92,150,150,184,198,108,108,170,176,89,89,161,173,//,//,,,167,167,//,//,118,130,//,//,92,92,95,95,//,//,205,211,//,//,//,//,,,,,,,,,,,,,,,,,,,,,,,,,,
2024,Waterton Lakes,-,Fecal,WLNP08,-,83,89,89,136,136,179,191,241,241,103,103,102,104,135,147,//,//,149,149,191,191,238,252,91,91,158,160,115,115,178,180,233,233,//,//,154,154,102,102,127,150,194,200,250,254,175,175,142,142,//,//,77,83,124,124,183,183,142,148,256,262,146,146,129,129,153,155,92,94,146,154,//,//,112,112,//,//,89,89,161,161,//,//,,,//,//,228,228,118,130,X,X,96,98,95,95,//,//,205,205,168,168,//,//,,,,,,,,,,,,,,,,,,,,,,,,,,
2024,Waterton Lakes,-,Tissue,WLNP306,-,98,89,89,136,138,185,185,241,253,103,103,102,102,135,141,//,//,143,149,189,195,232,252,87,87,160,160,113,115,172,180,229,231,143,145,154,158,100,102,127,127,200,200,246,250,163,175,156,158,154,156,83,83,122,124,179,185,142,148,262,262,140,150,127,131,153,153,92,95,148,150,180,184,108,110,172,172,83,89,161,173,85,89,,,161,167,228,228,134,134,X,X,98,98,95,101,177,177,207,211,142,158,149,149,,,,,,,,,,,,,,,,,,,,,,,,,,
2024,Waterton Lakes,-,Tissue,WLNP308,-,100,89,91,138,142,175,187,241,253,103,105,102,104,135,135,93,97,149,149,191,195,238,250,87,91,160,160,115,115,172,180,229,233,143,145,154,158,90,90,127,140,194,200,246,250,175,175,142,158,154,156,81,81,122,124,165,179,142,142,262,262,146,150,127,129,155,157,92,95,146,146,180,184,106,108,168,170,89,91,161,173,85,89,,,161,161,238,240,128,128,X,X,92,104,101,101,191,191,205,205,156,158,149,151,,,,,,,,,,,,,,,,,,,,,,,,,,
2024,Waterton Lakes,-,Tissue,WLNP309,-,100,89,91,134,136,185,187,241,271,103,104,104,104,135,141,89,101,129,143,195,195,238,238,87,87,160,170,108,113,172,178,229,231,143,143,154,158,88,100,127,140,200,200,246,254,163,165,158,158,156,158,81,83,124,124,179,181,142,150,262,262,140,146,127,129,155,155,91,92,146,150,180,198,108,108,168,170,89,89,161,173,85,89,,,161,165,228,240,130,130,Y,X,92,96,95,95,191,191,205,207,164,168,149,151,,,,,,,,,,,,,,,,,,,,,,,,,,
2024,Waterton Lakes,-,Tissue,WLNP316,-,100,91,91,136,136,185,187,247,271,103,104,104,104,135,141,97,97,129,129,189,191,238,238,87,87,160,160,113,113,172,180,229,229,143,143,154,156,88,100,127,127,194,200,246,250,165,173,162,164,154,156,83,83,122,124,183,185,142,148,262,262,140,146,127,129,157,157,92,95,146,150,184,198,106,108,170,170,89,89,165,173,81,81,,,167,167,236,240,118,130,Y,X,96,98,95,101,191,191,211,215,160,164,149,149,,,,,,,,,,,,,,,,,,,,,,,,,,
2024,Waterton Lakes,-,Tissue,WLNP320,-,96,//,//,134,134,175,187,241,249,103,105,100,104,135,135,89,101,129,143,189,195,238,238,89,91,//,//,108,115,172,172,225,233,145,147,156,158,88,90,127,127,194,194,246,246,163,167,150,158,154,156,81,81,122,124,181,183,142,150,260,262,140,150,131,131,155,159,91,94,146,150,192,198,106,108,168,170,83,89,161,161,89,91,,,161,165,240,240,130,130,X,X,92,96,99,99,181,181,205,207,158,170,145,149,,,,,,,,,,,,,,,,,,,,,,,,,,
2023,WBNP,Wood Bison,Hair,20,-,100,89,91,136,136,179,179,247,269,103,103,102,104,145,145,85,89,129,129,189,191,232,238,89,89,154,162,115,115,174,176,227,229,143,143,158,158,90,90,127,142,188,188,252,252,173,177,146,166,154,160,81,83,124,124,165,183,142,148,260,262,140,146,125,125,155,157,91,94,150,150,180,184,106,112,168,170,83,89,173,173,85,89,,,167,167,228,240,130,130,X,X,92,92,95,103,191,191,207,211,142,168,149,149,,,,,,,,,,,,,,,,,,,,,,,,,,
2023,WBNP,Wood Bison,Hair,60,-,100,89,89,138,138,179,187,269,269,103,103,104,106,135,135,89,103,143,149,189,191,238,238,87,87,162,162,113,113,174,182,231,231,143,143,154,154,90,90,140,142,194,194,252,254,159,173,146,158,144,158,83,83,124,132,183,183,142,148,258,262,140,146,125,129,153,155,95,95,150,150,192,196,106,112,176,178,81,83,161,169,89,91,,,167,167,228,238,128,130,X,X,104,104,99,103,191,191,211,211,142,158,145,153,,,,,,,,,,,,,,,,,,,,,,,,,,
2023,WBNP,Wood Bison,Hair,80,-,100,89,89,134,134,179,181,253,253,103,103,100,102,135,141,91,91,143,149,191,191,238,238,87,89,158,158,113,115,174,176,229,229,143,145,158,160,88,102,127,140,194,194,246,250,177,177,158,162,144,154,81,83,124,132,179,183,142,148,260,262,140,146,125,129,155,157,91,92,150,150,180,192,106,110,170,172,89,89,161,173,81,81,,,165,167,228,228,118,128,X,X,92,104,99,101,179,181,205,207,142,158,149,151,,,,,,,,,,,,,,,,,,,,,,,,,,
2023,WBNP,Wood Bison,Hair,100,-,100,89,91,136,140,187,187,253,253,103,103,104,112,145,145,97,103,129,143,189,191,238,250,87,89,158,160,108,113,172,174,229,229,143,145,160,160,88,90,127,140,188,194,252,252,159,173,146,158,154,154,81,81,124,132,183,183,142,142,262,262,146,150,129,131,155,155,91,92,150,150,180,180,112,112,170,172,89,89,161,165,85,91,,,161,167,240,240,130,132,X,X,104,104,99,99,191,191,205,205,158,158,145,153,,,,,,,,,,,,,,,,,,,,,,,,,,
2023,WBNP,Wood Bison,Hair,120,-,100,89,89,132,138,175,181,245,269,103,103,104,108,135,145,97,103,141,141,189,191,232,238,87,87,158,158,108,113,174,174,229,229,143,143,158,158,90,102,148,150,188,188,252,252,175,177,146,152,154,156,81,83,124,124,165,183,142,142,260,262,140,150,123,131,155,159,92,95,148,150,180,196,90,108,170,170,83,83,168,173,87,87,,,167,167,228,228,132,134,X,X,102,104,95,101,181,181,205,205,164,168,149,149,,,,,,,,,,,,,,,,,,,,,,,,,,
2023,WBNP,Wood Bison,Hair,140,-,100,89,89,136,138,179,187,247,253,103,105,108,108,135,145,93,103,129,143,189,195,232,238,87,89,154,162,115,115,172,172,231,231,143,143,156,158,90,100,140,148,194,194,252,252,173,175,152,162,158,160,81,83,124,124,175,183,142,148,262,262,146,148,127,131,155,155,92,95,146,146,180,184,110,112,170,172,81,89,161,173,87,89,,,161,167,228,238,128,130,X,X,96,102,101,101,181,191,205,205,142,158,149,151,,,,,,,,,,,,,,,,,,,,,,,,,,
2023,WBNP,Wood Bison,Hair,160,-,100,89,93,134,136,179,179,249,253,103,105,100,104,141,145,97,103,129,143,189,191,238,238,87,87,162,170,115,115,172,178,229,233,143,143,156,158,90,100,127,150,194,194,246,252,173,177,158,162,154,154,83,83,122,124,175,183,142,150,260,262,150,150,127,129,155,157,91,91,150,150,180,184,106,112,172,176,81,89,161,161,85,89,,,167,167,238,238,130,130,X,X,102,102,101,103,183,191,205,211,142,156,149,151,,,,,,,,,,,,,,,,,,,,,,,,,,
2023,WBNP,Wood Bison,Hair,180,-,100,91,91,132,138,179,187,253,253,103,103,104,112,141,145,93,103,129,133,191,191,232,238,87,89,147,158,115,115,172,180,227,229,143,143,158,158,88,102,142,150,190,194,252,252,173,173,152,166,144,154,83,85,124,124,175,175,142,150,260,260,150,150,129,131,155,157,92,92,150,154,180,180,112,112,170,172,81,89,161,165,89,91,,,167,167,228,238,128,134,X,X,104,104,101,103,181,191,201,207,142,142,145,153,,,,,,,,,,,,,,,,,,,,,,,,,,
2023,WBNP,Wood Bison,Hair,200,-,100,89,89,134,138,179,185,253,269,105,105,104,108,135,141,93,103,129,143,189,189,238,238,87,87,147,160,113,113,172,172,229,231,143,143,156,160,90,100,140,140,194,194,252,252,177,177,152,166,154,156,81,83,124,132,165,183,142,142,260,262,146,150,125,129,155,157,91,92,146,150,184,184,108,112,170,170,89,89,165,165,85,89,,,167,167,228,238,118,130,X,X,92,104,101,103,181,181,205,205,158,168,153,153,,,,,,,,,,,,,,,,,,,,,,,,,,
2023,WBNP,Wood Bison,Hair,220,-,100,89,91,136,136,175,181,241,253,103,105,104,104,145,145,93,97,129,129,191,195,238,254,87,87,160,162,113,115,174,176,225,233,143,143,154,156,90,90,138,140,188,194,252,252,173,177,146,152,154,156,81,83,124,124,181,183,142,148,262,262,150,150,123,125,151,157,92,92,150,150,180,180,106,112,172,174,89,89,161,173,85,91,,,167,167,238,238,130,132,X,X,104,104,95,95,179,191,205,211,144,166,145,145,,,,,,,,,,,,,,,,,,,,,,,,,,
2023,WBNP,Wood Bison,Hair,240,-,100,89,89,136,138,175,187,253,271,103,103,104,108,145,145,93,103,129,143,189,195,238,238,87,87,147,162,115,115,172,172,227,229,143,143,158,158,90,90,140,146,194,194,250,252,173,175,146,146,144,156,81,83,122,124,165,175,142,150,260,262,140,150,123,127,159,159,91,92,146,150,190,192,106,112,172,174,89,89,161,173,87,91,,,167,167,228,238,132,134,X,X,102,102,95,101,181,191,205,211,144,144,151,153,,,,,,,,,,,,,,,,,,,,,,,,,,
2023,WBNP,Wood Bison,blood,260,-,100,89,93,136,136,179,187,253,253,103,103,104,104,145,145,85,89,129,143,189,189,232,252,87,89,147,162,108,113,172,182,229,231,143,143,156,158,90,90,127,148,188,188,246,252,175,177,152,162,154,154,83,83,124,124,175,183,142,148,262,262,146,150,125,129,155,155,91,92,146,150,180,180,110,112,166,170,85,89,165,165,89,91,,,161,167,238,238,130,134,X,X,102,104,101,101,181,181,205,215,142,168,145,151,,,,,,,,,,,,,,,,,,,,,,,,,,
2023,WBNP,Wood Bison,Hair,280,-,100,89,91,136,138,179,181,253,269,103,103,100,104,141,145,83,89,143,149,189,195,238,252,87,87,158,158,108,115,174,182,229,229,143,143,156,158,90,102,138,146,194,200,252,252,167,175,146,152,154,156,81,83,124,124,165,183,142,150,260,262,140,140,123,129,151,155,91,92,146,150,180,184,110,112,172,176,89,89,161,173,85,89,,,167,167,228,240,118,130,X,X,104,104,99,103,181,181,211,211,162,164,149,151,,,,,,,,,,,,,,,,,,,,,,,,,,
2023,WBNP,Wood Bison,Hair,300,-,100,91,91,136,140,187,187,253,253,103,105,104,108,145,145,97,105,129,129,191,191,238,238,87,89,158,170,108,115,174,174,229,229,143,143,156,160,90,90,140,146,188,194,252,252,159,163,146,162,154,154,81,83,120,132,165,183,142,148,260,262,146,150,129,129,155,159,92,95,146,150,184,192,110,112,170,172,83,85,173,173,81,85,,,161,165,228,236,130,130,X,X,102,104,99,103,181,181,205,205,142,158,153,153,,,,,,,,,,,,,,,,,,,,,,,,,,
2023,WBNP,Wood Bison,Hair,320,-,100,91,93,136,136,175,187,247,253,103,103,104,104,135,145,93,103,129,141,189,189,232,238,87,89,162,162,115,115,172,172,229,229,143,143,158,158,88,90,138,140,188,194,252,252,167,167,158,162,154,156,81,83,132,132,165,183,142,150,260,262,150,150,125,129,153,155,95,95,150,150,184,198,106,106,170,172,81,83,161,165,89,89,,,167,167,228,238,114,132,X,X,104,104,95,101,181,191,201,211,158,158,149,149,,,,,,,,,,,,,,,,,,,,,,,,,,
2023,WBNP,Wood Bison,Hair,340,-,100,89,93,134,138,187,187,241,241,103,103,108,112,141,145,93,97,129,129,189,195,232,238,87,87,147,170,113,115,172,172,225,229,143,143,154,158,90,90,140,148,194,194,252,252,159,167,152,152,154,154,81,81,124,124,175,183,142,148,260,262,150,152,125,129,155,155,91,94,148,150,180,192,112,112,170,174,89,89,155,173,85,91,,,161,167,228,236,114,130,X,X,98,104,95,103,191,191,205,211,142,142,145,153,,,,,,,,,,,,,,,,,,,,,,,,,,
2023,WBNP,Wood Bison,Hair,360,-,100,89,89,136,138,187,191,253,253,102,103,104,108,145,145,97,97,129,129,189,191,232,238,87,89,160,162,115,115,172,172,227,229,143,143,158,158,90,102,127,140,194,194,252,252,167,177,152,152,144,160,81,83,132,132,181,183,142,150,260,262,146,150,129,129,153,159,91,92,150,150,184,196,108,108,170,174,89,89,161,161,85,91,,,167,177,228,236,130,130,X,X,102,102,95,101,181,191,207,207,168,168,145,149,,,,,,,,,,,,,,,,,,,,,,,,,,
2023,WBNP,Wood Bison,Hair,380,-,100,89,91,136,138,179,185,241,271,103,103,100,104,141,141,93,103,129,143,189,189,238,238,87,89,161,162,115,115,172,182,227,231,143,143,158,158,90,90,148,150,188,194,252,252,167,173,162,164,154,154,81,83,124,132,179,179,142,148,260,262,150,150,125,129,155,159,91,91,146,146,184,192,106,112,172,178,89,89,161,173,81,81,,,167,167,228,228,128,130,X,X,104,104,103,103,181,191,205,205,142,142,145,145,,,,,,,,,,,,,,,,,,,,,,,,,,
2023,WBNP,Wood Bison,Hair,88211,-,100,89,91,136,140,185,187,253,273,103,105,100,108,135,145,89,89,143,149,189,195,238,238,87,89,158,162,108,115,172,178,229,229,133,143,156,158,88,90,127,150,190,194,252,252,167,177,146,152,154,154,83,83,124,124,183,183,142,142,262,262,140,146,125,129,155,159,91,92,146,150,184,192,106,106,168,174,85,89,173,173,89,91,,,167,167,238,240,118,130,X,X,92,104,101,101,191,191,201,201,158,164,143,147,,,,,,,,,,,,,,,,,,,,,,,,,,
2023,WBNP,Wood Bison,Hair,88213,-,100,89,89,134,138,185,187,247,253,103,103,104,112,135,135,85,103,129,143,189,191,238,238,87,89,158,164,115,115,172,174,225,229,143,143,158,158,90,90,140,148,190,194,246,252,175,177,152,166,154,160,81,81,124,136,165,175,142,138,260,260,150,150,123,129,155,157,92,94,148,150,180,192,108,108,174,176,83,95,165,165,89,89,,,161,167,228,238,114,132,X,X,92,102,99,101,179,181,205,211,156,166,149,151,,,,,,,,,,,,,,,,,,,,,,,,,,
2023,WBNP,Wood Bison,Hair,88214,-,100,91,91,136,136,179,185,241,253,103,103,104,108,145,145,83,91,129,143,189,191,238,254,87,87,158,160,113,115,172,178,229,229,143,143,158,158,90,102,127,148,188,190,252,252,177,177,164,166,156,156,77,81,124,132,175,183,142,150,262,264,140,150,123,125,155,155,91,91,146,154,180,196,106,112,176,176,81,89,155,165,85,85,,,161,167,228,238,130,134,X,X,102,104,95,101,181,181,205,207,158,164,149,149,,,,,,,,,,,,,,,,,,,,,,,,,,
2023,WBNP,Wood Bison,Hair,88216,-,100,91,91,134,138,175,179,241,269,103,103,108,108,135,145,93,103,129,129,189,191,252,252,87,87,162,162,113,115,172,172,229,229,143,143,156,156,90,90,140,142,190,194,252,252,167,173,152,162,154,154,81,85,124,124,175,181,142,150,262,264,150,150,129,131,155,157,92,95,146,146,180,180,112,112,170,174,81,89,161,165,89,91,,,167,167,238,238,130,130,X,X,92,102,95,99,181,181,205,205,142,164,145,153,,,,,,,,,,,,,,,,,,,,,,,,,,
2023,WBNP,Wood Bison,Hair,88218,-,100,89,93,136,138,179,185,253,269,103,103,100,108,141,145,93,97,129,129,195,195,232,238,87,87,147,160,115,115,172,182,225,227,143,143,158,158,90,90,127,127,194,194,250,252,173,173,158,166,154,156,77,83,124,126,175,183,142,150,262,262,140,150,123,129,153,155,91,94,146,148,180,180,106,112,170,176,81,89,165,165,85,89,,,167,167,228,238,130,130,X,X,98,98,95,101,181,191,205,205,158,168,153,153,,,,,,,,,,,,,,,,,,,,,,,,,,
2023,WBNP,Wood Bison,Hair,88219,-,100,89,91,134,138,179,181,247,253,103,103,104,104,135,147,91,103,129,129,189,189,238,252,87,89,162,162,108,115,172,182,229,231,143,145,158,158,90,90,127,127,190,194,246,250,173,175,152,162,160,160,81,85,132,132,165,165,142,148,260,262,140,150,123,129,151,157,91,91,150,150,180,180,112,112,170,172,83,89,161,173,87,89,,,161,167,228,236,130,134,X,X,92,104,101,103,181,181,205,211,158,158,145,151,,,,,,,,,,,,,,,,,,,,,,,,,,
2023,WBNP,Wood Bison,Hair,88220,-,100,89,91,136,136,187,187,253,269,103,103,100,108,141,141,89,91,129,129,189,189,232,238,87,87,160,161,113,115,174,182,229,229,143,143,156,158,90,102,127,146,194,200,252,252,163,173,152,158,144,154,77,81,132,136,175,183,142,150,260,262,140,150,127,129,155,155,91,92,146,150,180,180,112,112,172,176,83,89,161,161,85,91,,,161,161,224,228,130,130,X,X,92,98,95,101,181,181,205,207,166,168,151,153,,,,,,,,,,,,,,,,,,,,,,,,,,
2023,WBNP,Wood Bison,Hair,88221,-,100,89,89,134,134,175,187,253,271,103,103,108,108,135,141,85,97,127,129,189,189,238,238,87,87,158,160,113,115,172,180,227,229,143,143,158,158,102,102,140,142,194,194,254,254,165,173,146,146,154,154,81,83,124,124,175,183,142,148,260,262,146,150,125,131,155,159,94,95,146,150,196,198,106,108,170,172,91,95,161,165,85,85,,,167,167,238,238,114,128,X,X,102,104,101,101,181,191,215,215,144,156,149,149,,,,,,,,,,,,,,,,,,,,,,,,,,
2023,WBNP,Wood Bison,Hair,88222,-,100,91,91,136,136,175,187,241,269,102,103,104,108,135,145,93,93,141,143,189,191,238,248,87,89,158,161,113,115,172,174,229,231,143,143,156,156,90,102,127,138,188,194,246,252,175,177,148,166,146,146,81,85,124,126,165,181,142,150,260,262,146,150,125,129,155,159,91,92,150,150,184,196,90,106,172,172,81,89,161,165,81,87,,,161,167,238,238,128,134,X,X,98,104,101,101,191,191,207,207,142,158,151,153,,,,,,,,,,,,,,,,,,,,,,,,,,
2023,WBNP,Wood Bison,Hair,88223,-,100,89,93,132,136,179,187,247,253,103,103,108,108,135,145,93,97,129,143,189,191,232,232,87,87,149,162,113,115,172,172,229,233,143,145,156,158,102,102,127,142,188,190,252,252,159,177,152,166,154,156,81,83,124,124,165,179,142,142,258,260,140,150,125,129,155,155,91,94,146,146,180,192,110,110,170,172,85,89,161,161,89,89,,,167,167,228,238,130,134,X,X,104,104,99,101,179,191,205,205,158,166,145,153,,,,,,,,,,,,,,,,,,,,,,,,,,
2023,WBNP,Wood Bison,Hair,88224,-,100,89,89,136,136,181,187,241,269,103,103,104,108,135,141,89,93,129,129,189,189,232,238,87,87,143,154,113,115,174,178,229,229,143,145,160,160,90,90,127,140,194,194,250,250,177,177,152,166,154,160,83,83,122,132,183,183,142,150,260,260,140,150,125,125,155,155,91,91,146,146,180,184,108,110,172,176,83,89,165,165,81,89,,,161,161,224,238,130,130,X,X,96,102,101,103,181,191,211,211,166,168,145,149,,,,,,,,,,,,,,,,,,,,,,,,,,
2023,WBNP,Wood Bison,Hair,88225,-,100,89,89,136,136,181,181,253,253,103,103,104,108,135,145,83,97,129,143,189,191,232,238,87,87,158,160,113,115,172,180,225,229,143,147,158,160,100,102,140,140,188,194,252,252,159,163,158,166,154,158,81,81,122,124,181,183,142,148,260,262,140,150,125,129,155,159,92,92,146,146,180,192,110,112,170,170,89,89,161,165,89,89,,,161,167,228,238,130,134,X,X,102,104,95,103,177,181,205,207,158,168,145,149,,,,,,,,,,,,,,,,,,,,,,,,,,
2023,WBNP,Wood Bison,Hair,88226,-,100,89,89,136,138,187,187,253,253,103,103,104,104,135,137,93,103,143,143,189,191,232,238,87,91,160,161,108,108,172,182,229,229,143,145,156,156,90,90,127,140,194,194,252,254,173,177,146,158,154,156,81,83,124,124,175,179,142,150,262,262,146,146,123,129,155,155,91,95,150,150,184,192,106,110,170,176,83,89,161,169,87,89,,,167,167,238,238,130,132,X,X,104,104,95,99,181,181,205,205,142,158,149,151,,,,,,,,,,,,,,,,,,,,,,,,,,
2023,WBNP,Wood Bison,Hair,88227,-,100,89,89,136,136,181,181,247,253,103,103,104,108,141,145,85,93,129,143,189,189,232,254,87,87,158,158,113,115,172,172,227,229,143,143,154,154,88,102,127,142,188,194,252,252,173,173,152,166,154,160,83,85,124,124,175,175,142,142,258,262,140,150,125,129,155,155,92,92,146,150,180,180,108,112,158,170,83,95,161,168,89,89,,,167,167,228,238,130,130,X,X,102,104,95,103,177,181,205,207,142,142,145,149,,,,,,,,,,,,,,,,,,,,,,,,,,
2023,WBNP,Wood Bison,Hair,88228,-,100,89,91,136,138,175,185,253,253,103,103,106,108,145,145,103,103,129,141,189,195,232,238,87,87,160,160,115,115,172,174,227,229,143,143,156,156,90,90,140,146,190,194,252,252,173,175,152,152,154,154,81,83,124,124,175,183,142,142,260,262,140,148,125,129,157,159,91,91,146,150,180,180,106,108,170,170,89,95,161,165,85,89,,,165,167,240,240,130,130,X,X,102,102,95,103,181,191,205,205,166,168,145,153,,,,,,,,,,,,,,,,,,,,,,,,,,
2023,WBNP,Wood Bison,Hair,88251,-,100,89,89,136,138,181,187,253,253,104,104,104,108,145,147,83,93,129,129,191,195,232,250,87,91,161,170,113,115,176,176,229,229,143,143,156,158,90,90,142,150,188,202,252,254,165,167,152,152,144,154,81,85,122,122,175,175,142,142,262,262,146,150,131,131,155,155,94,95,146,150,198,198,112,112,170,172,85,89,161,173,87,89,,,167,167,236,240,118,130,X,X,92,102,95,101,177,181,205,205,142,142,145,153,,,,,,,,,,,,,,,,,,,,,,,,,,
2024,WBNP,-,Tissue - Ear,BSN-01,-,100,89,99,136,138,185,191,253,253,103,104,108,108,141,145,83,103,143,149,191,191,252,254,87,87,161,162,113,115,172,180,229,231,143,143,156,158,88,102,146,148,194,194,252,252,167,173,146,158,154,154,83,83,132,132,165,175,142,148,260,262,140,150,125,129,155,159,91,92,150,150,192,198,110,112,166,172,85,89,173,173,89,91,,,167,167,228,236,130,130,X,X,92,104,95,103,179,181,205,205,142,162,149,153,,,,,,,,,,,,,,,,,,,,,,,,,,
2024,WBNP,-,Tissue - Ear,BSN-02,-,100,91,99,134,138,179,185,253,253,103,104,108,108,141,141,83,103,143,149,191,191,238,252,87,89,162,170,113,113,174,180,229,233,143,143,156,156,88,90,127,146,194,194,252,252,173,175,146,166,154,154,81,83,124,132,165,175,142,148,260,260,140,150,123,125,153,155,91,91,146,150,180,198,112,112,172,172,89,89,165,173,81,89,,,167,167,228,238,130,130,Y,X,92,104,103,103,179,179,205,205,142,162,149,153,,,,,,,,,,,,,,,,,,,,,,,,,,
2024,WBNP,-,Tissue - Ear,BSN-03,-,100,89,91,138,138,181,185,241,253,103,103,104,104,141,145,97,103,143,143,189,191,238,252,87,87,158,160,113,113,172,172,225,229,143,143,154,158,90,102,142,150,190,194,252,252,173,177,146,152,154,154,83,85,124,132,175,183,142,148,262,262,146,150,127,131,155,155,91,92,146,150,180,180,106,112,166,174,81,89,161,165,87,89,,,167,167,236,238,118,130,Y,X,102,104,97,101,181,181,205,207,144,168,145,149,,,,,,,,,,,,,,,,,,,,,,,,,,
2024,WBNP,-,Tissue - Ear,BSN-04,-,100,89,91,134,138,181,181,253,253,103,103,104,104,145,145,93,97,129,129,189,191,232,238,87,89,158,160,108,115,174,174,229,229,143,143,158,158,90,90,127,150,190,194,252,252,167,167,146,152,154,154,81,83,132,132,165,165,142,142,260,262,150,152,129,129,155,157,91,91,146,150,184,192,106,112,170,172,85,89,161,173,89,89,,,161,167,228,238,128,130,Y,X,102,104,103,103,181,181,205,205,142,166,149,149,,,,,,,,,,,,,,,,,,,,,,,,,,
2024,WBNP,-,Tissue - Ear,BSN-05,-,100,89,91,138,142,181,187,241,269,103,103,100,100,145,145,83,93,129,129,195,195,238,252,87,87,158,160,115,115,172,182,227,229,143,143,156,158,90,90,127,140,188,194,252,252,173,173,146,152,154,160,83,83,124,132,175,175,142,148,262,262,146,150,123,129,153,155,91,91,146,150,180,196,106,112,166,174,89,89,161,173,89,89,,,167,167,228,238,128,130,Y,X,102,104,101,103,181,191,205,207,142,166,145,153,,,,,,,,,,,,,,,,,,,,,,,,,,
2024,WBNP,-,Tissue - Ear,BSN-07,-,100,89,89,136,136,179,181,241,241,103,103,100,108,141,145,91,97,143,149,191,195,238,252,89,89,161,162,113,115,174,174,225,231,143,145,158,158,90,102,140,142,194,194,252,252,175,175,146,152,154,154,83,85,124,124,175,181,142,142,260,262,146,150,125,129,155,155,91,92,150,150,184,192,112,112,170,170,89,95,161,165,89,91,,,167,167,228,238,130,132,X,X,96,102,101,101,179,181,205,211,158,164,151,153,,,,,,,,,,,,,,,,,,,,,,,,,,
2024,WBNP,-,Tissue - Ear,BSN-08,-,100,89,91,140,142,181,181,269,269,103,103,108,112,135,145,103,103,129,129,189,195,238,238,87,87,158,162,108,113,172,174,225,229,143,147,158,160,90,104,127,150,190,194,252,252,173,177,152,152,154,154,81,83,124,132,175,175,142,142,256,264,140,146,123,129,157,159,91,92,150,150,184,192,106,112,172,172,89,89,169,173,89,91,,,167,167,228,238,130,130,X,X,92,102,101,101,181,191,205,211,142,158,149,153,,,,,,,,,,,,,,,,,,,,,,,,,,
2023,WBNP,Wood Bison,Ear Tissue,BSN-102,-,100,89,91,138,138,179,187,253,253,103,103,108,108,145,145,89,97,129,129,191,195,232,238,87,89,160,162,113,115,172,176,229,233,143,143,156,158,90,90,127,127,194,194,252,254,173,173,152,156,144,154,81,83,124,132,165,183,142,142,262,262,140,146,129,129,155,157,91,92,150,150,180,184,106,106,170,172,85,95,165,173,85,91,,,167,167,228,238,118,128,Y,X,104,104,95,103,181,191,205,205,142,166,149,153,,,,,,,,,,,,,,,,,,,,,,,,,,
2023,WBNP,Wood Bison,Ear Tissue,BSN-103,-,100,89,91,134,134,179,181,253,253,103,103,104,112,141,145,93,93,129,143,189,191,238,238,87,89,162,162,115,115,172,174,227,233,143,145,156,158,90,102,127,150,194,200,252,252,175,177,152,152,154,154,81,83,122,132,175,183,142,142,260,260,146,150,123,129,155,155,91,92,146,150,180,184,106,110,166,174,83,95,169,173,85,89,,,161,165,228,238,128,130,X,X,102,102,103,103,181,181,205,205,166,166,149,151,,,,,,,,,,,,,,,,,,,,,,,,,,
2023,WBNP,Wood Bison,Ear Tissue,BSN-104,-,100,89,89,134,138,181,181,253,269,103,103,108,108,135,145,93,97,129,129,191,195,232,238,87,89,150,160,113,115,172,172,227,229,143,145,156,160,90,102,138,140,188,194,250,252,173,173,146,152,154,160,81,83,124,124,165,183,142,150,260,260,140,150,129,129,155,159,91,91,146,150,184,196,112,112,170,172,85,89,165,175,85,89,,,167,167,228,228,128,132,Y,X,92,102,101,103,181,181,205,205,142,142,149,153,,,,,,,,,,,,,,,,,,,,,,,,,,
2023,WBNP,Wood Bison,Ear Tissue,BSN-105,-,100,91,91,136,140,181,187,247,271,103,103,108,108,141,145,97,103,143,143,189,195,238,238,87,87,162,162,113,115,174,176,229,229,143,143,158,160,88,90,140,146,190,194,252,254,173,177,152,166,154,158,81,81,124,124,175,175,142,150,260,262,148,150,129,129,157,159,91,95,150,150,184,192,112,112,172,176,89,89,161,173,85,89,,,167,167,228,228,114,130,Y,X,98,104,101,101,181,191,205,211,142,168,151,153,,,,,,,,,,,,,,,,,,,,,,,,,,
2023,WBNP,Wood Bison,Ear Tissue,BSN-106,-,100,89,89,136,140,181,187,241,253,103,103,104,112,135,145,93,103,129,129,189,191,238,238,87,89,160,161,115,115,172,174,227,229,143,147,158,158,90,102,146,150,188,190,252,252,173,177,152,152,154,154,81,83,124,132,179,183,142,142,260,262,140,150,123,125,159,159,92,92,146,150,184,190,106,112,166,172,89,89,161,173,89,89,,,167,167,228,238,130,134,X,X,102,104,95,103,177,181,205,207,142,142,151,153,,,,,,,,,,,,,,,,,,,,,,,,,,
2023,WBNP,Wood Bison,Ear Tissue,BSN-107 (Adult Male),-,100,89,91,136,142,179,187,253,269,103,103,104,104,135,145,85,97,129,149,191,195,238,238,87,89,160,161,115,115,174,176,229,233,143,145,158,160,90,90,127,127,188,194,246,254,173,175,152,166,154,154,77,81,124,132,165,165,142,150,260,260,148,150,125,129,155,155,91,95,150,150,180,184,106,108,170,172,85,89,169,173,81,85,,,167,167,236,238,130,134,Y,X,102,104,99,103,181,181,205,207,142,166,153,153,,,,,,,,,,,,,,,,,,,,,,,,,,
2023,WBNP,Wood Bison,Ear Tissue,BSN-107 (Yearling Female),-,100,89,89,138,138,179,187,247,253,103,103,100,108,135,145,83,103,129,129,189,191,238,252,91,91,158,162,115,115,172,174,227,229,143,143,156,158,90,90,140,146,194,200,252,252,173,173,146,150,154,154,83,85,124,132,165,175,142,148,260,262,150,150,129,129,155,159,91,92,146,146,192,198,106,106,170,172,89,89,165,173,85,89,,,161,167,238,240,118,130,X,X,104,104,101,101,181,181,215,215,142,158,149,153,,,,,,,,,,,,,,,,,,,,,,,,,,
2023,WBNP,Wood Bison,Ear Tissue,BSN-108,-,100,89,93,134,138,181,185,241,269,103,103,100,108,135,145,97,103,129,143,189,191,238,238,87,87,158,158,108,115,172,180,227,229,143,143,156,156,90,90,140,142,188,190,250,252,173,173,152,152,154,160,81,85,124,124,175,183,142,142,260,262,140,150,123,129,159,159,91,92,146,150,184,184,106,106,172,186,85,89,169,173,85,85,,,167,167,228,228,130,132,X,X,102,102,103,103,181,181,205,205,142,142,149,151,,,,,,,,,,,,,,,,,,,,,,,,,,
2023,WBNP,Wood Bison,Ear Tissue,BSN-112,-,100,89,99,138,138,175,181,241,253,103,103,108,108,145,145,89,103,129,129,189,195,238,238,87,87,158,162,115,115,174,182,227,227,143,145,156,160,90,90,148,150,188,194,252,252,173,177,146,146,154,160,83,83,124,124,175,183,142,150,260,264,140,146,129,129,157,159,91,91,146,150,184,184,106,112,172,172,89,89,161,175,81,89,,,167,167,228,238,128,132,Y,X,92,104,101,103,181,181,205,205,142,166,153,153,,,,,,,,,,,,,,,,,,,,,,,,,,
2023,WBNP,Wood Bison,Ear Tissue,BSN-113,-,100,89,89,138,142,175,179,253,253,103,103,108,108,135,141,93,103,129,129,189,189,238,252,87,87,147,160,108,115,172,178,225,227,143,143,158,158,90,102,127,148,194,200,252,252,173,173,146,152,144,154,77,81,122,122,165,175,142,150,260,260,140,150,123,129,153,159,91,92,150,150,184,192,106,112,172,172,89,89,161,161,89,89,,,167,167,236,238,130,130,Y,X,104,104,95,103,181,181,205,205,142,142,149,153,,,,,,,,,,,,,,,,,,,,,,,,,,
2023,WBNP,Wood Bison,Ear Tissue,BSN-114,-,100,89,91,134,138,175,187,253,269,103,103,104,104,141,145,89,93,129,141,189,191,238,238,87,87,161,162,108,115,172,172,225,227,143,143,158,160,102,102,142,146,188,194,252,254,167,173,152,152,144,154,81,81,122,132,175,183,142,150,260,260,150,150,129,131,155,159,91,92,150,150,180,196,110,112,170,174,85,89,165,173,89,89,,,165,167,228,228,128,134,Y,X,104,104,95,101,181,191,205,207,144,166,149,149,,,,,,,,,,,,,,,,,,,,,,,,,,
2023,WBNP,Wood Bison,Ear Tissue,BSN-115,-,100,91,99,134,138,175,181,253,253,103,103,100,108,135,141,93,103,129,129,191,191,232,238,87,87,161,162,113,115,174,174,227,227,143,143,158,158,90,90,127,142,194,200,252,252,167,177,146,146,154,154,81,81,124,132,179,183,142,142,262,262,140,150,123,129,155,155,91,95,146,150,180,184,106,112,166,170,89,89,161,161,81,89,,,161,167,228,228,130,134,X,X,104,104,101,101,181,191,205,215,142,158,153,153,,,,,,,,,,,,,,,,,,,,,,,,,,
2023,WBNP,Wood Bison,Ear Tissue,BSN-116,-,100,91,91,136,142,181,187,253,253,103,103,104,104,135,145,83,89,129,143,189,191,238,238,87,87,158,160,113,115,172,182,229,229,143,143,158,160,90,90,127,140,190,194,246,252,173,173,146,152,154,154,81,83,124,124,165,183,142,150,262,262,146,146,125,129,155,157,91,92,146,152,180,180,112,112,172,178,89,89,161,165,89,91,,,167,167,228,238,128,134,Y,X,102,104,95,103,181,181,201,211,142,166,145,149,,,,,,,,,,,,,,,,,,,,,,,,,,
2023,WBNP,Wood Bison,Ear Tissue,BSN-117,-,100,89,91,134,142,179,179,253,269,103,104,104,108,141,145,103,103,141,143,195,195,238,238,87,87,162,162,113,113,172,174,227,229,143,143,158,158,102,102,138,140,188,194,252,252,163,177,152,152,154,154,81,81,124,124,175,183,142,142,256,260,146,146,129,129,153,159,91,94,146,150,180,180,108,112,168,172,89,89,161,165,81,81,,,161,167,228,238,130,132,X,X,102,104,95,103,181,181,205,205,142,142,145,149,,,,,,,,,,,,,,,,,,,,,,,,,,
2023,WBNP,Wood Bison,Ear Tissue,BSN-118,-,100,89,89,134,134,179,185,253,253,103,103,104,104,141,141,89,93,129,143,189,191,238,238,87,87,149,162,113,115,172,172,229,229,143,143,158,160,88,90,140,146,190,200,246,250,165,177,152,152,160,160,83,83,124,124,165,183,142,150,260,260,146,152,129,129,155,157,92,95,148,148,192,192,112,112,166,174,89,89,161,173,81,89,,,161,167,224,228,130,134,X,X,102,104,99,99,181,181,205,205,142,142,149,151,,,,,,,,,,,,,,,,,,,,,,,,,,
2023,WBNP,Wood Bison,Ear Tissue,BSN-119,-,100,89,89,134,134,181,191,253,253,103,103,104,104,141,145,103,103,131,149,191,191,238,238,87,87,160,160,113,113,172,172,225,229,143,145,156,158,90,90,140,150,194,194,250,252,163,173,146,146,154,160,83,85,132,132,175,183,142,150,260,260,140,150,129,129,155,155,91,92,146,150,184,184,106,112,166,170,89,89,161,173,85,89,,,167,167,228,238,128,132,Y,X,102,104,101,103,181,181,205,211,142,166,153,153,,,,,,,,,,,,,,,,,,,,,,,,,,
2024,WBNP,-,Tissue - Ear,BSN-25,-,100,89,91,134,136,181,181,241,271,103,104,100,104,141,141,85,103,129,149,191,191,252,254,87,87,158,160,115,115,172,172,225,227,143,147,158,158,88,90,142,150,188,194,252,252,173,173,152,152,154,156,81,83,124,132,175,175,142,148,260,262,146,146,123,129,155,157,92,92,150,150,180,180,106,106,170,178,85,89,165,173,85,89,,,167,167,228,238,130,130,X,X,92,104,97,103,181,181,205,211,158,166,149,153,,,,,,,,,,,,,,,,,,,,,,,,,,
2024,WBNP,-,Tissue - Ear,BSN-46,-,100,89,91,134,138,175,181,253,253,103,103,108,108,145,145,103,103,129,143,189,195,238,238,87,91,160,162,113,115,172,178,227,229,143,143,158,158,90,90,127,127,190,190,246,252,173,177,142,152,144,144,83,83,132,132,165,183,142,148,260,262,150,150,123,123,155,157,91,92,150,150,184,192,106,112,170,174,89,95,165,173,89,89,,,161,167,228,238,128,130,Y,X,102,104,101,101,181,181,207,211,142,168,149,153,,,,,,,,,,,,,,,,,,,,,,,,,,
2024,WBNP,-,Tissue - Ear,BSN-51,-,100,91,91,138,138,181,185,247,253,103,103,112,112,145,145,89,103,129,149,189,195,238,238,87,87,160,161,113,115,172,174,227,229,143,143,158,158,90,90,140,150,194,194,252,252,173,177,146,152,154,154,81,83,132,132,179,183,142,142,260,262,146,150,129,129,155,157,92,92,146,150,196,196,108,112,170,172,83,85,173,173,87,89,,,167,167,238,240,128,130,Y,X,102,104,99,103,181,191,205,205,142,142,149,153,,,,,,,,,,,,,,,,,,,,,,,,,,
2024,WBNP,-,Tissue - Ear,BSN-52,-,100,91,91,138,142,179,185,253,269,103,104,104,104,135,145,89,103,129,149,189,189,238,238,87,87,159,159,113,115,172,172,227,229,143,143,158,158,90,102,140,146,190,194,252,252,167,173,152,152,154,154,81,81,124,132,175,179,142,142,260,262,146,150,129,129,157,159,91,92,146,150,196,196,106,112,170,186,89,89,169,173,85,89,,,167,167,228,238,130,132,Y,X,102,104,101,103,181,191,205,207,158,164,149,151,,,,,,,,,,,,,,,,,,,,,,,,,,
2024,WBNP,-,Tissue - Ear,BSN-55,-,100,89,91,134,138,181,181,253,253,103,103,108,108,141,141,89,93,129,149,189,191,238,238,87,87,149,162,115,115,172,174,227,229,143,143,158,160,88,90,140,142,190,200,252,252,165,177,146,152,154,154,81,83,124,132,183,183,142,142,262,262,140,148,123,127,155,157,91,95,146,148,184,192,90,112,170,172,85,89,161,173,89,89,,,161,167,228,228,128,130,Y,X,104,104,99,101,181,191,211,215,142,158,151,153,,,,,,,,,,,,,,,,,,,,,,,,,,
2024,WBNP,-,Tissue - Ear,BSN-62,-,100,89,91,134,138,179,187,241,253,103,103,100,104,141,141,93,103,129,129,189,189,238,238,87,87,160,162,113,115,172,182,229,229,143,143,156,160,102,102,146,148,194,200,252,252,173,177,146,152,154,160,77,83,124,124,175,183,142,150,260,262,150,150,129,129,157,159,91,92,150,150,192,192,106,110,172,174,89,89,161,173,85,89,,,167,167,228,240,118,130,X,X,102,104,95,101,181,191,201,205,142,158,149,153,,,,,,,,,,,,,,,,,,,,,,,,,,
2024,WBNP,-,Tissue - Ear,BSN-63,-,98,91,91,138,138,179,181,253,253,103,105,100,108,135,141,91,103,129,143,189,189,238,238,87,87,158,162,108,113,172,172,229,229,143,147,158,158,90,90,127,140,194,200,246,252,173,177,146,152,144,154,81,81,124,132,183,183,142,150,260,262,150,152,127,129,155,159,91,92,150,150,180,184,112,112,172,174,81,83,161,165,89,89,,,161,161,228,238,130,132,//,//,98,102,103,103,181,191,205,211,142,142,149,149,,,,,,,,,,,,,,,,,,,,,,,,,,
2024,WBNP,-,Tissue - Ear,BSN-64,-,98,91,91,134,138,179,187,241,269,103,103,100,108,135,141,89,93,129,129,189,189,238,238,87,87,160,160,113,113,172,174,225,229,143,143,158,160,90,102,148,148,194,200,252,252,177,177,152,152,154,160,81,83,122,124,165,175,142,150,260,262,140,150,127,129,153,159,92,92,150,150,180,192,106,112,172,172,89,89,161,173,85,87,,,167,167,228,236,130,130,X,X,104,104,101,103,181,191,205,211,142,158,//,//,,,,,,,,,,,,,,,,,,,,,,,,,,
2024,WBNP,-,Tissue - Ear,BSN-65,-,100,89,91,132,138,179,179,253,253,103,104,108,112,135,141,83,97,143,149,189,191,232,238,87,87,143,162,113,113,172,174,231,233,143,143,158,158,90,102,127,150,188,200,250,252,175,177,146,150,154,156,81,83,124,132,175,175,142,150,260,262,146,150,123,129,155,155,91,92,146,150,180,192,106,106,172,176,89,89,159,167,81,89,,,161,167,228,238,128,130,X,X,102,102,95,95,181,181,205,211,142,166,145,149,,,,,,,,,,,,,,,,,,,,,,,,,,
2024,WBNP,-,Tissue - Ear,BSN-66,-,100,89,93,132,140,179,181,241,253,103,103,104,112,135,145,103,103,129,133,189,195,238,238,87,89,158,158,108,113,172,174,227,227,143,143,154,158,90,102,127,142,188,190,252,252,173,173,150,162,154,154,83,83,124,136,165,183,142,148,260,260,146,150,123,129,155,155,91,92,150,150,180,184,108,112,172,176,89,89,165,165,81,91,,,167,167,228,228,130,134,X,X,92,102,103,103,181,181,205,207,142,142,149,151,,,,,,,,,,,,,,,,,,,,,,,,,,
2024,WBNP,-,Tissue - Ear,BSN-67,-,100,89,91,136,138,175,179,241,253,103,103,104,104,141,145,93,93,129,129,189,189,232,238,87,89,160,162,115,115,174,182,225,227,143,143,158,158,90,90,127,146,188,200,252,254,173,173,146,152,154,154,77,81,124,124,179,183,142,148,260,262,150,150,125,129,155,159,91,92,150,150,180,190,106,110,170,174,81,81,161,169,85,89,,,167,167,228,238,128,128,Y,X,102,104,95,99,181,181,207,211,142,144,145,149,,,,,,,,,,,,,,,,,,,,,,,,,,
2024,WBNP,-,Tissue - Ear,BSN-69,-,100,89,91,134,138,179,181,241,253,103,103,108,112,145,145,91,103,129,143,189,189,238,238,87,87,149,162,113,115,172,178,229,229,143,143,156,158,90,90,127,148,190,194,246,252,173,177,152,152,144,154,81,83,124,132,165,165,142,142,260,260,150,150,129,129,155,159,91,91,146,146,180,184,112,112,172,174,89,89,165,165,89,89,,,161,167,238,238,130,132,X,X,98,104,99,101,181,193,205,207,142,142,149,153,,,,,,,,,,,,,,,,,,,,,,,,,,
2024,WBNP,-,Tissue - Ear,BSN-70,-,100,89,91,138,138,179,187,241,253,103,103,100,108,145,145,93,103,129,143,191,191,238,252,87,89,160,162,108,115,172,174,229,229,143,143,158,158,102,102,140,146,190,194,246,252,167,173,152,152,154,154,81,81,120,122,179,179,142,150,256,262,146,150,125,129,155,155,91,95,146,146,180,180,108,110,168,174,85,89,165,165,85,91,,,161,167,228,238,130,132,X,X,104,104,95,99,181,181,205,215,142,162,147,151,,,,,,,,,,,,,,,,,,,,,,,,,,
2023,WBNP,Wood Bison,Biopsy,BSN71,-,100,89,91,134,138,185,187,253,269,103,103,104,104,145,145,97,103,129,129,189,189,232,232,87,87,160,160,108,115,172,172,229,231,133,143,156,156,88,90,140,140,188,188,252,252,167,177,146,164,154,154,81,83,132,132,165,175,142,142,260,262,146,148,125,129,153,153,92,92,146,150,180,184,106,112,170,172,81,83,165,169,89,91,,,161,167,238,240,128,130,Y,X,102,102,101,103,181,181,205,205,142,164,151,153,,,,,,,,,,,,,,,,,,,,,,,,,,
2023,WBNP,Wood Bison,Biopsy,BSN72,-,100,89,91,134,138,179,187,253,269,103,103,100,100,145,145,85,97,129,129,191,195,232,238,87,87,149,161,113,115,172,174,229,229,143,147,158,158,90,90,140,140,188,190,252,252,173,177,152,152,144,156,83,83,122,124,175,183,142,148,262,262,146,150,129,129,153,153,91,91,146,150,192,196,106,112,170,172,85,89,165,173,85,85,,,167,167,228,240,130,132,Y,X,98,102,101,101,181,181,207,211,142,164,145,153,,,,,,,,,,,,,,,,,,,,,,,,,,
2023,WBNP,Wood Bison,Biopsy,BSN76-1,-,100,89,89,134,134,179,181,253,269,103,103,104,104,141,141,89,97,129,149,189,191,238,238,87,87,149,160,115,115,172,172,229,229,143,143,158,160,88,102,140,140,190,200,246,252,165,177,146,152,154,160,83,83,124,124,165,183,142,150,260,262,146,148,127,129,155,157,95,95,148,150,180,192,90,112,172,174,85,89,161,173,81,89,,,167,167,224,228,128,130,Y,X,102,104,99,99,181,191,205,211,142,142,149,151,,,,,,,,,,,,,,,,,,,,,,,,,,
2023,WBNP,Wood Bison,Biopsy,BSN76-2,-,100,89,91,138,142,175,187,247,253,103,103,108,108,141,145,103,103,129,129,191,195,238,238,87,87,158,162,108,113,172,182,225,229,143,143,156,160,90,90,127,140,190,194,252,252,173,177,162,166,144,154,77,81,124,132,175,175,142,148,256,260,140,140,129,129,155,157,91,95,146,150,184,192,106,112,172,178,89,89,161,161,81,89,,,167,167,228,240,130,130,Y,X,104,104,99,103,181,181,205,207,142,142,149,153,,,,,,,,,,,,,,,,,,,,,,,,,,
2023,WBNP,Wood Bison,Biopsy,BSN81,-,100,89,91,134,136,181,181,241,247,103,103,104,104,141,145,83,97,129,149,189,191,232,238,87,89,161,170,108,115,172,172,229,229,143,147,154,158,90,90,140,148,188,194,252,252,173,177,146,152,144,154,83,83,122,124,165,175,142,148,260,262,140,148,125,127,153,155,92,94,146,150,184,196,106,112,170,174,85,89,161,173,89,89,,,161,161,238,240,130,134,Y,X,104,104,99,103,181,181,205,205,144,168,149,151,,,,,,,,,,,,,,,,,,,,,,,,,,
2023,WBNP,Wood Bison,Biopsy,BSN83,-,100,89,91,134,134,187,191,253,269,103,103,100,100,145,145,93,103,143,143,189,191,232,236,87,87,158,160,108,115,172,172,225,229,143,143,156,158,90,90,140,148,194,194,252,252,163,167,146,152,154,154,81,83,124,132,183,183,142,142,262,262,146,150,121,125,151,157,91,91,146,150,180,192,106,112,170,172,81,89,161,173,85,89,,,167,167,228,240,128,130,Y,X,104,104,103,103,181,191,201,205,142,166,149,151,,,,,,,,,,,,,,,,,,,,,,,,,,
2023,WBNP,Wood Bison,Biopsy,BSN84,-,100,91,91,134,138,187,187,253,269,103,103,100,100,135,147,89,89,129,129,189,189,238,238,87,87,158,160,113,113,174,176,229,229,143,143,158,160,90,102,142,148,194,200,252,252,173,177,152,152,154,160,83,83,122,124,175,183,142,142,256,260,140,150,129,131,157,159,91,91,146,150,180,180,106,110,172,174,89,89,161,173,87,89,,,167,167,228,236,128,130,Y,X,102,104,101,103,181,191,205,211,142,158,151,151,,,,,,,,,,,,,,,,,,,,,,,,,,
2023,WBNP,Wood Bison,Biopsy,BSN86,-,100,89,91,138,140,179,187,253,253,103,105,100,100,141,145,93,93,129,143,189,189,238,238,87,87,160,162,113,115,172,174,227,229,143,143,158,158,102,102,127,146,194,194,252,252,175,175,146,152,154,154,83,83,124,132,175,179,142,142,260,262,140,150,129,131,155,155,92,95,150,150,180,192,106,108,172,172,89,95,165,165,87,91,,,161,167,228,240,130,130,Y,X,102,102,101,103,181,191,205,215,142,158,153,153,,,,,,,,,,,,,,,,,,,,,,,,,,
2023,WBNP,Wood Bison,Biopsy,BSN87,-,100,89,91,134,142,175,187,247,253,103,103,108,108,145,145,93,103,129,143,189,189,232,252,87,87,158,162,115,115,174,180,229,229,143,145,154,156,90,100,127,142,188,188,252,252,173,175,146,152,144,156,81,83,124,132,175,183,142,148,260,262,148,150,127,129,155,157,94,94,150,150,184,192,106,106,170,172,89,89,161,173,87,89,,,161,167,238,240,130,134,Y,X,104,104,99,101,181,181,211,215,142,166,149,153,,,,,,,,,,,,,,,,,,,,,,,,,,
2023,WBNP,Wood Bison,Biopsy,BSN90,-,100,89,91,138,138,179,181,241,269,103,103,108,112,145,145,97,103,129,129,191,195,232,238,87,91,147,161,108,113,174,178,227,229,143,147,158,158,102,102,127,150,194,194,252,252,173,173,152,152,154,154,77,81,124,124,175,183,142,142,262,264,146,150,129,129,157,159,92,92,150,150,184,184,108,112,170,172,89,89,165,173,89,89,,,167,167,228,228,130,132,X,X,92,104,101,101,181,181,205,211,142,158,149,153,,,,,,,,,,,,,,,,,,,,,,,,,,
2023,WBNP,Wood Bison,Biopsy,BSN91,-,100,91,91,134,138,187,187,241,269,103,103,104,104,145,145,89,93,129,129,189,189,238,238,87,87,158,161,108,113,172,172,227,229,143,143,158,160,90,102,127,140,194,200,252,252,167,173,146,152,154,160,77,81,124,124,165,175,142,150,256,262,146,150,129,129,157,159,92,95,146,150,180,190,106,108,170,174,83,89,165,169,89,91,,,167,167,228,240,130,132,X,X,104,104,103,103,181,191,201,207,142,142,149,151,,,,,,,,,,,,,,,,,,,,,,,,,,
2024,WBNP,-,Tissue - Ear,BSN-95,-,100,89,91,134,134,187,187,253,269,103,103,104,104,145,145,103,103,129,145,189,195,232,238,87,87,160,162,113,115,172,174,227,229,143,143,158,158,90,100,127,140,194,194,252,252,167,177,146,152,154,154,81,83,124,124,175,175,142,148,260,262,146,150,123,125,155,159,92,94,146,150,192,192,106,106,170,178,89,95,169,173,81,85,,,167,167,238,238,130,130,Y,X,102,104,101,103,177,181,201,211,158,166,145,149,,,,,,,,,,,,,,,,,,,,,,,,,,
2023,WBNP,Wood Bison,Biopsy,dart4-03,-,100,89,89,134,138,179,187,269,269,103,103,100,100,145,145,85,97,129,129,191,195,238,238,87,87,149,161,113,115,172,174,229,229,143,147,158,158,90,90,140,140,188,190,252,252,173,177,152,152,144,156,83,83,122,124,175,183,142,148,262,262,146,150,129,129,153,153,91,91,146,150,192,196,106,106,170,172,85,89,165,173,85,85,,,167,167,228,240,130,132,Y,X,98,102,101,101,181,181,207,211,142,142,145,153,,,,,,,,,,,,,,,,,,,,,,,,,,
2023,WBNP,Wood Bison,Ear Tissue,UKNWN (*NO SAMPLE ID*,-,100,89,91,134,138,181,187,241,241,103,103,104,108,141,145,93,97,129,129,191,195,238,238,87,87,158,160,115,115,174,174,227,229,143,143,158,158,90,90,127,140,194,194,252,252,167,175,152,152,160,160,81,81,124,132,165,175,142,150,260,262,146,146,125,129,153,157,91,92,150,150,180,184,106,108,168,172,83,85,161,165,85,89,,,167,167,228,232,128,130,X,X,104,104,95,103,181,191,207,215,142,158,145,153,,,,,,,,,,,,,,,,,,,,,,,,,,
2024/M.Grant Thesis,WBNP,-,Fecal,WBNP152,-,92,89,91,136,136,175,179,247,253,103,103,104,104,145,145,//,//,129,143,189,189,238,238,87,87,158,162,113,115,//,//,229,229,143,143,156,156,90,90,142,142,194,194,252,252,167,173,152,152,156,156,81,83,124,124,165,165,142,142,262,262,146,150,123,129,155,155,91,95,146,150,180,180,106,112,170,174,85,89,161,165,89,91,,,167,167,228,228,130,130,Y,X,92,92,101,101,181,191,205,211,142,170,//,//,181,181,196,196,206,227,265,265,122,126,156,160,210,210,//,//,283,291,183,183,234,234,//,//,,
2024/M.Grant Thesis,WBNP,-,Fecal,WBNP165,-,80,89,91,134,136,179,187,247,269,103,103,104,104,135,135,//,//,143,143,189,189,238,238,87,87,158,160,113,115,//,//,229,231,143,143,156,158,90,90,140,146,190,200,252,254,163,163,152,152,156,156,83,83,124,132,165,165,142,148,260,260,150,150,123,125,//,//,92,95,//,//,184,184,90,110,174,174,85,89,//,//,85,87,,,167,167,//,//,112,112,X,X,98,104,95,101,//,//,205,205,142,166,//,//,181,181,196,196,206,206,//,//,122,126,156,156,210,210,//,//,283,283,//,//,//,//,//,//,,
2024/M.Grant Thesis,WBNP,-,Fecal,WBNP170,-,88,89,89,134,140,179,185,253,253,103,103,108,108,141,145,83,103,129,131,189,189,232,238,87,87,149,161,113,113,//,//,229,231,143,143,156,160,90,90,138,140,190,194,252,252,173,175,//,//,//,//,81,83,124,132,175,179,142,142,//,//,150,150,129,129,155,159,91,91,150,150,180,192,108,112,172,176,85,89,161,161,89,89,,,167,167,228,238,118,130,Y,X,98,104,101,103,181,181,205,205,142,142,//,//,177,177,196,200,214,227,265,265,122,126,156,160,206,210,//,//,283,283,183,183,//,//,//,//,,
2024/M.Grant Thesis,WBNP,-,Fecal,WBNP188,-,95,89,91,134,138,181,187,241,253,103,103,108,108,141,141,//,//,129,129,189,189,238,238,87,87,160,162,113,113,172,174,227,227,143,145,158,158,90,90,127,140,194,200,252,252,167,173,146,152,144,154,81,81,124,132,165,179,142,142,262,262,140,146,123,127,153,155,//,//,146,146,180,184,110,112,166,172,83,89,161,165,81,89,,,167,167,228,228,128,130,X,X,104,104,101,103,181,181,201,215,142,158,153,153,181,181,200,200,214,227,265,265,122,126,156,156,202,210,//,//,287,291,179,183,234,234,210,210,,
2024/M.Grant Thesis,WBNP,-,Fecal,WBNP189,-,84,89,89,138,138,179,187,253,253,103,103,104,104,135,145,97,103,143,149,189,189,232,232,87,87,161,170,113,115,//,//,229,229,143,143,156,158,90,102,140,148,200,200,252,252,175,177,146,158,156,156,77,77,124,124,165,165,142,150,262,262,140,140,123,123,155,155,91,92,146,150,180,184,112,112,176,176,81,85,161,161,85,89,,,167,167,236,236,128,134,X,X,92,104,101,101,//,//,//,//,144,144,//,//,181,181,196,196,206,206,//,//,122,122,160,160,210,210,//,//,//,//,//,//,//,//,//,//,,
2024/M.Grant Thesis,WBNP,-,Fecal,WBNP210,-,92,89,91,136,138,179,181,253,253,103,107,108,108,145,147,97,103,129,143,189,195,238,238,87,89,160,160,108,108,//,//,229,229,143,143,154,158,90,102,127,127,194,194,254,254,173,173,146,152,156,156,81,83,132,132,175,175,142,148,//,//,146,146,123,129,155,155,91,95,150,150,180,184,110,112,168,170,81,89,161,161,87,87,,,167,167,228,228,130,130,Y,X,96,104,95,101,181,191,//,//,142,164,//,//,177,181,196,200,206,206,269,269,122,126,156,160,210,210,//,//,283,283,183,183,229,229,214,214,,
2024/M.Grant Thesis,WBNP,-,Fecal,WBNP963,-,95,89,89,134,138,179,185,253,269,103,103,108,108,145,145,89,93,129,129,189,189,238,238,87,89,162,170,113,115,172,174,227,229,143,143,158,160,90,90,140,146,194,200,252,254,173,177,146,152,144,144,81,85,124,124,165,175,142,148,260,260,140,150,123,129,155,157,91,95,150,150,180,190,106,112,174,174,83,89,165,169,89,91,,,161,167,238,238,130,132,Y,X,102,102,103,103,177,181,201,205,142,168,153,153,177,181,200,200,//,//,265,269,122,122,160,160,210,210,//,//,283,283,179,183,229,234,//,//,,
2024/M.Grant Thesis,WBNP,-,Fecal,WBNP964,-,92,91,93,134,138,185,187,253,269,103,103,104,104,135,145,93,103,143,143,191,191,232,238,87,87,160,170,113,115,182,182,227,227,145,147,156,160,90,90,142,150,188,194,252,252,167,177,146,158,//,//,83,83,132,132,175,183,142,142,260,260,146,146,123,129,155,159,91,92,150,150,180,180,108,112,178,178,89,89,161,169,81,89,,,167,167,228,228,130,132,Y,X,92,104,101,103,191,191,205,205,142,142,151,151,181,181,200,200,//,//,//,//,122,126,160,163,206,210,//,//,283,283,183,191,234,234,//,//,,
2024/M.Grant Thesis,WBNP,-,Fecal,WBNP-974-Fe,-,95,89,89,138,138,181,185,241,253,103,103,112,112,141,141,93,103,143,143,191,195,232,232,87,89,160,170,113,115,//,//,227,229,143,147,158,158,90,102,140,150,194,194,252,252,173,177,146,158,154,160,81,83,132,132,175,175,142,142,260,262,140,150,129,131,155,159,92,95,146,150,180,180,106,112,166,172,85,95,165,173,89,89,,,167,167,228,228,130,134,Y,X,104,104,101,101,181,193,205,205,//,//,149,149,181,181,196,200,206,227,265,265,122,126,156,160,206,210,//,//,283,283,179,179,234,234,210,214,,
2024/M.Grant Thesis,WBNP,-,Fecal,WBNP-975-Fe,-,97,89,91,136,142,185,187,253,253,103,103,108,112,141,141,103,103,143,143,189,189,238,238,87,87,162,170,113,115,172,174,225,229,143,143,154,156,100,102,140,148,194,200,252,252,167,177,150,152,154,154,81,83,124,124,165,175,142,148,262,262,140,150,127,129,155,159,//,//,150,150,192,196,106,112,170,172,89,89,169,173,85,89,,,167,167,228,238,128,128,X,X,102,104,95,103,181,191,205,205,142,142,149,151,181,181,196,200,227,227,265,265,122,122,156,156,198,210,//,//,291,291,179,191,229,229,210,214,,
2024/M.Grant Thesis,WBNP,-,Fecal,WBNP-976-Fe,-,92,89,91,134,138,175,179,269,269,103,103,108,108,141,141,93,93,143,143,191,195,232,238,87,87,149,149,115,115,//,//,229,229,143,143,156,156,90,90,140,142,188,194,252,254,173,173,152,152,154,154,81,81,122,132,175,183,142,142,260,260,140,146,123,129,//,//,92,95,150,152,180,180,106,112,166,174,85,89,161,161,89,89,,,167,167,228,228,130,130,Y,X,104,104,95,101,181,181,207,207,142,142,//,//,181,181,196,200,//,//,265,265,122,126,160,160,210,210,//,//,283,283,179,183,234,234,214,214,,
2024/M.Grant Thesis,WBNP,-,Fecal,WBNP-977-Fe,-,98,89,91,138,138,175,181,253,269,103,103,108,108,145,145,103,103,129,129,189,195,232,238,87,87,158,160,113,115,174,174,227,229,143,143,152,158,90,90,127,150,194,194,252,252,173,177,152,152,144,144,81,85,122,124,165,165,142,142,260,266,148,150,129,129,155,155,91,91,150,150,180,180,108,112,168,172,85,89,165,165,89,89,,,167,167,228,238,118,130,Y,X,102,102,103,103,181,181,205,215,162,166,149,151,181,181,196,196,206,206,265,265,122,126,156,160,206,210,//,//,283,291,183,191,229,234,206,210,,
2024/M.Grant Thesis,WBNP,-,Fecal,WBNP-982-Fe,-,95,89,91,132,134,175,179,249,253,103,104,108,108,141,147,97,103,129,129,191,191,232,238,87,87,160,160,113,115,//,//,227,229,143,145,158,160,90,90,140,140,188,194,246,252,167,175,152,152,144,154,83,83,132,132,165,165,142,142,260,262,146,146,125,127,153,155,91,92,146,150,180,192,108,108,172,172,85,89,165,173,89,91,,,161,167,232,238,130,132,Y,X,92,104,103,103,181,191,205,207,142,168,149,151,//,//,196,196,227,227,265,265,122,122,156,156,206,210,//,//,283,283,179,187,229,234,210,210,,
2024/M.Grant Thesis,WBNP,-,Fecal,WBNP-984-Fe,-,98,91,91,136,138,179,187,253,253,102,103,104,104,145,145,103,103,129,129,189,189,238,238,89,89,160,162,108,115,172,174,225,227,143,145,156,158,90,102,127,127,188,200,252,252,167,177,146,152,154,156,81,85,122,132,175,183,142,148,262,262,146,146,129,129,155,157,95,95,146,150,180,192,90,106,172,172,85,89,161,173,85,89,,,167,167,228,238,118,130,Y,X,102,104,95,95,191,191,205,205,142,142,145,149,189,189,196,196,206,214,265,265,122,126,160,160,210,210,//,//,283,291,179,183,229,229,210,210,,
2024/M.Grant Thesis,WBNP,-,Fecal,WPNB967,-,94,91,91,134,136,175,179,253,253,103,103,104,108,141,145,83,93,129,143,189,195,232,232,87,87,143,170,113,115,172,176,229,229,//,//,160,160,90,90,127,127,194,194,252,252,173,175,146,158,154,154,77,81,124,132,181,183,142,142,260,262,150,150,123,125,159,159,92,94,146,150,184,196,106,112,174,176,85,85,161,173,89,91,,,167,167,228,238,128,130,X,X,92,104,101,103,181,181,205,215,144,158,//,//,173,181,200,200,214,214,265,265,122,126,160,160,210,210,//,//,283,291,179,187,229,229,//,//,,
2024/M.Grant Thesis,WBNP,-,Fecal,WPNB968,-,84,89,91,138,140,181,187,269,269,103,103,104,104,145,145,//,//,129,129,189,189,//,//,87,87,162,162,108,115,//,//,//,//,143,147,158,158,102,104,140,150,194,194,252,252,173,175,//,//,154,154,81,83,124,124,175,175,142,142,260,262,140,150,129,129,155,159,91,91,150,150,184,184,106,108,170,172,89,89,165,173,89,91,,,167,167,228,228,//,//,Y,X,104,104,101,103,181,181,205,205,142,156,//,//,177,181,200,200,//,//,265,269,126,126,156,160,198,210,//,//,283,283,183,187,//,//,214,214,,
2024/M.Grant Thesis,WBNP,-,Fecal,WPNB969,-,80,91,91,//,//,179,179,253,253,103,103,106,108,145,145,//,//,129,129,//,//,232,232,87,87,143,158,113,113,176,176,225,233,143,147,156,158,90,90,127,127,194,194,246,252,167,167,152,152,144,156,81,81,124,132,//,//,142,150,//,//,//,//,123,125,155,155,91,95,150,150,192,192,108,108,176,176,89,89,165,165,89,89,,,//,//,//,//,130,130,X,X,96,96,//,//,191,191,207,207,166,166,//,//,181,181,196,196,214,227,265,265,122,122,156,156,206,210,212,212,283,283,//,//,//,//,//,//,,
2023,WBNP / Hay Camp,Wood Bison,Biopsy,BSN97,-,100,91,93,138,138,181,185,241,253,103,103,108,108,135,135,97,97,129,143,189,189,238,252,87,87,158,158,113,115,180,182,225,229,143,143,156,158,90,102,142,142,188,194,250,250,173,177,152,156,144,160,81,85,124,124,175,183,142,142,260,262,146,150,123,129,155,159,92,92,146,152,184,184,106,112,178,186,89,89,169,173,85,89,,,167,167,228,228,130,132,Y,X,102,104,103,103,181,181,207,207,142,166,149,151,,,,,,,,,,,,,,,,,,,,,,,,,,
2023,WBNP / Nyarling,Wood Bison,Biopsy,BlueDart4,-,100,89,91,136,138,181,187,253,253,103,105,100,104,141,141,89,93,143,149,189,191,232,238,87,89,160,161,108,115,172,174,229,229,143,147,158,158,90,102,127,142,194,200,252,252,173,177,146,152,144,156,81,83,124,132,175,183,142,142,262,262,150,150,125,129,155,157,91,91,150,150,180,196,106,112,166,172,89,89,161,161,89,89,,,161,167,228,228,128,134,X,X,98,102,95,99,181,191,205,205,166,168,151,153,,,,,,,,,,,,,,,,,,,,,,,,,,
2023,WBNP/Hay Camp,Wood Bison,Ear Tissue,BSN-49,-,98,89,91,134,138,181,187,247,253,103,105,104,104,135,141,89,103,129,143,189,189,232,238,87,87,158,158,113,115,172,182,229,229,143,143,158,158,90,102,140,150,194,194,252,252,165,177,146,158,144,154,83,83,124,124,165,175,142,142,260,262,140,146,123,125,155,159,91,91,150,154,180,184,106,106,170,174,89,89,161,165,89,89,,,167,167,236,238,130,132,//,//,104,104,95,101,181,181,205,207,166,168,145,151,,,,,,,,,,,,,,,,,,,,,,,,,,
2023,WBNP/Hay Camp,Wood Bison,Ear Tissue,BSN-50,-,100,89,91,136,138,181,187,269,271,103,103,104,104,141,145,89,97,129,149,189,191,232,238,87,91,158,170,108,115,176,182,229,229,143,145,158,160,90,90,148,148,194,200,252,252,165,177,152,158,154,154,81,85,132,132,175,183,142,150,262,262,146,150,125,125,155,155,91,95,146,146,184,192,108,112,168,172,85,89,161,169,81,89,,,161,167,228,236,128,130,Y,X,96,102,95,101,181,181,211,211,142,158,149,151,,,,,,,,,,,,,,,,,,,,,,,,,,
2023,WBNP/Hay Camp,Wood Bison,Ear Tissue,BSN-57,-,100,89,89,138,138,181,187,253,269,103,105,104,104,135,135,83,85,141,143,189,191,238,238,87,87,158,161,115,115,172,172,227,229,143,145,156,158,90,102,142,142,194,194,252,252,173,177,146,152,154,154,81,83,132,132,175,179,142,150,260,262,150,150,125,129,155,159,91,92,150,154,196,196,106,112,174,174,89,89,173,173,89,89,,,167,167,228,238,128,128,Y,X,96,104,95,103,177,181,205,207,166,166,149,149,,,,,,,,,,,,,,,,,,,,,,,,,,
2023,WBNP/Hay Camp,Wood Bison,Ear Tissue,BSN-61,-,100,89,89,136,136,179,185,253,269,103,103,104,104,141,145,97,103,129,133,189,191,238,252,85,87,160,162,115,115,172,174,229,229,143,143,158,158,88,102,140,150,190,200,246,252,177,177,146,152,154,154,83,83,124,124,183,183,142,142,260,262,146,146,127,127,155,157,92,94,146,148,180,180,110,112,170,174,85,89,169,173,81,91,,,167,167,228,228,130,130,Y,X,104,104,99,103,179,191,205,205,142,158,149,149,,,,,,,,,,,,,,,,,,,,,,,,,,
2023,WBNP/Hay Camp,Wood Bison,Biopsy,BSN98,-,100,89,91,134,138,181,187,253,253,103,103,108,108,141,145,93,103,129,129,189,189,232,238,87,87,161,162,108,113,172,174,227,229,143,143,158,158,88,90,140,142,200,200,250,252,163,167,152,152,156,160,81,83,124,124,179,183,142,142,260,262,146,150,129,129,155,157,91,95,146,150,180,196,106,110,174,176,89,89,161,177,89,89,,,161,167,228,238,118,130,Y,X,98,104,101,103,179,181,201,215,168,168,145,147,,,,,,,,,,,,,,,,,,,,,,,,,,
2023,WBNP/Hay Camp,Wood Bison,Biopsy,BSN99,-,100,89,91,138,138,179,181,253,253,103,103,108,108,145,145,103,103,129,149,189,191,232,238,87,87,158,162,108,113,172,172,231,231,143,147,156,158,90,90,127,148,190,194,252,252,167,167,152,152,154,160,83,83,124,124,165,175,142,148,256,260,140,146,125,129,155,157,92,95,148,150,180,196,108,110,170,178,83,89,155,173,85,87,,,161,161,238,238,130,130,Y,X,92,104,95,103,191,191,205,211,142,164,151,153,,,,,,,,,,,,,,,,,,,,,,,,,,
2023/2024,WBNP/Little Buffalo,Wood Bison,Ear Tissue,BSN-47,-,100,89,91,134,138,175,179,253,253,103,104,102,108,141,141,97,103,129,129,191,191,238,238,87,87,149,158,113,115,174,182,229,229,143,143,158,160,90,102,127,150,190,194,250,252,173,177,146,146,154,154,83,85,124,124,165,175,142,142,256,262,146,150,123,127,155,155,91,92,150,150,180,184,110,112,166,170,89,89,165,169,85,89,,,161,167,238,240,130,132,X,X,102,104,95,103,181,181,205,211,142,166,149,149,,,,,,,,,,,,,,,,,,,,,,,,,,
2023,WBNP/Little Buffalo,Wood Bison,Ear Tissue,BSN-48,-,98,89,91,134,136,179,181,253,269,103,103,104,104,135,145,93,103,129,143,189,191,238,238,87,89,160,161,113,115,176,176,229,229,143,143,158,158,90,102,127,146,188,194,252,252,167,173,146,152,144,154,77,81,124,132,165,165,142,150,262,262,146,150,123,125,155,157,91,91,146,150,196,198,108,110,170,174,89,89,161,173,81,89,,,165,167,228,236,130,132,//,//,92,102,101,103,181,181,207,215,142,166,153,153,,,,,,,,,,,,,,,,,,,,,,,,,,
2023,WBNP/Nyarling,Wood Bison,Ear Tissue,BSN-08,-,92,91,91,136,140,181,187,269,271,103,103,108,108,141,145,97,103,129,143,189,195,238,238,87,87,158,162,113,115,174,176,229,229,143,147,160,160,88,90,//,//,190,194,252,254,173,177,152,166,154,158,81,83,124,132,175,175,142,150,//,//,//,//,123,129,157,159,91,95,150,150,184,192,106,112,172,176,89,89,161,173,85,89,,,167,167,228,238,114,130,//,//,98,104,101,101,181,191,205,211,142,142,151,153,,,,,,,,,,,,,,,,,,,,,,,,,,
2023/2024,WBNP/Nyarling,Wood Bison,Ear Tissue,BSN-43,-,100,91,93,138,138,175,179,241,269,103,103,104,104,141,145,93,97,129,129,189,191,238,238,87,89,149,162,113,115,172,174,229,233,143,143,156,158,90,102,127,148,194,194,252,252,173,175,146,166,154,154,81,83,124,132,165,179,142,142,260,260,150,150,129,129,155,159,92,92,146,148,180,180,106,112,170,172,89,89,161,173,85,89,,,161,167,228,238,130,130,X,X,96,104,99,103,181,181,205,205,142,144,153,153,,,,,,,,,,,,,,,,,,,,,,,,,,
2023,WBNP/Nyarling,Wood Bison,Ear Tissue,BSN-44,-,100,89,91,134,140,179,185,253,253,103,104,104,104,145,145,89,93,129,129,189,189,238,238,89,89,159,170,115,115,172,176,225,225,143,143,156,158,90,90,140,146,190,194,252,252,173,175,152,152,154,154,77,85,124,124,165,183,142,148,260,262,150,150,129,129,155,157,92,92,146,150,192,196,106,108,170,172,85,95,161,173,85,87,,,161,167,228,228,130,130,Y,X,102,104,95,99,181,181,201,205,158,168,145,149,,,,,,,,,,,,,,,,,,,,,,,,,,
2023,WBNP/Nyarling,Wood Bison,Ear Tissue,BSN-58,-,100,89,91,134,138,175,179,253,253,103,103,104,104,141,145,89,89,129,129,189,191,238,238,87,87,147,161,113,115,172,172,229,229,143,143,156,158,90,90,127,140,190,200,246,252,173,173,146,152,144,154,83,83,124,132,175,183,142,150,260,260,150,150,123,123,155,157,92,92,146,146,180,180,106,112,170,174,89,89,161,173,85,89,,,161,167,228,228,128,130,Y,X,104,104,103,103,181,191,207,207,142,142,145,149,,,,,,,,,,,,,,,,,,,,,,,,,,
2023,WBNP/Nyarling,Wood Bison,Ear Tissue,BSN-59,-,100,91,91,134,138,181,187,241,269,103,103,108,108,135,145,93,97,129,143,191,195,232,238,87,89,160,161,113,115,172,174,227,233,143,143,158,160,90,90,127,140,194,194,252,252,167,173,146,152,144,160,83,85,122,132,165,175,142,142,260,262,146,150,125,129,155,159,91,92,146,152,184,184,106,110,170,172,89,89,169,173,85,89,,,161,167,228,238,130,134,Y,X,102,102,99,103,181,181,205,205,142,142,149,151,,,,,,,,,,,,,,,,,,,,,,,,,,
2025,WBNP,-,Fecal,24WBNP_051,-,96,89,91,136,136,175,179,253,253,103,103,104,104,135,147,103,103,129,129,//,//,232,238,89,91,161,161,108,113,174,174,227,229,143,143,158,158,102,102,127,140,194,194,250,250,173,173,152,152,//,//,81,81,122,132,165,185,142,148,256,262,140,150,129,129,155,155,91,91,146,146,180,180,110,112,172,174,89,89,161,173,89,89,,,161,167,238,240,130,130,Y,X,92,102,95,101,181,181,207,215,142,166,149,149,,,,,,,,,,,,,,,,,,,,,,,,,,
2025,WBNP,-,Fecal,24WBNP_054,-,90,89,91,136,136,175,179,247,253,103,103,104,104,135,147,103,103,129,129,191,191,//,//,89,91,160,161,108,113,172,172,229,229,143,145,158,158,102,102,127,140,194,194,238,252,175,175,156,158,154,160,81,81,122,122,165,165,142,148,//,//,//,//,129,129,155,155,91,91,146,146,180,180,110,112,172,174,89,89,161,169,89,89,,,161,167,238,240,130,130,Y,X,92,102,95,101,//,//,207,215,142,166,//,//,,,,,,,,,,,,,,,,,,,,,,,,,,
2025,WBNP,-,Fecal,24WBNP_055,-,96,91,91,134,138,175,187,241,247,103,103,100,100,135,145,93,103,127,129,189,191,232,252,87,89,160,160,113,113,//,//,229,231,143,143,158,158,90,102,127,140,200,200,252,252,175,175,152,152,154,156,83,83,122,124,181,181,142,150,262,262,150,150,125,129,//,//,91,92,146,146,180,180,110,112,168,170,83,83,165,173,81,85,,,161,167,228,228,130,130,Y,X,98,102,95,95,181,191,205,215,166,166,151,153,,,,,,,,,,,,,,,,,,,,,,,,,,
2025,WBNP,-,Fecal,24WBNP_058,-,100,89,91,136,136,181,187,241,253,103,103,100,100,141,145,103,103,129,143,189,191,238,238,87,89,158,160,115,115,182,182,229,231,143,143,156,158,90,90,127,140,194,194,252,252,167,177,152,158,154,154,83,83,124,124,183,183,142,148,260,262,150,150,125,129,155,157,91,91,146,146,180,184,106,112,170,174,89,89,161,161,87,91,,,167,167,228,238,128,132,Y,X,92,104,93,95,181,181,205,205,162,168,145,153,,,,,,,,,,,,,,,,,,,,,,,,,,
2025,WBNP,-,Fecal,24WBNP_059,-,100,89,91,140,140,179,187,253,253,103,103,100,100,135,141,89,103,127,129,191,191,238,254,87,87,160,162,108,108,172,182,229,229,143,143,158,160,90,100,142,150,188,194,252,252,167,175,146,152,144,144,81,83,124,124,165,175,142,148,262,262,146,146,125,129,155,155,91,91,146,150,180,184,96,110,172,174,89,89,161,161,85,93,,,167,167,228,228,130,130,Y,X,104,104,95,99,181,181,205,211,142,158,151,153,,,,,,,,,,,,,,,,,,,,,,,,,,
2025,WBNP,-,Fecal,24WBNP_060,-,100,91,93,134,134,181,187,269,269,103,104,100,104,135,145,89,89,129,143,189,195,232,238,87,87,149,161,115,115,172,182,229,231,143,143,160,160,90,102,142,148,194,194,250,252,173,177,146,162,156,156,83,83,132,132,165,183,142,148,262,262,146,150,127,129,155,155,91,91,150,150,180,196,106,112,172,178,89,89,161,161,87,89,,,167,167,238,240,130,130,X,X,92,104,95,103,181,181,211,215,158,166,149,151,,,,,,,,,,,,,,,,,,,,,,,,,,
2025,WBNP,-,Fecal,24WBNP_062,-,88,//,//,136,136,187,187,241,247,103,103,100,104,141,141,103,103,129,141,189,191,238,238,87,87,//,//,113,115,174,174,229,229,143,143,158,158,90,90,127,127,194,194,250,250,173,177,156,158,//,//,77,83,124,124,173,175,142,//,262,262,150,150,123,123,155,155,92,92,150,150,184,184,106,106,170,170,89,89,161,169,81,89,,,167,167,238,238,130,132,//,//,102,104,99,103,//,//,205,205,158,158,//,//,,,,,,,,,,,,,,,,,,,,,,,,,,
2025,WBNP,-,Fecal,24WBNP_064,-,96,89,89,134,138,179,185,247,253,103,103,100,100,135,145,93,103,129,129,//,//,238,238,87,87,162,162,108,115,172,174,231,231,143,143,154,158,88,90,140,148,190,200,248,252,167,173,152,162,144,154,77,81,124,124,165,181,142,150,260,262,146,150,125,127,155,155,91,91,146,150,184,184,108,112,166,172,89,89,161,165,89,89,,,167,167,238,238,128,130,Y,X,102,102,95,103,//,//,211,215,142,142,145,149,,,,,,,,,,,,,,,,,,,,,,,,,,
2025,WBNP/Little Buffalo,-,Tissue - Ear,BSN-120,-,96,89,89,134,138,179,181,241,253,103,103,100,108,141,145,93,93,129,129,191,195,238,238,87,87,158,160,113,115,172,174,227,229,143,143,158,158,90,90,127,150,190,194,//,//,173,173,//,//,144,154,81,81,124,132,165,183,142,142,262,262,150,150,123,129,155,159,91,92,150,150,180,180,106,110,172,174,81,89,161,175,81,89,,,161,167,228,228,128,130,X,X,98,104,95,99,181,193,205,207,142,162,153,153,,,,,,,,,,,,,,,,,,,,,,,,,,
2025,WBNP/Little Buffalo,-,Tissue - Ear,BSN-121,-,96,89,91,134,138,181,187,253,253,103,103,104,108,145,145,91,93,129,143,191,195,238,238,87,87,160,162,113,115,172,174,227,229,143,143,158,158,90,90,127,140,190,194,252,254,167,173,//,//,144,144,77,83,122,132,183,183,142,142,256,260,146,150,123,129,155,155,91,91,146,146,180,184,106,106,172,172,89,95,165,169,85,89,,,161,165,240,240,118,132,X,X,96,98,103,103,181,193,//,//,166,166,151,153,,,,,,,,,,,,,,,,,,,,,,,,,,
2025,WBNP/Little Buffalo,-,Tissue - Ear,BSN-123,-,98,89,99,138,138,179,181,253,253,103,103,108,108,141,141,97,103,143,149,189,195,232,252,87,87,162,162,113,115,172,174,225,233,143,145,158,158,90,100,146,150,188,194,252,254,177,177,146,146,154,154,81,81,124,124,175,183,142,142,260,262,150,152,123,129,155,155,91,91,146,150,180,184,106,112,166,172,83,89,159,165,89,91,,,167,167,228,238,128,130,Y,X,102,104,95,95,181,191,//,//,142,144,149,149,,,,,,,,,,,,,,,,,,,,,,,,,,
2025,WBNP/Little Buffalo,-,Tissue - Ear,BSN-125,-,100,89,91,138,138,179,185,253,269,103,103,100,100,135,145,85,97,129,143,189,191,238,252,87,87,158,161,113,115,172,180,229,229,143,147,156,158,90,102,127,140,194,194,250,252,173,175,152,152,144,154,83,85,124,124,175,183,142,148,260,260,146,150,129,129,153,159,91,92,146,150,184,184,106,112,172,186,89,89,173,173,85,89,,,167,167,228,228,132,132,Y,X,102,104,95,103,181,181,205,205,142,142,149,153,,,,,,,,,,,,,,,,,,,,,,,,,,
2025,WBNP/Little Buffalo,-,Tissue - Ear,BSN-127,-,100,89,93,134,138,181,185,253,269,103,103,104,104,135,145,93,103,129,129,191,195,238,238,87,87,160,162,113,115,172,176,227,229,143,143,158,158,90,90,138,138,188,194,252,252,173,177,152,152,154,154,77,83,132,132,165,175,142,150,260,262,150,150,123,125,155,159,91,95,146,146,184,196,106,112,170,172,89,95,161,169,89,89,,,167,167,228,238,118,130,Y,X,102,104,101,103,181,191,205,205,142,166,145,153,,,,,,,,,,,,,,,,,,,,,,,,,,
2025,WBNP/Nyarling,-,Tissue - Ear,BSN-129,-,98,89,89,134,142,181,181,253,253,103,103,108,108,141,145,89,93,143,143,189,191,232,252,87,89,158,160,108,115,172,172,229,229,143,143,156,158,90,90,150,150,194,194,252,252,173,173,152,152,144,154,81,83,124,132,165,183,142,142,260,262,148,150,129,129,157,159,91,91,150,150,184,196,106,112,170,172,85,89,161,165,85,89,,,165,167,228,228,130,132,X,X,102,104,95,95,177,181,//,//,142,166,149,149,,,,,,,,,,,,,,,,,,,,,,,,,,
2025,WBNP,-,Tissue - Ear,BSN-130,-,100,89,91,134,142,181,187,253,269,103,103,108,108,145,145,93,103,129,129,191,195,232,238,87,87,158,161,113,113,174,182,225,227,143,143,158,158,90,102,140,150,190,194,252,252,173,177,146,166,144,154,81,83,132,132,175,175,142,142,256,260,146,150,123,129,157,159,92,95,146,150,180,192,112,112,170,178,89,89,161,161,81,81,,,161,167,228,240,130,130,X,X,98,104,101,103,181,191,207,211,142,158,151,153,,,,,,,,,,,,,,,,,,,,,,,,,,
2025,WBNP,-,Tissue - Ear,BSN-131,-,96,89,89,134,138,179,181,253,269,//,//,104,104,141,145,103,103,149,149,191,195,232,238,87,87,149,162,115,115,172,174,225,233,143,143,156,158,90,102,140,150,194,194,250,252,175,177,146,152,154,154,81,85,124,124,175,183,142,138,260,260,140,146,129,129,155,157,91,94,146,150,180,196,110,112,168,172,83,89,165,173,81,85,,,165,167,228,228,130,130,Y,X,102,104,95,95,181,191,//,//,142,170,149,151,,,,,,,,,,,,,,,,,,,,,,,,,,
2025,WBNP,-,Tissue - Ear,BSN-132,-,98,89,89,134,134,181,181,253,253,103,103,108,108,135,145,103,103,129,129,191,195,238,252,87,87,149,162,113,113,172,176,227,227,143,143,156,158,88,90,150,150,190,194,244,252,173,173,152,152,154,160,83,83,124,124,183,183,142,142,262,262,140,146,129,129,159,159,91,91,150,150,180,184,108,112,170,172,83,89,165,169,85,91,,,167,167,228,238,130,132,Y,X,102,102,103,103,191,191,//,//,142,142,149,149,,,,,,,,,,,,,,,,,,,,,,,,,,
2025,WBNP/Little Buffalo,-,Tissue - Ear,BSN-133,-,100,89,89,142,142,175,181,253,253,103,103,104,108,145,145,103,103,129,129,191,195,238,238,87,87,160,162,113,115,174,174,227,227,143,143,158,158,90,90,127,148,190,194,246,254,167,177,146,152,144,154,83,85,122,124,165,175,142,142,260,262,150,150,129,129,155,155,91,92,146,150,180,196,106,112,166,172,89,89,169,175,89,89,,,167,167,236,238,128,132,X,X,104,104,95,95,181,181,207,215,142,166,149,151,,,,,,,,,,,,,,,,,,,,,,,,,,
2025,WBNP/Nyarling,-,Tissue - Ear,BSN-33,-,100,91,91,138,138,185,187,241,253,103,103,108,108,141,145,89,93,129,129,191,191,238,238,87,87,162,162,113,113,172,174,229,229,143,143,156,158,90,90,140,148,194,194,252,252,173,173,152,152,154,154,81,81,122,124,175,179,142,148,256,260,150,150,125,127,155,155,91,91,146,150,180,196,112,112,172,174,85,89,165,169,85,87,,,167,167,228,238,130,130,Y,X,96,104,95,103,181,181,205,211,144,158,149,153,,,,,,,,,,,,,,,,,,,,,,,,,,
2025,WBNP/Nyarling,-,Tissue - Ear,BSN-34,-,96,89,91,134,138,187,187,253,269,//,//,102,102,145,145,93,103,129,129,189,189,238,238,87,89,158,162,108,113,172,174,229,229,143,143,156,158,90,90,127,138,190,200,252,252,173,177,152,152,154,156,81,85,132,132,165,175,142,142,262,264,146,146,129,129,155,155,91,95,146,150,180,180,106,110,172,172,83,89,165,173,89,91,,,167,167,228,240,128,130,Y,X,104,104,95,101,177,181,//,//,142,144,145,145,,,,,,,,,,,,,,,,,,,,,,,,,,
2025,WBNP/Nyarling,-,Tissue - Ear,BSN-35,-,96,89,89,138,138,175,179,253,269,//,//,108,108,141,145,83,97,129,149,189,195,232,238,87,89,160,160,108,113,172,174,225,229,143,143,156,158,90,90,127,148,188,200,252,252,173,173,142,152,144,144,81,85,124,132,175,183,142,142,260,262,//,//,131,131,157,159,92,92,150,150,180,192,106,112,172,174,89,89,173,173,85,91,,,167,167,238,238,128,134,X,X,102,102,101,103,181,191,205,207,142,166,145,151,,,,,,,,,,,,,,,,,,,,,,,,,,
2025,WBNP/Little Buffalo,-,Tissue - Ear,BSN-36,-,92,//,//,134,136,179,191,253,253,//,//,104,112,141,141,83,83,131,131,189,195,238,238,87,87,143,160,108,113,172,174,227,229,143,143,158,158,90,102,138,146,190,190,252,252,167,175,//,//,144,154,81,81,124,124,165,183,142,142,260,262,146,150,123,129,155,155,95,95,146,150,184,192,90,110,172,172,89,89,161,173,89,89,,,167,167,228,228,130,132,X,X,102,102,95,103,191,193,//,//,164,168,145,151,,,,,,,,,,,,,,,,,,,,,,,,,,
2025,WBNP/Nyarling,-,Tissue - Ear,BSN-37,-,98,89,91,136,142,187,187,247,253,103,103,104,104,145,145,89,103,129,143,189,195,238,238,87,89,147,160,113,115,172,174,229,233,143,143,160,160,90,102,127,127,194,200,252,252,173,173,//,//,144,154,83,83,124,132,165,183,142,148,262,262,150,150,123,129,155,157,92,95,150,150,180,192,106,110,178,186,89,89,161,165,87,89,,,167,167,228,240,118,132,X,X,102,104,101,103,177,191,201,205,156,164,145,149,,,,,,,,,,,,,,,,,,,,,,,,,,
2025,WBNP/Nyarling,-,Tissue - Ear,BSN-38,-,96,89,93,136,138,185,187,247,253,//,//,104,108,141,145,89,103,129,143,189,195,238,238,87,89,159,160,113,115,174,174,229,233,143,143,158,160,102,102,127,148,190,200,252,252,173,175,146,152,154,154,81,83,124,132,175,183,142,150,262,262,140,150,123,129,157,157,91,92,146,150,180,184,110,112,166,186,85,89,161,165,81,89,,,167,167,228,240,118,132,X,X,104,104,103,103,181,191,//,//,142,164,145,145,,,,,,,,,,,,,,,,,,,,,,,,,,
2025,WBNP/Nyarling,-,Tissue - Ear,BSN-42,-,100,89,91,136,138,181,185,253,269,103,103,104,104,135,147,91,93,129,129,191,191,238,238,87,89,160,160,115,115,174,174,227,229,143,143,158,158,90,102,140,146,188,188,248,252,173,177,152,166,152,154,83,83,124,132,165,179,142,142,260,260,150,150,125,129,159,159,92,92,146,146,190,196,106,112,166,170,89,95,161,169,89,91,,,167,167,236,238,130,134,X,X,102,102,101,103,177,191,205,205,142,168,149,151,,,,,,,,,,,,,,,,,,,,,,,,,,
2025,WBNP,-,Tissue - Ear,BSN-94,-,100,89,89,138,142,179,181,253,269,103,103,104,108,135,145,103,103,129,129,191,191,238,238,89,89,158,162,115,115,172,172,227,229,143,143,156,158,90,102,127,140,188,190,252,252,167,167,152,152,154,154,81,83,124,132,165,175,142,148,260,262,140,146,125,129,155,155,92,92,150,150,180,180,110,110,170,176,89,89,161,169,89,91,,,167,167,238,240,114,132,X,X,98,102,95,103,181,191,205,205,142,142,149,149,,,,,,,,,,,,,,,,,,,,,,,,,,
2025,WBNP,-,Hair,25WBNP_19BF1,-,100,89,91,136,140,181,187,241,253,103,107,104,112,135,141,97,97,129,129,189,191,232,238,87,87,158,162,113,115,172,178,227,229,143,147,154,158,90,100,140,148,194,194,252,252,173,177,146,156,154,154,77,83,124,126,175,179,142,142,262,262,148,150,125,127,157,159,91,92,146,150,180,184,110,110,172,174,89,95,165,173,89,91,,,161,167,228,238,130,130,X,X,104,104,95,103,181,181,205,207,142,158,145,145,,,,,,,,,,,,,,,,,,,,,,,,,,
2025,WBNP,-,Hair,25WBNP_19BF2,-,88,91,91,134,134,185,187,247,253,//,//,100,100,141,147,103,103,141,141,189,191,238,238,87,87,161,161,108,115,172,172,227,229,143,143,158,158,90,90,127,127,194,194,//,//,159,159,152,166,154,154,81,81,132,132,165,175,142,148,260,260,150,152,129,129,155,155,91,91,150,150,180,192,110,110,168,168,85,89,//,//,85,89,,,//,//,224,224,130,130,Y,X,98,104,101,103,//,//,205,211,166,166,//,//,,,,,,,,,,,,,,,,,,,,,,,,,,
2025,WBNP,-,Hair,25WBNP_19BF3,-,98,89,89,136,136,179,181,249,253,103,103,106,106,145,145,91,103,127,129,189,191,238,238,87,87,158,158,108,113,172,172,227,227,145,147,158,160,100,100,127,140,194,194,252,252,175,175,150,152,//,//,81,81,124,132,181,183,142,148,260,262,146,146,125,129,155,155,91,95,146,150,180,184,90,112,172,172,89,89,165,165,89,89,,,167,167,236,236,114,130,Y,X,98,102,99,101,181,181,205,207,142,142,145,149,,,,,,,,,,,,,,,,,,,,,,,,,,
2025,WBNP,-,Hair,25WBNP_19BF4,-,96,91,91,134,138,179,185,241,253,104,104,//,//,135,135,91,103,129,129,191,191,238,252,85,87,158,162,113,115,172,172,229,229,143,143,156,156,90,90,140,150,190,194,252,252,167,167,152,152,156,156,81,85,124,132,181,183,142,150,262,262,146,150,125,129,157,157,92,92,146,146,180,184,106,112,174,174,83,89,161,161,89,89,,,167,167,228,228,130,130,Y,X,92,102,99,103,181,181,205,211,164,170,//,//,,,,,,,,,,,,,,,,,,,,,,,,,,
2025,WBNP,-,Hair,25WBNP_19BF5,-,100,89,89,136,138,181,187,241,253,102,103,104,104,145,147,103,103,129,129,189,195,232,238,87,89,160,161,113,115,182,182,225,231,143,143,158,158,88,90,127,140,188,200,252,252,167,167,146,166,144,144,83,83,122,132,165,165,142,148,262,262,150,150,125,129,155,155,95,95,146,150,180,196,112,112,170,174,83,89,161,165,89,89,,,167,167,228,240,128,130,Y,X,102,104,91,103,177,181,201,215,142,168,145,153,,,,,,,,,,,,,,,,,,,,,,,,,,
2025,WBNP,-,Hair,25WBNP_20BF1,-,100,89,89,134,136,179,179,241,249,103,103,104,112,141,145,89,93,129,143,189,191,232,254,85,87,162,162,108,115,172,174,225,227,143,143,158,160,102,102,127,142,188,194,248,252,167,173,146,152,144,154,81,81,124,124,165,179,142,142,260,262,140,150,123,127,155,155,91,92,146,146,180,184,110,112,172,176,81,85,161,165,89,91,,,167,167,228,238,130,130,X,X,98,104,101,103,181,191,207,211,162,166,149,149,,,,,,,,,,,,,,,,,,,,,,,,,,
2025,WBNP,-,Hair,25WBNP_20BF8,-,100,89,89,134,138,185,185,241,253,103,103,104,104,135,135,83,93,143,149,191,191,232,238,87,91,161,161,113,115,172,180,229,229,143,143,156,158,88,90,127,127,194,200,244,252,167,175,152,152,144,144,81,83,122,124,175,175,142,148,256,262,150,150,123,125,159,159,91,92,150,150,180,180,106,110,174,174,89,89,161,169,81,89,,,167,167,238,240,130,130,X,X,96,104,101,101,177,181,211,215,142,170,145,153,,,,,,,,,,,,,,,,,,,,,,,,,,
2025,WBNP,-,Hair,25WBNP_20BF9,-,100,89,91,134,138,181,181,241,269,103,103,104,112,145,145,93,103,129,143,189,191,238,238,87,89,160,160,108,115,172,174,225,227,143,143,158,158,90,90,127,138,194,200,250,252,159,177,146,162,154,154,77,83,124,132,183,183,142,142,260,262,146,150,123,129,155,157,91,91,148,150,180,192,110,112,172,186,89,89,165,173,89,89,,,167,167,238,240,130,132,X,X,102,104,103,103,177,191,205,205,156,166,145,151,,,,,,,,,,,,,,,,,,,,,,,,,,
2025,WBNP,-,Hair,25WBNP_BF02,-,96,91,91,134,136,179,179,253,253,103,105,106,106,145,145,85,91,129,143,191,191,232,238,87,89,158,160,108,113,180,180,229,229,143,143,158,158,90,100,140,140,188,188,252,252,173,177,152,152,154,160,83,85,124,132,175,181,142,142,260,262,146,150,127,129,155,155,94,95,146,146,184,184,110,112,168,170,81,89,161,165,81,81,,,161,167,238,238,130,134,Y,X,//,//,95,97,181,191,205,205,142,142,145,151,,,,,,,,,,,,,,,,,,,,,,,,,,
2025,WBNP,-,Hair,25WBNP_BF04,-,98,89,93,136,138,179,181,253,253,103,103,108,108,141,145,91,97,129,129,189,195,232,238,85,87,160,162,113,115,172,174,229,229,143,143,158,160,90,90,142,148,194,200,250,252,167,173,152,158,154,154,83,83,124,132,175,183,142,142,262,262,150,150,127,129,155,155,91,91,146,148,180,198,112,112,172,172,81,85,161,165,85,89,,,167,167,236,238,130,130,Y,X,98,104,103,103,177,191,205,205,142,166,147,149,,,,,,,,,,,,,,,,,,,,,,,,,,
2025,WBNP,-,Hair,25WBNP_BF24,-,98,89,91,138,138,187,187,269,269,104,104,108,108,145,145,101,103,129,129,189,191,232,238,87,87,158,160,108,113,172,172,229,229,143,143,154,158,90,100,128,140,194,194,248,252,177,177,152,152,156,160,81,83,124,124,165,183,142,142,260,262,146,146,123,125,155,155,95,95,146,150,180,198,106,110,172,172,83,89,161,165,91,91,,,167,167,228,240,128,130,Y,X,96,104,95,99,181,191,205,205,144,168,//,//,,,,,,,,,,,,,,,,,,,,,,,,,,
2025,WBNP,-,Hair,25WBNP_DL1,-,98,89,91,134,136,175,179,253,253,103,103,100,100,135,145,93,103,129,143,189,191,238,238,87,89,147,160,113,115,180,180,229,231,143,143,154,158,90,102,128,128,194,194,252,252,175,177,152,158,154,154,81,83,122,124,165,181,142,150,260,262,146,146,129,129,155,159,91,91,146,150,180,180,106,110,172,176,83,89,165,169,85,87,,,161,167,238,240,114,130,Y,X,104,104,101,103,181,191,205,207,142,156,145,149,,,,,,,,,,,,,,,,,,,,,,,,,,
2025,WBNP,-,Hair,25WBNP_DL34,-,98,91,93,134,138,181,187,241,269,103,103,104,104,145,147,93,103,129,143,189,191,238,252,87,89,160,162,108,108,172,176,227,229,143,143,156,158,88,90,128,142,188,200,252,252,177,177,146,152,154,154,83,83,124,132,175,183,142,142,260,262,146,152,123,129,155,155,91,91,150,150,180,180,110,112,170,186,89,89,165,173,89,89,,,167,167,238,240,132,132,Y,X,102,104,103,103,191,191,205,211,156,164,149,151,,,,,,,,,,,,,,,,,,,,,,,,,,
2025,WBNP,-,Hair,25WBNP_DL35,-,98,91,93,132,136,187,191,269,269,103,103,104,106,141,145,99,103,129,129,189,191,232,238,87,87,153,162,108,115,172,174,231,233,143,143,158,160,88,90,128,142,194,194,250,252,173,173,152,162,144,154,81,81,132,132,181,181,142,148,260,262,140,152,123,125,155,155,91,95,150,150,192,192,112,112,170,178,89,89,161,169,89,89,,,167,167,228,240,118,134,X,X,104,104,103,103,177,177,205,207,142,166,149,149,,,,,,,,,,,,,,,,,,,,,,,,,,
2025,WBNP,-,Hair,25WBNP_DL36,-,92,89,91,136,138,181,181,//,//,103,103,100,104,145,145,97,103,129,143,189,191,238,238,87,87,162,170,108,115,182,182,227,229,143,143,154,160,90,90,128,128,194,194,252,252,167,167,146,162,154,160,83,83,132,132,165,175,142,142,260,260,146,146,123,129,159,159,91,91,146,150,180,196,110,112,170,172,89,89,169,173,89,89,,,161,167,228,240,130,132,//,//,102,104,101,103,181,191,201,201,158,162,145,149,,,,,,,,,,,,,,,,,,,,,,,,,,
2025,WBNP,-,Hair,25WBNP_DL37,-,96,89,91,134,138,185,187,253,253,103,103,100,100,147,147,103,103,129,149,189,189,232,238,87,87,158,160,108,108,182,182,229,231,143,147,154,156,88,90,128,140,188,190,252,252,177,177,146,152,154,156,81,81,132,132,181,183,142,148,260,262,146,150,127,129,155,159,91,92,146,150,180,184,108,110,172,172,85,95,161,165,81,85,,,167,167,228,238,130,134,Y,X,98,104,99,99,181,191,211,211,158,166,153,153,,,,,,,,,,,,,,,,,,,,,,,,,,
2025,WBNP,-,Hair,25WBNP_DL38,-,96,89,89,138,138,187,187,253,253,103,104,108,108,141,145,93,103,129,129,189,191,//,//,87,89,158,158,115,115,172,176,231,231,143,143,156,158,90,100,128,140,194,200,250,252,167,177,158,166,154,154,83,83,124,132,183,183,142,142,260,260,140,150,125,129,155,155,91,95,146,146,180,184,108,112,172,176,89,89,161,165,89,89,,,161,167,238,238,130,132,Y,X,102,102,101,103,181,191,205,211,168,168,145,145,,,,,,,,,,,,,,,,,,,,,,,,,,
2025,WBNP,-,Hair,25WBNP_DL39,-,96,89,91,136,136,187,187,241,269,103,103,100,100,135,145,93,93,129,129,189,195,238,252,89,89,158,160,115,115,174,174,231,231,143,143,156,158,90,90,128,142,188,194,252,252,173,177,152,152,154,156,81,83,124,124,175,181,142,148,260,262,140,150,123,125,155,159,91,91,150,150,192,196,106,106,170,174,81,89,169,173,87,89,,,167,167,228,238,128,132,Y,Y,98,104,95,101,181,191,201,211,142,168,145,149,,,,,,,,,,,,,,,,,,,,,,,,,,
2025,WBNP,-,Hair,25WBNP_GR25,-,94,91,91,138,140,181,187,239,253,103,103,108,108,145,145,//,//,129,129,189,189,238,238,87,89,149,162,113,115,182,182,225,229,143,145,156,160,90,102,140,140,194,194,250,252,167,175,146,156,154,154,83,83,122,124,165,183,142,148,262,262,140,146,129,129,155,155,91,91,146,154,184,196,108,112,166,170,89,89,165,173,81,87,,,167,167,228,228,130,134,Y,X,102,104,95,99,181,181,205,205,158,170,145,151,,,,,,,,,,,,,,,,,,,,,,,,,,
2025,WBNP,-,Hair,25WBNP_GR26,-,96,91,91,136,140,187,187,253,253,103,103,104,104,135,145,91,103,129,129,189,191,232,232,87,87,158,162,108,108,172,174,229,231,143,147,156,158,90,100,140,142,194,194,246,250,165,177,152,152,154,154,83,83,124,124,181,183,142,148,256,262,146,150,125,125,155,159,91,91,146,150,184,196,108,112,168,170,89,89,161,165,85,89,,,167,167,228,238,130,132,Y,X,//,//,99,99,181,191,201,215,142,158,145,153,,,,,,,,,,,,,,,,,,,,,,,,,,
2025,WBNP,-,Hair,25WBNP_GRS28,-,96,89,91,136,138,179,181,253,253,103,103,102,108,145,145,89,91,127,143,189,189,232,238,87,87,147,162,113,113,174,176,225,229,143,147,158,158,90,90,128,140,194,200,246,254,167,175,152,166,154,158,83,85,122,124,165,183,142,142,256,256,146,150,123,125,155,155,91,92,146,150,180,180,112,112,174,176,83,95,173,173,89,89,,,167,167,236,236,130,130,X,X,92,102,97,101,179,191,205,207,158,164,149,151,,,,,,,,,,,,,,,,,,,,,,,,,,
2025,WBNP,-,Hair,25WBNP_GRS29,-,98,89,91,136,138,187,187,247,271,103,103,100,112,141,145,83,103,129,129,189,191,232,232,87,89,160,160,113,115,172,174,225,227,143,143,158,160,90,90,128,140,194,200,248,252,165,167,152,166,144,154,77,81,124,132,165,181,142,148,260,262,140,146,125,129,155,155,91,95,146,150,180,196,112,112,176,186,89,89,161,173,89,89,,,161,167,228,236,130,130,Y,X,98,102,95,103,177,181,205,215,142,168,145,145,,,,,,,,,,,,,,,,,,,,,,,,,,
2025,WBNP,-,Hair,25WBNP_GRS33,-,96,89,91,136,136,181,181,253,253,103,103,100,100,135,147,103,103,129,143,189,195,238,238,87,89,158,161,108,115,182,182,225,229,143,143,158,158,90,90,140,140,188,192,246,252,173,177,152,166,154,158,85,85,122,124,183,183,142,148,260,262,140,146,125,125,159,159,94,94,146,154,184,192,106,108,168,170,89,89,161,173,89,91,,,167,167,238,238,128,132,X,X,102,102,95,99,181,191,205,205,142,142,151,153,,,,,,,,,,,,,,,,,,,,,,,,,,
2025,WBNP,-,Hair,25WBNP_LO107,-,98,89,91,134,136,175,175,247,269,103,103,108,108,135,141,97,103,129,133,189,195,232,238,87,91,158,161,113,115,172,174,227,231,143,145,156,158,90,90,128,148,188,194,252,252,165,173,146,152,144,154,81,83,132,132,181,185,142,148,256,262,140,150,123,129,155,155,91,91,146,146,180,180,112,112,170,172,89,89,165,165,89,91,,,161,167,240,240,128,130,Y,X,102,102,95,103,177,181,205,215,166,166,145,149,,,,,,,,,,,,,,,,,,,,,,,,,,
2025,WBNP,-,Hair,25WBNP_LO1,-,90,89,89,136,136,179,179,//,//,103,103,108,108,135,145,83,89,141,143,189,189,232,238,87,87,158,158,108,108,182,182,227,229,143,145,158,158,90,90,142,148,190,194,252,252,173,173,152,152,144,154,83,83,124,132,165,183,142,150,260,262,140,150,129,129,153,155,91,95,146,150,180,192,106,110,166,174,81,83,161,169,85,91,,,//,//,//,//,132,134,Y,X,104,104,95,101,181,181,//,//,168,168,//,//,,,,,,,,,,,,,,,,,,,,,,,,,,
2025,WBNP,-,Hair,25WBNP_LO38,-,98,89,89,136,136,179,179,253,271,103,103,108,108,135,147,99,99,129,129,189,191,238,238,87,89,158,158,115,115,172,176,231,231,143,143,156,158,90,100,128,140,190,194,246,252,173,173,152,158,154,154,77,77,122,126,175,181,142,150,262,262,146,150,125,125,153,155,91,92,150,150,180,184,110,112,170,178,89,91,161,161,85,91,,,161,167,236,238,134,134,Y,X,104,104,95,101,181,191,201,211,142,168,143,151,,,,,,,,,,,,,,,,,,,,,,,,,,
2025,WBNP,-,Hair,25WBNP_NY1,-,98,89,91,134,138,179,187,247,269,103,103,104,108,135,141,83,103,129,129,195,195,238,238,87,89,162,162,113,115,174,174,225,229,143,143,158,158,90,90,146,150,194,200,252,252,173,173,152,166,144,156,81,83,124,124,165,165,142,142,262,262,150,150,129,131,157,159,91,95,150,152,180,180,90,112,168,172,83,89,161,173,89,91,,,165,167,228,240,130,132,X,X,98,104,103,103,181,191,205,211,142,142,149,149,,,,,,,,,,,,,,,,,,,,,,,,,,
M.Grant Thesis,WBNP,-,Fecal,WBNP004,-,92,,,138,138,181,187,253,253,,,,,,,,,,,,,238,250,,,160,160,,,,,,,,,,,,,,,,,,,,,,,,,81,83,,,,,142,148,,,,,,,,,,,,,,,//,//,,,89,91,161,165,85,89,,,,,240,240,,,X,X,,,,,177,191,,,,,,,177,181,196,200,206,206,265,265,122,126,156,160,210,210,212,220,283,283,179,187,229,234,214,214,,
M.Grant Thesis,WBNP,-,Fecal,WBNP008,-,92,,,134,136,179,181,253,271,,,,,,,,,,,,,252,252,,,158,158,,,,,,,,,,,,,,,,,,,,,,,,,81,85,,,,,142,142,,,,,,,,,,,,,,,106,112,,,89,89,161,173,85,89,,,,,//,//,,,//,//,,,,,179,179,,,,,,,177,181,196,200,206,227,269,269,126,126,160,160,202,210,220,220,283,291,179,187,234,234,214,214,,
M.Grant Thesis,WBNP,-,Fecal,WBNP010,-,96,,,136,136,179,181,247,253,,,,,,,,,,,,,238,238,,,160,160,,,,,,,,,,,,,,,,,,,,,,,,,77,83,,,,,142,150,,,,,,,,,,,,,,,112,112,,,89,89,161,165,85,85,,,,,228,240,,,Y,X,,,,,181,191,,,,,,,181,181,196,200,206,214,265,265,122,126,156,156,206,210,220,220,283,291,183,187,229,229,210,210,,
M.Grant Thesis,WBNP,-,Fecal,WBNP012,-,92,,,134,136,179,181,241,253,,,,,,,,,,,,,232,232,,,160,160,,,,,,,,,,,,,,,,,,,,,,,,,81,85,,,,,142,148,,,,,,,,,,,,,,,110,112,,,89,89,161,169,85,89,,,,,//,//,,,Y,X,,,,,181,181,,,,,,,181,181,196,196,206,214,265,269,122,122,156,156,198,206,220,220,283,283,183,183,229,234,206,214,,
M.Grant Thesis,WBNP,-,Fecal,WBNP013,-,96,,,136,136,179,181,247,253,,,,,,,,,,,,,232,254,,,142,162,,,,,,,,,,,,,,,,,,,,,,,,,81,83,,,,,142,148,,,,,,,,,,,,,,,106,112,,,89,89,165,173,85,89,,,,,236,238,,,Y,X,,,,,181,181,,,,,,,181,181,196,200,206,214,265,269,126,126,156,160,198,210,220,220,283,291,187,191,229,234,206,206,,
M.Grant Thesis,WBNP,-,Fecal,WBNP014,-,73,,,//,//,175,179,//,//,,,,,,,,,,,,,232,232,,,//,//,,,,,,,,,,,,,,,,,,,,,,,,,//,//,,,,,142,142,,,,,,,,,,,,,,,112,112,,,89,89,161,165,89,89,,,,,//,//,,,//,//,,,,,181,181,,,,,,,181,181,196,200,214,218,269,269,122,122,156,160,//,//,212,220,283,291,191,191,229,229,214,214,,
M.Grant Thesis,WBNP,-,Fecal,WBNP015,-,96,,,134,136,179,181,239,271,,,,,,,,,,,,,232,238,,,142,158,,,,,,,,,,,,,,,,,,,,,,,,,77,83,,,,,142,150,,,,,,,,,,,,,,,108,112,,,85,85,161,161,85,89,,,,,228,228,,,//,//,,,,,181,191,,,,,,,181,181,200,200,214,227,265,265,122,126,160,160,202,202,212,220,283,291,179,179,229,229,210,214,,
M.Grant Thesis,WBNP,-,Fecal,WBNP018,-,92,,,136,138,179,179,253,253,,,,,,,,,,,,,232,252,,,158,162,,,,,,,,,,,,,,,,,,,,,,,,,81,81,,,,,142,142,,,,,,,,,,,,,,,108,112,,,85,89,161,169,91,91,,,,,//,//,,,X,X,,,,,177,191,,,,,,,181,189,196,200,214,214,265,269,126,126,160,160,210,210,212,220,283,291,179,179,229,229,206,210,,
M.Grant Thesis,WBNP,-,Fecal,WBNP020,-,96,,,136,136,179,179,265,269,,,,,,,,,,,,,232,238,,,149,162,,,,,,,,,,,,,,,,,,,,,,,,,81,83,,,,,142,142,,,,,,,,,,,,,,,106,112,,,89,91,165,169,85,89,,,,,236,240,,,X,X,,,,,181,191,,,,,,,181,181,196,196,218,227,269,269,122,126,156,156,198,198,212,212,283,291,187,191,229,229,214,214,,
M.Grant Thesis,WBNP,-,Fecal,WBNP021,-,92,,,134,134,181,187,253,269,,,,,,,,,,,,,232,232,,,142,162,,,,,,,,,,,,,,,,,,,,,,,,,83,83,,,,,142,142,,,,,,,,,,,,,,,96,110,,,81,85,165,165,81,89,,,,,//,//,,,X,X,,,,,191,191,,,,,,,181,181,196,200,206,227,265,269,122,126,160,160,206,206,212,220,283,283,183,187,229,234,210,214,,
M.Grant Thesis,WBNP,-,Fecal,WBNP022,-,73,,,134,134,185,187,253,253,,,,,,,,,,,,,238,238,,,//,//,,,,,,,,,,,,,,,,,,,,,,,,,81,83,,,,,142,148,,,,,,,,,,,,,,,106,108,,,89,89,//,//,89,91,,,,,//,//,,,X,X,,,,,181,181,,,,,,,181,181,196,196,//,//,269,269,122,126,156,160,202,210,220,220,283,291,//,//,229,229,//,//,,
M.Grant Thesis,WBNP,-,Fecal,WBNP023,-,96,,,134,140,179,181,253,269,,,,,,,,,,,,,238,238,,,160,162,,,,,,,,,,,,,,,,,,,,,,,,,81,81,,,,,142,142,,,,,,,,,,,,,,,106,110,,,85,85,169,173,91,91,,,,,228,238,,,X,X,,,,,181,191,,,,,,,177,181,200,200,214,227,265,265,122,122,156,160,202,206,220,220,291,291,179,187,229,229,210,214,,
M.Grant Thesis,WBNP,-,Fecal,WBNP028,-,92,,,136,138,179,187,269,271,,,,,,,,,,,,,238,238,,,158,170,,,,,,,,,,,,,,,,,,,,,,,,,77,83,,,,,142,142,,,,,,,,,,,,,,,106,112,,,89,91,161,173,89,89,,,,,//,//,,,X,X,,,,,181,181,,,,,,,181,181,196,196,214,227,265,269,122,122,156,160,202,210,220,220,283,283,187,187,229,234,210,210,,
M.Grant Thesis,WBNP,-,Fecal,WBNP029,-,73,,,138,138,191,191,253,253,,,,,,,,,,,,,232,232,,,//,//,,,,,,,,,,,,,,,,,,,,,,,,,81,83,,,,,142,142,,,,,,,,,,,,,,,108,108,,,85,85,161,161,87,91,,,,,//,//,,,X,X,,,,,191,191,,,,,,,181,181,200,200,//,//,265,265,126,126,//,//,202,210,//,//,283,283,179,179,229,229,//,//,,
M.Grant Thesis,WBNP,-,Fecal,WBNP030,-,85,,,136,136,179,187,269,269,,,,,,,,,,,,,238,238,,,158,158,,,,,,,,,,,,,,,,,,,,,,,,,//,//,,,,,142,142,,,,,,,,,,,,,,,106,106,,,85,89,161,173,89,91,,,,,//,//,,,Y,X,,,,,181,181,,,,,,,181,181,196,200,//,//,269,269,126,126,156,156,210,210,220,220,283,283,183,183,234,234,214,214,,
M.Grant Thesis,WBNP,-,Fecal,WBNP035,-,73,,,136,138,179,187,247,247,,,,,,,,,,,,,238,238,,,160,160,,,,,,,,,,,,,,,,,,,,,,,,,81,83,,,,,142,138,,,,,,,,,,,,,,,106,110,,,85,89,//,//,85,89,,,,,//,//,,,X,X,,,,,181,181,,,,,,,181,189,196,196,//,//,265,265,122,122,156,160,206,210,220,220,283,291,//,//,//,//,//,//,,
M.Grant Thesis,WBNP,-,Fecal,WBNP036,-,85,,,134,136,181,185,253,253,,,,,,,,,,,,,232,238,,,162,162,,,,,,,,,,,,,,,,,,,,,,,,,83,83,,,,,142,150,,,,,,,,,,,,,,,110,112,,,83,89,155,173,85,89,,,,,//,//,,,//,//,,,,,181,181,,,,,,,173,181,196,200,227,227,265,265,122,126,156,156,210,210,212,220,283,283,183,187,//,//,//,//,,
M.Grant Thesis,WBNP,-,Fecal,WBNP038,-,92,,,138,142,179,181,253,253,,,,,,,,,,,,,232,238,,,158,158,,,,,,,,,,,,,,,,,,,,,,,,,81,83,,,,,142,150,,,,,,,,,,,,,,,106,106,,,85,89,161,173,89,89,,,,,236,238,,,Y,X,,,,,181,181,,,,,,,181,181,196,200,206,227,265,265,122,126,156,160,206,210,220,220,287,291,183,191,229,229,//,//,,
M.Grant Thesis,WBNP,-,Fecal,WBNP043,-,73,,,134,136,175,181,247,269,,,,,,,,,,,,,//,//,,,//,//,,,,,,,,,,,,,,,,,,,,,,,,,81,81,,,,,142,150,,,,,,,,,,,,,,,106,108,,,83,83,161,161,85,89,,,,,//,//,,,Y,X,,,,,181,181,,,,,,,177,181,196,196,206,214,265,269,126,126,160,160,//,//,//,//,283,283,179,179,//,//,214,214,,
M.Grant Thesis,WBNP,-,Fecal,WBNP047,-,73,,,//,//,175,179,//,//,,,,,,,,,,,,,238,252,,,147,160,,,,,,,,,,,,,,,,,,,,,,,,,81,81,,,,,142,142,,,,,,,,,,,,,,,106,110,,,85,89,//,//,81,85,,,,,//,//,,,//,//,,,,,181,191,,,,,,,181,189,200,200,206,227,265,265,122,126,156,160,210,210,220,220,283,283,183,183,//,//,//,//,,
M.Grant Thesis,WBNP,-,Fecal,WBNP048,-,69,,,//,//,181,185,//,//,,,,,,,,,,,,,238,252,,,160,160,,,,,,,,,,,,,,,,,,,,,,,,,81,81,,,,,142,148,,,,,,,,,,,,,,,106,108,,,81,85,//,//,81,89,,,,,//,//,,,Y,X,,,,,181,181,,,,,,,181,181,200,200,206,206,269,269,122,126,156,160,202,206,220,220,//,//,183,187,//,//,//,//,,
M.Grant Thesis,WBNP,-,Fecal,WBNP049,-,73,,,134,138,179,191,//,//,,,,,,,,,,,,,238,254,,,158,158,,,,,,,,,,,,,,,,,,,,,,,,,77,83,,,,,142,150,,,,,,,,,,,,,,,108,112,,,89,91,169,173,85,89,,,,,//,//,,,//,//,,,,,181,191,,,,,,,181,181,196,196,//,//,269,269,122,122,160,160,206,210,220,220,//,//,187,187,//,//,//,//,,
M.Grant Thesis,WBNP,-,Fecal,WBNP050,-,88,,,136,138,175,181,253,253,,,,,,,,,,,,,232,238,,,162,162,,,,,,,,,,,,,,,,,,,,,,,,,81,85,,,,,142,148,,,,,,,,,,,,,,,106,108,,,85,85,161,161,89,89,,,,,//,//,,,Y,X,,,,,181,181,,,,,,,181,181,196,196,206,227,265,265,122,126,160,160,202,210,220,220,283,283,179,179,229,234,//,//,,
M.Grant Thesis,WBNP,-,Fecal,WBNP051,-,96,,,136,136,185,187,247,269,,,,,,,,,,,,,232,238,,,158,162,,,,,,,,,,,,,,,,,,,,,,,,,81,83,,,,,142,142,,,,,,,,,,,,,,,108,108,,,83,85,173,173,89,91,,,,,228,228,,,X,X,,,,,181,191,,,,,,,181,181,200,200,214,227,265,265,122,122,160,160,202,202,220,220,283,291,183,183,229,229,210,214,,
M.Grant Thesis,WBNP,-,Fecal,WBNP057,-,69,,,//,//,179,179,241,241,,,,,,,,,,,,,238,238,,,160,160,,,,,,,,,,,,,,,,,,,,,,,,,83,83,,,,,142,142,,,,,,,,,,,,,,,108,110,,,85,89,161,169,85,89,,,,,//,//,,,Y,X,,,,,181,181,,,,,,,177,181,196,196,//,//,269,269,122,126,156,160,206,210,220,220,//,//,//,//,//,//,//,//,,
M.Grant Thesis,WBNP,-,Fecal,WBNP058,-,77,,,//,//,181,187,253,253,,,,,,,,,,,,,232,238,,,160,162,,,,,,,,,,,,,,,,,,,,,,,,,//,//,,,,,142,148,,,,,,,,,,,,,,,106,110,,,89,89,161,173,85,91,,,,,//,//,,,Y,X,,,,,181,181,,,,,,,181,181,200,200,//,//,265,265,122,126,160,160,210,210,220,220,283,283,183,183,//,//,214,214,,
M.Grant Thesis,WBNP,-,Fecal,WBNP061,-,69,,,//,//,179,187,//,//,,,,,,,,,,,,,238,238,,,//,//,,,,,,,,,,,,,,,,,,,,,,,,,83,83,,,,,142,142,,,,,,,,,,,,,,,106,106,,,85,89,161,161,89,91,,,,,//,//,,,Y,X,,,,,181,181,,,,,,,181,181,196,200,206,227,269,269,126,126,156,160,206,210,220,220,283,283,//,//,//,//,//,//,,
M.Grant Thesis,WBNP,-,Fecal,WBNP063,-,92,,,136,136,179,179,253,271,,,,,,,,,,,,,232,238,,,//,//,,,,,,,,,,,,,,,,,,,,,,,,,81,81,,,,,142,148,,,,,,,,,,,,,,,106,112,,,89,89,161,161,81,87,,,,,238,238,,,Y,X,,,,,191,191,,,,,,,181,181,200,200,214,214,265,269,122,126,156,160,206,210,220,220,283,291,187,187,229,234,214,214,,
M.Grant Thesis,WBNP,-,Fecal,WBNP070,-,96,,,136,138,175,187,241,253,,,,,,,,,,,,,238,254,,,158,160,,,,,,,,,,,,,,,,,,,,,,,,,81,85,,,,,142,142,,,,,,,,,,,,,,,108,108,,,89,95,173,173,89,89,,,,,228,240,,,X,X,,,,,177,181,,,,,,,181,181,196,200,214,218,269,269,122,126,156,160,198,210,212,220,291,291,187,187,229,234,214,214,,
M.Grant Thesis,WBNP,-,Fecal,WBNP073,-,77,,,//,//,179,187,//,//,,,,,,,,,,,,,232,238,,,//,//,,,,,,,,,,,,,,,,,,,,,,,,,81,83,,,,,142,142,,,,,,,,,,,,,,,110,112,,,89,89,161,161,85,91,,,,,//,//,,,X,X,,,,,181,181,,,,,,,181,181,196,196,206,214,269,269,126,126,160,160,206,206,212,220,283,283,183,187,234,234,//,//,,
M.Grant Thesis,WBNP,-,Fecal,WBNP075,-,73,,,//,//,179,181,//,//,,,,,,,,,,,,,238,238,,,158,158,,,,,,,,,,,,,,,,,,,,,,,,,81,83,,,,,142,148,,,,,,,,,,,,,,,108,112,,,89,89,165,169,89,91,,,,,//,//,,,X,X,,,,,181,181,,,,,,,181,181,200,200,//,//,265,269,122,122,156,156,206,210,220,220,283,283,183,183,//,//,//,//,,
M.Grant Thesis,WBNP,-,Fecal,WBNP076,-,92,,,136,136,179,187,241,269,,,,,,,,,,,,,232,238,,,162,162,,,,,,,,,,,,,,,,,,,,,,,,,81,81,,,,,142,150,,,,,,,,,,,,,,,110,112,,,81,89,161,173,85,91,,,,,//,//,,,X,X,,,,,181,181,,,,,,,173,189,200,200,206,214,265,265,122,122,156,160,210,210,212,220,283,283,183,183,229,229,210,214,,
M.Grant Thesis,WBNP,-,Fecal,WBNP077,-,96,,,134,136,179,187,253,253,,,,,,,,,,,,,232,254,,,158,162,,,,,,,,,,,,,,,,,,,,,,,,,81,83,,,,,142,142,,,,,,,,,,,,,,,106,112,,,81,89,161,165,89,89,,,,,238,240,,,X,X,,,,,181,191,,,,,,,181,181,196,200,214,227,265,269,122,126,156,160,206,206,212,220,283,287,183,191,229,234,214,214,,
M.Grant Thesis,WBNP,-,Fecal,WBNP080,-,92,,,136,138,181,187,241,269,,,,,,,,,,,,,238,252,,,//,//,,,,,,,,,,,,,,,,,,,,,,,,,81,83,,,,,142,142,,,,,,,,,,,,,,,108,112,,,83,89,161,165,85,89,,,,,228,238,,,X,X,,,,,181,181,,,,,,,173,181,196,200,206,227,265,269,122,122,156,160,210,210,212,212,291,291,179,187,234,234,210,214,,
M.Grant Thesis,WBNP,-,Fecal,WBNP084,-,96,,,136,138,185,187,253,269,,,,,,,,,,,,,248,252,,,142,158,,,,,,,,,,,,,,,,,,,,,,,,,81,83,,,,,142,148,,,,,,,,,,,,,,,112,112,,,85,89,165,173,89,89,,,,,228,228,,,Y,X,,,,,181,191,,,,,,,181,181,196,200,214,227,269,269,126,126,156,160,206,210,212,212,283,283,183,183,229,234,206,210,,
M.Grant Thesis,WBNP,-,Fecal,WBNP085,-,81,,,136,136,179,187,//,//,,,,,,,,,,,,,232,232,,,//,//,,,,,,,,,,,,,,,,,,,,,,,,,81,81,,,,,142,150,,,,,,,,,,,,,,,110,112,,,81,89,//,//,85,91,,,,,//,//,,,//,//,,,,,181,187,,,,,,,173,189,200,200,222,222,265,265,122,122,156,160,210,210,212,212,283,283,183,183,229,229,210,214,,
M.Grant Thesis,WBNP,-,Fecal,WBNP090,-,96,,,136,138,179,181,241,253,,,,,,,,,,,,,238,252,,,154,162,,,,,,,,,,,,,,,,,,,,,,,,,81,83,,,,,142,142,,,,,,,,,,,,,,,106,112,,,89,89,165,169,81,85,,,,,228,238,,,X,X,,,,,179,181,,,,,,,177,181,196,200,214,227,269,269,126,126,156,160,202,210,220,220,283,291,183,187,229,234,206,214,,
M.Grant Thesis,WBNP,-,Fecal,WBNP098,-,96,,,134,142,175,181,241,269,,,,,,,,,,,,,238,238,,,149,162,,,,,,,,,,,,,,,,,,,,,,,,,81,83,,,,,142,142,,,,,,,,,,,,,,,90,106,,,85,89,161,165,81,89,,,,,224,228,,,X,X,,,,,181,191,,,,,,,177,181,196,200,206,206,265,269,122,126,156,156,210,210,220,220,283,291,179,191,229,234,210,214,,
M.Grant Thesis,WBNP,-,Fecal,WBNP100,-,88,,,138,138,179,191,253,253,,,,,,,,,,,,,238,238,,,142,158,,,,,,,,,,,,,,,,,,,,,,,,,83,83,,,,,142,150,,,,,,,,,,,,,,,108,110,,,85,89,169,173,85,89,,,,,228,228,,,X,X,,,,,181,191,,,,,,,181,181,196,196,206,214,265,269,122,122,156,160,198,210,//,//,283,291,183,187,229,234,//,//,,
M.Grant Thesis,WBNP,-,Fecal,WBNP1018,-,81,,,134,134,181,181,247,247,,,,,,,,,,,,,232,238,,,159,162,,,,,,,,,,,,,,,,,,,,,,,,,81,83,,,,,142,142,,,,,,,,,,,,,,,106,112,,,85,95,//,//,89,89,,,,,228,228,,,Y,X,,,,,181,181,,,,,,,181,181,196,196,214,214,269,269,122,126,//,//,210,210,//,//,283,291,187,187,229,229,//,//,,
M.Grant Thesis,WBNP,-,Fecal,WBNP1126,-,81,,,//,//,181,187,253,253,,,,,,,,,,,,,232,232,,,162,162,,,,,,,,,,,,,,,,,,,,,,,,,85,85,,,,,142,142,,,,,,,,,,,,,,,112,112,,,95,95,//,//,89,89,,,,,//,//,,,Y,X,,,,,181,191,,,,,,,173,181,196,196,//,//,265,269,122,122,156,160,206,210,212,212,291,291,179,183,229,229,210,210,,
M.Grant Thesis,WBNP,-,Fecal,WBNP1127,-,69,,,//,//,179,181,//,//,,,,,,,,,,,,,238,238,,,162,162,,,,,,,,,,,,,,,,,,,,,,,,,83,83,,,,,142,148,,,,,,,,,,,,,,,106,112,,,89,89,//,//,85,89,,,,,//,//,,,Y,X,,,,,//,//,,,,,,,181,189,196,200,//,//,269,269,122,126,156,156,//,//,220,220,283,291,187,187,229,229,214,214,,
M.Grant Thesis,WBNP,-,Fecal,WBNP1128,-,88,,,//,//,187,187,253,253,,,,,,,,,,,,,238,238,,,158,158,,,,,,,,,,,,,,,,,,,,,,,,,81,83,,,,,142,150,,,,,,,,,,,,,,,106,110,,,89,89,165,169,85,89,,,,,//,//,,,Y,X,,,,,181,193,,,,,,,173,181,196,200,227,227,265,265,126,126,156,160,206,210,220,220,283,291,183,187,229,234,206,206,,
M.Grant Thesis,WBNP,-,Fecal,WBNP1129,-,81,,,134,136,181,187,253,253,,,,,,,,,,,,,238,252,,,154,162,,,,,,,,,,,,,,,,,,,,,,,,,81,85,,,,,142,142,,,,,,,,,,,,,,,112,112,,,89,89,161,161,89,89,,,,,//,//,,,X,X,,,,,181,187,,,,,,,//,//,196,196,206,206,265,265,122,126,156,160,198,210,//,//,283,283,183,187,229,234,//,//,,
M.Grant Thesis,WBNP,-,Fecal,WBNP113,-,88,,,134,136,187,187,241,271,,,,,,,,,,,,,238,238,,,161,161,,,,,,,,,,,,,,,,,,,,,,,,,83,85,,,,,142,150,,,,,,,,,,,,,,,106,108,,,81,89,161,161,85,89,,,,,232,232,,,Y,X,,,,,181,191,,,,,,,177,177,196,200,//,//,265,269,122,126,156,160,198,206,212,212,291,291,183,183,229,229,//,//,,
M.Grant Thesis,WBNP,-,Fecal,WBNP1130,-,96,,,136,136,179,187,253,253,,,,,,,,,,,,,238,252,,,161,170,,,,,,,,,,,,,,,,,,,,,,,,,83,83,,,,,142,148,,,,,,,,,,,,,,,110,112,,,85,89,169,173,89,91,,,,,228,228,,,X,X,,,,,181,191,,,,,,,173,177,196,200,206,227,265,269,122,126,160,160,198,206,212,220,283,291,179,183,229,229,210,214,,
M.Grant Thesis,WBNP,-,Fecal,WBNP1131,-,92,,,138,140,185,187,253,269,,,,,,,,,,,,,232,238,,,149,170,,,,,,,,,,,,,,,,,,,,,,,,,83,83,,,,,142,148,,,,,,,,,,,,,,,106,112,,,89,89,165,167,89,89,,,,,//,//,,,Y,X,,,,,181,181,,,,,,,177,181,200,200,214,214,269,269,122,126,156,160,206,210,220,220,283,291,183,187,234,234,210,214,,
M.Grant Thesis,WBNP,-,Fecal,WBNP1132,-,85,,,//,//,179,187,253,253,,,,,,,,,,,,,238,252,,,160,160,,,,,,,,,,,,,,,,,,,,,,,,,81,81,,,,,142,148,,,,,,,,,,,,,,,110,112,,,89,89,161,173,89,91,,,,,//,//,,,X,X,,,,,191,191,,,,,,,181,189,196,200,//,//,265,269,122,126,156,156,202,202,212,212,283,291,183,183,229,234,206,210,,
M.Grant Thesis,WBNP,-,Fecal,WBNP1133,-,88,,,136,138,179,187,253,269,,,,,,,,,,,,,238,238,,,158,161,,,,,,,,,,,,,,,,,,,,,,,,,83,83,,,,,142,142,,,,,,,,,,,,,,,106,106,,,81,89,161,161,85,89,,,,,//,//,,,X,X,,,,,181,181,,,,,,,181,181,196,196,206,227,265,269,122,126,156,160,210,210,212,212,283,291,183,187,229,234,//,//,,
M.Grant Thesis,WBNP,-,Fecal,WBNP1134,-,92,,,134,136,179,187,247,253,,,,,,,,,,,,,232,238,,,170,170,,,,,,,,,,,,,,,,,,,,,,,,,81,85,,,,,142,148,,,,,,,,,,,,,,,112,112,,,89,89,161,161,89,91,,,,,//,//,,,X,X,,,,,181,187,,,,,,,177,181,196,200,206,214,269,269,126,126,156,160,202,210,212,212,283,291,191,191,229,229,210,214,,
M.Grant Thesis,WBNP,-,Fecal,WBNP1140,-,73,,,//,//,185,187,//,//,,,,,,,,,,,,,//,//,,,162,162,,,,,,,,,,,,,,,,,,,,,,,,,77,83,,,,,142,142,,,,,,,,,,,,,,,106,106,,,85,89,173,173,81,89,,,,,//,//,,,Y,X,,,,,187,187,,,,,,,181,181,196,196,206,206,//,//,122,122,156,156,210,210,212,212,283,283,179,187,//,//,210,210,,
M.Grant Thesis,WBNP,-,Fecal,WBNP1141,-,96,,,136,140,179,187,241,253,,,,,,,,,,,,,238,252,,,158,161,,,,,,,,,,,,,,,,,,,,,,,,,77,81,,,,,142,142,,,,,,,,,,,,,,,110,112,,,89,89,169,173,87,89,,,,,228,228,,,X,X,,,,,181,191,,,,,,,173,177,196,200,214,214,269,269,122,126,156,156,206,210,220,220,283,291,183,183,229,234,210,214,,
M.Grant Thesis,WBNP,-,Fecal,WBNP1142,-,77,,,//,//,181,181,269,269,,,,,,,,,,,,,238,238,,,162,162,,,,,,,,,,,,,,,,,,,,,,,,,//,//,,,,,142,142,,,,,,,,,,,,,,,//,//,,,85,85,161,165,81,89,,,,,//,//,,,//,//,,,,,181,191,,,,,,,173,181,196,196,206,227,265,265,122,126,156,156,206,206,212,220,283,291,179,187,//,//,210,214,,
M.Grant Thesis,WBNP,-,Fecal,WBNP1143,-,81,,,//,//,181,181,//,//,,,,,,,,,,,,,238,238,,,158,161,,,,,,,,,,,,,,,,,,,,,,,,,81,81,,,,,142,142,,,,,,,,,,,,,,,112,112,,,83,89,//,//,89,89,,,,,//,//,,,Y,X,,,,,191,191,,,,,,,181,181,196,196,206,206,265,269,126,126,156,156,206,206,220,220,283,283,187,187,229,229,210,210,,
M.Grant Thesis,WBNP,-,Fecal,WBNP1144,-,92,,,//,//,181,187,253,253,,,,,,,,,,,,,238,238,,,160,160,,,,,,,,,,,,,,,,,,,,,,,,,81,81,,,,,142,142,,,,,,,,,,,,,,,106,112,,,85,89,165,165,89,89,,,,,228,240,,,Y,X,,,,,177,181,,,,,,,181,181,196,200,206,214,265,269,122,126,156,156,210,210,220,220,283,283,183,187,229,234,214,214,,
M.Grant Thesis,WBNP,-,Fecal,WBNP1145,-,88,,,134,134,181,185,247,269,,,,,,,,,,,,,//,//,,,158,162,,,,,,,,,,,,,,,,,,,,,,,,,81,81,,,,,142,148,,,,,,,,,,,,,,,106,106,,,83,89,161,169,87,89,,,,,//,//,,,Y,X,,,,,181,181,,,,,,,177,181,196,200,214,214,269,269,122,126,156,160,210,210,220,220,283,283,187,191,234,234,214,214,,
M.Grant Thesis,WBNP,-,Fecal,WBNP1147,-,96,,,134,136,187,187,247,253,,,,,,,,,,,,,238,238,,,162,162,,,,,,,,,,,,,,,,,,,,,,,,,81,81,,,,,142,148,,,,,,,,,,,,,,,108,110,,,85,85,165,169,89,91,,,,,228,240,,,Y,X,,,,,181,191,,,,,,,181,189,196,200,206,227,265,265,122,122,156,160,206,210,212,212,283,291,179,187,229,229,206,210,,
M.Grant Thesis,WBNP,-,Fecal,WBNP1148,-,96,,,136,136,187,191,253,269,,,,,,,,,,,,,238,252,,,162,170,,,,,,,,,,,,,,,,,,,,,,,,,83,83,,,,,142,150,,,,,,,,,,,,,,,106,110,,,85,89,161,165,85,89,,,,,238,238,,,Y,X,,,,,181,191,,,,,,,181,189,196,200,206,214,265,265,122,126,156,156,206,210,220,220,283,291,183,183,234,234,210,214,,
M.Grant Thesis,WBNP,-,Fecal,WBNP1149,-,73,,,//,//,187,187,//,//,,,,,,,,,,,,,232,238,,,160,160,,,,,,,,,,,,,,,,,,,,,,,,,77,81,,,,,142,148,,,,,,,,,,,,,,,90,112,,,89,89,161,161,85,89,,,,,//,//,,,Y,X,,,,,181,181,,,,,,,181,181,200,200,214,214,265,265,122,126,156,160,198,210,220,220,//,//,179,183,//,//,//,//,,
M.Grant Thesis,WBNP,-,Fecal,WBNP1138,-,73,,,140,140,187,187,262,262,,,,,,,,,,,,,238,238,,,//,//,,,,,,,,,,,,,,,,,,,,,,,,,81,83,,,,,142,142,,,,,,,,,,,,,,,90,110,,,83,85,159,159,87,89,,,,,//,//,,,X,X,,,,,//,//,,,,,,,181,181,196,196,227,227,265,265,122,126,156,156,206,206,//,//,//,//,179,183,//,//,210,210,,
M.Grant Thesis,WBNP,-,Fecal,WBNP117,-,69,,,134,138,175,179,//,//,,,,,,,,,,,,,//,//,,,//,//,,,,,,,,,,,,,,,,,,,,,,,,,81,83,,,,,142,150,,,,,,,,,,,,,,,106,112,,,89,89,161,165,85,87,,,,,//,//,,,Y,X,,,,,181,181,,,,,,,177,177,196,200,214,214,269,269,126,126,156,160,206,210,//,//,//,//,179,183,//,//,210,214,,
M.Grant Thesis,WBNP,-,Fecal,WBNP738,-,69,,,//,//,187,187,253,253,,,,,,,,,,,,,238,238,,,162,162,,,,,,,,,,,,,,,,,,,,,,,,,83,83,,,,,142,142,,,,,,,,,,,,,,,106,108,,,85,85,//,//,87,91,,,,,//,//,,,X,X,,,,,181,181,,,,,,,181,181,196,200,227,227,265,265,122,126,156,156,206,210,//,//,//,//,187,187,//,//,//,//,,
M.Grant Thesis,WBNP,-,Fecal,WBNP740,-,96,,,136,136,181,187,253,253,,,,,,,,,,,,,238,238,,,160,160,,,,,,,,,,,,,,,,,,,,,,,,,81,83,,,,,142,142,,,,,,,,,,,,,,,106,110,,,89,91,161,161,85,89,,,,,240,240,,,X,X,,,,,177,191,,,,,,,181,181,196,200,206,206,265,269,122,126,156,160,206,210,212,212,283,283,187,191,229,234,206,214,,
M.Grant Thesis,WBNP,-,Fecal,WBNP757,-,92,,,136,138,181,187,253,269,,,,,,,,,,,,,232,238,,,160,162,,,,,,,,,,,,,,,,,,,,,,,,,83,83,,,,,142,142,,,,,,,,,,,,,,,106,106,,,85,95,169,169,85,87,,,,,228,240,,,X,X,,,,,181,181,,,,,,,181,181,196,200,206,227,265,269,122,126,156,156,//,//,212,212,283,283,183,187,229,229,210,214,,
M.Grant Thesis,WBNP,-,Fecal,WBNP761,-,81,,,138,138,179,187,261,261,,,,,,,,,,,,,238,238,,,142,158,,,,,,,,,,,,,,,,,,,,,,,,,83,83,,,,,142,142,,,,,,,,,,,,,,,112,112,,,89,89,167,173,89,91,,,,,//,//,,,X,X,,,,,181,181,,,,,,,181,181,200,200,206,214,265,269,122,122,160,160,202,206,//,//,//,//,191,191,234,234,//,//,,
2023,Wentzel,Wood Bison,DNA,11-01,-,100,89,91,136,138,187,187,253,269,103,103,108,108,145,145,103,103,129,129,191,195,232,232,87,91,160,162,115,115,172,174,227,229,143,143,158,158,90,102,127,138,188,194,252,252,165,173,146,162,144,154,83,83,124,132,165,183,142,150,260,262,146,150,125,125,153,157,94,95,150,150,180,192,106,106,172,172,83,85,161,173,85,89,,,167,167,228,238,128,134,Y,X,102,104,95,95,181,181,205,205,158,166,149,153,,,,,,,,,,,,,,,,,,,,,,,,,,
2023,Wentzel,Wood Bison,DNA,11-02,-,100,93,93,132,136,187,187,247,269,103,103,108,108,141,141,103,103,129,143,191,191,232,252,87,87,160,162,115,115,172,174,229,229,143,143,156,156,90,102,142,146,188,194,254,254,167,167,164,166,154,156,81,83,132,132,183,183,142,148,260,260,150,150,129,129,155,155,91,91,150,150,180,192,106,106,168,174,83,83,165,173,89,89,,,161,167,228,228,130,134,Y,X,98,106,95,95,181,181,207,207,166,168,149,153,,,,,,,,,,,,,,,,,,,,,,,,,,
2023,Wentzel,Wood Bison,DNA,11-08,-,100,89,93,134,136,175,179,253,269,103,103,104,104,145,145,97,97,129,143,189,189,238,238,87,89,160,160,108,108,172,174,221,227,143,143,158,158,90,102,138,140,194,194,246,252,167,175,152,158,154,160,81,83,132,136,165,175,142,142,262,264,146,150,129,131,153,155,95,95,150,150,180,192,106,112,170,172,89,95,161,173,89,91,,,167,167,228,228,128,130,Y,X,104,104,95,101,181,191,205,207,142,158,149,149,,,,,,,,,,,,,,,,,,,,,,,,,,
2023,Wentzel,Wood Bison,DNA,11-10,-,100,89,89,140,140,187,187,253,253,103,105,108,108,141,141,93,103,129,143,189,191,238,252,87,89,158,162,115,115,174,176,225,229,143,143,158,158,90,102,127,127,188,194,252,252,175,177,152,158,144,160,81,81,122,124,183,183,142,148,260,260,150,150,123,125,153,155,91,95,146,150,192,192,106,106,172,172,89,89,161,173,87,91,,,167,167,238,238,122,132,Y,X,102,104,95,95,181,181,205,211,142,142,145,149,,,,,,,,,,,,,,,,,,,,,,,,,,
2023,Wentzel,Wood Bison,DNA,11-11,-,100,91,93,136,140,187,187,253,269,103,103,108,112,135,141,97,97,129,129,189,191,238,250,87,89,162,162,115,115,172,182,227,229,143,143,158,160,90,102,138,140,194,194,252,252,167,177,152,166,154,160,81,83,122,124,183,183,142,148,262,262,150,150,125,129,155,155,91,95,146,146,180,180,108,110,170,172,83,89,161,173,89,91,,,167,167,228,238,128,130,Y,X,102,104,101,103,181,181,201,207,142,166,149,149,,,,,,,,,,,,,,,,,,,,,,,,,,
2025,Wentzel,-,Tissue,BISO25-016,-,96,89,91,140,140,179,187,253,253,103,105,108,108,135,145,83,103,129,129,189,191,232,238,87,89,162,162,113,115,172,172,229,229,143,143,156,158,90,102,128,140,194,194,246,252,167,177,152,158,154,156,83,83,122,124,183,183,142,142,260,260,150,150,125,125,155,155,91,95,146,150,180,180,106,112,172,172,83,83,169,169,89,89,,,167,167,228,228,130,134,X,X,102,104,95,95,191,191,205,205,142,142,149,153,,,,,,,,,,,,,,,,,,,,,,,,,,
2025,Wentzel,-,Tissue,BISO25-017,-,94,89,93,134,138,187,187,241,241,103,103,108,112,141,145,93,97,129,129,189,195,232,238,87,87,147,170,113,115,172,172,225,229,143,143,154,158,90,90,140,148,194,194,252,252,159,167,152,152,154,154,81,81,124,124,175,183,142,148,260,262,150,152,125,129,155,155,91,94,148,150,180,192,112,112,170,174,89,89,155,173,85,91,,,161,167,228,236,114,130,//,//,98,104,95,103,191,191,205,211,142,142,145,153,,,,,,,,,,,,,,,,,,,,,,,,,,
2025,Wentzel,-,Tissue,BISO25-022,-,96,89,91,132,136,179,185,253,253,103,103,104,108,141,145,97,103,129,129,189,191,232,238,89,89,158,162,113,115,170,172,225,229,143,143,158,158,90,102,140,140,194,194,248,252,165,167,150,166,144,156,83,83,124,132,183,183,142,148,260,260,140,150,125,129,155,155,91,91,146,150,180,184,108,110,172,172,89,89,169,169,89,91,,,167,167,228,238,130,130,X,X,102,104,95,101,181,191,205,211,142,142,149,153,,,,,,,,,,,,,,,,,,,,,,,,,,
2025,Wentzel,-,Tissue,BISO25-023,-,96,91,91,136,136,185,187,247,253,103,103,108,112,135,145,103,103,127,141,189,191,232,238,87,87,162,162,113,115,174,174,229,229,143,143,154,160,90,102,128,142,188,200,246,252,165,177,152,158,144,154,83,85,124,132,175,183,142,148,256,260,150,152,125,125,153,155,91,94,150,150,180,180,108,110,170,174,89,89,161,173,85,91,,,161,167,228,238,130,132,X,X,//,//,99,99,181,191,205,205,142,158,149,153,,,,,,,,,,,,,,,,,,,,,,,,,,
2025,Wentzel,-,Tissue,BISO25-024,-,98,89,89,134,140,179,187,247,247,103,103,104,108,135,141,97,103,129,141,191,191,238,238,87,87,158,162,113,113,172,172,227,233,143,143,156,158,90,102,128,142,188,194,252,252,177,177,146,150,154,154,81,81,132,132,175,183,142,148,262,262,148,150,129,129,155,157,91,95,150,154,180,198,106,110,168,170,89,89,169,169,89,91,,,165,167,238,238,130,132,X,X,102,104,95,101,181,181,205,211,142,142,149,153,,,,,,,,,,,,,,,,,,,,,,,,,,
M. Grant Thesis,Yukon,-,Fecal,YUK1,-,92%,,,134,134,187,187,253,253,,,,,,,,,,,,,232,238,,,//,//,,,,,,,,,,,,,,,,,,,,,,,,,83,83,,,,,142,142,,,,,,,,,,,,,,,106,112,,,83,85,165,169,81,89,,,,,236,236,,,X,X,,,,,//,//,,,,,,,181,189,200,200,206,214,265,265,121,126,160,160,202,202,212,212,283,283,191,191,234,234,214,214,,
M. Grant Thesis,Yukon,-,Fecal,YUK1047,-,100%,,,136,138,181,181,241,253,,,,,,,,,,,,,232,238,,,147,158,,,,,,,,,,,,,,,,,,,,,,,,,83,83,,,,,138,142,,,,,,,,,,,,,,,110,112,,,85,89,165,173,87,89,,,,,236,238,,,Y,X,,,,,181,191,,,,,,,173,181,196,200,206,214,265,265,122,122,160,160,198,210,220,220,283,283,179,187,229,234,210,214,,
M. Grant Thesis,Yukon,-,Fecal,YUK13,-,96%,,,136,138,187,187,253,269,,,,,,,,,,,,,252,252,,,158,162,,,,,,,,,,,,,,,,,,,,,,,,,77,83,,,,,142,142,,,,,,,,,,,,,,,110,112,,,85,89,161,161,81,87,,,,,228,238,,,Y,X,,,,,181,191,,,,,,,173,181,196,200,206,206,265,269,122,126,160,160,//,//,220,220,283,283,179,183,229,234,214,214,,
M. Grant Thesis,Yukon,-,Fecal,YUK15,-,96%,,,136,136,179,187,253,269,,,,,,,,,,,,,232,252,,,158,158,,,,,,,,,,,,,,,,,,,,,,,,,83,83,,,,,142,142,,,,,,,,,,,,,,,106,112,,,85,95,161,173,81,91,,,,,224,238,,,Y,X,,,,,181,191,,,,,,,181,181,196,200,206,214,265,269,122,126,160,160,210,210,//,//,283,283,179,183,229,234,214,214,,
M. Grant Thesis,Yukon,-,Fecal,YUK22,-,92%,,,134,134,179,179,253,253,,,,,,,,,,,,,232,238,,,147,147,,,,,,,,,,,,,,,,,,,,,,,,,77,77,,,,,138,142,,,,,,,,,,,,,,,110,110,,,89,89,169,169,85,89,,,,,236,238,,,Y,X,,,,,177,181,,,,,,,181,181,200,200,206,206,265,265,121,121,160,160,//,//,//,//,283,283,187,187,234,234,214,214,,
M. Grant Thesis,Yukon,-,Fecal,YUK223,-,92%,,,134,138,181,187,253,253,,,,,,,,,,,,,238,238,,,158,158,,,,,,,,,,,,,,,,,,,,,,,,,77,83,,,,,138,142,,,,,,,,,,,,,,,112,112,,,89,89,161,173,87,89,,,,,228,238,,,X,X,,,,,181,181,,,,,,,181,181,196,200,214,214,265,265,126,126,160,160,//,//,//,//,283,283,183,187,229,229,210,214,,
M. Grant Thesis,Yukon,-,Fecal,YUK224,-,96%,,,134,136,187,187,253,269,,,,,,,,,,,,,232,238,,,158,160,,,,,,,,,,,,,,,,,,,,,,,,,81,83,,,,,138,142,,,,,,,,,,,,,,,110,112,,,85,89,161,165,89,89,,,,,224,228,,,X,X,,,,,181,181,,,,,,,181,181,196,200,206,206,265,265,122,126,160,160,210,210,//,//,283,283,179,191,229,229,214,214,,
M. Grant Thesis,Yukon,-,Fecal,YUK254,-,77%,,,//,//,187,187,241,269,,,,,,,,,,,,,232,238,,,158,161,,,,,,,,,,,,,,,,,,,,,,,,,77,83,,,,,138,142,,,,,,,,,,,,,,,110,112,,,89,89,161,161,89,91,,,,,228,228,,,Y,X,,,,,181,191,,,,,,,//,//,196,196,206,227,269,269,122,122,160,160,210,210,//,//,283,283,//,//,//,//,//,//,,
M. Grant Thesis,Yukon,-,Fecal,YUK267,-,96%,,,138,138,187,187,253,253,,,,,,,,,,,,,238,238,,,147,162,,,,,,,,,,,,,,,,,,,,,,,,,83,83,,,,,142,142,,,,,,,,,,,,,,,112,112,,,89,95,159,165,89,89,,,,,228,238,,,Y,X,,,,,181,181,,,,,,,181,181,196,200,214,227,265,265,122,126,160,160,//,//,212,212,283,283,179,183,229,234,210,214,,
M. Grant Thesis,Yukon,-,Fecal,YUK559,-,100%,,,136,138,187,187,253,253,,,,,,,,,,,,,238,238,,,158,158,,,,,,,,,,,,,,,,,,,,,,,,,77,83,,,,,142,142,,,,,,,,,,,,,,,110,112,,,85,85,161,165,89,89,,,,,224,228,,,X,X,,,,,181,191,,,,,,,173,181,196,196,206,214,265,265,122,126,156,160,210,210,220,220,283,283,183,187,229,234,210,214,,
M. Grant Thesis,Yukon,-,Fecal,YUK578,-,100%,,,136,136,181,187,253,253,,,,,,,,,,,,,232,238,,,158,162,,,,,,,,,,,,,,,,,,,,,,,,,77,77,,,,,138,142,,,,,,,,,,,,,,,106,112,,,89,89,161,165,85,89,,,,,228,238,,,X,X,,,,,181,191,,,,,,,189,189,196,196,214,214,265,269,126,126,156,160,210,210,220,220,283,283,191,191,229,234,210,214,,
Samples below have a genotype <80% (or 70% if from M.Grant thesis samples) complete and were excluded in individual identification analyses,,,,,,,,,,,,,,,,,,,,,,,,,,,,,,,,,,,,,,,,,,,,,,,,,,,,,,,,,,,,,,,,,,,,,,,,,,,,,,,,,,,,,,,,,,,,,,,,,,,,,,,,,,,,,,,,,,,,,,,,,,,,,,,,,,,,,,,,
2024,Banff National Park,-,Fecal,24BNP_001,-,73,89,91,136,136,181,187,249,249,//,//,104,104,//,//,//,//,//,//,191,191,//,//,//,//,141,160,113,115,180,180,229,229,//,//,154,154,88,88,127,150,194,200,//,//,163,163,158,160,156,156,81,83,124,124,179,185,142,148,262,262,146,150,123,123,//,//,92,92,146,150,180,198,108,108,168,172,89,89,161,165,//,//,//,//,161,167,//,//,130,130,X,X,96,96,99,99,//,//,211,215,142,168,//,//,,,,,,,,,,,,,,,,,,,,,,,,,,
2025,Banff National Park,-,Fecal,25BNP020,-,27,91,91,//,//,//,//,//,//,104,104,//,//,//,//,//,//,//,//,//,//,//,//,91,91,160,160,113,113,//,//,//,//,//,//,//,//,88,88,//,//,//,//,//,//,//,//,//,//,//,//,//,//,//,//,//,//,142,142,//,//,//,//,//,//,//,//,92,92,//,//,180,180,//,//,174,174,89,89,161,161,//,//,//,//,//,//,//,//,130,130,//,//,//,//,//,//,//,//,//,//,142,142,//,//,,,,,,,,,,,,,,,,,,,,,,,,,,
2025,Banff National Park,-,Fecal,25BNP034,-,15,//,//,//,//,//,//,//,//,//,//,102,102,//,//,//,//,//,//,//,//,//,//,91,91,160,160,//,//,//,//,//,//,143,143,158,158,88,88,//,//,//,//,//,//,//,//,//,//,//,//,//,//,//,//,//,//,//,//,//,//,//,//,//,//,//,//,//,//,//,//,//,//,//,//,//,//,89,89,//,//,//,//,//,//,//,//,//,//,//,//,//,//,//,//,//,//,//,//,//,//,142,142,//,//,,,,,,,,,,,,,,,,,,,,,,,,,,
M. Grant Thesis,EINP,-,Fecal,PB115,-,67%,//,//,136,138,175,175,//,//,//,//,104,104,135,135,93,93,129,149,//,//,238,254,,,,,,,,,,,,,,,,,,,,,,,,,,,,,,,,,,,,,,,,,,,,,,,,,,,,,,,,,,,91,91,,,167,167,//,//,130,130,//,//,96,96,101,101,,,,,,,,,,,,,,,,,,,,,,,,,,,,,,,,,,
2025,Piikani,-,Fecal (summer collection),2_Piikani,-,34,95,95,//,//,//,//,//,//,//,//,//,//,//,//,93,93,//,//,//,//,//,//,//,//,//,//,//,//,178,178,//,//,//,//,156,156,90,90,132,150,//,//,254,254,//,//,//,//,146,146,//,//,132,132,169,169,152,152,//,//,//,//,137,137,//,//,92,94,150,150,180,180,108,108,//,//,//,//,//,//,//,//,//,//,//,//,//,//,//,//,//,//,100,100,//,//,187,187,//,//,//,//,//,//,,,,,,,,,,,,,,,,,,,,,,,,,,
2025,Piikani,-,Fecal (summer collection),4_Piikani,-,58,87,95,//,//,189,189,239,239,115,115,110,110,135,143,93,93,137,139,//,//,//,//,87,91,143,168,//,//,186,186,237,237,149,151,//,//,90,96,136,136,190,190,//,//,181,181,164,172,156,156,//,//,//,//,169,169,144,144,//,//,156,156,123,123,//,//,//,//,156,156,184,184,116,120,//,//,91,91,177,177,//,//,//,//,//,//,//,//,128,130,//,//,//,//,//,//,187,187,211,211,//,//,//,//,,,,,,,,,,,,,,,,,,,,,,,,,,
2025,Piikani,-,Fecal (summer collection),5_Piikani,-,53,93,95,142,142,//,//,241,241,//,//,//,//,135,135,89,89,//,//,//,//,//,//,87,87,162,168,//,//,182,182,//,//,//,//,152,156,90,96,132,150,190,204,//,//,179,181,152,152,150,150,//,//,118,118,//,//,144,144,//,//,144,144,123,133,//,//,//,//,150,150,190,190,112,120,172,172,93,93,165,165,//,//,116,122,//,//,//,//,//,//,//,//,//,//,//,//,//,//,209,209,156,156,//,//,,,,,,,,,,,,,,,,,,,,,,,,,,
2025,Piikani,-,Fecal (summer collection),7_Piikani,-,23,//,//,//,//,//,//,//,//,//,//,//,//,//,//,//,//,129,129,//,//,//,//,//,//,162,162,//,//,//,//,//,//,//,//,//,//,//,//,//,//,//,//,//,//,175,175,158,158,//,//,81,81,//,//,185,185,142,142,260,262,//,//,//,//,155,155,94,94,//,//,//,//,//,//,//,//,//,//,//,//,//,//,114,118,//,//,//,//,//,//,//,//,//,//,//,//,//,//,//,//,142,164,//,//,,,,,,,,,,,,,,,,,,,,,,,,,,
2025,Prince Albert National Park,-,Teeth,2_PANP,-,32,//,//,//,//,//,//,//,//,//,//,//,//,//,//,//,//,//,//,//,//,//,//,//,//,161,161,//,//,172,172,229,229,//,//,160,160,98,106,130,148,184,184,244,244,169,169,//,//,//,//,71,83,//,//,//,//,//,//,//,//,//,//,//,//,155,155,94,94,//,//,//,//,//,//,176,176,//,//,149,149,//,//,//,//,//,//,//,//,//,//,//,//,//,//,101,103,//,//,//,//,//,//,//,//,,,,,,,,,,,,,,,,,,,,,,,,,,
2025,Prince Albert National Park,-,Teeth,3_PANP,-,9,//,//,//,//,//,//,//,//,//,//,//,//,//,//,//,//,//,//,//,//,//,//,//,//,//,//,113,113,//,//,//,//,//,//,//,//,//,//,//,//,//,//,//,//,//,//,//,//,//,//,//,//,//,//,//,//,//,//,//,//,//,//,//,//,//,//,//,//,//,//,//,//,//,//,//,//,//,//,//,//,83,87,//,//,//,//,//,//,118,118,//,//,//,//,//,//,//,//,//,//,//,//,//,//,,,,,,,,,,,,,,,,,,,,,,,,,,
2025,Prince Albert National Park,-,Teeth,4A_PANP,-,9,//,//,//,//,//,//,//,//,//,//,//,//,//,//,//,//,//,//,//,//,//,//,//,//,//,//,//,//,//,//,//,//,//,//,154,154,//,//,//,//,//,//,//,//,//,//,//,//,//,//,//,//,//,//,//,//,//,//,//,//,//,//,//,//,//,//,91,91,//,//,//,//,//,//,170,170,//,//,//,//,//,//,//,//,//,//,//,//,//,//,//,//,//,//,//,//,//,//,//,//,//,//,//,//,,,,,,,,,,,,,,,,,,,,,,,,,,
2025,Prince Albert National Park,-,Teeth,4B_PANP,-,51,//,//,//,//,187,187,241,253,//,//,//,//,//,//,//,//,//,//,//,//,//,//,91,91,161,170,115,115,//,//,//,//,143,143,154,154,88,90,127,148,194,194,//,//,175,175,//,//,//,//,//,//,122,124,179,179,142,150,262,262,//,//,125,125,//,//,91,91,//,//,198,198,108,108,170,170,89,89,161,161,87,87,//,//,//,//,//,//,//,//,//,//,92,92,103,103,//,//,//,//,//,//,//,//,,,,,,,,,,,,,,,,,,,,,,,,,,
2025,Prince Albert National Park,-,Teeth,5_PANP,-,34,89,89,//,//,//,//,//,//,//,//,106,106,//,//,//,//,//,//,//,//,//,//,87,87,//,//,//,//,//,//,//,//,143,143,//,//,90,90,127,127,//,//,//,//,175,175,//,//,//,//,71,85,//,//,//,//,//,//,//,//,//,//,//,//,//,//,90,91,//,//,//,//,108,108,//,//,89,89,161,161,87,87,//,//,//,//,//,//,//,//,//,//,96,96,95,95,//,//,//,//,162,162,//,//,,,,,,,,,,,,,,,,,,,,,,,,,,
2025,Prince Albert National Park,-,Teeth,6_PANP,-,75,89,91,//,//,185,187,239,239,//,//,106,106,135,141,//,//,149,149,//,//,//,//,91,91,161,170,113,115,178,178,231,231,143,145,160,160,90,90,127,127,194,194,250,254,165,175,158,158,144,156,81,83,122,124,165,179,142,142,262,262,140,148,125,125,155,155,95,95,146,146,180,198,108,108,170,170,89,89,161,161,//,//,110,116,161,165,//,//,118,118,//,//,//,//,//,//,//,//,//,//,//,//,//,//,,,,,,,,,,,,,,,,,,,,,,,,,,
2025,Prince Albert National Park,-,Teeth,8_PANP,-,25,//,//,//,//,//,//,//,//,//,//,//,//,//,//,//,//,//,//,//,//,//,//,87,87,161,161,//,//,//,//,//,//,//,//,//,//,100,100,//,//,198,198,//,//,175,175,//,//,//,//,//,//,//,//,//,//,//,//,//,//,//,//,//,//,//,//,94,94,150,150,//,//,108,108,//,//,//,//,//,//,87,87,120,120,//,//,//,//,118,118,//,//,//,//,//,//,//,//,//,//,//,//,//,//,,,,,,,,,,,,,,,,,,,,,,,,,,
2025,Prince Albert National Park,-,Teeth,9_PANP,-,15,//,//,//,//,//,//,//,//,//,//,//,//,//,//,//,//,//,//,//,//,//,//,//,//,//,//,//,//,//,//,//,//,//,//,//,//,//,//,//,//,//,//,//,//,//,//,158,158,//,//,//,//,//,//,//,//,//,//,//,//,//,//,//,//,//,//,94,94,150,150,//,//,108,108,170,186,89,89,//,//,//,//,//,//,//,//,//,//,//,//,//,//,//,//,//,//,//,//,//,//,//,//,//,//,,,,,,,,,,,,,,,,,,,,,,,,,,
2025,Prince Albert National Park,-,Teeth,10A_PANP,-,15,//,//,//,//,//,//,//,//,//,//,//,//,//,//,//,//,//,//,//,//,//,//,87,87,161,161,//,//,//,//,233,233,//,//,//,//,//,//,//,//,190,192,//,//,//,//,//,//,//,//,//,//,//,//,//,//,//,//,//,//,//,//,//,//,//,//,//,//,146,152,//,//,//,//,//,//,//,//,//,//,//,//,116,116,//,//,//,//,//,//,//,//,//,//,//,//,//,//,//,//,//,//,//,//,,,,,,,,,,,,,,,,,,,,,,,,,,
2025,Prince Albert National Park,-,Teeth,10B_PANP,-,68,91,91,136,136,187,187,239,241,//,//,//,//,//,//,//,//,149,149,//,//,//,//,91,91,160,161,113,115,172,172,233,233,143,143,154,154,90,90,127,148,194,198,250,250,165,175,158,158,144,156,83,83,124,124,165,179,142,150,262,262,140,140,125,129,155,159,//,//,//,//,//,//,//,//,//,//,//,//,//,//,85,87,//,//,161,167,240,240,130,130,//,//,//,//,95,101,//,//,//,//,142,162,149,149,,,,,,,,,,,,,,,,,,,,,,,,,,
2025,Prince Albert National Park,-,Teeth,11_PANP,-,36,91,91,//,//,185,185,//,//,//,//,//,//,//,//,//,//,//,//,//,//,//,//,87,91,//,//,//,//,//,//,231,231,143,143,//,//,90,90,//,//,//,//,254,254,//,//,//,//,//,//,83,85,//,//,//,//,//,//,262,262,140,140,//,//,//,//,//,//,146,146,198,198,//,//,176,176,89,89,//,//,//,//,116,116,161,161,//,//,118,118,//,//,//,//,//,//,//,//,//,//,//,//,//,//,,,,,,,,,,,,,,,,,,,,,,,,,,
2025,Prince Albert National Park,-,Teeth,12_PANP,-,38,//,//,142,142,//,//,//,//,//,//,//,//,//,//,//,//,//,//,//,//,//,//,91,91,160,160,113,113,//,//,231,231,143,143,158,158,88,88,127,127,//,//,//,//,//,//,//,//,//,//,83,83,//,//,//,//,142,142,262,262,//,//,129,129,//,//,//,//,146,146,180,180,//,//,//,//,//,//,161,161,87,87,//,//,//,//,//,//,118,118,//,//,//,//,//,//,//,//,//,//,//,//,//,//,,,,,,,,,,,,,,,,,,,,,,,,,,
2025,Prince Albert National Park,-,Teeth,13_PANP,-,15,//,//,//,//,//,//,//,//,//,//,//,//,//,//,//,//,//,//,//,//,//,//,87,87,//,//,//,//,//,//,//,//,//,//,//,//,88,90,127,127,//,//,//,//,//,//,//,//,//,//,81,81,//,//,//,//,//,//,//,//,//,//,//,//,159,159,//,//,//,//,//,//,//,//,//,//,//,//,//,//,//,//,//,//,//,//,//,//,112,118,//,//,//,//,//,//,//,//,//,//,//,//,//,//,,,,,,,,,,,,,,,,,,,,,,,,,,
2025,Prince Albert National Park,-,Teeth,14_PANP,-,57,//,//,//,//,//,//,//,//,//,//,//,//,//,//,//,//,//,//,//,//,//,//,91,91,161,161,113,113,180,180,223,231,143,143,158,158,88,88,127,127,//,//,//,//,165,165,156,158,156,156,83,83,124,124,165,179,150,150,262,262,140,140,125,129,155,155,94,94,//,//,//,//,106,106,170,186,89,89,161,161,81,81,//,//,//,//,//,//,118,118,//,//,//,//,//,//,//,//,//,//,170,170,//,//,,,,,,,,,,,,,,,,,,,,,,,,,,
2025,Prince Albert National Park,-,Teeth,15_PANP,-,11,//,//,//,//,//,//,//,//,//,//,//,//,//,//,//,//,//,//,//,//,//,//,//,//,//,//,//,//,//,//,//,//,//,//,//,//,104,104,//,//,//,//,//,//,//,//,//,//,//,//,//,//,124,124,//,//,//,//,//,//,//,//,//,//,//,//,//,//,//,//,//,//,108,108,//,//,//,//,//,//,//,//,//,//,//,//,//,//,112,118,//,//,//,//,//,//,//,//,//,//,//,//,//,//,,,,,,,,,,,,,,,,,,,,,,,,,,
2025,Prince Albert National Park,-,Teeth,16_PANP,-,25,//,//,//,//,//,//,//,//,//,//,//,//,//,//,//,//,//,//,//,//,//,//,91,95,//,//,113,113,//,//,//,//,143,143,//,//,88,88,//,//,//,//,//,//,//,//,//,//,//,//,83,83,124,124,//,//,//,//,//,//,//,//,129,129,//,//,//,//,//,//,//,//,108,108,//,//,89,89,//,//,83,89,112,112,//,//,//,//,112,118,//,//,92,92,//,//,//,//,//,//,//,//,//,//,,,,,,,,,,,,,,,,,,,,,,,,,,
M. Grant Thesis,Prince Albert National Park,-,Fecal,PANP011,-,50%,,,//,//,187,187,//,//,,,,,,,,,,,,,238,238,,,161,161,,,,,,,,,,,,,,,,,,,,,,,,,83,83,,,,,142,142,,,,,,,,,,,,,,,106,106,,,89,89,161,161,89,89,,,,,//,//,,,Y,X,,,,,191,191,,,,,,,//,//,//,//,//,//,//,//,122,122,//,//,206,206,//,//,//,//,//,//,//,//,//,//,,
M. Grant Thesis,Prince Albert National Park,-,Fecal,PANP052,-,19%,,,//,//,//,//,//,//,,,,,,,,,,,,,//,//,,,//,//,,,,,,,,,,,,,,,,,,,,,,,,,81,83,,,,,//,//,,,,,,,,,,,,,,,108,108,,,89,89,//,//,85,85,,,,,//,//,,,//,//,,,,,//,//,,,,,,,//,//,//,//,//,//,//,//,122,122,//,//,//,//,//,//,//,//,//,//,//,//,//,//,,
M. Grant Thesis,Prince Albert National Park,-,Fecal,PANP074,-,8%,,,//,//,//,//,//,//,,,,,,,,,,,,,//,//,,,//,//,,,,,,,,,,,,,,,,,,,,,,,,,//,//,,,,,//,//,,,,,,,,,,,,,,,//,//,,,89,89,//,//,89,89,,,,,//,//,,,//,//,,,,,//,//,,,,,,,//,//,//,//,//,//,//,//,//,//,//,//,//,//,//,//,//,//,//,//,//,//,//,//,,
2025,Sturgeon River,-,Fecal,25_SturRiv_2,-,67,89,91,//,//,185,185,//,//,103,103,106,106,135,141,//,//,149,149,//,//,//,//,87,87,//,//,//,//,//,//,//,//,143,143,158,160,88,90,127,127,196,200,//,//,175,175,//,//,//,//,83,83,//,//,165,179,142,150,//,//,140,140,125,129,159,159,91,95,146,146,180,180,108,108,170,186,89,89,161,161,87,89,//,//,161,167,//,//,130,130,X,X,104,104,95,95,191,191,207,211,162,162,//,//,,,,,,,,,,,,,,,,,,,,,,,,,,
2025,Sturgeon River,-,Fecal,25_SturRiv_19,-,2,//,//,//,//,//,//,//,//,//,//,//,//,//,//,//,//,//,//,//,//,//,//,//,//,//,//,//,//,//,//,//,//,//,//,//,//,//,//,//,//,//,//,//,//,//,//,//,//,//,//,//,//,//,//,//,//,//,//,//,//,//,//,//,//,//,//,//,//,//,//,//,//,//,//,//,//,//,//,//,//,//,//,//,//,//,//,//,//,//,//,//,//,//,//,//,//,//,//,209,209,//,//,//,//,,,,,,,,,,,,,,,,,,,,,,,,,,
2025,Sturgeon River,-,Fecal,25_SturRiv_23,-,0,//,//,//,//,//,//,//,//,//,//,//,//,//,//,//,//,//,//,//,//,//,//,//,//,//,//,//,//,//,//,//,//,//,//,//,//,//,//,//,//,//,//,//,//,//,//,//,//,//,//,//,//,//,//,//,//,//,//,//,//,//,//,//,//,//,//,//,//,//,//,//,//,//,//,//,//,//,//,//,//,//,//,//,//,//,//,//,//,//,//,//,//,//,//,//,//,//,//,//,//,//,//,//,//,,,,,,,,,,,,,,,,,,,,,,,,,,
2025,Sturgeon River,-,Fecal,25_SturRiv_25,-,40,91,91,//,//,//,//,//,//,103,103,//,//,//,//,//,//,//,//,//,//,//,//,91,91,//,//,113,115,//,//,//,//,143,143,154,158,90,90,127,148,//,//,//,//,//,//,//,//,//,//,81,83,//,//,//,//,//,//,//,//,//,//,//,//,//,//,94,94,146,146,//,//,108,108,//,//,89,89,161,161,85,89,//,//,161,167,//,//,130,130,//,//,96,104,103,103,//,//,211,211,142,142,//,//,,,,,,,,,,,,,,,,,,,,,,,,,,
2025,Sturgeon River,-,Fecal,25_SturRiv_26,-,71,89,89,//,//,187,187,//,//,103,103,106,106,135,135,//,//,149,149,//,//,//,//,87,91,160,170,113,113,//,//,//,//,143,143,158,158,88,90,127,127,194,198,250,250,165,175,158,158,//,//,81,83,//,//,//,//,142,142,//,//,140,140,127,129,153,159,93,94,146,146,180,180,108,108,172,186,89,89,161,161,85,87,//,//,161,167,//,//,130,130,Y,X,92,104,95,103,191,191,207,211,//,//,//,//,,,,,,,,,,,,,,,,,,,,,,,,,,
2025,Sturgeon River,-,Fecal,25_SturRiv_29,-,6,//,//,//,//,//,//,//,//,//,//,//,//,//,//,//,//,//,//,//,//,//,//,//,//,//,//,//,//,//,//,//,//,//,//,//,//,//,//,//,//,//,//,//,//,//,//,//,//,//,//,//,//,//,//,//,//,//,//,//,//,//,//,//,//,//,//,//,//,//,//,//,//,108,108,//,//,89,89,//,//,//,//,//,//,//,//,//,//,//,//,//,//,//,//,95,95,//,//,//,//,//,//,//,//,,,,,,,,,,,,,,,,,,,,,,,,,,
2025,Sturgeon River,-,Fecal,25_SturRiv_41,-,73,89,91,138,138,187,187,//,//,103,103,106,106,135,141,//,//,149,149,//,//,//,//,91,91,160,161,115,115,//,//,231,231,143,143,154,158,90,90,127,127,194,194,//,//,165,165,//,//,//,//,83,83,124,124,165,179,150,150,260,260,148,148,125,129,153,155,91,95,146,146,180,180,106,106,170,176,89,89,161,161,87,89,//,//,161,161,//,//,130,130,//,//,92,92,//,//,//,//,207,211,162,168,//,//,,,,,,,,,,,,,,,,,,,,,,,,,,
2025,Sturgeon River,-,Fecal,25_SturRiv_42,-,48,89,89,//,//,185,187,//,//,103,103,106,106,135,135,//,//,149,149,//,//,//,//,91,91,//,//,//,//,//,//,//,//,//,//,//,//,88,90,127,127,//,//,//,//,//,//,//,//,//,//,81,83,//,//,165,179,//,//,//,//,140,140,125,125,153,159,94,95,//,//,180,198,106,108,176,186,89,89,161,161,87,89,//,//,//,//,//,//,//,//,//,//,92,96,95,103,//,//,207,211,168,170,//,//,,,,,,,,,,,,,,,,,,,,,,,,,,
2025,Sturgeon River,-,Fecal,25_SturRiv_57,-,62,91,91,136,136,//,//,//,//,//,//,//,//,135,135,//,//,149,149,195,195,//,//,91,91,161,161,113,115,//,//,231,231,143,143,158,158,88,88,127,127,198,198,250,250,163,163,158,158,//,//,83,83,124,124,165,179,142,150,262,262,140,148,//,//,159,159,95,95,146,146,180,180,//,//,168,170,89,89,161,161,//,//,//,//,//,//,//,//,//,//,//,//,//,//,//,//,//,//,207,207,142,142,//,//,,,,,,,,,,,,,,,,,,,,,,,,,,
2025,Sturgeon River,-,Fecal,25_SturRiv_59,-,8,91,91,//,//,//,//,//,//,//,//,//,//,//,//,//,//,//,//,//,//,//,//,//,//,//,//,//,//,//,//,//,//,143,145,//,//,88,88,//,//,//,//,//,//,//,//,//,//,//,//,83,83,//,//,//,//,//,//,//,//,//,//,//,//,//,//,//,//,//,//,//,//,//,//,//,//,//,//,//,//,//,//,//,//,//,//,//,//,//,//,//,//,//,//,//,//,//,//,//,//,//,//,//,//,,,,,,,,,,,,,,,,,,,,,,,,,,
2024,Wabasca,-,Hair,24Wab_0013,-,0,//,//,//,//,//,//,//,//,//,//,//,//,//,//,//,//,//,//,//,//,//,//,//,//,//,//,//,//,//,//,//,//,//,//,//,//,//,//,//,//,//,//,//,//,//,//,//,//,//,//,//,//,//,//,//,//,//,//,//,//,//,//,//,//,//,//,//,//,//,//,//,//,//,//,//,//,//,//,//,//,//,//,//,//,//,//,//,//,//,//,//,//,//,//,//,//,//,//,//,//,//,//,//,//,,,,,,,,,,,,,,,,,,,,,,,,,,
2025,Wabasca,-,Fecal,Biso24-009,-,29,//,//,138,138,//,//,//,//,103,104,//,//,//,//,//,//,//,//,//,//,//,//,87,87,160,160,108,108,//,//,//,//,//,//,//,//,//,//,//,//,//,//,//,//,//,//,152,152,//,//,//,//,//,//,//,//,148,148,//,//,//,//,//,//,//,//,95,95,//,//,//,//,//,//,170,170,89,89,//,//,91,91,//,//,165,165,//,//,118,118,//,//,//,//,93,99,//,//,//,//,156,156,//,//,,,,,,,,,,,,,,,,,,,,,,,,,,
2025,Wabasca,-,Fecal,WabascaGhost1-2024,-,12,//,//,//,//,//,//,//,//,//,//,//,//,//,//,//,//,//,//,//,//,//,//,87,87,141,160,//,//,//,//,//,//,//,//,//,//,//,//,//,//,194,194,252,252,//,//,//,//,//,//,//,//,//,//,//,//,//,//,//,//,//,//,//,//,//,//,//,//,//,//,//,//,108,108,170,172,//,//,//,//,//,//,//,//,//,//,//,//,//,//,//,//,//,//,//,//,//,//,//,//,//,//,//,//,,,,,,,,,,,,,,,,,,,,,,,,,,
2024,Waterton Lakes,-,Fecal,WLNP01,-,38,91,91,//,//,175,175,//,//,//,//,104,104,141,147,//,//,//,//,//,//,//,//,91,91,//,//,//,//,//,//,//,//,//,//,158,160,90,90,//,//,//,//,250,250,163,163,//,//,//,//,83,83,//,//,//,//,//,//,//,//,//,//,//,//,153,159,95,95,146,146,180,180,//,//,168,168,89,89,165,165,91,91,//,//,//,//,//,//,//,//,//,//,92,98,//,//,//,//,203,211,//,//,//,//,,,,,,,,,,,,,,,,,,,,,,,,,,
2024,Waterton Lakes,-,Fecal,WLNP04,-,15,//,//,//,//,//,//,//,//,104,104,//,//,//,//,//,//,//,//,//,//,//,//,91,91,//,//,//,//,//,//,//,//,//,//,//,//,90,90,//,//,190,190,//,//,//,//,//,//,//,//,//,//,124,124,//,//,//,//,//,//,//,//,//,//,153,153,//,//,//,//,//,//,//,//,//,//,//,//,//,//,//,//,114,114,//,//,//,//,118,128,//,//,//,//,//,//,//,//,//,//,//,//,//,//,,,,,,,,,,,,,,,,,,,,,,,,,,
2024,Waterton Lakes,-,Fecal,WLNP05,-,17,//,//,//,//,//,//,//,//,//,//,//,//,//,//,//,//,//,//,//,//,//,//,87,87,//,//,113,113,178,178,//,//,//,//,//,//,100,102,//,//,//,//,//,//,//,//,//,//,//,//,//,//,//,//,//,//,//,//,//,//,//,//,//,//,//,//,//,//,148,148,184,184,108,108,//,//,//,//,//,//,//,//,118,118,//,//,//,//,//,//,//,//,//,//,//,//,177,177,//,//,//,//,//,//,,,,,,,,,,,,,,,,,,,,,,,,,,
2024,Waterton Lakes,-,Fecal,WLNP09,-,23,//,//,//,//,//,//,//,//,//,//,//,//,//,//,//,//,//,//,//,//,//,//,//,//,160,160,//,//,//,//,//,//,//,//,//,//,//,//,//,//,//,//,//,//,//,//,//,//,//,//,83,83,124,124,//,//,148,148,//,//,146,146,127,127,155,155,94,94,//,//,//,//,//,//,//,//,89,89,//,//,//,//,//,//,173,173,//,//,118,118,//,//,//,//,//,//,//,//,//,//,164,164,//,//,,,,,,,,,,,,,,,,,,,,,,,,,,
2025,WBNP,-,Hair,24WBNP_059UNK,-,8,//,//,//,//,//,//,//,//,//,//,//,//,//,//,//,//,//,//,//,//,//,//,//,//,159,159,//,//,//,//,//,//,//,//,//,//,//,//,//,//,//,//,236,236,//,//,//,//,//,//,//,//,//,//,//,//,//,//,//,//,//,//,//,//,//,//,//,//,//,//,//,//,//,//,//,//,//,//,//,//,85,89,//,//,//,//,//,//,//,//,Y,X,//,//,//,//,179,189,//,//,//,//,//,//,,,,,,,,,,,,,,,,,,,,,,,,,,
2025,WBNP,-,Fecal,24WBNP_061,-,55,//,//,128,128,//,//,247,247,//,//,//,//,133,133,75,81,//,//,189,189,244,244,//,//,141,141,//,//,182,182,//,//,//,//,148,150,96,96,130,130,182,192,244,244,173,173,//,//,//,//,71,75,//,//,//,//,//,//,//,//,//,//,125,127,//,//,92,92,//,//,//,//,102,104,182,182,//,//,//,//,85,85,104,108,153,163,240,240,114,114,//,//,94,96,-99,-99,-99,-99,203,213,//,//,147,147,,,,,,,,,,,,,,,,,,,,,,,,,,
2025,WBNP,-,Hair,24WBNP_CR-1_062,-,2,//,//,//,//,//,//,//,//,//,//,//,//,//,//,//,//,//,//,//,//,//,//,//,//,//,//,//,//,//,//,//,//,//,//,//,//,//,//,//,//,//,//,//,//,//,//,//,//,//,//,//,//,//,//,//,//,//,//,//,//,//,//,//,//,//,//,//,//,//,//,//,//,//,//,//,//,//,//,//,//,//,//,//,//,//,//,//,//,130,130,//,//,//,//,//,//,//,//,//,//,//,//,//,//,,,,,,,,,,,,,,,,,,,,,,,,,,
2024/M.Grant Thesis,WBNP,-,Fecal,WBNP157,-,14,91,93,136,138,//,//,//,//,105,105,102,102,137,143,//,//,//,//,//,//,//,//,//,//,//,//,//,//,//,//,//,//,//,//,//,//,//,//,//,//,//,//,//,//,//,//,//,//,//,//,81,81,//,//,//,//,//,//,//,//,//,//,//,//,//,//,92,92,//,//,//,//,//,//,//,//,//,//,//,//,85,85,//,//,//,//,//,//,//,//,//,//,//,//,//,//,//,//,205,205,//,//,//,//,//,//,//,//,//,//,//,//,//,//,//,//,//,//,//,//,//,//,//,//,//,//,//,//,,
2024/M.Grant Thesis,WBNP,-,Fecal,WBNP159,-,59,//,//,//,//,179,185,//,//,//,//,//,//,//,//,//,//,//,//,//,//,238,238,87,89,162,162,115,115,172,180,227,229,//,//,158,158,90,102,127,146,188,194,252,252,173,177,152,152,//,//,81,83,132,132,165,175,138,150,//,//,//,//,//,//,157,157,91,95,146,150,196,196,108,108,172,172,89,89,161,161,85,89,//,//,167,173,//,//,130,130,X,X,//,//,103,103,191,191,203,203,//,//,//,//,181,181,//,//,214,214,269,269,122,122,//,//,210,210,//,//,//,//,//,//,//,//,//,//,,
2024/M.Grant Thesis,WBNP,-,Fecal,WBNP161,-,41,//,//,//,//,//,//,//,//,//,//,//,//,//,//,//,//,//,//,//,//,//,//,//,//,162,162,113,115,//,//,229,233,143,143,158,158,90,102,146,146,194,194,254,254,//,//,146,146,154,154,81,81,//,//,183,183,142,142,//,//,//,//,129,129,//,//,91,91,150,150,180,180,112,112,172,174,89,89,159,159,85,91,//,//,161,167,//,//,130,130,//,//,102,102,//,//,//,//,//,//,//,//,//,//,//,//,//,//,//,//,//,//,//,//,//,//,//,//,//,//,//,//,//,//,//,//,//,//,,
2024/M.Grant Thesis,WBNP,-,Fecal,WBNP162,-,16,89,89,136,138,//,//,//,//,//,//,100,100,135,145,//,//,//,//,//,//,//,//,//,//,//,//,//,//,//,//,//,//,//,//,//,//,//,//,//,//,//,//,//,//,//,//,//,//,144,144,//,//,124,124,//,//,142,150,//,//,//,//,//,//,//,//,//,//,//,//,//,//,112,112,//,//,//,//,//,//,89,89,//,//,//,//,//,//,//,//,//,//,98,98,//,//,//,//,//,//,//,//,//,//,//,//,//,//,//,//,//,//,//,//,//,//,//,//,//,//,//,//,//,//,//,//,//,//,,
2024/M.Grant Thesis,WBNP,-,Fecal,WBNP163,-,6,//,//,//,//,//,//,//,//,//,//,//,//,//,//,//,//,//,//,//,//,//,//,//,//,//,//,//,//,//,//,//,//,//,//,//,//,//,//,//,//,//,//,//,//,//,//,//,//,//,//,71,71,//,//,//,//,//,//,//,//,//,//,//,//,//,//,//,//,//,//,//,//,//,//,//,//,//,//,//,//,85,85,//,//,165,167,//,//,//,//,//,//,92,92,//,//,//,//,//,//,//,//,//,//,//,//,//,//,//,//,//,//,//,//,//,//,//,//,//,//,//,//,//,//,//,//,//,//,,
2024/M.Grant Thesis,WBNP,-,Fecal,WBNP169,-,66,91,91,//,//,179,179,//,//,103,103,100,104,//,//,//,//,129,129,195,195,232,232,87,87,160,162,108,115,//,//,//,//,143,143,160,160,90,90,127,148,188,188,252,252,165,175,152,162,154,154,83,83,124,132,175,183,142,148,//,//,150,150,123,125,155,155,91,91,//,//,180,192,108,112,166,172,85,89,161,161,89,89,//,//,167,167,//,//,130,130,X,X,96,104,//,//,181,181,//,//,//,//,//,//,181,181,200,200,//,//,//,//,122,122,//,//,202,210,//,//,//,//,//,//,//,//,//,//,,
2024/M.Grant Thesis,WBNP,-,Fecal,WBNP172,-,2,//,//,//,//,//,//,//,//,//,//,//,//,//,//,//,//,//,//,//,//,//,//,//,//,//,//,//,//,//,//,//,//,//,//,//,//,//,//,//,//,//,//,//,//,//,//,//,//,//,//,//,//,//,//,//,//,//,//,//,//,//,//,//,//,//,//,//,//,//,//,//,//,//,//,//,//,//,//,//,//,//,//,//,//,//,//,//,//,//,//,//,//,//,//,//,//,//,//,201,201,//,//,//,//,//,//,//,//,//,//,//,//,//,//,//,//,//,//,//,//,//,//,//,//,//,//,//,//,,
2024/M.Grant Thesis,WBNP,-,Fecal,WBNP175,-,15,//,//,134,134,179,179,//,//,103,103,108,108,//,//,//,//,//,//,//,//,//,//,//,//,//,//,//,//,//,//,//,//,//,//,//,//,//,//,//,//,//,//,//,//,//,//,//,//,//,//,77,77,//,//,//,//,//,//,//,//,//,//,//,//,//,//,//,//,//,//,//,//,//,//,//,//,95,95,//,//,85,85,//,//,//,//,//,//,130,130,//,//,//,//,//,//,//,//,//,//,//,//,//,//,//,//,//,//,//,//,//,//,//,//,//,//,//,//,//,//,//,//,//,//,//,//,//,//,,
2024/M.Grant Thesis,WBNP,-,Fecal,WBNP178,-,0,//,//,//,//,//,//,//,//,//,//,//,//,//,//,//,//,//,//,//,//,//,//,//,//,//,//,//,//,//,//,//,//,//,//,//,//,//,//,//,//,//,//,//,//,//,//,//,//,//,//,//,//,//,//,//,//,//,//,//,//,//,//,//,//,//,//,//,//,//,//,//,//,//,//,//,//,//,//,//,//,//,//,//,//,//,//,//,//,//,//,//,//,//,//,//,//,//,//,//,//,//,//,//,//,//,//,//,//,//,//,//,//,//,//,//,//,//,//,//,//,//,//,//,//,//,//,//,//,,
2024/M.Grant Thesis,WBNP,-,Fecal,WBNP179,-,6,//,//,//,//,//,//,//,//,//,//,108,108,//,//,//,//,//,//,//,//,//,//,//,//,//,//,//,//,//,//,//,//,//,//,//,//,//,//,//,//,//,//,//,//,//,//,//,//,//,//,//,//,//,//,//,//,//,//,//,//,146,146,//,//,//,//,//,//,//,//,//,//,//,//,//,//,//,//,//,//,//,//,//,//,//,//,//,//,130,130,//,//,//,//,//,//,//,//,//,//,//,//,//,//,//,//,//,//,//,//,//,//,//,//,//,//,//,//,//,//,//,//,//,//,//,//,//,//,,
2024/M.Grant Thesis,WBNP,-,Fecal,WBNP181,-,8,//,//,//,//,//,//,//,//,//,//,//,//,//,//,//,//,//,//,//,//,//,//,//,//,//,//,115,115,//,//,//,//,//,//,//,//,//,//,//,//,194,194,//,//,//,//,//,//,//,//,//,//,//,//,//,//,138,138,//,//,//,//,//,//,//,//,//,//,//,//,//,//,//,//,//,//,89,89,//,//,//,//,//,//,//,//,//,//,//,//,//,//,//,//,//,//,//,//,//,//,//,//,//,//,//,//,//,//,//,//,//,//,//,//,//,//,//,//,//,//,//,//,//,//,//,//,//,//,,
2024/M.Grant Thesis,WBNP,-,Fecal,WBNP185,-,6,//,//,//,//,//,//,//,//,//,//,//,//,//,//,//,//,//,//,//,//,//,//,//,//,//,//,//,//,//,//,//,//,//,//,//,//,//,//,//,//,//,//,//,//,//,//,//,//,//,//,71,71,//,//,//,//,//,//,//,//,//,//,//,//,//,//,92,92,//,//,//,//,//,//,//,//,//,//,//,//,//,//,//,//,//,//,//,//,//,//,//,//,104,104,//,//,//,//,//,//,//,//,//,//,//,//,//,//,//,//,//,//,//,//,//,//,//,//,//,//,//,//,//,//,//,//,//,//,,
2024/M.Grant Thesis,WBNP,-,Fecal,WBNP187,-,12,//,//,//,//,//,//,//,//,//,//,//,//,//,//,//,//,//,//,//,//,//,//,//,//,//,//,//,//,//,//,//,//,143,143,//,//,//,//,//,//,//,//,//,//,//,//,//,//,//,//,81,81,//,//,//,//,142,142,//,//,//,//,//,//,//,//,91,91,//,//,//,//,//,//,//,//,//,//,//,//,//,//,//,//,167,167,//,//,130,130,//,//,//,//,//,//,//,//,//,//,//,//,//,//,//,//,//,//,//,//,//,//,//,//,//,//,210,210,//,//,//,//,//,//,//,//,//,//,,
2024/M.Grant Thesis,WBNP,-,Fecal,WBNP190,-,46,89,89,134,136,//,//,//,//,103,103,104,104,143,145,93,97,//,//,191,191,//,//,87,87,//,//,108,113,//,//,//,//,//,//,//,//,88,90,138,142,//,//,//,//,//,//,//,//,//,//,83,83,132,132,//,//,148,148,//,//,//,//,127,129,//,//,91,91,//,//,//,//,112,112,//,//,83,85,//,//,85,85,//,//,//,//,//,//,116,130,//,//,102,104,95,103,//,//,205,205,166,166,//,//,//,//,//,//,//,//,//,//,122,122,//,//,//,//,//,//,//,//,//,//,//,//,//,//,,
2024/M.Grant Thesis,WBNP,-,Fecal,WBNP191,-,15,//,//,136,136,185,187,247,271,//,//,//,//,//,//,//,//,//,//,//,//,//,//,//,//,//,//,115,115,//,//,//,//,143,143,//,//,90,90,//,//,//,//,//,//,//,//,//,//,//,//,//,//,//,//,//,//,//,//,//,//,//,//,//,//,//,//,//,//,150,150,//,//,//,//,//,//,89,89,//,//,//,//,//,//,//,//,//,//,//,//,//,//,//,//,//,//,//,//,//,//,//,//,//,//,//,//,//,//,//,//,//,//,//,//,//,//,//,//,//,//,//,//,//,//,//,//,//,//,,
2024/M.Grant Thesis,WBNP,-,Fecal,WBNP194,-,13,//,//,138,140,//,//,//,//,//,//,//,//,141,141,//,//,//,//,189,189,//,//,//,//,//,//,//,//,//,//,//,//,//,//,//,//,//,//,//,//,//,//,//,//,//,//,//,//,//,//,//,//,//,//,//,//,//,//,//,//,//,//,//,//,//,//,//,//,//,//,//,//,//,//,//,//,//,//,//,//,85,95,//,//,//,//,228,228,130,130,//,//,98,98,//,//,//,//,//,//,//,//,//,//,//,//,//,//,//,//,//,//,//,//,//,//,//,//,//,//,//,//,//,//,//,//,//,//,,
2024/M.Grant Thesis,WBNP,-,Fecal,WBNP195,-,40,//,//,//,//,//,//,//,//,//,//,//,//,//,//,//,//,//,//,//,//,//,//,//,//,164,164,//,//,//,//,229,231,143,143,//,//,//,//,//,//,//,//,//,//,//,//,//,//,//,//,83,83,132,132,//,//,142,142,262,262,//,//,123,129,//,//,92,92,146,146,180,180,112,112,170,170,85,85,//,//,89,89,//,//,//,//,228,228,130,130,X,X,96,96,//,//,//,//,205,205,166,166,//,//,//,//,//,//,//,//,//,//,//,//,//,//,//,//,//,//,//,//,//,//,//,//,//,//,,
2024/M.Grant Thesis,WBNP,-,Fecal,WBNP198,-,12,//,//,//,//,//,//,//,//,//,//,//,//,//,//,//,//,//,//,//,//,//,//,//,//,//,//,115,115,//,//,//,//,//,//,//,//,//,//,//,//,//,//,//,//,167,167,//,//,//,//,83,83,//,//,//,//,//,//,//,//,//,//,//,//,//,//,//,//,//,//,//,//,//,//,//,//,//,//,//,//,89,89,//,//,//,//,//,//,//,//,//,//,98,98,//,//,//,//,211,211,//,//,//,//,//,//,//,//,//,//,//,//,//,//,//,//,//,//,//,//,//,//,//,//,//,//,//,//,,
2024/M.Grant Thesis,WBNP,-,Fecal,WBNP200,-,8,//,//,//,//,//,//,//,//,//,//,//,//,//,//,//,//,//,//,//,//,//,//,//,//,//,//,//,//,//,//,//,//,//,//,//,//,//,//,//,//,//,//,//,//,//,//,//,//,//,//,83,83,//,//,//,//,142,142,//,//,//,//,123,123,//,//,92,92,//,//,//,//,//,//,//,//,//,//,//,//,//,//,//,//,//,//,//,//,130,130,//,//,//,//,//,//,//,//,//,//,//,//,//,//,//,//,//,//,//,//,//,//,//,//,//,//,//,//,//,//,//,//,//,//,//,//,//,//,,
2024/M.Grant Thesis,WBNP,-,Fecal,WBNP202,-,23,89,89,//,//,//,//,//,//,103,104,106,108,//,//,//,//,129,129,//,//,//,//,//,//,//,//,108,108,//,//,//,//,//,//,//,//,88,90,//,//,//,//,//,//,//,//,//,//,154,154,77,81,//,//,//,//,//,//,//,//,//,//,125,125,//,//,92,92,//,//,//,//,//,//,//,//,85,89,//,//,85,91,//,//,//,//,//,//,125,130,//,//,96,104,93,101,//,//,//,//,//,//,//,//,//,//,//,//,//,//,//,//,//,//,//,//,//,//,//,//,//,//,//,//,//,//,//,//,,
2024/M.Grant Thesis,WBNP,-,Fecal,WBNP203,-,0,//,//,//,//,//,//,//,//,//,//,//,//,//,//,//,//,//,//,//,//,//,//,//,//,//,//,//,//,//,//,//,//,//,//,//,//,//,//,//,//,//,//,//,//,//,//,//,//,//,//,//,//,//,//,//,//,//,//,//,//,//,//,//,//,//,//,//,//,//,//,//,//,//,//,//,//,//,//,//,//,//,//,//,//,//,//,//,//,//,//,//,//,//,//,//,//,//,//,//,//,//,//,//,//,//,//,//,//,//,//,//,//,//,//,//,//,//,//,//,//,//,//,//,//,//,//,//,//,,
2024/M.Grant Thesis,WBNP,-,Fecal,WBNP204,-,6,//,//,//,//,//,//,//,//,//,//,108,112,//,//,//,//,//,//,//,//,//,//,//,//,//,//,//,//,//,//,//,//,//,//,//,//,//,//,//,//,//,//,//,//,//,//,//,//,//,//,83,83,//,//,//,//,//,//,//,//,//,//,129,129,//,//,//,//,//,//,//,//,//,//,//,//,//,//,//,//,85,91,//,//,//,//,//,//,//,//,//,//,//,//,//,//,//,//,//,//,//,//,//,//,//,//,//,//,//,//,//,//,//,//,//,//,//,//,//,//,//,//,//,//,//,//,//,//,,
2024/M.Grant Thesis,WBNP,-,Fecal,WBNP205,-,2,//,//,//,//,//,//,//,//,//,//,//,//,//,//,//,//,//,//,//,//,//,//,//,//,//,//,//,//,//,//,//,//,//,//,//,//,//,//,//,//,//,//,//,//,//,//,//,//,//,//,//,//,//,//,//,//,//,//,//,//,//,//,//,//,//,//,//,//,//,//,//,//,//,//,//,//,//,//,//,//,//,//,//,//,153,153,//,//,//,//,//,//,//,//,//,//,//,//,//,//,//,//,//,//,//,//,//,//,//,//,//,//,//,//,//,//,//,//,//,//,//,//,//,//,//,//,//,//,,
2024/M.Grant Thesis,WBNP,-,Fecal,WBNP208,-,36,//,//,//,//,//,//,//,//,//,//,//,//,//,//,//,//,//,//,//,//,//,//,87,91,//,//,113,113,//,//,227,227,143,143,158,158,90,90,//,//,188,194,//,//,//,//,//,//,//,//,83,83,132,132,165,165,142,142,256,260,146,146,123,123,//,//,92,92,146,146,180,196,//,//,//,//,89,89,//,//,89,91,//,//,//,//,228,232,//,//,X,X,92,98,//,//,//,//,//,//,142,142,//,//,//,//,//,//,//,//,//,//,//,//,//,//,//,//,//,//,//,//,//,//,//,//,//,//,,
2024/M.Grant Thesis,WBNP,-,Fecal,WBNP209,-,30,//,//,//,//,//,//,//,//,//,//,//,//,//,//,//,//,//,//,//,//,//,//,//,//,162,162,113,115,//,//,//,//,143,143,158,158,90,90,//,//,//,//,//,//,167,167,//,//,//,//,//,//,//,//,//,//,//,//,//,//,//,//,//,//,//,//,92,92,150,150,180,180,112,112,172,178,83,85,161,161,89,91,//,//,161,167,228,228,//,//,//,//,104,104,//,//,//,//,205,205,142,142,//,//,//,//,//,//,//,//,//,//,//,//,//,//,//,//,//,//,//,//,//,//,//,//,//,//,,
2024/M.Grant Thesis,WBNP,-,Fecal,WBNP-971-Fe,-,44,89,89,//,//,//,//,253,253,103,104,//,//,//,//,//,//,//,//,//,//,//,//,87,89,147,154,108,113,//,//,229,229,//,//,156,158,90,90,140,140,//,//,//,//,175,175,//,//,154,154,83,85,124,124,183,183,142,142,262,262,140,140,129,129,//,//,95,95,//,//,//,//,//,//,170,172,//,//,//,//,//,//,//,//,167,167,238,238,130,130,//,//,96,96,//,//,181,181,//,//,//,//,//,//,//,//,//,//,//,//,//,//,122,126,//,//,206,206,//,//,//,//,//,//,//,//,//,//,,
2024/M.Grant Thesis,WBNP,-,Fecal,WBNP-972-Fe,-,58,91,91,134,138,187,187,247,253,103,104,108,108,141,141,//,//,129,143,189,195,//,//,87,87,158,161,113,115,//,//,225,227,143,143,156,158,90,90,142,150,190,192,252,252,177,177,//,//,//,//,81,83,132,132,175,175,142,150,//,//,150,150,129,129,155,159,91,91,150,152,//,//,106,110,172,172,83,85,//,//,87,89,//,//,167,167,//,//,130,130,//,//,//,//,101,101,//,//,//,//,142,142,//,//,//,//,//,//,//,//,//,//,//,//,//,//,//,//,//,//,//,//,//,//,//,//,//,//,,
2024/M.Grant Thesis,WBNP,-,Fecal,WBNP-981-Fe,-,44,89,89,//,//,179,187,253,253,//,//,//,//,//,//,//,//,//,//,//,//,//,//,87,87,158,162,108,108,//,//,//,//,143,143,156,158,90,90,127,140,//,//,//,//,173,177,//,//,//,//,81,81,//,//,165,181,142,148,//,//,150,150,125,125,//,//,94,95,//,//,180,192,108,112,170,170,81,85,161,173,85,87,//,//,167,167,//,//,//,//,//,//,96,104,101,103,//,//,207,215,142,142,//,//,//,//,//,//,//,//,//,//,//,//,//,//,//,//,//,//,//,//,//,//,//,//,//,//,,
2024/M.Grant Thesis,WBNP,-,Fecal,WPNB965,-,0,//,//,//,//,//,//,//,//,//,//,//,//,//,//,//,//,//,//,//,//,//,//,//,//,//,//,//,//,//,//,//,//,//,//,//,//,//,//,//,//,//,//,//,//,//,//,//,//,//,//,//,//,//,//,//,//,//,//,//,//,//,//,//,//,//,//,//,//,//,//,//,//,//,//,//,//,//,//,//,//,//,//,//,//,//,//,//,//,//,//,//,//,//,//,//,//,//,//,//,//,//,//,//,//,//,//,//,//,//,//,//,//,//,//,//,//,//,//,//,//,//,//,//,//,//,//,//,//,,
2024/M.Grant Thesis,WBNP,-,Fecal,WPNB966,-,58,89,91,//,//,181,187,//,//,103,103,104,104,145,145,//,//,129,129,//,//,//,//,87,87,162,162,108,115,//,//,229,229,143,147,158,158,102,104,140,150,194,194,252,252,173,175,152,152,154,154,81,83,//,//,//,//,142,142,//,//,140,150,129,129,//,//,91,95,150,150,184,192,106,108,168,172,89,89,165,173,89,91,//,//,167,167,//,//,//,//,Y,Y,104,104,101,103,//,//,205,207,142,142,//,//,//,//,//,//,//,//,//,//,//,//,//,//,//,//,//,//,//,//,//,//,//,//,//,//,,
2024/M.Grant Thesis,WBNP,-,Fecal,WPNB970,-,47,//,//,//,//,//,//,//,//,//,//,//,//,//,//,95,97,//,//,//,//,232,232,//,//,//,//,115,115,//,//,229,229,//,//,//,//,90,90,148,148,194,194,252,252,//,//,//,//,//,//,81,81,132,132,165,165,138,138,260,262,146,146,129,129,155,155,91,91,154,154,192,192,108,112,//,//,89,89,161,173,//,//,//,//,//,//,//,//,112,130,//,//,//,//,93,93,//,//,//,//,158,166,//,//,//,//,//,//,//,//,269,269,126,126,160,160,210,210,//,//,283,283,//,//,//,//,//,//,,
M.Grant Thesis,WBNP,-,Fecal,WBNP001,,19,,,//,//,//,//,//,//,,,,,,,,,,,,,238,238,,,//,//,,,,,,,,,,,,,,,,,,,,,,,,,//,//,,,,,142,142,,,,,,,,,,,,,,,106,106,,,//,//,//,//,//,//,,,,,//,//,,,//,//,,,,,//,//,,,,,,,181,181,//,//,//,//,//,//,//,//,//,//,//,//,//,//,283,283,//,//,//,//,//,//,,
M.Grant Thesis,WBNP,-,Fecal,WBNP002,,15,,,//,//,//,//,//,//,,,,,,,,,,,,,//,//,,,//,//,,,,,,,,,,,,,,,,,,,,,,,,,//,//,,,,,148,150,,,,,,,,,,,,,,,//,//,,,//,//,//,//,89,89,,,,,//,//,,,//,//,,,,,//,//,,,,,,,//,//,196,196,//,//,//,//,//,//,//,//,//,//,220,220,//,//,//,//,//,//,//,//,,
M.Grant Thesis,WBNP,-,Fecal,WBNP003,,4,,,//,//,//,//,//,//,,,,,,,,,,,,,//,//,,,//,//,,,,,,,,,,,,,,,,,,,,,,,,,//,//,,,,,//,//,,,,,,,,,,,,,,,//,//,,,//,//,//,//,89,89,,,,,//,//,,,//,//,,,,,//,//,,,,,,,//,//,//,//,//,//,//,//,//,//,//,//,//,//,//,//,//,//,//,//,//,//,//,//,,
M.Grant Thesis,WBNP,-,Fecal,WBNP005,,0,,,//,//,//,//,//,//,,,,,,,,,,,,,//,//,,,//,//,,,,,,,,,,,,,,,,,,,,,,,,,//,//,,,,,//,//,,,,,,,,,,,,,,,//,//,,,//,//,//,//,//,//,,,,,//,//,,,//,//,,,,,//,//,,,,,,,//,//,//,//,//,//,//,//,//,//,//,//,//,//,//,//,//,//,//,//,//,//,//,//,,
M.Grant Thesis,WBNP,-,Fecal,WBNP006,,42,,,134,138,179,187,//,//,,,,,,,,,,,,,//,//,,,//,//,,,,,,,,,,,,,,,,,,,,,,,,,81,83,,,,,142,142,,,,,,,,,,,,,,,112,112,,,89,89,//,//,85,89,,,,,//,//,,,//,//,,,,,//,//,,,,,,,//,//,196,196,//,//,//,//,122,122,//,//,206,210,220,220,//,//,//,//,//,//,//,//,,
M.Grant Thesis,WBNP,-,Fecal,WBNP007,,38,,,134,134,179,179,//,//,,,,,,,,,,,,,238,238,,,//,//,,,,,,,,,,,,,,,,,,,,,,,,,//,//,,,,,148,148,,,,,,,,,,,,,,,//,//,,,89,89,//,//,89,91,,,,,//,//,,,//,//,,,,,//,//,,,,,,,177,181,//,//,//,//,//,//,122,122,//,//,210,210,220,220,//,//,//,//,//,//,//,//,,
M.Grant Thesis,WBNP,-,Fecal,WBNP011,,23,,,//,//,179,179,//,//,,,,,,,,,,,,,//,//,,,//,//,,,,,,,,,,,,,,,,,,,,,,,,,77,81,,,,,//,//,,,,,,,,,,,,,,,//,//,,,89,89,//,//,81,87,,,,,//,//,,,//,//,,,,,//,//,,,,,,,//,//,//,//,//,//,//,//,126,126,//,//,//,//,220,220,//,//,//,//,//,//,//,//,,
M.Grant Thesis,WBNP,-,Fecal,WBNP025,,19,,,//,//,//,//,//,//,,,,,,,,,,,,,//,//,,,//,//,,,,,,,,,,,,,,,,,,,,,,,,,//,//,,,,,//,//,,,,,,,,,,,,,,,//,//,,,//,//,//,//,//,//,,,,,//,//,,,//,//,,,,,//,//,,,,,,,181,181,196,196,//,//,265,265,122,122,//,//,206,206,//,//,//,//,//,//,//,//,//,//,,
M.Grant Thesis,WBNP,-,Fecal,WBNP026,,27,,,//,//,179,179,//,//,,,,,,,,,,,,,238,238,,,160,160,,,,,,,,,,,,,,,,,,,,,,,,,//,//,,,,,138,142,,,,,,,,,,,,,,,//,//,,,//,//,//,//,85,89,,,,,//,//,,,//,//,,,,,//,//,,,,,,,181,181,//,//,//,//,//,//,122,126,//,//,//,//,//,//,//,//,//,//,//,//,//,//,,
M.Grant Thesis,WBNP,-,Fecal,WBNP032,,23,,,//,//,181,187,//,//,,,,,,,,,,,,,//,//,,,//,//,,,,,,,,,,,,,,,,,,,,,,,,,//,//,,,,,148,148,,,,,,,,,,,,,,,//,//,,,//,//,//,//,85,91,,,,,//,//,,,//,//,,,,,//,//,,,,,,,//,//,200,200,//,//,//,//,//,//,//,//,210,210,//,//,283,283,//,//,//,//,//,//,,
M.Grant Thesis,WBNP,-,Fecal,WBNP033,,38,,,//,//,179,181,//,//,,,,,,,,,,,,,//,//,,,//,//,,,,,,,,,,,,,,,,,,,,,,,,,//,//,,,,,142,142,,,,,,,,,,,,,,,108,112,,,89,89,//,//,89,91,,,,,//,//,,,X,X,,,,,//,//,,,,,,,//,//,200,200,//,//,//,//,122,122,//,//,210,210,//,//,283,283,//,//,229,234,//,//,,
M.Grant Thesis,WBNP,-,Fecal,WBNP034,,42,,,//,//,179,179,//,//,,,,,,,,,,,,,232,238,,,//,//,,,,,,,,,,,,,,,,,,,,,,,,,//,//,,,,,138,142,,,,,,,,,,,,,,,112,112,,,89,89,//,//,87,91,,,,,//,//,,,X,X,,,,,//,//,,,,,,,177,177,196,196,//,//,//,//,122,126,//,//,206,206,212,212,//,//,//,//,//,//,//,//,,
M.Grant Thesis,WBNP,-,Fecal,WBNP037,,4,,,//,//,//,//,//,//,,,,,,,,,,,,,//,//,,,//,//,,,,,,,,,,,,,,,,,,,,,,,,,//,//,,,,,//,//,,,,,,,,,,,,,,,//,//,,,//,//,//,//,//,//,,,,,//,//,,,//,//,,,,,//,//,,,,,,,//,//,200,200,//,//,//,//,//,//,//,//,//,//,//,//,//,//,//,//,//,//,//,//,,
M.Grant Thesis,WBNP,-,Fecal,WBNP039,,0,,,//,//,//,//,//,//,,,,,,,,,,,,,//,//,,,//,//,,,,,,,,,,,,,,,,,,,,,,,,,//,//,,,,,//,//,,,,,,,,,,,,,,,//,//,,,//,//,//,//,//,//,,,,,//,//,,,//,//,,,,,//,//,,,,,,,//,//,//,//,//,//,//,//,//,//,//,//,//,//,//,//,//,//,//,//,//,//,//,//,,
M.Grant Thesis,WBNP,-,Fecal,WBNP040,,35,,,//,//,//,//,//,//,,,,,,,,,,,,,//,//,,,//,//,,,,,,,,,,,,,,,,,,,,,,,,,//,//,,,,,142,142,,,,,,,,,,,,,,,//,//,,,//,//,//,//,85,91,,,,,//,//,,,//,//,,,,,//,//,,,,,,,181,181,196,196,//,//,//,//,122,122,//,//,210,210,220,220,283,283,//,//,234,234,//,//,,
M.Grant Thesis,WBNP,-,Fecal,WBNP041,,23,,,//,//,187,187,//,//,,,,,,,,,,,,,//,//,,,//,//,,,,,,,,,,,,,,,,,,,,,,,,,//,//,,,,,138,142,,,,,,,,,,,,,,,108,108,,,//,//,//,//,//,//,,,,,//,//,,,//,//,,,,,181,181,,,,,,,177,177,//,//,//,//,//,//,122,126,//,//,//,//,//,//,//,//,//,//,//,//,//,//,,
M.Grant Thesis,WBNP,-,Fecal,WBNP044,,42,,,//,//,179,187,//,//,,,,,,,,,,,,,//,//,,,//,//,,,,,,,,,,,,,,,,,,,,,,,,,83,83,,,,,142,142,,,,,,,,,,,,,,,110,112,,,81,89,//,//,81,89,,,,,//,//,,,//,//,,,,,//,//,,,,,,,173,177,196,200,//,//,//,//,122,126,156,156,//,//,//,//,283,283,//,//,//,//,//,//,,
M.Grant Thesis,WBNP,-,Fecal,WBNP045,,31,,,//,//,//,//,//,//,,,,,,,,,,,,,//,//,,,//,//,,,,,,,,,,,,,,,,,,,,,,,,,81,81,,,,,142,148,,,,,,,,,,,,,,,108,112,,,83,91,165,165,89,91,,,,,//,//,,,//,//,,,,,//,//,,,,,,,//,//,//,//,//,//,//,//,126,126,156,156,//,//,//,//,//,//,//,//,//,//,//,//,,
M.Grant Thesis,WBNP,-,Fecal,WBNP052,,8,,,//,//,//,//,//,//,,,,,,,,,,,,,238,238,,,//,//,,,,,,,,,,,,,,,,,,,,,,,,,//,//,,,,,//,//,,,,,,,,,,,,,,,//,//,,,//,//,//,//,//,//,,,,,//,//,,,//,//,,,,,//,//,,,,,,,//,//,//,//,//,//,265,265,//,//,//,//,//,//,//,//,//,//,//,//,//,//,//,//,,
M.Grant Thesis,WBNP,-,Fecal,WBNP053,,31,,,//,//,//,//,//,//,,,,,,,,,,,,,//,//,,,//,//,,,,,,,,,,,,,,,,,,,,,,,,,//,//,,,,,142,142,,,,,,,,,,,,,,,112,112,,,//,//,//,//,85,89,,,,,//,//,,,//,//,,,,,//,//,,,,,,,181,181,196,196,//,//,//,//,122,122,//,//,//,//,220,220,291,291,//,//,//,//,//,//,,
M.Grant Thesis,WBNP,-,Fecal,WBNP054,,15,,,//,//,//,//,//,//,,,,,,,,,,,,,//,//,,,//,//,,,,,,,,,,,,,,,,,,,,,,,,,//,//,,,,,//,//,,,,,,,,,,,,,,,//,//,,,89,89,//,//,//,//,,,,,//,//,,,//,//,,,,,//,//,,,,,,,//,//,200,200,//,//,//,//,//,//,//,//,206,206,212,212,//,//,//,//,//,//,//,//,,
M.Grant Thesis,WBNP,-,Fecal,WBNP055,,0,,,//,//,//,//,//,//,,,,,,,,,,,,,//,//,,,//,//,,,,,,,,,,,,,,,,,,,,,,,,,//,//,,,,,//,//,,,,,,,,,,,,,,,//,//,,,//,//,//,//,//,//,,,,,//,//,,,//,//,,,,,//,//,,,,,,,//,//,//,//,//,//,//,//,//,//,//,//,//,//,//,//,//,//,//,//,//,//,//,//,,
M.Grant Thesis,WBNP,-,Fecal,WBNP056,,35,,,//,//,187,187,//,//,,,,,,,,,,,,,//,//,,,//,//,,,,,,,,,,,,,,,,,,,,,,,,,//,//,,,,,142,142,,,,,,,,,,,,,,,//,//,,,89,89,//,//,85,85,,,,,//,//,,,//,//,,,,,//,//,,,,,,,//,//,196,196,//,//,269,269,122,122,//,//,206,210,212,220,//,//,//,//,//,//,//,//,,
M.Grant Thesis,WBNP,-,Fecal,WBNP059,,54,,,136,138,179,179,//,//,,,,,,,,,,,,,238,238,,,//,//,,,,,,,,,,,,,,,,,,,,,,,,,//,//,,,,,148,150,,,,,,,,,,,,,,,106,106,,,89,89,//,//,85,89,,,,,//,//,,,//,//,,,,,181,181,,,,,,,181,181,200,200,//,//,265,265,126,126,//,//,//,//,220,220,283,283,//,//,//,//,//,//,,
M.Grant Thesis,WBNP,-,Fecal,WBNP062,,58,,,//,//,181,187,//,//,,,,,,,,,,,,,//,//,,,//,//,,,,,,,,,,,,,,,,,,,,,,,,,81,83,,,,,142,142,,,,,,,,,,,,,,,106,106,,,89,89,//,//,85,89,,,,,//,//,,,Y,X,,,,,181,181,,,,,,,181,189,196,196,//,//,265,269,122,126,160,160,198,210,220,220,283,283,//,//,//,//,//,//,,
M.Grant Thesis,WBNP,-,Fecal,WBNP065,,8,,,//,//,//,//,//,//,,,,,,,,,,,,,//,//,,,//,//,,,,,,,,,,,,,,,,,,,,,,,,,//,//,,,,,//,//,,,,,,,,,,,,,,,//,//,,,//,//,//,//,//,//,,,,,//,//,,,//,//,,,,,//,//,,,,,,,//,//,196,196,//,//,//,//,122,122,//,//,//,//,//,//,//,//,//,//,//,//,//,//,,
M.Grant Thesis,WBNP,-,Fecal,WBNP074,,65,,,136,136,179,187,//,//,,,,,,,,,,,,,232,238,,,//,//,,,,,,,,,,,,,,,,,,,,,,,,,//,//,,,,,142,150,,,,,,,,,,,,,,,108,112,,,89,89,//,//,89,91,,,,,//,//,,,//,//,,,,,181,181,,,,,,,181,181,200,200,206,206,269,269,122,126,160,160,198,210,212,220,283,291,//,//,//,//,//,//,,
M.Grant Thesis,WBNP,-,Fecal,WBNP078,,62,,,//,//,187,191,253,253,,,,,,,,,,,,,232,238,,,//,//,,,,,,,,,,,,,,,,,,,,,,,,,//,//,,,,,142,150,,,,,,,,,,,,,,,108,112,,,//,//,//,//,89,89,,,,,//,//,,,//,//,,,,,181,191,,,,,,,181,181,196,196,//,//,269,269,126,126,156,156,198,202,212,220,283,283,187,187,//,//,//,//,,
M.Grant Thesis,WBNP,-,Fecal,WBNP081,,12,,,//,//,//,//,//,//,,,,,,,,,,,,,//,//,,,//,//,,,,,,,,,,,,,,,,,,,,,,,,,//,//,,,,,//,//,,,,,,,,,,,,,,,//,//,,,89,89,//,//,85,89,,,,,//,//,,,//,//,,,,,//,//,,,,,,,//,//,//,//,//,//,//,//,//,//,160,160,//,//,//,//,//,//,//,//,//,//,//,//,,
M.Grant Thesis,WBNP,-,Fecal,WBNP082,,4,,,//,//,//,//,//,//,,,,,,,,,,,,,//,//,,,//,//,,,,,,,,,,,,,,,,,,,,,,,,,//,//,,,,,//,//,,,,,,,,,,,,,,,//,//,,,//,//,//,//,//,//,,,,,//,//,,,//,//,,,,,//,//,,,,,,,//,//,//,//,//,//,//,//,//,//,160,160,//,//,//,//,//,//,//,//,//,//,//,//,,
M.Grant Thesis,WBNP,-,Fecal,WBNP083,,0,,,//,//,//,//,//,//,,,,,,,,,,,,,//,//,,,//,//,,,,,,,,,,,,,,,,,,,,,,,,,//,//,,,,,//,//,,,,,,,,,,,,,,,//,//,,,//,//,//,//,//,//,,,,,//,//,,,//,//,,,,,//,//,,,,,,,//,//,//,//,//,//,//,//,//,//,//,//,//,//,//,//,//,//,//,//,//,//,//,//,,
M.Grant Thesis,WBNP,-,Fecal,WBNP086,,54,,,//,//,185,187,//,//,,,,,,,,,,,,,//,//,,,162,162,,,,,,,,,,,,,,,,,,,,,,,,,77,83,,,,,138,142,,,,,,,,,,,,,,,110,112,,,89,95,161,161,//,//,,,,,//,//,,,X,X,,,,,181,181,,,,,,,//,//,196,196,//,//,269,269,122,122,//,//,202,206,//,//,283,283,//,//,//,//,214,214,,
M.Grant Thesis,WBNP,-,Fecal,WBNP088,,23,,,//,//,//,//,//,//,,,,,,,,,,,,,//,//,,,//,//,,,,,,,,,,,,,,,,,,,,,,,,,//,//,,,,,142,142,,,,,,,,,,,,,,,//,//,,,//,//,//,//,89,89,,,,,//,//,,,X,X,,,,,//,//,,,,,,,//,//,//,//,//,//,//,//,//,//,160,160,210,210,212,220,283,283,//,//,//,//,//,//,,
M.Grant Thesis,WBNP,-,Fecal,WBNP089,,42,,,//,//,//,//,253,253,,,,,,,,,,,,,//,//,,,//,//,,,,,,,,,,,,,,,,,,,,,,,,,//,//,,,,,142,142,,,,,,,,,,,,,,,106,112,,,89,89,//,//,85,89,,,,,//,//,,,X,X,,,,,//,//,,,,,,,//,//,196,196,//,//,//,//,126,126,156,160,206,206,212,220,283,283,//,//,//,//,//,//,,
M.Grant Thesis,WBNP,-,Fecal,WBNP091,,0,,,//,//,//,//,//,//,,,,,,,,,,,,,//,//,,,//,//,,,,,,,,,,,,,,,,,,,,,,,,,//,//,,,,,//,//,,,,,,,,,,,,,,,//,//,,,//,//,//,//,//,//,,,,,//,//,,,//,//,,,,,//,//,,,,,,,//,//,//,//,//,//,//,//,//,//,//,//,//,//,//,//,//,//,//,//,//,//,//,//,,
M.Grant Thesis,WBNP,-,Fecal,WBNP092,,46,,,//,//,175,175,//,//,,,,,,,,,,,,,238,242,,,//,//,,,,,,,,,,,,,,,,,,,,,,,,,81,81,,,,,142,142,,,,,,,,,,,,,,,90,106,,,85,89,165,165,81,89,,,,,//,//,,,Y,X,,,,,//,//,,,,,,,//,//,196,200,//,//,//,//,122,126,156,156,210,210,//,//,//,//,//,//,//,//,//,//,,
M.Grant Thesis,WBNP,-,Fecal,WBNP094,,4,,,//,//,//,//,//,//,,,,,,,,,,,,,240,240,,,//,//,,,,,,,,,,,,,,,,,,,,,,,,,//,//,,,,,//,//,,,,,,,,,,,,,,,//,//,,,//,//,//,//,//,//,,,,,//,//,,,//,//,,,,,//,//,,,,,,,//,//,//,//,//,//,//,//,//,//,//,//,//,//,//,//,//,//,//,//,//,//,//,//,,
M.Grant Thesis,WBNP,-,Fecal,WBNP095,,27,,,//,//,//,//,//,//,,,,,,,,,,,,,//,//,,,//,//,,,,,,,,,,,,,,,,,,,,,,,,,//,//,,,,,//,//,,,,,,,,,,,,,,,//,//,,,//,//,//,//,//,//,,,,,//,//,,,Y,X,,,,,//,//,,,,,,,181,181,196,200,206,222,269,269,122,126,//,//,198,210,220,220,//,//,//,//,//,//,//,//,,
M.Grant Thesis,WBNP,-,Fecal,WBNP097,,65,,,//,//,175,181,241,241,,,,,,,,,,,,,238,240,,,//,//,,,,,,,,,,,,,,,,,,,,,,,,,81,83,,,,,142,142,,,,,,,,,,,,,,,90,108,,,85,89,161,161,81,89,,,,,//,//,,,X,X,,,,,181,191,,,,,,,177,181,//,//,206,206,//,//,122,126,156,156,210,210,220,220,283,291,//,//,//,//,//,//,,
M.Grant Thesis,WBNP,-,Fecal,WBNP099,,50,,,//,//,//,//,//,//,,,,,,,,,,,,,238,238,,,//,//,,,,,,,,,,,,,,,,,,,,,,,,,81,81,,,,,142,142,,,,,,,,,,,,,,,108,108,,,89,89,//,//,89,89,,,,,//,//,,,//,//,,,,,//,//,,,,,,,181,181,196,196,//,//,269,269,122,126,156,160,198,210,212,220,//,//,//,//,//,//,//,//,,
M.Grant Thesis,WBNP,-,Fecal,WBNP101,,19,,,//,//,//,//,//,//,,,,,,,,,,,,,//,//,,,//,//,,,,,,,,,,,,,,,,,,,,,,,,,81,83,,,,,//,//,,,,,,,,,,,,,,,106,106,,,83,85,//,//,85,89,,,,,//,//,,,//,//,,,,,//,//,,,,,,,//,//,//,//,//,//,//,//,//,//,//,//,206,206,//,//,//,//,//,//,//,//,//,//,,
M.Grant Thesis,WBNP,-,Fecal,WBNP1012,,15,,,//,//,//,//,//,//,,,,,,,,,,,,,//,//,,,162,162,,,,,,,,,,,,,,,,,,,,,,,,,//,//,,,,,//,//,,,,,,,,,,,,,,,112,112,,,//,//,165,165,//,//,,,,,//,//,,,//,//,,,,,//,//,,,,,,,//,//,//,//,//,//,//,//,//,//,//,//,199,199,//,//,//,//,//,//,//,//,//,//,,
M.Grant Thesis,WBNP,-,Fecal,WBNP1014,,15,,,//,//,//,//,260,260,,,,,,,,,,,,,//,//,,,//,//,,,,,,,,,,,,,,,,,,,,,,,,,//,//,,,,,//,//,,,,,,,,,,,,,,,//,//,,,//,//,//,//,81,81,,,,,//,//,,,//,//,,,,,//,//,,,,,,,//,//,//,//,//,//,//,//,//,//,//,//,209,209,//,//,//,//,//,//,//,//,208,208,,
M.Grant Thesis,WBNP,-,Fecal,WBNP1015,,23,,,//,//,177,177,//,//,,,,,,,,,,,,,//,//,,,//,//,,,,,,,,,,,,,,,,,,,,,,,,,//,//,,,,,142,142,,,,,,,,,,,,,,,//,//,,,//,//,//,//,//,//,,,,,//,//,,,//,//,,,,,181,187,,,,,,,//,//,//,//,//,//,//,//,//,//,//,//,209,209,//,//,283,283,183,183,//,//,//,//,,
M.Grant Thesis,WBNP,-,Fecal,WBNP1016,,35,,,//,//,//,//,//,//,,,,,,,,,,,,,236,252,,,162,162,,,,,,,,,,,,,,,,,,,,,,,,,81,81,,,,,//,//,,,,,,,,,,,,,,,106,106,,,83,83,//,//,//,//,,,,,//,//,,,//,//,,,,,187,187,,,,,,,//,//,//,//,//,//,//,//,//,//,//,//,209,209,//,//,//,//,185,185,//,//,210,210,,
M.Grant Thesis,WBNP,-,Fecal,WBNP1017,,8,,,//,//,//,//,//,//,,,,,,,,,,,,,//,//,,,//,//,,,,,,,,,,,,,,,,,,,,,,,,,83,83,,,,,//,//,,,,,,,,,,,,,,,//,//,,,//,//,//,//,//,//,,,,,//,//,,,//,//,,,,,//,//,,,,,,,//,//,//,//,//,//,//,//,//,//,//,//,202,202,//,//,//,//,//,//,//,//,//,//,,
M.Grant Thesis,WBNP,-,Fecal,WBNP1019,,31,,,//,//,191,191,//,//,,,,,,,,,,,,,//,//,,,162,162,,,,,,,,,,,,,,,,,,,,,,,,,//,//,,,,,142,142,,,,,,,,,,,,,,,//,//,,,//,//,//,//,//,//,,,,,//,//,,,X,X,,,,,187,187,,,,,,,181,181,//,//,//,//,//,//,122,122,//,//,209,210,220,220,//,//,//,//,//,//,//,//,,
M.Grant Thesis,WBNP,-,Fecal,WBNP102,,38,,,//,//,//,//,//,//,,,,,,,,,,,,,//,//,,,//,//,,,,,,,,,,,,,,,,,,,,,,,,,81,85,,,,,142,142,,,,,,,,,,,,,,,//,//,,,89,89,//,//,87,89,,,,,//,//,,,//,//,,,,,//,//,,,,,,,177,177,//,//,//,//,265,265,122,122,//,//,210,210,//,//,283,283,//,//,//,//,214,214,,
M.Grant Thesis,WBNP,-,Fecal,WBNP1020,,35,,,//,//,179,187,//,//,,,,,,,,,,,,,//,//,,,//,//,,,,,,,,,,,,,,,,,,,,,,,,,83,83,,,,,//,//,,,,,,,,,,,,,,,//,//,,,89,89,//,//,//,//,,,,,//,//,,,Y,X,,,,,187,187,,,,,,,181,181,200,200,//,//,269,269,122,122,//,//,206,210,//,//,//,//,//,//,//,//,//,//,,
M.Grant Thesis,WBNP,-,Fecal,WBNP1021,,58,,,//,//,179,187,253,253,,,,,,,,,,,,,238,238,,,160,162,,,,,,,,,,,,,,,,,,,,,,,,,77,77,,,,,142,142,,,,,,,,,,,,,,,112,112,,,89,89,//,//,87,89,,,,,//,//,,,//,//,,,,,181,181,,,,,,,//,//,200,200,214,214,//,//,126,126,//,//,206,209,//,//,//,//,//,//,229,229,//,//,,
M.Grant Thesis,WBNP,-,Fecal,WBNP103,,12,,,//,//,//,//,//,//,,,,,,,,,,,,,//,//,,,//,//,,,,,,,,,,,,,,,,,,,,,,,,,//,//,,,,,//,//,,,,,,,,,,,,,,,//,//,,,//,//,//,//,89,89,,,,,//,//,,,Y,X,,,,,//,//,,,,,,,//,//,196,196,//,//,//,//,//,//,//,//,//,//,212,212,//,//,//,//,//,//,//,//,,
M.Grant Thesis,WBNP,-,Fecal,WBNP104,,0,,,//,//,//,//,//,//,,,,,,,,,,,,,//,//,,,//,//,,,,,,,,,,,,,,,,,,,,,,,,,//,//,,,,,//,//,,,,,,,,,,,,,,,//,//,,,//,//,//,//,//,//,,,,,//,//,,,//,//,,,,,//,//,,,,,,,//,//,//,//,//,//,//,//,//,//,//,//,//,//,//,//,//,//,//,//,//,//,//,//,,
M.Grant Thesis,WBNP,-,Fecal,WBNP105,,4,,,//,//,//,//,//,//,,,,,,,,,,,,,//,//,,,//,//,,,,,,,,,,,,,,,,,,,,,,,,,//,//,,,,,//,//,,,,,,,,,,,,,,,//,//,,,//,//,//,//,91,91,,,,,//,//,,,//,//,,,,,//,//,,,,,,,//,//,//,//,//,//,//,//,//,//,//,//,//,//,//,//,//,//,//,//,//,//,//,//,,
M.Grant Thesis,WBNP,-,Fecal,WBNP106,,42,,,//,//,179,179,//,//,,,,,,,,,,,,,//,//,,,//,//,,,,,,,,,,,,,,,,,,,,,,,,,//,//,,,,,142,148,,,,,,,,,,,,,,,110,110,,,85,85,//,//,81,89,,,,,//,//,,,//,//,,,,,//,//,,,,,,,181,185,196,200,214,214,//,//,122,122,//,//,//,//,//,//,283,283,187,187,//,//,//,//,,
M.Grant Thesis,WBNP,-,Fecal,WBNP107,,62,,,//,//,187,187,//,//,,,,,,,,,,,,,232,232,,,//,//,,,,,,,,,,,,,,,,,,,,,,,,,83,85,,,,,142,148,,,,,,,,,,,,,,,//,//,,,89,89,//,//,89,89,,,,,236,236,,,Y,X,,,,,//,//,,,,,,,181,181,196,196,//,//,265,269,122,122,156,160,206,210,212,212,283,283,//,//,234,234,//,//,,
M.Grant Thesis,WBNP,-,Fecal,WBNP108,,0,,,//,//,//,//,//,//,,,,,,,,,,,,,//,//,,,//,//,,,,,,,,,,,,,,,,,,,,,,,,,//,//,,,,,//,//,,,,,,,,,,,,,,,//,//,,,//,//,//,//,//,//,,,,,//,//,,,//,//,,,,,//,//,,,,,,,//,//,//,//,//,//,//,//,//,//,//,//,//,//,//,//,//,//,//,//,//,//,//,//,,
M.Grant Thesis,WBNP,-,Fecal,WBNP109,,0,,,//,//,//,//,//,//,,,,,,,,,,,,,//,//,,,//,//,,,,,,,,,,,,,,,,,,,,,,,,,//,//,,,,,//,//,,,,,,,,,,,,,,,//,//,,,//,//,//,//,//,//,,,,,//,//,,,//,//,,,,,//,//,,,,,,,//,//,//,//,//,//,//,//,//,//,//,//,//,//,//,//,//,//,//,//,//,//,//,//,,
M.Grant Thesis,WBNP,-,Fecal,WBNP110,,58,,,//,//,181,181,//,//,,,,,,,,,,,,,//,//,,,//,//,,,,,,,,,,,,,,,,,,,,,,,,,81,83,,,,,142,150,,,,,,,,,,,,,,,112,112,,,81,95,//,//,85,91,,,,,//,//,,,Y,X,,,,,177,179,,,,,,,181,181,196,196,//,//,265,269,122,126,//,//,202,210,220,220,283,283,//,//,229,229,//,//,,
M.Grant Thesis,WBNP,-,Fecal,WBNP111,,31,,,//,//,//,//,//,//,,,,,,,,,,,,,//,//,,,//,//,,,,,,,,,,,,,,,,,,,,,,,,,81,83,,,,,142,148,,,,,,,,,,,,,,,110,110,,,85,85,//,//,81,89,,,,,//,//,,,//,//,,,,,//,//,,,,,,,//,//,200,200,206,206,//,//,122,126,//,//,//,//,//,//,//,//,//,//,//,//,//,//,,
M.Grant Thesis,WBNP,-,Fecal,WBNP112,,54,,,//,//,181,181,//,//,,,,,,,,,,,,,232,232,,,//,//,,,,,,,,,,,,,,,,,,,,,,,,,81,83,,,,,148,148,,,,,,,,,,,,,,,108,112,,,89,89,//,//,89,89,,,,,//,//,,,//,//,,,,,//,//,,,,,,,181,181,196,200,214,214,269,269,126,126,160,160,206,210,//,//,//,//,//,//,//,//,//,//,,
M.Grant Thesis,WBNP,-,Fecal,WBNP1137,,42,,,//,//,175,179,//,//,,,,,,,,,,,,,238,238,,,//,//,,,,,,,,,,,,,,,,,,,,,,,,,81,83,,,,,142,148,,,,,,,,,,,,,,,106,108,,,83,85,161,165,89,89,,,,,//,//,,,X,X,,,,,181,181,,,,,,,//,//,//,//,//,//,//,//,122,122,//,//,202,210,//,//,//,//,//,//,//,//,//,//,,
M.Grant Thesis,WBNP,-,Fecal,WBNP1139,,42,,,//,//,187,187,//,//,,,,,,,,,,,,,232,232,,,//,//,,,,,,,,,,,,,,,,,,,,,,,,,83,83,,,,,138,148,,,,,,,,,,,,,,,106,106,,,89,89,//,//,81,81,,,,,//,//,,,//,//,,,,,//,//,,,,,,,185,185,200,200,//,//,//,//,//,//,160,160,210,210,//,//,//,//,//,//,//,//,//,//,,
M.Grant Thesis,WBNP,-,Fecal,WBNP114,,8,,,//,//,//,//,//,//,,,,,,,,,,,,,//,//,,,//,//,,,,,,,,,,,,,,,,,,,,,,,,,//,//,,,,,//,//,,,,,,,,,,,,,,,//,//,,,81,81,//,//,//,//,,,,,//,//,,,//,//,,,,,//,//,,,,,,,//,//,//,//,//,//,//,//,126,126,//,//,//,//,//,//,//,//,//,//,//,//,//,//,,
M.Grant Thesis,WBNP,-,Fecal,WBNP115,,8,,,//,//,//,//,//,//,,,,,,,,,,,,,//,//,,,//,//,,,,,,,,,,,,,,,,,,,,,,,,,//,//,,,,,//,//,,,,,,,,,,,,,,,//,//,,,81,81,//,//,85,91,,,,,//,//,,,//,//,,,,,//,//,,,,,,,//,//,//,//,//,//,//,//,//,//,//,//,//,//,//,//,//,//,//,//,//,//,//,//,,
M.Grant Thesis,WBNP,-,Fecal,WBNP1150,,0,,,//,//,//,//,//,//,,,,,,,,,,,,,//,//,,,//,//,,,,,,,,,,,,,,,,,,,,,,,,,//,//,,,,,//,//,,,,,,,,,,,,,,,//,//,,,//,//,//,//,//,//,,,,,//,//,,,//,//,,,,,//,//,,,,,,,//,//,//,//,//,//,//,//,//,//,//,//,//,//,//,//,//,//,//,//,//,//,//,//,,
M.Grant Thesis,WBNP,-,Fecal,WBNP116,,8,,,//,//,//,//,//,//,,,,,,,,,,,,,//,//,,,//,//,,,,,,,,,,,,,,,,,,,,,,,,,//,//,,,,,//,//,,,,,,,,,,,,,,,//,//,,,//,//,//,//,85,85,,,,,//,//,,,//,//,,,,,//,//,,,,,,,//,//,//,//,//,//,//,//,122,126,//,//,//,//,//,//,//,//,//,//,//,//,//,//,,
M.Grant Thesis,WBNP,-,Fecal,WBNP118,,31,,,//,//,//,//,//,//,,,,,,,,,,,,,//,//,,,//,//,,,,,,,,,,,,,,,,,,,,,,,,,81,83,,,,,142,148,,,,,,,,,,,,,,,108,108,,,83,89,//,//,85,89,,,,,//,//,,,//,//,,,,,181,181,,,,,,,//,//,//,//,//,//,//,//,//,//,//,//,206,206,//,//,283,283,//,//,//,//,//,//,,
M.Grant Thesis,WBNP,-,Fecal,WBNP749,,27,,,//,//,175,179,//,//,,,,,,,,,,,,,//,//,,,//,//,,,,,,,,,,,,,,,,,,,,,,,,,81,83,,,,,142,142,,,,,,,,,,,,,,,106,112,,,85,89,//,//,89,91,,,,,//,//,,,Y,X,,,,,//,//,,,,,,,//,//,//,//,//,//,//,//,122,126,//,//,//,//,//,//,//,//,//,//,//,//,//,//,,
M.Grant Thesis,WBNP,-,Fecal,WBNP750,,0,,,//,//,//,//,//,//,,,,,,,,,,,,,//,//,,,//,//,,,,,,,,,,,,,,,,,,,,,,,,,//,//,,,,,//,//,,,,,,,,,,,,,,,//,//,,,//,//,//,//,//,//,,,,,//,//,,,//,//,,,,,//,//,,,,,,,//,//,//,//,//,//,//,//,//,//,//,//,//,//,//,//,//,//,//,//,//,//,//,//,,
M.Grant Thesis,WBNP,-,Fecal,WBNP751,,35,,,//,//,179,179,//,//,,,,,,,,,,,,,//,//,,,//,//,,,,,,,,,,,,,,,,,,,,,,,,,83,83,,,,,142,142,,,,,,,,,,,,,,,106,112,,,83,89,//,//,87,89,,,,,//,//,,,//,//,,,,,181,181,,,,,,,//,//,//,//,//,//,//,//,122,126,//,//,198,198,//,//,//,//,//,//,//,//,//,//,,
M.Grant Thesis,WBNP,-,Fecal,WBNP752,,15,,,//,//,//,//,//,//,,,,,,,,,,,,,//,//,,,//,//,,,,,,,,,,,,,,,,,,,,,,,,,83,83,,,,,//,//,,,,,,,,,,,,,,,//,//,,,89,89,//,//,//,//,,,,,//,//,,,X,X,,,,,//,//,,,,,,,//,//,//,//,//,//,//,//,//,//,//,//,210,210,//,//,//,//,//,//,//,//,214,214,,
M.Grant Thesis,WBNP,-,Fecal,WBNP753,,65,,,138,140,175,175,//,//,,,,,,,,,,,,,238,238,,,//,//,,,,,,,,,,,,,,,,,,,,,,,,,83,85,,,,,142,142,,,,,,,,,,,,,,,//,//,,,83,89,//,//,85,87,,,,,//,//,,,//,//,,,,,181,181,,,,,,,177,177,196,200,227,227,265,265,122,126,160,160,198,206,212,220,//,//,//,//,//,//,214,214,,
M.Grant Thesis,WBNP,-,Fecal,WBNP754,,54,,,//,//,179,187,//,//,,,,,,,,,,,,,238,238,,,//,//,,,,,,,,,,,,,,,,,,,,,,,,,81,83,,,,,142,142,,,,,,,,,,,,,,,108,112,,,89,89,//,//,81,89,,,,,//,//,,,//,//,,,,,//,//,,,,,,,181,181,200,200,//,//,//,//,126,126,156,156,198,198,//,//,283,283,//,//,//,//,214,214,,
M.Grant Thesis,WBNP,-,Fecal,WBNP755,,62,,,//,//,179,181,253,269,,,,,,,,,,,,,238,238,,,160,160,,,,,,,,,,,,,,,,,,,,,,,,,83,83,,,,,142,142,,,,,,,,,,,,,,,112,112,,,89,89,161,173,85,91,,,,,//,//,,,X,X,,,,,191,191,,,,,,,//,//,//,//,//,//,//,//,122,126,156,160,206,206,//,//,283,283,//,//,229,229,//,//,,
M.Grant Thesis,WBNP,-,Fecal,WBNP758,,46,,,//,//,177,187,//,//,,,,,,,,,,,,,//,//,,,//,//,,,,,,,,,,,,,,,,,,,,,,,,,83,83,,,,,138,138,,,,,,,,,,,,,,,//,//,,,89,89,//,//,89,91,,,,,//,//,,,//,//,,,,,//,//,,,,,,,189,189,200,200,227,227,//,//,126,126,//,//,206,210,//,//,283,283,//,//,//,//,214,214,,
M.Grant Thesis,WBNP,-,Fecal,WBNP759,,88,,,136,136,187,187,247,269,,,,,,,,,,,,,238,238,,,147,147,,,,,,,,,,,,,,,,,,,,,,,,,83,83,,,,,142,150,,,,,,,,,,,,,,,106,106,,,89,89,161,161,81,89,,,,,//,//,,,Y,X,,,,,181,191,,,,,,,177,177,196,200,206,206,265,269,122,126,156,160,210,210,,,283,291,183,187,229,229,210,210,,
M.Grant Thesis,WBNP,-,Fecal,WBNP763,,31,,,//,//,//,//,//,//,,,,,,,,,,,,,//,//,,,//,//,,,,,,,,,,,,,,,,,,,,,,,,,83,83,,,,,138,138,,,,,,,,,,,,,,,110,112,,,81,81,//,//,85,85,,,,,//,//,,,//,//,,,,,//,//,,,,,,,//,//,//,//,//,//,//,//,122,126,160,160,//,//,//,//,//,//,183,183,//,//,//,//,,
M.Grant Thesis,WBNP,-,Fecal,WBNP764,,27,,,//,//,//,//,//,//,,,,,,,,,,,,,//,//,,,//,//,,,,,,,,,,,,,,,,,,,,,,,,,81,83,,,,,142,142,,,,,,,,,,,,,,,108,110,,,85,89,//,//,//,//,,,,,//,//,,,Y,X,,,,,//,//,,,,,,,//,//,//,//,//,//,269,269,126,126,//,//,206,206,//,//,//,//,//,//,//,//,//,//,,
M.Grant Thesis,WBNP,-,Fecal,WBNP765,,8,,,//,//,//,//,//,//,,,,,,,,,,,,,//,//,,,//,//,,,,,,,,,,,,,,,,,,,,,,,,,83,83,,,,,//,//,,,,,,,,,,,,,,,//,//,,,//,//,//,//,87,87,,,,,//,//,,,//,//,,,,,//,//,,,,,,,//,//,//,//,//,//,//,//,//,//,//,//,//,//,//,//,//,//,//,//,//,//,//,//,,
M.Grant Thesis,WBNP,-,Fecal,WBNP766,,19,,,//,//,187,187,//,//,,,,,,,,,,,,,//,//,,,//,//,,,,,,,,,,,,,,,,,,,,,,,,,//,//,,,,,//,//,,,,,,,,,,,,,,,106,106,,,89,91,//,//,89,89,,,,,//,//,,,//,//,,,,,//,//,,,,,,,//,//,//,//,//,//,//,//,//,//,//,//,//,//,//,//,//,//,//,//,//,//,214,214,,
M.Grant Thesis,WBNP,-,Fecal,WBNP767,,35,,,//,//,181,181,//,//,,,,,,,,,,,,,//,//,,,162,162,,,,,,,,,,,,,,,,,,,,,,,,,81,83,,,,,138,138,,,,,,,,,,,,,,,//,//,,,85,91,161,161,89,89,,,,,//,//,,,//,//,,,,,//,//,,,,,,,//,//,//,//,//,//,//,//,//,//,160,160,//,//,//,//,287,287,//,//,//,//,//,//,,
M.Grant Thesis,WBNP,-,Fecal,WBNP768,,15,,,//,//,//,//,//,//,,,,,,,,,,,,,//,//,,,//,//,,,,,,,,,,,,,,,,,,,,,,,,,83,83,,,,,//,//,,,,,,,,,,,,,,,//,//,,,85,89,//,//,89,89,,,,,//,//,,,Y,X,,,,,//,//,,,,,,,//,//,//,//,//,//,//,//,122,126,//,//,//,//,//,//,//,//,//,//,//,//,//,//,,
M.Grant Thesis,WBNP,-,Fecal,WBNP769,,15,,,//,//,//,//,//,//,,,,,,,,,,,,,//,//,,,//,//,,,,,,,,,,,,,,,,,,,,,,,,,77,83,,,,,//,//,,,,,,,,,,,,,,,//,//,,,89,89,//,//,89,89,,,,,//,//,,,//,//,,,,,//,//,,,,,,,//,//,//,//,//,//,//,//,122,122,//,//,//,//,//,//,//,//,//,//,//,//,//,//,,
M.Grant Thesis,WBNP,-,Fecal,WBNP771,,8,,,//,//,189,189,//,//,,,,,,,,,,,,,//,//,,,//,//,,,,,,,,,,,,,,,,,,,,,,,,,//,//,,,,,//,//,,,,,,,,,,,,,,,//,//,,,//,//,//,//,//,//,,,,,//,//,,,//,//,,,,,//,//,,,,,,,//,//,//,//,//,//,//,//,122,122,//,//,//,//,//,//,//,//,//,//,//,//,//,//,,
M.Grant Thesis,WBNP,-,Fecal,WBNP772,,0,,,//,//,//,//,//,//,,,,,,,,,,,,,//,//,,,//,//,,,,,,,,,,,,,,,,,,,,,,,,,//,//,,,,,//,//,,,,,,,,,,,,,,,//,//,,,//,//,//,//,//,//,,,,,//,//,,,//,//,,,,,//,//,,,,,,,//,//,//,//,//,//,//,//,//,//,//,//,//,//,//,//,//,//,//,//,//,//,//,//,,
M.Grant Thesis,WBNP,-,Fecal,WBNP773,,0,,,//,//,//,//,//,//,,,,,,,,,,,,,//,//,,,//,//,,,,,,,,,,,,,,,,,,,,,,,,,//,//,,,,,//,//,,,,,,,,,,,,,,,//,//,,,//,//,//,//,//,//,,,,,//,//,,,//,//,,,,,//,//,,,,,,,//,//,//,//,//,//,//,//,//,//,//,//,//,//,//,//,//,//,//,//,//,//,//,//,,
M.Grant Thesis,WBNP,-,Fecal,WBNP774,,4,,,//,//,189,189,//,//,,,,,,,,,,,,,//,//,,,//,//,,,,,,,,,,,,,,,,,,,,,,,,,//,//,,,,,//,//,,,,,,,,,,,,,,,//,//,,,//,//,//,//,//,//,,,,,//,//,,,//,//,,,,,//,//,,,,,,,//,//,//,//,//,//,//,//,//,//,//,//,//,//,//,//,//,//,//,//,//,//,//,//,,
M.Grant Thesis,WBNP,-,Fecal,WBNP775,,0,,,//,//,//,//,//,//,,,,,,,,,,,,,//,//,,,//,//,,,,,,,,,,,,,,,,,,,,,,,,,//,//,,,,,//,//,,,,,,,,,,,,,,,//,//,,,//,//,//,//,//,//,,,,,//,//,,,//,//,,,,,//,//,,,,,,,//,//,//,//,//,//,//,//,//,//,//,//,//,//,//,//,//,//,//,//,//,//,//,//,,
M.Grant Thesis,WBNP,-,Fecal,WBNP776,,8,,,//,//,//,//,//,//,,,,,,,,,,,,,//,//,,,//,//,,,,,,,,,,,,,,,,,,,,,,,,,77,77,,,,,//,//,,,,,,,,,,,,,,,//,//,,,89,89,//,//,//,//,,,,,//,//,,,//,//,,,,,//,//,,,,,,,//,//,//,//,//,//,//,//,//,//,//,//,//,//,//,//,//,//,//,//,//,//,//,//,,
M.Grant Thesis,WBNP,-,Fecal,WBNP777,,8,,,//,//,189,189,//,//,,,,,,,,,,,,,//,//,,,//,//,,,,,,,,,,,,,,,,,,,,,,,,,//,//,,,,,//,//,,,,,,,,,,,,,,,//,//,,,//,//,//,//,//,//,,,,,//,//,,,//,//,,,,,//,//,,,,,,,//,//,//,//,//,//,//,//,122,122,//,//,//,//,//,//,//,//,//,//,//,//,//,//,,
M.Grant Thesis,WBNP,-,Fecal,WBNP778,,0,,,//,//,//,//,//,//,,,,,,,,,,,,,//,//,,,//,//,,,,,,,,,,,,,,,,,,,,,,,,,//,//,,,,,//,//,,,,,,,,,,,,,,,//,//,,,//,//,//,//,//,//,,,,,//,//,,,//,//,,,,,//,//,,,,,,,//,//,//,//,//,//,//,//,//,//,//,//,//,//,//,//,//,//,//,//,//,//,//,//,,
M.Grant Thesis,WBNP,-,Fecal,WBNP779,,0,,,//,//,//,//,//,//,,,,,,,,,,,,,//,//,,,//,//,,,,,,,,,,,,,,,,,,,,,,,,,//,//,,,,,//,//,,,,,,,,,,,,,,,//,//,,,//,//,//,//,//,//,,,,,//,//,,,//,//,,,,,//,//,,,,,,,//,//,//,//,//,//,//,//,//,//,//,//,//,//,//,//,//,//,//,//,//,//,//,//,,
M.Grant Thesis,WBNP,-,Fecal,WBNP780,,4,,,//,//,//,//,//,//,,,,,,,,,,,,,//,//,,,//,//,,,,,,,,,,,,,,,,,,,,,,,,,//,//,,,,,//,//,,,,,,,,,,,,,,,//,//,,,//,//,//,//,89,89,,,,,//,//,,,//,//,,,,,//,//,,,,,,,//,//,//,//,//,//,//,//,//,//,//,//,//,//,//,//,//,//,//,//,//,//,//,//,,
M.Grant Thesis,WBNP,-,Fecal,WBNP781,,0,,,//,//,//,//,//,//,,,,,,,,,,,,,//,//,,,//,//,,,,,,,,,,,,,,,,,,,,,,,,,//,//,,,,,//,//,,,,,,,,,,,,,,,//,//,,,//,//,//,//,//,//,,,,,//,//,,,//,//,,,,,//,//,,,,,,,//,//,//,//,//,//,//,//,//,//,//,//,//,//,//,//,//,//,//,//,//,//,//,//,,
M.Grant Thesis,WBNP,-,Fecal,WBNP782,,15,,,//,//,//,//,241,241,,,,,,,,,,,,,//,//,,,//,//,,,,,,,,,,,,,,,,,,,,,,,,,//,//,,,,,//,//,,,,,,,,,,,,,,,//,//,,,89,89,//,//,85,89,,,,,//,//,,,//,//,,,,,//,//,,,,,,,//,//,//,//,//,//,//,//,//,//,//,//,//,//,//,//,//,//,184,184,//,//,//,//,,
M.Grant Thesis,WBNP,-,Fecal,WBNP783,,4,,,//,//,//,//,//,//,,,,,,,,,,,,,//,//,,,//,//,,,,,,,,,,,,,,,,,,,,,,,,,//,//,,,,,//,//,,,,,,,,,,,,,,,//,//,,,//,//,//,//,89,89,,,,,//,//,,,//,//,,,,,//,//,,,,,,,//,//,//,//,//,//,//,//,//,//,//,//,//,//,//,//,//,//,//,//,//,//,//,//,,
M.Grant Thesis,WBNP,-,Fecal,WBNP784,,8,,,//,//,177,177,//,//,,,,,,,,,,,,,//,//,,,//,//,,,,,,,,,,,,,,,,,,,,,,,,,81,81,,,,,//,//,,,,,,,,,,,,,,,//,//,,,//,//,//,//,//,//,,,,,//,//,,,//,//,,,,,//,//,,,,,,,//,//,//,//,//,//,//,//,//,//,//,//,//,//,//,//,//,//,//,//,//,//,//,//,,
M.Grant Thesis,WBNP,-,Fecal,WBNP785,,0,,,//,//,//,//,//,//,,,,,,,,,,,,,//,//,,,//,//,,,,,,,,,,,,,,,,,,,,,,,,,//,//,,,,,//,//,,,,,,,,,,,,,,,//,//,,,//,//,//,//,//,//,,,,,//,//,,,//,//,,,,,//,//,,,,,,,//,//,//,//,//,//,//,//,//,//,//,//,//,//,//,//,//,//,//,//,//,//,//,//,,
M.Grant Thesis,WBNP,-,Fecal,WBNP786,,12,,,//,//,//,//,//,//,,,,,,,,,,,,,//,//,,,//,//,,,,,,,,,,,,,,,,,,,,,,,,,77,81,,,,,//,//,,,,,,,,,,,,,,,//,//,,,89,89,//,//,81,81,,,,,//,//,,,//,//,,,,,//,//,,,,,,,//,//,//,//,//,//,//,//,//,//,//,//,//,//,//,//,//,//,//,//,//,//,//,//,,
M.Grant Thesis,WBNP,-,Fecal,WBNP787,,4,,,//,//,//,//,//,//,,,,,,,,,,,,,//,//,,,//,//,,,,,,,,,,,,,,,,,,,,,,,,,//,//,,,,,//,//,,,,,,,,,,,,,,,//,//,,,//,//,//,//,87,87,,,,,//,//,,,//,//,,,,,//,//,,,,,,,//,//,//,//,//,//,//,//,//,//,//,//,//,//,//,//,//,//,//,//,//,//,//,//,,
M.Grant Thesis,WBNP,-,Fecal,WBNP788,,0,,,//,//,//,//,//,//,,,,,,,,,,,,,//,//,,,//,//,,,,,,,,,,,,,,,,,,,,,,,,,//,//,,,,,//,//,,,,,,,,,,,,,,,//,//,,,//,//,//,//,//,//,,,,,//,//,,,//,//,,,,,//,//,,,,,,,//,//,//,//,//,//,//,//,//,//,//,//,//,//,//,//,//,//,//,//,//,//,//,//,,
M.Grant Thesis,WBNP,-,Fecal,WBNP789,,0,,,//,//,//,//,//,//,,,,,,,,,,,,,//,//,,,//,//,,,,,,,,,,,,,,,,,,,,,,,,,//,//,,,,,//,//,,,,,,,,,,,,,,,//,//,,,//,//,//,//,//,//,,,,,//,//,,,//,//,,,,,//,//,,,,,,,//,//,//,//,//,//,//,//,//,//,//,//,//,//,//,//,//,//,//,//,//,//,//,//,,
M.Grant Thesis,WBNP,-,Fecal,WBNP790,,0,,,//,//,//,//,//,//,,,,,,,,,,,,,//,//,,,//,//,,,,,,,,,,,,,,,,,,,,,,,,,//,//,,,,,//,//,,,,,,,,,,,,,,,//,//,,,//,//,//,//,//,//,,,,,//,//,,,//,//,,,,,//,//,,,,,,,//,//,//,//,//,//,//,//,//,//,//,//,//,//,//,//,//,//,//,//,//,//,//,//,,
M.Grant Thesis,WBNP,-,Fecal,WBNP791,,4,,,//,//,//,//,//,//,,,,,,,,,,,,,//,//,,,//,//,,,,,,,,,,,,,,,,,,,,,,,,,//,//,,,,,//,//,,,,,,,,,,,,,,,//,//,,,85,85,//,//,//,//,,,,,//,//,,,//,//,,,,,//,//,,,,,,,//,//,//,//,//,//,//,//,//,//,//,//,//,//,//,//,//,//,//,//,//,//,//,//,,
M.Grant Thesis,WBNP,-,Fecal,WBNP792,,8,,,//,//,//,//,//,//,,,,,,,,,,,,,//,//,,,//,//,,,,,,,,,,,,,,,,,,,,,,,,,//,//,,,,,//,//,,,,,,,,,,,,,,,108,108,,,89,89,//,//,//,//,,,,,//,//,,,//,//,,,,,//,//,,,,,,,//,//,//,//,//,//,//,//,//,//,//,//,//,//,//,//,//,//,//,//,//,//,//,//,,
M.Grant Thesis,WBNP,-,Fecal,WBNP793,,4,,,//,//,//,//,//,//,,,,,,,,,,,,,//,//,,,//,//,,,,,,,,,,,,,,,,,,,,,,,,,//,//,,,,,//,//,,,,,,,,,,,,,,,//,//,,,//,//,//,//,89,89,,,,,//,//,,,//,//,,,,,//,//,,,,,,,//,//,//,//,//,//,//,//,//,//,//,//,//,//,//,//,//,//,//,//,//,//,//,//,,
M.Grant Thesis,WBNP,-,Fecal,WBNP794,,4,,,//,//,//,//,//,//,,,,,,,,,,,,,//,//,,,//,//,,,,,,,,,,,,,,,,,,,,,,,,,//,//,,,,,//,//,,,,,,,,,,,,,,,//,//,,,89,89,//,//,//,//,,,,,//,//,,,//,//,,,,,//,//,,,,,,,//,//,//,//,//,//,//,//,//,//,//,//,//,//,//,//,//,//,//,//,//,//,//,//,,
M.Grant Thesis,WBNP,-,Fecal,WBNP795,,4,,,//,//,//,//,//,//,,,,,,,,,,,,,//,//,,,//,//,,,,,,,,,,,,,,,,,,,,,,,,,//,//,,,,,//,//,,,,,,,,,,,,,,,//,//,,,83,83,//,//,//,//,,,,,//,//,,,//,//,,,,,//,//,,,,,,,//,//,//,//,//,//,//,//,//,//,//,//,//,//,//,//,//,//,//,//,//,//,//,//,,
M.Grant Thesis,WBNP,-,Fecal,WBNP796,,4,,,//,//,//,//,//,//,,,,,,,,,,,,,//,//,,,//,//,,,,,,,,,,,,,,,,,,,,,,,,,81,81,,,,,//,//,,,,,,,,,,,,,,,//,//,,,//,//,//,//,//,//,,,,,//,//,,,//,//,,,,,//,//,,,,,,,//,//,//,//,//,//,//,//,//,//,//,//,//,//,//,//,//,//,//,//,//,//,//,//,,
M.Grant Thesis,WBNP,-,Fecal,WBNP797,,12,,,//,//,179,179,//,//,,,,,,,,,,,,,//,//,,,//,//,,,,,,,,,,,,,,,,,,,,,,,,,81,83,,,,,//,//,,,,,,,,,,,,,,,//,//,,,//,//,//,//,89,89,,,,,//,//,,,//,//,,,,,//,//,,,,,,,//,//,//,//,//,//,//,//,//,//,//,//,//,//,//,//,//,//,//,//,//,//,//,//,,
M.Grant Thesis,WBNP,-,Fecal,WBNP798,,12,,,//,//,187,187,//,//,,,,,,,,,,,,,//,//,,,//,//,,,,,,,,,,,,,,,,,,,,,,,,,//,//,,,,,//,//,,,,,,,,,,,,,,,//,//,,,//,//,//,//,85,89,,,,,//,//,,,//,//,,,,,//,//,,,,,,,//,//,//,//,//,//,//,//,122,122,//,//,//,//,//,//,//,//,//,//,//,//,//,//,,
M.Grant Thesis,WBNP,-,Fecal,WBNP799,,0,,,//,//,//,//,//,//,,,,,,,,,,,,,//,//,,,//,//,,,,,,,,,,,,,,,,,,,,,,,,,//,//,,,,,//,//,,,,,,,,,,,,,,,//,//,,,//,//,//,//,//,//,,,,,//,//,,,//,//,,,,,//,//,,,,,,,//,//,//,//,//,//,//,//,//,//,//,//,//,//,//,//,//,//,//,//,//,//,//,//,,
M.Grant Thesis,WBNP,-,Fecal,WBNP800,,0,,,//,//,//,//,//,//,,,,,,,,,,,,,//,//,,,//,//,,,,,,,,,,,,,,,,,,,,,,,,,//,//,,,,,//,//,,,,,,,,,,,,,,,//,//,,,//,//,//,//,//,//,,,,,//,//,,,//,//,,,,,//,//,,,,,,,//,//,//,//,//,//,//,//,//,//,//,//,//,//,//,//,//,//,//,//,//,//,//,//,,
M.Grant Thesis,WBNP,-,Fecal,WBNP801,,0,,,//,//,//,//,//,//,,,,,,,,,,,,,//,//,,,//,//,,,,,,,,,,,,,,,,,,,,,,,,,//,//,,,,,//,//,,,,,,,,,,,,,,,//,//,,,//,//,//,//,//,//,,,,,//,//,,,//,//,,,,,//,//,,,,,,,//,//,//,//,//,//,//,//,//,//,//,//,//,//,//,//,//,//,//,//,//,//,//,//,,
M.Grant Thesis,WBNP,-,Fecal,WBNP802,,0,,,//,//,//,//,//,//,,,,,,,,,,,,,//,//,,,//,//,,,,,,,,,,,,,,,,,,,,,,,,,//,//,,,,,//,//,,,,,,,,,,,,,,,//,//,,,//,//,//,//,//,//,,,,,//,//,,,//,//,,,,,//,//,,,,,,,//,//,//,//,//,//,//,//,//,//,//,//,//,//,//,//,//,//,//,//,//,//,//,//,,
M.Grant Thesis,WBNP,-,Fecal,WBNP803,,0,,,//,//,//,//,//,//,,,,,,,,,,,,,//,//,,,//,//,,,,,,,,,,,,,,,,,,,,,,,,,//,//,,,,,//,//,,,,,,,,,,,,,,,//,//,,,//,//,//,//,//,//,,,,,//,//,,,//,//,,,,,//,//,,,,,,,//,//,//,//,//,//,//,//,//,//,//,//,//,//,//,//,//,//,//,//,//,//,//,//,,
M.Grant Thesis,WBNP,-,Fecal,WBNP804,,0,,,//,//,//,//,//,//,,,,,,,,,,,,,//,//,,,//,//,,,,,,,,,,,,,,,,,,,,,,,,,//,//,,,,,//,//,,,,,,,,,,,,,,,//,//,,,//,//,//,//,//,//,,,,,//,//,,,//,//,,,,,//,//,,,,,,,//,//,//,//,//,//,//,//,//,//,//,//,//,//,//,//,//,//,//,//,//,//,//,//,,
M.Grant Thesis,WBNP,-,Fecal,WBNP805,,15,,,//,//,//,//,//,//,,,,,,,,,,,,,//,//,,,//,//,,,,,,,,,,,,,,,,,,,,,,,,,83,83,,,,,150,150,,,,,,,,,,,,,,,//,//,,,83,83,//,//,81,85,,,,,//,//,,,Y,X,,,,,//,//,,,,,,,//,//,//,//,//,//,//,//,//,//,//,//,//,//,//,//,//,//,//,//,//,//,//,//,,
M.Grant Thesis,WBNP,-,Fecal,WBNP806,,0,,,//,//,//,//,//,//,,,,,,,,,,,,,//,//,,,//,//,,,,,,,,,,,,,,,,,,,,,,,,,//,//,,,,,//,//,,,,,,,,,,,,,,,//,//,,,//,//,//,//,//,//,,,,,//,//,,,//,//,,,,,//,//,,,,,,,//,//,//,//,//,//,//,//,//,//,//,//,//,//,//,//,//,//,//,//,//,//,//,//,,
M.Grant Thesis,WBNP,-,Fecal,WBNP807,,0,,,//,//,//,//,//,//,,,,,,,,,,,,,//,//,,,//,//,,,,,,,,,,,,,,,,,,,,,,,,,//,//,,,,,//,//,,,,,,,,,,,,,,,//,//,,,//,//,//,//,//,//,,,,,//,//,,,//,//,,,,,//,//,,,,,,,//,//,//,//,//,//,//,//,//,//,//,//,//,//,//,//,//,//,//,//,//,//,//,//,,
M.Grant Thesis,WBNP,-,Fecal,WBNP808,,15,,,//,//,177,177,//,//,,,,,,,,,,,,,//,//,,,//,//,,,,,,,,,,,,,,,,,,,,,,,,,//,//,,,,,//,//,,,,,,,,,,,,,,,//,//,,,//,//,//,//,81,81,,,,,//,//,,,X,X,,,,,//,//,,,,,,,//,//,//,//,//,//,//,//,122,122,//,//,//,//,//,//,//,//,//,//,//,//,214,214,,
M.Grant Thesis,WBNP,-,Fecal,WBNP809,,0,,,//,//,//,//,//,//,,,,,,,,,,,,,//,//,,,//,//,,,,,,,,,,,,,,,,,,,,,,,,,//,//,,,,,//,//,,,,,,,,,,,,,,,//,//,,,//,//,//,//,//,//,,,,,//,//,,,//,//,,,,,//,//,,,,,,,//,//,//,//,//,//,//,//,//,//,//,//,//,//,//,//,//,//,//,//,//,//,//,//,,
M.Grant Thesis,WBNP,-,Fecal,WBNP810,,0,,,//,//,//,//,//,//,,,,,,,,,,,,,//,//,,,//,//,,,,,,,,,,,,,,,,,,,,,,,,,//,//,,,,,//,//,,,,,,,,,,,,,,,//,//,,,//,//,//,//,//,//,,,,,//,//,,,//,//,,,,,//,//,,,,,,,//,//,//,//,//,//,//,//,//,//,//,//,//,//,//,//,//,//,//,//,//,//,//,//,,
M. Grant Thesis,Yukon,-,Fecal,YUK10,,4%,,,//,//,//,//,//,//,,,,,,,,,,,,,//,//,,,//,//,,,,,,,,,,,,,,,,,,,,,,,,,//,//,,,,,//,//,,,,,,,,,,,,,,,//,//,,,//,//,//,//,89,89,,,,,//,//,,,//,//,,,,,//,//,,,,,,,//,//,//,//,//,//,//,//,//,//,//,//,//,//,//,//,//,//,//,//,//,//,//,//,,
M. Grant Thesis,Yukon,-,Fecal,YUK1071,,0%,,,//,//,//,//,//,//,,,,,,,,,,,,,//,//,,,//,//,,,,,,,,,,,,,,,,,,,,,,,,,//,//,,,,,//,//,,,,,,,,,,,,,,,//,//,,,//,//,//,//,//,//,,,,,//,//,,,//,//,,,,,//,//,,,,,,,//,//,//,//,//,//,//,//,//,//,//,//,//,//,//,//,//,//,//,//,//,//,//,//,,
M. Grant Thesis,Yukon,-,Fecal,YUK1081,,19%,,,//,//,//,//,//,//,,,,,,,,,,,,,//,//,,,//,//,,,,,,,,,,,,,,,,,,,,,,,,,//,//,,,,,148,148,,,,,,,,,,,,,,,//,//,,,85,85,//,//,89,89,,,,,//,//,,,Y,X,,,,,//,//,,,,,,,//,//,//,//,//,//,//,//,122,122,//,//,//,//,//,//,//,//,//,//,//,//,//,//,,
M. Grant Thesis,Yukon,-,Fecal,YUK1085,,8%,,,//,//,//,//,//,//,,,,,,,,,,,,,//,//,,,//,//,,,,,,,,,,,,,,,,,,,,,,,,,//,//,,,,,//,//,,,,,,,,,,,,,,,//,//,,,89,89,//,//,89,89,,,,,//,//,,,//,//,,,,,//,//,,,,,,,//,//,//,//,//,//,//,//,//,//,//,//,//,//,//,//,//,//,//,//,//,//,//,//,,
M. Grant Thesis,Yukon,-,Fecal,YUK1086,,31%,,,//,//,181,181,//,//,,,,,,,,,,,,,232,232,,,//,//,,,,,,,,,,,,,,,,,,,,,,,,,81,81,,,,,//,//,,,,,,,,,,,,,,,//,//,,,89,89,//,//,87,87,,,,,//,//,,,X,X,,,,,//,//,,,,,,,//,//,200,200,214,214,//,//,//,//,//,//,//,//,//,//,//,//,//,//,//,//,//,//,,
M. Grant Thesis,Yukon,-,Fecal,YUK1088,,50%,,,//,//,179,187,253,253,,,,,,,,,,,,,238,238,,,//,//,,,,,,,,,,,,,,,,,,,,,,,,,//,//,,,,,//,//,,,,,,,,,,,,,,,//,//,,,89,89,165,165,89,89,,,,,//,//,,,X,X,,,,,//,//,,,,,,,181,189,196,196,//,//,//,//,122,122,//,//,//,//,212,212,283,283,//,//,//,//,214,214,,
M. Grant Thesis,Yukon,-,Fecal,YUK1089,,62%,,,//,//,187,187,253,253,,,,,,,,,,,,,238,240,,,158,158,,,,,,,,,,,,,,,,,,,,,,,,,//,//,,,,,142,148,,,,,,,,,,,,,,,110,112,,,89,89,//,//,89,89,,,,,//,//,,,X,X,,,,,//,//,,,,,,,//,//,196,196,//,//,//,//,122,122,160,160,202,202,212,212,283,283,//,//,//,//,206,214,,
M. Grant Thesis,Yukon,-,Fecal,YUK1091,,42%,,,//,//,179,179,//,//,,,,,,,,,,,,,//,//,,,//,//,,,,,,,,,,,,,,,,,,,,,,,,,81,81,,,,,//,//,,,,,,,,,,,,,,,106,106,,,85,89,//,//,89,89,,,,,//,//,,,X,X,,,,,//,//,,,,,,,//,//,196,196,206,227,//,//,121,121,//,//,210,210,212,212,//,//,//,//,//,//,//,//,,
M. Grant Thesis,Yukon,-,Fecal,YUK11,,0%,,,//,//,//,//,//,//,,,,,,,,,,,,,//,//,,,//,//,,,,,,,,,,,,,,,,,,,,,,,,,//,//,,,,,//,//,,,,,,,,,,,,,,,//,//,,,//,//,//,//,//,//,,,,,//,//,,,//,//,,,,,//,//,,,,,,,//,//,//,//,//,//,//,//,//,//,//,//,//,//,//,//,//,//,//,//,//,//,//,//,,
M. Grant Thesis,Yukon,-,Fecal,YUK1116,,0%,,,//,//,//,//,//,//,,,,,,,,,,,,,//,//,,,//,//,,,,,,,,,,,,,,,,,,,,,,,,,//,//,,,,,//,//,,,,,,,,,,,,,,,//,//,,,//,//,//,//,//,//,,,,,//,//,,,//,//,,,,,//,//,,,,,,,//,//,//,//,//,//,//,//,//,//,//,//,//,//,//,//,//,//,//,//,//,//,//,//,,
M. Grant Thesis,Yukon,-,Fecal,YUK1117,,0%,,,//,//,//,//,//,//,,,,,,,,,,,,,//,//,,,//,//,,,,,,,,,,,,,,,,,,,,,,,,,//,//,,,,,//,//,,,,,,,,,,,,,,,//,//,,,//,//,//,//,//,//,,,,,//,//,,,//,//,,,,,//,//,,,,,,,//,//,//,//,//,//,//,//,//,//,//,//,//,//,//,//,//,//,//,//,//,//,//,//,,
M. Grant Thesis,Yukon,-,Fecal,YUK1118,,62%,,,//,//,179,187,//,//,,,,,,,,,,,,,232,238,,,//,//,,,,,,,,,,,,,,,,,,,,,,,,,77,81,,,,,138,148,,,,,,,,,,,,,,,106,106,,,85,89,//,//,89,89,,,,,//,//,,,Y,X,,,,,181,181,,,,,,,181,181,//,//,214,214,265,265,121,126,160,160,210,210,//,//,//,//,179,187,//,//,//,//,,
M. Grant Thesis,Yukon,-,Fecal,YUK1119,,0%,,,//,//,//,//,//,//,,,,,,,,,,,,,//,//,,,//,//,,,,,,,,,,,,,,,,,,,,,,,,,//,//,,,,,//,//,,,,,,,,,,,,,,,//,//,,,//,//,//,//,//,//,,,,,//,//,,,//,//,,,,,//,//,,,,,,,//,//,//,//,//,//,//,//,//,//,//,//,//,//,//,//,//,//,//,//,//,//,//,//,,
M. Grant Thesis,Yukon,-,Fecal,YUK1121,,8%,,,//,//,//,//,//,//,,,,,,,,,,,,,//,//,,,//,//,,,,,,,,,,,,,,,,,,,,,,,,,//,//,,,,,//,//,,,,,,,,,,,,,,,//,//,,,85,89,//,//,//,//,,,,,//,//,,,//,//,,,,,//,//,,,,,,,//,//,//,//,//,//,//,//,//,//,//,//,206,206,//,//,//,//,//,//,//,//,//,//,,
M. Grant Thesis,Yukon,-,Fecal,YUK1122,,4%,,,//,//,//,//,//,//,,,,,,,,,,,,,//,//,,,//,//,,,,,,,,,,,,,,,,,,,,,,,,,//,//,,,,,//,//,,,,,,,,,,,,,,,//,//,,,//,//,//,//,//,//,,,,,//,//,,,//,//,,,,,//,//,,,,,,,//,//,//,//,//,//,//,//,//,//,//,//,206,210,//,//,//,//,//,//,//,//,//,//,,
M. Grant Thesis,Yukon,-,Fecal,YUK1123,,0%,,,//,//,//,//,//,//,,,,,,,,,,,,,//,//,,,//,//,,,,,,,,,,,,,,,,,,,,,,,,,//,//,,,,,//,//,,,,,,,,,,,,,,,//,//,,,//,//,//,//,//,//,,,,,//,//,,,//,//,,,,,//,//,,,,,,,//,//,//,//,//,//,//,//,//,//,//,//,//,//,//,//,//,//,//,//,//,//,//,//,,
M. Grant Thesis,Yukon,-,Fecal,YUK1125,,35%,,,//,//,//,//,//,//,,,,,,,,,,,,,//,//,,,//,//,,,,,,,,,,,,,,,,,,,,,,,,,77,77,,,,,142,142,,,,,,,,,,,,,,,//,//,,,89,89,165,165,89,89,,,,,//,//,,,//,//,,,,,//,//,,,,,,,181,189,196,196,//,//,//,//,122,122,//,//,//,//,//,//,//,//,187,191,//,//,//,//,,
M. Grant Thesis,Yukon,-,Fecal,YUK1129,,15%,,,//,//,//,//,//,//,,,,,,,,,,,,,//,//,,,//,//,,,,,,,,,,,,,,,,,,,,,,,,,77,77,,,,,//,//,,,,,,,,,,,,,,,//,//,,,85,85,//,//,//,//,,,,,//,//,,,Y,X,,,,,//,//,,,,,,,//,//,//,//,//,//,//,//,122,122,//,//,//,//,//,//,//,//,//,//,//,//,//,//,,
M. Grant Thesis,Yukon,-,Fecal,YUK12,,15%,,,//,//,187,187,//,//,,,,,,,,,,,,,//,//,,,//,//,,,,,,,,,,,,,,,,,,,,,,,,,//,//,,,,,142,142,,,,,,,,,,,,,,,//,//,,,//,//,//,//,91,91,,,,,//,//,,,//,//,,,,,//,//,,,,,,,//,//,//,//,//,//,//,//,//,//,//,//,210,210,//,//,//,//,//,//,//,//,//,//,,
M. Grant Thesis,Yukon,-,Fecal,YUK17,,0%,,,//,//,//,//,//,//,,,,,,,,,,,,,//,//,,,//,//,,,,,,,,,,,,,,,,,,,,,,,,,//,//,,,,,//,//,,,,,,,,,,,,,,,//,//,,,//,//,//,//,//,//,,,,,//,//,,,//,//,,,,,//,//,,,,,,,//,//,//,//,//,//,//,//,//,//,//,//,//,//,//,//,//,//,//,//,//,//,//,//,,
M. Grant Thesis,Yukon,-,Fecal,YUK18,,0%,,,//,//,//,//,//,//,,,,,,,,,,,,,//,//,,,//,//,,,,,,,,,,,,,,,,,,,,,,,,,//,//,,,,,//,//,,,,,,,,,,,,,,,//,//,,,//,//,//,//,//,//,,,,,//,//,,,//,//,,,,,//,//,,,,,,,//,//,//,//,//,//,//,//,//,//,//,//,//,//,//,//,//,//,//,//,//,//,//,//,,
M. Grant Thesis,Yukon,-,Fecal,YUK19,,27%,,,//,//,//,//,//,//,,,,,,,,,,,,,238,238,,,//,//,,,,,,,,,,,,,,,,,,,,,,,,,//,//,,,,,//,//,,,,,,,,,,,,,,,//,//,,,89,89,//,//,//,//,,,,,//,//,,,X,X,,,,,//,//,,,,,,,181,181,//,//,//,//,//,//,//,//,//,//,206,210,212,220,//,//,//,//,//,//,206,214,,
M. Grant Thesis,Yukon,-,Fecal,YUK20,,8%,,,//,//,//,//,//,//,,,,,,,,,,,,,//,//,,,//,//,,,,,,,,,,,,,,,,,,,,,,,,,//,//,,,,,//,//,,,,,,,,,,,,,,,//,//,,,89,89,//,//,//,//,,,,,//,//,,,//,//,,,,,//,//,,,,,,,//,//,//,//,206,214,//,//,//,//,//,//,//,//,//,//,//,//,//,//,//,//,//,//,,
M. Grant Thesis,Yukon,-,Fecal,YUK21,,23%,,,//,//,//,//,//,//,,,,,,,,,,,,,//,//,,,//,//,,,,,,,,,,,,,,,,,,,,,,,,,//,//,,,,,142,148,,,,,,,,,,,,,,,//,//,,,89,89,//,//,//,//,,,,,//,//,,,X,X,,,,,//,//,,,,,,,//,//,//,//,214,214,//,//,//,//,//,//,210,210,//,//,//,//,//,//,//,//,214,214,,
M. Grant Thesis,Yukon,-,Fecal,YUK23,,50%,,,//,//,//,//,//,//,,,,,,,,,,,,,238,238,,,//,//,,,,,,,,,,,,,,,,,,,,,,,,,77,77,,,,,142,142,,,,,,,,,,,,,,,//,//,,,89,95,//,//,89,89,,,,,238,238,,,//,//,,,,,//,//,,,,,,,181,181,//,//,206,206,265,265,122,122,160,160,//,//,//,//,283,283,//,//,234,234,//,//,,
M. Grant Thesis,Yukon,-,Fecal,YUK25,,15%,,,//,//,//,//,//,//,,,,,,,,,,,,,//,//,,,//,//,,,,,,,,,,,,,,,,,,,,,,,,,//,//,,,,,//,//,,,,,,,,,,,,,,,//,//,,,89,89,//,//,//,//,,,,,//,//,,,X,X,,,,,//,//,,,,,,,//,//,//,//,//,//,//,//,//,//,//,//,210,210,//,//,//,//,//,//,//,//,214,214,,
M. Grant Thesis,Yukon,-,Fecal,YUK27,,54%,,,//,//,179,179,251,251,,,,,,,,,,,,,//,//,,,//,//,,,,,,,,,,,,,,,,,,,,,,,,,77,81,,,,,138,142,,,,,,,,,,,,,,,90,90,,,85,85,//,//,89,89,,,,,//,//,,,Y,X,,,,,//,//,,,,,,,181,181,//,//,206,206,//,//,122,126,//,//,206,210,212,212,//,//,//,//,//,//,214,214,,
M. Grant Thesis,Yukon,-,Fecal,YUK29,,42%,,,//,//,187,187,//,//,,,,,,,,,,,,,//,//,,,//,//,,,,,,,,,,,,,,,,,,,,,,,,,83,83,,,,,//,//,,,,,,,,,,,,,,,106,108,,,85,85,//,//,87,89,,,,,//,//,,,X,X,,,,,181,181,,,,,,,//,//,//,//,227,227,//,//,121,122,//,//,206,210,//,//,//,//,//,//,//,//,214,214,,
M. Grant Thesis,Yukon,-,Fecal,YUK30,,38%,,,//,//,179,179,//,//,,,,,,,,,,,,,//,//,,,//,//,,,,,,,,,,,,,,,,,,,,,,,,,77,83,,,,,138,138,,,,,,,,,,,,,,,//,//,,,89,89,//,//,//,//,,,,,//,//,,,//,//,,,,,181,181,,,,,,,//,//,196,196,//,//,265,265,122,126,//,//,210,210,//,//,//,//,//,//,//,//,214,214,,
M. Grant Thesis,Yukon,-,Fecal,YUK4,,15%,,,//,//,//,//,//,//,,,,,,,,,,,,,//,//,,,//,//,,,,,,,,,,,,,,,,,,,,,,,,,//,//,,,,,//,//,,,,,,,,,,,,,,,//,//,,,//,//,//,//,89,91,,,,,//,//,,,X,X,,,,,//,//,,,,,,,//,//,//,//,//,//,//,//,121,122,//,//,210,210,//,//,//,//,//,//,//,//,//,//,,
M. Grant Thesis,Yukon,-,Fecal,YUK5,,8%,,,//,//,//,//,//,//,,,,,,,,,,,,,//,//,,,//,//,,,,,,,,,,,,,,,,,,,,,,,,,//,//,,,,,//,//,,,,,,,,,,,,,,,//,//,,,83,83,//,//,//,//,,,,,//,//,,,//,//,,,,,//,//,,,,,,,//,//,//,//,//,//,//,//,122,126,//,//,//,//,//,//,//,//,//,//,//,//,//,//,,
M. Grant Thesis,Yukon,-,Fecal,YUK6,,0%,,,//,//,//,//,//,//,,,,,,,,,,,,,//,//,,,//,//,,,,,,,,,,,,,,,,,,,,,,,,,//,//,,,,,//,//,,,,,,,,,,,,,,,//,//,,,//,//,//,//,//,//,,,,,//,//,,,//,//,,,,,//,//,,,,,,,//,//,//,//,//,//,//,//,//,//,//,//,//,//,//,//,//,//,//,//,//,//,//,//,,
M. Grant Thesis,Yukon,-,Fecal,YUK7,,12%,,,//,//,//,//,//,//,,,,,,,,,,,,,//,//,,,//,//,,,,,,,,,,,,,,,,,,,,,,,,,//,//,,,,,//,//,,,,,,,,,,,,,,,//,//,,,81,83,//,//,91,91,,,,,//,//,,,//,//,,,,,//,//,,,,,,,//,//,//,//,//,//,//,//,122,122,//,//,//,//,//,//,//,//,//,//,//,//,//,//,,
M. Grant Thesis,Yukon,-,Fecal,YUK8,,4%,,,//,//,//,//,//,//,,,,,,,,,,,,,//,//,,,//,//,,,,,,,,,,,,,,,,,,,,,,,,,//,//,,,,,//,//,,,,,,,,,,,,,,,//,//,,,//,//,//,//,//,//,,,,,//,//,,,//,//,,,,,//,//,,,,,,,//,//,//,//,//,//,//,//,126,126,//,//,//,//,//,//,//,//,//,//,//,//,//,//,,
M. Grant Thesis,Yukon,-,Fecal,YUK9,,4%,,,//,//,//,//,//,//,,,,,,,,,,,,,//,//,,,//,//,,,,,,,,,,,,,,,,,,,,,,,,,//,//,,,,,142,142,,,,,,,,,,,,,,,//,//,,,//,//,//,//,//,//,,,,,//,//,,,//,//,,,,,//,//,,,,,,,//,//,//,//,//,//,//,//,//,//,//,//,//,//,//,//,//,//,//,//,//,//,//,//,,
