"Spreadsheet_ID","YEAR","HERD","SUBSPECIES","SAMPLE.TYPE","SAMPLE.ID","DATE.COLLECTED","YEAR.COLLECTED","YEAR.ASSIGN","YEAR.BIN","Metadata.file","INDIVIDUAL","CASE..","LAB","FILE","ID","AMPLIFICATION","COMPLETE","BMS1117","TGLA53","BMC4214","BM1225","BM47","BMS1315","IL4","BM2113","BMS1716","BM1706","BMS1675","BMS1857","BMS1001","BMS601","BM720","ILSTS102","BMS1074","BMS1172","BMS2258","BM757","SPS115","BMS527","BM2830","INRA194","BMS941","INRA037","BM4107","TGLA122","HUJ246","BMS528","BM4440","TGLA44","BMS510","BMS1355","BM1824","BMS812","BMS2639","BMS410","AGLA232","BM17132","BM4028","BM711","INRA133","RM372","BM4311","BMS1747","BL1036","BM1862","BMS1862","URB011"
34,"2024","CL","Wood Bison","Fecal","MAN-394-Fe","2/24/2023",2023,2023,"","Bison_2023_2024_ContractSamples","N",NA,NA,NA,NA,"100",100,"89/89","136/138","187/187","241/269","103/103","141/141","93/103","129/149","191/195","238/238","87/87","147/158","108/115","172/174","225/229","143/143","158/158","90/90","142/146","190/190","252/252","167/177","152/152","154/158","81/83","126/132","183/183","142/148","260/262","150/150","125/129","155/155","92/92","146/150","180/184","110/112","172/172","85/89","161/169","89/91","116/118","167/167","228/238","130/130","98/104","101/101","181/181","205/205","144/166","151/153"
38,"2024","CL","Wood Bison","Fecal","MAN-417-Fe","2/23/2023",2023,2023,"","Bison_2023_2024_ContractSamples","O",NA,NA,NA,NA,"100",100,"89/93","138/140","187/187","253/253","103/103","145/147","103/103","129/143","195/195","238/252","87/87","160/162","108/113","174/176","227/231","143/143","158/158","90/90","127/146","190/194","244/252","165/167","152/152","154/154","83/83","132/132","183/183","142/142","260/262","146/150","129/129","155/155","92/95","150/150","180/196","108/110","172/176","85/89","161/169","85/89","116/118","167/167","228/238","130/130","98/102","101/103","181/181","205/207","144/166","153/153"
41,"2024","CL","Wood Bison","Fecal","MAN-405-Fe","2/23/2023",2023,2023,"","Bison_2023_2024_ContractSamples","P",NA,NA,NA,NA,"100",100,"89/93","136/138","179/187","253/269","103/103","145/147","97/103","129/149","191/191","238/238","87/87","147/158","115/115","172/174","229/229","143/143","156/158","90/102","146/146","190/190","252/252","173/173","152/152","154/154","81/83","124/132","183/183","142/142","260/262","140/150","125/129","155/155","92/92","150/150","184/196","110/112","166/166","85/89","159/161","91/91","118/118","161/167","228/238","130/130","98/102","101/101","181/181","205/205","168/168","149/153"
44,"2024","CL","Wood Bison","Fecal","MAN-395-Fe","2/24/2023",2023,2023,"","Bison_2023_2024_ContractSamples","Q",NA,NA,NA,NA,"100",100,"89/89","136/138","179/187","253/269","103/103","141/145","91/103","129/129","191/191","232/238","87/89","158/160","115/115","174/176","229/229","143/143","158/160","102/102","142/142","190/190","252/252","173/173","152/154","154/154","83/83","132/132","183/183","138/142","260/262","150/150","129/129","155/155","91/92","150/150","196/196","110/112","166/172","89/89","159/161","83/89","116/116","167/167","228/238","130/130","98/102","95/99","181/181","205/211","142/168","145/153"
45,"2024","CL","Wood Bison","Fecal","MAN-406-Fe","2/23/2023",2023,2023,"","Bison_2023_2024_ContractSamples","R",NA,NA,NA,NA,"100",100,"89/91","136/138","179/187","253/253","103/103","135/141","93/103","129/149","189/191","232/238","87/89","147/158","115/115","174/174","227/227","143/143","156/158","90/90","142/146","190/194","252/252","173/173","146/152","144/154","83/83","126/132","183/183","138/148","260/260","150/150","125/129","153/155","91/92","150/150","180/196","110/112","170/172","89/89","169/169","89/91","118/118","161/167","228/228","130/130","102/102","101/101","181/181","205/205","142/168","149/153"
47,"2024","CL","Wood Bison","Fecal","MAN-410-Fe","2/23/2023",2023,2023,"","Bison_2023_2024_ContractSamples","S",NA,NA,NA,NA,"100",100,"89/91","138/138","181/187","269/269","103/103","135/147","93/103","129/129","191/195","232/232","87/89","158/160","115/115","172/176","225/225","143/143","156/158","90/102","138/142","194/194","252/252","165/175","152/152","154/154","83/83","126/132","175/183","142/142","262/262","146/150","125/129","155/155","91/95","150/150","180/196","110/112","166/174","89/89","169/173","85/87","116/116","167/167","228/238","130/130","104/106","99/101","181/181","205/205","142/144","145/153"
50,"2025","CL","Wood Bison","Fecal ","MAN-401-Fe","2/24/2023",2023,2023,"","Bison_2023_2024_ContractSamples","T*",NA,NA,NA,NA,"100.0",100,"93/93","136/140","179/181","253/253","103/103","135/147","93/103","129/143","191/191","238/252","87/89","158/158","108/115","174/176","225/227","143/145","156/158","90/90","142/146","190/194","252/252","165/177","146/152","154/154","83/83","124/132","175/183","142/148","260/262","146/150","125/125","155/155","91/92","150/150","180/180","110/112","172/172","85/89","161/161","87/91","116/118","167/167","228/228","130/134","92/104","95/101","181/181","205/205","168/168","149/151"
87,"2023","ETH","Wood Bison","Hair","150_080","2020",2020,2020,"","Bison samples freezer","AO*",NA,NA,NA,NA,"100",100,"89/93","134/136","179/187","241/253","103/103","141/147","103/103","129/143","191/195","232/252","87/87","160/161","113/113","174/176","227/229","143/143","158/160","90/90","142/148","188/190","246/250","177/177","152/166","144/154","83/83","124/124","165/183","138/148","260/260","146/150","129/129","155/155","91/91","150/150","180/198","106/112","166/176","85/89","161/165","87/89","114/118","167/167","238/238","130/132","96/102","103/103","181/181","205/205","142/158","149/151"
88,"2023","ETH","Wood Bison","Hair","150_020","2020",2020,2020,"","Bison samples freezer","AP",NA,NA,NA,NA,"100",100,"91/91","136/136","179/187","253/253","103/103","135/135","93/97","129/141","189/191","232/238","87/89","158/158","113/113","174/174","227/229","143/143","158/158","90/90","140/142","190/194","252/252","167/177","146/152","154/156","83/83","124/124","175/183","142/142","260/262","148/148","129/129","155/155","91/94","150/150","180/196","110/112","172/176","85/89","161/165","89/89","116/118","167/167","224/228","130/132","102/102","99/103","181/181","205/205","158/166","151/153"
90,"2023","ETH","Wood Bison","Fecal swab","150_060","2020",2020,2020,"","Bison samples freezer","AQ",NA,NA,NA,NA,"100",100,"89/89","136/140","179/187","253/253","103/103","141/141","97/103","129/141","191/191","238/252","87/87","147/158","113/115","174/174","227/229","143/143","156/158","90/90","127/142","188/190","250/252","173/177","152/154","144/152","81/83","124/126","165/175","142/148","262/262","150/150","125/129","155/159","91/92","150/150","180/184","112/112","166/172","89/89","161/161","87/89","116/116","167/167","228/228","128/130","92/98","95/101","181/181","205/207","144/158","151/153"
92,"2023","ETH","Wood Bison","Hair","150_070","2020",2020,2020,"","Bison samples freezer","AR",NA,NA,NA,NA,"100",100,"89/91","136/138","179/187","241/249","103/103","135/145","93/97","143/149","191/191","232/232","87/87","147/160","115/115","174/174","227/229","143/143","158/158","90/102","140/142","190/194","252/252","173/177","146/152","156/160","83/83","124/124","175/175","142/142","260/262","148/150","125/129","155/157","91/92","150/150","180/184","110/112","166/172","85/89","161/173","89/89","116/116","161/167","238/238","130/132","92/98","99/101","177/181","205/207","142/144","151/153"
96,"2023","ETH","Wood Bison","Hair","150_100","2020",2020,2020,"","Bison samples freezer","AS",NA,NA,NA,NA,"100",100,"91/91","134/140","179/179","253/271","103/103","141/141","97/103","129/129","191/191","238/238","87/87","158/160","113/113","172/176","229/229","143/143","154/156","90/102","127/140","190/194","252/252","167/167","152/152","154/154","77/83","124/132","175/183","138/138","262/262","148/150","125/129","155/155","91/91","150/150","180/180","106/110","166/172","85/85","161/173","85/89","116/116","167/167","228/228","128/130","102/104","95/101","181/191","205/207","142/168","151/151"
97,"2023","ETH","Wood Bison","Hair","150_130","2020",2020,2020,"","Bison samples freezer","AT",NA,NA,NA,NA,"100",100,"89/91","134/134","179/187","241/253","103/103","141/145","93/103","129/143","189/191","232/238","89/91","147/158","113/115","172/174","229/229","143/143","158/160","90/90","142/146","190/194","252/252","177/177","146/152","160/160","81/83","124/132","183/183","142/142","260/262","146/150","125/125","155/155","91/92","150/150","198/198","112/112","170/172","89/89","161/161","89/89","114/116","167/167","228/228","128/130","92/102","95/101","181/191","205/205","158/158","149/151"
105,"2023","ETH","Wood Bison","Biopsy","5","2022",2022,2022,"","Bison_ Samples_BC_2June2022","AX****",NA,NA,NA,NA,"100",100,"89/89","136/136","187/187","253/271","103/103","135/147","93/103","129/143","191/191","232/238","87/89","147/147","108/115","174/174","227/229","143/143","156/158","90/90","140/142","188/194","246/252","167/177","152/152","144/152","83/83","124/124","175/175","138/148","260/262","150/150","125/129","155/159","91/94","150/150","198/198","106/112","166/166","89/89","165/169","81/89","116/118","167/167","228/228","130/132","102/104","95/99","181/181","207/211","142/158","145/151"
120,"2023","ETH","Wood Bison","Biopsy","20","2022",2022,2022,"","Bison_ Samples_BC_2June2022","BE",NA,NA,NA,NA,"100",100,"91/91","136/136","181/187","241/241","103/103","147/147","93/103","143/143","191/191","232/238","87/87","147/158","108/108","172/174","227/231","143/143","158/158","90/102","140/140","194/194","246/246","173/177","152/152","160/160","81/81","124/124","165/183","148/148","262/262","148/150","129/129","155/155","91/91","148/150","196/198","112/112","166/176","85/89","161/161","87/89","118/118","167/167","228/228","130/132","92/102","101/103","181/181","205/205","142/142","151/151"
123,"2023","ETH","Wood Bison","Biopsy","21","2022",2022,2022,"","Bison_ Samples_BC_2June2022","BF****",NA,NA,NA,NA,"100",100,"89/91","136/136","179/179","253/253","103/103","141/145","103/103","129/141","189/191","238/238","87/89","158/162","108/115","172/174","225/229","143/143","158/160","90/102","140/140","190/190","252/252","167/177","152/154","144/144","77/83","132/132","183/183","142/148","262/262","150/150","125/129","155/159","91/92","150/150","180/196","112/112","172/176","89/89","165/173","89/89","116/118","167/167","228/228","130/132","98/102","101/103","177/181","205/207","144/168","149/153"
128,"2025","ETH","Wood Bison","Tissue","BISO25-005","13-Mar-25",2025,2025,"",NA,"BH*",NA,NA,NA,NA,"98",100,"89/91","136/138","179/181","253/269","103/103","141/141","97/97","129/129","189/191","238/238","87/89","158/158","113/115","174/174","229/229","143/143","156/156","90/90","128/142","190/194","252/252","167/177","146/152","144/156","77/83","124/132","175/183","142/148","260/262","150/150","125/129","155/155","91/94","150/150","180/180","110/110","166/170","85/89","161/173","81/91","116/116","167/167","228/228","130/130","98/104","101/101","181/181","211/211","158/168","151/151"
129,"2023","ETH","Wood Bison","Biopsy","7","2022",2022,2022,"","Bison_ Samples_BC_2June2024","BI**",NA,NA,NA,NA,"100",100,"93/93","134/136","187/187","253/269","103/103","141/147","93/103","129/129","189/195","232/238","87/87","147/158","108/115","172/174","227/229","143/143","156/158","90/90","142/146","190/190","250/252","167/177","152/154","154/154","83/83","124/132","175/183","138/142","260/262","140/150","125/129","153/155","92/92","150/150","180/180","112/112","170/174","89/89","161/165","89/89","116/118","167/167","228/228","132/132","102/102","101/103","177/181","207/215","166/168","153/153"
132,"2025","ETH","Wood Bison","Tissue","BISO25-006","13-Mar-25",2025,2025,"",NA,"BJ**",NA,NA,NA,NA,"98",100,"91/91","136/138","179/187","241/253","103/103","147/147","97/103","129/143","189/191","232/252","87/87","147/162","113/113","174/174","229/229","143/143","158/160","90/90","140/142","190/194","252/252","167/177","164/166","160/160","81/83","124/124","165/165","142/148","260/260","150/150","125/129","155/155","91/91","150/150","180/184","112/112","176/176","85/89","161/173","81/89","116/118","167/167","224/238","130/130","92/92","99/101","177/181","205/211","158/166","147/151"
136,"2023","HZ","Wood Bison","Hair","150_400","2020",2020,2020,"","Bison samples freezer","BL",NA,NA,NA,NA,"100",100,"89/89","136/140","187/191","249/249","103/103","135/141","93/97","129/129","191/195","232/232","87/91","158/158","115/115","172/176","227/229","143/143","158/160","90/102","142/146","188/190","250/254","173/177","146/158","154/154","81/81","124/124","165/183","142/142","260/260","150/150","125/129","153/155","91/91","150/150","180/184","110/110","166/172","89/89","161/165","89/91","114/118","161/167","238/238","114/130","102/102","95/101","181/181","207/207","166/168","145/149"
138,"2023","HZ","Wood Bison","Hair","150_490","2020",2020,2020,"","Bison samples freezer","BM",NA,NA,NA,NA,"100",100,"89/89","136/138","187/187","249/253","103/103","135/145","93/103","129/129","189/191","238/238","87/87","158/158","113/115","172/174","229/231","143/143","156/158","90/90","127/146","190/194","252/252","173/177","152/152","144/154","81/83","124/124","175/183","142/142","262/262","150/150","125/129","155/159","91/94","148/150","180/196","106/112","172/172","89/89","161/169","87/89","116/116","167/167","228/228","130/130","92/96","95/103","181/191","205/211","158/168","145/153"
140,"2023","HZ","Wood Bison","Hair","150_610","2020",2020,2020,"","Bison samples freezer","BN",NA,NA,NA,NA,"100",100,"89/89","136/138","179/187","253/253","103/103","145/145","85/97","129/141","189/195","232/238","87/87","158/160","108/113","172/174","229/233","143/143","160/160","90/90","127/142","188/190","252/254","167/177","152/152","152/160","81/83","124/132","183/183","142/142","260/260","150/150","129/129","155/157","91/92","148/150","180/180","112/112","172/172","89/89","161/165","87/91","116/116","167/167","228/228","128/128","102/102","95/103","181/181","211/215","158/166","145/145"
141,"2023","HZ","Wood Bison","Hair","150_620","2020",2020,2020,"","Bison samples freezer","BO",NA,NA,NA,NA,"100",100,"89/91","138/138","187/191","253/253","103/104","145/145","89/97","129/149","189/195","232/238","87/91","158/158","113/115","172/172","227/229","143/143","156/158","90/90","142/142","194/194","248/252","173/173","152/152","144/154","81/83","124/132","165/183","138/148","262/262","146/150","129/129","155/155","91/94","148/150","180/180","110/110","172/172","85/89","161/161","81/89","116/118","167/167","228/238","130/130","92/98","101/103","181/181","201/205","144/168","145/145"
144,"2023","HZ","Wood Bison","Hair","150_790","2020",2020,2020,"","Bison samples freezer","BP",NA,NA,NA,NA,"100",100,"89/91","136/138","187/191","253/269","103/103","141/141","97/97","129/141","191/191","232/238","87/87","158/162","113/113","172/176","227/233","143/143","156/160","90/90","140/142","190/194","252/252","167/177","152/158","154/160","81/83","126/132","165/183","138/142","262/262","150/150","125/129","155/159","91/91","148/150","180/196","110/110","172/172","89/89","161/173","85/89","116/116","167/167","224/236","130/132","98/102","101/101","181/191","205/211","144/166","145/153"
146,"2023","HZ","Wood Bison","Hair","151_060","2020",2020,2020,"","Bison samples freezer","BQ",NA,NA,NA,NA,"100",100,"89/89","136/136","181/187","253/253","103/103","141/141","93/103","129/143","189/195","232/232","87/87","158/162","113/113","172/178","229/231","143/143","156/158","90/90","142/142","190/194","252/252","167/177","146/154","154/154","83/83","124/132","183/183","142/142","262/262","148/150","125/129","155/159","95/95","148/150","180/180","112/112","172/176","89/89","161/161","87/89","116/118","161/161","228/228","130/132","98/104","101/101","181/181","205/211","144/144","151/153"
148,"2023","HZ","Wood Bison","Hair","151_220","2020",2020,2020,"","Bison samples freezer","BR",NA,NA,NA,NA,"100",100,"93/93","136/140","179/187","249/249","103/103","141/145","93/103","141/149","189/191","232/238","87/87","158/162","108/115","172/180","227/229","143/143","158/160","90/102","138/142","190/190","250/252","167/173","152/166","154/154","81/83","124/132","165/183","142/142","260/260","146/150","125/125","157/159","91/94","148/150","180/180","112/112","166/172","85/89","161/161","87/89","116/116","161/167","228/228","114/130","104/104","101/101","177/181","211/215","158/166","145/153"
150,"2025","HZ","Wood Bison","Tissue","BISO25-012","14-Mar-25",2025,2025,"",NA,"BS",NA,NA,NA,NA,"98",100,"89/91","138/138","187/187","253/269","103/103","141/145","93/93","129/143","195/195","232/232","87/87","158/158","108/115","172/172","229/233","143/143","156/158","90/90","142/146","194/194","252/254","167/177","152/152","152/160","81/83","124/132","165/165","142/142","262/262","150/150","125/129","153/155","91/92","150/150","180/180","112/112","166/172","89/89","165/169","81/87","116/118","167/167","238/238","130/130","102/104","95/95","177/181","211/211","168/168","153/153"
152,"2025","HZ","Wood Bison","Tissue","BISO25-021","14-Mar-25",2025,2025,"",NA,"BT*",NA,NA,NA,NA,"98",100,"89/93","136/138","187/187","249/253","103/103","145/145","93/103","129/149","189/189","238/238","87/89","158/158","113/115","172/172","227/227","143/143","156/158","90/90","128/146","188/194","248/252","167/173","152/152","160/160","81/83","124/124","183/183","138/142","260/262","146/150","125/129","155/155","91/92","150/150","180/180","110/112","166/172","85/89","161/165","89/89","116/116","167/167","228/238","130/132","96/102","95/95","181/181","211/211","144/166","149/151"
165,"2024","NAH","Wood Bison","Fecal","Nahanni-3","2021",2021,2021,"","BisonScat_NahanniNPR_Metadata_20210319","BY",NA,NA,NA,NA,"100",100,"89/91","136/136","179/187","253/253","103/103","135/135","103/103","129/149","189/191","232/252","87/89","160/162","115/115","172/174","229/229","143/143","156/158","90/90","127/146","188/194","252/252","173/177","146/152","154/154","77/77","122/132","165/165","138/142","260/262","146/150","123/125","157/159","95/95","146/150","180/180","112/112","170/170","89/89","161/161","89/89","116/116","167/167","228/238","130/130","98/102","101/101","181/181","205/211","144/168","151/153"
167,"2024","NAH","Wood Bison","Fecal","Nahanni-7","2021",2021,2021,"","BisonScat_NahanniNPR_Metadata_20210321","BZ",NA,NA,NA,NA,"100",100,"89/89","134/136","179/187","253/253","103/103","135/141","93/103","143/143","189/195","238/252","87/87","160/162","115/115","172/176","229/229","143/143","158/158","90/102","127/127","194/194","252/252","173/177","146/152","154/154","77/83","124/132","183/183","142/142","260/262","140/150","125/125","155/157","91/95","150/150","180/184","90/106","170/172","89/89","161/161","87/89","116/116","167/167","238/238","130/132","98/102","99/99","181/191","211/211","142/166","149/151"
170,"2024","NAH","Wood Bison","Fecal","Nahanni-6","2021",2021,2021,"","BisonScat_NahanniNPR_Metadata_20210324","CA*",NA,NA,NA,NA,"100",100,"89/91","136/136","179/187","253/269","103/103","141/141","93/103","129/143","189/191","232/252","87/89","160/160","115/115","172/172","227/227","143/143","156/158","88/90","127/142","194/194","250/252","173/173","146/152","154/160","77/77","124/124","165/175","142/142","260/262","146/150","125/129","155/159","91/95","146/150","180/194","106/112","172/172","89/89","161/173","81/89","116/116","167/167","228/228","130/132","98/102","95/95","181/181","211/215","144/166","147/149"
189,"2023","RL","Wood Bison","Biopsy","RL21-04","13-Jan-21",2021,2021,"",NA,"CJ",NA,NA,NA,NA,"100",100,"89/91","134/138","185/185","247/269","103/103","141/147","103/103","141/143","191/195","232/238","87/91","160/162","113/115","174/174","225/231","143/143","156/156","90/102","140/150","190/194","250/252","177/177","146/152","144/154","83/83","124/124","181/183","142/142","262/262","146/148","129/129","151/157","95/95","150/150","180/198","106/112","172/174","85/85","161/173","87/91","116/116","167/167","228/236","130/130","102/104","95/101","181/181","205/211","166/166","145/145"
190,"2023","RL","Wood Bison","Serum","37497","2019",2019,2019,"","Bison_samples_received_June21-22_Updated","CK",NA,NA,NA,NA,"100",100,"89/91","136/136","185/187","247/247","103/103","135/145","103/103","129/129","189/191","254/254","87/91","160/162","108/115","174/174","225/229","143/143","156/158","90/90","146/150","190/190","250/252","173/175","146/162","144/154","83/83","124/132","175/175","142/142","260/262","146/148","123/129","155/155","95/95","148/150","180/180","106/108","170/172","89/89","173/173","87/87","116/116","161/167","228/240","130/130","104/104","95/103","181/181","211/211","142/144","145/149"
193,"2023","RL","Wood Bison","Serum","6344-207494","2018",2018,2018,"","Bison samples freezer","CL*",NA,NA,NA,NA,"100",100,"89/89","134/138","185/191","247/253","99/103","135/147","97/103","129/129","189/189","232/254","89/89","160/160","113/115","172/176","229/231","143/143","156/160","90/90","148/150","188/202","252/252","167/175","152/162","144/156","77/83","124/132","175/175","142/150","256/262","146/146","129/129","155/155","92/92","146/150","180/198","106/112","170/172","83/89","161/161","81/91","116/116","167/167","240/240","118/132","98/102","95/103","181/181","205/207","142/158","145/145"
195,"2023","RL","Wood Bison","DNA","12-19B",NA,NA,2015,"",NA,"CM**",NA,NA,NA,NA,"100",100,"89/89","136/136","185/187","241/253","103/103","135/147","93/97","129/143","189/191","232/254","87/89","160/160","113/115","174/174","229/231","133/143","156/158","90/102","127/150","194/194","246/252","163/163","146/158","154/154","83/83","124/132","175/183","142/142","256/260","146/150","125/125","151/155","91/95","150/150","180/180","108/112","170/172","85/89","161/173","81/87","114/116","167/167","236/236","130/132","102/102","95/103","181/181","207/207","158/158","153/153"
282,"2023","WAB","Wood Bison","Hair","150_190","2020",2020,2020,"","Bison samples freezer","DM",NA,NA,NA,NA,"100",100,"91/91","136/138","181/187","253/269","103/103","145/145","93/93","127/143","189/195","232/238","87/87","143/160","113/113","172/172","227/233","143/143","156/158","90/100","127/140","194/194","250/252","173/177","150/152","144/154","83/83","124/124","165/179","148/148","262/262","140/140","121/127","153/155","91/92","150/150","180/180","90/90","168/170","85/89","161/161","85/87","116/116","161/161","228/236","114/134","102/102","95/99","181/181","201/211","156/168","145/151"
284,"2023","WAB","Wood Bison","Hair","150_230","2020",2020,2020,"","Bison samples freezer","DN",NA,NA,NA,NA,"98",98,"91/99","138/138","187/187","253/269","103/103","135/145","93/97","129/143","189/191","232/254","87/87","160/162","108/113","172/174","227/231","143/145","156/156","90/90","127/140","194/194","246/252","175/177","148/152","144/154","81/83","124/132","179/179","148/148","262/262","140/150","127/129","155/155","91/95","146/146","180/180","106/110","168/170","85/89","173/173","85/91",NA,"167/167","236/236","114/118","96/98","99/99","181/181","201/201","156/156","145/145"
287,"2024","WAB","Wood Bison","Fecal","24Wab_005","2023",2023,2023,"","Bison_2023_2024_ContractSamples","DO",NA,NA,NA,NA,"98",98,"91/99","138/138","187/187","253/269","103/103","135/145","91/93","131/143","189/195","254/254","87/87","160/160","113/113","172/172","229/231","143/145","156/156","90/100","127/127","194/194","250/252","167/175","152/166","154/154","83/83","120/124","183/183","142/148","262/262","140/140","125/127","155/157","91/95","146/150","184/184","90/106","168/170","89/91","169/173","87/87",NA,"161/167","228/238","114/134","98/102","99/103","181/191","205/205","156/168","145/149"
295,"2024","WAB","Wood Bison","Fecal","24Wab_007","2023",2023,2023,"","Bison_2023_2024_ContractSamples","DP",NA,NA,NA,NA,"100",100,"91/91","136/138","181/187","241/253","103/103","135/135","93/93","143/143","195/195","238/254","87/87","160/160","108/113","172/172","225/225","143/143","154/156","100/100","140/140","194/194","246/252","175/177","148/152","144/144","83/83","120/124","165/183","148/148","262/262","140/140","125/129","151/155","91/95","146/150","180/180","90/108","168/170","85/89","161/165","87/87","116/116","161/167","228/228","114/118","102/102","97/99","181/191","211/211","156/156","145/149"
302,"2024","WAB","Wood Bison","Fecal","24Wab_0010","2023",2023,2023,"","Bison_2023_2024_ContractSamples","DQ",NA,NA,NA,NA,"100",100,"91/91","138/138","187/187","241/269","103/103","135/145","93/93","143/143","189/195","238/238","87/87","160/160","108/113","180/180","225/231","143/143","156/156","90/100","127/140","194/194","246/250","173/175","148/152","144/144","83/83","120/120","179/183","142/148","262/262","140/140","127/129","151/157","91/92","146/146","180/180","108/110","168/170","85/89","161/165","87/87","116/118","167/167","228/228","114/118","98/102","97/99","179/181","205/211","156/156","145/149"
306,"2025","WAB","Wood Bison","Fecal","Wab24_03","2024",2024,2024,"","Bison samples freezer","DR",NA,NA,NA,NA,"96",96,"91/93","138/138","187/187","253/253","103/103","135/135",NA,"129/143","191/195","238/254","87/87","143/161","108/115",NA,"225/233","143/145","154/158","90/100","127/138","194/194","250/254","175/175","150/152","144/144","81/83","122/124","179/179","142/148","260/262","140/150","127/127","151/153","91/95","146/146","180/184","106/110","170/170","85/85","161/169","87/91","116/118","167/167","236/236","114/118","96/102","95/103","179/191","201/201","162/166","145/147"
308,"2025","WAB","Wood Bison","Fecal","Wab24_06","2024",2024,2024,"","Bison samples freezer","DS**",NA,NA,NA,NA,"98",98,"91/91","136/138","181/187","253/253","103/103","135/145","93/93","143/143","189/191","232/254","87/87","160/160","113/113","172/174","227/231","143/145","154/156","90/90","127/127","194/194","250/252","167/177","152/166","154/154","81/83","120/120","165/183","142/148","262/262","140/140","127/127","155/155","91/95","150/150","180/184","90/90","170/170","85/91","161/169","87/87",NA,"161/167","228/228","134/134","98/102","99/103","181/191","205/211","156/168","145/149"
313,"2023","WBNP","Wood Bison","Biopsy","BSN82","2021",2021,2021,"","bison samples freezer","DV",NA,NA,NA,NA,"100",100,"89/91","134/136","181/187","241/253","103/103","141/145","85/103","129/129","189/191","232/238","87/87","160/160","108/115","172/182","229/229","143/143","156/158","90/90","127/142","194/194","252/252","167/173","152/152","156/156","83/85","124/132","165/183","142/148","262/262","146/150","129/129","157/159","91/92","146/150","184/192","108/112","170/176","89/89","161/161","85/89","108/118","161/167","228/238","130/132","96/98","101/101","181/181","201/211","164/168","149/151"
315,"2023","WBNPGR","Wood Bison","Hair","40","2021",2021,2021,"","Bison samples WBNP - RB","DW",NA,NA,NA,NA,"100",100,"89/89","138/138","187/191","247/253","103/103","145/147","97/97","129/129","191/191","232/238","87/87","149/162","115/115","172/174","225/229","143/143","156/158","90/90","127/140","188/190","252/252","173/175","146/152","154/154","83/83","124/124","183/183","142/142","256/262","150/150","129/129","155/159","91/92","146/150","180/180","108/112","166/170","85/91","165/173","81/89","116/118","161/167","238/238","130/134","98/104","99/103","181/183","205/215","142/162","145/153"
318,"2023","WBNP","Wood Bison","Hair","88209","2021",2021,2021,"","Bison samples WBNP - RB","DX*",NA,NA,NA,NA,"100",100,"89/89","136/136","179/187","241/269","103/103","135/141","93/103","129/129","189/191","238/252","89/89","160/160","115/115","174/178","229/231","143/143","158/160","90/100","127/140","190/194","252/252","173/173","152/158","154/154","77/81","124/124","165/175","148/150","256/262","150/150","125/125","155/159","91/91","150/150","180/192","106/106","170/174","81/89","161/169","89/89","114/118","167/167","228/238","128/130","98/104","101/101","181/181","211/211","142/142","147/149"
319,"2023","WBNPPAD","Wood Bison","blood","217","2021",2021,2021,"","Bison samples WBNP - RB","DY**",NA,NA,NA,NA,"98",98,"89/89","136/140","179/187","253/269","101/103","141/145","89/93","149/149","189/189","238/238","87/89","154/161","108/115","172/176","229/229","143/143","158/158","90/102","138/140","190/194",NA,"175/177","152/162","144/154","77/81","132/132","179/183","142/150","260/262","146/148","125/129","159/159","91/94","150/154","192/192","106/110","174/176","83/89","161/161","85/91","108/118","167/167","228/238","128/134","102/102","101/103","179/181","205/211","142/158","145/149"
321,"2023","WBNPNY","Wood Bison","Biopsy","BSN80","2021",2021,2021,"","bison samples freezer","DZ*",NA,NA,NA,NA,"100",100,"89/91","136/138","179/179","241/253","103/103","141/145","103/103","129/149","189/189","238/238","87/87","162/162","115/115","182/182","227/229","143/143","152/156","102/102","127/146","194/194","252/252","167/173","146/146","144/154","77/81","124/132","179/183","142/150","260/260","146/150","123/129","157/157","91/91","150/150","192/192","110/110","174/174","89/89","173/173","87/89","114/116","167/167","238/240","118/118","92/102","95/95","181/191","201/207","142/158","145/153"
328,"2023","WBNPLB","Wood Bison","Biopsy","BSN73","2021",2021,2021,"","bison samples freezer","EC",NA,NA,NA,NA,"100",100,"89/89","136/138","179/181","241/269","103/103","141/145","93/97","129/129","191/191","238/252","87/91","160/162","113/115","172/174","227/231","143/145","156/158","90/90","127/127","188/190","246/252","173/177","152/166","144/160","83/83","124/124","183/183","138/148","262/262","146/146","125/129","155/159","91/91","146/154","180/196","106/112","170/172","85/89","161/165","85/89","116/116","161/167","228/238","128/130","98/104","95/101","181/181","205/211","142/144","145/151"
333,"2023","WBNPLB","Wood Bison","Biopsy","BSN75","2021",2021,2021,"","bison samples freezer","ED",NA,NA,NA,NA,"100",100,"89/91","138/142","175/187","247/269","103/103","141/145","83/93","129/149","189/195","232/232","87/87","158/160","115/115","172/174","229/229","143/143","158/158","90/90","127/140","194/200","252/252","173/175","152/152","144/154","83/83","124/124","165/175","142/142","260/260","150/150","129/129","155/157","92/92","146/150","192/192","108/112","166/174","83/89","165/173","89/89","116/118","167/167","228/238","128/132","102/104","101/103","177/181","205/207","166/166","149/153"
335,"2023","WBNPPAD","Wood Bison","Hair","88212","2021",2021,2021,"","Bison samples WBNP - RB","EE***",NA,NA,NA,NA,"100",100,"89/89","134/136","181/191","253/253","103/104","145/147","91/97","129/129","189/195","238/238","87/87","158/158","113/113","174/176","229/229","145/145","158/158","102/102","142/146","194/200","252/252","167/175","152/164","154/154","83/83","124/132","165/165","148/148","256/260","140/140","123/129","151/155","91/92","146/150","180/192","108/110","170/174","89/89","161/173","89/89","116/116","167/167","228/228","130/130","96/102","99/103","181/181","201/205","142/144","143/149"
338,"2024/M.Grant Thesis","WBNPNY","Wood Bison","Fecal","WBNP-979-Fe","2/15/2023",2023,2023,"","Bison_2023_2024_ContractSamples","EF",NA,NA,NA,NA,"98",100,"89/91","134/140","179/181","253/253","103/103","145/145","93/103","129/129","189/195","238/238","87/87","158/162","113/115","172/174","229/229","143/143","158/158","90/90","127/127","188/190","252/254","173/173","152/152","144/144","81/83","124/132","165/183","142/142","260/262","150/152","123/129","155/159","91/91","150/150","180/184","106/108","172/172","89/89","165/175","89/89","116/116","161/167","228/240","128/128","98/104","99/103","181/193","205/207","162/166","149/153"
339,"2024/M.Grant Thesis","WBNPNY","Wood Bison","Fecal","WBNP-978-Fe","2/15/2023",2023,2023,"","Bison_2023_2024_ContractSamples","EG",NA,NA,NA,NA,"98",100,"89/91","134/142","181/187","253/253","103/103","135/141","93/103","129/129","189/195","238/238","87/87","158/160","113/113","172/174","227/227","143/143","156/156","90/90","127/150","188/194","244/252","173/173","146/152","154/160","81/85","124/124","165/183","138/138","260/260","140/150","127/129","155/157","91/92","150/150","184/192","106/112","172/172","83/83","161/161","85/85","116/116","165/167","228/240","118/130","104/104","95/103","191/191","205/205","142/166","149/151"
341,"2024/M.Grant Thesis","WBNPHC","Wood Bison","Fecal","WBNP-153-Fe","10/21/2022",2022,2022,"",NA,"EH***",NA,NA,NA,NA,"98",100,"89/89","134/136","181/187","241/271","103/103","135/141","93/97","129/143","189/191","248/252","87/91","154/160","113/115","174/176","227/231","143/143","154/160","88/90","142/148","188/194","252/252","159/167","152/152","154/156","81/81","124/132","165/179","142/142","256/256","140/150","127/129","157/159","92/92","146/148","180/192","108/112","172/178","85/89","155/173","81/91","116/116","167/167","228/240","130/130","96/98","101/103","181/191","205/207","142/168","145/149"
343,"2023","WBNPHC","Wood Bison","Ear Tissue","BSN-60","2020",2020,2020,"","all samples","EI*",NA,NA,NA,NA,"100",100,"89/89","134/136","181/187","253/269","103/104","141/141","93/103","129/129","189/191","238/252","87/87","158/160","108/109","172/176","225/229","143/143","158/158","90/90","127/127","194/200","244/252","163/177","142/152","154/156","83/83","124/132","165/179","142/142","260/262","150/150","123/125","155/157","92/92","146/150","180/184","106/108","168/172","83/89","165/173","87/91","116/118","167/167","238/240","128/130","98/104","95/103","181/191","205/205","142/168","145/149"
345,"2025","WBNP","Wood Bison","Hair","25WBNP_20BF2",NA,NA,2025,"",NA,"EJ",NA,NA,NA,NA,"100",100,"89/91","136/138","175/179","253/269","103/103","145/145","103/103","129/143","189/191","238/238","87/89","161/162","113/115","172/172","225/229","143/143","156/156","90/102","127/146","194/200","252/252","173/173","146/152","154/160","81/83","124/132","179/181","142/150","262/262","140/150","123/129","157/157","94/95","146/150","180/192","106/112","172/172","89/89","167/173","89/91","116/116","167/167","228/238","130/130","98/102","101/101","181/181","201/211","142/166","149/151"
347,"2025","WBNP","Wood Bison","Hair","25WBNP_Hair4",NA,NA,2025,"",NA,"EK",NA,NA,NA,NA,"100",100,"91/91","134/138","179/179","253/253","103/103","145/145","83/103","143/149","189/191","238/252","87/87","143/160","108/108","182/182","225/231","143/143","158/158","90/102","127/148","194/194","252/252","173/177","146/146","154/156","81/83","124/124","175/183","142/150","260/260","146/146","129/129","155/159","92/92","146/146","184/192","106/110","172/178","85/89","161/169","81/81","116/118","167/167","228/240","114/130","102/104","99/103","181/191","205/215","142/142","151/153"
349,"2025","WBNP","Wood Bison","Hair","25WBNP_Hair6",NA,NA,2025,"",NA,"EL",NA,NA,NA,NA,"100",100,"89/91","136/136","179/181","247/253","103/103","135/145","89/103","129/143","195/195","238/252","89/91","158/158","113/115","182/182","229/229","143/143","158/158","90/100","142/146","194/194","252/252","173/173","152/158","156/158","81/83","124/124","183/183","142/148","260/262","150/150","125/125","151/155","94/95","146/150","180/180","106/106","170/186","89/89","167/173","87/91","116/118","167/167","238/238","130/130","92/102","99/101","181/181","205/215","162/168","149/153"
363,"2024/M.Grant Thesis","WBNPNY","Wood Bison","Fecal","WBNP-983-Fe","2/16/2023",2023,2023,"","Bison_2023_2024_ContractSamples","EV",NA,NA,NA,NA,"98",98,"89/91","134/138","179/187","247/271","103/103","135/141","93/103","129/143","195/195","238/238","87/87","160/162","115/115","174/176","225/229","143/143","158/160","88/90","146/148","188/194","252/252","173/177","146/166","156/158","81/81","124/132","165/175","142/150","260/262","146/150","129/129","155/157","91/95","150/152","180/180","90/106","168/172","85/89","173/173","89/91",NA,"167/167","228/238","130/134","98/104","101/103","191/191","211/211","142/142","149/149"
2470,"M. Grant Thesis","EINPP","Plains Bison","Fecal","EINP_P08","10/22/23",2023,2023,"",NA,"V",NA,NA,NA,NA,"94%",94,"91/91","134/134","175/185","253/271","103/103","135/147","97/97","143/149","189/191","238/238","85/87","143/161","113/115","180/182",NA,"143/145","158/158","90/100","128/128","194/200","246/250","165/173","152/156","144/156","83/83","122/122","179/183","142/148","262/262","146/150","123/127","155/159","92/92","146/154","192/198","108/110","170/174","89/89","161/161","87/89",NA,"161/167","236/240","130/134","98/104","95/101","179/191","211/215","164/168",NA
2471,"M. Grant Thesis","EINPP","Plains Bison","Fecal","EINP_P16","10/22/23",2023,2023,"",NA,"W",NA,NA,NA,NA,"98%",98,"91/91","136/138","187/187","241/253","103/103","135/147","89/97","129/143","189/191","238/238","87/89","160/161","113/113","180/180","229/229","143/143","156/160","88/102","128/148","194/200","250/254","165/175","152/162","156/158","81/83","122/122","179/185","148/150","256/262","146/150","127/127","155/157","92/92","148/150","184/198","108/108","168/170","83/89","161/173","87/87",NA,"161/167","228/240","130/130","96/98","95/101","179/191","201/205","158/168","149/149"
2472,"M. Grant Thesis","EINPP","Plains Bison","Fecal","EINP_P21","10/22/23",2023,2023,"",NA,"X",NA,NA,NA,NA,"98%",98,"91/91","138/138","187/187","241/249","103/105","135/141","89/97","129/149","189/195","238/238","87/89","160/160","113/113","180/180","225/231","143/147","154/158","88/88","128/150","194/202","246/254","163/173","150/162","144/156","83/83","120/124","165/165","142/142","262/262","140/140","127/127","153/157","92/92","146/146","184/196","108/108","168/172","89/95","161/173","85/87",NA,"161/161","240/240","130/130","92/104","101/103","181/191","215/215","142/162","149/149"
2484,"M. Grant Thesis","EINPP","Plains Bison","Fecal","EINP_P91","10/22/23",2023,2023,"",NA,"AD",NA,NA,NA,NA,"98%",98,"89/91","136/140","175/185","241/269","103/103","137/137","99/105","127/149","191/191","238/238","85/91","160/160","108/115","180/180","231/233","143/143","154/154","88/88","128/150","194/200","250/254","173/175","156/158","156/156","81/83","122/122","165/183","142/148","260/262","146/150","127/129","151/155","92/95","146/150","184/198","106/108","170/172","83/89","161/161","87/87",NA,"161/167","228/240","130/130","98/104","101/103","177/191","205/211","164/168","149/149"
2486,"M. Grant Thesis","EINPP","Plains Bison","Fecal","EINP_P95","10/22/23",2023,2023,"",NA,"Z",NA,NA,NA,NA,"96%",96,"91/91","136/138","187/187","245/271","103/104","135/135","97/101","129/143","195/195","238/238","87/91","143/158","108/113","172/180","229/229","147/147","154/160","90/100","140/140","194/200","246/250","175/175","152/158","156/156","83/83","122/124","165/183","142/142","260/262","140/148","125/127","153/155","91/95","146/146","192/192","106/108","168/170","89/89","161/173","87/87",NA,"161/165","240/240","118/130","96/98","101/101","181/191","207/211","162/168",NA
2487,"M. Grant Thesis","EINPP","Plains Bison","Fecal","EINP_PB102","23-Oct-24",2024,2024,"",NA,"AM",NA,NA,NA,NA,"96%",96,"89/91","136/138","185/187","241/253","103/103","135/135","89/97","129/149","189/191","238/238","85/89","160/160","113/113","180/180","225/229","143/143","156/158","88/100","128/150","194/200","246/250","165/173","156/164","156/158","83/83","122/122","183/185","138/148","262/262","140/140","123/127","157/159","91/95","146/150","180/180","106/112","168/172","83/89","161/173","85/87",NA,"161/165","236/240","130/130","92/104","99/103","191/191","205/215","142/158",NA
2489,"M. Grant Thesis","EINPP","Plains Bison","Fecal","EINP_PB105","23-Oct-24",2024,2024,"",NA,"AN",NA,NA,NA,NA,"98%",98,"91/91","134/136","179/187","241/253","103/103","137/147","89/105","143/149","189/195","238/238","87/91","143/160","113/115","174/180","229/233","145/145","158/160","100/100","128/148","194/194","250/250","163/173","142/162","144/156","81/83","124/124","183/185","142/148","256/262","150/150","129/131","153/155","92/94","146/150","180/198","108/112","168/168","83/89","161/165","89/91",NA,"167/167","240/240","130/134","96/104","95/99","191/191","205/211","162/164","149/149"
2498,"M. Grant Thesis","EINPW","Wood Bison","Fecal","EINP_W07","10/22/23",2023,2023,"",NA,"AE",NA,NA,NA,NA,"92%",94,"89/91","136/138","181/187","253/269","103/103","141/141","93/97","129/129","189/191","238/238","87/87","158/160","113/115",NA,"229/231","143/143","158/158","90/102","142/142","190/190","252/254","177/177","152/152","144/154","83/83","124/132","183/183","142/142","260/262","150/150","125/129","153/155","91/94","148/150","184/198","110/112","172/172","89/89","161/173","87/89",NA,"161/167","228/236","130/130","102/102","101/101","181/191","201/205","142/168",NA
2513,"M. Grant Thesis","EINPW","Wood Bison","Fecal","EINP_WB108","23-Oct-24",2024,2024,"",NA,"AK",NA,NA,NA,NA,"96%",96,"89/89","134/136","179/187","253/253","103/103","141/145","103/103","129/129","189/191","232/238","87/87","158/158","113/115","174/174","227/229","143/143","154/156","90/90","142/146","190/194","252/252","167/173","154/166","144/144","77/77","122/132","175/175","138/142","262/262","148/150","125/129","155/155","91/91","150/150","180/184","106/112","172/172","89/89","169/173","81/89",NA,"167/167","228/238","130/132","96/102","95/95","181/191","205/211","144/166",NA
2514,"M. Grant Thesis","EINPW","Wood Bison","Fecal","EINP_WB112","23-Oct-24",2024,2024,"",NA,"AI",NA,NA,NA,NA,"96%",96,"89/93","138/138","179/179","253/271","103/103","141/145","97/103","129/129","189/189","238/238","87/87","147/158","108/108","172/174","227/229","143/143","156/158","90/90","128/142","190/194","252/252","167/177","152/152","144/154","81/83","122/132","175/175","142/150","256/262","146/150","125/129","155/155","91/91","150/150","196/198","112/112","166/176","85/89","161/165","89/91",NA,"167/167","224/238","130/130","96/104","101/101","181/181","205/211","168/168",NA
2541,"M.Grant Thesis","WBNP","Wood Bison","Fecal","WBNP_Oct24_016","30-Oct-24",2024,2024,"",NA,"EH",NA,NA,NA,NA,"100%",100,"89/91","136/140","179/187","247/253","103/103","135/145","83/103","129/149","189/191","232/238","87/89","160/161","113/113","172/176","225/229","143/145","158/160","90/90","140/146","200/200","248/252","167/173","152/166","154/160","81/83","122/124","165/175","138/148","260/260","146/146","123/123","153/157","91/95","146/150","180/196","106/108","166/170","89/89","161/161","89/89","114/116","167/167","236/238","130/134","102/104","101/103","181/181","205/207","142/142","145/149"
2543,"M.Grant Thesis","WBNP","Wood Bison","Fecal","WBNP_Oct24_019","30-Oct-24",2024,2024,"",NA,"EI",NA,NA,NA,NA,"96%",96,"89/89","136/138","181/185","241/269","103/103","135/145","103/103","129/141","189/189","232/238","87/87","158/161","115/115","174/176","225/227","143/145","154/158","90/90","128/140","194/202","250/252",NA,"158/162","144/154","83/83","132/132","165/183","142/142","262/262","146/150","129/129","157/157","91/92","146/150","180/198","112/112","168/172","89/89","161/161","91/91",NA,"167/167","238/238","130/132","92/102","95/101","181/191","201/211","142/142","145/149"
2545,"M.Grant Thesis","WBNP","Wood Bison","Fecal","WBNP_Oct24_027","30-Oct-24",2024,2024,"",NA,"EG",NA,NA,NA,NA,"98%",98,"89/91","134/136","179/187","247/253","103/103","135/145","103/103","129/129","189/189","232/238","89/91","170/170","108/113","172/172","229/231","143/145","156/158","90/90","128/128","188/200","252/252","163/173","152/162","144/154","81/85","124/124","175/183","148/148","262/262","140/150","127/129","155/157","91/95","146/150","180/192","112/112","170/172","89/89","161/161","89/91","116/116","167/167","228/240","114/130","102/104","99/103","181/181","205/205","164/168",NA
2548,"M.Grant Thesis","WBNP","Wood Bison","Fecal","WBNP_Oct24_031","30-Oct-24",2024,2024,"",NA,"EJ",NA,NA,NA,NA,"96%",96,"91/91","136/136","179/179","253/269","103/107","141/145","83/97","129/143","189/189","238/238","87/89","153/158","113/115",NA,NA,"143/143","158/158","90/90","128/140","194/194","252/252","175/175","146/152","144/154","77/83","124/124","165/183","142/150","260/262","146/146","125/125","155/159","91/91","150/150","180/184","106/110","174/174","85/89","161/169","89/89","116/118","167/167","240/240","130/130","98/104","101/101","181/181","205/207","162/168","145/145"
2555,"M.Grant Thesis","WBNP","Wood Bison","Fecal","WBNP_Oct24_066","30-Oct-24",2024,2024,"",NA,"EL",NA,NA,NA,NA,"96%",96,"89/89","138/138","179/185","241/253","103/103","135/145",NA,"129/129","189/195","238/238","87/87","161/162","108/113","172/172","227/227","143/143","158/158","90/90","148/150","188/194","252/252","167/173","152/152","144/144","83/83","124/132","165/183","142/142","256/260","146/146","123/123","155/159","92/92","146/150","180/196","112/112","170/172","89/89","165/173","89/91",NA,"167/167","228/238","130/132","92/98","101/103","181/181","211/211","142/142","149/149"
2557,"M.Grant Thesis","WBNP","Wood Bison","Fecal","WBNP_Oct24_071","30-Oct-24",2024,2024,"",NA,"EN",NA,NA,NA,NA,"100%",100,"91/93","136/138","181/187","253/269","103/103","135/145","93/97","129/129","189/191","238/238","87/87","149/160","115/115","172/172","231/233","143/143","158/160","90/90","128/142","194/194","252/252","173/177","146/146","154/154","81/83","124/124","183/183","142/142","262/262","150/152","125/129","155/155","91/91","150/150","184/184","106/106","172/172","83/91","161/165","89/89","116/116","167/167","238/238","128/134","98/102","95/103","181/181","207/211","142/142","149/153"
2561,"M.Grant Thesis","WBNP","Wood Bison","Fecal","WBNP_Oct24_079","30-Oct-24",2024,2024,"",NA,"EO",NA,NA,NA,NA,"100%",100,"89/91","136/138","185/187","241/241","103/103","135/141","93/103","143/149","189/191","232/238","87/87","162/162","113/115","172/176","225/231","143/143","158/160","90/90","128/128","190/200","252/252","165/177","146/158","154/154","77/83","124/132","175/183","138/142","262/262","146/151","129/129","155/157","91/91","148/150","180/192","110/112","172/174","89/95","161/161","91/91","116/118","167/167","236/238","118/130","96/98","101/103","181/181","201/205","142/158","149/149"
2596,"M. Grant Thesis","EINPP","Plains Bison","Fecal","EINP_P85","10/22/23",2023,2023,"",NA,"AC",NA,NA,NA,NA,"96%",96,"91/91","134/142","185/191","245/249","103/104","135/135","97/97","129/143","191/191","238/254","87/89","160/160","108/108","172/174","229/231","143/143","154/158","88/102","150/150","194/200","250/254","175/175","150/158","144/144","81/83","122/122","179/181","142/142","262/262","146/150","127/127","155/159","91/90","146/150","180/184","106/110","168/170","83/89","161/165","87/89",NA,"161/161",NA,"130/134","96/96","95/99","191/191","205/215","142/168","149/149"
2597,"M. Grant Thesis","EINPW","Wood Bison","Fecal","EINP_W33","10/22/23",2023,2023,"",NA,"AG",NA,NA,NA,NA,"94%",94,"89/91","138/140","179/187","253/269","103/103","141/145","93/97","143/143","191/195","238/252","87/89","162/162","115/115",NA,NA,"143/157","156/156","90/102","146/148","190/194","252/252","173/173","152/152","144/154","83/83","132/132","165/179","142/142","260/262","140/146","125/129","155/159","91/91","148/150","194/198","110/112","170/172","85/89","161/165","89/89","116/116","167/167","228/238","114/130","102/104","101/101","181/181","207/211","142/168",NA
364,"2023","RL","Wood Bison","DNA","ronald lake fetus",NA,NA,2015,"",NA,NA,NA,NA,NA,NA,"100",100,"89/89","136/138","187/191","247/253","103/103","135/141","83/93","129/129","189/191","238/254","87/91","160/160","113/115","174/174","231/231","133/143","156/156","90/90","127/148","194/202","246/246","163/167","146/156","144/160","83/83","124/132","183/183","142/142","256/262","146/150","123/125","151/155","92/95","146/150","180/180","96/112","170/170","89/89","161/173","87/91","108/116","167/167","236/236","130/132","102/104","103/103","181/181","205/215","158/158","145/149"
382,"2023","HZ","Wood Bison","DNA","chinchaga 1",NA,NA,2015,"",NA,NA,NA,NA,NA,NA,"100",100,"89/91","136/138","187/187","241/253","103/103","135/141","97/103","141/149","195/195","232/252","87/89","147/158","113/115","172/172","227/233","143/143","156/158","90/90","140/146","190/194","252/252","173/177","152/152","144/152","83/83","124/132","175/175","142/142","260/262","148/150","123/125","155/155","91/91","150/150","180/180","112/112","166/176","83/89","161/169","89/89","116/116","167/167","228/228","114/132","92/102","101/103","181/191","207/211","144/166","145/147"
383,"2023","HZ","Wood Bison","DNA","chinchaga 2",NA,NA,2015,"",NA,NA,NA,NA,NA,NA,"100",100,"89/89","134/138","187/187","253/253","103/103","141/141","93/103","129/143","195/195","238/252","87/87","147/147","108/115","174/174","227/227","143/143","158/158","90/90","140/146","188/194","252/252","177/177","152/152","144/154","81/81","124/124","165/175","142/148","260/260","140/148","125/129","155/155","91/91","150/150","180/180","112/112","170/176","89/89","161/165","89/89","116/118","167/167","228/238","132/132","102/102","95/99","177/181","211/215","142/166","147/153"
384,"2024","CL","Wood Bison","Fecal","MAN-391-Fe","2/24/2023",2023,2023,"","Bison_2023_2024_ContractSamples",NA,NA,NA,NA,NA,"100",100,"91/91","134/136","181/187","253/269","103/103","141/141","93/93","141/149","191/191","238/238","87/87","158/162","113/113","172/174","225/229","143/143","158/160","90/90","127/127","190/194","252/252","173/175","152/152","160/160","77/83","124/132","183/183","142/142","262/262","140/146","125/129","155/155","91/92","150/150","180/184","112/112","166/166","85/89","161/165","89/89","116/118","167/167","228/238","130/130","102/104","101/101","181/181","205/205","142/142","149/153"
385,"2024","CL","Wood Bison","Fecal","MAN-399-Fe","2/23/2023",2023,2023,"","Bison_2023_2024_ContractSamples",NA,NA,NA,NA,NA,"98",98,"89/91","134/140","187/187","253/269","103/103","141/147","103/103","129/143","191/195","238/252","87/89","158/162","108/115","174/176","227/231","143/145",NA,"90/90","127/142","190/190","252/252","167/173","152/152","154/154","83/83","132/132","183/183","142/142","260/260","146/150","129/129","155/155","92/92","150/150","180/198","110/110","166/172","85/89","161/173","87/91","116/116","161/167","228/238","130/134","102/102","101/103","181/181","205/211","144/166","153/153"
386,"2024","CL","Wood Bison","Fecal","MAN-400-Fe","2/24/2023",2023,2023,"","Bison_2023_2024_ContractSamples",NA,NA,NA,NA,NA,"100",100,"89/89","136/136","181/187","253/253","103/103","135/141","103/103","129/141","189/191","238/252","89/89","147/158","115/115","174/174","227/229","143/143","154/156","90/90","142/146","190/194","252/252","173/177","152/152","154/154","81/83","132/132","183/183","142/142","262/262","150/150","125/129","155/155","91/95","148/150","196/196","110/112","166/172","89/89","161/173","89/89","116/118","167/167","228/238","130/130","98/102","95/101","181/191","205/205","142/168","149/153"
387,"2024","CL","Wood Bison","Fecal","MAN-402-Fe","2/23/2023",2023,2023,"","Bison_2023_2024_ContractSamples",NA,NA,NA,NA,NA,"100",100,"89/89","134/136","187/187","269/269","103/103","141/141","103/103","129/129","191/191","232/238","87/89","158/162","115/115","174/174","225/227","143/143","156/156","90/102","138/142","190/190","252/252","167/177","152/152","154/154","83/83","124/132","183/183","142/148","260/260","146/150","129/129","155/155","92/92","150/150","180/198","110/110","166/166","89/89","169/173","87/91","116/118","161/167","228/228","130/130","102/104","95/101","181/181","205/205","142/166","149/153"
388,"2024","CL","Wood Bison","Fecal","MAN-403-Fe","2/23/2023",2023,2023,"","Bison_2023_2024_ContractSamples",NA,NA,NA,NA,NA,"100",100,"89/89","136/138","181/187","253/253","103/103","135/141","93/103","129/149","191/191","238/238","87/89","160/162","115/115","174/174","225/229","143/143","158/160","90/102","142/142","190/194","252/252","167/173","152/152","154/160","77/83","124/132","175/183","138/138","260/260","146/150","129/129","155/155","91/92","150/150","184/184","110/110","172/172","83/89","161/169","87/91","116/118","167/167","228/228","130/130","102/102","101/101","181/181","205/205","142/166","145/145"
389,"2024","CL","Wood Bison","Fecal","MAN-404-Fe","2/23/2023",2023,2023,"","Bison_2023_2024_ContractSamples",NA,NA,NA,NA,NA,"100",100,"89/91","136/138","187/187","253/269","103/103","145/145","103/103","129/129","191/195","238/238","87/87","162/162","108/115","172/174","225/227","143/143","158/160","90/90","142/146","190/194","252/252","173/173","152/152","154/160","77/83","124/132","175/183","138/138","260/260","150/150","129/129","155/155","92/95","150/150","180/196","110/110","166/166","83/89","169/173","87/91","116/118","167/167","228/238","130/130","102/102","101/103","181/181","205/205","144/168","149/153"
390,"2024","CL","Wood Bison","Fecal","MAN-409-Fe","2/23/2023",2023,2023,"","Bison_2023_2024_ContractSamples",NA,NA,NA,NA,NA,"96",96,"89/89","138/138","187/187","241/253","103/103","135/145","93/103","129/129","189/195","238/254","87/87","158/160","108/115","174/176","225/227","143/143","158/158","90/90","138/146","194/194",NA,"167/177","152/152","154/160","83/83","132/132","175/183","142/142",NA,"146/150","125/129","155/155","91/92","150/150","180/196","108/112","176/176","89/89","161/169","89/91","116/118","167/167","228/238","114/130","98/104","101/103","181/181","205/211","166/166","145/153"
391,"2024","CL","Wood Bison","Fecal","MAN-411-Fe","2/23/2023",2023,2023,"","Bison_2023_2024_ContractSamples",NA,NA,NA,NA,NA,"100",100,"89/91","134/136","179/187","253/269","103/103","141/141","93/103","129/129","191/195","232/238","87/89","158/160","115/115","172/176","225/229","143/143","158/160","90/90","127/142","188/190","252/252","167/167","152/152","144/144","81/83","124/132","183/183","138/142","260/260","146/150","123/125","155/155","91/92","146/150","184/196","110/110","166/172","85/89","161/169","85/89","116/118","167/167","228/228","114/130","98/104","101/103","181/181","205/211","142/168","153/153"
392,"2024","CL","Wood Bison","Fecal","MAN-412-Fe","2/23/2023",2023,2023,"","Bison_2023_2024_ContractSamples",NA,NA,NA,NA,NA,"100",100,"91/93","138/138","187/187","269/269","103/103","141/141","93/103","129/149","189/191","238/238","87/89","158/158","115/115","172/172","229/233","143/143","158/158","90/102","140/146","194/194","252/252","167/173","152/152","154/154","83/83","124/124","183/183","142/142","260/262","146/150","129/129","155/155","92/92","148/150","180/184","110/112","166/176","89/95","161/161","87/89","116/118","167/167","228/238","130/130","102/104","101/101","181/181","205/205","142/144","145/153"
393,"2024","CL","Wood Bison","Fecal","MAN-413-Fe","2/23/2023",2023,2023,"","Bison_2023_2024_ContractSamples",NA,NA,NA,NA,NA,"96",96,"89/89","138/138","181/187","253/269","103/103","141/147",NA,"129/129","191/195","238/238","89/89","158/162","113/115","172/176","225/227","143/143","156/160","90/90","142/142","190/194","252/252","175/177","152/152","154/154","77/83","124/132","175/183","138/142","260/260","146/146","129/129","155/155","92/95","150/150","180/194","110/110","166/172","85/89","161/173","89/89",NA,"167/167","228/228","130/130","102/104","101/103","181/181","201/205","166/166","149/153"
394,"2024","CL","Wood Bison","Fecal","MAN-414-Fe","2/23/2023",2023,2023,"","Bison_2023_2024_ContractSamples",NA,NA,NA,NA,NA,"100",100,"89/93","136/136","187/187","269/269","103/103","141/145","93/103","141/149","189/191","238/238","87/89","158/162","115/115","174/176","225/229","143/143","156/160","90/102","146/146","190/194","252/252","173/173","152/152","154/154","81/83","124/132","183/183","138/142","260/262","140/150","125/129","155/155","92/92","150/150","184/196","110/110","166/172","85/89","161/161","89/89","116/116","167/167","228/228","130/130","92/96","101/103","181/181","205/211","168/168","145/153"
395,"2024","CL","Wood Bison","Fecal","MAN-416-Fe","2/23/2023",2023,2023,"","Bison_2023_2024_ContractSamples",NA,NA,NA,NA,NA,"100",100,"89/91","136/136","181/187","253/269","103/103","141/147","91/97","129/129","189/195","238/238","87/89","160/160","115/115","174/174","229/233","143/143","154/158","90/90","127/142","190/194","252/252","167/173","152/152","154/154","81/83","126/132","183/183","138/142","260/260","146/150","125/129","155/155","91/92","148/150","184/196","110/110","172/172","83/89","161/161","87/91","116/116","167/167","228/228","114/134","102/102","95/99","181/181","205/211","142/168","149/153"
396,"2024","CL","Wood Bison","Fecal","MAN-420-Fe","2/23/2023",2023,2023,"","Bison_2023_2024_ContractSamples",NA,NA,NA,NA,NA,"98",100,"89/91","134/136","179/187","241/253","103/103","135/141","103/103","129/129","191/191","238/238","89/89","160/160","115/115","172/176","225/229","143/143","156/160","90/102","142/146","190/190","244/252","167/173","152/152","154/160","83/83","124/124","183/183","138/142","260/260","140/150","125/129","155/155","92/95","150/150","194/194","90/90","172/172","85/89","161/161","89/89","116/118","161/167","228/228","130/130","98/102","101/103","181/181","205/207","142/168","149/149"
504,"2023","ETH","Wood Bison","Biopsy","2","2022",2022,2022,"","Bison_ Samples_BC_2June2022",NA,NA,NA,NA,NA,"100",100,"89/89","134/136","187/187","241/241","103/103","141/145","93/103","129/141","189/191","232/238","87/89","147/158","108/113","172/174","227/229","143/143","158/158","90/102","140/142","190/190","250/252","167/177","152/154","144/154","81/81","124/124","183/183","138/142","260/262","146/150","129/129","155/155","92/92","148/150","180/180","110/112","176/176","89/95","161/165","89/89","116/118","167/167","228/228","114/130","104/104","103/103","177/181","205/207","142/166","153/153"
505,"2023","ETH","Wood Bison","Biopsy","3","2022",2022,2022,"","Bison_ Samples_BC_2June2023",NA,NA,NA,NA,NA,"100",100,"89/93","136/136","187/187","253/253","103/103","135/147","103/103","129/149","191/191","232/238","89/91","158/158","108/115","174/174","229/233","143/143","160/160","90/90","140/140","190/190","250/252","177/177","146/166","154/154","81/81","132/132","175/183","138/142","260/262","150/150","123/129","155/155","91/91","146/150","180/184","106/112","172/176","85/89","161/161","89/89","116/116","161/167","228/238","128/132","92/102","101/103","181/181","205/215","144/158","151/153"
506,"2023","ETH","Wood Bison","Biopsy","9","2022",2022,2022,"","Bison_ Samples_BC_2June2025",NA,NA,NA,NA,NA,"100",100,"91/93","134/136","187/187","253/253","103/103","141/145","93/103","143/149","189/191","238/252","89/91","158/162","115/115","174/174","233/233","143/143","158/160","88/88","140/142","190/194","252/252","173/175","152/152","154/160","81/83","124/124","179/183","142/142","262/262","146/150","129/129","155/159","91/92","150/150","180/194","112/112","166/170","83/85","161/161","87/89","118/118","167/167","228/238","130/130","92/104","101/101","177/181","211/215","158/166","153/153"
507,"2023","ETH","Wood Bison","Biopsy","12","2022",2022,2022,"","Bison_ Samples_BC_2June2026",NA,NA,NA,NA,NA,"100",100,"89/91","136/136","187/187","241/253","103/103","135/141","93/103","129/143","191/195","232/252","87/89","158/160","115/115","172/174","227/233","143/143","156/158","90/90","140/142","194/194","252/252","177/177","152/152","144/154","81/83","124/132","175/183","138/142","260/262","146/146","123/129","155/155","91/92","150/150","184/184","110/112","170/176","89/89","161/165","89/89","116/116","161/167","228/228","130/132","102/102","95/101","177/181","205/205","142/142","151/151"
508,"2023","ETH","Wood Bison","Biopsy","22","2022",2022,2022,"","Bison_ Samples_BC_2June2027",NA,NA,NA,NA,NA,"100",100,"89/91","136/136","179/181","241/271","103/103","135/145","89/97","129/141","189/191","238/252","87/89","158/162","113/113","172/174","227/229","143/143","158/158","90/90","140/142","188/194","252/252","177/177","152/166","152/154","83/83","124/124","165/183","138/142","260/260","148/150","129/129","155/155","91/95","150/150","180/196","112/112","170/172","89/89","161/169","89/89","116/118","167/167","228/228","132/132","98/104","95/99","177/181","201/207","158/156","149/151"
509,"2023","ETH","Wood Bison","Biopsy","23","2022",2022,2022,"","Bison_ Samples_BC_2June2028",NA,NA,NA,NA,NA,"100",100,"91/93","136/136","187/187","253/253","103/103","141/145","93/103","129/143","191/191","232/252","87/87","158/162","113/115","172/174","229/233","143/143","156/158","90/90","127/142","188/194","252/252","177/177","146/152","144/160","81/81","124/124","183/183","142/148","262/262","146/150","125/129","155/155","91/91","150/150","180/194","112/112","172/176","83/89","161/169","87/89","114/116","167/167","228/238","130/132","92/102","95/103","181/181","211/215","144/164","151/151"
510,"2023","ETH","Wood Bison","Biopsy","24","2022",2022,2022,"","Bison_ Samples_BC_2June2029",NA,NA,NA,NA,NA,"100",100,"91/91","136/136","179/179","253/253","103/103","135/141","93/103","143/143","189/191","238/238","87/89","147/160","113/113","174/174","227/233","143/143","158/160","90/90","138/142","194/194","252/252","173/177","146/166","144/156","83/83","124/124","175/183","142/142","260/262","146/148","125/129","155/155","91/92","150/150","196/198","110/112","176/176","89/89","165/169","85/89","114/116","167/167","228/238","130/132","92/102","99/103","177/181","205/207","142/158","151/153"
511,"2023","ETH","Wood Bison","Biopsy","25","2022",2022,2022,"","Bison_ Samples_BC_2June2030",NA,NA,NA,NA,NA,"100",100,"91/91","134/138","179/187","249/253","103/103","135/147","93/97","129/141","191/191","232/238","89/89","158/160","113/115","172/174","227/227","143/143","158/158","90/90","140/142","188/194","252/252","167/177","146/152","154/160","83/83","124/132","183/183","138/142","262/262","150/150","129/129","155/155","91/94","150/150","180/198","110/112","172/176","83/85","161/169","85/85","116/116","167/167","228/228","130/130","96/102","101/103","177/191","205/207","158/166","149/149"
512,"2023","ETH","Wood Bison","Biopsy","26","2022",2022,2022,"","Bison_ Samples_BC_2June2031",NA,NA,NA,NA,NA,"100",100,"89/91","136/136","179/187","241/253","103/103","135/141","89/93","129/149","189/191","232/238","87/87","147/158","115/115","172/174","227/231","143/143","158/158","90/90","127/142","190/194","252/252","167/177","146/152","154/154","83/83","124/132","183/183","138/142","260/262","146/150","129/129","155/155","92/92","150/150","180/180","112/112","166/172","89/89","161/161","85/87","116/118","167/167","228/228","130/130","102/102","103/103","181/181","205/211","158/166","149/151"
513,"2023","ETH","Wood Bison","Biopsy","27","2022",2022,2022,"","Bison_ Samples_BC_2June2032",NA,NA,NA,NA,NA,"100",100,"89/93","136/136","179/187","241/241","103/103","135/141","93/93","129/143","189/189","232/238","87/87","147/160","108/115","174/174","225/229","143/143","158/158","90/90","142/142","194/194","246/252","177/177","146/152","152/160","81/83","132/132","175/183","142/142","262/262","146/150","125/129","155/155","91/91","150/150","184/194","112/112","166/176","85/89","159/161","89/89","116/118","167/167","228/238","130/132","92/102","95/103","177/181","205/205","158/168","151/151"
514,"2023","ETH","Wood Bison","Biopsy","28","2022",2022,2022,"","Bison_ Samples_BC_2June2033",NA,NA,NA,NA,NA,"100",100,"89/91","134/134","179/187","253/271","103/103","135/141","97/103","129/129","189/191","232/238","87/89","147/158","115/115","172/176","229/233","143/143","156/160","90/90","140/142","188/190","246/252","167/177","152/152","154/156","83/83","124/132","175/183","138/138","260/262","150/150","125/125","155/155","91/91","146/150","180/180","110/110","172/172","85/89","173/173","85/89","116/116","167/167","228/228","128/128","98/102","101/101","177/181","207/211","144/158","145/145"
515,"2023","ETH","Wood Bison","Biopsy","29","2022",2022,2022,"","Bison_ Samples_BC_2June2034",NA,NA,NA,NA,NA,"100",100,"91/91","136/138","179/187","241/269","103/103","135/135","89/89","141/143","189/191","232/238","87/89","158/162","113/115","172/174","231/231","143/143","156/158","90/90","140/140","190/190","246/252","173/177","152/166","154/154","77/83","124/124","179/183","138/142","260/262","148/150","125/125","155/159","91/91","150/150","180/196","112/112","170/170","89/89","161/165","89/89","116/118","161/167","228/228","128/130","98/104","101/101","181/191","205/211","142/166","145/151"
558,"2025","ETH","Wood Bison","Tissue","BISO25-001","13-Mar-25",2025,2025,"",NA,NA,NA,NA,NA,NA,"96",100,"91/91","136/136","179/181","253/253","103/103","141/141","93/93","129/129","189/189","232/238","87/89","147/158","108/113","174/174","227/233","143/143","158/158","90/102","140/146","190/194","246/252","167/177","152/166","144/154","81/83","124/132","165/175","142/142","260/262","140/140","125/129","155/155","91/94","150/150","180/184","106/112","166/176","89/89","161/165","89/89","116/118","167/167","228/228","128/132","92/102","95/103","181/181","207/207","142/144","145/151"
559,"2025","ETH","Wood Bison","Tissue","BISO25-002","13-Mar-25",2025,2025,"",NA,NA,NA,NA,NA,NA,"96",100,"89/89","136/138","179/187","253/253","103/103","135/141","89/93","129/129","189/189","232/232","87/87","158/160","115/115","172/174","229/229","143/143","156/158","90/90","128/142","190/194","250/252","177/177","152/154","152/160","77/83","124/132","183/183","138/148","262/262","146/150","125/129","155/159","91/92","150/150","180/180","112/112","166/172","89/89","161/161","89/89","118/118","167/167","228/238","114/114","92/102","101/101","191/191","205/207","166/166","151/151"
560,"2025","ETH","Wood Bison","Tissue","BISO25-003","13-Mar-25",2025,2025,"",NA,NA,NA,NA,NA,NA,"98",100,"91/91","136/138","179/187","253/271","103/103","135/141","93/97","129/143","189/191","232/232","87/89","147/158","108/115","172/172","227/231","143/143","156/158","90/102","128/148","188/190","252/252","177/177","152/152","144/154","83/83","132/132","165/175","138/142","262/262","150/150","125/129","155/155","91/92","150/150","180/196","112/112","172/172","85/85","161/173","89/91","116/116","161/167","224/228","114/132","98/102","103/103","181/181","205/211","166/166","145/151"
561,"2025","ETH","Wood Bison","Tissue","BISO25-004","13-Mar-25",2025,2025,"",NA,NA,NA,NA,NA,NA,"98",100,"89/93","136/136","187/187","253/253","103/103","135/141","93/103","129/129","191/191","232/252","89/91","147/162","108/115","172/174","227/233","143/143","156/160","90/90","128/142","188/190","246/252","167/175","146/152","154/154","81/83","126/132","165/183","142/142","260/262","148/150","123/125","155/155","92/92","150/150","180/184","112/112","170/176","85/89","161/173","89/89","116/118","167/167","224/228","130/132","92/102","99/101","181/181","207/211","166/166","151/151"
562,"2025","ETH","Wood Bison","Tissue","BISO25-007","13-Mar-25",2025,2025,"",NA,NA,NA,NA,NA,NA,"98",100,"91/91","136/138","179/187","253/253","103/103","145/147","93/97","129/129","189/191","238/238","89/91","158/160","113/113","172/174","227/229","143/143","158/160","88/90","140/142","188/194","252/252","167/167","146/166","152/160","83/85","124/126","179/183","142/142","260/260","148/150","129/129","155/159","91/92","150/150","196/198","112/112","176/176","85/89","161/161","81/89","116/118","167/167","228/228","114/130","92/98","99/103","181/191","205/205","142/158","151/153"
563,"2025","ETH","Wood Bison","Tissue","BISO25-008","13-Mar-25",2025,2025,"",NA,NA,NA,NA,NA,NA,"98",100,"91/93","134/136","179/187","241/241","103/103","135/141","89/103","141/143","191/191","232/252","87/89","147/160","113/113","174/174","229/231","143/143","158/158","90/90","140/148","190/190","246/252","177/177","164/166","154/154","83/83","124/124","179/183","138/142","260/262","146/148","129/129","155/159","91/91","150/150","198/198","112/112","170/176","85/89","161/165","89/89","116/118","167/167","228/238","130/130","102/102","99/103","181/191","201/205","158/168","149/151"
564,"2025","ETH","Wood Bison","Tissue","BISO25-010","13-Mar-25",2025,2025,"",NA,NA,NA,NA,NA,NA,"98",100,"89/91","134/138","179/187","253/253","103/103","141/141","89/97","129/143","189/191","232/238","87/87","147/158","115/115","174/174","227/229","143/143","156/158","90/90","128/140","194/194","252/252","167/173","152/152","144/152","81/83","124/124","183/183","142/148","262/262","146/150","123/129","155/159","91/91","150/150","180/198","112/112","170/172","89/89","161/173","87/89","116/116","167/167","228/228","114/132","92/102","99/101","181/181","205/211","144/166","145/151"
565,"2025","WBNPGR","Wood Bison","Tissue","BISO25-018","15-Mar-25",2025,2025,"",NA,NA,NA,NA,NA,NA,"94",98,"89/89","134/140","179/181","239/253","103/103","135/145","91/97","129/145","189/189","238/238","87/91","160/162","113/115","174/174","229/231","143/143","156/158","90/90","140/142","194/194","252/252","163/167","152/158","144/156","77/81","124/124","175/183","148/148","260/262","146/150","125/129","155/155","92/92","146/150","184/198","112/112","174/178","89/89","161/173","81/85",NA,"167/167","228/236","114/130","104/104","101/103","177/181","205/211","144/158","143/145"
566,"2025","WBNPGR","Wood Bison","Tissue","BISO25-025","15-Mar-25",2025,2025,"",NA,NA,NA,NA,NA,NA,"92",98,"89/91","136/138","179/185","241/271","103/103","141/141","93/103","129/143","189/189","238/238","87/89","161/162","115/115","172/182","227/231","143/143","158/158","90/90","148/150","188/194","252/252","167/173",NA,"154/154","81/83","124/132","179/179","142/148","260/262","150/150","125/129","155/159","91/92","146/146","184/192","106/112","172/178","89/89","161/173","81/81","116/118","167/167","228/228","128/130","104/104","103/103","181/191","205/205","142/142","145/145"
567,"2025","WBNPGR","Wood Bison","Tissue","BISO25-026","15-Mar-25",2025,2025,"",NA,NA,NA,NA,NA,NA,"92",96,"89/89","134/136","179/187","253/253","103/105","141/145","97/103","129/143","189/189","238/238","87/87","161/161","115/115","174/174","229/229","143/143","156/158","90/90","142/142","194/194","246/248","163/167",NA,"154/154","81/83","124/132","175/175","142/148","260/260","150/150","129/131","155/155","91/95","150/150","180/180","106/112","168/172","83/85","161/167","89/91",NA,"161/167","238/238","130/130","98/104","99/101","181/191","205/211","142/144","151/153"
647,"2023","HZ","Wood Bison","DNA","45",NA,NA,2015,"",NA,NA,NA,NA,NA,NA,"100",100,"89/91","134/136","187/187","253/253","103/103","141/145","97/103","143/149","189/195","232/238","89/91","158/161","113/115","172/178","229/233","143/143","156/160","90/102","127/142","194/194","252/252","167/173","152/152","144/160","81/83","124/132","165/183","142/148","260/262","150/150","123/129","153/157","91/94","150/150","180/180","112/112","166/172","89/89","161/161","87/89","114/116","167/167","228/238","128/132","92/102","95/101","181/191","201/205","142/168","145/145"
648,"2023","HZ","Wood Bison","DNA","48",NA,NA,2015,"",NA,NA,NA,NA,NA,NA,"100",100,"89/91","138/140","179/187","249/253","103/103","135/141","103/103","129/149","189/195","232/232","89/91","161/164","113/115","172/172","229/229","143/143","156/158","90/90","127/142","190/194","252/252","167/173","152/158","154/160","81/83","124/124","165/183","142/142","260/262","140/150","125/129","155/157","91/92","150/150","180/184","110/110","172/172","89/95","161/173","87/89","116/118","167/167","228/238","128/128","102/104","95/101","177/191","205/211","142/158","145/153"
649,"2023","HZ","Wood Bison","DNA","52",NA,NA,2015,"",NA,NA,NA,NA,NA,NA,"100",100,"89/89","138/138","187/187","249/253","103/103","135/141","93/103","129/141","189/191","232/238","87/87","158/162","113/115","172/172","229/233","143/143","156/158","90/102","142/142","190/194","250/252","173/177","152/152","154/154","77/83","122/124","183/183","142/142","260/262","150/150","125/129","155/157","91/91","150/150","180/180","112/112","172/172","89/89","161/169","91/95","116/116","167/167","238/238","130/130","102/104","95/101","181/181","211/215","142/144","149/153"
650,"2023","HZ","Wood Bison","DNA","54",NA,NA,2015,"",NA,NA,NA,NA,NA,NA,"100",100,"89/89","136/140","179/179","249/253","103/103","141/141","97/103","129/129","191/195","232/238","87/87","158/158","115/115","174/176","225/229","143/143","158/160","90/102","138/142","194/194","250/250","167/167","146/152","154/160","81/83","122/132","179/183","142/148","260/262","146/150","125/125","155/157","91/92","146/150","180/180","112/112","166/166","89/89","161/165","87/89","116/116","167/167","228/228","128/128","102/102","101/101","181/181","201/215","168/168","151/153"
651,"2023","HZ","Wood Bison","DNA","55",NA,NA,2015,"",NA,NA,NA,NA,NA,NA,"100",100,"89/89","134/136","187/187","253/253","103/107","141/141","93/97","141/149","191/191","238/238","87/91","161/162","108/115","172/172","229/233","143/143","158/158","90/102","127/127","190/194","252/254","167/173","152/152","154/160","83/83","124/124","183/183","138/148","262/262","150/150","123/129","155/155","91/91","150/150","180/184","112/112","166/172","89/89","161/161","87/87","118/118","167/167","228/238","128/130","92/102","95/95","177/177","201/205","158/168","145/145"
652,"2023","HZ","Wood Bison","DNA","57",NA,NA,2015,"",NA,NA,NA,NA,NA,NA,"100",100,"89/89","136/136","179/187","249/253","103/103","141/145","97/103","129/141","191/191","232/238","87/87","158/158","113/115","172/174","229/233","143/143","156/158","90/90","142/146","194/194","252/252","173/175","152/152","144/160","81/81","124/124","183/183","142/142","260/262","150/150","125/125","157/157","91/91","150/150","180/184","106/110","166/166","89/89","165/165","91/91","114/118","167/167","228/238","128/130","102/102","95/101","191/191","211/215","142/158","145/153"
653,"2023","HZ","Wood Bison","DNA","68",NA,NA,2015,"",NA,NA,NA,NA,NA,NA,"100",100,"89/93","136/138","179/187","253/269","103/103","141/141","93/103","121/143","191/191","232/238","87/87","158/158","108/113","172/176","227/229","143/143","156/158","90/90","138/146","190/194","252/252","167/173","146/152","152/154","83/83","124/124","183/183","138/142","262/262","150/150","125/125","155/155","91/94","150/150","180/180","110/112","172/172","89/89","161/165","89/93","116/116","161/167","228/236","130/132","98/104","95/105","181/181","211/211","144/166","145/153"
654,"2023","HZ","Wood Bison","DNA","71",NA,NA,2015,"",NA,NA,NA,NA,NA,NA,"100",100,"89/93","138/140","179/187","253/253","103/103","141/145","85/93","129/141","191/191","232/232","87/89","158/162","108/113","172/172","227/229","143/143","156/158","90/90","127/146","190/194","252/254","167/173","152/152","154/154","81/81","126/132","183/183","142/142","262/262","146/146","125/129","155/155","91/94","150/150","180/180","110/112","170/172","89/89","165/168","89/91","114/118","167/167","228/228","130/130","92/102","95/103","181/181","205/211","158/168","153/153"
658,"2023","HZ","Wood Bison","DNA","90",NA,NA,2015,"",NA,NA,NA,NA,NA,NA,"100",100,"89/93","138/140","179/187","253/253","103/103","143/145","93/93","129/149","189/191","232/238","89/91","158/164","115/115","172/172","229/233","143/143","158/158","90/90","127/142","188/190","252/254","173/177","152/158","154/160","81/83","124/132","165/183","142/142","260/262","150/150","129/129","155/157","92/94","148/150","180/196","110/110","172/172","89/89","161/165","89/93","116/118","167/167","228/238","130/132","98/102","95/101","177/181","207/207","158/166","145/145"
659,"2023","HZ","Wood Bison","DNA","92",NA,NA,2015,"",NA,NA,NA,NA,NA,NA,"100",100,"89/89","136/138","179/179","249/253","103/103","145/145","89/97","149/149","189/191","232/232","87/91","147/158","115/115","174/180","227/233","143/143","156/158","90/102","127/142","194/194","252/254","167/167","146/152","154/160","81/83","124/132","165/179","142/142","262/262","150/150","125/125","155/155","91/91","150/150","180/180","112/112","166/166","89/89","161/173","81/87","114/116","167/167","228/238","128/130","102/102","95/101","181/191","201/211","142/166","145/151"
660,"2023","HZ","Wood Bison","DNA","95",NA,NA,2015,"",NA,NA,NA,NA,NA,NA,"100",100,"89/89","136/136","191/191","253/269","103/103","141/145","85/103","129/129","189/191","232/238","87/87","158/160","115/115","172/172","227/229","143/143","156/160","90/90","142/142","190/194","252/252","167/173","152/152","154/160","83/83","124/124","183/183","142/142","262/262","150/150","125/129","153/155","91/95","150/150","180/184","110/110","172/172","85/89","165/165","81/89","116/116","167/167","228/246","130/130","98/104","95/101","177/181","205/211","158/166","153/153"
661,"2023","HZ","Wood Bison","DNA","96",NA,NA,2015,"",NA,NA,NA,NA,NA,NA,"100",100,"89/89","136/138","179/187","267/269","104/104","141/145","93/103","129/141","191/191","238/240","87/87","158/160","108/113","176/176","227/229","143/143","156/158","90/102","138/142","190/194","252/252","167/173","146/152","152/154","81/83","124/124","183/183","138/142","262/262","150/150","125/129","155/155","91/94","150/150","180/180","110/112","172/172","89/89","161/161","81/89","114/116","161/167","236/236","130/132","96/104","95/101","181/181","211/211","144/166","145/153"
662,"2023","HZ","Wood Bison","DNA","98",NA,NA,2015,"",NA,NA,NA,NA,NA,NA,"100",100,"89/89","136/138","187/191","241/253","103/103","135/147","85/93","129/129","189/191","232/238","87/89","158/158","113/115","172/172","227/231","143/143","156/156","90/90","142/146","194/194","252/252","173/177","146/152","144/154","81/83","124/124","183/183","142/142","262/262","150/150","129/129","155/155","91/94","150/150","180/180","106/112","170/172","85/89","161/168","87/89","114/118","167/167","228/228","130/130","92/98","95/95","181/181","205/211","144/166","153/153"
663,"2023","HZ","Wood Bison","DNA","100",NA,NA,2015,"",NA,NA,NA,NA,NA,NA,"100",100,"89/93","136/140","187/187","249/253","103/103","141/141","93/97","129/141","191/195","232/238","87/91","162/162","108/113","172/176","227/233","143/143","158/158","90/90","127/127","190/194","250/252","167/177","154/158","154/160","81/81","124/132","165/183","142/142","260/262","140/150","125/125","157/157","91/91","150/150","180/180","110/112","172/176","89/89","161/169","87/89","116/116","167/167","224/228","122/130","96/104","95/103","181/181","207/211","144/166","145/153"
664,"2023","HZ","Wood Bison","DNA","135",NA,NA,2015,"",NA,NA,NA,NA,NA,NA,"98",100,"89/89","134/136","187/187","249/249","103/103","141/145","103/103","141/141","189/191","232/238","87/91","158/162","115/115","172/174","229/229","143/143","154/160","90/102","142/142","194/194","252/254","167/167","152/152","160/160","83/83","124/124","179/183","142/142","260/262","146/146","123/123","157/157","91/91","146/150","180/184","112/112","166/166","89/89","161/161","87/91","116/116","155/167","228/228","128/128","102/104","101/103","191/191","201/211","142/158","145/151"
665,"2023","HZ","Wood Bison","DNA","136",NA,NA,2015,"",NA,NA,NA,NA,NA,NA,"100",100,"89/89","138/140","179/187","249/253","103/103","141/145","85/93","129/149","191/195","232/238","87/87","147/160","115/115","172/172","229/231","143/143","154/156","90/102","127/127","194/194","252/252","173/173","146/152","144/156","83/83","124/132","175/183","138/142","260/262","150/150","125/129","155/159","91/91","150/154","180/180","112/112","166/172","89/89","161/165","89/93","116/116","161/167","228/228","114/130","102/104","95/103","181/191","207/211","158/166","153/153"
666,"2023","HZ","Wood Bison","Hair","150_320","2020",2020,2020,"","Bison samples freezer",NA,NA,NA,NA,NA,"100",100,"89/91","136/136","187/187","253/253","103/103","145/145","85/97","129/129","191/195","238/238","87/87","158/158","115/115","172/172","227/233","143/143","156/158","90/102","127/127","190/194","250/252","167/173","146/146","144/160","81/83","124/126","175/183","142/142","262/262","146/150","125/129","153/155","91/92","150/150","180/184","110/112","166/176","89/95","161/161","81/91","116/116","167/167","228/228","128/130","102/104","95/95","181/191","207/215","158/158","153/153"
667,"2023","HZ","Wood Bison","Hair","150_680","2020",2020,2020,"","Bison samples freezer",NA,NA,NA,NA,NA,"100",100,"89/89","136/136","179/179","249/253","103/103","141/145","97/103","129/129","193/195","238/238","87/89","158/158","113/113","172/174","227/229","143/143","158/158","102/102","142/142","190/194","252/252","167/173","152/158","152/160","81/81","124/124","175/183","138/138","260/260","150/150","129/129","153/155","91/91","150/150","180/184","110/110","166/172","89/89","161/161","81/81","116/118","167/167","224/238","114/128","92/104","95/103","181/181","211/211","142/144","145/153"
668,"2023","HZ","Wood Bison","Hair","150_820","2020",2020,2020,"","Bison samples freezer",NA,NA,NA,NA,NA,"100",100,"89/91","138/140","179/187","253/269","103/103","141/147","93/103","129/143","191/195","238/238","87/91","158/158","113/115","176/178","229/233","143/145","158/158","90/102","127/127","190/190","252/254","167/177","146/152","144/154","81/83","124/132","165/179","142/142","262/262","146/150","129/129","155/155","91/91","150/150","180/180","110/112","170/172","85/85","161/169","89/89","116/116","167/167","224/228","130/130","102/102","95/103","177/181","207/207","144/166","149/153"
669,"2023","HZ","Wood Bison","Hair","151_310","2020",2020,2020,"","Bison samples freezer",NA,NA,NA,NA,NA,"100",100,"89/89","136/136","179/187","249/249","103/103","135/141","93/93","129/129","189/195","232/238","87/89","158/160","113/115","172/172","227/227","143/143","158/160","90/90","138/142","190/194","250/252","167/173","152/152","154/154","77/83","122/132","165/183","142/142","262/262","150/150","129/129","155/155","91/91","150/150","196/196","112/112","170/172","89/89","165/169","87/89","116/118","167/167","228/238","130/130","96/96","103/103","181/181","205/211","144/144","149/149"
670,"2023","HZ","Wood Bison","Hair","151_410","2020",2020,2020,"","Bison samples freezer",NA,NA,NA,NA,NA,"100",100,"89/89","136/138","187/187","253/253","103/103","141/145","93/93","129/149","189/189","238/238","87/89","161/162","113/115","172/172","227/233","143/143","158/158","90/102","127/127","194/194","252/254","173/177","152/152","154/160","81/83","124/124","165/183","142/148","260/260","146/150","129/129","155/157","91/91","150/150","180/180","90/112","172/172","89/89","161/169","89/89","116/116","167/167","228/228","130/130","102/102","95/95","181/181","207/211","158/166","145/151"
671,"2023","HZ","Wood Bison","DNA","154",NA,NA,2015,"",NA,NA,NA,NA,NA,NA,"100",100,"89/91","134/136","179/181","253/253","103/103","141/145","97/103","129/149","189/191","232/252","87/91","147/158","115/115","174/174","227/227","143/143","156/158","90/102","127/127","194/194","252/252","167/167","146/152","144/154","81/83","132/132","165/183","142/142","262/262","150/150","125/125","155/159","91/92","150/150","180/180","112/112","166/172","89/95","165/165","87/87","116/116","167/167","228/228","128/130","102/102","95/95","191/191","201/211","142/144","145/153"
672,"2023","HZ","Wood Bison","DNA","155",NA,NA,2015,"",NA,NA,NA,NA,NA,NA,"100",100,"89/91","136/138","187/191","249/253","103/103","141/145","93/103","129/129","191/195","238/238","87/87","158/158","108/113","172/176","227/229","143/145","154/160","90/102","142/146","190/194","252/254","169/173","146/152","144/154","81/83","126/132","165/183","142/142","262/262","146/150","129/129","155/157","91/92","150/150","180/184","110/112","172/172","89/89","161/161","89/89","116/116","167/167","228/228","130/130","104/104","95/103","181/181","205/211","144/168","153/153"
673,"2023","HZ","Wood Bison","DNA","170",NA,NA,2015,"",NA,NA,NA,NA,NA,NA,"100",100,"93/93","136/136","187/187","253/253","103/103","135/145","97/103","129/129","189/191","232/238","87/91","158/158","113/113","176/176","227/229","143/143","156/158","90/90","127/146","190/194","250/252","167/167","146/154","152/154","81/83","124/132","183/183","142/142","262/262","140/150","125/129","155/155","91/92","148/150","180/196","110/112","172/176","89/89","161/169","87/89","118/118","161/167","228/238","130/130","98/104","95/95","181/181","205/207","144/168","153/153"
674,"2023","HZ","Wood Bison","DNA","174",NA,NA,2015,"",NA,NA,NA,NA,NA,NA,"100",100,"89/91","136/136","187/187","249/253","103/103","135/145","93/103","129/149","191/191","238/254","87/87","147/158","115/115","174/176","227/229","143/143","156/156","90/90","127/142","194/194","252/252","167/173","146/166","144/154","77/83","124/126","183/183","142/150","260/262","150/150","125/129","153/155","92/95","150/150","180/184","110/112","170/176","89/89","165/165","91/95","114/114","167/167","228/228","114/130","102/104","101/103","177/191","205/211","158/166","145/151"
675,"2023","HZ","Wood Bison","DNA","177",NA,NA,2015,"",NA,NA,NA,NA,NA,NA,"100",100,"89/91","138/138","187/191","249/249","103/103","135/141","93/103","129/141","189/191","232/254","87/87","158/162","113/115","172/172","225/227","143/143","158/158","90/102","142/146","194/194","252/252","167/177","158/158","154/154","77/83","132/132","175/183","138/142","262/262","148/150","125/129","155/155","91/91","148/150","180/180","110/110","170/172","89/89","165/169","85/91","114/116","167/167","224/238","114/130","102/104","95/95","181/181","205/215","166/168","149/153"
676,"2023","HZ","Wood Bison","DNA","178",NA,NA,2015,"",NA,NA,NA,NA,NA,NA,"100",100,"89/89","136/136","179/191","249/253","103/103","141/141","93/103","129/129","189/195","232/238","87/87","158/158","115/115","172/176","227/229","143/143","156/158","90/102","127/142","190/194","252/252","167/173","146/166","144/160","77/83","124/126","183/183","142/142","260/260","150/150","129/129","155/159","92/95","148/150","184/196","110/110","166/170","89/95","161/173","87/87","116/118","167/167","228/228","114/130","98/104","95/103","181/181","205/211","158/168","153/153"
677,"2023","HZ","Wood Bison","DNA","180",NA,NA,2015,"",NA,NA,NA,NA,NA,NA,"100",100,"89/89","136/138","179/187","249/269","103/104","141/145","85/93","129/141","189/191","232/232","87/91","162/162","108/115","172/174","225/231","143/143","156/156","90/90","127/142","190/190","252/254","167/173","146/152","154/154","81/83","124/132","165/183","142/142","260/262","150/150","125/129","155/155","91/91","150/150","180/184","110/110","166/172","89/89","161/165","89/93","114/116","167/167","238/238","114/132","92/102","95/103","181/181","201/207","144/168","151/153"
678,"2023","HZ","Wood Bison","DNA","28",NA,NA,2015,"",NA,NA,NA,NA,NA,NA,"100",100,"89/93","136/138","181/191","253/253","103/103","141/141","85/103","129/129","191/195","232/238","87/89","158/162","108/113","172/172","227/231","143/143","158/160","90/90","142/146","190/194","250/254","173/173","146/152","144/160","81/83","132/132","165/183","138/142","260/262","148/150","129/129","153/153","91/95","150/150","180/180","112/112","166/172","89/89","161/169","87/89","116/118","161/161","228/236","130/130","104/104","101/103","181/181","205/205","144/168","153/153"
679,"2023","HZ","Wood Bison","DNA","33",NA,NA,2015,"",NA,NA,NA,NA,NA,NA,"100",100,"89/93","138/140","179/191","235/253","103/103","135/135","85/85","129/149","191/191","232/232","87/87","158/160","113/113","172/174","227/229","143/143","156/156","90/102","142/146","190/194","250/252","173/175","146/152","144/154","81/81","124/132","165/179","142/142","262/262","150/150","129/129","153/155","91/94","150/150","184/196","110/110","172/172","89/89","161/169","87/87","116/116","167/167","228/238","130/130","96/104","95/95","181/181","205/211","166/168","153/153"
680,"2023","HZ","Wood Bison","DNA","36",NA,NA,2015,"",NA,NA,NA,NA,NA,NA,"100",100,"89/93","136/140","179/191","253/269","103/103","141/145","85/103","129/129","191/195","232/238","87/87","158/160","113/113","172/172","227/229","143/145","156/160","90/102","127/146","188/194","252/254","167/167","152/152","144/160","77/81","132/132","179/183","142/142","260/262","150/150","125/129","153/157","91/91","150/150","180/196","110/112","166/166","89/89","161/161","87/89","116/118","167/167","228/238","114/130","96/102","101/103","177/181","201/211","142/168","153/153"
681,"2023","HZ","Wood Bison","DNA","38",NA,NA,2015,"",NA,NA,NA,NA,NA,NA,"100",100,"89/89","138/138","187/191","253/253","103/103","141/145","93/103","129/141","189/195","232/238","87/89","162/162","108/113","174/174","229/231","143/145","158/160","90/90","138/142","194/194","252/252","173/177","152/158","154/154","83/83","124/132","165/183","142/142","260/262","150/150","129/129","155/157","91/91","148/150","180/180","110/112","172/172","85/89","161/169","87/87","114/116","161/167","228/228","122/122","98/102","95/95","181/181","205/211","158/166","145/153"
682,"2023","HZ","Wood Bison","DNA","4",NA,NA,2015,"",NA,NA,NA,NA,NA,NA,"100",100,"89/91","138/138","179/191","249/249","103/103","141/145","85/93","129/141","191/191","238/238","87/87","158/161","113/115","172/172","227/229","143/143","158/158","90/102","127/146","190/194","252/254","167/177","152/152","154/160","81/83","132/132","175/183","142/142","260/262","148/150","125/129","153/157","91/91","148/150","180/184","110/110","170/172","85/89","161/169","87/93","116/116","167/167","228/238","128/130","102/102","95/101","177/181","205/215","144/158","145/149"
683,"2023","HZ","Wood Bison","DNA","41",NA,NA,2015,"",NA,NA,NA,NA,NA,NA,"100",100,"89/89","138/138","179/187","249/253","103/104","135/141","93/97","141/141","189/191","232/238","87/89","162/162","113/113","172/172","255/233","143/143","158/158","90/102","142/146","194/194","246/252","167/175","152/158","154/154","83/83","124/132","165/175","138/142","260/262","148/150","129/129","155/159","91/91","148/150","180/180","110/110","172/172","85/89","165/169","89/91","114/116","161/167","228/228","114/128","102/102","95/95","181/181","205/215","158/158","149/153"
684,"2025","HZ","Wood Bison","Tissue","BISO25-011","14-Mar-25",2025,2025,"",NA,NA,NA,NA,NA,NA,"96",98,"89/91","136/138","187/187","253/269","103/103","141/141","93/103","129/143","189/191","232/238","87/87","158/162","108/113","172/172","229/231","143/143","156/158","90/90","142/146","190/194","252/252","167/167","152/152","144/152","83/83","124/132","165/183","142/142","262/262","150/150","125/129","153/155","91/91","150/150","180/184","112/112","172/172","89/89","161/169","89/89",NA,"167/167","224/228","130/132","96/104","95/95","177/181","205/211","142/168","153/153"
685,"2025","HZ","Wood Bison","Tissue","BISO25-013","14-Mar-25",2025,2025,"",NA,NA,NA,NA,NA,NA,"98",100,"89/89","138/138","179/187","249/269","103/103","141/141","93/93","141/143","191/195","238/238","89/91","158/160","115/115","172/172","229/233","143/143","154/156","90/102","128/128","190/194","248/252","173/177","146/158","154/160","83/83","124/132","165/179","142/142","260/262","150/150","125/125","155/157","91/95","150/150","180/180","112/112","166/172","85/89","161/169","89/91","116/116","167/167","224/224","130/130","102/102","95/101","181/191","211/211","166/166","145/151"
686,"2025","HZ","Wood Bison","Tissue","BISO25-014","14-Mar-25",2025,2025,"",NA,NA,NA,NA,NA,NA,"98",100,"89/93","136/140","179/191","253/253","103/103","141/141","93/103","129/129","189/191","232/238","87/91","158/158","113/113","172/172","227/229","143/143","158/158","90/90","128/142","190/190","252/252","167/173","146/166","154/154","77/81","124/124","179/183","142/142","260/262","150/150","129/129","155/159","91/92","150/150","180/180","110/112","166/166","89/89","165/169","87/87","116/116","161/167","228/236","132/132","98/98","101/103","181/181","201/207","142/158","145/153"
687,"2025","HZ","Wood Bison","Tissue","BISO25-015","14-Mar-25",2025,2025,"",NA,NA,NA,NA,NA,NA,"96",98,"89/93","138/140","187/191","253/253","103/103","141/145","85/103","129/141","191/191","232/238","87/87","158/162","113/115","172/176","229/229","143/143","156/158","90/90","146/146","194/194","252/254","173/177","146/152","154/154","77/81","124/132","165/183","138/142","262/262","150/150","125/129","155/155","91/91","148/150","184/196","110/112","172/172","89/89","161/161","81/87",NA,"167/167","228/238","130/130","102/104","95/95","177/181","207/211","158/166","145/153"
688,"2025","HZ","Wood Bison","Tissue","BISO25-019","14-Mar-25",2025,2025,"",NA,NA,NA,NA,NA,NA,"96",98,"89/89","136/138","181/187","253/253","103/103","135/141","85/93","129/129","191/195","232/238","87/87","158/162","113/113","172/172","227/229","143/143","156/158","90/90","142/142","194/194","252/252","167/167","146/152","154/154","81/83","132/132","183/183","142/142","260/260","148/150","129/129","153/155","92/92","150/150","184/196","110/112","172/172","89/89","161/161","87/89","116/118","161/167","224/228","130/130",NA,"95/101","181/181","211/215","144/158","145/153"
689,"2025","HZ","Wood Bison","Tissue","BISO25-020","14-Mar-25",2025,2025,"",NA,NA,NA,NA,NA,NA,"98",100,"89/89","136/138","179/181","253/253","103/103","141/141","89/93","129/149","191/195","232/238","89/91","147/162","113/113","172/174","227/233","143/145","156/156","90/102","128/142","194/194","252/254","173/173","152/158","144/160","83/83","124/132","175/183","138/150","260/262","150/150","129/129","153/155","91/91","148/150","180/184","110/112","166/166","89/89","161/169","87/89","116/118","167/167","228/236","130/130","98/102","95/101","181/181","205/207","158/168","153/153"
690,"2023","MBS","Wood Bison","DNA","2161",NA,NA,2015,"",NA,NA,NA,NA,NA,NA,"100",100,"89/93","134/136","179/179","253/269","103/103","135/145","97/103","141/143","191/195","238/252","87/87","158/161","113/113","172/174","229/231","143/143","156/158","90/102","140/150","190/194","246/246","167/177","146/152","154/156","81/81","124/132","165/175","138/142","260/262","150/150","129/129","157/157","91/91","146/146","192/196","106/110","172/176","85/89","161/165","85/89","108/114","167/167","228/240","130/130","104/104","95/95","191/191","205/211","142/166","145/153"
691,"2023","MBS","Wood Bison","DNA","2162",NA,NA,2015,"",NA,NA,NA,NA,NA,NA,"100",100,"91/91","136/142","179/181","253/253","103/103","141/147","89/103","129/143","195/195","232/238","87/89","158/160","113/115","172/182","229/231","143/145","158/158","90/102","127/140","194/194","246/250","171/175","158/166","154/154","81/83","124/124","165/175","142/150","262/262","146/150","127/129","155/155","91/92","150/154","192/196","106/110","170/170","81/81","161/173","91/93","114/118","167/167","228/228","130/130","94/104","95/101","181/191","205/205","162/164","149/149"
692,"2023","MBS","Wood Bison","DNA","2163",NA,NA,2015,"",NA,NA,NA,NA,NA,NA,"100",100,"89/91","136/138","179/187","253/253","103/103","141/141","93/103","129/143","191/191","238/238","87/89","162/162","108/113","172/172","229/231","145/145","156/156","90/90","140/140","190/194","252/252","167/175","152/152","154/154","83/83","124/132","183/183","142/148","256/260","140/146","129/129","155/157","91/91","146/150","180/180","106/112","170/176","89/95","173/173","89/91","114/116","167/167","228/236","114/132","102/104","101/103","181/191","201/207","142/158","149/153"
693,"2023","MBS","Wood Bison","DNA","2165",NA,NA,2015,"",NA,NA,NA,NA,NA,NA,"100",100,"89/91","136/142","179/181","253/253","103/103","141/145","85/85","129/129","189/195","232/238","87/89","147/162","108/113","182/182","231/231","143/143","158/158","90/90","127/140","194/194","252/252","173/175","152/152","154/154","81/83","124/132","165/175","148/150","262/262","140/140","125/127","157/159","92/92","150/154","184/184","112/112","170/176","89/89","161/165","85/91","114/116","167/167","228/238","120/130","102/104","101/103","181/191","205/207","158/158","151/151"
694,"2023","MBS","Wood Bison","DNA","2166",NA,NA,2015,"",NA,NA,NA,NA,NA,NA,"100",100,"91/91","136/138","179/179","253/253","103/103","145/145","97/103","129/129","191/191","232/238","87/89","161/161","113/115","172/182","227/229","143/143","156/156","90/90","127/138","194/200","246/252","165/165","152/164","154/154","81/83","124/132","165/175","148/148","260/260","150/150","129/129","155/159","91/94","150/150","192/192","110/112","170/172","83/89","161/165","85/93","114/116","167/167","228/238","128/128","100/104","101/101","181/191","205/205","164/166","151/153"
695,"2023","MBS","Wood Bison","DNA","2171",NA,NA,2015,"",NA,NA,NA,NA,NA,NA,"100",100,"89/91","134/134","179/179","241/253","103/104","145/145","83/103","129/129","189/191","238/254","87/89","158/162","113/115","172/182","225/231","143/143","156/158","90/102","127/140","190/194","246/254","165/175","146/152","154/154","77/81","124/132","175/183","142/148","262/262","148/150","129/129","155/155","91/92","146/148","180/192","106/108","170/176","85/89","173/173","85/87","114/116","167/167","238/238","130/132","96/102","103/103","191/191","211/211","142/142","145/149"
696,"2023","MBS","Wood Bison","DNA","2176",NA,NA,2015,"",NA,NA,NA,NA,NA,NA,"100",100,"91/91","136/142","179/187","241/253","103/105","135/145","103/103","129/129","189/195","232/238","87/87","158/160","115/115","182/182","229/231","143/143","156/158","90/102","127/140","190/194","252/254","171/173","152/158","154/160","81/83","132/132","175/183","142/142","260/262","146/150","125/129","157/157","91/91","146/150","180/184","106/110","170/172","89/89","161/165","85/91","108/116","167/167","228/228","118/130","102/104","95/101","181/191","205/215","162/168","145/151"
697,"2023","MBS","Wood Bison","DNA","2177",NA,NA,2015,"",NA,NA,NA,NA,NA,NA,"100",100,"89/91","134/136","179/181","253/253","103/105","141/145","93/103","141/143","189/191","252/252","87/89","158/161","115/115","178/178","225/231","143/143","158/158","102/102","127/127","190/194","246/252","167/175","152/152","144/154","77/83","124/124","165/183","142/148","260/262","140/150","125/129","157/157","91/91","146/150","180/192","106/112","166/170","83/89","173/173","81/89","114/118","167/167","228/238","130/134","102/104","103/103","181/181","205/215","142/166","151/153"
698,"2023","MBS","Wood Bison","DNA","2182",NA,NA,2015,"",NA,NA,NA,NA,NA,NA,"100",100,"91/93","134/138","179/181","253/253","103/103","145/145","103/103","129/143","191/195","238/252","87/87","147/158","108/115","172/178","229/231","143/143","156/160","90/90","127/140","194/194","252/252","167/173","146/152","154/154","83/83","124/132","165/183","148/148","260/260","150/150","125/129","155/157","91/91","146/150","190/192","90/106","170/176","81/89","173/173","91/93","114/116","161/167","224/238","132/134","98/102","95/95","181/191","205/211","142/158","151/151"
699,"2023","MBS","Wood Bison","DNA","2187",NA,NA,2015,"",NA,NA,NA,NA,NA,NA,"100",100,"89/89","134/138","179/181","253/253","103/103","135/141","103/103","141/143","191/191","238/252","87/89","158/158","108/115","174/182","231/231","143/143","158/160","90/102","127/140","190/194","246/252","177/177","152/152","144/144","83/83","124/132","183/183","142/142","262/262","150/150","125/129","155/159","91/92","150/154","180/180","110/110","170/170","85/85","161/173","81/85","114/118","167/167","238/238","114/134","102/102","95/101","181/181","205/215","142/164","145/151"
700,"2023","MBS","Wood Bison","DNA","2188",NA,NA,2015,"",NA,NA,NA,NA,NA,NA,"100",100,"89/89","134/134","179/179","269/269","103/103","135/141","103/103","129/143","191/191","232/238","89/89","158/162","113/115","172/174","229/231","143/143","156/160","90/90","127/140","188/194","252/252","167/173","152/166","160/160","83/83","124/132","183/183","142/148","256/260","146/150","125/129","155/159","91/92","146/150","180/180","106/106","172/172","89/89","165/173","81/89","114/116","161/167","238/238","128/134","94/104","103/103","181/191","211/215","142/166","145/145"
701,"2023","MBS","Wood Bison","DNA","2190",NA,NA,2015,"",NA,NA,NA,NA,NA,NA,"100",100,"89/89","136/136","179/179","253/253","103/103","141/147","103/103","129/143","189/191","238/238","87/89","143/158","108/113","172/174","231/231","143/143","156/156","90/90","140/148","188/194","250/252","165/173","146/152","154/154","81/83","124/132","165/175","142/148","260/260","146/150","125/129","155/157","91/94","146/150","180/196","110/110","170/176","85/89","173/173","89/93","114/116","167/167","240/240","114/114","102/102","101/103","181/191","211/215","142/164","149/151"
703,"2023","MBS","Wood Bison","DNA","2198",NA,NA,2015,"",NA,NA,NA,NA,NA,NA,"100",100,"89/91","134/134","179/187","241/269","103/105","135/145","91/103","143/143","189/195","238/252","87/89","147/147","113/113","172/178","229/231","143/143","154/158","90/102","127/127","190/194","252/254","167/167","152/162","154/154","83/83","124/132","165/165","142/150","262/262","140/140","123/129","155/157","91/92","146/146","184/196","112/112","170/176","89/89","161/173","81/89","114/118","167/167","224/228","130/134","102/104","95/103","191/191","205/205","142/156","151/151"
704,"2023","MBS","Wood Bison","DNA","2272",NA,NA,2015,"",NA,NA,NA,NA,NA,NA,"100",100,"89/89","134/134","179/179","253/253","103/103","141/145","93/103","129/143","189/191","232/238","87/87","160/162","115/115","172/174","229/231","143/145","156/160","90/90","127/146","194/194","246/246","167/173","152/152","144/154","81/83","122/124","165/183","142/142","256/260","146/150","129/129","155/157","91/91","150/150","184/190","90/106","170/176","83/89","161/173","87/91","116/118","167/167","224/238","130/130","102/102","95/95","181/191","205/205","158/166","151/151"
705,"2023","MBS","Wood Bison","DNA","2276",NA,NA,2015,"",NA,NA,NA,NA,NA,NA,"100",100,"91/91","136/136","175/179","253/269","103/103","141/145","103/103","129/129","191/195","238/238","87/89","158/158","113/113","172/174","231/231","143/143","154/156","90/90","127/146","194/194","252/252","163/173","152/166","154/156","77/85","124/124","175/175","142/142","262/262","148/150","125/127","155/159","91/91","146/150","180/196","110/110","170/170","81/89","161/161","87/91","116/118","167/167","228/228","119/132","98/104","101/103","181/181","205/211","142/166","149/151"
706,"2023","MBS","Wood Bison","DNA","2277",NA,NA,2015,"",NA,NA,NA,NA,NA,NA,"100",100,"89/89","136/136","175/187","253/269","103/103","135/141","93/97","129/141","195/195","238/238","87/87","158/162","115/115","174/176","225/231","143/143","156/156","90/90","127/140","194/194","250/252","165/177","146/152","154/154","81/83","124/124","165/175","148/150","262/262","148/150","123/125","155/157","91/94","146/146","184/192","106/110","166/176","89/89","161/173","91/91","118/118","167/167","238/238","114/134","104/104","101/103","191/191","205/207","158/166","145/153"
707,"2023","MBS","Wood Bison","DNA","2283",NA,NA,2015,"",NA,NA,NA,NA,NA,NA,"100",100,"89/91","136/136","181/187","253/269","103/105","141/141","103/103","129/129","189/191","232/232","87/87","162/162","115/115","174/178","229/231","143/143","158/160","90/102","127/127","194/194","246/252","165/177","152/166","144/154","81/83","124/132","165/165","142/142","262/262","140/150","125/125","155/159","91/94","146/154","180/184","110/112","176/176","89/89","161/165","85/91","114/114","161/167","224/224","130/132","102/102","95/101","181/191","211/215","158/168","145/153"
708,"2023","MBS","Wood Bison","DNA","2289",NA,NA,2015,"",NA,NA,NA,NA,NA,NA,"100",100,"89/91","136/136","175/181","253/253","103/103","135/145","93/103","129/143","191/195","238/254","87/87","158/162","108/115","172/178","229/231","143/143","156/156","90/90","127/138","190/194","250/252","167/175","152/166","144/156","83/83","132/132","175/183","142/142","262/262","140/148","125/125","155/159","91/94","150/150","180/180","106/112","170/176","89/89","161/173","85/89","114/116","167/167","228/238","114/130","102/104","95/101","191/191","207/211","166/168","145/153"
709,"2023","MBS","Wood Bison","DNA","2295",NA,NA,2015,"",NA,NA,NA,NA,NA,NA,"100",100,"89/91","134/138","179/181","253/253","103/103","141/145","97/103","141/143","189/191","238/252","87/87","158/161","113/115","182/182","225/231","143/143","158/158","90/90","138/146","194/194","252/252","175/175","146/152","154/154","77/83","124/124","165/165","148/148","262/262","146/150","125/129","155/157","91/92","146/150","192/192","106/110","172/176","85/85","161/173","81/85","116/118","167/167","228/236","130/132","98/104","101/103","181/181","211/211","142/162","149/153"
710,"2023","MBS","Wood Bison","DNA","2296",NA,NA,2015,"",NA,NA,NA,NA,NA,NA,"100",100,"91/91","136/138","179/181","253/253","103/103","135/141","91/103","141/141","189/195","252/254","87/87","162/162","113/113","182/182","227/231","143/143","156/156","90/90","138/140","194/194","244/252","165/165","146/152","154/156","77/83","124/124","165/165","148/148","262/262","146/150","125/129","155/157","91/94","146/146","184/192","106/110","174/176","81/89","161/173","89/91","114/118","167/167","238/238","132/134","100/102","97/101","181/191","205/205","158/168","145/153"
711,"2023","MBS","Wood Bison","DNA","2310",NA,NA,2015,"",NA,NA,NA,NA,NA,NA,"100",100,"89/91","136/136","181/181","253/253","103/103","141/141","89/103","129/129","191/195","238/238","87/89","147/158","108/115","172/174","227/229","143/143","158/158","102/102","140/140","194/194","246/254","167/175","146/146","154/154","81/83","122/132","165/165","142/142","260/262","146/150","129/129","155/157","91/94","150/150","180/180","108/108","170/174","89/89","161/173","85/89","114/114","167/167","228/238","114/130","98/98","101/103","181/187","207/211","162/168","149/151"
714,"2023","NAH","Wood Bison","Biopsy","1","2022",2022,2022,"","bison samples freezer",NA,NA,NA,NA,NA,"100",100,"91/91","136/136","187/187","241/253","103/103","135/141","89/93","129/143","189/191","232/238","87/87","147/147","115/115","174/174","229/229","143/143","160/160","90/102","127/127","188/190","252/252","167/177","146/166","154/154","77/85","124/126","165/179","142/142","260/262","146/150","125/129","157/159","92/92","150/150","180/180","110/110","166/176","89/95","161/165","87/89","116/116","161/167","228/236","130/130","92/102","101/101","181/181","205/205","144/166","151/151"
715,"2024","NAH","Wood Bison","Fecal","Nahanni-1","2021",2021,2021,"","BisonScat_NahanniNPR_Metadata_20210324",NA,NA,NA,NA,NA,"98",98,"91/91","136/136","179/187","253/269","103/104","135/141","103/103","129/143","191/191","238/252","87/89","160/160","108/113","172/174","229/229","143/145","158/158","90/90","127/127","188/194","250/252","165/175","146/152","154/154","83/83","122/124","165/175","138/138","260/262","146/150","125/125","157/159","91/91","146/150","180/180","110/112","166/172","89/89","161/161","89/89","116/116","167/167","228/228","130/130","102/102","95/99","181/181","205/211",NA,"149/151"
716,"2024","NAH","Wood Bison","Fecal","Nahanni-10","2021",2021,2021,"","BisonScat_NahanniNPR_Metadata_20210324",NA,NA,NA,NA,NA,"100",100,"89/89","136/136","181/187","253/253","103/103","135/141","91/103","129/129","191/195","232/252","87/87","158/160","115/115","180/180","229/229","143/157","156/156","90/90","142/146","194/194","252/252","177/177","152/152","154/154","77/77","122/132","165/183","138/138","260/262","140/146","123/125","157/159","91/95","150/150","180/184","106/112","170/172","89/89","161/161","87/89","116/116","167/167","238/238","130/132","102/102","101/101","181/191","205/211","142/144","151/151"
717,"2024","NAH","Wood Bison","Fecal","Nahanni-8","2021",2021,2021,"","BisonScat_NahanniNPR_Metadata_20210324",NA,NA,NA,NA,NA,"98",98,"89/91","136/136","179/187","241/269","103/104","135/141","93/93","129/129","189/191","238/252","87/89","160/162","115/115","172/172","227/229","143/145","158/160","90/90","127/142","188/194","250/252","165/177","146/152","154/160","77/81","124/124","175/179","142/142","260/262","148/150","125/129","155/155",NA,"146/150","180/198","90/106","172/172","89/89","173/173","81/91","116/116","167/167","228/228","130/130","92/102","95/99","181/181","201/215","144/158","149/151"
718,"2023","NORD","Wood Bison","Biopsy","31","2022",2022,2022,"","Bison Samples_to_GregWilson_25Oct2022-BC",NA,NA,NA,NA,NA,"100",100,"89/91","134/138","179/187","249/253","103/103","135/141","93/103","129/143","191/195","232/238","87/89","158/162","108/113","174/176","227/229","143/143","158/160","88/90","127/142","188/194","252/252","167/173","146/152","154/154","77/81","132/132","165/175","148/148","260/262","140/148","125/125","155/155","91/91","150/150","180/184","106/106","170/172","85/89","161/169","89/89","116/118","167/167","228/236","130/130","96/102","101/103","181/181","205/205","144/166","145/151"
719,"2023","NORD","Wood Bison","Biopsy","32","2022",2022,2022,"","Bison Samples_to_GregWilson_25Oct2022-BC",NA,NA,NA,NA,NA,"100",100,"89/89","136/140","187/187","249/253","103/103","141/147","89/103","129/129","191/191","252/254","87/89","147/162","115/115","174/174","227/229","143/143","156/158","90/102","140/142","188/194","252/252","173/173","146/152","144/154","77/83","124/132","165/179","142/148","260/260","140/150","125/125","153/155","91/91","150/150","180/180","106/112","172/178","89/95","161/173","89/91","116/118","167/167","228/236","114/130","98/104","95/95","181/191","205/205","142/166","153/153"
720,"2023","NORD","Wood Bison","Biopsy","33","2022",2022,2022,"","Bison Samples_to_GregWilson_25Oct2022-BC",NA,NA,NA,NA,NA,"100",100,"89/89","136/140","187/187","253/253","103/103","141/145","89/93","129/129","191/191","232/252","87/89","147/162","108/108","174/174","229/229","143/143","156/160","90/90","142/142","188/194","252/252","167/173","146/146","154/154","81/83","132/132","165/183","138/142","260/260","140/150","125/125","157/159","91/92","150/150","180/196","110/112","170/176","83/89","161/169","89/89","116/118","161/167","228/238","128/130","96/96","101/103","181/181","205/211","142/168","153/153"
721,"2023","NORD","Wood Bison","Biopsy","34","2022",2022,2022,"","Bison Samples_to_GregWilson_25Oct2022-BC",NA,NA,NA,NA,NA,"100",100,"91/91","136/138","187/187","253/271","103/103","145/145","89/93","129/129","191/191","232/252","87/89","158/162","108/113","174/176","227/227","143/143","154/154","90/102","127/127","188/194","250/252","167/177","152/152","152/154","83/83","132/132","175/175","142/148","262/262","150/150","129/129","155/155","92/94","150/150","180/184","106/108","166/172","85/89","165/173","87/89","114/116","167/167","228/228","128/130","102/102","95/101","181/181","205/205","166/166","153/153"
722,"2023","NORD","Wood Bison","Biopsy","35","2022",2022,2022,"","Bison Samples_to_GregWilson_25Oct2022-BC",NA,NA,NA,NA,NA,"100",100,"89/91","138/140","179/179","253/253","103/103","141/141","89/93","143/149","189/191","232/232","87/89","147/147","113/115","174/174","229/229","143/143","158/158","90/102","142/146","188/190","252/252","167/173","152/152","154/154","77/81","124/132","183/183","138/148","262/262","140/150","123/129","155/155","92/92","150/150","196/196","90/106","166/170","85/89","161/169","89/89","114/116","167/167","228/238","128/130","96/104","95/95","181/181","205/207","166/166","149/151"
723,"2023","NORD","Wood Bison","Biopsy","4","2021",2021,2021,"","Bison Samples_BC_2June22",NA,NA,NA,NA,NA,"100",100,"89/89","134/134","179/187","253/253","103/103","141/141","93/93","129/129","191/195","238/238","87/89","147/147","115/115","172/174","227/229","143/143","158/160","90/102","127/140","194/194","252/252","167/173","152/152","154/160","77/81","124/132","175/175","142/142","260/260","148/150","129/129","153/155","91/92","150/150","180/196","106/106","176/176","89/89","161/161","89/89","118/118","167/167","238/238","130/130","102/104","95/101","181/181","205/205","168/168","149/151"
724,"2023","NORD","Wood Bison","Biopsy","6","2021",2021,2021,"","Bison Samples_BC_2June23",NA,NA,NA,NA,NA,"100",100,"89/91","136/136","181/187","253/253","103/103","141/141","89/103","129/129","189/191","252/252","87/87","158/162","108/115","172/174","227/229","143/143","156/156","90/102","127/142","188/188","252/252","167/173","146/152","154/154","81/83","132/132","175/183","138/142","262/262","140/150","125/129","155/159","91/92","146/150","180/180","110/110","170/172","85/95","165/173","87/91","116/118","167/167","228/228","114/130","96/102","101/103","181/181","201/205","166/166","153/153"
725,"2023","NORD","Wood Bison","Biopsy","8","2021",2021,2021,"","Bison Samples_BC_2June24",NA,NA,NA,NA,NA,"100",100,"89/89","136/140","181/187","249/253","103/103","135/141","93/103","129/129","189/191","232/238","87/87","158/162","108/115","172/174","229/231","143/143","158/160","90/90","142/142","194/194","252/252","167/167","146/152","144/154","77/83","132/132","165/183","138/142","262/262","140/148","129/129","155/159","91/91","146/150","180/180","110/112","166/170","83/89","161/173","89/89","116/116","161/167","228/228","130/132","96/98","101/103","181/181","205/205","144/166","145/151"
726,"2023","NORD","Wood Bison","Biopsy","10","2021",2021,2021,"","Bison Samples_BC_2June25",NA,NA,NA,NA,NA,"100",100,"89/91","136/140","181/187","253/253","103/103","141/141","93/103","129/143","191/191","238/252","89/91","158/162","115/115","174/174","229/229","143/143","158/160","88/90","142/148","188/194","252/252","167/167","146/146","154/158","81/83","132/132","165/175","138/142","262/262","140/150","125/125","153/157","91/91","150/150","180/184","90/106","172/172","83/89","165/169","89/89","116/116","167/167","228/236","114/128","96/104","95/103","181/181","205/207","142/144","149/151"
727,"2023","NORD","Wood Bison","Biopsy","11","2021",2021,2021,"","Bison Samples_BC_2June26",NA,NA,NA,NA,NA,"100",100,"89/91","136/138","187/187","253/253","103/103","141/141","93/103","129/129","191/195","238/238","87/87","158/158","108/115","172/176","229/231","143/143","156/158","90/102","127/142","190/194","250/252","167/167","146/152","154/154","77/83","132/132","165/175","142/142","260/262","148/150","129/129","153/159","91/91","150/150","180/196","110/112","172/176","89/95","165/169","89/89","116/116","167/167","228/236","114/130","102/104","95/101","181/181","205/211","166/168","147/149"
728,"2023","NORD","Wood Bison","Biopsy","13","2021",2021,2021,"","Bison Samples_BC_2June27",NA,NA,NA,NA,NA,"98",98,"89/91","134/138","179/179","253/253","103/103","141/141","89/93","129/143","189/191","232/238","87/89","147/162","115/115","174/174","229/233","143/143","158/160","90/102","142/146","188/194","252/252","167/173","146/152","154/154","81/81","132/132","183/183","148/148","262/262","140/150",NA,"155/155","92/94","150/150","180/196","106/106","170/172","85/95","169/169","89/89","116/116","167/167","228/228","130/130","96/102","95/95","181/181","205/205","158/168","145/149"
729,"2023","NORD","Wood Bison","Biopsy","14","2021",2021,2021,"","Bison Samples_BC_2June28",NA,NA,NA,NA,NA,"100",100,"89/91","138/138","181/187","253/253","103/103","135/141","103/103","129/129","189/195","232/232","87/87","158/160","108/115","174/174","229/231","143/143","156/158","90/90","140/148","190/194","250/252","173/177","146/152","154/154","77/81","132/132","175/175","142/142","260/262","140/140","123/125","155/159","91/91","148/150","184/196","112/112","166/170","85/85","165/169","87/89","116/116","167/167","228/238","128/130","104/104","95/103","181/181","205/205","142/166","149/151"
730,"2023","NORD","Wood Bison","Biopsy","15","2021",2021,2021,"","Bison Samples_BC_2June29",NA,NA,NA,NA,NA,"100",100,"89/91","138/140","187/187","249/253","103/103","141/141","93/93","129/143","191/191","232/252","89/89","162/162","108/115","174/174","229/229","143/143","156/160","88/90","142/142","188/194","244/252","167/177","146/146","154/154","81/81","132/132","165/165","142/148","260/262","140/140","125/129","155/157","91/92","150/150","184/184","106/106","170/172","83/85","169/169","89/89","116/118","167/167","228/236","128/130","96/96","99/103","181/181","205/205","142/166","145/149"
731,"2023","NORD","Wood Bison","Biopsy","16","2021",2021,2021,"","Bison Samples_BC_2June30",NA,NA,NA,NA,NA,"100",100,"89/91","138/138","179/181","253/253","103/103","141/145","97/103","129/149","189/191","232/252","87/91","147/160","113/115","174/174","231/231","143/143","154/158","90/90","146/148","190/194","250/252","167/177","152/152","154/154","77/85","132/132","175/183","142/148","262/262","140/150","123/129","155/157","91/94","150/150","196/196","106/112","172/176","85/89","161/165","89/89","116/116","167/167","228/228","128/130","96/102","95/103","181/181","205/205","144/144","149/151"
732,"2023","NORD","Wood Bison","Biopsy","17","2021",2021,2021,"","Bison Samples_BC_2June31",NA,NA,NA,NA,NA,"100",100,"89/89","134/140","187/187","249/253","103/103","141/141","93/93","129/129","191/191","232/232","87/89","162/162","108/115","174/174","229/229","143/143","158/160","88/90","142/142","188/194","244/252","167/177","146/146","154/154","81/83","132/132","165/165","138/142","262/262","140/146","125/129","155/157","91/92","150/150","180/184","110/110","170/172","83/89","169/173","91/91","116/116","167/167","228/228","130/130","96/98","95/103","181/181","205/205","142/166","145/149"
733,"2023","NORD","Wood Bison","Biopsy","18","2021",2021,2021,"","Bison Samples_BC_2June32",NA,NA,NA,NA,NA,"100",100,"91/91","138/138","181/181","253/253","103/103","135/141","93/103","129/149","191/195","232/232","87/87","158/162","108/113","174/174","227/231","143/143","156/158","90/90","140/148","190/190","252/252","173/177","146/152","144/154","81/83","132/132","175/175","142/142","262/262","140/150","125/125","159/159","91/91","148/150","180/196","90/112","166/176","85/89","165/173","87/89","116/116","167/167","228/238","128/130","102/104","95/103","181/181","205/207","166/166","151/151"
734,"2023","NORD","Wood Bison","Biopsy","19","2021",2021,2021,"","Bison Samples_BC_2June33",NA,NA,NA,NA,NA,"100",100,"89/91","138/138","179/181","253/253","103/103","135/135","93/103","149/149","191/191","232/232","87/87","147/147","113/113","174/174","229/229","143/143","156/158","90/90","127/142","190/194","252/252","167/177","146/152","144/144","83/83","124/124","183/183","138/142","260/262","140/150","125/125","155/159","91/91","150/150","180/196","110/112","166/172","89/89","161/161","89/89","112/116","167/167","228/238","128/130","98/104","95/103","177/181","205/207","144/144","151/153"
755,"2023","HZ","Wood Bison","DNA","rainbow lake 1",NA,NA,2015,"",NA,NA,NA,NA,NA,NA,"100",98,"91/93","136/136","179/187","253/269","103/103","135/147","93/93","129/129","189/191","232/232","87/89","158/158","113/113","174/174","225/229","143/143","158/158","90/90","138/146","194/194","246/246","167/177","152/166","154/160","81/85","124/124","175/175","142/142","260/262","146/148","125/129","155/159","91/92","146/150","184/198","110/112","166/172","85/95","161/161","89/89",NA,"167/167","238/238","132/132","102/102","101/103","181/181","205/205","142/166","151/151"
756,"2023","RL","Wood Bison","serum","35462","2014",2014,2014,"","Bison_samples_received_June21-22_Updated",NA,NA,NA,NA,NA,"100",98,"89/91","134/138","185/191","247/247","103/103","135/145","97/97","129/143","189/189","232/232","87/89","160/160","108/113","174/176","225/229","133/143","156/160","90/102","148/150","194/202","246/252","163/173","146/152","154/160","83/83","122/132","175/175","142/142","260/262","140/146","129/129","151/155","95/95","146/146","180/184","106/110","170/172","85/89","161/161","87/91",NA,"161/167","240/240","118/130","102/102","95/103","181/181","205/207","142/158","145/145"
757,"2023","RL","Wood Bison","serum","35463","2014",2014,2014,"","Bison_samples_received_June21-22_Updated",NA,NA,NA,NA,NA,"100",98,"89/91","134/136","185/187","247/253","103/103","145/147","93/103","129/129","191/191","238/254","87/87","160/162","108/113","174/174","225/225","143/143","156/160","90/90","148/150","190/194","252/252","173/175","146/156","144/154","83/83","124/132","175/175","142/142","260/262","146/148","123/129","155/155","95/95","150/150","180/184","106/108","170/172","85/89","161/173","85/87",NA,"161/167","228/238","128/130","102/104","95/103","181/181","205/211","142/144","145/145"
758,"2023","RL","Wood Bison","serum","35464","2014",2014,2014,"","Bison_samples_received_June21-22_Updated",NA,NA,NA,NA,NA,"100",98,"89/89","134/136","185/185","247/253","103/103","135/145","103/103","129/129","189/191","254/254","89/91","160/162","113/115","176/176","229/231","143/143","158/160","90/102","150/150","188/194","250/252","163/177","156/162","154/160","77/83","132/132","183/183","142/150","260/262","146/148","129/129","155/155","92/95","146/150","180/180","106/106","170/172","89/89","173/173","85/85",NA,"167/167","228/240","130/130","98/102","95/101","181/191","207/211","142/158","145/145"
759,"2023","RL","Wood Bison","serum","35465","2014",2014,2014,"","Bison_samples_received_June21-22_Updated",NA,NA,NA,NA,NA,"100",98,"91/93","134/134","181/187","241/247","103/103","135/145","93/103","129/129","189/189","238/254","87/87","158/160","115/115","172/174","229/229","143/143","154/158","90/102","146/150","194/202","252/252","163/167","156/156","144/160","83/83","124/132","183/183","142/148","260/262","140/150","129/129","155/155","91/92","150/150","180/180","106/106","172/172","85/89","161/165","81/87",NA,"161/167","236/236","130/132","102/104","95/101","181/181","205/211","142/166","145/145"
760,"2023","RL","Wood Bison","serum","35466","2014",2014,2014,"","Bison_samples_received_June21-22_Updated",NA,NA,NA,NA,NA,"100",98,"91/93","134/138","185/191","253/253","103/103","141/145","93/103","129/143","189/191","248/254","83/87","160/162","113/115","172/174","225/225","143/147","158/158","90/102","140/150","194/194","252/254","163/177","146/158","144/144","83/83","124/124","175/183","142/150","262/262","146/150","123/129","151/155","92/92","150/150","180/198","106/108","172/172","83/89","161/161","89/91",NA,"167/167","236/240","118/118","102/104","103/103","181/181","205/205","142/166","145/149"
761,"2023","RL","Wood Bison","serum","37488","2019",2019,2019,"","Bison_samples_received_June21-22_Updated",NA,NA,NA,NA,NA,"100",98,"89/91","134/136","185/187","247/247","103/103","147/147","103/103","129/129","191/191","238/238","87/87","160/160","108/113","172/176","229/231","143/143","158/160","90/90","150/150","194/194","252/252","175/177","152/156","144/144","83/83","124/124","175/175","142/150","256/260","148/150","123/129","151/155","92/95","150/150","180/180","106/106","170/172","83/89","161/161","85/89",NA,"167/167","228/240","130/130","102/104","95/95","181/181","207/211","142/142","145/149"
762,"2023","RL","Wood Bison","serum","37489","2019",2019,2019,"","Bison_samples_received_June21-22_Updated",NA,NA,NA,NA,NA,"100",98,"89/89","134/136","185/185","247/253","103/103","135/135","91/103","129/129","189/191","232/254","87/89","160/160","113/115","172/176","229/231","143/143","156/156","90/102","127/148","194/194","250/252","173/177","146/156","144/154","77/83","124/132","175/181","142/150","262/262","140/146","129/129","151/155","92/92","150/150","180/180","106/106","170/170","83/89","173/173","85/89",NA,"167/167","236/236","128/130","104/104","95/103","181/181","207/215","142/166","145/145"
763,"2023","RL","Wood Bison","serum","37491","2019",2019,2019,"","Bison_samples_received_June21-22_Updated",NA,NA,NA,NA,NA,"100",98,"89/91","134/136","185/187","241/253","103/103","145/147","93/103","129/129","191/191","254/254","87/89","160/162","108/113","172/174","225/229","143/143","154/156","90/102","140/148","190/194","252/252","175/175","156/156","144/144","83/83","124/124","175/183","142/142","260/260","148/148","123/129","155/155","92/95","150/150","180/184","106/108","172/172","85/89","165/173","85/87",NA,"161/167","228/238","128/130","102/104","95/101","181/181","205/215","144/144","145/145"
764,"2023","RL","Wood Bison","serum","37495","2019",2019,2019,"","Bison_samples_received_June21-22_Updated",NA,NA,NA,NA,NA,"100",98,"89/91","138/138","185/191","247/247","103/103","135/141","91/103","129/141","189/191","238/238","87/89","160/160","113/115","174/176","229/229","143/143","156/156","90/90","146/146","194/194","252/252","167/177","152/156","144/154","83/83","132/132","183/183","142/142","262/262","148/150","129/129","155/155","92/95","150/150","180/184","106/108","172/172","83/89","173/173","81/81",NA,"167/167","236/240","118/118","102/104","95/95","181/181","205/205","142/168","145/149"
765,"2023","RL","Wood Bison","serum","37496","2019",2019,2019,"","Bison_samples_received_June21-22_Updated",NA,NA,NA,NA,NA,"100",98,"91/93","134/134","185/187","253/269","103/103","135/141","91/103","129/129","189/191","232/252","87/91","160/160","113/115","172/178","229/231","143/143","156/158","90/90","146/150","188/188","252/252","163/175","152/158","144/144","83/83","124/124","175/183","142/142","262/262","148/148","129/129","151/155","95/95","146/150","180/180","106/106","172/174","83/89","173/173","85/89",NA,"161/167","228/236","130/130","104/104","101/103","181/191","205/215","144/168","145/145"
766,"2023","RL","Wood Bison","DNA","12-09",NA,NA,2015,"",NA,NA,NA,NA,NA,NA,"100",98,"89/91","134/136","187/191","253/269","103/103","135/145","93/103","129/143","189/195","232/238","89/89","160/160","113/115","174/174","229/231","133/143","156/158","90/102","148/150","190/194","246/252","163/167","152/152","144/160","83/83","132/132","175/183","142/142","256/262","140/140","125/125","151/155","92/95","150/150","180/180","106/106","170/172","85/89","173/173","85/91",NA,"167/167","236/240","118/132","102/102","95/95","181/181","205/211","166/166","145/145"
767,"2023","RL","Wood Bison","DNA","12-10",NA,NA,2015,"",NA,NA,NA,NA,NA,NA,"100",98,"89/89","134/136","181/185","247/253","103/103","135/147","91/97","129/143","189/189","238/254","87/91","158/160","115/115","172/174","231/231","143/143","154/158","90/102","148/150","194/194","250/252","175/177","152/152","144/154","83/83","124/132","183/183","142/150","260/260","146/150","129/129","155/155","95/95","146/146","180/180","96/106","170/170","85/89","165/173","87/87",NA,"167/167","236/236","130/130","102/102","103/103","181/181","211/215","142/166","145/145"
768,"2023","RL","Wood Bison","DNA","12-11",NA,NA,2015,"",NA,NA,NA,NA,NA,NA,"100",98,"91/91","136/138","187/191","253/269","103/103","135/141","97/103","141/149","189/191","238/252","87/87","160/160","115/115","172/176","229/231","143/143","156/158","102/102","127/150","188/194","252/252","161/175","150/150","144/144","83/83","124/124","175/183","142/142","262/262","146/146","129/129","151/157","95/95","150/150","180/198","106/112","170/172","85/89","173/173","87/91",NA,"167/167","228/236","118/132","100/104","95/103","181/181","207/207","158/168","145/145"
769,"2023","RL","Wood Bison","DNA","12-12",NA,NA,2015,"",NA,NA,NA,NA,NA,NA,"100",98,"89/91","136/136","187/191","253/269","103/103","135/145","97/97","129/129","189/191","238/254","87/89","160/162","113/113","174/176","229/231","143/143","156/156","90/102","140/148","188/202","252/252","173/173","156/162","144/144","83/83","132/132","165/183","142/148","260/262","146/150","129/129","151/155","95/95","150/150","180/192","106/106","172/172","89/89","161/161","89/91",NA,"167/167","236/236","130/130","104/104","95/97","181/181","207/207","142/166","149/149"
770,"2023","RL","Wood Bison","DNA","12-13",NA,NA,2015,"",NA,NA,NA,NA,NA,NA,"100",98,"89/91","136/136","185/187","241/253","103/103","135/141","97/103","127/141","189/191","232/238","87/89","160/162","113/113","172/174","229/231","143/143","156/156","90/102","127/146","194/202","246/252","163/177","146/152","154/160","83/83","124/124","175/183","142/148","262/262","150/150","125/129","155/155","92/92","150/150","180/180","106/106","170/170","89/89","173/173","85/85",NA,"167/167","228/236","132/132","104/104","95/103","181/181","207/211","158/166","145/149"
771,"2023","RL","Wood Bison","DNA","12-14",NA,NA,2015,"",NA,NA,NA,NA,NA,NA,"100",98,"91/91","134/136","187/187","247/253","102/102","135/145","91/93","129/143","189/191","252/254","87/87","160/160","113/115","174/176","225/229","143/143","158/158","90/102","146/150","194/194","246/254","163/167","146/162","144/160","83/83","132/132","183/183","142/142","256/262","140/146","125/129","155/155","92/92","150/150","180/180","106/106","170/170","89/89","161/173","81/81",NA,"161/167","236/236","130/132","102/102","101/101","181/181","205/205","168/168","145/149"
772,"2023","RL","Wood Bison","DNA","12-14B",NA,NA,2015,"",NA,NA,NA,NA,NA,NA,"100",98,"89/91","134/136","175/187","247/253","103/103","135/137","91/103","129/143","189/189","254/254","87/87","160/160","115/115","172/174","225/229","143/143","158/158","90/102","142/150","194/194","246/252","163/167","146/152","154/160","81/83","132/132","183/183","142/142","260/262","140/146","125/125","155/155","92/92","146/150","180/192","106/112","170/170","85/89","161/169","81/89",NA,"167/167","228/240","130/130","98/102","101/101","181/181","205/205","142/168","145/151"
773,"2023","RL","Wood Bison","DNA","12-15",NA,NA,2015,"",NA,NA,NA,NA,NA,NA,"100",98,"89/89","136/136","191/191","241/247","102/102","135/141","83/97","129/143","191/191","232/252","89/91","162/162","113/115","172/174","229/231","143/147","158/158","90/90","146/148","194/202","246/246","167/177","152/156","144/160","83/83","124/132","183/183","142/150","262/262","146/146","123/129","151/151","92/92","146/146","180/192","96/106","172/172","89/89","161/161","81/91",NA,"167/167","236/236","132/132","102/102","103/103","181/189","205/215","158/166","145/149"
774,"2023","RL","Wood Bison","DNA","12-16",NA,NA,2015,"",NA,NA,NA,NA,NA,NA,"100",98,"89/89","136/136","187/187","247/247","103/103","135/147","91/103","129/143","191/191","232/252","87/87","160/162","113/115","174/176","229/231","143/143","156/158","90/90","127/150","194/194","246/252","163/167","152/152","144/154","83/83","132/132","183/183","142/150","256/262","148/150","125/129","151/155","92/95","146/146","180/180","106/106","170/170","89/89","173/173","85/91",NA,"167/167","236/236","118/118","98/104","95/101","181/181","207/207","142/166","145/153"
775,"2023","RL","Wood Bison","DNA","12-17",NA,NA,2015,"",NA,NA,NA,NA,NA,NA,"100",98,"89/89","134/136","187/187","247/253","103/103","135/147","91/103","129/129","191/191","232/252","87/87","160/162","113/115","174/176","229/231","143/143","156/158","90/90","148/150","190/194","252/254","163/167","152/152","144/144","83/83","132/132","183/183","142/150","262/262","146/148","129/129","151/151","91/95","146/146","180/192","106/106","170/170","89/89","161/173","85/91",NA,"167/167","228/236","118/118","98/102","95/95","181/181","207/207","142/142","145/145"
776,"2023","RL","Wood Bison","DNA","12-17B",NA,NA,2015,"",NA,NA,NA,NA,NA,NA,"100",98,"89/89","134/136","187/191","247/253","103/103","135/147","97/103","129/129","191/191","232/232","87/89","160/162","113/115","174/176","229/231","143/143","154/156","90/90","148/150","188/190","252/252","167/173","152/156","144/144","83/83","124/132","165/183","142/150","260/262","146/148","129/129","151/155","92/95","146/146","180/192","106/106","170/172","89/89","161/173","85/91",NA,"167/167","236/236","118/130","102/104","95/103","181/181","207/207","142/166","145/149"
777,"2023","RL","Wood Bison","DNA","12-18",NA,NA,2015,"",NA,NA,NA,NA,NA,NA,"100",98,"89/91","134/136","187/187","247/253","103/103","135/135","97/103","141/149","189/189","232/252","87/89","160/162","113/113","172/174","231/231","143/143","158/158","90/102","127/150","188/194","252/252","163/177","152/152","144/154","83/83","124/132","175/183","142/142","256/262","146/148","129/129","155/157","92/95","146/150","180/198","106/110","170/170","89/89","173/173","85/91",NA,"167/167","228/236","132/132","102/104","95/95","181/181","207/215","158/168","145/145"
778,"2023","RL","Wood Bison","Serum","6346-207496","2018",2018,2018,"","Bison samples freezer",NA,NA,NA,NA,NA,"100",98,"91/93","134/134","181/187","241/253","103/103","147/147","97/103","129/143","189/189","248/254","87/89","158/162","108/115","172/172","225/229","143/143","154/158","90/90","148/150","194/194","252/254","175/175","146/156","144/156","83/83","124/132","183/183","142/148","260/262","148/150","127/129","155/155","91/95","148/150","180/192","106/106","172/172","85/89","165/173","85/87",NA,"167/167","228/228","130/130","98/102","95/103","181/181","205/205","144/166","145/149"
779,"2023","RL","Wood Bison","Serum","6347-207497","2018",2018,2018,"","Bison samples freezer",NA,NA,NA,NA,NA,"100",98,"89/91","134/134","187/187","241/269","103/103","141/145","103/103","129/129","189/191","238/254","89/89","160/160","108/115","174/176","229/229","143/143","156/156","90/90","148/150","190/202","250/252","173/173","152/156","144/154","83/83","124/132","175/183","142/150","262/262","148/150","127/129","151/155","92/95","146/150","180/180","106/110","170/172","83/89","161/173","81/85",NA,"161/167","228/238","130/130","104/104","101/103","181/181","205/211","142/168","145/145"
780,"2023","RL","Wood Bison","Serum","6349-207499","2018",2018,2018,"","Bison samples freezer",NA,NA,NA,NA,NA,"100",98,"89/89","136/136","185/191","241/253","103/103","145/145","103/103","141/143","189/191","238/248","87/87","160/160","113/115","172/176","225/231","147/147","154/156","90/90","140/146","190/194","252/252","167/173","156/156","144/144","83/83","124/132","175/175","142/142","260/262","146/146","123/129","155/155","91/92","146/150","184/192","106/106","172/172","83/85","161/161","85/91",NA,"161/167","236/238","130/130","98/104","103/103","181/181","205/207","142/166","149/149"
781,"2023","RL","Wood Bison","Serum","6350-207500","2018",2018,2018,"","Bison samples freezer",NA,NA,NA,NA,NA,"100",98,"89/91","134/136","185/187","241/253","103/103","135/147","93/97","129/129","191/191","238/254","87/87","162/162","113/113","174/174","225/229","143/143","156/160","90/90","146/150","194/194","246/252","175/177","152/158","144/160","83/83","132/132","175/183","142/148","262/262","148/150","129/129","151/155","91/95","146/150","180/180","106/106","170/172","89/89","173/173","85/87",NA,"167/167","228/236","118/130","102/102","95/103","181/189","205/211","166/166","145/145"
782,"2023","RL","Wood Bison","Serum","6351-207501","2018",2018,2018,"","Bison samples freezer",NA,NA,NA,NA,NA,"100",98,"89/89","136/138","185/185","241/247","103/103","135/145","103/103","129/141","189/191","232/248","87/89","160/162","108/108","172/176","229/229","143/143","154/156","90/90","140/146","190/194","252/254","175/175","152/152","144/144","83/83","124/132","175/183","142/142","260/262","148/150","129/129","155/155","92/92","150/150","180/180","96/110","172/176","85/85","161/161","85/85",NA,"167/167","236/238","130/130","102/104","95/101","181/191","205/205","142/166","145/149"
783,"2023","RL","Wood Bison","Biopsy","RL21-01","2021",2021,2021,"","Bison samples freezer_AB",NA,NA,NA,NA,NA,"100",98,"89/89","134/136","185/185","247/253","103/103","135/135","103/103","141/141","191/195","238/238","87/89","160/160","113/115","174/174","229/231","143/143","156/156","90/90","146/150","188/190","252/252","163/163","152/156","144/144","83/83","124/132","175/181","142/150","256/262","148/150","129/129","151/151","92/92","150/150","180/180","106/106","170/172","89/89","173/173","85/87",NA,"167/167","236/240","130/130","102/102","95/103","181/181","205/207","166/166","145/149"
784,"2023","RL","Wood Bison","Biopsy","RL21-02","2021",2021,2021,"","Bison samples freezer_AB",NA,NA,NA,NA,NA,"100",98,"89/91","134/138","185/191","253/253","101/103","141/145","97/103","129/129","189/191","238/254","87/91","162/162","113/113","174/176","231/231","143/147","158/160","90/90","140/150","190/194","252/252","177/177","152/156","144/160","83/83","124/132","183/183","142/150","260/262","148/150","129/129","155/155","92/95","150/150","180/198","106/106","170/172","89/89","173/173","85/85",NA,"167/167","236/240","130/130","98/102","95/103","181/181","205/211","142/168","145/149"
785,"2023","RL","Wood Bison","Biopsy","RL21-03","2021",2021,2021,"","Bison samples freezer_AB",NA,NA,NA,NA,NA,"100",98,"89/91","136/138","185/187","247/253","103/103","135/147","91/103","129/141","189/191","232/254","87/89","160/160","115/115","174/176","231/231","143/143","154/156","90/102","140/150","194/202","250/252","163/177","146/162","144/154","83/83","124/124","165/183","142/150","262/262","140/146","129/129","151/155","92/95","146/150","180/180","106/106","170/172","89/89","161/173","81/85",NA,"167/167","236/240","118/130","104/104","103/103","181/181","207/215","166/166","145/153"
786,"2023","RL","Wood Bison","Biopsy","RL21-05","2021",2021,2021,"","Bison samples freezer_AB",NA,NA,NA,NA,NA,"100",98,"89/91","134/134","185/185","247/253","103/103","141/145","103/103","129/129","191/195","232/238","87/89","160/162","113/115","174/178","229/231","143/147","156/158","90/90","140/150","188/202","252/252","173/177","152/162","144/144","83/83","124/124","181/183","142/150","260/262","150/150","129/129","151/151","95/95","150/150","180/192","106/106","172/174","89/89","165/173","85/85",NA,"167/167","240/240","130/130","104/104","95/101","181/181","205/211","158/168","145/149"
787,"2023","RL","Wood Bison","Biopsy","RL21-06","2021",2021,2021,"","Bison samples freezer_AB",NA,NA,NA,NA,NA,"100",98,"89/91","134/136","187/191","253/269","103/103","141/145","97/103","129/141","191/191","232/254","87/89","160/160","108/113","174/176","225/225","133/143","156/156","90/90","127/148","190/194","252/252","163/173","146/152","144/160","83/83","124/132","175/183","142/142","260/262","146/150","129/129","155/155","95/95","146/150","180/180","108/108","170/172","85/89","161/173","85/91",NA,"167/167","228/240","130/130","102/102","95/101","181/181","205/207","142/144","145/145"
788,"2023","RL","Wood Bison","Biopsy","RL21-07","2021",2021,2021,"","Bison samples freezer_AB",NA,NA,NA,NA,NA,"100",98,"89/89","136/138","185/191","253/253","103/103","135/147","97/97","129/143","189/191","232/232","87/89","160/160","113/113","172/176","227/231","133/143","154/156","90/102","150/150","188/202","246/252","163/167","152/156","144/154","83/83","124/132","175/183","142/150","260/262","146/150","123/125","155/155","95/95","146/150","180/192","106/108","172/172","83/83","161/165","85/89",NA,"167/167","236/236","118/118","102/102","101/103","181/181","207/215","158/168","149/149"
789,"2023","RL","Wood Bison","Biopsy","RL21-09","2021",2021,2021,"","Bison samples freezer_AB",NA,NA,NA,NA,NA,"100",98,"89/89","134/136","187/191","247/253","103/103","135/135","91/97","129/149","189/191","232/232","89/91","160/161","113/115","172/176","225/231","143/143","154/156","90/102","127/148","194/202","250/252","165/167","156/156","144/160","83/83","124/132","175/183","142/142","256/260","148/150","129/129","155/155","92/92","146/150","192/192","96/106","170/172","85/89","161/173","91/91",NA,"167/167","240/240","130/130","102/102","95/101","181/181","207/211","142/144","145/149"
790,"2023","RL","Wood Bison","Biopsy","RL21-10","2021",2021,2021,"","Bison samples freezer_AB",NA,NA,NA,NA,NA,"100",98,"89/89","136/138","181/185","247/269","103/103","141/147","91/91","129/143","189/191","238/238","87/89","160/160","113/115","172/176","229/231","143/143","154/160","90/102","148/148","190/194","252/252","163/175","152/156","154/154","83/83","124/132","175/183","142/148","260/262","150/150","129/129","151/155","95/95","146/146","180/192","106/106","170/172","85/89","161/165","85/87",NA,"167/167","228/236","130/130","102/102","95/103","181/181","211/211","142/142","145/145"
791,"2023","RL","Wood Bison","Biopsy","RL21-11","2021",2021,2021,"","Bison samples freezer_AB",NA,NA,NA,NA,NA,"100",98,"89/89","136/136","185/187","241/253","103/103","135/145","103/103","129/129","191/191","248/254","87/87","160/160","108/115","172/172","229/229","143/143","156/156","90/90","140/150","188/190","252/254","173/175","152/158","144/154","83/83","124/132","175/183","142/142","260/260","150/150","129/129","155/155","91/92","146/150","180/180","96/110","172/174","83/85","161/173","81/85",NA,"167/167","236/238","130/130","102/102","95/101","181/191","205/215","158/166","145/149"
792,"2023","RL","Wood Bison","Biopsy","RL21-12","2021",2021,2021,"","Bison samples freezer_AB",NA,NA,NA,NA,NA,"100",98,"89/89","136/136","185/191","241/253","103/103","147/147","93/97","129/129","191/191","232/238","87/87","160/162","113/113","174/176","225/231","143/147","154/160","90/90","146/148","188/194","246/250","167/175","152/156","144/144","83/83","132/132","175/183","142/148","260/262","146/148","123/129","151/155","91/95","146/150","180/192","106/106","172/172","83/89","161/173","85/91",NA,"167/167","228/236","118/130","102/104","95/103","181/189","207/211","166/166","145/149"
793,"2023","RL","Wood Bison","Biopsy","RL21-13","2021",2021,2021,"","Bison samples freezer_AB",NA,NA,NA,NA,NA,"100",98,"91/93","134/136","181/191","253/253","103/103","135/145","91/97","129/129","189/191","238/252","89/89","160/160","108/113","172/176","225/231","143/143","156/158","90/102","146/146","188/194","252/254","167/173","156/158","144/144","83/83","132/132","175/175","142/142","260/262","146/146","127/129","155/155","91/92","148/150","180/192","106/110","172/172","83/89","161/173","85/91",NA,"161/167","228/240","130/130","104/104","95/103","181/181","205/211","142/166","145/149"
794,"2023","RL","Wood Bison","Biopsy","RL21-14","2021",2021,2021,"","Bison samples freezer_AB",NA,NA,NA,NA,NA,"100",98,"89/91","136/136","187/191","253/269","103/103","147/147","97/97","129/129","189/189","232/238","87/87","160/162","113/113","176/176","231/231","143/147","156/158","90/102","148/150","188/202","252/252","163/173","152/156","144/154","83/83","124/124","165/183","142/142","260/260","146/148","129/129","155/155","91/95","146/146","184/192","106/106","170/172","83/85","161/165","85/91",NA,"161/167","236/236","130/130","102/102","95/103","181/191","205/211","142/158","145/149"
795,"2023","RL","Wood Bison","Biopsy","RL21-15","2021",2021,2021,"","Bison samples freezer_AB",NA,NA,NA,NA,NA,"100",98,"89/89","136/136","187/191","247/253","103/103","135/147","97/103","143/143","189/189","232/254","89/89","160/162","113/113","176/176","229/231","143/147","156/158","90/102","140/146","194/202","252/252","163/175","152/158","144/144","83/83","124/132","165/175","142/150","262/262","146/146","129/129","151/155","92/95","146/146","180/198","106/112","170/170","83/89","161/173","81/89",NA,"167/167","236/240","130/130","98/104","95/103","181/191","205/207","144/166","145/149"
796,"2023","RL","Wood Bison","Biopsy","RL21-17","2021",2021,2021,"","Bison samples freezer_AB",NA,NA,NA,NA,NA,"100",98,"89/91","134/136","185/187","241/253","103/103","147/147","97/103","141/141","189/191","238/248","87/89","160/162","108/113","172/176","229/231","143/147","154/154","90/102","140/148","194/194","252/254","163/173","146/156","144/160","83/83","124/124","183/183","142/142","260/262","140/146","127/129","155/155","92/92","146/150","180/180","106/106","172/172","85/89","161/173","85/85",NA,"167/167","236/238","130/130","98/104","95/95","181/181","211/215","166/166","145/149"
797,"2023","RL","Wood Bison","Biopsy","RL21-20","2021",2021,2021,"","Bison samples freezer_AB",NA,NA,NA,NA,NA,"100",98,"91/91","134/136","181/185","253/253","103/103","145/145","91/103","141/143","189/191","238/254","87/89","160/160","113/113","174/178","229/229","143/143","158/158","90/90","146/150","194/194","252/252","163/163","152/158","144/144","83/83","132/132","175/183","142/150","260/262","146/148","129/129","151/155","91/92","150/150","180/180","106/106","170/172","83/85","173/173","85/91",NA,"161/167","228/236","130/130","102/102","95/103","181/181","205/207","166/166","145/145"
798,"2023","RL","Wood Bison","Biopsy","RL21-25","2021",2021,2021,"","Bison samples freezer_AB",NA,NA,NA,NA,NA,"100",98,"89/89","134/136","185/185","247/253","103/103","145/147","93/97","129/141","191/191","232/238","87/89","160/160","108/113","172/176","225/229","143/147","156/160","90/102","148/150","194/202","250/252","163/173","146/152","154/160","77/83","124/132","175/183","142/142","260/262","146/146","127/129","155/155","92/92","150/150","180/192","106/106","170/172","89/89","161/173","85/91",NA,"167/167","236/236","132/132","102/104","95/101","181/181","205/211","142/166","145/149"
857,"2023","WAB","Wood Bison","DNA","11-04","2011",2011,2011,"","Bison_samples_received_June21-22_Updated",NA,NA,NA,NA,NA,"98",98,"91/99","138/138","181/187","241/249","103/103","135/145","93/93","131/143","189/189","238/254","87/87","160/160","108/113","172/172","231/233","143/145","156/158","90/90","128/140","200/202","250/250","173/177","148/150","144/144","81/83","120/124","165/179","142/148","262/262","140/150","127/129","155/155","92/92","146/150","180/180","90/110","170/170","89/91","168/173","85/87",NA,"167/167","228/228","114/130","92/102","97/103","179/181","201/205","156/168","149/149"
858,"2023","WAB","Wood Bison","DNA","11-05","2011",2011,2011,"","Bison_samples_received_June21-22_Updated",NA,NA,NA,NA,NA,"98",98,"91/99","138/138","187/187","253/253","103/103","135/135","91/93","129/143","189/191","238/254","87/89","143/162","108/113","172/172","227/233","143/143","156/158","90/100","128/140","194/194","250/250","177/177","152/166","144/144","81/81","120/120","165/165","142/148","262/262","140/140","127/127","151/155","91/91","150/150","180/184","106/110","168/170","89/89","168/168","87/87",NA,"161/167","228/238","114/114","92/98","99/103","181/181","201/201","162/162","145/151"
859,"2023","WAB","Wood Bison","DNA","11-06","2011",2011,2011,"","Bison_samples_received_June21-22_Updated",NA,NA,NA,NA,NA,"98",98,"91/91","138/138","187/187","253/269","103/103","135/145","97/105","129/143","189/191","238/254","87/87","143/160","108/115","172/172","227/231","143/145","158/158","100/100","140/140","194/200","250/250","173/177","146/148","144/154","83/83","120/132","165/179","142/148","262/262","140/140","127/129","155/157","91/91","146/150","180/180","90/106","168/170","85/85","168/173","87/87",NA,"167/167","228/240","114/114","102/102","97/99","179/181","201/205","158/162","145/149"
860,"2023","WAB","Wood Bison","DNA","12-01","2012",2012,2012,"","Bison_samples_received_June21-22_Updated",NA,NA,NA,NA,NA,"98",98,"91/99","138/138","187/187","269/269","103/103","135/145","97/97","129/143","189/191","232/254","87/87","160/160","108/113","172/172","225/231","143/143","156/158","90/100","128/140","194/194","246/250","173/177","146/152","144/144","83/83","132/132","165/165","142/148","260/262","140/140","127/129","155/155","91/95","150/150","180/180","90/106","168/168","85/85","168/173","87/87",NA,"167/167","228/228","114/118","98/98","97/99","181/181","205/205","162/164","149/149"
861,"2023","WAB","Wood Bison","DNA","12-02","2012",2012,2012,"","Bison_samples_received_June21-22_Updated",NA,NA,NA,NA,NA,"98",98,"91/91","138/138","187/187","239/269","103/103","135/135","93/105","129/143","189/191","238/254","87/87","160/162","113/115","172/172","227/231","143/145","156/156","90/100","140/140","194/194","250/252","175/177","148/148","144/154","83/83","120/124","179/179","142/148","262/262","140/150","127/127","155/157","91/91","146/146","180/184","90/108","170/170","89/91","168/173","85/87",NA,"167/167","228/236","114/134","96/98","97/97","179/181","201/201","156/162","145/145"
862,"2023","WAB","Wood Bison","DNA","12-03","2012",2012,2012,"","Bison_samples_received_June21-22_Updated",NA,NA,NA,NA,NA,"98",98,"89/99","138/138","181/187","253/253","103/103","135/135","91/93","127/143","191/195","232/238","89/89","143/143","113/113","172/174","231/233","143/143","158/158","90/100","128/140","194/194","250/250","177/177","148/166","144/144","81/83","120/124","165/183","142/148","262/262","140/140","127/129","153/155","91/95","150/150","180/180","106/110","168/168","91/91","161/168","87/87",NA,"161/167","228/242","114/134","98/102","95/103","181/191","201/207","162/162","145/151"
863,"2023","WAB","Wood Bison","DNA","12-05","2012",2012,2012,"","Bison_samples_received_June21-22_Updated",NA,NA,NA,NA,NA,"98",98,"91/91","138/138","187/187","249/269","103/103","135/135","91/105","131/143","195/195","254/254","87/87","160/160","113/113","172/180","227/231","143/145","156/158","100/100","128/128","200/202","250/250","167/177","148/148","154/154","83/83","120/132","179/183","142/148","260/262","140/140","127/129","155/155","91/91","146/150","180/180","108/108","170/170","85/85","165/168","87/87",NA,"167/167","228/242","114/134","92/102","99/99","179/181","205/211","158/158","149/149"
864,"2023","WAB","Wood Bison","DNA","12-06","2012",2012,2012,"","Bison_samples_received_June21-22_Updated",NA,NA,NA,NA,NA,"98",98,"91/91","138/138","187/187","239/269","103/103","135/135","93/93","128/131","189/191","254/254","87/87","160/162","108/108","172/172","227/231","145/145","156/156","90/100","128/140","194/200","250/250","173/175","152/152","144/154","83/83","120/124","179/183","142/148","260/262","140/150","127/127","155/157","91/91","146/150","180/180","90/110","168/170","89/91","173/173","87/87",NA,"167/167","238/242","114/134","96/98","99/99","179/181","211/211","156/166","145/149"
865,"2023","WAB","Wood Bison","DNA","12-07","2012",2012,2012,"","Bison_samples_received_June21-22_Updated",NA,NA,NA,NA,NA,"98",98,"99/99","138/138","187/187","253/253","103/103","135/135","91/91","129/129","189/191","238/254","87/89","143/160","108/108","172/172","227/229","143/143","154/158","90/100","128/140","194/194","248/252","175/177","148/166","144/144","81/81","120/124","165/179","142/148","262/262","140/140","127/127","155/157","90/91","150/154","184/184","106/110","168/170","91/91","168/169","87/87",NA,"161/161","236/238","114/134","92/96","103/103","181/191","201/205","166/166","145/151"
866,"2023","WAB","Wood Bison","DNA","12-08","2012",2012,2012,"","Bison_samples_received_June21-22_Updated",NA,NA,NA,NA,NA,"98",98,"93/99","136/138","181/187","253/269","103/103","135/135","91/97","129/131","189/191","232/232","87/87","160/162","108/113","172/172","227/231","143/143","154/156","90/90","128/128","194/194","250/250","177/177","146/152","144/144","81/81","124/124","179/183","142/148","262/262","140/140","125/129","155/157","91/91","146/150","180/180","90/106","168/170","85/91","173/173","85/91",NA,"167/167","228/236","118/134","102/104","97/97","179/179","201/201","162/168","145/149"
867,"2023","WAB","Wood Bison","Hair","150_250","2020",2020,2020,"","David Johns email October 22 2025",NA,NA,NA,NA,NA,"98",98,"91/99","138/138","187/187","241/253","103/103","135/135","93/97","143/143","191/195","238/254","87/87","143/161","108/113","172/180","227/231","143/143","156/158","90/100","128/128","194/194","250/254","175/175","146/148","144/144","81/83","132/132","165/165","142/148","262/262","140/140","127/127","155/155","91/91","146/146","180/180","90/90","168/170","85/85","161/169","87/91",NA,"161/167","228/228","114/114","92/102","97/103","179/179","201/201","156/162","145/149"
877,"2023","WBNPGR","Wood Bison","Hair","20","2021",2021,2021,"","Bison samples WBNP - RB",NA,NA,NA,NA,NA,"100",98,"89/91","136/136","179/179","247/269","103/103","145/145","85/89","129/129","189/191","232/238","89/89","154/162","115/115","174/176","227/229","143/143","158/158","90/90","127/142","188/188","252/252","173/177","146/166","154/160","81/83","124/124","165/183","142/148","260/262","140/146","125/125","155/157","91/94","150/150","180/184","106/112","168/170","83/89","173/173","85/89",NA,"167/167","228/240","130/130","92/92","95/103","191/191","207/211","142/168","149/149"
878,"2023","WBNPGR","Wood Bison","Hair","60","2021",2021,2021,"","Bison samples WBNP - RB",NA,NA,NA,NA,NA,"100",98,"89/89","138/138","179/187","269/269","103/103","135/135","89/103","143/149","189/191","238/238","87/87","162/162","113/113","174/182","231/231","143/143","154/154","90/90","140/142","194/194","252/254","159/173","146/158","144/158","83/83","124/132","183/183","142/148","258/262","140/146","125/129","153/155","95/95","150/150","192/196","106/112","176/178","81/83","161/169","89/91",NA,"167/167","228/238","128/130","104/104","99/103","191/191","211/211","142/158","145/153"
879,"2023","WBNPGR","Wood Bison","Hair","80","2021",2021,2021,"","Bison samples WBNP - RB",NA,NA,NA,NA,NA,"100",98,"89/89","134/134","179/181","253/253","103/103","135/141","91/91","143/149","191/191","238/238","87/89","158/158","113/115","174/176","229/229","143/145","158/160","88/102","127/140","194/194","246/250","177/177","158/162","144/154","81/83","124/132","179/183","142/148","260/262","140/146","125/129","155/157","91/92","150/150","180/192","106/110","170/172","89/89","161/173","81/81",NA,"165/167","228/228","118/128","92/104","99/101","179/181","205/207","142/158","149/151"
880,"2023","WBNPGR","Wood Bison","Hair","100","2021",2021,2021,"","Bison samples WBNP - RB",NA,NA,NA,NA,NA,"100",98,"89/91","136/140","187/187","253/253","103/103","145/145","97/103","129/143","189/191","238/250","87/89","158/160","108/113","172/174","229/229","143/145","160/160","88/90","127/140","188/194","252/252","159/173","146/158","154/154","81/81","124/132","183/183","142/142","262/262","146/150","129/131","155/155","91/92","150/150","180/180","112/112","170/172","89/89","161/165","85/91",NA,"161/167","240/240","130/132","104/104","99/99","191/191","205/205","158/158","145/153"
881,"2023","WBNPGR","Wood Bison","Hair","120","2021",2021,2021,"","Bison samples WBNP - RB",NA,NA,NA,NA,NA,"100",98,"89/89","132/138","175/181","245/269","103/103","135/145","97/103","141/141","189/191","232/238","87/87","158/158","108/113","174/174","229/229","143/143","158/158","90/102","148/150","188/188","252/252","175/177","146/152","154/156","81/83","124/124","165/183","142/142","260/262","140/150","123/131","155/159","92/95","148/150","180/196","90/108","170/170","83/83","168/173","87/87",NA,"167/167","228/228","132/134","102/104","95/101","181/181","205/205","164/168","149/149"
882,"2023","WBNPGR","Wood Bison","Hair","140","2021",2021,2021,"","Bison samples WBNP - RB",NA,NA,NA,NA,NA,"100",98,"89/89","136/138","179/187","247/253","103/105","135/145","93/103","129/143","189/195","232/238","87/89","154/162","115/115","172/172","231/231","143/143","156/158","90/100","140/148","194/194","252/252","173/175","152/162","158/160","81/83","124/124","175/183","142/148","262/262","146/148","127/131","155/155","92/95","146/146","180/184","110/112","170/172","81/89","161/173","87/89",NA,"161/167","228/238","128/130","96/102","101/101","181/191","205/205","142/158","149/151"
883,"2023","WBNPGR","Wood Bison","Hair","160","2021",2021,2021,"","Bison samples WBNP - RB",NA,NA,NA,NA,NA,"100",98,"89/93","134/136","179/179","249/253","103/105","141/145","97/103","129/143","189/191","238/238","87/87","162/170","115/115","172/178","229/233","143/143","156/158","90/100","127/150","194/194","246/252","173/177","158/162","154/154","83/83","122/124","175/183","142/150","260/262","150/150","127/129","155/157","91/91","150/150","180/184","106/112","172/176","81/89","161/161","85/89",NA,"167/167","238/238","130/130","102/102","101/103","183/191","205/211","142/156","149/151"
884,"2023","WBNPGR","Wood Bison","Hair","180","2021",2021,2021,"","Bison samples WBNP - RB",NA,NA,NA,NA,NA,"100",98,"91/91","132/138","179/187","253/253","103/103","141/145","93/103","129/133","191/191","232/238","87/89","147/158","115/115","172/180","227/229","143/143","158/158","88/102","142/150","190/194","252/252","173/173","152/166","144/154","83/85","124/124","175/175","142/150","260/260","150/150","129/131","155/157","92/92","150/154","180/180","112/112","170/172","81/89","161/165","89/91",NA,"167/167","228/238","128/134","104/104","101/103","181/191","201/207","142/142","145/153"
885,"2023","WBNPGR","Wood Bison","Hair","200","2021",2021,2021,"","Bison samples WBNP - RB",NA,NA,NA,NA,NA,"100",98,"89/89","134/138","179/185","253/269","105/105","135/141","93/103","129/143","189/189","238/238","87/87","147/160","113/113","172/172","229/231","143/143","156/160","90/100","140/140","194/194","252/252","177/177","152/166","154/156","81/83","124/132","165/183","142/142","260/262","146/150","125/129","155/157","91/92","146/150","184/184","108/112","170/170","89/89","165/165","85/89",NA,"167/167","228/238","118/130","92/104","101/103","181/181","205/205","158/168","153/153"
886,"2023","WBNPGR","Wood Bison","Hair","220","2021",2021,2021,"","Bison samples WBNP - RB",NA,NA,NA,NA,NA,"100",98,"89/91","136/136","175/181","241/253","103/105","145/145","93/97","129/129","191/195","238/254","87/87","160/162","113/115","174/176","225/233","143/143","154/156","90/90","138/140","188/194","252/252","173/177","146/152","154/156","81/83","124/124","181/183","142/148","262/262","150/150","123/125","151/157","92/92","150/150","180/180","106/112","172/174","89/89","161/173","85/91",NA,"167/167","238/238","130/132","104/104","95/95","179/191","205/211","144/166","145/145"
887,"2023","WBNPGR","Wood Bison","Hair","240","2021",2021,2021,"","Bison samples WBNP - RB",NA,NA,NA,NA,NA,"100",98,"89/89","136/138","175/187","253/271","103/103","145/145","93/103","129/143","189/195","238/238","87/87","147/162","115/115","172/172","227/229","143/143","158/158","90/90","140/146","194/194","250/252","173/175","146/146","144/156","81/83","122/124","165/175","142/150","260/262","140/150","123/127","159/159","91/92","146/150","190/192","106/112","172/174","89/89","161/173","87/91",NA,"167/167","228/238","132/134","102/102","95/101","181/191","205/211","144/144","151/153"
888,"2023","WBNPGR","Wood Bison","blood","260","2021",2021,2021,"","Bison samples WBNP - RB",NA,NA,NA,NA,NA,"100",98,"89/93","136/136","179/187","253/253","103/103","145/145","85/89","129/143","189/189","232/252","87/89","147/162","108/113","172/182","229/231","143/143","156/158","90/90","127/148","188/188","246/252","175/177","152/162","154/154","83/83","124/124","175/183","142/148","262/262","146/150","125/129","155/155","91/92","146/150","180/180","110/112","166/170","85/89","165/165","89/91",NA,"161/167","238/238","130/134","102/104","101/101","181/181","205/215","142/168","145/151"
889,"2023","WBNPGR","Wood Bison","Hair","280","2021",2021,2021,"","Bison samples WBNP - RB",NA,NA,NA,NA,NA,"100",98,"89/91","136/138","179/181","253/269","103/103","141/145","83/89","143/149","189/195","238/252","87/87","158/158","108/115","174/182","229/229","143/143","156/158","90/102","138/146","194/200","252/252","167/175","146/152","154/156","81/83","124/124","165/183","142/150","260/262","140/140","123/129","151/155","91/92","146/150","180/184","110/112","172/176","89/89","161/173","85/89",NA,"167/167","228/240","118/130","104/104","99/103","181/181","211/211","162/164","149/151"
890,"2023","WBNPGR","Wood Bison","Hair","300","2021",2021,2021,"","Bison samples WBNP - RB",NA,NA,NA,NA,NA,"100",98,"91/91","136/140","187/187","253/253","103/105","145/145","97/105","129/129","191/191","238/238","87/89","158/170","108/115","174/174","229/229","143/143","156/160","90/90","140/146","188/194","252/252","159/163","146/162","154/154","81/83","120/132","165/183","142/148","260/262","146/150","129/129","155/159","92/95","146/150","184/192","110/112","170/172","83/85","173/173","81/85",NA,"161/165","228/236","130/130","102/104","99/103","181/181","205/205","142/158","153/153"
891,"2023","WBNPGR","Wood Bison","Hair","320","2021",2021,2021,"","Bison samples WBNP - RB",NA,NA,NA,NA,NA,"100",98,"91/93","136/136","175/187","247/253","103/103","135/145","93/103","129/141","189/189","232/238","87/89","162/162","115/115","172/172","229/229","143/143","158/158","88/90","138/140","188/194","252/252","167/167","158/162","154/156","81/83","132/132","165/183","142/150","260/262","150/150","125/129","153/155","95/95","150/150","184/198","106/106","170/172","81/83","161/165","89/89",NA,"167/167","228/238","114/132","104/104","95/101","181/191","201/211","158/158","149/149"
892,"2023","WBNPGR","Wood Bison","Hair","340","2021",2021,2021,"","Bison samples WBNP - RB",NA,NA,NA,NA,NA,"100",98,"89/93","134/138","187/187","241/241","103/103","141/145","93/97","129/129","189/195","232/238","87/87","147/170","113/115","172/172","225/229","143/143","154/158","90/90","140/148","194/194","252/252","159/167","152/152","154/154","81/81","124/124","175/183","142/148","260/262","150/152","125/129","155/155","91/94","148/150","180/192","112/112","170/174","89/89","155/173","85/91",NA,"161/167","228/236","114/130","98/104","95/103","191/191","205/211","142/142","145/153"
893,"2023","WBNPGR","Wood Bison","Hair","360","2021",2021,2021,"","Bison samples WBNP - RB",NA,NA,NA,NA,NA,"100",98,"89/89","136/138","187/191","253/253","102/103","145/145","97/97","129/129","189/191","232/238","87/89","160/162","115/115","172/172","227/229","143/143","158/158","90/102","127/140","194/194","252/252","167/177","152/152","144/160","81/83","132/132","181/183","142/150","260/262","146/150","129/129","153/159","91/92","150/150","184/196","108/108","170/174","89/89","161/161","85/91",NA,"167/177","228/236","130/130","102/102","95/101","181/191","207/207","168/168","145/149"
895,"2023","WBNPPAD","Wood Bison","Hair","88211","2021",2021,2021,"","Bison samples WBNP - RB",NA,NA,NA,NA,NA,"100",98,"89/91","136/140","185/187","253/273","103/105","135/145","89/89","143/149","189/195","238/238","87/89","158/162","108/115","172/178","229/229","133/143","156/158","88/90","127/150","190/194","252/252","167/177","146/152","154/154","83/83","124/124","183/183","142/142","262/262","140/146","125/129","155/159","91/92","146/150","184/192","106/106","168/174","85/89","173/173","89/91",NA,"167/167","238/240","118/130","92/104","101/101","191/191","201/201","158/164","143/147"
896,"2023","WBNPPAD","Wood Bison","Hair","88213","2021",2021,2021,"","Bison samples WBNP - RB",NA,NA,NA,NA,NA,"100",98,"89/89","134/138","185/187","247/253","103/103","135/135","85/103","129/143","189/191","238/238","87/89","158/164","115/115","172/174","225/229","143/143","158/158","90/90","140/148","190/194","246/252","175/177","152/166","154/160","81/81","124/136","165/175","142/138","260/260","150/150","123/129","155/157","92/94","148/150","180/192","108/108","174/176","83/95","165/165","89/89",NA,"161/167","228/238","114/132","92/102","99/101","179/181","205/211","156/166","149/151"
897,"2023","WBNPPAD","Wood Bison","Hair","88214","2021",2021,2021,"","Bison samples WBNP - RB",NA,NA,NA,NA,NA,"100",98,"91/91","136/136","179/185","241/253","103/103","145/145","83/91","129/143","189/191","238/254","87/87","158/160","113/115","172/178","229/229","143/143","158/158","90/102","127/148","188/190","252/252","177/177","164/166","156/156","77/81","124/132","175/183","142/150","262/264","140/150","123/125","155/155","91/91","146/154","180/196","106/112","176/176","81/89","155/165","85/85",NA,"161/167","228/238","130/134","102/104","95/101","181/181","205/207","158/164","149/149"
898,"2023","WBNPPAD","Wood Bison","Hair","88216","2021",2021,2021,"","Bison samples WBNP - RB",NA,NA,NA,NA,NA,"100",98,"91/91","134/138","175/179","241/269","103/103","135/145","93/103","129/129","189/191","252/252","87/87","162/162","113/115","172/172","229/229","143/143","156/156","90/90","140/142","190/194","252/252","167/173","152/162","154/154","81/85","124/124","175/181","142/150","262/264","150/150","129/131","155/157","92/95","146/146","180/180","112/112","170/174","81/89","161/165","89/91",NA,"167/167","238/238","130/130","92/102","95/99","181/181","205/205","142/164","145/153"
899,"2023","WBNPPAD","Wood Bison","Hair","88218","2021",2021,2021,"","Bison samples WBNP - RB",NA,NA,NA,NA,NA,"100",98,"89/93","136/138","179/185","253/269","103/103","141/145","93/97","129/129","195/195","232/238","87/87","147/160","115/115","172/182","225/227","143/143","158/158","90/90","127/127","194/194","250/252","173/173","158/166","154/156","77/83","124/126","175/183","142/150","262/262","140/150","123/129","153/155","91/94","146/148","180/180","106/112","170/176","81/89","165/165","85/89",NA,"167/167","228/238","130/130","98/98","95/101","181/191","205/205","158/168","153/153"
900,"2023","WBNPPAD","Wood Bison","Hair","88219","2021",2021,2021,"","Bison samples WBNP - RB",NA,NA,NA,NA,NA,"100",98,"89/91","134/138","179/181","247/253","103/103","135/147","91/103","129/129","189/189","238/252","87/89","162/162","108/115","172/182","229/231","143/145","158/158","90/90","127/127","190/194","246/250","173/175","152/162","160/160","81/85","132/132","165/165","142/148","260/262","140/150","123/129","151/157","91/91","150/150","180/180","112/112","170/172","83/89","161/173","87/89",NA,"161/167","228/236","130/134","92/104","101/103","181/181","205/211","158/158","145/151"
901,"2023","WBNPPAD","Wood Bison","Hair","88220","2021",2021,2021,"","Bison samples WBNP - RB",NA,NA,NA,NA,NA,"100",98,"89/91","136/136","187/187","253/269","103/103","141/141","89/91","129/129","189/189","232/238","87/87","160/161","113/115","174/182","229/229","143/143","156/158","90/102","127/146","194/200","252/252","163/173","152/158","144/154","77/81","132/136","175/183","142/150","260/262","140/150","127/129","155/155","91/92","146/150","180/180","112/112","172/176","83/89","161/161","85/91",NA,"161/161","224/228","130/130","92/98","95/101","181/181","205/207","166/168","151/153"
902,"2023","WBNPPAD","Wood Bison","Hair","88221","2021",2021,2021,"","Bison samples WBNP - RB",NA,NA,NA,NA,NA,"100",98,"89/89","134/134","175/187","253/271","103/103","135/141","85/97","127/129","189/189","238/238","87/87","158/160","113/115","172/180","227/229","143/143","158/158","102/102","140/142","194/194","254/254","165/173","146/146","154/154","81/83","124/124","175/183","142/148","260/262","146/150","125/131","155/159","94/95","146/150","196/198","106/108","170/172","91/95","161/165","85/85",NA,"167/167","238/238","114/128","102/104","101/101","181/191","215/215","144/156","149/149"
903,"2023","WBNPPAD","Wood Bison","Hair","88222","2021",2021,2021,"","Bison samples WBNP - RB",NA,NA,NA,NA,NA,"100",98,"91/91","136/136","175/187","241/269","102/103","135/145","93/93","141/143","189/191","238/248","87/89","158/161","113/115","172/174","229/231","143/143","156/156","90/102","127/138","188/194","246/252","175/177","148/166","146/146","81/85","124/126","165/181","142/150","260/262","146/150","125/129","155/159","91/92","150/150","184/196","90/106","172/172","81/89","161/165","81/87",NA,"161/167","238/238","128/134","98/104","101/101","191/191","207/207","142/158","151/153"
904,"2023","WBNPPAD","Wood Bison","Hair","88223","2021",2021,2021,"","Bison samples WBNP - RB",NA,NA,NA,NA,NA,"100",98,"89/93","132/136","179/187","247/253","103/103","135/145","93/97","129/143","189/191","232/232","87/87","149/162","113/115","172/172","229/233","143/145","156/158","102/102","127/142","188/190","252/252","159/177","152/166","154/156","81/83","124/124","165/179","142/142","258/260","140/150","125/129","155/155","91/94","146/146","180/192","110/110","170/172","85/89","161/161","89/89",NA,"167/167","228/238","130/134","104/104","99/101","179/191","205/205","158/166","145/153"
905,"2023","WBNPPAD","Wood Bison","Hair","88224","2021",2021,2021,"","Bison samples WBNP - RB",NA,NA,NA,NA,NA,"100",98,"89/89","136/136","181/187","241/269","103/103","135/141","89/93","129/129","189/189","232/238","87/87","143/154","113/115","174/178","229/229","143/145","160/160","90/90","127/140","194/194","250/250","177/177","152/166","154/160","83/83","122/132","183/183","142/150","260/260","140/150","125/125","155/155","91/91","146/146","180/184","108/110","172/176","83/89","165/165","81/89",NA,"161/161","224/238","130/130","96/102","101/103","181/191","211/211","166/168","145/149"
906,"2023","WBNPPAD","Wood Bison","Hair","88225","2021",2021,2021,"","Bison samples WBNP - RB",NA,NA,NA,NA,NA,"100",98,"89/89","136/136","181/181","253/253","103/103","135/145","83/97","129/143","189/191","232/238","87/87","158/160","113/115","172/180","225/229","143/147","158/160","100/102","140/140","188/194","252/252","159/163","158/166","154/158","81/81","122/124","181/183","142/148","260/262","140/150","125/129","155/159","92/92","146/146","180/192","110/112","170/170","89/89","161/165","89/89",NA,"161/167","228/238","130/134","102/104","95/103","177/181","205/207","158/168","145/149"
907,"2023","WBNPPAD","Wood Bison","Hair","88226","2021",2021,2021,"","Bison samples WBNP - RB",NA,NA,NA,NA,NA,"100",98,"89/89","136/138","187/187","253/253","103/103","135/137","93/103","143/143","189/191","232/238","87/91","160/161","108/108","172/182","229/229","143/145","156/156","90/90","127/140","194/194","252/254","173/177","146/158","154/156","81/83","124/124","175/179","142/150","262/262","146/146","123/129","155/155","91/95","150/150","184/192","106/110","170/176","83/89","161/169","87/89",NA,"167/167","238/238","130/132","104/104","95/99","181/181","205/205","142/158","149/151"
908,"2023","WBNPPAD","Wood Bison","Hair","88227","2021",2021,2021,"","Bison samples WBNP - RB",NA,NA,NA,NA,NA,"100",98,"89/89","136/136","181/181","247/253","103/103","141/145","85/93","129/143","189/189","232/254","87/87","158/158","113/115","172/172","227/229","143/143","154/154","88/102","127/142","188/194","252/252","173/173","152/166","154/160","83/85","124/124","175/175","142/142","258/262","140/150","125/129","155/155","92/92","146/150","180/180","108/112","158/170","83/95","161/168","89/89",NA,"167/167","228/238","130/130","102/104","95/103","177/181","205/207","142/142","145/149"
909,"2023","WBNPPAD","Wood Bison","Hair","88228","2021",2021,2021,"","Bison samples WBNP - RB",NA,NA,NA,NA,NA,"100",98,"89/91","136/138","175/185","253/253","103/103","145/145","103/103","129/141","189/195","232/238","87/87","160/160","115/115","172/174","227/229","143/143","156/156","90/90","140/146","190/194","252/252","173/175","152/152","154/154","81/83","124/124","175/183","142/142","260/262","140/148","125/129","157/159","91/91","146/150","180/180","106/108","170/170","89/95","161/165","85/89",NA,"165/167","240/240","130/130","102/102","95/103","181/191","205/205","166/168","145/153"
910,"2023","WBNPPAD","Wood Bison","Hair","88251","2021",2021,2021,"","Bison samples WBNP - RB",NA,NA,NA,NA,NA,"100",98,"89/89","136/138","181/187","253/253","104/104","145/147","83/93","129/129","191/195","232/250","87/91","161/170","113/115","176/176","229/229","143/143","156/158","90/90","142/150","188/202","252/254","165/167","152/152","144/154","81/85","122/122","175/175","142/142","262/262","146/150","131/131","155/155","94/95","146/150","198/198","112/112","170/172","85/89","161/173","87/89",NA,"167/167","236/240","118/130","92/102","95/101","177/181","205/205","142/142","145/153"
911,"2024","WBNPPAD","Wood Bison","Tissue - Ear","BSN-01","2016",2016,2016,"","all samples",NA,NA,NA,NA,NA,"100",98,"89/99","136/138","185/191","253/253","103/104","141/145","83/103","143/149","191/191","252/254","87/87","161/162","113/115","172/180","229/231","143/143","156/158","88/102","146/148","194/194","252/252","167/173","146/158","154/154","83/83","132/132","165/175","142/148","260/262","140/150","125/129","155/159","91/92","150/150","192/198","110/112","166/172","85/89","173/173","89/91",NA,"167/167","228/236","130/130","92/104","95/103","179/181","205/205","142/162","149/153"
912,"2024","WBNPPAD","Wood Bison","Tissue - Ear","BSN-02","2016",2016,2016,"","all samples",NA,NA,NA,NA,NA,"100",98,"91/99","134/138","179/185","253/253","103/104","141/141","83/103","143/149","191/191","238/252","87/89","162/170","113/113","174/180","229/233","143/143","156/156","88/90","127/146","194/194","252/252","173/175","146/166","154/154","81/83","124/132","165/175","142/148","260/260","140/150","123/125","153/155","91/91","146/150","180/198","112/112","172/172","89/89","165/173","81/89",NA,"167/167","228/238","130/130","92/104","103/103","179/179","205/205","142/162","149/153"
913,"2024","WBNPPAD","Wood Bison","Tissue - Ear","BSN-03","2016",2016,2016,"","all samples",NA,NA,NA,NA,NA,"100",98,"89/91","138/138","181/185","241/253","103/103","141/145","97/103","143/143","189/191","238/252","87/87","158/160","113/113","172/172","225/229","143/143","154/158","90/102","142/150","190/194","252/252","173/177","146/152","154/154","83/85","124/132","175/183","142/148","262/262","146/150","127/131","155/155","91/92","146/150","180/180","106/112","166/174","81/89","161/165","87/89",NA,"167/167","236/238","118/130","102/104","97/101","181/181","205/207","144/168","145/149"
914,"2024","WBNPHC","Wood Bison","Tissue - Ear","BSN-04","2017",2017,2017,"","all samples",NA,NA,NA,NA,NA,"100",98,"89/91","134/138","181/181","253/253","103/103","145/145","93/97","129/129","189/191","232/238","87/89","158/160","108/115","174/174","229/229","143/143","158/158","90/90","127/150","190/194","252/252","167/167","146/152","154/154","81/83","132/132","165/165","142/142","260/262","150/152","129/129","155/157","91/91","146/150","184/192","106/112","170/172","85/89","161/173","89/89",NA,"161/167","228/238","128/130","102/104","103/103","181/181","205/205","142/166","149/149"
915,"2024","WBNPNY","Wood Bison","Tissue - Ear","BSN-05","2017",2017,2017,"","all samples",NA,NA,NA,NA,NA,"100",98,"89/91","138/142","181/187","241/269","103/103","145/145","83/93","129/129","195/195","238/252","87/87","158/160","115/115","172/182","227/229","143/143","156/158","90/90","127/140","188/194","252/252","173/173","146/152","154/160","83/83","124/132","175/175","142/148","262/262","146/150","123/129","153/155","91/91","146/150","180/196","106/112","166/174","89/89","161/173","89/89",NA,"167/167","228/238","128/130","102/104","101/103","181/191","205/207","142/166","145/153"
916,"2024","WBNPHC","Wood Bison","Tissue - Ear","BSN-07","2017",2017,2017,"","all samples",NA,NA,NA,NA,NA,"100",98,"89/89","136/136","179/181","241/241","103/103","141/145","91/97","143/149","191/195","238/252","89/89","161/162","113/115","174/174","225/231","143/145","158/158","90/102","140/142","194/194","252/252","175/175","146/152","154/154","83/85","124/124","175/181","142/142","260/262","146/150","125/129","155/155","91/92","150/150","184/192","112/112","170/170","89/95","161/165","89/91",NA,"167/167","228/238","130/132","96/102","101/101","179/181","205/211","158/164","151/153"
917,"2024","WBNPNY","Wood Bison","Tissue - Ear","BSN-08","2016",2016,2016,"","all samples",NA,NA,NA,NA,NA,"100",98,"89/91","140/142","181/181","269/269","103/103","135/145","103/103","129/129","189/195","238/238","87/87","158/162","108/113","172/174","225/229","143/147","158/160","90/104","127/150","190/194","252/252","173/177","152/152","154/154","81/83","124/132","175/175","142/142","256/264","140/146","123/129","157/159","91/92","150/150","184/192","106/112","172/172","89/89","169/173","89/91",NA,"167/167","228/238","130/130","92/102","101/101","181/191","205/211","142/158","149/153"
918,"2023","WBNPLB","Wood Bison","Ear Tissue","BSN-102","2021",2021,2021,"","bison samples freezer",NA,NA,NA,NA,NA,"100",98,"89/91","138/138","179/187","253/253","103/103","145/145","89/97","129/129","191/195","232/238","87/89","160/162","113/115","172/176","229/233","143/143","156/158","90/90","127/127","194/194","252/254","173/173","152/156","144/154","81/83","124/132","165/183","142/142","262/262","140/146","129/129","155/157","91/92","150/150","180/184","106/106","170/172","85/95","165/173","85/91",NA,"167/167","228/238","118/128","104/104","95/103","181/191","205/205","142/166","149/153"
919,"2023","WBNPLB","Wood Bison","Ear Tissue","BSN-103","2021",2021,2021,"","bison samples freezer",NA,NA,NA,NA,NA,"100",98,"89/91","134/134","179/181","253/253","103/103","141/145","93/93","129/143","189/191","238/238","87/89","162/162","115/115","172/174","227/233","143/145","156/158","90/102","127/150","194/200","252/252","175/177","152/152","154/154","81/83","122/132","175/183","142/142","260/260","146/150","123/129","155/155","91/92","146/150","180/184","106/110","166/174","83/95","169/173","85/89",NA,"161/165","228/238","128/130","102/102","103/103","181/181","205/205","166/166","149/151"
920,"2023","WBNPLB","Wood Bison","Ear Tissue","BSN-104","2021",2021,2021,"","bison samples freezer",NA,NA,NA,NA,NA,"100",98,"89/89","134/138","181/181","253/269","103/103","135/145","93/97","129/129","191/195","232/238","87/89","150/160","113/115","172/172","227/229","143/145","156/160","90/102","138/140","188/194","250/252","173/173","146/152","154/160","81/83","124/124","165/183","142/150","260/260","140/150","129/129","155/159","91/91","146/150","184/196","112/112","170/172","85/89","165/175","85/89",NA,"167/167","228/228","128/132","92/102","101/103","181/181","205/205","142/142","149/153"
921,"2023","WBNPLB","Wood Bison","Ear Tissue","BSN-105","2021",2021,2021,"","bison samples freezer",NA,NA,NA,NA,NA,"100",98,"91/91","136/140","181/187","247/271","103/103","141/145","97/103","143/143","189/195","238/238","87/87","162/162","113/115","174/176","229/229","143/143","158/160","88/90","140/146","190/194","252/254","173/177","152/166","154/158","81/81","124/124","175/175","142/150","260/262","148/150","129/129","157/159","91/95","150/150","184/192","112/112","172/176","89/89","161/173","85/89",NA,"167/167","228/228","114/130","98/104","101/101","181/191","205/211","142/168","151/153"
922,"2023","WBNPLB","Wood Bison","Ear Tissue","BSN-106","2021",2021,2021,"","bison samples freezer",NA,NA,NA,NA,NA,"100",98,"89/89","136/140","181/187","241/253","103/103","135/145","93/103","129/129","189/191","238/238","87/89","160/161","115/115","172/174","227/229","143/147","158/158","90/102","146/150","188/190","252/252","173/177","152/152","154/154","81/83","124/132","179/183","142/142","260/262","140/150","123/125","159/159","92/92","146/150","184/190","106/112","166/172","89/89","161/173","89/89",NA,"167/167","228/238","130/134","102/104","95/103","177/181","205/207","142/142","151/153"
923,"2023","WBNPNY","Wood Bison","Ear Tissue","BSN-107 (Adult Male)","2021",2021,2021,"","bison samples freezer",NA,NA,NA,NA,NA,"100",98,"89/91","136/142","179/187","253/269","103/103","135/145","85/97","129/149","191/195","238/238","87/89","160/161","115/115","174/176","229/233","143/145","158/160","90/90","127/127","188/194","246/254","173/175","152/166","154/154","77/81","124/132","165/165","142/150","260/260","148/150","125/129","155/155","91/95","150/150","180/184","106/108","170/172","85/89","169/173","81/85",NA,"167/167","236/238","130/134","102/104","99/103","181/181","205/207","142/166","153/153"
924,"2023","WBNPHC","Wood Bison","Ear Tissue","BSN-107 (Yearling Female)","2021",2021,2021,"","bison samples freezer",NA,NA,NA,NA,NA,"100",98,"89/89","138/138","179/187","247/253","103/103","135/145","83/103","129/129","189/191","238/252","91/91","158/162","115/115","172/174","227/229","143/143","156/158","90/90","140/146","194/200","252/252","173/173","146/150","154/154","83/85","124/132","165/175","142/148","260/262","150/150","129/129","155/159","91/92","146/146","192/198","106/106","170/172","89/89","165/173","85/89",NA,"161/167","238/240","118/130","104/104","101/101","181/181","215/215","142/158","149/153"
925,"2023","WBNPNY","Wood Bison","Ear Tissue","BSN-108","2021",2021,2021,"","bison samples freezer",NA,NA,NA,NA,NA,"100",98,"89/93","134/138","181/185","241/269","103/103","135/145","97/103","129/143","189/191","238/238","87/87","158/158","108/115","172/180","227/229","143/143","156/156","90/90","140/142","188/190","250/252","173/173","152/152","154/160","81/85","124/124","175/183","142/142","260/262","140/150","123/129","159/159","91/92","146/150","184/184","106/106","172/186","85/89","169/173","85/85",NA,"167/167","228/228","130/132","102/102","103/103","181/181","205/205","142/142","149/151"
926,"2023","WBNPLB","Wood Bison","Ear Tissue","BSN-112","2022",2022,2022,"","bison samples freezer",NA,NA,NA,NA,NA,"100",98,"89/99","138/138","175/181","241/253","103/103","145/145","89/103","129/129","189/195","238/238","87/87","158/162","115/115","174/182","227/227","143/145","156/160","90/90","148/150","188/194","252/252","173/177","146/146","154/160","83/83","124/124","175/183","142/150","260/264","140/146","129/129","157/159","91/91","146/150","184/184","106/112","172/172","89/89","161/175","81/89",NA,"167/167","228/238","128/132","92/104","101/103","181/181","205/205","142/166","153/153"
927,"2023","WBNPLB","Wood Bison","Ear Tissue","BSN-113","202",2022,2022,"","bison samples freezer",NA,NA,NA,NA,NA,"100",98,"89/89","138/142","175/179","253/253","103/103","135/141","93/103","129/129","189/189","238/252","87/87","147/160","108/115","172/178","225/227","143/143","158/158","90/102","127/148","194/200","252/252","173/173","146/152","144/154","77/81","122/122","165/175","142/150","260/260","140/150","123/129","153/159","91/92","150/150","184/192","106/112","172/172","89/89","161/161","89/89",NA,"167/167","236/238","130/130","104/104","95/103","181/181","205/205","142/142","149/153"
928,"2023","WBNPLB","Wood Bison","Ear Tissue","BSN-114","202",2022,2022,"","bison samples freezer",NA,NA,NA,NA,NA,"100",98,"89/91","134/138","175/187","253/269","103/103","141/145","89/93","129/141","189/191","238/238","87/87","161/162","108/115","172/172","225/227","143/143","158/160","102/102","142/146","188/194","252/254","167/173","152/152","144/154","81/81","122/132","175/183","142/150","260/260","150/150","129/131","155/159","91/92","150/150","180/196","110/112","170/174","85/89","165/173","89/89",NA,"165/167","228/228","128/134","104/104","95/101","181/191","205/207","144/166","149/149"
929,"2023","WBNPLB","Wood Bison","Ear Tissue","BSN-115","2022",2022,2022,"","bison samples freezer",NA,NA,NA,NA,NA,"100",98,"91/99","134/138","175/181","253/253","103/103","135/141","93/103","129/129","191/191","232/238","87/87","161/162","113/115","174/174","227/227","143/143","158/158","90/90","127/142","194/200","252/252","167/177","146/146","154/154","81/81","124/132","179/183","142/142","262/262","140/150","123/129","155/155","91/95","146/150","180/184","106/112","166/170","89/89","161/161","81/89",NA,"161/167","228/228","130/134","104/104","101/101","181/191","205/215","142/158","153/153"
930,"2023","WBNPLB","Wood Bison","Ear Tissue","BSN-116","2022",2022,2022,"","bison samples freezer",NA,NA,NA,NA,NA,"100",98,"91/91","136/142","181/187","253/253","103/103","135/145","83/89","129/143","189/191","238/238","87/87","158/160","113/115","172/182","229/229","143/143","158/160","90/90","127/140","190/194","246/252","173/173","146/152","154/154","81/83","124/124","165/183","142/150","262/262","146/146","125/129","155/157","91/92","146/152","180/180","112/112","172/178","89/89","161/165","89/91",NA,"167/167","228/238","128/134","102/104","95/103","181/181","201/211","142/166","145/149"
931,"2023","WBNPNY","Wood Bison","Ear Tissue","BSN-117","2022",2022,2022,"","bison samples freezer",NA,NA,NA,NA,NA,"100",98,"89/91","134/142","179/179","253/269","103/104","141/145","103/103","141/143","195/195","238/238","87/87","162/162","113/113","172/174","227/229","143/143","158/158","102/102","138/140","188/194","252/252","163/177","152/152","154/154","81/81","124/124","175/183","142/142","256/260","146/146","129/129","153/159","91/94","146/150","180/180","108/112","168/172","89/89","161/165","81/81",NA,"161/167","228/238","130/132","102/104","95/103","181/181","205/205","142/142","145/149"
932,"2023","WBNPLB","Wood Bison","Ear Tissue","BSN-118","2022",2022,2022,"","bison samples freezer",NA,NA,NA,NA,NA,"100",98,"89/89","134/134","179/185","253/253","103/103","141/141","89/93","129/143","189/191","238/238","87/87","149/162","113/115","172/172","229/229","143/143","158/160","88/90","140/146","190/200","246/250","165/177","152/152","160/160","83/83","124/124","165/183","142/150","260/260","146/152","129/129","155/157","92/95","148/148","192/192","112/112","166/174","89/89","161/173","81/89",NA,"161/167","224/228","130/134","102/104","99/99","181/181","205/205","142/142","149/151"
933,"2023","WBNPLB","Wood Bison","Ear Tissue","BSN-119","2022",2022,2022,"","bison samples freezer",NA,NA,NA,NA,NA,"100",98,"89/89","134/134","181/191","253/253","103/103","141/145","103/103","131/149","191/191","238/238","87/87","160/160","113/113","172/172","225/229","143/145","156/158","90/90","140/150","194/194","250/252","163/173","146/146","154/160","83/85","132/132","175/183","142/150","260/260","140/150","129/129","155/155","91/92","146/150","184/184","106/112","166/170","89/89","161/173","85/89",NA,"167/167","228/238","128/132","102/104","101/103","181/181","205/211","142/166","153/153"
934,"2024","WBNPPAD","Wood Bison","Tissue - Ear","BSN-25","2010",2010,2010,"","all samples",NA,NA,NA,NA,NA,"100",98,"89/91","134/136","181/181","241/271","103/104","141/141","85/103","129/149","191/191","252/254","87/87","158/160","115/115","172/172","225/227","143/147","158/158","88/90","142/150","188/194","252/252","173/173","152/152","154/156","81/83","124/132","175/175","142/148","260/262","146/146","123/129","155/157","92/92","150/150","180/180","106/106","170/178","85/89","165/173","85/89",NA,"167/167","228/238","130/130","92/104","97/103","181/181","205/211","158/166","149/153"
935,"2024","WBNPNY","Wood Bison","Tissue - Ear","BSN-46","2018",2018,2018,"","all samples",NA,NA,NA,NA,NA,"100",98,"89/91","134/138","175/181","253/253","103/103","145/145","103/103","129/143","189/195","238/238","87/91","160/162","113/115","172/178","227/229","143/143","158/158","90/90","127/127","190/190","246/252","173/177","142/152","144/144","83/83","132/132","165/183","142/148","260/262","150/150","123/123","155/157","91/92","150/150","184/192","106/112","170/174","89/95","165/173","89/89",NA,"161/167","228/238","128/130","102/104","101/101","181/181","207/211","142/168","149/153"
936,"2024","WBNPNY","Wood Bison","Tissue - Ear","BSN-51","2018",2018,2018,"","all samples",NA,NA,NA,NA,NA,"100",98,"91/91","138/138","181/185","247/253","103/103","145/145","89/103","129/149","189/195","238/238","87/87","160/161","113/115","172/174","227/229","143/143","158/158","90/90","140/150","194/194","252/252","173/177","146/152","154/154","81/83","132/132","179/183","142/142","260/262","146/150","129/129","155/157","92/92","146/150","196/196","108/112","170/172","83/85","173/173","87/89",NA,"167/167","238/240","128/130","102/104","99/103","181/191","205/205","142/142","149/153"
937,"2024","WBNPNY","Wood Bison","Tissue - Ear","BSN-52","2019",2019,2019,"","all samples",NA,NA,NA,NA,NA,"100",98,"91/91","138/142","179/185","253/269","103/104","135/145","89/103","129/149","189/189","238/238","87/87","159/159","113/115","172/172","227/229","143/143","158/158","90/102","140/146","190/194","252/252","167/173","152/152","154/154","81/81","124/132","175/179","142/142","260/262","146/150","129/129","157/159","91/92","146/150","196/196","106/112","170/186","89/89","169/173","85/89",NA,"167/167","228/238","130/132","102/104","101/103","181/191","205/207","158/164","149/151"
938,"2024","WBNPHC","Wood Bison","Tissue - Ear","BSN-55","2020",2020,2020,"","all samples",NA,NA,NA,NA,NA,"100",98,"89/91","134/138","181/181","253/253","103/103","141/141","89/93","129/149","189/191","238/238","87/87","149/162","115/115","172/174","227/229","143/143","158/160","88/90","140/142","190/200","252/252","165/177","146/152","154/154","81/83","124/132","183/183","142/142","262/262","140/148","123/127","155/157","91/95","146/148","184/192","90/112","170/172","85/89","161/173","89/89",NA,"161/167","228/228","128/130","104/104","99/101","181/191","211/215","142/158","151/153"
939,"2024","WBNPHC","Wood Bison","Tissue - Ear","BSN-62","2020",2020,2020,"","all samples",NA,NA,NA,NA,NA,"100",98,"89/91","134/138","179/187","241/253","103/103","141/141","93/103","129/129","189/189","238/238","87/87","160/162","113/115","172/182","229/229","143/143","156/160","102/102","146/148","194/200","252/252","173/177","146/152","154/160","77/83","124/124","175/183","142/150","260/262","150/150","129/129","157/159","91/92","150/150","192/192","106/110","172/174","89/89","161/173","85/89",NA,"167/167","228/240","118/130","102/104","95/101","181/191","201/205","142/158","149/153"
940,"2024","WBNPHC","Wood Bison","Tissue - Ear","BSN-63","2020",2020,2020,"","all samples",NA,NA,NA,NA,NA,"98",98,"91/91","138/138","179/181","253/253","103/105","135/141","91/103","129/143","189/189","238/238","87/87","158/162","108/113","172/172","229/229","143/147","158/158","90/90","127/140","194/200","246/252","173/177","146/152","144/154","81/81","124/132","183/183","142/150","260/262","150/152","127/129","155/159","91/92","150/150","180/184","112/112","172/174","81/83","161/165","89/89",NA,"161/161","228/238","130/132","98/102","103/103","181/191","205/211","142/142","149/149"
941,"2024","WBNPHC","Wood Bison","Tissue - Ear","BSN-64","2020",2020,2020,"","all samples",NA,NA,NA,NA,NA,"98",96,"91/91","134/138","179/187","241/269","103/103","135/141","89/93","129/129","189/189","238/238","87/87","160/160","113/113","172/174","225/229","143/143","158/160","90/102","148/148","194/200","252/252","177/177","152/152","154/160","81/83","122/124","165/175","142/150","260/262","140/150","127/129","153/159","92/92","150/150","180/192","106/112","172/172","89/89","161/173","85/87",NA,"167/167","228/236","130/130","104/104","101/103","181/191","205/211","142/158",NA
942,"2024","WBNPHC","Wood Bison","Tissue - Ear","BSN-65","2020",2020,2020,"","all samples",NA,NA,NA,NA,NA,"100",98,"89/91","132/138","179/179","253/253","103/104","135/141","83/97","143/149","189/191","232/238","87/87","143/162","113/113","172/174","231/233","143/143","158/158","90/102","127/150","188/200","250/252","175/177","146/150","154/156","81/83","124/132","175/175","142/150","260/262","146/150","123/129","155/155","91/92","146/150","180/192","106/106","172/176","89/89","159/167","81/89",NA,"161/167","228/238","128/130","102/102","95/95","181/181","205/211","142/166","145/149"
943,"2024","WBNPHC","Wood Bison","Tissue - Ear","BSN-66","2020",2020,2020,"","all samples",NA,NA,NA,NA,NA,"100",98,"89/93","132/140","179/181","241/253","103/103","135/145","103/103","129/133","189/195","238/238","87/89","158/158","108/113","172/174","227/227","143/143","154/158","90/102","127/142","188/190","252/252","173/173","150/162","154/154","83/83","124/136","165/183","142/148","260/260","146/150","123/129","155/155","91/92","150/150","180/184","108/112","172/176","89/89","165/165","81/91",NA,"167/167","228/228","130/134","92/102","103/103","181/181","205/207","142/142","149/151"
944,"2024","WBNPHC","Wood Bison","Tissue - Ear","BSN-67","2020",2020,2020,"","all samples",NA,NA,NA,NA,NA,"100",98,"89/91","136/138","175/179","241/253","103/103","141/145","93/93","129/129","189/189","232/238","87/89","160/162","115/115","174/182","225/227","143/143","158/158","90/90","127/146","188/200","252/254","173/173","146/152","154/154","77/81","124/124","179/183","142/148","260/262","150/150","125/129","155/159","91/92","150/150","180/190","106/110","170/174","81/81","161/169","85/89",NA,"167/167","228/238","128/128","102/104","95/99","181/181","207/211","142/144","145/149"
945,"2024","WBNPHC","Wood Bison","Tissue - Ear","BSN-69","2020",2020,2020,"","all samples",NA,NA,NA,NA,NA,"100",98,"89/91","134/138","179/181","241/253","103/103","145/145","91/103","129/143","189/189","238/238","87/87","149/162","113/115","172/178","229/229","143/143","156/158","90/90","127/148","190/194","246/252","173/177","152/152","144/154","81/83","124/132","165/165","142/142","260/260","150/150","129/129","155/159","91/91","146/146","180/184","112/112","172/174","89/89","165/165","89/89",NA,"161/167","238/238","130/132","98/104","99/101","181/193","205/207","142/142","149/153"
946,"2024","WBNPHC","Wood Bison","Tissue - Ear","BSN-70","2020",2020,2020,"","all samples",NA,NA,NA,NA,NA,"100",98,"89/91","138/138","179/187","241/253","103/103","145/145","93/103","129/143","191/191","238/252","87/89","160/162","108/115","172/174","229/229","143/143","158/158","102/102","140/146","190/194","246/252","167/173","152/152","154/154","81/81","120/122","179/179","142/150","256/262","146/150","125/129","155/155","91/95","146/146","180/180","108/110","168/174","85/89","165/165","85/91",NA,"161/167","228/238","130/132","104/104","95/99","181/181","205/215","142/162","147/151"
947,"2023","WBNPHC","Wood Bison","Biopsy","BSN71","2021",2021,2021,"","bison samples freezer",NA,NA,NA,NA,NA,"100",98,"89/91","134/138","185/187","253/269","103/103","145/145","97/103","129/129","189/189","232/232","87/87","160/160","108/115","172/172","229/231","133/143","156/156","88/90","140/140","188/188","252/252","167/177","146/164","154/154","81/83","132/132","165/175","142/142","260/262","146/148","125/129","153/153","92/92","146/150","180/184","106/112","170/172","81/83","165/169","89/91",NA,"161/167","238/240","128/130","102/102","101/103","181/181","205/205","142/164","151/153"
948,"2023","WBNPNY","Wood Bison","Biopsy","BSN72","2021",2021,2021,"","bison samples freezer",NA,NA,NA,NA,NA,"100",98,"89/91","134/138","179/187","253/269","103/103","145/145","85/97","129/129","191/195","232/238","87/87","149/161","113/115","172/174","229/229","143/147","158/158","90/90","140/140","188/190","252/252","173/177","152/152","144/156","83/83","122/124","175/183","142/148","262/262","146/150","129/129","153/153","91/91","146/150","192/196","106/112","170/172","85/89","165/173","85/85",NA,"167/167","228/240","130/132","98/102","101/101","181/181","207/211","142/164","145/153"
949,"2023","WBNPLB","Wood Bison","Biopsy","BSN76-1","2021",2021,2021,"","bison samples freezer",NA,NA,NA,NA,NA,"100",98,"89/89","134/134","179/181","253/269","103/103","141/141","89/97","129/149","189/191","238/238","87/87","149/160","115/115","172/172","229/229","143/143","158/160","88/102","140/140","190/200","246/252","165/177","146/152","154/160","83/83","124/124","165/183","142/150","260/262","146/148","127/129","155/157","95/95","148/150","180/192","90/112","172/174","85/89","161/173","81/89",NA,"167/167","224/228","128/130","102/104","99/99","181/191","205/211","142/142","149/151"
950,"2023","WBNPLB","Wood Bison","Biopsy","BSN76-2","2021",2021,2021,"","bison samples freezer",NA,NA,NA,NA,NA,"100",98,"89/91","138/142","175/187","247/253","103/103","141/145","103/103","129/129","191/195","238/238","87/87","158/162","108/113","172/182","225/229","143/143","156/160","90/90","127/140","190/194","252/252","173/177","162/166","144/154","77/81","124/132","175/175","142/148","256/260","140/140","129/129","155/157","91/95","146/150","184/192","106/112","172/178","89/89","161/161","81/89",NA,"167/167","228/240","130/130","104/104","99/103","181/181","205/207","142/142","149/153"
951,"2023","WBNPHC","Wood Bison","Biopsy","BSN81","2021",2021,2021,"","bison samples freezer",NA,NA,NA,NA,NA,"100",98,"89/91","134/136","181/181","241/247","103/103","141/145","83/97","129/149","189/191","232/238","87/89","161/170","108/115","172/172","229/229","143/147","154/158","90/90","140/148","188/194","252/252","173/177","146/152","144/154","83/83","122/124","165/175","142/148","260/262","140/148","125/127","153/155","92/94","146/150","184/196","106/112","170/174","85/89","161/173","89/89",NA,"161/161","238/240","130/134","104/104","99/103","181/181","205/205","144/168","149/151"
952,"2023","WBNPHC","Wood Bison","Biopsy","BSN83","2021",2021,2021,"","bison samples freezer",NA,NA,NA,NA,NA,"100",98,"89/91","134/134","187/191","253/269","103/103","145/145","93/103","143/143","189/191","232/236","87/87","158/160","108/115","172/172","225/229","143/143","156/158","90/90","140/148","194/194","252/252","163/167","146/152","154/154","81/83","124/132","183/183","142/142","262/262","146/150","121/125","151/157","91/91","146/150","180/192","106/112","170/172","81/89","161/173","85/89",NA,"167/167","228/240","128/130","104/104","103/103","181/191","201/205","142/166","149/151"
953,"2023","WBNPHC","Wood Bison","Biopsy","BSN84","2021",2021,2021,"","bison samples freezer",NA,NA,NA,NA,NA,"100",98,"91/91","134/138","187/187","253/269","103/103","135/147","89/89","129/129","189/189","238/238","87/87","158/160","113/113","174/176","229/229","143/143","158/160","90/102","142/148","194/200","252/252","173/177","152/152","154/160","83/83","122/124","175/183","142/142","256/260","140/150","129/131","157/159","91/91","146/150","180/180","106/110","172/174","89/89","161/173","87/89",NA,"167/167","228/236","128/130","102/104","101/103","181/191","205/211","142/158","151/151"
954,"2023","WBNPHC","Wood Bison","Biopsy","BSN86","2021",2021,2021,"","bison samples freezer",NA,NA,NA,NA,NA,"100",98,"89/91","138/140","179/187","253/253","103/105","141/145","93/93","129/143","189/189","238/238","87/87","160/162","113/115","172/174","227/229","143/143","158/158","102/102","127/146","194/194","252/252","175/175","146/152","154/154","83/83","124/132","175/179","142/142","260/262","140/150","129/131","155/155","92/95","150/150","180/192","106/108","172/172","89/95","165/165","87/91",NA,"161/167","228/240","130/130","102/102","101/103","181/191","205/215","142/158","153/153"
955,"2023","WBNPHC","Wood Bison","Biopsy","BSN87","2021",2021,2021,"","bison samples freezer",NA,NA,NA,NA,NA,"100",98,"89/91","134/142","175/187","247/253","103/103","145/145","93/103","129/143","189/189","232/252","87/87","158/162","115/115","174/180","229/229","143/145","154/156","90/100","127/142","188/188","252/252","173/175","146/152","144/156","81/83","124/132","175/183","142/148","260/262","148/150","127/129","155/157","94/94","150/150","184/192","106/106","170/172","89/89","161/173","87/89",NA,"161/167","238/240","130/134","104/104","99/101","181/181","211/215","142/166","149/153"
956,"2023","WBNPNY","Wood Bison","Biopsy","BSN90","2021",2021,2021,"","bison samples freezer",NA,NA,NA,NA,NA,"100",98,"89/91","138/138","179/181","241/269","103/103","145/145","97/103","129/129","191/195","232/238","87/91","147/161","108/113","174/178","227/229","143/147","158/158","102/102","127/150","194/194","252/252","173/173","152/152","154/154","77/81","124/124","175/183","142/142","262/264","146/150","129/129","157/159","92/92","150/150","184/184","108/112","170/172","89/89","165/173","89/89",NA,"167/167","228/228","130/132","92/104","101/101","181/181","205/211","142/158","149/153"
957,"2023","WBNPNY","Wood Bison","Biopsy","BSN91","2021",2021,2021,"","bison samples freezer",NA,NA,NA,NA,NA,"100",98,"91/91","134/138","187/187","241/269","103/103","145/145","89/93","129/129","189/189","238/238","87/87","158/161","108/113","172/172","227/229","143/143","158/160","90/102","127/140","194/200","252/252","167/173","146/152","154/160","77/81","124/124","165/175","142/150","256/262","146/150","129/129","157/159","92/95","146/150","180/190","106/108","170/174","83/89","165/169","89/91",NA,"167/167","228/240","130/132","104/104","103/103","181/191","201/207","142/142","149/151"
958,"2024","WBNP","Wood Bison","Tissue - Ear","BSN-95","30-Aug-21",2021,2021,"",NA,NA,NA,NA,NA,NA,"100",98,"89/91","134/134","187/187","253/269","103/103","145/145","103/103","129/145","189/195","232/238","87/87","160/162","113/115","172/174","227/229","143/143","158/158","90/100","127/140","194/194","252/252","167/177","146/152","154/154","81/83","124/124","175/175","142/148","260/262","146/150","123/125","155/159","92/94","146/150","192/192","106/106","170/178","89/95","169/173","81/85",NA,"167/167","238/238","130/130","102/104","101/103","177/181","201/211","158/166","145/149"
961,"2024/M.Grant Thesis","WBNPHC","Wood Bison","Fecal","WBNP-152-Fe","10/24/2022",2022,2022,"",NA,NA,NA,NA,NA,NA,"92",92,"89/91","136/136","175/179","247/253","103/103","145/145",NA,"129/143","189/189","238/238","87/87","158/162","113/115",NA,"229/229","143/143","156/156","90/90","142/142","194/194","252/252","167/173","152/152","156/156","81/83","124/124","165/165","142/142","262/262","146/150","123/129","155/155","91/95","146/150","180/180","106/112","170/174","85/89","161/165","89/91",NA,"167/167","228/228","130/130","92/92","101/101","181/191","205/211","142/170",NA
964,"2024/M.Grant Thesis","WBNPLB","Wood Bison","Fecal","WBNP-188-Fe","9/7/2022",2022,2022,"",NA,NA,NA,NA,NA,NA,"95",94,"89/91","134/138","181/187","241/253","103/103","141/141",NA,"129/129","189/189","238/238","87/87","160/162","113/113","172/174","227/227","143/145","158/158","90/90","127/140","194/200","252/252","167/173","146/152","144/154","81/81","124/132","165/179","142/142","262/262","140/146","123/127","153/155",NA,"146/146","180/184","110/112","166/172","83/89","161/165","81/89",NA,"167/167","228/228","128/130","104/104","101/103","181/181","201/215","142/158","153/153"
967,"2024/M.Grant Thesis","WBNPNY","Wood Bison","Fecal","WBNP-963-Fe","11/15/2022",2022,2022,"",NA,NA,NA,NA,NA,NA,"95",98,"89/89","134/138","179/185","253/269","103/103","145/145","89/93","129/129","189/189","238/238","87/89","162/170","113/115","172/174","227/229","143/143","158/160","90/90","140/146","194/200","252/254","173/177","146/152","144/144","81/85","124/124","165/175","142/148","260/260","140/150","123/129","155/157","91/95","150/150","180/190","106/112","174/174","83/89","165/169","89/91",NA,"161/167","238/238","130/132","102/102","103/103","177/181","201/205","142/168","153/153"
968,"2024/M.Grant Thesis","WBNPNY","Wood Bison","Fecal","WBNP-964-Fe","11/15/2022",2022,2022,"",NA,NA,NA,NA,NA,NA,"92",96,"91/93","134/138","185/187","253/269","103/103","135/145","93/103","143/143","191/191","232/238","87/87","160/170","113/115","182/182","227/227","145/147","156/160","90/90","142/150","188/194","252/252","167/177","146/158",NA,"83/83","132/132","175/183","142/142","260/260","146/146","123/129","155/159","91/92","150/150","180/180","108/112","178/178","89/89","161/169","81/89",NA,"167/167","228/228","130/132","92/104","101/103","191/191","205/205","142/142","151/151"
969,"2024/M.Grant Thesis","WBNPNY","Wood Bison","Fecal","WBNP-974-Fe","12/20/2022",2022,2022,"","Bison_2023_2024_ContractSamples",NA,NA,NA,NA,NA,"95",94,"89/89","138/138","181/185","241/253","103/103","141/141","93/103","143/143","191/195","232/232","87/89","160/170","113/115",NA,"227/229","143/147","158/158","90/102","140/150","194/194","252/252","173/177","146/158","154/160","81/83","132/132","175/175","142/142","260/262","140/150","129/131","155/159","92/95","146/150","180/180","106/112","166/172","85/95","165/173","89/89",NA,"167/167","228/228","130/134","104/104","101/101","181/193","205/205",NA,"149/149"
970,"2024/M.Grant Thesis","WBNPNY","Wood Bison","Fecal","WBNP-975-Fe","12/20/2022",2022,2022,"","Bison_2023_2024_ContractSamples",NA,NA,NA,NA,NA,"97",96,"89/91","136/142","185/187","253/253","103/103","141/141","103/103","143/143","189/189","238/238","87/87","162/170","113/115","172/174","225/229","143/143","154/156","100/102","140/148","194/200","252/252","167/177","150/152","154/154","81/83","124/124","165/175","142/148","262/262","140/150","127/129","155/159",NA,"150/150","192/196","106/112","170/172","89/89","169/173","85/89",NA,"167/167","228/238","128/128","102/104","95/103","181/191","205/205","142/142","149/151"
971,"2024/M.Grant Thesis","WBNPNY","Wood Bison","Fecal","WBNP-976-Fe","12/20/2022",2022,2022,"","Bison_2023_2024_ContractSamples",NA,NA,NA,NA,NA,"92",92,"89/91","134/138","175/179","269/269","103/103","141/141","93/93","143/143","191/195","232/238","87/87","149/149","115/115",NA,"229/229","143/143","156/156","90/90","140/142","188/194","252/254","173/173","152/152","154/154","81/81","122/132","175/183","142/142","260/260","140/146","123/129",NA,"92/95","150/152","180/180","106/112","166/174","85/89","161/161","89/89",NA,"167/167","228/228","130/130","104/104","95/101","181/181","207/207","142/142",NA
972,"2024/M.Grant Thesis","WBNPNY","Wood Bison","Fecal","WBNP-977-Fe","2/10/2023",2023,2023,"","Bison_2023_2024_ContractSamples",NA,NA,NA,NA,NA,"98",98,"89/91","138/138","175/181","253/269","103/103","145/145","103/103","129/129","189/195","232/238","87/87","158/160","113/115","174/174","227/229","143/143","152/158","90/90","127/150","194/194","252/252","173/177","152/152","144/144","81/85","122/124","165/165","142/142","260/266","148/150","129/129","155/155","91/91","150/150","180/180","108/112","168/172","85/89","165/165","89/89",NA,"167/167","228/238","118/130","102/102","103/103","181/181","205/215","162/166","149/151"
973,"2024/M.Grant Thesis","WBNPNY","Wood Bison","Fecal","WBNP-982-Fe","2/16/2023",2023,2023,"","Bison_2023_2024_ContractSamples",NA,NA,NA,NA,NA,"95",96,"89/91","132/134","175/179","249/253","103/104","141/147","97/103","129/129","191/191","232/238","87/87","160/160","113/115",NA,"227/229","143/145","158/160","90/90","140/140","188/194","246/252","167/175","152/152","144/154","83/83","132/132","165/165","142/142","260/262","146/146","125/127","153/155","91/92","146/150","180/192","108/108","172/172","85/89","165/173","89/91",NA,"161/167","232/238","130/132","92/104","103/103","181/191","205/207","142/168","149/151"
974,"2024/M.Grant Thesis","WBNPHC","Wood Bison","Fecal","WBNP-984-Fe","2/22/2023",2023,2023,"","Bison_2023_2024_ContractSamples",NA,NA,NA,NA,NA,"98",98,"91/91","136/138","179/187","253/253","102/103","145/145","103/103","129/129","189/189","238/238","89/89","160/162","108/115","172/174","225/227","143/145","156/158","90/102","127/127","188/200","252/252","167/177","146/152","154/156","81/85","122/132","175/183","142/148","262/262","146/146","129/129","155/157","95/95","146/150","180/192","90/106","172/172","85/89","161/173","85/89",NA,"167/167","228/238","118/130","102/104","95/95","191/191","205/205","142/142","145/149"
975,"2024/M.Grant Thesis","WBNPHC","Wood Bison","Fecal","WBNP-967-Fe","11/25/2022",2022,2022,"",NA,NA,NA,NA,NA,NA,"94",94,"91/91","134/136","175/179","253/253","103/103","141/145","83/93","129/143","189/195","232/232","87/87","143/170","113/115","172/176","229/229",NA,"160/160","90/90","127/127","194/194","252/252","173/175","146/158","154/154","77/81","124/132","181/183","142/142","260/262","150/150","123/125","159/159","92/94","146/150","184/196","106/112","174/176","85/85","161/173","89/91",NA,"167/167","228/238","128/130","92/104","101/103","181/181","205/215","144/158",NA
978,"2023","WBNPNY","Wood Bison","Biopsy","BSN97","2021",2021,2021,"","Bison samples WBNP - RB",NA,NA,NA,NA,NA,"100",98,"91/93","138/138","181/185","241/253","103/103","135/135","97/97","129/143","189/189","238/252","87/87","158/158","113/115","180/182","225/229","143/143","156/158","90/102","142/142","188/194","250/250","173/177","152/156","144/160","81/85","124/124","175/183","142/142","260/262","146/150","123/129","155/159","92/92","146/152","184/184","106/112","178/186","89/89","169/173","85/89",NA,"167/167","228/228","130/132","102/104","103/103","181/181","207/207","142/166","149/151"
979,"2023","WBNPNY","Wood Bison","Biopsy","BlueDart4","2021",2021,2021,"","Bison samples WBNP - RB",NA,NA,NA,NA,NA,"100",98,"89/91","136/138","181/187","253/253","103/105","141/141","89/93","143/149","189/191","232/238","87/89","160/161","108/115","172/174","229/229","143/147","158/158","90/102","127/142","194/200","252/252","173/177","146/152","144/156","81/83","124/132","175/183","142/142","262/262","150/150","125/129","155/157","91/91","150/150","180/196","106/112","166/172","89/89","161/161","89/89",NA,"161/167","228/228","128/134","98/102","95/99","181/191","205/205","166/168","151/153"
980,"2023","WBNPHC","Wood Bison","Ear Tissue","BSN-49","2018",2018,2018,"","all samples",NA,NA,NA,NA,NA,"98",98,"89/91","134/138","181/187","247/253","103/105","135/141","89/103","129/143","189/189","232/238","87/87","158/158","113/115","172/182","229/229","143/143","158/158","90/102","140/150","194/194","252/252","165/177","146/158","144/154","83/83","124/124","165/175","142/142","260/262","140/146","123/125","155/159","91/91","150/154","180/184","106/106","170/174","89/89","161/165","89/89",NA,"167/167","236/238","130/132","104/104","95/101","181/181","205/207","166/168","145/151"
981,"2023","WBNPHC","Wood Bison","Ear Tissue","BSN-50","2018",2018,2018,"","all samples",NA,NA,NA,NA,NA,"100",98,"89/91","136/138","181/187","269/271","103/103","141/145","89/97","129/149","189/191","232/238","87/91","158/170","108/115","176/182","229/229","143/145","158/160","90/90","148/148","194/200","252/252","165/177","152/158","154/154","81/85","132/132","175/183","142/150","262/262","146/150","125/125","155/155","91/95","146/146","184/192","108/112","168/172","85/89","161/169","81/89",NA,"161/167","228/236","128/130","96/102","95/101","181/181","211/211","142/158","149/151"
982,"2023","WBNPHC","Wood Bison","Ear Tissue","BSN-57","2020",2020,2020,"","all samples",NA,NA,NA,NA,NA,"100",98,"89/89","138/138","181/187","253/269","103/105","135/135","83/85","141/143","189/191","238/238","87/87","158/161","115/115","172/172","227/229","143/145","156/158","90/102","142/142","194/194","252/252","173/177","146/152","154/154","81/83","132/132","175/179","142/150","260/262","150/150","125/129","155/159","91/92","150/154","196/196","106/112","174/174","89/89","173/173","89/89",NA,"167/167","228/238","128/128","96/104","95/103","177/181","205/207","166/166","149/149"
984,"2023","WBNPHC","Wood Bison","Biopsy","BSN98","9/13/2021",2021,2021,"",NA,NA,NA,NA,NA,NA,"100",98,"89/91","134/138","181/187","253/253","103/103","141/145","93/103","129/129","189/189","232/238","87/87","161/162","108/113","172/174","227/229","143/143","158/158","88/90","140/142","200/200","250/252","163/167","152/152","156/160","81/83","124/124","179/183","142/142","260/262","146/150","129/129","155/157","91/95","146/150","180/196","106/110","174/176","89/89","161/177","89/89",NA,"161/167","228/238","118/130","98/104","101/103","179/181","201/215","168/168","145/147"
985,"2023","WBNPHC","Wood Bison","Biopsy","BSN99","9/13/2021",2021,2021,"",NA,NA,NA,NA,NA,NA,"100",98,"89/91","138/138","179/181","253/253","103/103","145/145","103/103","129/149","189/191","232/238","87/87","158/162","108/113","172/172","231/231","143/147","156/158","90/90","127/148","190/194","252/252","167/167","152/152","154/160","83/83","124/124","165/175","142/148","256/260","140/146","125/129","155/157","92/95","148/150","180/196","108/110","170/178","83/89","155/173","85/87",NA,"161/161","238/238","130/130","92/104","95/103","191/191","205/211","142/164","151/153"
986,"2023/2024","WBNPLB","Wood Bison","Ear Tissue","BSN-47","2018",2018,2018,"","all samples",NA,NA,NA,NA,NA,"100",98,"89/91","134/138","175/179","253/253","103/104","141/141","97/103","129/129","191/191","238/238","87/87","149/158","113/115","174/182","229/229","143/143","158/160","90/102","127/150","190/194","250/252","173/177","146/146","154/154","83/85","124/124","165/175","142/142","256/262","146/150","123/127","155/155","91/92","150/150","180/184","110/112","166/170","89/89","165/169","85/89",NA,"161/167","238/240","130/132","102/104","95/103","181/181","205/211","142/166","149/149"
987,"2023","WBNPLB","Wood Bison","Ear Tissue","BSN-48","2018",2018,2018,"","all samples",NA,NA,NA,NA,NA,"98",98,"89/91","134/136","179/181","253/269","103/103","135/145","93/103","129/143","189/191","238/238","87/89","160/161","113/115","176/176","229/229","143/143","158/158","90/102","127/146","188/194","252/252","167/173","146/152","144/154","77/81","124/132","165/165","142/150","262/262","146/150","123/125","155/157","91/91","146/150","196/198","108/110","170/174","89/89","161/173","81/89",NA,"165/167","228/236","130/132","92/102","101/103","181/181","207/215","142/166","153/153"
988,"2023","WBNPNY","Wood Bison","Ear Tissue","BSN-08","2016",2016,2016,"","all samples",NA,NA,NA,NA,NA,"92",92,"91/91","136/140","181/187","269/271","103/103","141/145","97/103","129/143","189/195","238/238","87/87","158/162","113/115","174/176","229/229","143/147","160/160","88/90",NA,"190/194","252/254","173/177","152/166","154/158","81/83","124/132","175/175","142/150",NA,NA,"123/129","157/159","91/95","150/150","184/192","106/112","172/176","89/89","161/173","85/89",NA,"167/167","228/238","114/130","98/104","101/101","181/191","205/211","142/142","151/153"
989,"2023/2024","WBNPNY","Wood Bison","Ear Tissue","BSN-43","2017",2017,2017,"","all samples",NA,NA,NA,NA,NA,"100",98,"91/93","138/138","175/179","241/269","103/103","141/145","93/97","129/129","189/191","238/238","87/89","149/162","113/115","172/174","229/233","143/143","156/158","90/102","127/148","194/194","252/252","173/175","146/166","154/154","81/83","124/132","165/179","142/142","260/260","150/150","129/129","155/159","92/92","146/148","180/180","106/112","170/172","89/89","161/173","85/89",NA,"161/167","228/238","130/130","96/104","99/103","181/181","205/205","142/144","153/153"
990,"2023","WBNPNY","Wood Bison","Ear Tissue","BSN-44","2017",2017,2017,"","all samples",NA,NA,NA,NA,NA,"100",98,"89/91","134/140","179/185","253/253","103/104","145/145","89/93","129/129","189/189","238/238","89/89","159/170","115/115","172/176","225/225","143/143","156/158","90/90","140/146","190/194","252/252","173/175","152/152","154/154","77/85","124/124","165/183","142/148","260/262","150/150","129/129","155/157","92/92","146/150","192/196","106/108","170/172","85/95","161/173","85/87",NA,"161/167","228/228","130/130","102/104","95/99","181/181","201/205","158/168","145/149"
991,"2023","WBNPNY","Wood Bison","Ear Tissue","BSN-58","2020",2020,2020,"","all samples",NA,NA,NA,NA,NA,"100",98,"89/91","134/138","175/179","253/253","103/103","141/145","89/89","129/129","189/191","238/238","87/87","147/161","113/115","172/172","229/229","143/143","156/158","90/90","127/140","190/200","246/252","173/173","146/152","144/154","83/83","124/132","175/183","142/150","260/260","150/150","123/123","155/157","92/92","146/146","180/180","106/112","170/174","89/89","161/173","85/89",NA,"161/167","228/228","128/130","104/104","103/103","181/191","207/207","142/142","145/149"
992,"2023","WBNPNY","Wood Bison","Ear Tissue","BSN-59","2020",2020,2020,"","all samples",NA,NA,NA,NA,NA,"100",98,"91/91","134/138","181/187","241/269","103/103","135/145","93/97","129/143","191/195","232/238","87/89","160/161","113/115","172/174","227/233","143/143","158/160","90/90","127/140","194/194","252/252","167/173","146/152","144/160","83/85","122/132","165/175","142/142","260/262","146/150","125/129","155/159","91/92","146/152","184/184","106/110","170/172","89/89","169/173","85/89",NA,"161/167","228/238","130/134","102/102","99/103","181/181","205/205","142/142","149/151"
993,"2025","WBNP","Wood Bison","Fecal","24WBNP_051","2024",2024,2024,"","Bison_2025_Genotypes_ClientCopy_July2025",NA,NA,NA,NA,NA,"96",94,"89/91","136/136","175/179","253/253","103/103","135/147","103/103","129/129",NA,"232/238","89/91","161/161","108/113","174/174","227/229","143/143","158/158","102/102","127/140","194/194","250/250","173/173","152/152",NA,"81/81","122/132","165/185","142/148","256/262","140/150","129/129","155/155","91/91","146/146","180/180","110/112","172/174","89/89","161/173","89/89",NA,"161/167","238/240","130/130","92/102","95/101","181/181","207/215","142/166","149/149"
995,"2025","WBNP","Wood Bison","Fecal","24WBNP_055","2024",2024,2024,"","Bison_2025_Genotypes_ClientCopy_July2025",NA,NA,NA,NA,NA,"96",94,"91/91","134/138","175/187","241/247","103/103","135/145","93/103","127/129","189/191","232/252","87/89","160/160","113/113",NA,"229/231","143/143","158/158","90/102","127/140","200/200","252/252","175/175","152/152","154/156","83/83","122/124","181/181","142/150","262/262","150/150","125/129",NA,"91/92","146/146","180/180","110/112","168/170","83/83","165/173","81/85",NA,"161/167","228/228","130/130","98/102","95/95","181/191","205/215","166/166","151/153"
996,"2025","WBNP","Wood Bison","Fecal","24WBNP_058","2024",2024,2024,"","Bison_2025_Genotypes_ClientCopy_July2025",NA,NA,NA,NA,NA,"100",98,"89/91","136/136","181/187","241/253","103/103","141/145","103/103","129/143","189/191","238/238","87/89","158/160","115/115","182/182","229/231","143/143","156/158","90/90","127/140","194/194","252/252","167/177","152/158","154/154","83/83","124/124","183/183","142/148","260/262","150/150","125/129","155/157","91/91","146/146","180/184","106/112","170/174","89/89","161/161","87/91",NA,"167/167","228/238","128/132","92/104","93/95","181/181","205/205","162/168","145/153"
997,"2025","WBNP","Wood Bison","Fecal","24WBNP_059","2024",2024,2024,"","Bison_2025_Genotypes_ClientCopy_July2025",NA,NA,NA,NA,NA,"100",98,"89/91","140/140","179/187","253/253","103/103","135/141","89/103","127/129","191/191","238/254","87/87","160/162","108/108","172/182","229/229","143/143","158/160","90/100","142/150","188/194","252/252","167/175","146/152","144/144","81/83","124/124","165/175","142/148","262/262","146/146","125/129","155/155","91/91","146/150","180/184","96/110","172/174","89/89","161/161","85/93",NA,"167/167","228/228","130/130","104/104","95/99","181/181","205/211","142/158","151/153"
998,"2025","WBNP","Wood Bison","Fecal","24WBNP_060","2024",2024,2024,"","Bison_2025_Genotypes_ClientCopy_July2025",NA,NA,NA,NA,NA,"100",98,"91/93","134/134","181/187","269/269","103/104","135/145","89/89","129/143","189/195","232/238","87/87","149/161","115/115","172/182","229/231","143/143","160/160","90/102","142/148","194/194","250/252","173/177","146/162","156/156","83/83","132/132","165/183","142/148","262/262","146/150","127/129","155/155","91/91","150/150","180/196","106/112","172/178","89/89","161/161","87/89",NA,"167/167","238/240","130/130","92/104","95/103","181/181","211/215","158/166","149/151"
1000,"2025","WBNP","Wood Bison","Fecal","24WBNP_064","2024",2024,2024,"","Bison_2025_Genotypes_ClientCopy_July2025",NA,NA,NA,NA,NA,"96",94,"89/89","134/138","179/185","247/253","103/103","135/145","93/103","129/129",NA,"238/238","87/87","162/162","108/115","172/174","231/231","143/143","154/158","88/90","140/148","190/200","248/252","167/173","152/162","144/154","77/81","124/124","165/181","142/150","260/262","146/150","125/127","155/155","91/91","146/150","184/184","108/112","166/172","89/89","161/165","89/89",NA,"167/167","238/238","128/130","102/102","95/103",NA,"211/215","142/142","145/149"
1001,"2025","WBNPLB","Wood Bison","Tissue - Ear","BSN-120","2023",2023,2023,"","Bison_2025_Genotypes_ClientCopy_July2025",NA,NA,NA,NA,NA,"96",94,"89/89","134/138","179/181","241/253","103/103","141/145","93/93","129/129","191/195","238/238","87/87","158/160","113/115","172/174","227/229","143/143","158/158","90/90","127/150","190/194",NA,"173/173",NA,"144/154","81/81","124/132","165/183","142/142","262/262","150/150","123/129","155/159","91/92","150/150","180/180","106/110","172/174","81/89","161/175","81/89",NA,"161/167","228/228","128/130","98/104","95/99","181/193","205/207","142/162","153/153"
1002,"2025","WBNPLB","Wood Bison","Tissue - Ear","BSN-121","2024",2024,2024,"","Bison_2025_Genotypes_ClientCopy_July2025",NA,NA,NA,NA,NA,"96",94,"89/91","134/138","181/187","253/253","103/103","145/145","91/93","129/143","191/195","238/238","87/87","160/162","113/115","172/174","227/229","143/143","158/158","90/90","127/140","190/194","252/254","167/173",NA,"144/144","77/83","122/132","183/183","142/142","256/260","146/150","123/129","155/155","91/91","146/146","180/184","106/106","172/172","89/95","165/169","85/89",NA,"161/165","240/240","118/132","96/98","103/103","181/193",NA,"166/166","151/153"
1003,"2025","WBNPLB","Wood Bison","Tissue - Ear","BSN-123","2024",2024,2024,"","Bison_2025_Genotypes_ClientCopy_July2025",NA,NA,NA,NA,NA,"98",96,"89/99","138/138","179/181","253/253","103/103","141/141","97/103","143/149","189/195","232/252","87/87","162/162","113/115","172/174","225/233","143/145","158/158","90/100","146/150","188/194","252/254","177/177","146/146","154/154","81/81","124/124","175/183","142/142","260/262","150/152","123/129","155/155","91/91","146/150","180/184","106/112","166/172","83/89","159/165","89/91",NA,"167/167","228/238","128/130","102/104","95/95","181/191",NA,"142/144","149/149"
1004,"2025","WBNPLB","Wood Bison","Tissue - Ear","BSN-125","2024",2024,2024,"","Bison_2025_Genotypes_ClientCopy_July2025",NA,NA,NA,NA,NA,"100",98,"89/91","138/138","179/185","253/269","103/103","135/145","85/97","129/143","189/191","238/252","87/87","158/161","113/115","172/180","229/229","143/147","156/158","90/102","127/140","194/194","250/252","173/175","152/152","144/154","83/85","124/124","175/183","142/148","260/260","146/150","129/129","153/159","91/92","146/150","184/184","106/112","172/186","89/89","173/173","85/89",NA,"167/167","228/228","132/132","102/104","95/103","181/181","205/205","142/142","149/153"
1005,"2025","WBNPLB","Wood Bison","Tissue - Ear","BSN-127","2024",2024,2024,"","Bison_2025_Genotypes_ClientCopy_July2025",NA,NA,NA,NA,NA,"100",98,"89/93","134/138","181/185","253/269","103/103","135/145","93/103","129/129","191/195","238/238","87/87","160/162","113/115","172/176","227/229","143/143","158/158","90/90","138/138","188/194","252/252","173/177","152/152","154/154","77/83","132/132","165/175","142/150","260/262","150/150","123/125","155/159","91/95","146/146","184/196","106/112","170/172","89/95","161/169","89/89",NA,"167/167","228/238","118/130","102/104","101/103","181/191","205/205","142/166","145/153"
1006,"2025","WBNPNY","Wood Bison","Tissue - Ear","BSN-129","2024",2024,2024,"","Bison_2025_Genotypes_ClientCopy_July2025",NA,NA,NA,NA,NA,"98",96,"89/89","134/142","181/181","253/253","103/103","141/145","89/93","143/143","189/191","232/252","87/89","158/160","108/115","172/172","229/229","143/143","156/158","90/90","150/150","194/194","252/252","173/173","152/152","144/154","81/83","124/132","165/183","142/142","260/262","148/150","129/129","157/159","91/91","150/150","184/196","106/112","170/172","85/89","161/165","85/89",NA,"165/167","228/228","130/132","102/104","95/95","177/181",NA,"142/166","149/149"
1007,"2025","WBNP","Wood Bison","Tissue - Ear","BSN-130","12-Oct-23",2023,2023,"",NA,NA,NA,NA,NA,NA,"100",98,"89/91","134/142","181/187","253/269","103/103","145/145","93/103","129/129","191/195","232/238","87/87","158/161","113/113","174/182","225/227","143/143","158/158","90/102","140/150","190/194","252/252","173/177","146/166","144/154","81/83","132/132","175/175","142/142","256/260","146/150","123/129","157/159","92/95","146/150","180/192","112/112","170/178","89/89","161/161","81/81",NA,"161/167","228/240","130/130","98/104","101/103","181/191","207/211","142/158","151/153"
1008,"2025","WBNP","Wood Bison","Tissue - Ear","BSN-131","12-Jul-23",2023,2023,"",NA,NA,NA,NA,NA,NA,"96",94,"89/89","134/138","179/181","253/269",NA,"141/145","103/103","149/149","191/195","232/238","87/87","149/162","115/115","172/174","225/233","143/143","156/158","90/102","140/150","194/194","250/252","175/177","146/152","154/154","81/85","124/124","175/183","142/138","260/260","140/146","129/129","155/157","91/94","146/150","180/196","110/112","168/172","83/89","165/173","81/85",NA,"165/167","228/228","130/130","102/104","95/95","181/191",NA,"142/170","149/151"
1009,"2025","WBNP","Wood Bison","Tissue - Ear","BSN-132","1-Oct-23",2023,2023,"",NA,NA,NA,NA,NA,NA,"98",96,"89/89","134/134","181/181","253/253","103/103","135/145","103/103","129/129","191/195","238/252","87/87","149/162","113/113","172/176","227/227","143/143","156/158","88/90","150/150","190/194","244/252","173/173","152/152","154/160","83/83","124/124","183/183","142/142","262/262","140/146","129/129","159/159","91/91","150/150","180/184","108/112","170/172","83/89","165/169","85/91",NA,"167/167","228/238","130/132","102/102","103/103","191/191",NA,"142/142","149/149"
1010,"2025","WBNPLB","Wood Bison","Tissue - Ear","BSN-133","2024",2024,2024,"","Bison_2025_Genotypes_ClientCopy_July2025",NA,NA,NA,NA,NA,"100",98,"89/89","142/142","175/181","253/253","103/103","145/145","103/103","129/129","191/195","238/238","87/87","160/162","113/115","174/174","227/227","143/143","158/158","90/90","127/148","190/194","246/254","167/177","146/152","144/154","83/85","122/124","165/175","142/142","260/262","150/150","129/129","155/155","91/92","146/150","180/196","106/112","166/172","89/89","169/175","89/89",NA,"167/167","236/238","128/132","104/104","95/95","181/181","207/215","142/166","149/151"
1011,"2025","WBNPNY","Wood Bison","Tissue - Ear","BSN-33","2010",2010,2010,"","Bison_2025_Genotypes_ClientCopy_July2025",NA,NA,NA,NA,NA,"100",98,"91/91","138/138","185/187","241/253","103/103","141/145","89/93","129/129","191/191","238/238","87/87","162/162","113/113","172/174","229/229","143/143","156/158","90/90","140/148","194/194","252/252","173/173","152/152","154/154","81/81","122/124","175/179","142/148","256/260","150/150","125/127","155/155","91/91","146/150","180/196","112/112","172/174","85/89","165/169","85/87",NA,"167/167","228/238","130/130","96/104","95/103","181/181","205/211","144/158","149/153"
1012,"2025","WBNPNY","Wood Bison","Tissue - Ear","BSN-34","2009",2009,2009,"","Bison_2025_Genotypes_ClientCopy_July2025",NA,NA,NA,NA,NA,"96",94,"89/91","134/138","187/187","253/269",NA,"145/145","93/103","129/129","189/189","238/238","87/89","158/162","108/113","172/174","229/229","143/143","156/158","90/90","127/138","190/200","252/252","173/177","152/152","154/156","81/85","132/132","165/175","142/142","262/264","146/146","129/129","155/155","91/95","146/150","180/180","106/110","172/172","83/89","165/173","89/91",NA,"167/167","228/240","128/130","104/104","95/101","177/181",NA,"142/144","145/145"
1013,"2025","WBNPNY","Wood Bison","Tissue - Ear","BSN-35","2007",2007,2007,"","Bison_2025_Genotypes_ClientCopy_July2025",NA,NA,NA,NA,NA,"96",94,"89/89","138/138","175/179","253/269",NA,"141/145","83/97","129/149","189/195","232/238","87/89","160/160","108/113","172/174","225/229","143/143","156/158","90/90","127/148","188/200","252/252","173/173","142/152","144/144","81/85","124/132","175/183","142/142","260/262",NA,"131/131","157/159","92/92","150/150","180/192","106/112","172/174","89/89","173/173","85/91",NA,"167/167","238/238","128/134","102/102","101/103","181/191","205/207","142/166","145/151"
1015,"2025","WBNPNY","Wood Bison","Tissue - Ear","BSN-37","2008",2008,2008,"","Bison_2025_Genotypes_ClientCopy_July2025",NA,NA,NA,NA,NA,"98",96,"89/91","136/142","187/187","247/253","103/103","145/145","89/103","129/143","189/195","238/238","87/89","147/160","113/115","172/174","229/233","143/143","160/160","90/102","127/127","194/200","252/252","173/173",NA,"144/154","83/83","124/132","165/183","142/148","262/262","150/150","123/129","155/157","92/95","150/150","180/192","106/110","178/186","89/89","161/165","87/89",NA,"167/167","228/240","118/132","102/104","101/103","177/191","201/205","156/164","145/149"
1016,"2025","WBNPNY","Wood Bison","Tissue - Ear","BSN-38","2008",2008,2008,"","Bison_2025_Genotypes_ClientCopy_July2025",NA,NA,NA,NA,NA,"96",94,"89/93","136/138","185/187","247/253",NA,"141/145","89/103","129/143","189/195","238/238","87/89","159/160","113/115","174/174","229/233","143/143","158/160","102/102","127/148","190/200","252/252","173/175","146/152","154/154","81/83","124/132","175/183","142/150","262/262","140/150","123/129","157/157","91/92","146/150","180/184","110/112","166/186","85/89","161/165","81/89",NA,"167/167","228/240","118/132","104/104","103/103","181/191",NA,"142/164","145/145"
1017,"2025","WBNPNY","Wood Bison","Tissue - Ear","BSN-42","2017",2017,2017,"","all samples",NA,NA,NA,NA,NA,"100",98,"89/91","136/138","181/185","253/269","103/103","135/147","91/93","129/129","191/191","238/238","87/89","160/160","115/115","174/174","227/229","143/143","158/158","90/102","140/146","188/188","248/252","173/177","152/166","152/154","83/83","124/132","165/179","142/142","260/260","150/150","125/129","159/159","92/92","146/146","190/196","106/112","166/170","89/95","161/169","89/91",NA,"167/167","236/238","130/134","102/102","101/103","177/191","205/205","142/168","149/151"
1018,"2025","WBNP","Wood Bison","Tissue - Ear","BSN-94","2021",2021,2021,"","Bison_2025_Genotypes_ClientCopy_July2025",NA,NA,NA,NA,NA,"100",98,"89/89","138/142","179/181","253/269","103/103","135/145","103/103","129/129","191/191","238/238","89/89","158/162","115/115","172/172","227/229","143/143","156/158","90/102","127/140","188/190","252/252","167/167","152/152","154/154","81/83","124/132","165/175","142/148","260/262","140/146","125/129","155/155","92/92","150/150","180/180","110/110","170/176","89/89","161/169","89/91",NA,"167/167","238/240","114/132","98/102","95/103","181/191","205/205","142/142","149/149"
1019,"2025","WBNP","Wood Bison","Hair","25WBNP_19BF1",NA,NA,2025,"",NA,NA,NA,NA,NA,NA,"100",98,"89/91","136/140","181/187","241/253","103/107","135/141","97/97","129/129","189/191","232/238","87/87","158/162","113/115","172/178","227/229","143/147","154/158","90/100","140/148","194/194","252/252","173/177","146/156","154/154","77/83","124/126","175/179","142/142","262/262","148/150","125/127","157/159","91/92","146/150","180/184","110/110","172/174","89/95","165/173","89/91",NA,"161/167","228/238","130/130","104/104","95/103","181/181","205/207","142/158","145/145"
1021,"2025","WBNP","Wood Bison","Hair","25WBNP_19BF3",NA,NA,2025,"",NA,NA,NA,NA,NA,NA,"98",96,"89/89","136/136","179/181","249/253","103/103","145/145","91/103","127/129","189/191","238/238","87/87","158/158","108/113","172/172","227/227","145/147","158/160","100/100","127/140","194/194","252/252","175/175","150/152",NA,"81/81","124/132","181/183","142/148","260/262","146/146","125/129","155/155","91/95","146/150","180/184","90/112","172/172","89/89","165/165","89/89",NA,"167/167","236/236","114/130","98/102","99/101","181/181","205/207","142/142","145/149"
1022,"2025","WBNP","Wood Bison","Hair","25WBNP_19BF4",NA,NA,2025,"",NA,NA,NA,NA,NA,NA,"96",96,"91/91","134/138","179/185","241/253","104/104","135/135","91/103","129/129","191/191","238/252","85/87","158/162","113/115","172/172","229/229","143/143","156/156","90/90","140/150","190/194","252/252","167/167","152/152","156/156","81/85","124/132","181/183","142/150","262/262","146/150","125/129","157/157","92/92","146/146","180/184","106/112","174/174","83/89","161/161","89/89",NA,"167/167","228/228","130/130","92/102","99/103","181/181","205/211","164/170",NA
1023,"2025","WBNP","Wood Bison","Hair","25WBNP_19BF5",NA,NA,2025,"",NA,NA,NA,NA,NA,NA,"100",98,"89/89","136/138","181/187","241/253","102/103","145/147","103/103","129/129","189/195","232/238","87/89","160/161","113/115","182/182","225/231","143/143","158/158","88/90","127/140","188/200","252/252","167/167","146/166","144/144","83/83","122/132","165/165","142/148","262/262","150/150","125/129","155/155","95/95","146/150","180/196","112/112","170/174","83/89","161/165","89/89",NA,"167/167","228/240","128/130","102/104","91/103","177/181","201/215","142/168","145/153"
1024,"2025","WBNP","Wood Bison","Hair","25WBNP_20BF1",NA,NA,2025,"",NA,NA,NA,NA,NA,NA,"100",98,"89/89","134/136","179/179","241/249","103/103","141/145","89/93","129/143","189/191","232/254","85/87","162/162","108/115","172/174","225/227","143/143","158/160","102/102","127/142","188/194","248/252","167/173","146/152","144/154","81/81","124/124","165/179","142/142","260/262","140/150","123/127","155/155","91/92","146/146","180/184","110/112","172/176","81/85","161/165","89/91",NA,"167/167","228/238","130/130","98/104","101/103","181/191","207/211","162/166","149/149"
1025,"2025","WBNP","Wood Bison","Hair","25WBNP_20BF8",NA,NA,2025,"",NA,NA,NA,NA,NA,NA,"100",98,"89/89","134/138","185/185","241/253","103/103","135/135","83/93","143/149","191/191","232/238","87/91","161/161","113/115","172/180","229/229","143/143","156/158","88/90","127/127","194/200","244/252","167/175","152/152","144/144","81/83","122/124","175/175","142/148","256/262","150/150","123/125","159/159","91/92","150/150","180/180","106/110","174/174","89/89","161/169","81/89",NA,"167/167","238/240","130/130","96/104","101/101","177/181","211/215","142/170","145/153"
1026,"2025","WBNP","Wood Bison","Hair","25WBNP_20BF9",NA,NA,2025,"",NA,NA,NA,NA,NA,NA,"100",98,"89/91","134/138","181/181","241/269","103/103","145/145","93/103","129/143","189/191","238/238","87/89","160/160","108/115","172/174","225/227","143/143","158/158","90/90","127/138","194/200","250/252","159/177","146/162","154/154","77/83","124/132","183/183","142/142","260/262","146/150","123/129","155/157","91/91","148/150","180/192","110/112","172/186","89/89","165/173","89/89",NA,"167/167","238/240","130/132","102/104","103/103","177/191","205/205","156/166","145/151"
1027,"2025","WBNP","Wood Bison","Hair","25WBNP_BF02","ND",NA,2025,"",NA,NA,NA,NA,NA,NA,"96",96,"91/91","134/136","179/179","253/253","103/105","145/145","85/91","129/143","191/191","232/238","87/89","158/160","108/113","180/180","229/229","143/143","158/158","90/100","140/140","188/188","252/252","173/177","152/152","154/160","83/85","124/132","175/181","142/142","260/262","146/150","127/129","155/155","94/95","146/146","184/184","110/112","168/170","81/89","161/165","81/81",NA,"161/167","238/238","130/134",NA,"95/97","181/191","205/205","142/142","145/151"
1028,"2025","WBNP","Wood Bison","Hair","25WBNP_BF04","29-Mar-25",2025,2025,"",NA,NA,NA,NA,NA,NA,"98",98,"89/93","136/138","179/181","253/253","103/103","141/145","91/97","129/129","189/195","232/238","85/87","160/162","113/115","172/174","229/229","143/143","158/160","90/90","142/148","194/200","250/252","167/173","152/158","154/154","83/83","124/132","175/183","142/142","262/262","150/150","127/129","155/155","91/91","146/148","180/198","112/112","172/172","81/85","161/165","85/89",NA,"167/167","236/238","130/130","98/104","103/103","177/191","205/205","142/166","147/149"
1030,"2025","WBNP","Wood Bison","Hair","25WBNP_DL1","28-Apr-25",2025,2025,"",NA,NA,NA,NA,NA,NA,"98",98,"89/91","134/136","175/179","253/253","103/103","135/145","93/103","129/143","189/191","238/238","87/89","147/160","113/115","180/180","229/231","143/143","154/158","90/102","128/128","194/194","252/252","175/177","152/158","154/154","81/83","122/124","165/181","142/150","260/262","146/146","129/129","155/159","91/91","146/150","180/180","106/110","172/176","83/89","165/169","85/87",NA,"161/167","238/240","114/130","104/104","101/103","181/191","205/207","142/156","145/149"
1031,"2025","WBNP","Wood Bison","Hair","25WBNP_DL34","19-Mar-25",2025,2025,"",NA,NA,NA,NA,NA,NA,"98",98,"91/93","134/138","181/187","241/269","103/103","145/147","93/103","129/143","189/191","238/252","87/89","160/162","108/108","172/176","227/229","143/143","156/158","88/90","128/142","188/200","252/252","177/177","146/152","154/154","83/83","124/132","175/183","142/142","260/262","146/152","123/129","155/155","91/91","150/150","180/180","110/112","170/186","89/89","165/173","89/89",NA,"167/167","238/240","132/132","102/104","103/103","191/191","205/211","156/164","149/151"
1032,"2025","WBNP","Wood Bison","Hair","25WBNP_DL35","19-Mar-25",2025,2025,"",NA,NA,NA,NA,NA,NA,"98",98,"91/93","132/136","187/191","269/269","103/103","141/145","99/103","129/129","189/191","232/238","87/87","153/162","108/115","172/174","231/233","143/143","158/160","88/90","128/142","194/194","250/252","173/173","152/162","144/154","81/81","132/132","181/181","142/148","260/262","140/152","123/125","155/155","91/95","150/150","192/192","112/112","170/178","89/89","161/169","89/89",NA,"167/167","228/240","118/134","104/104","103/103","177/177","205/207","142/166","149/149"
1033,"2025","WBNP","Wood Bison","Hair","25WBNP_DL36","19-Mar-25",2025,2025,"",NA,NA,NA,NA,NA,NA,"92",96,"89/91","136/138","181/181",NA,"103/103","145/145","97/103","129/143","189/191","238/238","87/87","162/170","108/115","182/182","227/229","143/143","154/160","90/90","128/128","194/194","252/252","167/167","146/162","154/160","83/83","132/132","165/175","142/142","260/260","146/146","123/129","159/159","91/91","146/150","180/196","110/112","170/172","89/89","169/173","89/89",NA,"161/167","228/240","130/132","102/104","101/103","181/191","201/201","158/162","145/149"
1034,"2025","WBNP","Wood Bison","Hair","25WBNP_DL37","19-Mar-25",2025,2025,"",NA,NA,NA,NA,NA,NA,"96",98,"89/91","134/138","185/187","253/253","103/103","147/147","103/103","129/149","189/189","232/238","87/87","158/160","108/108","182/182","229/231","143/147","154/156","88/90","128/140","188/190","252/252","177/177","146/152","154/156","81/81","132/132","181/183","142/148","260/262","146/150","127/129","155/159","91/92","146/150","180/184","108/110","172/172","85/95","161/165","81/85",NA,"167/167","228/238","130/134","98/104","99/99","181/191","211/211","158/166","153/153"
1035,"2025","WBNP","Wood Bison","Hair","25WBNP_DL38","19-Mar-25",2025,2025,"",NA,NA,NA,NA,NA,NA,"96",96,"89/89","138/138","187/187","253/253","103/104","141/145","93/103","129/129","189/191",NA,"87/89","158/158","115/115","172/176","231/231","143/143","156/158","90/100","128/140","194/200","250/252","167/177","158/166","154/154","83/83","124/132","183/183","142/142","260/260","140/150","125/129","155/155","91/95","146/146","180/184","108/112","172/176","89/89","161/165","89/89",NA,"161/167","238/238","130/132","102/102","101/103","181/191","205/211","168/168","145/145"
1036,"2025","WBNP","Wood Bison","Hair","25WBNP_DL39","20-Mar-25",2025,2025,"",NA,NA,NA,NA,NA,NA,"96",98,"89/91","136/136","187/187","241/269","103/103","135/145","93/93","129/129","189/195","238/252","89/89","158/160","115/115","174/174","231/231","143/143","156/158","90/90","128/142","188/194","252/252","173/177","152/152","154/156","81/83","124/124","175/181","142/148","260/262","140/150","123/125","155/159","91/91","150/150","192/196","106/106","170/174","81/89","169/173","87/89",NA,"167/167","228/238","128/132","98/104","95/101","181/191","201/211","142/168","145/149"
1037,"2025","WBNP","Wood Bison","Hair","25WBNP_GR25","18-Mar-25",2025,2025,"",NA,NA,NA,NA,NA,NA,"94",96,"91/91","138/140","181/187","239/253","103/103","145/145",NA,"129/129","189/189","238/238","87/89","149/162","113/115","182/182","225/229","143/145","156/160","90/102","140/140","194/194","250/252","167/175","146/156","154/154","83/83","122/124","165/183","142/148","262/262","140/146","129/129","155/155","91/91","146/154","184/196","108/112","166/170","89/89","165/173","81/87",NA,"167/167","228/228","130/134","102/104","95/99","181/181","205/205","158/170","145/151"
1038,"2025","WBNP","Wood Bison","Hair","25WBNP_GR26","18-Mar-25",2025,2025,"",NA,NA,NA,NA,NA,NA,"96",96,"91/91","136/140","187/187","253/253","103/103","135/145","91/103","129/129","189/191","232/232","87/87","158/162","108/108","172/174","229/231","143/147","156/158","90/100","140/142","194/194","246/250","165/177","152/152","154/154","83/83","124/124","181/183","142/148","256/262","146/150","125/125","155/159","91/91","146/150","184/196","108/112","168/170","89/89","161/165","85/89",NA,"167/167","228/238","130/132",NA,"99/99","181/191","201/215","142/158","145/153"
1039,"2025","WBNP","Wood Bison","Hair","25WBNP_GRS28","18-Mar-25",2025,2025,"",NA,NA,NA,NA,NA,NA,"96",98,"89/91","136/138","179/181","253/253","103/103","145/145","89/91","127/143","189/189","232/238","87/87","147/162","113/113","174/176","225/229","143/147","158/158","90/90","128/140","194/200","246/254","167/175","152/166","154/158","83/85","122/124","165/183","142/142","256/256","146/150","123/125","155/155","91/92","146/150","180/180","112/112","174/176","83/95","173/173","89/89",NA,"167/167","236/236","130/130","92/102","97/101","179/191","205/207","158/164","149/151"
1040,"2025","WBNP","Wood Bison","Hair","25WBNP_GRS29","18-Mar-25",2025,2025,"",NA,NA,NA,NA,NA,NA,"98",98,"89/91","136/138","187/187","247/271","103/103","141/145","83/103","129/129","189/191","232/232","87/89","160/160","113/115","172/174","225/227","143/143","158/160","90/90","128/140","194/200","248/252","165/167","152/166","144/154","77/81","124/132","165/181","142/148","260/262","140/146","125/129","155/155","91/95","146/150","180/196","112/112","176/186","89/89","161/173","89/89",NA,"161/167","228/236","130/130","98/102","95/103","177/181","205/215","142/168","145/145"
1041,"2025","WBNP","Wood Bison","Hair","25WBNP_GRS33","18-Mar-25",2025,2025,"",NA,NA,NA,NA,NA,NA,"96",98,"89/91","136/136","181/181","253/253","103/103","135/147","103/103","129/143","189/195","238/238","87/89","158/161","108/115","182/182","225/229","143/143","158/158","90/90","140/140","188/192","246/252","173/177","152/166","154/158","85/85","122/124","183/183","142/148","260/262","140/146","125/125","159/159","94/94","146/154","184/192","106/108","168/170","89/89","161/173","89/91",NA,"167/167","238/238","128/132","102/102","95/99","181/191","205/205","142/142","151/153"
1042,"2025","WBNP","Wood Bison","Hair","25WBNP_LO107","29-Apr-25",2025,2025,"",NA,NA,NA,NA,NA,NA,"98",98,"89/91","134/136","175/175","247/269","103/103","135/141","97/103","129/133","189/195","232/238","87/91","158/161","113/115","172/174","227/231","143/145","156/158","90/90","128/148","188/194","252/252","165/173","146/152","144/154","81/83","132/132","181/185","142/148","256/262","140/150","123/129","155/155","91/91","146/146","180/180","112/112","170/172","89/89","165/165","89/91",NA,"161/167","240/240","128/130","102/102","95/103","177/181","205/215","166/166","145/149"
1044,"2025","WBNP","Wood Bison","Hair","25WBNP_LO38","20-Mar-25",2025,2025,"",NA,NA,NA,NA,NA,NA,"98",98,"89/89","136/136","179/179","253/271","103/103","135/147","99/99","129/129","189/191","238/238","87/89","158/158","115/115","172/176","231/231","143/143","156/158","90/100","128/140","190/194","246/252","173/173","152/158","154/154","77/77","122/126","175/181","142/150","262/262","146/150","125/125","153/155","91/92","150/150","180/184","110/112","170/178","89/91","161/161","85/91",NA,"161/167","236/238","134/134","104/104","95/101","181/191","201/211","142/168","143/151"
1045,"2025","WBNP","Wood Bison","Hair","25WBNP_NY1","25-May-25",2025,2025,"",NA,NA,NA,NA,NA,NA,"98",98,"89/91","134/138","179/187","247/269","103/103","135/141","83/103","129/129","195/195","238/238","87/89","162/162","113/115","174/174","225/229","143/143","158/158","90/90","146/150","194/200","252/252","173/173","152/166","144/156","81/83","124/124","165/165","142/142","262/262","150/150","129/131","157/159","91/95","150/152","180/180","90/112","168/172","83/89","161/173","89/91",NA,"165/167","228/240","130/132","98/104","103/103","181/191","205/211","142/142","149/149"
1074,"2023","WENT","Wood Bison","DNA","11-01",NA,NA,2015,"",NA,NA,NA,NA,NA,NA,"100",98,"89/91","136/138","187/187","253/269","103/103","145/145","103/103","129/129","191/195","232/232","87/91","160/162","115/115","172/174","227/229","143/143","158/158","90/102","127/138","188/194","252/252","165/173","146/162","144/154","83/83","124/132","165/183","142/150","260/262","146/150","125/125","153/157","94/95","150/150","180/192","106/106","172/172","83/85","161/173","85/89",NA,"167/167","228/238","128/134","102/104","95/95","181/181","205/205","158/166","149/153"
1075,"2023","WENT","Wood Bison","DNA","11-02",NA,NA,2015,"",NA,NA,NA,NA,NA,NA,"100",98,"93/93","132/136","187/187","247/269","103/103","141/141","103/103","129/143","191/191","232/252","87/87","160/162","115/115","172/174","229/229","143/143","156/156","90/102","142/146","188/194","254/254","167/167","164/166","154/156","81/83","132/132","183/183","142/148","260/260","150/150","129/129","155/155","91/91","150/150","180/192","106/106","168/174","83/83","165/173","89/89",NA,"161/167","228/228","130/134","98/106","95/95","181/181","207/207","166/168","149/153"
1076,"2023","WENT","Wood Bison","DNA","11-08",NA,NA,2015,"",NA,NA,NA,NA,NA,NA,"100",98,"89/93","134/136","175/179","253/269","103/103","145/145","97/97","129/143","189/189","238/238","87/89","160/160","108/108","172/174","221/227","143/143","158/158","90/102","138/140","194/194","246/252","167/175","152/158","154/160","81/83","132/136","165/175","142/142","262/264","146/150","129/131","153/155","95/95","150/150","180/192","106/112","170/172","89/95","161/173","89/91",NA,"167/167","228/228","128/130","104/104","95/101","181/191","205/207","142/158","149/149"
1077,"2023","WENT","Wood Bison","DNA","11-10",NA,NA,2015,"",NA,NA,NA,NA,NA,NA,"100",98,"89/89","140/140","187/187","253/253","103/105","141/141","93/103","129/143","189/191","238/252","87/89","158/162","115/115","174/176","225/229","143/143","158/158","90/102","127/127","188/194","252/252","175/177","152/158","144/160","81/81","122/124","183/183","142/148","260/260","150/150","123/125","153/155","91/95","146/150","192/192","106/106","172/172","89/89","161/173","87/91",NA,"167/167","238/238","122/132","102/104","95/95","181/181","205/211","142/142","145/149"
1078,"2023","WENT","Wood Bison","DNA","11-11",NA,NA,2015,"",NA,NA,NA,NA,NA,NA,"100",98,"91/93","136/140","187/187","253/269","103/103","135/141","97/97","129/129","189/191","238/250","87/89","162/162","115/115","172/182","227/229","143/143","158/160","90/102","138/140","194/194","252/252","167/177","152/166","154/160","81/83","122/124","183/183","142/148","262/262","150/150","125/129","155/155","91/95","146/146","180/180","108/110","170/172","83/89","161/173","89/91",NA,"167/167","228/238","128/130","102/104","101/103","181/181","201/207","142/166","149/149"
1079,"2025","WENT","Wood Bison","Tissue","BISO25-016",NA,NA,2025,"",NA,NA,NA,NA,NA,NA,"96",98,"89/91","140/140","179/187","253/253","103/105","135/145","83/103","129/129","189/191","232/238","87/89","162/162","113/115","172/172","229/229","143/143","156/158","90/102","128/140","194/194","246/252","167/177","152/158","154/156","83/83","122/124","183/183","142/142","260/260","150/150","125/125","155/155","91/95","146/150","180/180","106/112","172/172","83/83","169/169","89/89",NA,"167/167","228/228","130/134","102/104","95/95","191/191","205/205","142/142","149/153"
1081,"2025","WENT","Wood Bison","Tissue","BISO25-022",NA,NA,2025,"",NA,NA,NA,NA,NA,NA,"96",98,"89/91","132/136","179/185","253/253","103/103","141/145","97/103","129/129","189/191","232/238","89/89","158/162","113/115","170/172","225/229","143/143","158/158","90/102","140/140","194/194","248/252","165/167","150/166","144/156","83/83","124/132","183/183","142/148","260/260","140/150","125/129","155/155","91/91","146/150","180/184","108/110","172/172","89/89","169/169","89/91",NA,"167/167","228/238","130/130","102/104","95/101","181/191","205/211","142/142","149/153"
1082,"2025","WENT","Wood Bison","Tissue","BISO25-023",NA,NA,2025,"",NA,NA,NA,NA,NA,NA,"96",96,"91/91","136/136","185/187","247/253","103/103","135/145","103/103","127/141","189/191","232/238","87/87","162/162","113/115","174/174","229/229","143/143","154/160","90/102","128/142","188/200","246/252","165/177","152/158","144/154","83/85","124/132","175/183","142/148","256/260","150/152","125/125","153/155","91/94","150/150","180/180","108/110","170/174","89/89","161/173","85/91",NA,"161/167","228/238","130/132",NA,"99/99","181/191","205/205","142/158","149/153"
1083,"2025","WENT","Wood Bison","Tissue","BISO25-024",NA,NA,2025,"",NA,NA,NA,NA,NA,NA,"98",98,"89/89","134/140","179/187","247/247","103/103","135/141","97/103","129/141","191/191","238/238","87/87","158/162","113/113","172/172","227/233","143/143","156/158","90/102","128/142","188/194","252/252","177/177","146/150","154/154","81/81","132/132","175/183","142/148","262/262","148/150","129/129","155/157","91/95","150/154","180/198","106/110","168/170","89/89","169/169","89/91",NA,"165/167","238/238","130/132","102/104","95/101","181/181","205/211","142/142","149/153"
1366,"2021","EINPP","Plains Bison",NA,"1","2017",2017,2017,"","all samples",NA,"EIB523","Davis","EIB77_773_Parks Canada_Results","17",NA,100,"89/91","136/140","187/187","241/241","103/103","135/135","101/89","143/143","189/189","238/238","87/87","160/160","115/115","172/180","229/231","143/145","154/156","88/88","127/140","194/200","246/250","167/175","150/158","154/156","83/83","124/126","179/181","142/142","260/262","140/140","127/131","153/153","92/95","146/146","180/184","108/108","168/176","83/89","161/165","85/89","116/118","167/167","236/240","130/134","96/96","101/103","191/191","205/215","142/164","149/149"
1367,"2021","EINPP","Plains Bison",NA,"2","2017",2017,2017,"","all samples",NA,"EIB524","Davis","EIB77_773_Parks Canada_Results","18",NA,100,"89/91","136/136","175/185","249/253","103/103","135/135","105/89","149/149","189/189","232/250","89/91","161/161","108/113","176/180","231/233","143/143","156/160","88/88","127/150","190/194","250/254","167/173","156/158","156/158","81/83","124/124","179/185","148/150","260/262","140/146","125/127","153/155","92/95","146/146","180/198","108/110","168/170","89/89","161/161","87/91","108/116","167/167","236/240","130/130","104/92","101/95","179/191","205/211","164/164","149/153"
1368,"2021","EINPP","Plains Bison",NA,"3","2017",2017,2017,"","all samples",NA,"EIB525","Davis","EIB77_773_Parks Canada_Results","19",NA,100,"89/91","136/138","175/179","253/271","103/103","135/147","89/91","127/149","195/195","232/238","87/91","161/161","113/115","172/172","231/231","145/145","154/160","88/90","127/148","194/202","246/254","163/167","156/164","154/156","81/81","122/124","181/181","142/142","262/262","140/146","127/129","153/155","92/92","146/154","180/198","108/110","170/172","83/85","161/161","85/89","114/118","167/167","240/240","130/130","98/98","95/95","181/191","202/215","156/168","149/153"
1369,"2021","EINPP","Plains Bison",NA,"4","2017",2017,2017,"","all samples",NA,"EIB526","Davis","EIB77_773_Parks Canada_Results","20",NA,100,"91/91","136/138","187/187","245/253","103/103","137/147","101/97","143/149","189/195","238/252","85/87","160/160","108/115","174/174","231/233","145/145","154/158","88/88","140/140","194/200","250/250","173/175","152/156","144/144","81/83","124/124","179/181","148/148","262/262","146/150","127/129","153/155","92/92","146/146","180/180","108/108","170/170","89/89","161/161","89/91","108/116","167/167","228/236","134/134","92/98","103/99","191/191","205/205","142/164","149/149"
1370,"2021","EINPP","Plains Bison",NA,"5","2017",2017,2017,"","all samples",NA,"EIB527","Davis","EIB77_773_Parks Canada_Results","21",NA,100,"89/91","136/136","175/187","241/271","103/105","135/135","89/93","129/143","191/195","238/254","87/87","160/170","108/113","172/178","225/229","143/143","154/158","88/90","127/127","194/200","246/250","167/175","150/158","156/158","81/85","124/124","181/181","142/148","256/260","140/146","127/131","153/155","91/95","146/154","180/180","106/108","168/168","83/89","161/161","85/89","114/116","161/167","228/240","130/130","92/92","95/95","181/191","211/215","158/162","143/149"
1371,"2021","EINPP","Plains Bison",NA,"6","2017",2017,2017,"","all samples",NA,"EIB528","Davis","EIB77_773_Parks Canada_Results","22",NA,100,"89/91","136/136","175/175","241/249","103/103","135/135","101/89","149/149","189/189","232/238","85/91","160/161","108/108","172/180","229/231","143/143","154/156","88/90","127/150","190/194","250/254","173/175","156/158","156/156","83/85","124/124","179/183","150/150","262/262","140/140","125/125","155/155","92/92","146/150","192/198","108/110","170/170","89/89","161/173","87/91","114/116","167/167","236/240","130/130","104/98","101/95","177/191","205/211","156/164","149/149"
1372,"2021","EINPP","Plains Bison",NA,"7","2017",2017,2017,"","all samples",NA,"EIB529","Davis","EIB77_773_Parks Canada_Results","23",NA,100,"91/91","136/136","185/185","241/241","103/105","135/135","89/91","129/149","189/195","238/250","87/87","158/161","108/115","176/178","229/231","143/143","158/158","100/88","127/140","194/194","250/250","163/177","152/158","154/156","83/83","122/124","181/183","142/150","260/260","140/140","123/125","153/155","91/95","146/150","180/198","108/108","168/176","89/89","161/161","85/91","114/118","161/167","236/236","130/134","104/92","101/95","191/191","205/211","156/168","149/149"
1373,"2021","EINPP","Plains Bison",NA,"8","2017",2017,2017,"","all samples",NA,"EIB530","Davis","EIB77_773_Parks Canada_Results","24",NA,100,"91/91","134/136","175/175","241/271","105/105","135/141","105/93","129/149","189/191","238/254","87/87","161/170","113/115","172/178","231/231","143/143","154/158","100/90","127/150","194/194","252/254","175/175","158/158","144/158","81/83","124/124","179/183","142/142","256/262","140/150","125/127","155/159","91/92","146/146","180/180","108/108","168/176","83/89","161/161","87/87","116/118","161/167","238/240","118/130","92/98","101/101","181/191","201/211","158/168","149/149"
1374,"2021","EINPP","Plains Bison",NA,"9","2017",2017,2017,"","all samples",NA,"EIB531","Davis","EIB77_773_Parks Canada_Results","25",NA,100,"89/89","136/136","187/187","241/245","103/105","135/135","89/97","129/143","189/191","238/238","87/87","160/160","115/115","172/180","225/231","143/147","154/156","88/90","127/148","194/200","246/250","163/175","158/158","154/156","83/83","124/124","181/181","142/148","260/260","140/146","127/131","153/159","92/92","146/146","180/180","106/108","168/176","89/95","161/161","85/91","108/118","161/167","236/240","130/134","104/92","103/95","191/191","205/211","156/158","143/149"
1375,"2021","EINPP","Plains Bison",NA,"10","2017",2017,2017,"","all samples",NA,"EIB532","Davis","EIB77_773_Parks Canada_Results","26",NA,100,"89/93","136/138","181/185","241/271","103/105","135/135","101/97","127/143","191/195","232/238","85/87","143/160","113/115","172/178","229/233","143/147","154/154","88/88","127/140","194/200","246/250","173/175","142/162","144/156","83/83","124/124","181/181","142/148","260/262","146/146","131/131","155/159","91/92","146/146","192/198","108/108","168/168","83/83","161/173","87/91","114/116","161/161","236/240","118/130","98/98","95/99","181/191","205/211","162/164","145/151"
1408,"2021","EINPP","Plains Bison",NA,"85029",NA,NA,1985,"",NA,NA,"EIB213","Davis","EIB77_773_Parks Canada_Results","55",NA,100,"89/91","136/138","181/187","241/241","103/105","135/135","93/99","129/143","191/195","238/238","87/91","154/160","113/115","172/178","231/233","143/143","156/160","90/90","140/150","194/200","250/250","163/167","150/158","144/144","83/85","124/124","165/183","150/150","260/262","140/146","125/127","155/155","92/95","146/150","180/180","108/108","186/186","85/89","161/161","87/87","108/112","161/167","228/228","130/134","92/98","97/99","181/191","211/211","162/164","149/149"
1409,"2021","EINPP","Plains Bison",NA,"86063",NA,NA,1986,"",NA,NA,"EIB214","Davis","EIB77_773_Parks Canada_Results","56",NA,100,"89/93","136/138","185/187","241/249","103/105","135/135","89/93","129/149","189/195","232/238","89/91","160/160","113/115","172/180","231/231","143/143","156/160","100/90","127/140","194/200","254/254","163/175","152/162","144/144","83/85","122/124","179/181","142/148","260/262","140/146","125/127","155/155","92/92","146/146","180/198","106/108","168/170","89/89","161/165","85/87","114/118","161/161","228/240","130/134","92/92","101/101","181/191","211/211","142/162","149/149"
1410,"2021","EINPP","Plains Bison",NA,"2v68758",NA,NA,1990,"",NA,NA,"EIB215","Davis","EIB77_773_Parks Canada_Results","57",NA,100,"91/91","136/138","179/185","245/271","103/103","135/147","89/93","129/143","191/195","232/238","89/91","160/160","113/115","172/176","229/229","143/147","154/154","88/90","127/127","194/202","244/246","173/175","150/158","154/158","83/83","124/124","181/183","142/142","260/262","146/146","127/127","155/157","92/95","150/150","180/190","108/108","168/168","83/83","161/173","87/91","114/116","161/167","228/240","130/130","92/92","95/99","177/191","205/211","158/170","149/149"
1411,"2021","EINPP","Plains Bison",NA,"2v68760",NA,NA,1990,"",NA,NA,"EIB216","Davis","EIB77_773_Parks Canada_Results","58",NA,100,"91/91","136/136","187/187","241/271","103/105","135/137","101/97","129/143","191/195","238/250","87/91","161/170","115/115","172/178","229/233","143/143","154/154","90/90","127/127","194/194","252/254","167/173","150/158","144/154","83/83","124/124","181/183","148/150","256/260","140/150","127/131","153/159","92/95","150/150","180/184","108/108","170/172","83/83","161/173","85/89","114/114","161/167","240/240","130/130","92/96","101/95","191/191","211/211","158/168","145/149"
1412,"2021","EINPP","Plains Bison",NA,"2v68761",NA,NA,1990,"",NA,NA,"EIB217","Davis","EIB77_773_Parks Canada_Results","59",NA,100,"89/89","140/140","187/187","241/249","103/103","135/135","93/97","129/143","189/195","238/238","87/87","161/170","108/115","172/172","229/231","143/143","154/158","88/90","127/127","200/200","246/250","165/165","152/158","156/156","81/83","122/122","179/181","138/142","262/262","140/150","127/127","153/153","91/95","154/154","184/198","110/110","168/174","83/89","165/165","87/87","116/118","161/161","228/236","130/134","92/98","95/95","191/191","205/205","168/170","149/151"
1413,"2021","EINPP","Plains Bison",NA,"2v68767",NA,NA,1990,"",NA,NA,"EIB218","Davis","EIB77_773_Parks Canada_Results","60",NA,100,"91/91","136/136","175/187","241/241","103/104","135/135","89/93","129/129","189/189","238/238","87/87","158/160","115/115","172/176","229/229","143/143","154/158","100/90","127/140","200/200","246/250","163/173","142/158","156/156","81/81","122/122","165/181","142/148","256/260","140/146","129/131","155/155","91/92","146/154","198/198","106/110","172/186","83/89","161/161","91/91","116/118","167/167","240/240","130/130","92/92","101/99","191/191","205/207","156/164","149/149"
1414,"2021","EINPP","Plains Bison",NA,"2v68771",NA,NA,1990,"",NA,NA,"EIB219","Davis","EIB77_773_Parks Canada_Results","61",NA,100,"91/91","136/136","179/185","241/241","103/105","135/135","93/97","149/149","189/195","238/250","85/91","160/160","108/108","172/172","225/231","143/145","158/158","88/90","127/127","194/200","250/254","159/177","158/162","144/144","85/85","122/124","179/181","148/148","260/262","140/146","123/131","155/155","92/94","146/150","192/198","110/110","170/170","83/83","161/161","87/91","108/108","161/161","228/236","130/134","104/98","95/99","177/191","201/211","158/168","149/149"
1415,"2021","EINPP","Plains Bison",NA,"7V88809","1990",1990,1990,"","all samples",NA,"EIB220","Davis","EIB77_773_Parks Canada_Results","62",NA,100,"89/91","136/138","187/187","271/271","103/104","135/137","93/97","129/149","189/191","238/238","85/91","170/170","115/115","172/172","229/231","143/143","158/158","90/90","148/150","194/200","250/254","167/173","150/158","158/158","81/83","122/124","179/181","142/150","256/260","146/150","127/131","155/157","95/95","146/150","192/198","108/112","168/168","83/83","161/173","89/91","108/114","161/167","228/240","134/134","96/98","101/95","191/191","205/211","164/168","149/151"
1416,"2021","EINPP","Plains Bison",NA,"P2V68754",NA,NA,1990,"",NA,NA,"EIB221","Davis","EIB77_773_Parks Canada_Results","63",NA,100,"91/91","136/136","179/185","249/271","103/103","135/135","101/93","129/149","189/195","238/250","87/87","158/158","108/115","172/178","231/231","143/143","154/158","100/88","150/150","200/200","244/254","173/175","142/142","144/158","83/85","122/124","183/183","142/148","256/262","140/148","127/129","153/155","92/95","146/150","180/192","106/108","168/170","83/89","161/173","87/89","108/114","161/167","228/240","118/130","92/98","101/95","191/191","201/211","158/168","149/149"
1417,"2021","EINPP","Plains Bison",NA,"P2V68759",NA,NA,1990,"",NA,NA,"EIB222","Davis","EIB77_773_Parks Canada_Results","64",NA,100,"91/91","136/136","185/187","241/271","103/103","135/137","89/97","143/149","189/195","238/238","87/87","160/160","115/115","172/178","225/229","143/143","154/160","88/88","140/140","194/200","250/254","173/175","152/162","154/156","81/83","122/124","179/183","142/148","256/260","146/146","127/131","153/155","92/92","146/146","192/198","108/108","168/172","89/89","161/165","91/91","114/114","165/167","228/238","130/134","96/98","95/99","181/191","211/211","158/168","149/149"
1418,"2021","EINPP","Plains Bison",NA,"P2V68763",NA,NA,1990,"",NA,NA,"EIB223","Davis","EIB77_773_Parks Canada_Results","65",NA,100,"89/91","134/140","175/175","241/269","105/105","135/135","101/101","129/149","191/195","250/250","87/87","160/161","113/115","178/178","229/233","143/145","154/154","100/88","127/148","194/200","246/250","165/167","158/162","144/144","81/83","122/124","165/165","142/150","260/262","150/150","127/129","155/155","92/95","148/150","180/192","108/110","172/172","83/83","161/165","87/87","116/118","161/165","240/240","130/130","92/98","103/95","191/191","205/211","142/158","149/149"
1419,"2021","EINPP","Plains Bison",NA,"P2V68765",NA,NA,1990,"",NA,NA,"EIB224","Davis","EIB77_773_Parks Canada_Results","66",NA,100,"91/91","134/138","187/187","241/241","103/103","135/147","91/93","129/149","195/195","238/238","87/91","160/161","108/115","172/172","229/231","143/143","156/158","100/88","127/127","194/194","254/254","163/175","158/162","154/156","83/83","122/124","179/181","148/148","256/260","140/140","129/129","155/157","92/94","146/150","198/198","108/110","170/186","83/89","161/173","87/91","108/118","161/167","236/238","130/130","92/98","101/99","191/191","207/207","142/168","149/149"
1420,"2021","EINPP","Plains Bison",NA,"P2V68766",NA,NA,1990,"",NA,NA,"EIB225","Davis","EIB77_773_Parks Canada_Results","67",NA,100,"91/93","136/136","179/187","241/271","103/103","135/147","91/93","129/129","189/195","250/252","87/91","143/170","108/115","180/180","229/231","143/143","154/160","90/90","127/150","194/194","244/254","175/175","150/152","154/156","83/83","122/124","181/185","142/142","262/262","140/140","127/131","155/159","95/95","148/150","180/184","108/108","170/170","89/89","165/173","87/91","108/116","161/167","236/240","130/134","104/98","95/95","191/191","205/205","168/170","145/145"
1421,"2021","EINPP","Plains Bison",NA,"P2V68770",NA,NA,1990,"",NA,NA,"EIB226","Davis","EIB77_773_Parks Canada_Results","68",NA,100,"89/89","138/142","181/187","241/241","103/103","135/147","89/93","127/143","191/195","238/252","87/91","161/161","115/115","172/172","233/233","143/147","154/158","102/88","140/150","194/194","250/254","175/175","150/164","154/160","83/83","122/124","183/183","138/142","256/262","140/150","127/129","153/159","91/95","146/148","180/184","108/108","168/170","89/89","161/173","85/87","116/116","161/161","240/240","130/130","96/96","103/99","179/191","211/211","142/142","145/151"
1422,"2021","EINPP","Plains Bison",NA,"P2V68772",NA,NA,1990,"",NA,NA,"EIB227","Davis","EIB77_773_Parks Canada_Results","69",NA,100,"89/91","138/142","175/185","241/245","105/105","141/147","101/105","143/149","189/191","238/238","87/91","160/160","113/115","172/172","231/231","143/145","154/156","88/90","150/150","194/194","244/254","173/173","158/158","144/156","81/83","120/124","179/181","142/148","262/262","146/150","125/129","155/155","91/92","146/146","198/198","108/108","170/174","89/91","161/165","89/91","116/116","161/167","228/228","130/134","92/92","101/95","191/191","201/202","158/168","149/149"
1423,"2021","EINPP","Plains Bison",NA,"P81037","1990",1990,1990,"","all samples",NA,"EIB228","Davis","EIB77_773_Parks Canada_Results","70",NA,100,"91/91","136/138","175/187","241/271","103/103","135/135","105/97","143/143","189/191","238/238","87/91","161/170","113/115","172/172","229/231","143/143","156/156","90/90","127/150","194/200","246/250","165/165","148/162","156/160","81/83","124/124","183/185","148/150","262/262","140/140","129/131","153/155","92/95","150/150","190/198","108/110","168/172","83/91","161/173","87/89","114/118","167/167","228/240","130/134","92/92","95/99","181/181","205/215","158/168","149/149"
1424,"2021","EINPP","Plains Bison",NA,"P84013","1990",1990,1990,"","all samples",NA,"EIB229","Davis","EIB77_773_Parks Canada_Results","71",NA,100,"91/91","136/136","185/187","241/245","103/105","135/141","91/93","143/143","191/195","238/238","87/89","160/160","108/115","172/172","229/229","143/147","156/158","100/88","140/140","194/194","250/252","163/173","150/158","144/144","81/83","124/124","179/183","142/150","260/262","140/140","127/129","155/155","91/95","146/148","184/192","106/110","170/170","89/89","161/165","87/89","112/118","167/167","228/238","130/134","104/92","101/99","181/191","201/202","156/170","149/149"
1425,"2021","EINPP","Plains Bison",NA,"P84015","1990",1990,1990,"","all samples",NA,"EIB230","Davis","EIB77_773_Parks Canada_Results","72",NA,100,"91/91","136/136","181/185","241/245","103/105","135/135","93/97","129/149","189/191","238/250","87/87","160/160","108/115","172/174","231/231","143/145","154/160","100/90","140/148","190/202","252/254","165/175","150/162","154/156","83/83","122/124","179/179","142/148","260/262","140/140","127/127","155/155","92/95","146/146","180/198","108/108","170/172","89/95","161/173","91/91","114/118","161/167","236/238","130/130","92/98","95/95","181/181","205/211","158/168","145/149"
1426,"2021","EINPP","Plains Bison",NA,"P84030",NA,NA,1984,"",NA,NA,"EIB231","Davis","EIB77_773_Parks Canada_Results","73",NA,100,"89/91","134/138","187/187","241/253","103/103","135/135","105/93","129/149","195/195","238/238","87/87","143/161","113/115","172/180","225/231","143/143","154/154","100/90","127/150","194/200","250/252","173/177","158/158","144/144","81/83","122/124","183/183","142/148","256/262","140/150","123/131","155/155","92/92","146/150","180/180","108/108","168/174","83/89","161/161","87/91","108/108","161/161","228/240","130/134","104/92","95/95","181/181","205/207","158/170","149/151"
1427,"2021","EINPP","Plains Bison",NA,"P84063","1990",1990,1990,"","all samples",NA,"EIB233","Davis","EIB77_773_Parks Canada_Results","74",NA,100,"89/91","136/136","179/185","269/271","103/105","135/141","93/93","129/129","195/195","238/252","87/91","160/160","115/115","174/174","231/233","143/143","154/154","88/88","127/140","194/194","244/250","175/175","150/156","156/156","81/83","124/124","179/185","142/150","256/262","140/150","127/131","155/155","91/91","148/148","180/180","108/112","168/170","89/89","173/173","89/89","114/118","161/167","238/240","130/130","92/98","95/95","181/191","205/211","156/160","149/151"
1428,"2021","EINPP","Plains Bison",NA,"P85027","1990",1990,1990,"","all samples",NA,"EIB234","Davis","EIB77_773_Parks Canada_Results","75",NA,100,"89/91","136/138","179/187","241/271","103/105","135/135","91/93","129/143","189/195","238/238","87/91","161/170","113/113","172/172","229/231","143/143","156/158","88/90","127/148","194/200","250/254","159/173","158/162","144/156","81/83","124/124","165/183","138/148","262/262","140/150","129/131","153/157","92/95","146/146","190/198","108/110","168/168","89/89","161/165","85/87","114/116","161/167","228/240","118/134","92/98","101/95","179/191","205/205","162/168","149/149"
1429,"2021","EINPP","Plains Bison",NA,"P85028","1990",1990,1990,"","all samples",NA,"EIB235","Davis","EIB77_773_Parks Canada_Results","76",NA,100,"89/91","136/136","181/185","241/245","103/103","135/135","101/91","127/143","189/191","250/250","91/91","160/160","108/115","172/172","229/231","143/147","158/158","100/102","140/142","194/194","246/254","165/173","152/158","154/158","83/83","124/124","179/185","142/142","262/262","140/140","123/127","155/159","92/92","146/146","180/198","106/108","168/168","83/89","161/161","89/91","108/114","161/167","228/228","130/134","96/98","95/99","181/191","205/205","168/168","149/149"
1430,"2021","EINPP","Plains Bison",NA,"P85030",NA,NA,1985,"",NA,NA,"EIB236","Davis","EIB77_773_Parks Canada_Results","77",NA,100,"89/89","136/138","175/175","245/271","103/103","135/147","93/93","143/149","189/195","238/252","91/91","160/160","108/113","172/172","225/231","143/147","158/158","100/102","140/150","194/202","250/250","165/165","158/162","160/160","81/85","124/124","179/183","138/150","256/260","140/146","127/129","153/159","92/95","146/150","184/198","108/108","168/170","85/89","161/165","87/89","116/118","167/167","228/240","118/130","96/96","101/103","181/191","205/211","168/168","143/149"
1431,"2021","EINPP","Plains Bison",NA,"P85032","1990",1990,1990,"","all samples",NA,"EIB237","Davis","EIB77_773_Parks Canada_Results","78",NA,100,"89/89","136/138","179/187","253/253","103/103","135/141","89/99","129/149","195/195","232/238","89/91","143/160","113/113","178/178","229/231","143/143","154/154","88/90","127/127","194/200","246/246","163/175","158/158","144/154","81/83","122/124","183/185","142/142","262/262","146/146","123/127","155/155","92/95","146/150","180/192","108/112","170/186","89/89","161/161","87/89","108/116","161/167","240/240","130/134","92/92","95/99","181/193","205/211","142/142","145/149"
1432,"2021","EINPP","Plains Bison",NA,"P85033",NA,NA,1985,"",NA,NA,"EIB238","Davis","EIB77_773_Parks Canada_Results","79",NA,100,"89/91","134/136","175/185","241/253","103/103","135/147","105/93","143/149","189/189","238/238","91/91","160/170","113/115","172/180","229/231","143/143","154/158","88/90","127/150","194/194","250/250","173/173","158/158","156/156","81/83","122/124","165/185","142/148","262/262","146/146","125/131","155/155","92/95","146/146","180/198","108/108","168/186","83/89","165/173","87/89","114/118","167/167","224/240","118/130","92/98","99/99","179/191","207/211","158/168","149/149"
1433,"2021","EINPP","Plains Bison",NA,"P85034","1990",1990,1990,"","all samples",NA,"EIB239","Davis","EIB77_773_Parks Canada_Results","80",NA,100,"89/91","136/138","179/187","241/253","103/103","135/135","89/89","143/143","191/195","232/254","87/91","160/160","108/113","172/180","231/233","143/145","156/158","102/90","140/150","194/194","246/250","163/167","150/162","156/160","83/83","122/124","181/183","148/150","260/260","140/140","125/127","155/157","92/94","146/148","192/198","108/108","170/186","83/89","161/161","87/89","116/118","161/167","228/240","130/130","96/98","101/97","191/191","211/211","164/164","145/149"
1434,"2021","EINPP","Plains Bison",NA,"P86057","1990",1990,1990,"","all samples",NA,"EIB240","Davis","EIB77_773_Parks Canada_Results","81",NA,100,"89/91","136/136","175/185","241/253","103/103","137/141","105/89","129/149","189/191","238/238","85/87","160/160","108/108","176/180","231/233","143/143","156/158","102/90","127/150","194/194","250/254","163/175","158/158","144/144","81/83","122/122","181/183","142/150","260/260","140/146","127/129","155/155","91/92","146/146","192/198","106/108","172/172","89/89","161/161","87/89","116/118","161/161","240/240","134/134","104/96","95/95","179/181","207/207","166/166","149/149"
1435,"2021","EINPP","Plains Bison",NA,"P86059","1990",1990,1990,"","all samples",NA,"EIB241","Davis","EIB77_773_Parks Canada_Results","82",NA,100,"89/89","136/136","185/187","241/247","103/103","135/135","101/91","129/143","191/195","238/238","85/91","160/161","113/113","174/174","229/231","143/145","156/160","102/88","127/127","194/200","252/254","165/177","152/158","156/158","81/83","124/126","183/183","142/150","262/262","146/150","125/125","153/159","92/95","146/146","192/198","106/108","168/170","83/83","161/173","87/89","114/118","161/167","228/228","118/130","92/92","99/99","191/191","205/205","156/168","149/149"
1436,"2021","EINPP","Plains Bison",NA,"P86061","1990",1990,1990,"","all samples",NA,"EIB242","Davis","EIB77_773_Parks Canada_Results","83",NA,100,"89/91","134/136","179/181","249/271","103/103","135/147","101/89","129/149","191/195","238/250","87/89","161/161","108/115","172/172","229/229","143/143","156/156","88/90","150/150","194/202","246/250","165/177","156/162","154/154","81/83","124/124","179/183","142/150","256/262","146/150","129/131","153/155","92/95","148/150","180/180","108/112","168/172","83/89","161/173","87/87","116/116","161/167","228/228","118/130","92/96","103/103","179/191","211/215","142/170","149/149"
1437,"2021","EINPP","Plains Bison",NA,"P86064",NA,NA,1986,"",NA,NA,"EIB243","Davis","EIB77_773_Parks Canada_Results","84",NA,100,"89/91","134/138","175/175","245/253","103/103","135/135","93/93","129/149","191/191","238/238","87/89","161/161","108/115","172/180","229/231","143/145","154/156","88/90","127/140","190/200","250/254","173/173","158/162","156/156","81/83","122/124","183/183","148/148","262/262","140/146","127/131","151/155","92/92","146/146","184/198","108/108","168/170","83/89","161/173","91/91","114/118","161/167","228/240","134/134","92/92","101/95","191/191","205/211","164/168","149/149"
2055,"2021","AISH","Wood Bison",NA,"38077-YT","2016",2016,2016,"","Yukon Bison Population Viability Analysis Sample List",NA,"EIB658","Davis","EIB77_773_Parks Canada_Results","310",NA,100,"89/91","136/136","181/181","253/253","103/103","141/145","103/93","129/129","191/195","232/238","87/89","160/162","108/115","172/182","227/231","143/143","156/158","102/102","142/146","188/190","252/252","173/177","146/154","152/156","77/83","132/132","165/183","142/148","260/262","146/150","125/129","159/159","91/91","146/146","180/196","110/112","166/176","89/95","161/161","87/89","116/118","167/167","228/228","128/128","102/102","101/103","177/191","205/205","144/144","149/151"
2056,"2021","AISH","Wood Bison",NA,"38078-YT","2016",2016,2016,"","Yukon Bison Population Viability Analysis Sample List",NA,"EIB659","Davis","EIB77_773_Parks Canada_Results","311",NA,100,"89/91","134/134","187/187","249/253","103/103","135/147","93/93","129/141","189/191","232/238","87/91","147/160","115/115","176/178","229/231","143/143","158/160","90/90","140/142","190/194","252/252","173/177","146/166","144/160","83/83","124/124","179/183","142/142","262/262","150/150","125/129","155/155","91/91","146/150","180/196","112/112","166/172","89/89","161/165","87/91","116/118","167/167","228/238","128/130","102/104","101/99","181/181","205/205","158/168","149/153"
2057,"2021","AISH","Wood Bison",NA,"38079-YT","2016",2016,2016,"","Yukon Bison Population Viability Analysis Sample List",NA,"EIB660","Davis","EIB77_773_Parks Canada_Results","312",NA,100,"89/91","136/136","179/181","253/253","103/103","141/145","103/93","129/129","189/195","238/238","87/87","147/160","113/115","174/176","229/229","143/143","158/160","88/90","127/146","188/194","250/252","173/177","146/152","154/156","77/81","124/132","179/183","142/142","262/262","150/150","125/125","155/155","91/94","150/150","180/184","106/106","166/176","85/89","159/161","87/89","116/118","167/167","228/238","114/130","104/104","101/101","181/191","205/211","166/168","151/153"
2058,"2021","AISH","Wood Bison",NA,"38085-YT","2017",2017,2017,"","Yukon Bison Population Viability Analysis Sample List",NA,"EIB661","Davis","EIB77_773_Parks Canada_Results","313",NA,100,"89/89","136/136","187/187","253/253","103/103","141/141","103/91","129/149","191/191","232/238","89/89","158/158","115/115","172/172","225/229","143/143","156/158","90/90","146/148","190/190","250/252","173/177","152/152","144/154","83/83","124/126","165/183","138/142","260/262","146/150","125/129","155/157","91/95","150/150","180/184","106/112","172/172","85/89","161/161","81/89","116/118","167/167","224/238","130/132","92/96","101/95","181/181","205/205","158/166","147/153"
2059,"2021","AISH","Wood Bison",NA,"39216-YT","2017",2017,2017,"","Yukon Bison Population Viability Analysis Sample List",NA,"EIB662","Davis","EIB77_773_Parks Canada_Results","314",NA,100,"89/89","136/136","179/181","253/271","103/103","135/145","103/97","129/141","189/191","238/238","87/89","158/160","115/115","172/172","227/229","143/157","158/158","88/90","127/148","188/190","252/252","173/177","152/152","144/160","83/83","124/132","183/183","138/142","262/262","150/150","123/125","155/157","91/91","150/150","180/194","110/112","170/172","89/89","161/165","89/89","116/116","167/167","238/238","114/130","102/96","95/95","181/191","205/211","144/144","145/147"
2060,"2021","AISH","Wood Bison",NA,"39637-YT","2017",2017,2017,"","Yukon Bison Population Viability Analysis Sample List",NA,"EIB663","Davis","EIB77_773_Parks Canada_Results","315",NA,100,"89/89","136/138","181/187","249/253","103/103","141/145","93/93","149/149","191/191","238/238","87/89","158/158","115/115","172/174","227/229","143/157","156/156","102/90","146/148","190/194","252/252","173/177","152/152","144/154","83/83","124/132","175/183","142/148","262/262","146/150","125/129","155/157","91/91","150/150","180/180","112/90","166/176","81/85","161/161","89/91","118/118","167/167","224/238","114/128","92/98","101/95","181/181","205/207","166/166","145/151"
2061,"2021","AISH","Wood Bison",NA,"39638-YT","2017",2017,2017,"","Yukon Bison Population Viability Analysis Sample List",NA,"EIB664","Davis","EIB77_773_Parks Canada_Results","316",NA,100,"89/91","136/138","187/187","241/249","103/103","141/145","93/97","129/149","191/195","238/252","87/87","158/158","115/115","172/172","229/229","143/157","156/156","102/90","142/146","190/194","250/252","173/175","146/152","144/154","83/83","132/132","175/183","142/142","260/262","140/150","125/125","155/157","91/95","146/150","180/180","110/112","166/176","81/89","161/173","87/89","116/118","167/167","224/238","114/130","104/98","101/95","181/191","205/205","166/168","145/149"
2062,"2021","AISH","Wood Bison",NA,"39786-YT","2017",2017,2017,"","Yukon Bison Population Viability Analysis Sample List",NA,"EIB665","Davis","EIB77_773_Parks Canada_Results","317",NA,100,"89/89","136/136","187/187","253/253","103/103","141/141","103/93","129/129","191/191","238/238","87/87","147/160","115/115","172/174","227/229","143/143","158/160","102/88","127/142","190/194","252/252","167/175","146/152","144/160","77/81","132/132","183/183","142/142","262/262","146/150","123/123","155/155","91/92","150/150","180/184","106/112","172/176","85/95","161/165","89/89","116/116","161/167","228/238","130/130","104/104","101/103","181/181","201/211","168/168","149/153"
2063,"2021","AISH","Wood Bison",NA,"40975-YT","2016",2016,2016,"","Yukon Bison Population Viability Analysis Sample List",NA,"EIB666","Davis","EIB77_773_Parks Canada_Results","318",NA,100,"89/89","134/136","181/181","253/253","103/103","135/135","103/97","129/149","189/191","238/238","87/89","158/162","108/113","178/178","227/229","143/143","156/158","102/90","127/142","188/194","252/252","173/173","146/152","154/154","81/83","132/132","183/183","142/142","260/262","150/150","125/129","153/155","91/95","150/150","180/180","110/112","172/176","89/89","161/161","89/89","116/118","167/167","228/238","114/130","98/98","103/99","181/181","201/205","144/166","151/153"
2064,"2021","AISH","Wood Bison",NA,"40976-YT","2016",2016,2016,"","Yukon Bison Population Viability Analysis Sample List",NA,"EIB667","Davis","EIB77_773_Parks Canada_Results","319",NA,100,"89/89","134/136","181/187","253/253","103/103","141/141","103/93","129/129","191/191","238/238","87/89","158/158","113/113","174/178","233/233","143/143","158/158","90/90","127/142","190/194","252/252","167/173","146/166","144/160","81/83","132/132","179/183","142/148","260/262","150/150","125/129","153/155","94/95","150/150","180/180","112/112","172/172","85/89","161/161","89/91","118/118","167/167","228/228","130/130","104/98","101/95","181/191","201/205","166/168","145/153"
2065,"2021","AISH","Wood Bison",NA,"40979-YT","2016",2016,2016,"","Yukon Bison Population Viability Analysis Sample List",NA,"EIB668","Davis","EIB77_773_Parks Canada_Results","320",NA,100,"89/89","136/136","181/181","253/253","103/103","135/141","103/103","129/149","191/195","238/252","87/89","158/162","108/115","174/174","229/231","143/143","156/158","90/90","142/142","190/194","244/252","167/177","152/152","144/160","77/77","126/132","165/183","142/142","262/262","150/150","125/125","155/155","91/91","150/150","180/180","112/112","166/166","85/89","161/173","91/91","116/118","167/167","228/238","114/132","92/92","103/95","181/181","205/205","144/166","145/153"
2066,"2021","AISH","Wood Bison",NA,"40982-YT","2017",2017,2017,"","Yukon Bison Population Viability Analysis Sample List",NA,"EIB669","Davis","EIB77_773_Parks Canada_Results","321",NA,100,"89/91","134/136","187/187","253/253","103/103","135/145","103/103","129/129","189/189","238/238","87/89","158/162","115/115","174/174","227/229","143/143","158/158","102/90","142/142","190/194","252/252","167/177","146/152","152/154","77/83","124/132","179/183","138/142","262/262","150/150","123/125","153/155","91/91","146/150","180/194","112/112","172/176","85/89","159/161","89/89","118/118","167/167","224/236","128/130","92/98","101/101","181/181","211/211","142/144","151/153"
2067,"2021","AISH","Wood Bison",NA,"40994-YT","2017",2017,2017,"","Yukon Bison Population Viability Analysis Sample List",NA,"EIB670","Davis","EIB77_773_Parks Canada_Results","322",NA,100,"91/91","134/136","187/187","241/253","103/103","135/141","91/93","129/141","191/191","238/238","89/89","158/161","115/115","172/174","229/233","143/143","158/158","90/90","127/146","194/194","252/252","167/173","146/152","154/156","77/83","124/132","175/175","142/142","260/262","146/148","125/129","155/155","91/91","150/150","180/180","110/112","170/172","89/95","173/173","87/87","116/116","167/167","224/238","128/130","102/98","101/103","181/191","201/205","144/166","151/153"
2068,"2021","AISH","Wood Bison",NA,"40996-YT","2017",2017,2017,"","Yukon Bison Population Viability Analysis Sample List",NA,"EIB671","Davis","EIB77_773_Parks Canada_Results","323",NA,100,"89/89","134/136","179/181","253/253","103/103","145/145","93/93","129/129","189/191","232/238","87/89","158/162","108/115","174/176","227/229","143/143","158/160","90/90","127/142","190/190","252/252","175/175","152/152","154/156","81/85","126/132","165/183","138/142","262/262","146/150","125/129","151/155","95/95","150/150","180/180","112/112","172/172","83/89","161/169","81/89","116/116","167/167","228/228","130/130","102/102","101/101","181/191","205/205","142/144","151/153"
2069,"2021","AISH","Wood Bison",NA,"40997-YT","2017",2017,2017,"","Yukon Bison Population Viability Analysis Sample List",NA,"EIB672","Davis","EIB77_773_Parks Canada_Results","324",NA,100,"89/91","134/136","179/181","253/253","103/103","141/141","103/93","129/129","191/195","232/252","87/89","160/162","113/115","172/174","229/233","143/143","158/158","102/90","142/142","194/194","252/252","167/167","146/152","154/160","77/83","124/132","175/183","142/148","262/262","146/150","125/125","153/155","91/94","150/150","180/180","110/112","166/166","85/89","159/165","81/91","116/118","167/167","228/238","130/132","102/98","101/95","181/191","207/211","142/166","145/153"
2070,"2021","AISH","Wood Bison",NA,"41000-YT","2017",2017,2017,"","Yukon Bison Population Viability Analysis Sample List",NA,"EIB673","Davis","EIB77_773_Parks Canada_Results","325",NA,100,"89/89","136/136","181/187","253/257","103/103","135/141","103/103","129/149","189/191","232/238","89/89","147/158","113/113","172/172","227/229","143/143","158/158","90/90","127/142","190/190","252/254","167/173","146/146","154/160","83/85","124/124","165/175","142/142","262/262","146/150","129/129","155/159","91/91","150/150","180/194","110/112","174/178","89/95","161/173","81/89","108/116","167/167","232/238","128/130","92/92","103/103","181/191","201/205","142/158","145/153"
2071,"2021","AISH","Wood Bison",NA,"41351-YT","2016",2016,2016,"","Yukon Bison Population Viability Analysis Sample List",NA,"EIB674","Davis","EIB77_773_Parks Canada_Results","326",NA,100,"91/91","134/136","181/187","253/253","103/103","135/145","103/93","129/129","191/191","252/254","87/89","158/162","115/115","174/178","225/229","143/143","158/160","90/90","142/146","194/194","252/252","167/173","150/152","154/160","77/77","124/124","175/183","142/148","260/260","150/150","129/129","155/155","91/91","148/150","180/180","112/112","170/176","85/85","165/173","81/89","116/116","167/167","228/228","130/130","104/98","101/103","181/191","205/211","144/166","145/149"
2072,"2021","AISH","Wood Bison",NA,"41352-YT","2016",2016,2016,"","Yukon Bison Population Viability Analysis Sample List",NA,"EIB675","Davis","EIB77_773_Parks Canada_Results","327",NA,100,"89/91","136/136","181/187","253/253","103/103","135/145","93/97","129/129","189/195","232/232","87/87","158/158","108/115","172/174","231/231","143/143","158/158","102/90","127/140","194/194","252/252","167/173","152/164","152/154","77/77","132/132","183/183","142/142","260/262","150/150","125/125","155/155","91/92","150/150","180/180","110/112","166/172","85/89","161/173","91/91","118/118","167/167","236/238","114/130","92/92","101/99","181/181","201/205","158/166","145/149"
2073,"2021","AISH","Wood Bison",NA,"41358-YT","2016",2016,2016,"","Yukon Bison Population Viability Analysis Sample List",NA,"EIB676","Davis","EIB77_773_Parks Canada_Results","328",NA,98,"89/89","136/136","179/179","253/253","103/103","141/141","97/97","129/129","195/195","238/238","87/87","161/162","108/115","172/174","229/233","143/143","156/160","88/90","140/142","188/188","252/252","167/177","152/152","144/160","77/83","122/132","183/183","138/142","262/262","150/150","123/129","153/155","92/94","150/150","180/180","110/110","166/176","89/89","161/169","87/91",NA,"167/167","228/236","118/130","96/98","95/95","181/191","205/211","142/166","145/153"
2074,"2021","AISH","Wood Bison",NA,"41359-YT","2016",2016,2016,"","Yukon Bison Population Viability Analysis Sample List",NA,"EIB677","Davis","EIB77_773_Parks Canada_Results","329",NA,100,"89/89","136/136","179/181","253/253","103/103","141/141","103/93","129/129","191/191","232/238","87/89","158/158","108/113","172/178","229/233","143/143","158/158","90/90","146/148","194/194","252/252","173/177","150/154","144/152","83/83","124/132","179/183","138/142","262/262","146/150","125/129","155/155","91/92","150/150","180/196","110/110","170/176","89/89","161/161","81/89","116/118","167/167","224/228","128/130","102/98","101/103","181/181","205/211","166/168","149/149"
2075,"2021","AISH","Wood Bison",NA,"41403-YT","2017",2017,2017,"","Yukon Bison Population Viability Analysis Sample List",NA,"EIB678","Davis","EIB77_773_Parks Canada_Results","330",NA,100,"91/91","136/136","187/187","253/253","103/103","135/141","93/93","129/129","189/189","238/252","89/89","158/158","113/113","176/176","227/229","143/143","156/156","102/90","127/142","188/190","252/252","163/173","146/146","154/160","77/83","124/132","165/183","142/142","262/262","150/150","125/129","155/155","91/91","146/150","180/180","110/112","172/176","85/89","161/161","89/89","116/116","167/167","228/228","130/132","102/102","101/103","181/191","205/205","166/166","145/151"
2076,"2021","AISH","Wood Bison",NA,"41406-YT","2017",2017,2017,"","Yukon Bison Population Viability Analysis Sample List",NA,"EIB679","Davis","EIB77_773_Parks Canada_Results","331",NA,100,"89/91","134/136","181/187","253/253","103/103","141/141","103/85","129/149","189/195","238/238","87/87","158/162","115/115","172/174","225/229","143/143","156/156","90/90","142/142","190/190","252/252","167/177","152/152","154/160","77/77","124/132","183/183","138/142","262/262","150/150","125/125","155/157","91/92","150/150","180/180","110/112","170/176","89/89","161/161","81/89","118/118","167/167","236/238","128/132","104/98","101/95","177/181","205/205","144/168","149/153"
2077,"2021","AISH","Wood Bison",NA,"41407-YT","2017",2017,2017,"","Yukon Bison Population Viability Analysis Sample List",NA,"EIB680","Davis","EIB77_773_Parks Canada_Results","332",NA,98,"89/89","136/138","187/187","253/253","103/103","141/141","103/93","129/143","191/191","238/238","87/89","158/160","115/115","174/174","225/229","143/143","160/160","90/90","140/142","188/190","252/254","173/177","152/152","154/154","77/77","132/132","175/183","142/150","262/262","140/150","125/129","155/159","91/92","150/150","180/180","108/110","166/166","85/89","165/165","87/89",NA,"167/167","228/238","130/130","102/102","101/103","181/191","205/205","144/168","145/149"
2078,"2021","AISH","Wood Bison",NA,"41408-YT","2017",2017,2017,"","Yukon Bison Population Viability Analysis Sample List",NA,"EIB681","Davis","EIB77_773_Parks Canada_Results","333",NA,100,"91/91","136/136","179/181","253/253","103/103","141/141","93/97","129/129","191/195","238/252","87/89","158/160","108/108","172/174","227/229","143/143","156/158","90/90","140/142","190/194","252/252","173/177","146/152","144/154","77/81","124/124","175/179","142/148","260/262","150/150","123/129","155/155","91/95","150/150","180/196","110/110","166/172","95/95","159/161","91/91","108/116","167/167","228/228","130/132","102/104","103/95","181/181","201/205","144/166","149/153"
2079,"2021","AISH","Wood Bison",NA,"41409-YT","2017",2017,2017,"","Yukon Bison Population Viability Analysis Sample List",NA,"EIB682","Davis","EIB77_773_Parks Canada_Results","334",NA,100,"89/91","134/138","179/191","253/253","103/103","135/141","103/91","129/129","189/191","232/238","87/89","158/162","113/115","172/178","229/229","143/143","156/158","102/90","142/146","190/190","252/252","167/177","146/152","144/154","77/77","124/132","175/183","142/142","260/262","140/150","125/129","153/155","91/92","150/150","180/192","110/110","170/172","89/89","161/165","85/89","116/116","167/167","228/238","130/130","104/98","101/101","181/181","205/207","144/166","151/153"
2080,"2021","AISH","Wood Bison",NA,"41410-YT","2017",2017,2017,"","Yukon Bison Population Viability Analysis Sample List",NA,"EIB683","Davis","EIB77_773_Parks Canada_Results","335",NA,100,"89/89","136/138","181/187","253/253","103/103","135/141","91/97","129/129","191/191","238/254","87/89","162/170","115/115","172/178","229/233","143/143","154/158","90/90","146/146","190/190","252/252","167/173","146/164","154/154","77/77","132/132","183/183","142/142","260/262","146/150","129/129","155/155","91/95","150/150","180/180","112/112","166/172","89/89","161/169","89/89","116/116","167/167","236/236","130/130","102/104","101/95","191/191","205/205","168/170","145/149"
2081,"2021","AISH","Wood Bison",NA,"41412-YT","2017",2017,2017,"","Yukon Bison Population Viability Analysis Sample List",NA,"EIB684","Davis","EIB77_773_Parks Canada_Results","336",NA,100,"91/91","134/136","179/187","253/269","103/103","141/141","103/93","129/129","189/191","232/238","87/87","162/162","108/115","174/174","229/231","143/143","156/158","90/90","127/142","194/194","252/252","167/177","146/152","154/154","77/83","124/132","175/183","142/142","260/262","146/150","125/129","153/155","91/91","146/150","180/180","110/112","166/172","89/89","159/165","89/91","116/118","167/167","228/238","130/132","102/98","101/95","181/191","211/211","166/168","145/151"
2082,"2021","AISH","Wood Bison",NA,"41416-YT","2017",2017,2017,"","Yukon Bison Population Viability Analysis Sample List",NA,"EIB685","Davis","EIB77_773_Parks Canada_Results","337",NA,100,"89/89","134/136","181/181","253/271","103/103","141/141","103/93","129/129","191/191","232/252","87/89","147/158","108/113","178/178","227/231","143/143","156/158","90/90","127/127","194/194","252/252","177/177","152/152","154/154","77/83","124/124","175/183","142/142","260/260","140/150","125/125","155/155","91/95","150/150","180/184","112/112","170/176","83/89","165/173","89/89","118/118","167/167","236/238","130/130","102/92","101/103","181/181","205/215","158/158","149/151"
2083,"2021","AISH","Wood Bison",NA,"41418-YT","2017",2017,2017,"","Yukon Bison Population Viability Analysis Sample List",NA,"EIB686","Davis","EIB77_773_Parks Canada_Results","338",NA,100,"89/91","134/140","181/187","253/253","103/103","135/141","93/97","129/149","189/191","238/238","87/87","158/161","115/115","172/176","225/227","143/143","156/158","90/90","127/142","188/190","246/252","177/177","146/154","154/160","77/77","124/124","175/179","138/142","260/262","150/150","125/125","155/155","91/95","150/150","180/196","112/112","166/166","89/89","161/167","81/89","118/118","167/167","224/228","130/130","102/92","103/95","177/191","205/207","166/168","147/149"
2084,"2021","AISH","Wood Bison",NA,"41420-YT","2017",2017,2017,"","Yukon Bison Population Viability Analysis Sample List",NA,"EIB687","Davis","EIB77_773_Parks Canada_Results","339",NA,100,"89/89","136/136","181/181","253/253","103/103","141/141","103/93","129/141","191/195","232/238","87/87","158/162","113/113","174/176","227/229","143/143","156/158","90/90","127/142","194/194","252/252","173/177","146/152","152/160","77/83","124/132","175/179","142/142","262/262","146/150","123/125","155/157","91/91","150/150","180/184","106/112","172/172","89/89","165/165","85/91","116/116","167/167","236/238","130/130","102/92","101/95","191/191","205/211","144/168","145/151"
2085,"2021","AISH","Wood Bison",NA,"41422-YT","2017",2017,2017,"","Yukon Bison Population Viability Analysis Sample List",NA,"EIB688","Davis","EIB77_773_Parks Canada_Results","340",NA,100,"91/91","136/138","181/181","249/253","103/103","135/141","103/89","141/149","191/191","232/238","89/89","158/161","115/115","174/178","229/231","143/143","158/158","102/90","142/146","194/194","252/252","173/173","152/152","152/154","83/85","126/132","175/183","142/142","260/262","150/150","125/129","155/155","91/92","150/150","180/184","112/112","172/176","89/95","161/161","85/89","116/116","167/167","228/228","114/130","104/96","101/103","181/191","205/207","144/158","149/149"
2086,"2021","AISH","Wood Bison",NA,"41424-YT","2017",2017,2017,"","Yukon Bison Population Viability Analysis Sample List",NA,"EIB689","Davis","EIB77_773_Parks Canada_Results","341",NA,100,"89/91","136/136","181/187","253/269","103/104","141/145","103/93","129/129","189/195","232/238","87/87","158/158","115/115","174/176","227/229","143/143","156/158","90/90","142/146","188/190","250/252","167/177","152/152","144/152","81/83","124/132","175/175","138/142","262/262","146/146","125/125","155/155","92/95","146/148","180/196","110/112","172/172","89/95","161/165","87/89","116/116","167/167","228/228","114/130","102/104","101/101","181/191","205/205","142/168","145/147"
2087,"2021","AISH","Wood Bison",NA,"41435-YT","2017",2017,2017,"","Yukon Bison Population Viability Analysis Sample List",NA,"EIB690","Davis","EIB77_773_Parks Canada_Results","342",NA,100,"89/91","134/134","179/187","253/253","103/103","141/141","91/93","141/141","191/195","238/254","87/89","160/161","115/115","172/174","229/233","143/143","156/158","102/90","146/146","194/194","252/252","167/173","146/152","144/154","77/83","132/132","175/183","142/142","260/262","148/150","125/129","155/155","91/92","150/150","180/184","110/110","170/172","89/95","169/173","87/89","116/118","167/167","238/238","130/130","96/98","103/95","181/191","205/211","158/166","145/151"
2088,"2021","AISH","Wood Bison",NA,"41443-YT","2017",2017,2017,"","Yukon Bison Population Viability Analysis Sample List",NA,"EIB691","Davis","EIB77_773_Parks Canada_Results","343",NA,100,"89/89","136/138","179/187","253/269","103/103","145/145","103/97","129/149","191/195","238/252","87/87","147/158","113/113","172/176","225/225","143/143","158/160","102/102","140/148","190/190","250/252","173/177","146/154","144/154","77/83","132/132","175/179","142/142","256/262","150/150","125/129","155/157","91/95","150/150","180/194","106/112","170/172","85/89","165/173","89/89","118/118","167/167","228/238","130/132","102/98","101/95","181/191","205/205","142/166","149/153"
2089,"2021","AISH","Wood Bison",NA,"41444-YT","2017",2017,2017,"","Yukon Bison Population Viability Analysis Sample List",NA,"EIB692","Davis","EIB77_773_Parks Canada_Results","344",NA,100,"89/91","138/138","187/187","253/253","103/103","141/141","103/91","129/141","191/191","238/252","87/89","158/158","108/113","172/172","229/229","143/143","156/158","102/90","140/148","190/194","252/252","167/173","152/152","160/160","83/83","124/126","183/183","138/142","262/262","150/150","125/129","155/157","91/92","150/150","180/196","112/112","166/166","85/89","165/165","89/89","116/118","167/167","224/228","130/130","102/102","95/95","181/181","205/211","144/166","153/153"
2090,"2021","AISH","Wood Bison",NA,"41447-YT","2017",2017,2017,"","Yukon Bison Population Viability Analysis Sample List",NA,"EIB693","Davis","EIB77_773_Parks Canada_Results","345",NA,100,"91/91","134/136","179/179","253/269","103/103","135/141","103/93","141/141","189/191","238/238","87/89","160/161","115/115","172/172","231/233","143/143","156/158","90/90","142/146","194/194","250/252","173/173","146/152","144/160","77/83","132/132","175/183","142/142","260/262","140/148","125/129","155/155","92/95","150/150","180/180","110/112","170/172","85/89","161/173","81/89","116/118","167/167","224/238","130/130","92/96","101/95","181/191","205/211","158/166","145/153"
2091,"2021","AISH","Wood Bison",NA,"41453-YT","2017",2017,2017,"","Yukon Bison Population Viability Analysis Sample List",NA,"EIB694","Davis","EIB77_773_Parks Canada_Results","346",NA,100,"89/89","134/136","179/187","253/271","103/103","141/141","103/85","129/129","189/191","232/238","87/87","158/162","113/115","174/176","229/229","143/143","156/158","90/90","127/142","190/194","250/252","167/173","146/154","154/154","83/83","124/124","183/183","142/142","260/262","146/146","129/129","155/155","91/92","150/150","180/184","110/112","166/172","89/89","161/173","81/91","116/118","167/167","228/228","128/132","102/98","101/103","181/181","201/205","158/168","149/153"
2092,"2021","AISH","Wood Bison",NA,"41454-YT","2017",2017,2017,"","Yukon Bison Population Viability Analysis Sample List",NA,"EIB695","Davis","EIB77_773_Parks Canada_Results","347",NA,100,"89/89","134/136","179/179","253/253","103/103","135/147","85/93","129/129","191/191","232/238","87/87","158/162","113/113","172/174","229/233","143/143","154/158","90/90","140/148","188/190","252/252","167/173","152/152","154/160","77/83","132/132","183/183","142/142","262/262","146/150","125/129","155/155","91/91","150/150","180/180","106/110","172/172","85/89","161/165","81/89","116/118","167/167","228/236","130/130","102/102","103/103","181/181","205/205","158/166","153/153"
2093,"2021","AISH","Wood Bison",NA,"41460-YT","2017",2017,2017,"","Yukon Bison Population Viability Analysis Sample List",NA,"EIB696","Davis","EIB77_773_Parks Canada_Results","348",NA,100,"89/89","138/138","187/187","253/253","103/103","141/147","103/93","129/129","189/191","232/252","87/89","158/158","115/115","172/172","227/229","143/143","158/160","102/90","127/140","190/194","252/252","167/177","146/146","154/154","83/83","132/132","175/183","142/142","262/262","150/150","125/125","155/155","91/91","150/150","180/196","112/112","172/172","89/95","159/161","87/89","116/118","167/167","228/238","130/130","104/92","101/95","181/191","205/211","166/168","149/153"
2094,"2021","AISH","Wood Bison",NA,"41468-YT","2017",2017,2017,"","Yukon Bison Population Viability Analysis Sample List",NA,"EIB697","Davis","EIB77_773_Parks Canada_Results","349",NA,100,"89/91","134/136","181/187","253/253","103/103","135/141","103/97","129/129","191/195","232/238","87/89","147/162","108/108","172/178","227/227","143/143","158/158","90/90","142/142","194/194","252/252","173/177","152/154","144/154","77/77","124/132","183/183","138/142","262/262","150/150","125/129","155/159","91/91","150/150","180/196","112/112","176/176","85/89","161/161","89/89","116/118","161/167","238/238","128/132","102/104","101/99","181/191","205/211","144/168","149/151"
2095,"2021","AISH","Wood Bison",NA,"41471-YT","2017",2017,2017,"","Yukon Bison Population Viability Analysis Sample List",NA,"EIB698","Davis","EIB77_773_Parks Canada_Results","350",NA,100,"91/91","134/136","187/187","253/253","103/103","141/145","103/103","129/149","189/191","238/254","87/89","158/162","115/115","172/174","225/227","143/143","156/158","90/90","142/146","194/194","252/252","167/167","146/152","154/160","77/77","124/132","175/175","142/142","260/260","150/150","125/129","151/159","91/92","148/150","180/180","110/112","170/172","85/89","161/161","89/89","118/118","167/167","224/238","130/132","104/98","101/95","181/181","205/211","142/166","149/153"
2096,"2021","AISH","Wood Bison",NA,"41479-YT","2017",2017,2017,"","Yukon Bison Population Viability Analysis Sample List",NA,"EIB699","Davis","EIB77_773_Parks Canada_Results","351",NA,100,"89/89","136/138","187/187","253/253","103/103","135/141","103/93","129/129","191/191","232/252","87/87","158/162","115/115","172/174","229/229","143/143","158/160","90/90","142/142","188/194","252/252","173/173","146/154","154/154","77/83","124/132","175/183","142/142","260/262","140/146","129/129","155/159","91/91","150/150","180/184","110/112","172/176","89/89","161/173","89/89","108/116","167/167","236/238","130/132","102/102","101/101","181/181","205/211","144/168","151/151"
2097,"2021","AISH","Wood Bison",NA,"41480-YT","2017",2017,2017,"","Yukon Bison Population Viability Analysis Sample List",NA,"EIB700","Davis","EIB77_773_Parks Canada_Results","352",NA,100,"89/91","134/140","179/179","253/253","103/103","141/141","85/93","129/149","191/195","238/238","87/87","158/158","115/115","174/174","227/229","143/143","156/158","102/90","140/142","190/190","252/252","167/173","152/152","160/160","77/83","124/124","165/183","142/142","262/262","150/150","125/129","155/159","92/94","150/150","180/180","110/112","170/172","89/95","161/161","81/91","116/116","167/167","228/238","114/128","98/98","101/99","181/181","211/215","166/166","145/149"
2098,"2021","AISH","Wood Bison",NA,"41483-YT","2017",2017,2017,"","Yukon Bison Population Viability Analysis Sample List",NA,"EIB701","Davis","EIB77_773_Parks Canada_Results","353",NA,100,"89/91","134/138","179/181","241/269","103/103","135/141","97/97","129/129","191/191","232/238","87/89","158/158","108/113","172/176","227/229","143/143","156/156","102/88","142/142","194/194","252/252","173/173","146/146","154/160","81/81","124/132","183/183","138/142","256/262","150/150","125/129","155/155","92/92","150/150","180/196","106/110","170/172","83/85","173/173","89/89","108/116","167/167","224/238","128/130","102/98","103/95","191/191","201/211","166/168","145/151"
2099,"2021","AISH","Wood Bison",NA,"41515-YT","2017",2017,2017,"","Yukon Bison Population Viability Analysis Sample List",NA,"EIB702","Davis","EIB77_773_Parks Canada_Results","354",NA,100,"91/91","134/138","181/187","269/269","103/103","141/145","85/89","141/141","189/191","238/252","87/87","158/162","113/115","174/174","229/229","143/143","158/158","90/90","140/140","188/194","252/252","177/177","150/152","154/160","81/83","124/132","175/175","138/142","262/262","146/148","129/129","155/155","91/91","150/150","180/196","112/112","170/172","85/89","165/169","81/89","116/118","167/167","228/228","114/130","102/102","103/95","181/181","205/205","144/168","147/149"
2100,"2021","AISH","Wood Bison",NA,"41517-YT","2017",2017,2017,"","Yukon Bison Population Viability Analysis Sample List",NA,"EIB703","Davis","EIB77_773_Parks Canada_Results","355",NA,100,"89/89","134/136","181/181","253/253","103/103","141/145","91/93","129/129","189/191","238/238","87/89","158/158","108/115","172/176","227/229","143/143","158/158","88/90","127/140","190/190","252/252","167/175","146/152","154/156","81/83","124/132","175/175","142/142","262/262","140/146","125/125","155/157","95/95","150/150","180/196","112/112","172/176","89/95","161/161","89/89","116/118","167/167","228/238","130/130","102/102","101/101","181/181","205/205","142/166","151/153"
2101,"2021","AISH","Wood Bison",NA,"41522-YT","2017",2017,2017,"","Yukon Bison Population Viability Analysis Sample List",NA,"EIB704","Davis","EIB77_773_Parks Canada_Results","356",NA,100,"89/89","136/138","179/187","249/271","103/103","141/141","103/97","129/129","189/191","238/238","87/87","158/158","113/115","172/176","227/229","143/143","156/158","90/90","142/142","190/190","252/252","167/167","152/152","144/154","77/83","132/132","183/183","142/142","262/262","140/150","125/129","155/157","91/92","146/150","180/184","106/112","170/172","89/89","161/173","85/87","116/116","167/167","224/238","130/132","102/98","103/95","177/181","205/211","144/168","151/153"
2102,"2021","AISH","Wood Bison",NA,"41524-YT","2017",2017,2017,"","Yukon Bison Population Viability Analysis Sample List",NA,"EIB705","Davis","EIB77_773_Parks Canada_Results","357",NA,98,"89/91","134/134","181/181","249/253","103/103","141/141","85/97","129/129","191/191","238/252","87/87","147/158","113/113","174/176","227/231","143/143","156/158","90/90","127/142","194/194","252/252","173/177","152/154","154/156","77/83",NA,"183/183","138/142","262/262","150/150","125/125","155/155","91/91","150/150","180/180","110/110","166/170","89/89","161/165","89/89","116/118","167/167","228/238","128/130","104/104","101/103","181/181","201/207","144/158","149/153"
2103,"2021","AISH","Wood Bison",NA,"41526-YT","2017",2017,2017,"","Yukon Bison Population Viability Analysis Sample List",NA,"EIB706","Davis","EIB77_773_Parks Canada_Results","358",NA,100,"89/91","136/138","179/187","253/253","103/103","135/145","93/97","129/129","189/195","238/238","87/89","158/160","115/115","172/174","229/229","143/143","156/160","102/102","140/148","188/188","252/252","177/177","146/154","154/154","83/83","132/132","183/183","142/142","262/262","150/150","125/129","157/159","91/92","146/150","180/180","110/112","172/176","89/89","161/161","89/89","118/118","167/167","228/238","128/130","102/98","101/95","181/181","205/207","144/144","145/153"
2104,"2021","AISH","Wood Bison",NA,"41527-YT","2017",2017,2017,"","Yukon Bison Population Viability Analysis Sample List",NA,"EIB707","Davis","EIB77_773_Parks Canada_Results","359",NA,100,"89/91","136/138","181/187","253/253","103/103","141/145","93/97","129/129","191/195","238/238","87/89","158/162","108/115","172/178","225/229","143/143","158/158","102/90","127/142","194/194","252/252","173/173","146/146","152/154","77/83","132/132","183/183","142/142","260/260","150/150","125/129","159/159","91/92","150/150","180/180","110/112","172/172","83/89","167/169","81/89","116/118","167/167","224/238","128/128","102/104","101/101","181/191","201/215","142/142","149/153"
2105,"2021","AISH","Wood Bison",NA,"41538-YT","2017",2017,2017,"","Yukon Bison Population Viability Analysis Sample List",NA,"EIB708","Davis","EIB77_773_Parks Canada_Results","360",NA,100,"91/91","138/138","187/187","253/253","103/103","145/145","103/103","129/129","189/191","232/232","87/89","160/162","108/113","172/174","227/227","143/143","158/160","90/90","127/146","194/194","252/252","167/167","152/152","160/160","77/81","124/124","175/183","142/142","260/260","150/150","125/125","155/159","91/91","150/150","180/180","112/112","170/170","85/89","161/173","87/89","116/116","167/167","228/238","130/132","104/98","103/95","181/191","201/211","166/166","149/153"
2106,"2021","AISH","Wood Bison",NA,"41546-YT","2017",2017,2017,"","Yukon Bison Population Viability Analysis Sample List",NA,"EIB710","Davis","EIB77_773_Parks Canada_Results","361",NA,100,"89/89","136/136","181/187","253/253","103/103","135/145","103/97","129/143","189/191","238/238","87/89","162/170","108/115","172/174","229/229","143/143","156/158","102/90","127/142","190/194","252/252","167/177","152/166","144/154","77/77","124/132","175/183","142/142","260/262","146/150","125/129","155/155","91/91","150/150","180/196","110/110","166/172","89/95","161/161","89/89","116/118","161/167","228/228","130/130","102/104","101/95","181/191","205/205","158/168","149/151"
2107,"2021","AISH","Wood Bison",NA,"41605-YT","2017",2017,2017,"","Yukon Bison Population Viability Analysis Sample List",NA,"EIB711","Davis","EIB77_773_Parks Canada_Results","362",NA,100,"89/89","138/138","179/181","241/253","103/103","135/145","103/93","129/141","191/195","232/238","87/87","158/162","115/115","172/176","225/229","143/143","160/160","90/90","127/142","194/194","252/252","167/177","146/152","154/154","77/83","124/132","165/183","142/142","262/262","150/150","125/125","155/159","91/91","150/150","180/180","106/110","170/172","83/89","161/165","89/89","116/116","167/167","228/238","130/130","102/104","101/95","181/181","205/205","166/168","149/151"
2108,"2021","AISH","Wood Bison",NA,"42941-YT","2017",2017,2017,"","Yukon Bison Population Viability Analysis Sample List",NA,"EIB712","Davis","EIB77_773_Parks Canada_Results","363",NA,100,"89/89","134/138","181/187","253/269","103/103","141/141","103/97","129/149","189/189","232/238","87/89","147/158","113/115","172/174","227/229","143/145","156/158","90/90","142/142","188/190","252/252","167/175","152/152","144/160","83/83","124/132","183/183","142/142","262/262","146/150","125/129","155/157","91/91","150/150","180/180","106/110","166/172","89/95","165/167","87/91","116/118","167/167","238/238","128/130","104/98","103/95","177/181","205/211","144/168","147/149"
2109,"2021","AISH","Wood Bison",NA,"43484-YT","2016",2016,2016,"","Yukon Bison Population Viability Analysis Sample List",NA,"EIB713","Davis","EIB77_773_Parks Canada_Results","364",NA,100,"89/91","136/136","179/181","253/253","103/103","141/141","103/93","129/149","191/191","232/238","87/87","158/160","108/115","172/176","227/227","143/143","156/158","102/102","140/140","188/194","250/252","177/177","146/152","154/154","81/81","124/124","165/183","142/148","260/262","150/150","125/129","155/155","91/91","146/150","180/184","112/112","172/172","85/89","159/161","81/87","116/118","167/167","228/238","128/132","102/102","101/101","181/191","205/205","144/158","145/149"
2110,"2021","AISH","Wood Bison",NA,"43493-YT","2016",2016,2016,"","Yukon Bison Population Viability Analysis Sample List",NA,"EIB714","Davis","EIB77_773_Parks Canada_Results","365",NA,100,"89/89","136/138","187/187","253/269","103/103","135/145","103/97","129/141","195/195","232/238","87/87","147/158","113/115","172/172","225/227","143/143","158/160","102/90","127/127","194/194","252/252","167/177","146/152","154/160","77/83","132/132","165/183","142/142","262/262","150/150","125/125","155/157","91/91","146/150","180/180","106/110","166/172","83/89","165/173","89/89","116/116","167/167","228/228","128/130","102/104","101/95","181/181","205/207","166/168","149/149"
2111,"2021","AISH","Wood Bison",NA,"43889-YT","2016",2016,2016,"","Yukon Bison Population Viability Analysis Sample List",NA,"EIB715","Davis","EIB77_773_Parks Canada_Results","366",NA,100,"89/91","134/136","181/181","253/269","103/103","141/141","103/103","129/129","191/191","238/238","87/89","158/162","113/115","172/176","227/229","143/143","158/158","90/90","127/146","190/194","252/252","167/173","146/152","154/160","77/83","124/132","175/175","142/142","260/262","150/150","129/129","155/155","95/95","150/150","184/196","110/112","170/172","89/89","161/165","89/89","116/118","161/167","238/238","130/130","104/98","103/95","181/181","205/205","158/166","153/153"
2112,"2021","AISH","Wood Bison",NA,"43894-YT","2016",2016,2016,"","Yukon Bison Population Viability Analysis Sample List",NA,"EIB716","Davis","EIB77_773_Parks Canada_Results","367",NA,100,"89/91","136/138","179/181","253/253","103/103","135/141","103/97","129/149","191/191","238/238","87/89","158/162","108/108","174/174","227/229","143/143","158/158","90/90","142/142","190/194","252/252","177/177","146/152","144/154","77/83","126/132","175/183","142/150","262/262","150/150","125/125","155/155","91/91","150/150","180/196","106/90","166/172","85/85","161/161","87/91","116/118","167/167","224/238","130/132","102/92","101/95","181/181","205/215","158/166","147/151"
2229,"2021","EINPW","Wood Bison",NA,"85014","1986",1986,1986,"","all samples",NA,"EIB171","Davis","EIB77_773_Parks Canada_Results","488",NA,100,"89/91","138/138","179/187","253/253","103/103","135/141","89/91","129/129","191/191","232/232","89/89","147/162","113/115","174/174","229/233","143/143","156/158","90/90","142/142","190/190","244/244","177/177","146/154","144/154","77/81","126/132","165/175","138/138","262/262","150/150","123/129","157/157","92/92","150/150","180/180","106/110","172/172","89/89","173/173","85/89","116/116","167/167","228/228","130/130","96/96","101/103","181/181","205/205","166/166","145/149"
2230,"2021","EINPW","Wood Bison",NA,"85026","1986",1986,1986,"","all samples",NA,"EIB172","Davis","EIB77_773_Parks Canada_Results","489",NA,100,"91/91","136/140","187/187","253/269","103/103","141/145","103/103","129/129","195/195","238/238","87/89","162/162","113/113","174/178","225/229","143/143","158/158","90/90","142/142","194/194","252/252","167/177","152/152","154/160","83/83","124/124","175/183","138/142","260/262","146/150","129/129","153/155","91/95","150/150","180/180","112/112","166/176","89/89","161/165","89/89","116/116","167/167","228/238","114/130","102/98","101/103","181/191","205/215","168/168","151/153"
2235,"2021","EINPW","Wood Bison",NA,"L27599","1990",1990,1990,"","all samples",NA,"EIB173","Davis","EIB77_773_Parks Canada_Results","490",NA,100,"89/89","136/138","179/181","253/253","103/103","135/141","103/93","129/129","189/191","238/252","87/91","158/162","108/115","174/176","227/229","143/143","154/158","102/90","142/148","188/190","250/252","167/177","146/146","154/158","77/81","124/132","165/183","148/148","260/262","148/150","125/129","155/155","91/91","146/150","180/184","106/112","166/170","89/89","161/165","87/89","116/118","167/167","236/238","130/132","102/92","95/95","181/181","201/207","158/166","149/153"
2236,"2021","EINPW","Wood Bison",NA,"R87001","1990",1990,1990,"","all samples",NA,"EIB174","Davis","EIB77_773_Parks Canada_Results","491",NA,100,"89/89","134/138","179/179","269/269","103/103","141/141","103/97","129/129","189/191","232/232","87/89","160/161","108/115","174/182","229/229","143/143","156/156","90/90","142/148","194/194","244/252","167/177","146/154","154/154","77/83","122/132","165/175","142/148","260/262","148/150","123/129","151/155","91/95","150/150","180/180","110/112","172/172","85/89","161/173","85/89","116/118","167/167","228/228","128/134","102/104","101/103","181/181","205/205","168/168","145/153"
2237,"2021","EINPW","Wood Bison",NA,"R87029","1990",1990,1990,"","all samples",NA,"EIB175","Davis","EIB77_773_Parks Canada_Results","492",NA,100,"89/93","134/134","181/187","253/253","103/103","141/141","97/97","129/129","189/191","238/238","87/91","158/162","113/113","174/174","227/229","143/143","158/158","90/90","140/142","190/190","252/252","175/175","150/152","144/154","83/83","124/132","183/183","142/142","262/262","140/150","129/129","155/159","91/92","150/150","196/198","106/112","166/166","89/89","161/161","89/89","116/118","167/167","228/228","128/130","102/102","103/103","177/181","205/211","142/144","145/149"
2238,"2021","EINPW","Wood Bison",NA,"W79001","1990",1990,1990,"","all samples",NA,"EIB176","Davis","EIB77_773_Parks Canada_Results","493",NA,100,"89/89","134/138","187/187","253/253","103/103","141/141","103/97","129/129","189/191","238/252","87/91","160/160","115/115","172/174","227/229","143/143","158/160","90/90","142/148","190/194","252/252","173/175","152/152","144/160","77/83","132/132","175/183","142/142","262/262","150/150","125/129","155/155","91/92","150/150","180/184","112/112","170/172","89/95","161/161","87/89","116/118","167/167","228/238","128/132","102/102","103/95","181/191","205/207","142/166","145/145"
2239,"2021","EINPW","Wood Bison",NA,"W83035",NA,NA,1983,"",NA,NA,"EIB177","Davis","EIB77_773_Parks Canada_Results","494",NA,100,"89/91","136/136","187/187","253/253","103/104","141/141","103/97","129/141","191/191","232/238","87/87","158/162","115/115","174/174","229/229","143/143","158/158","102/90","127/148","188/194","252/252","167/173","152/154","154/154","77/81","132/132","165/183","142/148","262/262","148/150","129/129","155/155","92/95","148/150","196/196","112/112","170/176","89/95","165/173","89/89","116/116","167/167","228/238","130/130","102/102","101/95","181/181","205/205","142/166","151/153"
2240,"2021","EINPW","Wood Bison",NA,"W84001","1990",1990,1990,"","all samples",NA,"EIB178","Davis","EIB77_773_Parks Canada_Results","495",NA,100,"89/91","136/138","179/187","253/271","103/103","141/145","103/91","129/149","191/191","238/238","87/87","158/160","108/113","174/174","225/233","143/143","156/156","102/90","138/142","194/194","252/252","167/167","146/152","144/154","83/83","132/132","175/179","142/148","256/262","150/150","125/129","155/157","91/91","150/150","184/196","110/112","166/172","85/89","161/161","87/89","118/118","167/167","236/238","130/132","98/98","101/95","181/181","205/205","144/166","151/151"
2241,"2021","EINPW","Wood Bison",NA,"W84003",NA,NA,1984,"",NA,NA,"EIB179","Davis","EIB77_773_Parks Canada_Results","496",NA,100,"89/91","136/138","187/187","253/253","103/103","141/147","101/103","129/131","195/195","252/252","87/87","158/162","115/115","172/174","227/231","143/143","154/160","102/90","127/142","188/194","250/252","173/173","146/146","154/154","81/83","124/132","165/175","138/142","262/262","150/150","129/129","155/155","91/95","150/150","180/180","106/112","166/172","89/95","165/169","89/89","116/116","167/167","228/236","130/130","104/92","95/95","191/191","201/207","158/168","153/153"
2242,"2021","EINPW","Wood Bison",NA,"WR86013",NA,NA,1986,"",NA,NA,"EIB180","Davis","EIB77_773_Parks Canada_Results","497",NA,100,"89/89","134/136","179/181","241/253","103/103","135/145","93/93","129/129","189/191","232/238","87/89","147/162","108/115","174/176","225/229","143/143","158/160","90/90","127/142","188/194","252/252","167/173","152/152","144/154","77/77","124/132","165/175","142/148","262/262","146/150","125/125","155/155","91/95","150/150","180/180","106/112","172/172","89/89","169/173","87/89","114/118","167/167","228/238","114/130","102/98","101/103","181/191","201/205","144/158","151/153"
2243,"2021","EINPW","Wood Bison",NA,"WR86015",NA,NA,1986,"",NA,NA,"EIB181","Davis","EIB77_773_Parks Canada_Results","498",NA,100,"89/91","136/136","181/187","249/269","103/103","141/145","93/97","129/149","189/191","232/252","87/87","158/160","115/115","174/176","227/227","143/143","156/158","90/90","127/140","190/190","252/252","167/173","152/152","154/160","83/83","124/132","175/175","142/148","262/262","146/150","123/125","157/157","91/91","146/148","180/180","112/112","166/172","89/89","161/161","89/91","116/118","167/167","228/236","128/130","104/92","103/95","181/181","205/205","142/142","151/153"
2244,"2021","EINPW","Wood Bison",NA,"WR86017",NA,NA,1986,"",NA,NA,"EIB182","Davis","EIB77_773_Parks Canada_Results","499",NA,100,"89/89","136/136","179/187","253/269","103/103","145/147","103/93","129/129","191/191","238/238","87/89","158/158","108/108","172/174","227/229","143/143","158/158","90/90","127/142","190/194","250/252","167/173","152/154","152/154","81/85","124/132","175/183","142/142","260/262","150/150","125/129","155/159","91/94","150/150","180/180","112/112","172/174","85/89","161/165","81/89","116/118","167/167","228/228","114/130","102/102","101/101","181/181","201/211","142/144","145/151"
2245,"2021","EINPW","Wood Bison",NA,"WR86024",NA,NA,1986,"",NA,NA,"EIB183","Davis","EIB77_773_Parks Canada_Results","500",NA,100,"91/91","136/136","179/181","241/249","103/103","135/141","93/93","129/143","191/191","232/238","89/89","158/161","113/115","174/178","229/231","143/143","156/158","102/90","142/142","194/194","252/252","167/173","152/152","154/154","83/83","124/124","179/183","138/142","262/262","150/150","129/129","153/155","91/94","148/150","180/180","112/112","166/166","89/89","173/173","89/89","116/116","167/167","228/228","132/132","102/92","101/101","181/181","205/211","166/168","145/151"
2246,"2021","EINPW","Wood Bison",NA,"WR86028",NA,NA,1986,"",NA,NA,"EIB184","Davis","EIB77_773_Parks Canada_Results","501",NA,100,"89/91","136/136","179/181","253/253","103/103","135/141","89/97","129/129","189/191","232/238","87/89","147/158","115/115","174/180","229/233","143/143","158/158","90/90","142/142","190/194","252/252","167/177","146/152","154/160","81/83","124/132","175/183","138/142","260/262","140/150","123/129","155/157","91/94","146/150","180/184","110/110","166/172","85/89","161/173","85/89","116/118","167/167","228/236","130/130","102/104","103/95","181/191","205/207","166/168","145/151"
2247,"2021","EINPW","Wood Bison",NA,"WR87005",NA,NA,1987,"",NA,NA,"EIB185","Davis","EIB77_773_Parks Canada_Results","502",NA,100,"89/89","136/136","181/187","253/253","103/103","145/145","97/97","129/149","189/191","232/252","87/87","147/158","115/115","172/174","229/229","143/143","158/158","90/90","127/146","190/194","250/252","173/177","152/166","156/160","81/83","132/132","183/183","142/142","256/260","150/150","125/129","155/159","91/92","148/150","194/196","106/110","170/172","89/89","161/173","89/89","116/118","167/167","228/238","128/130","104/98","95/95","181/191","205/205","144/144","145/153"
2248,"2021","EINPW","Wood Bison",NA,"WR87006",NA,NA,1987,"",NA,NA,"EIB186","Davis","EIB77_773_Parks Canada_Results","503",NA,100,"89/91","136/136","179/187","253/253","103/103","135/141","91/93","129/141","189/191","232/238","89/91","147/160","113/115","174/174","229/229","143/143","158/158","90/90","140/142","190/190","252/252","177/177","146/152","154/154","83/83","126/132","175/183","138/138","262/262","150/150","123/129","155/157","92/92","150/150","180/180","110/112","170/172","85/89","165/169","85/87","116/116","167/167","228/228","130/132","104/96","101/103","177/181","201/207","142/166","151/153"
2249,"2021","EINPW","Wood Bison",NA,"WR87009",NA,NA,1987,"",NA,NA,"EIB187","Davis","EIB77_773_Parks Canada_Results","504",NA,100,"89/91","136/136","179/187","269/269","103/104","141/145","103/89","129/149","191/191","232/252","87/87","147/158","115/115","174/174","229/233","143/143","158/160","102/90","127/142","188/194","252/252","167/173","146/152","154/160","83/85","124/132","179/183","148/148","260/262","146/146","125/129","153/155","92/95","146/150","184/184","110/112","166/170","85/89","161/165","81/87","118/118","161/167","224/228","122/130","104/96","101/101","181/181","205/207","144/166","145/153"
2250,"2021","EINPW","Wood Bison",NA,"WR87010",NA,NA,1987,"",NA,NA,"EIB188","Davis","EIB77_773_Parks Canada_Results","505",NA,100,"89/91","136/136","179/187","249/253","103/103","141/147","93/93","129/141","189/191","232/232","87/89","158/158","113/115","174/174","229/229","143/143","158/158","102/90","142/142","190/190","252/252","173/177","152/152","144/154","77/83","132/132","175/183","138/142","260/262","146/150","123/129","155/155","91/91","150/150","184/196","112/112","172/176","89/95","161/165","89/89","116/116","167/167","228/228","130/132","104/98","103/95","181/181","207/211","142/168","153/153"
2251,"2021","EINPW","Wood Bison",NA,"WR87012",NA,NA,1987,"",NA,NA,"EIB189","Davis","EIB77_773_Parks Canada_Results","506",NA,100,"89/91","136/138","179/187","253/253","103/103","135/141","103/93","129/143","191/195","232/254","87/89","160/160","113/115","174/174","229/229","143/143","158/158","88/90","142/142","188/194","252/252","173/177","146/152","154/154","83/83","132/132","175/183","142/142","260/262","150/150","123/129","153/155","92/95","150/150","180/184","110/110","170/172","89/89","161/161","87/89","118/118","167/167","224/228","130/132","102/102","101/103","181/181","205/205","166/168","145/145"
2252,"2021","EINPW","Wood Bison",NA,"WR87013",NA,NA,1987,"",NA,NA,"EIB190","Davis","EIB77_773_Parks Canada_Results","507",NA,100,"91/91","136/136","187/187","253/253","103/103","141/141","103/93","129/143","189/195","232/252","87/89","158/160","113/115","172/174","229/229","143/143","158/158","90/90","142/146","190/194","250/252","177/177","146/152","154/156","81/83","124/132","183/183","138/142","262/262","150/150","125/129","155/155","91/95","150/150","180/184","112/112","172/172","89/95","165/165","85/87","116/118","161/167","224/228","132/132","102/98","95/95","177/191","205/205","166/168","153/153"
2253,"2021","EINPW","Wood Bison",NA,"WR87017",NA,NA,1987,"",NA,NA,"EIB191","Davis","EIB77_773_Parks Canada_Results","508",NA,100,"89/89","136/136","179/187","253/253","103/104","141/141","93/97","129/129","191/191","238/252","87/87","158/162","108/115","172/174","229/229","143/143","154/158","102/90","127/142","194/194","252/252","173/173","152/166","154/154","77/81","122/132","165/165","142/148","262/262","146/148","125/129","155/155","92/92","146/150","184/196","106/112","176/178","89/95","161/165","89/89","118/118","167/167","238/238","122/130","102/102","95/95","181/181","205/205","166/166","151/153"
2254,"2021","EINPW","Wood Bison",NA,"WR87018",NA,NA,1987,"",NA,NA,"EIB192","Davis","EIB77_773_Parks Canada_Results","509",NA,100,"91/93","136/140","181/181","253/253","103/103","141/141","103/85","129/129","189/195","232/252","89/91","158/162","113/115","172/174","229/229","143/145","160/160","90/90","140/146","188/194","250/252","167/173","152/152","154/154","81/83","132/132","165/183","138/142","262/262","150/150","129/129","155/155","91/91","146/150","180/184","110/112","172/174","89/89","161/161","87/89","116/116","161/167","228/238","114/130","102/102","101/95","177/181","211/215","158/166","151/153"
2255,"2021","EINPW","Wood Bison",NA,"WR87019",NA,NA,1987,"",NA,NA,"EIB193","Davis","EIB77_773_Parks Canada_Results","510",NA,100,"89/91","136/138","179/187","253/253","103/103","145/145","89/93","129/141","191/193","232/238","87/87","158/158","113/113","174/176","229/231","143/143","158/158","102/90","140/142","190/194","244/250","167/177","146/166","152/154","77/83","132/132","175/183","142/142","260/262","146/150","123/125","155/157","91/92","150/150","180/180","110/112","170/172","89/89","165/173","87/91","116/116","167/167","228/238","128/130","98/98","101/95","181/181","211/215","144/166","151/153"
2256,"2021","EINPW","Wood Bison",NA,"WR87020",NA,NA,1987,"",NA,NA,"EIB194","Davis","EIB77_773_Parks Canada_Results","511",NA,100,"89/91","134/134","179/179","253/253","103/103","135/145","93/97","129/129","189/189","238/238","87/87","158/158","113/113","172/172","225/229","143/143","158/158","90/90","127/142","188/194","252/252","167/173","146/164","154/156","77/83","124/132","175/175","142/142","260/262","150/150","129/129","155/155","91/91","150/150","196/196","106/110","170/172","89/89","165/169","85/89","116/116","167/167","228/228","130/130","102/104","101/95","181/181","201/211","142/158","151/153"
2257,"2021","EINPW","Wood Bison",NA,"WR87023",NA,NA,1987,"",NA,NA,"EIB195","Davis","EIB77_773_Parks Canada_Results","512",NA,100,"89/93","136/136","181/181","253/271","103/103","141/141","103/97","129/149","191/191","252/252","87/87","158/160","108/115","172/180","231/231","143/143","158/158","90/90","127/148","190/194","250/252","167/177","152/152","152/154","81/83","132/132","175/183","142/142","256/260","140/150","125/125","155/155","91/92","150/150","180/194","106/110","166/172","89/89","161/161","89/89","118/118","167/167","228/236","128/132","102/98","101/95","181/191","205/211","142/144","145/149"
2258,"2021","EINPW","Wood Bison",NA,"WR87035",NA,NA,1987,"",NA,NA,"EIB196","Davis","EIB77_773_Parks Canada_Results","513",NA,100,"89/91","136/138","187/187","241/253","103/103","141/141","103/93","129/143","191/195","232/252","87/87","158/162","115/115","174/176","229/229","143/143","156/160","90/90","140/142","190/190","252/252","177/177","146/146","156/156","83/83","124/132","175/179","142/142","260/262","150/150","125/125","155/155","91/91","150/150","184/184","106/106","172/172","85/95","161/173","89/89","116/116","167/167","224/238","114/132","104/98","101/101","181/181","205/211","166/168","149/151"
2259,"2021","EINPW","Wood Bison",NA,"WR87037",NA,NA,1987,"",NA,NA,"EIB197","Davis","EIB77_773_Parks Canada_Results","514",NA,100,"89/91","136/138","179/187","253/269","103/103","141/145","103/97","129/129","191/191","232/238","87/89","158/160","113/115","174/174","227/229","143/143","156/158","90/90","142/148","194/194","252/254","167/177","152/154","160/160","77/83","124/132","165/175","138/142","262/262","150/150","129/129","155/155","91/91","150/150","180/180","110/112","172/172","85/89","161/165","85/89","116/116","167/167","228/228","130/130","98/98","101/101","181/181","205/215","166/168","145/153"
2260,"2021","EINPW","Wood Bison",NA,"WR87039",NA,NA,1987,"",NA,NA,"EIB198","Davis","EIB77_773_Parks Canada_Results","515",NA,100,"89/89","136/136","179/181","253/253","103/103","141/141","93/93","129/129","191/191","238/238","87/89","158/158","108/108","172/174","225/229","143/143","158/158","90/90","146/148","190/194","250/252","167/177","146/150","152/156","77/77","132/132","165/175","142/148","262/262","140/150","125/125","155/159","91/91","150/150","180/194","106/112","172/172","89/89","159/165","85/89","114/116","167/167","228/238","130/132","102/102","101/95","181/181","205/205","142/168","145/153"
2261,"2021","EINPW","Wood Bison",NA,"WR87040",NA,NA,1987,"",NA,NA,"EIB199","Davis","EIB77_773_Parks Canada_Results","516",NA,100,"89/93","138/138","179/187","249/253","103/103","135/135","103/93","129/149","191/191","232/252","87/87","158/158","113/115","172/172","227/227","143/143","154/158","102/90","140/142","188/194","250/252","173/173","152/152","154/154","83/83","124/132","179/183","142/142","260/262","148/150","123/125","155/155","91/91","148/150","180/180","110/112","172/172","89/89","161/169","89/89","116/118","167/167","228/236","130/132","102/92","101/95","181/191","207/211","142/168","145/153"
2262,"2021","EINPW","Wood Bison",NA,"WR88006",NA,NA,1988,"",NA,NA,"EIB201","Davis","EIB77_773_Parks Canada_Results","517",NA,100,"89/91","134/134","187/187","253/269","103/103","141/141","97/97","129/141","189/191","238/252","87/91","160/160","115/115","172/174","229/229","143/143","158/158","90/90","142/148","190/190","252/252","175/177","152/152","154/160","77/77","132/132","183/183","142/142","262/262","140/150","129/129","155/155","92/92","150/150","180/194","110/112","172/176","89/89","161/161","87/87","116/116","167/167","238/238","128/128","102/102","103/95","177/181","205/205","142/142","145/153"
2263,"2021","EINPW","Wood Bison",NA,"WR88012",NA,NA,1988,"",NA,NA,"EIB202","Davis","EIB77_773_Parks Canada_Results","518",NA,100,"91/91","136/138","179/181","241/253","103/103","135/135","91/93","129/129","191/191","232/232","89/89","147/161","113/113","174/178","229/233","143/143","156/158","102/90","140/142","194/194","252/252","173/173","152/154","154/154","81/83","124/126","175/179","138/138","262/262","150/150","129/129","153/155","94/94","148/150","180/180","110/112","166/172","85/89","173/173","89/89","116/116","167/167","228/228","130/132","92/96","101/95","181/181","207/211","144/166","145/145"
2264,"2021","EINPW","Wood Bison",NA,"WR88023",NA,NA,1988,"",NA,NA,"EIB203","Davis","EIB77_773_Parks Canada_Results","519",NA,100,"89/91","134/136","179/187","253/269","103/103","141/141","89/93","129/129","189/191","232/238","87/89","147/158","108/115","172/174","225/233","143/143","158/158","90/90","142/146","194/194","244/254","173/177","154/154","144/144","77/81","132/132","165/183","138/142","262/262","150/150","123/129","155/155","91/92","150/150","184/196","110/112","172/172","85/89","161/169","85/89","114/116","165/167","228/238","128/130","102/96","101/101","181/181","207/211","166/168","151/153"
2265,"2021","EINPW","Wood Bison",NA,"WR89003",NA,NA,1989,"",NA,NA,"EIB205","Davis","EIB77_773_Parks Canada_Results","520",NA,100,"89/89","134/136","181/187","253/253","103/103","141/141","103/93","129/149","191/191","238/238","87/87","158/170","113/113","174/176","229/231","143/143","156/158","102/90","146/146","190/194","252/252","167/175","146/152","154/160","77/81","124/132","183/183","142/142","260/260","150/150","125/129","157/159","91/92","150/150","180/196","106/112","166/170","85/89","161/161","89/89","116/118","167/167","228/228","128/130","102/92","95/95","181/181","205/207","144/166","149/149"
2266,"2021","EINPW","Wood Bison",NA,"WR89012",NA,NA,1989,"",NA,NA,"EIB206","Davis","EIB77_773_Parks Canada_Results","521",NA,100,"89/93","134/136","181/191","253/253","103/103","141/141","93/93","129/149","189/191","232/238","87/87","158/158","108/115","172/178","231/231","143/143","158/158","90/90","142/142","194/194","252/252","167/173","146/152","154/160","81/83","124/132","183/183","142/142","260/262","150/150","125/125","153/155","92/95","150/150","180/196","106/110","166/172","85/89","169/173","89/89","116/118","167/167","228/228","130/132","102/104","101/103","181/191","205/207","166/168","149/151"
2267,"2021","EINPW","Wood Bison",NA,"WR89017",NA,NA,1989,"",NA,NA,"EIB207","Davis","EIB77_773_Parks Canada_Results","522",NA,100,"89/91","138/138","179/181","253/253","103/103","135/141","93/93","129/129","189/191","238/238","87/89","158/158","113/113","172/174","227/227","143/143","158/160","102/90","127/142","188/190","252/252","167/173","146/152","154/154","81/83","124/132","183/183","142/142","262/262","150/150","129/129","155/157","91/91","148/150","180/196","110/110","166/170","89/89","169/173","87/89","118/118","167/167","224/236","130/132","104/92","101/95","181/181","205/211","142/166","151/153"
2268,"2021","EINPW","Wood Bison",NA,"WR89026",NA,NA,1989,"",NA,NA,"EIB208","Davis","EIB77_773_Parks Canada_Results","523",NA,100,"89/89","136/138","187/187","249/253","103/103","141/147","103/103","129/129","191/191","232/238","87/89","160/161","108/113","172/172","229/229","143/143","156/158","102/90","142/146","190/194","252/252","177/177","152/152","154/154","77/83","124/132","183/183","142/142","262/262","150/150","125/129","155/155","91/92","150/150","180/180","108/112","170/172","89/89","161/167","89/89","116/116","167/167","228/228","130/132","98/98","103/95","177/191","205/215","166/168","149/153"
2269,"2021","EINPW","Wood Bison",NA,"WR89030",NA,NA,1989,"",NA,NA,"EIB209","Davis","EIB77_773_Parks Canada_Results","524",NA,100,"89/89","136/136","187/187","249/253","103/103","135/141","93/93","129/129","191/191","232/238","87/87","147/160","115/115","172/174","227/229","143/143","156/158","102/90","142/142","188/190","252/252","173/177","146/152","144/154","77/83","132/132","175/183","138/142","260/262","146/150","129/129","157/159","91/91","150/150","184/196","112/112","172/172","89/89","161/169","89/89","116/118","161/167","228/236","114/132","102/102","101/95","181/181","207/211","168/170","153/153"
2270,"2021","EINPW","Wood Bison",NA,"WR89031",NA,NA,1989,"",NA,NA,"EIB210","Davis","EIB77_773_Parks Canada_Results","525",NA,100,"89/91","134/140","187/187","253/253","103/103","141/141","103/97","129/141","191/191","238/238","87/91","158/160","113/115","174/174","229/229","143/143","156/158","90/90","127/140","190/194","252/252","177/177","152/152","154/160","77/83","126/132","183/183","138/142","262/262","146/150","129/129","155/155","92/94","150/150","180/198","110/112","176/176","89/89","161/161","89/89","116/116","167/167","228/228","114/130","102/98","103/95","181/191","205/211","142/168","145/151"
2271,"2021","EINPW","Wood Bison",NA,"WR89036",NA,NA,1989,"",NA,NA,"EIB211","Davis","EIB77_773_Parks Canada_Results","526",NA,100,"89/89","136/136","179/179","241/269","103/103","141/147","93/93","129/143","189/191","232/238","87/87","147/161","113/113","174/176","229/231","143/143","156/158","102/90","142/142","194/194","246/252","167/177","152/166","154/160","81/81","124/124","175/183","142/142","262/262","146/148","125/129","155/155","91/91","150/150","184/184","112/112","166/172","85/89","161/161","89/89","118/118","167/167","228/238","130/132","92/98","101/99","181/191","207/215","158/168","151/153"
2274,"2021","ETH","Wood Bison",NA,"2009-2234","2009",2009,2009,"","Bison Samples_to_GregWilson_16Nov2020_BC",NA,"EIB585","Davis","EIB77_773_Parks Canada_Results","530",NA,100,"89/91","134/138","187/187","253/253","103/103","141/141","103/93","129/129","191/195","238/252","87/87","158/158","115/115","174/174","227/229","143/143","156/160","102/90","127/148","194/194","252/252","173/175","146/146","154/154","83/83","124/132","175/175","138/142","260/262","150/150","125/129","155/155","91/91","150/150","180/180","110/112","166/172","83/95","161/165","89/89","116/116","167/167","228/228","128/130","92/98","95/95","181/191","205/207","158/166","153/153"
2275,"2021","ETH","Wood Bison",NA,"2009-2235","2009",2009,2009,"","Bison Samples_to_GregWilson_16Nov2020_BC",NA,"EIB586","Davis","EIB77_773_Parks Canada_Results","531",NA,100,"89/91","134/136","179/187","253/253","103/103","141/141","93/97","129/143","189/191","232/238","87/91","147/158","108/113","172/174","225/229","143/143","154/158","90/90","140/140","188/190","252/252","167/167","152/166","144/160","81/83","124/132","165/183","138/148","260/262","146/150","125/125","155/155","92/94","150/150","180/184","110/112","166/170","89/89","161/161","81/85","116/116","167/167","224/238","128/128","102/96","103/99","181/181","207/211","142/166","151/151"
2276,"2021","ETH","Wood Bison",NA,"2009-2236","2009",2009,2009,"","Bison Samples_to_GregWilson_16Nov2020_BC",NA,"EIB587","Davis","EIB77_773_Parks Canada_Results","532",NA,100,"89/91","136/136","179/179","241/269","103/103","135/135","103/89","129/143","189/189","232/232","87/87","147/158","113/115","174/174","227/229","143/143","158/158","90/90","127/140","188/190","252/252","173/177","152/152","144/154","77/83","124/124","183/183","142/142","260/262","146/150","125/129","155/155","91/92","150/150","180/184","110/112","166/172","85/89","161/169","85/89","116/116","167/167","228/238","130/130","102/92","101/103","177/181","207/211","142/158","151/151"
2277,"2021","ETH","Wood Bison",NA,"2009-2237","2009",2009,2009,"","Bison Samples_to_GregWilson_16Nov2020_BC",NA,"EIB588","Davis","EIB77_773_Parks Canada_Results","533",NA,100,"89/93","134/136","181/187","241/253","103/103","135/141","93/97","141/143","189/191","232/238","87/89","160/160","113/113","174/174","227/227","143/143","158/158","90/90","140/148","188/190","246/252","173/177","152/152","154/160","83/83","124/132","175/183","142/148","260/262","148/150","129/129","155/155","91/91","150/150","180/198","106/112","172/176","85/89","161/173","89/89","116/118","167/167","228/238","130/132","102/102","95/99","177/181","207/215","142/166","145/151"
2278,"2021","ETH","Wood Bison",NA,"2009-2238",NA,NA,2009,"",NA,NA,"EIB589","Davis","EIB77_773_Parks Canada_Results","534",NA,100,"89/93","136/138","179/187","241/269","103/103","135/141","103/103","141/143","189/195","232/254","87/87","147/158","113/113","172/174","227/227","143/143","158/160","90/90","140/142","190/194","246/252","167/177","152/154","154/160","83/83","124/124","175/183","142/148","260/262","146/150","125/125","155/155","91/92","150/150","184/196","110/112","170/176","85/89","161/161","89/89","116/118","167/167","228/228","130/132","102/92","101/99","181/191","205/205","142/166","145/151"
2279,"2021","ETH","Wood Bison",NA,"BIBI021110A","2010",2010,2010,"","Bison Samples_to_GregWilson_16Nov2020_BC",NA,"EIB571","Davis","EIB77_773_Parks Canada_Results","527",NA,100,"89/91","134/138","187/187","253/253","103/103","141/141","93/97","129/149","191/191","238/252","87/87","158/158","115/115","174/174","227/227","143/143","160/160","102/88","142/148","188/194","252/252","173/175","146/152","154/160","81/83","124/132","175/179","138/142","260/262","150/150","125/125","155/159","91/91","150/150","180/180","112/112","166/176","89/95","161/161","87/89","116/116","167/167","228/228","128/132","102/92","101/95","181/191","205/205","158/168","149/153"
2286,"2021","HZ","Wood Bison",NA,"Hay Zama","2012",2012,2012,"","all samples",NA,"EIB563","Davis","EIB77_773_Parks Canada_Results","541",NA,98,"89/89","136/138","187/187","253/253","103/103","141/141","103/97","129/129","191/191","232/238","87/91","158/161","113/115","172/174","227/229","143/143","156/158","102/90","140/142","190/194","252/252","167/173","146/154","154/160","83/83","124/132","183/183","142/142","260/260","140/150","125/129","155/155","91/92","150/150","180/180","106/112","172/176","89/89","161/173","89/89",NA,"167/167","228/236","128/130","102/102","101/95","181/181","205/205","144/166","145/153"
2287,"2021","MBS","Wood Bison",NA,"M09-01","2009",2009,2009,"","Bison Samples_worksheet_Mackenzie_DNA",NA,"EIB389","Davis","EIB77_773_Parks Canada_Results","570",NA,100,"89/91","134/134","179/179","241/253","103/103","135/141","103/103","129/141","189/191","232/232","87/89","158/161","113/113","172/176","229/231","143/143","156/158","90/90","140/146","190/194","252/254","173/177","152/152","154/154","77/83","124/124","175/181","142/148","256/262","146/150","125/125","155/159","91/92","146/146","184/184","106/110","172/172","81/89","173/173","91/91","116/116","167/167","224/238","130/134","102/96","103/103","181/191","205/211","162/166","149/151"
2288,"2021","MBS","Wood Bison",NA,"M09-02","2009",2009,2009,"","Bison Samples_worksheet_Mackenzie_DNA",NA,"EIB390","Davis","EIB77_773_Parks Canada_Results","571",NA,100,"89/89","134/138","179/181","253/269","103/105","141/145","103/103","129/143","189/191","232/252","87/87","161/162","108/113","172/174","231/231","143/143","158/158","90/90","127/140","190/190","246/250","167/177","146/152","154/156","81/85","124/124","165/175","142/148","260/260","140/150","125/125","155/159","91/95","150/150","180/184","106/108","170/176","89/89","161/173","87/91","116/118","167/167","228/238","114/130","102/104","95/99","191/191","205/211","142/158","145/145"
2289,"2021","MBS","Wood Bison",NA,"M09-03","2009",2009,2009,"","Bison Samples_worksheet_Mackenzie_DNA",NA,"EIB391","Davis","EIB77_773_Parks Canada_Results","572",NA,100,"91/93","136/136","179/181","241/253","103/103","135/135","103/103","129/143","189/195","232/238","87/87","161/162","108/115","172/172","231/231","143/143","156/156","90/90","127/148","194/200","252/252","173/175","146/152","144/154","83/83","124/132","165/183","148/148","262/262","140/150","123/129","155/155","92/94","150/150","180/196","110/110","170/176","81/89","173/173","81/85","116/116","167/167","238/238","134/134","102/92","101/103","181/181","205/205","142/158","145/145"
2290,"2021","MBS","Wood Bison",NA,"M09-04","2009",2009,2009,"","Bison Samples_worksheet_Mackenzie_DNA",NA,"EIB392","Davis","EIB77_773_Parks Canada_Results","573",NA,100,"89/89","134/136","181/187","253/269","103/103","145/145","103/97","129/129","195/195","238/238","87/87","162/162","108/115","172/182","227/229","143/143","158/158","90/90","140/148","194/194","252/252","167/175","152/152","154/154","83/83","122/124","165/175","142/142","256/262","146/150","125/129","155/155","91/92","146/150","180/180","106/110","170/176","81/81","165/173","81/89","116/116","167/167","236/238","130/132","104/92","101/101","177/181","211/211","142/162","145/145"
2291,"2021","MBS","Wood Bison",NA,"M09-05","2009",2009,2009,"","Bison Samples_worksheet_Mackenzie_DNA",NA,"EIB393","Davis","EIB77_773_Parks Canada_Results","574",NA,100,"89/89","136/136","179/187","253/253","103/105","145/145","103/89","143/143","189/195","232/238","89/89","162/162","113/115","174/174","229/229","143/143","158/158","90/90","127/127","190/194","246/252","165/173","152/166","154/154","83/85","122/124","175/183","142/142","260/262","140/150","123/129","157/159","91/94","146/150","180/180","106/110","174/176","89/89","165/173","87/89","116/116","167/167","238/238","130/130","96/98","101/103","181/191","205/211","142/168","151/153"
2292,"2021","MBS","Wood Bison",NA,"M09-06","2009",2009,2009,"","Bison Samples_worksheet_Mackenzie_DNA",NA,"EIB394","Davis","EIB77_773_Parks Canada_Results","575",NA,100,"91/91","134/142","181/187","241/253","103/103","141/141","103/85","129/143","195/195","238/252","87/87","147/162","115/115","172/174","231/231","143/143","156/160","102/90","140/140","190/194","246/252","175/177","146/146","154/160","83/85","124/124","183/183","142/150","262/262","146/146","125/129","155/155","91/92","150/150","184/192","106/110","166/176","81/89","165/173","91/91","108/118","167/167","228/238","114/114","102/102","101/95","181/191","211/215","142/142","151/153"
2293,"2021","MBS","Wood Bison",NA,"M09-08","2009",2009,2009,"","Bison Samples_worksheet_Mackenzie_DNA",NA,"EIB396","Davis","EIB77_773_Parks Canada_Results","576",NA,100,"91/91","134/136","179/179","253/269","103/103","135/135","103/83","129/143","195/195","238/252","87/87","161/161","115/115","172/174","231/231","143/143","156/156","90/90","127/140","188/200","252/252","177/177","164/166","144/154","81/83","124/124","175/183","142/148","262/262","146/148","125/125","157/159","91/91","150/150","180/184","106/112","170/170","85/89","165/165","87/89","116/116","167/167","228/240","130/130","102/104","101/95","181/191","211/215","142/158","153/153"
2294,"2021","MBS","Wood Bison",NA,"M09-09","2009",2009,2009,"","Bison Samples_worksheet_Mackenzie_DNA",NA,"EIB397","Davis","EIB77_773_Parks Canada_Results","577",NA,100,"89/93","134/136","181/185","241/269","103/105","145/145","93/93","129/129","189/195","238/238","87/87","143/147","115/115","172/178","231/231","143/143","158/158","102/90","127/127","194/200","246/252","167/175","152/162","144/154","77/83","124/124","165/175","142/142","262/262","140/146","127/129","155/155","92/94","150/154","180/196","106/112","170/176","83/89","165/165","85/85","116/116","167/167","236/238","130/130","92/92","103/95","181/191","205/215","158/168","151/151"
2295,"2021","MBS","Wood Bison",NA,"M09-10","2009",2009,2009,"","Bison Samples_worksheet_Mackenzie_DNA",NA,"EIB398","Davis","EIB77_773_Parks Canada_Results","578",NA,100,"89/93","136/142","179/187","253/253","103/103","141/145","93/97","143/143","191/191","232/238","87/87","158/160","108/115","174/178","227/229","143/143","156/158","102/90","127/127","188/194","252/252","167/177","152/152","154/154","83/83","122/124","165/183","142/148","262/262","148/150","123/129","155/155","91/91","146/150","184/192","106/112","170/176","81/89","161/173","81/89","116/116","167/167","228/240","130/132","102/102","101/95","181/181","205/205","142/158","151/153"
2296,"2021","MBS","Wood Bison",NA,"M09-11","2009",2009,2009,"","Bison Samples_worksheet_Mackenzie_DNA",NA,"EIB399","Davis","EIB77_773_Parks Canada_Results","579",NA,100,"91/91","136/136","181/181","241/253","103/103","135/145","103/97","129/143","191/195","238/238","87/87","158/158","113/113","172/178","231/231","143/143","158/158","102/90","140/140","190/194","246/252","165/175","146/158","156/156","81/83","124/132","165/165","142/142","260/262","146/150","125/129","155/155","91/92","146/146","184/196","106/112","170/170","81/89","173/173","81/85","116/118","167/167","228/236","114/130","102/98","101/103","181/191","211/211","142/168","151/153"
2297,"2021","MBS","Wood Bison",NA,"M09-12","2009",2009,2009,"","Bison Samples_worksheet_Mackenzie_DNA",NA,"EIB400","Davis","EIB77_773_Parks Canada_Results","580",NA,100,"89/91","134/138","175/179","241/253","103/103","141/145","103/93","129/143","195/195","232/252","87/87","158/162","115/115","172/178","229/229","143/143","156/158","90/90","127/146","194/194","252/252","167/167","146/152","144/156","83/83","124/124","175/175","142/148","260/260","146/150","125/127","155/157","91/94","150/150","192/196","110/112","170/170","85/89","161/165","81/91","116/116","167/167","224/228","130/130","104/92","101/99","181/191","205/211","142/142","151/153"
2298,"2021","MBS","Wood Bison",NA,"M09-13","2009",2009,2009,"","Bison Samples_worksheet_Mackenzie_DNA",NA,"EIB401","Davis","EIB77_773_Parks Canada_Results","581",NA,100,"91/91","134/136","179/187","253/269","103/105","135/141","103/91","129/143","189/195","238/250","87/87","158/162","108/115","176/178","229/231","143/143","156/160","90/90","127/140","194/194","246/246","175/175","146/152","154/156","81/81","122/124","175/175","142/150","260/262","140/150","123/127","155/159","91/91","146/150","180/180","106/110","170/170","89/89","165/173","89/91","116/116","167/167","224/238","130/132","102/102","101/101","181/181","211/215","158/166","145/153"
2299,"2021","MBS","Wood Bison",NA,"M09-14","2009",2009,2009,"","Bison Samples_worksheet_Mackenzie_DNA",NA,"EIB402","Davis","EIB77_773_Parks Canada_Results","582",NA,100,"91/91","136/136","185/187","253/269","103/103","135/135","83/93","129/129","191/191","232/238","87/87","161/162","113/115","172/172","229/231","143/143","158/160","102/90","140/140","194/194","246/252","165/167","152/166","154/156","83/83","124/132","175/183","148/148","260/262","140/150","127/129","155/159","91/94","146/150","180/196","106/112","176/176","89/89","161/173","81/89","116/116","167/167","224/238","130/132","102/104","103/95","191/191","205/207","142/162","145/151"
2300,"2021","MBS","Wood Bison",NA,"M09-15","2009",2009,2009,"","Bison Samples_worksheet_Mackenzie_DNA",NA,"EIB403","Davis","EIB77_773_Parks Canada_Results","583",NA,100,"91/91","138/138","179/181","241/269","103/103","141/147","103/103","129/143","191/195","238/238","87/89","147/162","113/113","172/178","227/231","143/143","156/160","102/90","127/127","190/194","246/252","177/177","158/166","154/154","83/83","124/124","165/165","142/150","260/260","140/150","125/129","155/159","91/94","146/154","180/184","106/106","170/176","85/89","161/173","81/87","116/116","167/167","224/238","130/130","102/104","101/101","181/191","205/205","162/168","145/145"
2301,"2021","MBS","Wood Bison",NA,"M09-16","2009",2009,2009,"","Bison Samples_worksheet_Mackenzie_DNA",NA,"EIB404","Davis","EIB77_773_Parks Canada_Results","584",NA,100,"89/91","136/136","179/181","241/253","103/104","135/145","103/103","129/143","191/191","238/238","87/89","158/161","113/115","172/178","229/229","143/143","156/158","90/90","127/138","190/194","246/252","167/173","146/152","154/154","81/83","122/132","165/175","142/148","260/262","148/150","123/125","157/157","91/91","148/150","180/184","110/112","170/176","81/89","161/165","85/91","108/118","167/167","224/228","130/132","102/102","101/95","181/181","205/211","142/142","145/153"
2302,"2021","MBS","Wood Bison",NA,"Mackenzie Bison Sanctuary 11",NA,NA,1999,"",NA,NA,"EIB249","Davis","EIB77_773_Parks Canada_Results","547",NA,100,"91/91","134/136","181/181","253/253","103/103","145/145","103/91","129/143","195/195","238/238","87/87","147/162","113/115","178/178","229/231","143/143","154/156","90/90","127/140","190/194","252/252","175/175","152/152","154/154","83/83","124/124","165/183","142/142","260/262","146/150","127/129","157/159","91/94","148/150","180/196","112/112","170/172","85/89","161/173","81/89","116/116","167/167","236/238","114/130","102/92","101/95","181/181","205/205","142/162","145/145"
2303,"2021","MBS","Wood Bison",NA,"Mackenzie Bison Sanctuary 12",NA,NA,1999,"",NA,NA,"EIB250","Davis","EIB77_773_Parks Canada_Results","548",NA,100,"89/91","136/136","175/179","241/269","103/105","141/145","103/97","143/143","189/191","238/252","87/89","147/147","115/115","172/174","227/231","143/143","156/160","90/90","127/140","190/194","246/246","167/175","150/152","154/154","81/83","122/124","165/181","142/150","262/262","140/146","129/129","155/157","91/91","150/150","184/192","110/110","172/174","83/95","161/173","81/89","116/116","167/167","228/238","130/132","104/98","101/99","181/191","211/211","142/168","145/153"
2304,"2021","MBS","Wood Bison",NA,"Mackenzie Bison Sanctuary 13",NA,NA,1999,"",NA,NA,"EIB251","Davis","EIB77_773_Parks Canada_Results","549",NA,100,"89/91","136/138","179/187","241/253","103/103","135/145","103/93","129/129","191/195","238/238","87/87","147/161","108/113","172/178","225/231","143/145","158/160","102/90","127/140","190/200","246/252","173/175","150/152","154/160","81/83","122/132","175/175","142/142","260/262","148/150","125/129","157/157","91/91","148/150","180/184","110/112","166/172","81/89","173/173","81/89","116/118","167/167","228/228","114/130","102/104","101/99","191/191","205/211","158/168","145/145"
2305,"2021","MBS","Wood Bison",NA,"Mackenzie Bison Sanctuary 14",NA,NA,1999,"",NA,NA,"EIB252","Davis","EIB77_773_Parks Canada_Results","550",NA,100,"89/89","134/136","187/187","253/253","103/103","141/141","103/91","129/143","189/191","238/238","87/87","158/162","115/115","174/182","229/231","143/143","158/160","102/90","140/140","190/194","246/254","165/173","146/158","154/160","81/83","132/132","183/183","142/148","260/262","146/148","125/129","155/157","91/94","150/150","184/192","106/106","170/174","89/95","161/173","81/91","116/116","167/167","224/236","130/130","102/104","101/103","181/191","205/211","142/158","151/151"
2306,"2021","MBS","Wood Bison",NA,"Mackenzie Bison Sanctuary 15",NA,NA,1999,"",NA,NA,"EIB253","Davis","EIB77_773_Parks Canada_Results","551",NA,100,"89/91","134/136","181/187","253/253","103/103","135/141","103/93","129/129","191/195","238/252","87/87","158/161","115/115","174/176","225/229","143/143","154/160","90/90","127/140","190/194","252/252","165/173","146/152","144/144","81/83","124/132","165/175","142/142","260/262","146/150","125/127","155/159","91/94","146/146","184/192","110/112","170/172","85/89","161/161","85/85","116/118","161/167","228/238","114/130","92/92","103/95","181/191","205/215","162/168","151/153"
2307,"2021","MBS","Wood Bison",NA,"Mackenzie Bison Sanctuary 16",NA,NA,1999,"",NA,NA,"EIB254","Davis","EIB77_773_Parks Canada_Results","552",NA,100,"89/91","136/142","181/181","253/253","103/105","145/145","85/93","129/129","189/191","252/252","87/89","147/160","115/115","172/172","233/233","143/143","158/158","90/90","140/146","194/194","246/252","173/175","152/152","154/154","83/85","122/124","175/183","142/148","262/262","146/150","129/129","155/159","91/91","150/154","180/180","106/110","166/172","81/89","161/165","85/91","108/118","167/167","238/238","118/134","102/102","101/101","181/191","205/207","142/162","145/151"
2308,"2021","MBS","Wood Bison",NA,"Mackenzie Bison Sanctuary 17",NA,NA,1999,"",NA,NA,"EIB255","Davis","EIB77_773_Parks Canada_Results","553",NA,100,"93/93","136/142","175/185","241/241","103/105","135/137","103/91","129/149","189/189","238/238","87/87","160/165","108/113","174/174","223/231","143/143","156/156","100/90","127/140","194/194","246/246","159/175","146/162","144/154","83/85","124/124","179/179","148/148","260/262","140/152","131/131","151/155","91/95","146/148","184/196","106/110","170/174","83/95","165/165","87/89","114/118","167/167","228/228","130/134","92/98","95/99","179/191","205/205","168/168","143/149"
2309,"2021","MBS","Wood Bison",NA,"Mackenzie Bison Sanctuary 18",NA,NA,1999,"",NA,NA,"EIB256","Davis","EIB77_773_Parks Canada_Results","554",NA,100,"89/91","134/136","181/181","253/269","103/103","141/141","103/103","129/143","195/195","232/238","87/89","147/160","113/113","172/178","227/229","143/145","158/158","90/90","140/140","188/194","246/252","165/175","146/146","154/154","81/83","122/124","165/183","142/148","260/262","146/150","127/129","157/157","91/94","150/150","180/184","110/112","172/174","89/89","161/161","85/89","116/116","167/167","228/228","114/114","104/98","101/103","181/181","205/207","162/162","145/151"
2310,"2021","MBS","Wood Bison",NA,"Mackenzie Bison Sanctuary 19",NA,NA,1999,"",NA,NA,"EIB257","Davis","EIB77_773_Parks Canada_Results","555",NA,100,"89/91","134/134","179/179","253/269","103/105","145/145","103/83","129/129","191/191","238/254","87/89","147/158","113/115","172/172","229/231","143/143","158/158","90/90","127/138","188/190","252/252","167/173","152/152","154/160","81/81","124/124","175/175","142/142","262/262","146/148","125/127","157/157","91/94","146/150","184/184","110/110","170/176","89/89","161/165","85/91","108/116","167/167","228/238","128/130","92/96","101/95","181/191","211/215","166/168","151/151"
2311,"2021","MBS","Wood Bison",NA,"Mackenzie Bison Sanctuary 20",NA,NA,1999,"",NA,NA,"EIB258","Davis","EIB77_773_Parks Canada_Results","556",NA,100,"89/91","136/136","179/181","253/253","103/103","135/141","103/85","143/143","189/191","238/252","87/87","158/162","113/115","178/178","227/231","143/143","156/156","90/90","127/148","190/190","252/252","173/175","146/152","154/154","81/81","124/132","175/183","142/150","260/262","150/150","125/129","155/159","91/91","146/150","180/184","106/110","170/170","81/89","161/161","81/91","116/116","167/167","236/238","114/114","102/98","103/99","181/191","205/207","162/162","151/151"
2312,"2021","MBS","Wood Bison",NA,"Mackenzie Bison Sanctuary 21",NA,NA,1999,"",NA,NA,"EIB259","Davis","EIB77_773_Parks Canada_Results","557",NA,100,"89/91","136/142","179/181","253/269","103/103","141/141","103/93","143/143","191/191","238/238","87/87","161/162","108/115","172/178","227/229","143/143","156/160","90/90","140/146","194/194","246/252","173/175","146/152","156/156","83/85","124/124","175/183","142/142","262/262","140/150","123/127","155/157","91/91","148/150","180/184","106/112","170/172","89/95","173/173","85/91","116/116","167/167","228/238","130/132","102/92","101/95","181/181","205/205","142/162","145/145"
2313,"2021","MBS","Wood Bison",NA,"Mackenzie Bison Sanctuary 35","1990",1990,1990,"","all samples",NA,"EIB260","Davis","EIB77_773_Parks Canada_Results","558",NA,100,"89/89","134/134","179/187","253/269","103/103","141/145","89/93","129/143","191/195","232/252","87/89","158/162","113/115","174/176","227/231","143/143","156/158","102/90","127/148","190/194","252/252","173/177","152/164","144/154","81/83","124/132","165/165","142/148","260/262","150/150","125/127","155/157","91/94","146/150","184/192","106/112","170/176","89/89","161/165","91/91","118/118","167/167","228/238","130/130","102/102","103/95","181/191","205/215","158/164","145/149"
2314,"2021","MBS","Wood Bison",NA,"Mackenzie Bison Sanctuary 36","1990",1990,1990,"","all samples",NA,"EIB261","Davis","EIB77_773_Parks Canada_Results","559",NA,100,"91/91","136/136","179/181","241/253","103/103","141/145","103/103","129/141","191/195","232/238","87/89","160/161","113/115","174/182","227/229","143/143","156/156","90/90","127/127","194/200","246/252","165/173","146/164","144/154","83/83","124/124","175/183","142/148","260/262","150/150","129/129","155/157","91/94","150/150","192/192","112/112","170/172","83/85","161/165","85/91","116/118","167/167","228/228","128/130","102/92","101/95","181/191","205/205","142/166","151/151"
2315,"2021","MBS","Wood Bison",NA,"Mackenzie Bison Sanctuary 37","1990",1990,1990,"","all samples",NA,"EIB262","Davis","EIB77_773_Parks Canada_Results","560",NA,100,"91/93","134/136","179/181","241/253","103/103","141/145","103/93","129/141","191/191","238/252","87/87","158/161","113/115","172/176","229/231","143/143","156/160","102/90","127/127","194/194","252/252","165/175","152/152","144/154","83/83","124/124","165/183","142/150","260/262","146/150","129/129","155/157","92/92","146/154","180/180","112/90","170/170","83/95","165/173","81/87","116/116","167/167","228/236","130/130","102/92","101/103","181/191","211/215","158/168","145/151"
2316,"2021","MBS","Wood Bison",NA,"Mackenzie Bison Sanctuary 39","1990",1990,1990,"","all samples",NA,"EIB263","Davis","EIB77_773_Parks Canada_Results","561",NA,100,"91/91","136/138","181/187","253/253","103/103","135/141","103/103","129/129","191/191","238/238","87/87","158/160","113/115","174/174","229/231","143/143","154/158","88/90","127/127","194/194","252/254","175/177","146/152","154/154","83/83","122/124","165/183","142/150","260/262","150/150","125/129","159/159","91/94","146/150","180/184","106/110","170/176","85/89","161/173","85/89","116/118","167/167","236/238","128/132","104/104","101/103","181/191","211/211","142/158","145/149"
2317,"2021","MBS","Wood Bison",NA,"Mackenzie Bison Sanctuary 4",NA,NA,1999,"",NA,NA,"EIB244","Davis","EIB77_773_Parks Canada_Results","542",NA,100,"89/91","136/138","179/181","253/253","103/103","141/141","103/89","129/143","191/191","238/238","87/87","147/161","113/113","172/182","229/231","143/143","158/158","90/90","127/140","190/194","252/252","165/167","146/152","154/154","83/83","122/124","165/183","148/148","260/262","146/150","125/129","155/157","92/94","146/150","180/180","106/106","170/174","85/95","173/173","89/91","116/116","167/167","228/236","130/134","104/98","101/103","181/181","201/205","158/162","145/145"
2318,"2021","MBS","Wood Bison",NA,"Mackenzie Bison Sanctuary 40","1990",1990,1990,"","all samples",NA,"EIB264","Davis","EIB77_773_Parks Canada_Results","562",NA,100,"91/91","136/136","179/185","253/269","103/103","141/145","103/93","129/129","189/195","238/252","89/89","158/161","108/113","172/174","229/231","143/143","158/158","102/90","127/127","190/194","252/252","165/177","150/152","154/156","81/83","124/124","165/183","142/148","262/262","140/150","125/129","155/157","91/94","150/150","184/192","106/112","170/174","81/81","161/161","85/85","116/116","167/167","228/236","132/134","102/104","101/103","181/191","215/215","142/166","145/145"
2319,"2021","MBS","Wood Bison",NA,"Mackenzie Bison Sanctuary 41","1990",1990,1990,"","all samples",NA,"EIB265","Davis","EIB77_773_Parks Canada_Results","563",NA,100,"91/91","134/136","179/181","241/253","103/103","135/141","103/93","129/143","195/195","238/238","87/87","161/162","108/108","174/178","227/231","143/143","158/158","90/90","127/140","190/194","252/254","173/175","146/158","144/154","81/83","122/124","175/175","142/142","260/262","140/140","123/127","157/159","91/91","148/150","180/184","106/108","170/170","89/89","165/173","89/89","116/116","167/167","224/238","130/132","92/98","95/95","181/191","205/211","162/168","145/145"
2320,"2021","MBS","Wood Bison",NA,"Mackenzie Bison Sanctuary 42","1990",1990,1990,"","all samples",NA,"EIB266","Davis","EIB77_773_Parks Canada_Results","564",NA,100,"89/91","136/142","179/187","241/253","103/105","135/141","103/103","129/141","191/191","238/254","87/89","160/162","113/115","172/178","231/231","143/143","156/158","102/90","138/140","190/194","246/252","167/173","146/146","144/154","83/83","124/124","165/183","142/148","256/262","146/150","129/129","155/155","91/91","146/150","180/180","110/110","170/176","89/95","165/173","85/91","118/118","167/167","236/238","134/134","102/102","103/103","181/191","205/211","164/168","145/151"
2321,"2021","MBS","Wood Bison",NA,"Mackenzie Bison Sanctuary 44","1990",1990,1990,"","all samples",NA,"EIB267","Davis","EIB77_773_Parks Canada_Results","565",NA,100,"89/91","134/136","179/187","253/253","103/105","145/145","103/93","129/129","195/195","238/254","87/89","160/160","113/113","172/176","229/233","143/143","156/158","90/90","127/140","194/194","246/246","165/167","146/152","154/154","83/85","124/132","165/175","142/142","260/262","146/150","125/129","159/159","91/91","150/150","180/192","110/110","170/176","89/89","161/173","85/89","116/116","161/167","228/228","130/130","92/98","103/95","181/181","205/205","158/166","145/151"
2322,"2021","MBS","Wood Bison",NA,"Mackenzie Bison Sanctuary 45","1990",1990,1990,"","all samples",NA,"EIB268","Davis","EIB77_773_Parks Canada_Results","566",NA,100,"91/93","136/140","179/179","253/253","103/105","135/145","103/103","129/143","191/195","238/238","87/87","143/162","113/115","172/172","225/231","143/143","158/158","102/90","127/150","188/194","252/252","165/175","166/166","144/154","81/83","132/132","175/183","142/142","260/262","140/140","129/129","157/159","91/94","146/150","184/192","106/110","170/170","89/89","161/165","85/89","116/116","167/167","228/228","114/130","102/96","101/101","181/181","207/211","142/142","151/153"
2323,"2021","MBS","Wood Bison",NA,"Mackenzie Bison Sanctuary 46","1990",1990,1990,"","all samples",NA,"EIB269","Davis","EIB77_773_Parks Canada_Results","567",NA,100,"91/91","136/136","181/187","241/253","103/103","135/141","93/97","143/145","189/195","252/254","87/87","147/162","108/115","176/178","231/231","143/143","156/158","90/90","138/140","190/194","246/252","173/175","146/146","144/154","81/83","124/124","175/183","142/142","260/260","140/150","127/129","155/155","91/92","146/146","180/180","108/112","170/176","81/89","161/161","85/89","116/118","167/167","224/238","132/134","102/102","103/99","181/191","205/211","158/158","145/151"
2324,"2021","MBS","Wood Bison",NA,"Mackenzie Bison Sanctuary 47","1990",1990,1990,"","all samples",NA,"EIB270","Davis","EIB77_773_Parks Canada_Results","568",NA,100,"89/91","134/136","181/181","253/253","103/103","141/147","103/103","129/143","189/195","238/252","87/89","147/162","108/108","172/174","229/231","143/143","158/158","90/90","140/140","194/194","252/252","165/177","152/152","144/154","81/83","124/124","165/183","142/142","262/262","146/146","127/129","155/157","91/92","146/154","180/196","106/112","170/170","89/95","161/165","85/91","116/118","167/167","228/238","114/134","104/92","101/101","181/191","205/205","142/168","145/149"
2325,"2021","MBS","Wood Bison",NA,"Mackenzie Bison Sanctuary 48","1990",1990,1990,"","all samples",NA,"EIB271","Davis","EIB77_773_Parks Canada_Results","569",NA,100,"91/91","134/136","179/181","241/269","103/103","135/145","103/97","129/129","189/191","238/238","87/87","158/161","113/113","172/172","227/231","143/143","154/158","90/90","140/140","190/194","246/252","165/175","146/166","154/156","83/83","124/124","175/183","142/142","262/262","150/150","123/125","157/159","91/94","148/150","180/180","110/112","170/170","89/89","165/173","87/89","118/118","167/167","224/228","130/132","102/104","101/95","181/191","201/205","142/158","145/151"
2326,"2021","MBS","Wood Bison",NA,"Mackenzie Bison Sanctuary 5",NA,NA,1999,"",NA,NA,"EIB245","Davis","EIB77_773_Parks Canada_Results","543",NA,100,"89/89","136/136","179/179","253/253","103/103","147/147","103/93","129/143","191/191","232/232","87/87","160/161","113/113","174/174","227/229","143/143","158/158","90/90","146/146","188/194","252/252","175/175","146/152","154/154","83/85","122/122","183/183","142/148","256/262","150/150","129/129","155/157","91/91","150/150","196/196","106/106","170/176","85/85","161/161","81/89","116/116","161/167","238/240","130/134","104/104","101/103","181/191","205/205","164/164","151/153"
2327,"2021","MBS","Wood Bison",NA,"Mackenzie Bison Sanctuary 7",NA,NA,1999,"",NA,NA,"EIB246","Davis","EIB77_773_Parks Canada_Results","544",NA,100,"89/89","134/142","187/187","241/269","103/103","141/141","85/85","143/143","191/195","232/252","87/89","158/160","115/115","174/182","229/231","143/143","160/160","90/90","127/140","194/194","246/252","167/175","152/158","154/156","81/83","122/124","181/183","142/142","260/262","140/148","123/129","155/155","91/91","146/150","180/184","110/110","170/172","89/89","161/173","91/91","116/116","167/167","228/238","130/134","102/102","103/95","177/181","207/215","158/158","145/151"
2328,"2021","MBS","Wood Bison",NA,"Mackenzie Bison Sanctuary 8",NA,NA,1999,"",NA,NA,"EIB247","Davis","EIB77_773_Parks Canada_Results","545",NA,100,"89/89","134/138","179/181","253/269","103/103","145/147","93/97","141/143","189/191","238/238","87/89","158/161","113/115","172/182","229/231","143/145","156/158","88/90","127/140","194/194","252/252","167/177","146/166","154/154","83/83","132/132","175/183","142/148","260/262","146/146","125/129","155/155","91/91","146/150","180/196","106/110","170/174","83/95","165/173","89/91","116/118","167/167","236/238","130/130","104/98","101/103","181/191","207/211","142/164","151/153"
2329,"2021","MBS","Wood Bison",NA,"Mackenzie Bison Sanctuary 9",NA,NA,1999,"",NA,NA,"EIB248","Davis","EIB77_773_Parks Canada_Results","546",NA,100,"89/91","136/136","179/179","253/269","103/103","141/145","103/103","129/129","191/191","232/238","87/87","158/158","113/115","174/176","229/231","143/145","156/158","90/90","127/140","194/194","252/252","167/167","152/166","144/154","81/83","124/132","165/175","142/150","256/260","140/148","125/129","155/159","91/91","150/154","180/190","106/112","172/176","89/95","161/161","85/89","116/118","167/167","238/238","130/132","102/98","103/95","181/191","211/215","142/158","145/151"
2330,"2021","MBS","Wood Bison",NA,"Tag3476","2010",2010,2010,"","Bison Samples_worksheet_Mackenzie_DNA",NA,"EIB408","Davis","EIB77_773_Parks Canada_Results","588",NA,100,"89/91","136/136","179/181","241/253","103/105","135/141","103/97","129/143","195/195","232/238","87/87","161/162","108/115","172/182","225/229","143/145","154/158","90/90","138/140","190/190","254/254","175/175","152/152","154/154","83/83","124/124","165/183","142/150","260/262","150/150","129/129","155/157","91/94","150/150","180/184","110/112","172/176","89/89","173/173","91/91","116/118","167/167","228/228","130/134","102/104","103/95","181/191","205/211","142/142","151/153"
2331,"2021","MBS","Wood Bison",NA,"Tag3477","2009",2009,2009,"","Bison Samples_worksheet_Mackenzie_DNA",NA,"EIB409","Davis","EIB77_773_Parks Canada_Results","589",NA,100,"91/91","136/138","179/179","253/269","103/103","135/141","103/93","129/129","189/191","238/254","87/87","147/162","108/108","172/174","227/229","143/145","158/158","90/90","127/140","188/194","252/252","165/175","152/164","144/154","81/83","132/132","183/183","142/148","260/262","140/150","123/129","155/155","91/94","148/154","180/184","106/110","170/170","81/95","173/173","87/89","116/116","167/167","224/228","130/130","104/104","103/103","181/181","205/211","142/158","145/151"
2332,"2021","MBS","Wood Bison",NA,"Tag3478","2009",2009,2009,"","Bison Samples_worksheet_Mackenzie_DNA",NA,"EIB410","Davis","EIB77_773_Parks Canada_Results","590",NA,98,"91/91","138/142","179/179","253/269","105/105","141/145","103/93","143/143","191/195","238/238","87/87","161/161","113/115","178/178","229/229","143/143","156/158","90/90","127/140","190/194","252/252","167/173","146/146","154/154","81/85","124/132","165/183","138/142","260/262","150/150","123/123","155/159","91/91","146/150","180/184","106/110","170/170","89/89","165/173","89/91",NA,"167/167","224/228","128/132","104/98","101/103","181/191","205/211","142/142","149/151"
2333,"2021","MBS","Wood Bison",NA,"Tag3479","2009",2009,2009,"","Bison Samples_worksheet_Mackenzie_DNA",NA,"EIB411","Davis","EIB77_773_Parks Canada_Results","591",NA,100,"89/91","136/136","181/181","253/253","103/103","141/145","103/103","129/129","195/195","238/238","87/89","162/162","113/115","172/174","227/229","143/143","158/160","102/90","140/150","194/200","246/252","167/173","158/166","154/156","81/83","124/124","165/165","142/148","262/262","140/148","127/127","155/157","91/91","146/150","192/192","112/112","170/170","83/85","161/173","81/85","116/116","167/167","228/238","114/130","102/104","101/99","181/181","201/205","142/166","145/153"
2334,"2021","MBS","Wood Bison",NA,"Tag3481","2009",2009,2009,"","Bison Samples_worksheet_Mackenzie_DNA",NA,"EIB412","Davis","EIB77_773_Parks Canada_Results","592",NA,100,"89/89","134/136","179/181","241/253","103/103","141/141","103/103","129/143","189/195","238/238","87/89","158/162","115/115","172/174","225/231","143/143","156/160","90/90","127/127","190/194","252/252","173/173","146/146","144/154","83/83","124/132","165/175","142/148","260/260","140/140","125/129","157/159","91/92","148/148","180/180","106/110","170/174","89/95","161/173","85/91","116/116","167/167","236/238","114/132","104/96","101/101","181/191","205/211","142/158","149/151"
2335,"2021","MBS","Wood Bison",NA,"Tag3482","2009",2009,2009,"","Bison Samples_worksheet_Mackenzie_DNA",NA,"EIB413","Davis","EIB77_773_Parks Canada_Results","593",NA,100,"89/91","134/136","179/179","241/253","103/103","135/145","103/85","129/143","191/191","232/238","87/89","161/161","108/115","172/178","229/231","143/143","154/158","90/90","140/146","190/194","252/252","175/175","152/152","144/156","81/83","132/132","183/183","142/142","262/262","140/146","127/129","157/157","91/94","146/148","184/192","106/112","170/174","89/89","161/173","85/91","108/118","167/167","236/236","130/132","104/92","101/103","191/191","201/205","158/162","145/151"
2336,"2021","MBS","Wood Bison",NA,"Tag3484","2009",2009,2009,"","Bison Samples_worksheet_Mackenzie_DNA",NA,"EIB415","Davis","EIB77_773_Parks Canada_Results","594",NA,98,"89/91","136/142","179/179","253/269","103/103","135/141","103/103","129/129","195/195","238/252","87/87","158/158","108/115","172/178","231/231","143/143","156/160","90/90","146/148","194/194","252/252","165/167","152/152","144/154","83/83","124/132","175/183","142/148","262/262","146/150","125/129","159/159","91/92","150/150","180/184","110/110","170/170","89/89","161/165","81/89",NA,"167/167","224/238","130/132","102/104","103/95","191/191","205/215","162/168","151/151"
2337,"2021","MBS","Wood Bison",NA,"Tag3486","2009",2009,2009,"","Bison Samples_worksheet_Mackenzie_DNA",NA,"EIB416","Davis","EIB77_773_Parks Canada_Results","595",NA,100,"91/91","136/142","179/187","253/253","103/105","141/145","103/103","143/143","191/191","238/254","87/87","162/162","113/113","172/172","229/229","143/145","156/158","102/90","140/140","194/194","246/252","167/175","152/158","154/154","81/83","124/132","165/175","148/148","260/262","150/150","125/127","157/157","91/91","146/150","180/180","112/112","166/170","81/83","161/165","85/91","116/116","167/167","224/228","130/130","102/98","101/103","181/191","205/211","158/162","145/151"
2338,"2021","MBS","Wood Bison",NA,"Tag3488","2009",2009,2009,"","Bison Samples_worksheet_Mackenzie_DNA",NA,"EIB417","Davis","EIB77_773_Parks Canada_Results","596",NA,98,"89/91","136/136","181/187","241/269","103/103","141/141","103/91","141/143","191/191","238/254","87/87","158/162","113/113","172/172","227/229","143/143","156/158","90/90","140/140","190/190","246/254","165/167","146/146","154/154","81/83","124/132","165/175","142/148","262/262","146/146","123/123","155/157","92/94","146/148","180/184","106/110","170/176","89/89","161/173","85/91",NA,"167/167","238/238","128/130","102/102","101/103","181/181","207/211","142/142","149/151"
2339,"2021","MBS","Wood Bison",NA,"Tag3489","2009",2009,2009,"","Bison Samples_worksheet_Mackenzie_DNA",NA,"EIB418","Davis","EIB77_773_Parks Canada_Results","597",NA,100,"91/91","136/138","179/187","253/269","103/105","145/145","103/103","129/143","189/195","238/238","87/89","162/162","113/115","176/178","229/231","143/143","156/158","90/90","140/146","194/194","252/252","167/175","146/164","154/154","81/83","124/132","175/181","142/142","260/262","146/146","123/125","155/159","91/92","146/150","180/192","110/112","170/170","83/89","165/173","85/89","116/116","167/167","238/238","130/132","104/92","101/99","177/191","201/205","142/158","145/151"
2340,"2021","MBS","Wood Bison",NA,"Tag3490","2009",2009,2009,"","Bison Samples_worksheet_Mackenzie_DNA",NA,"EIB419","Davis","EIB77_773_Parks Canada_Results","598",NA,100,"89/91","134/136","179/179","253/253","103/103","135/147","103/85","129/129","191/195","252/252","87/87","147/161","113/115","178/178","227/233","143/143","158/158","90/90","138/140","194/194","246/254","165/175","146/164","154/154","83/83","122/124","175/183","142/150","260/262","150/150","125/129","157/159","91/91","148/150","184/196","106/112","170/170","89/89","161/173","81/91","116/116","167/167","238/238","114/132","102/104","101/103","181/191","205/207","158/158","145/153"
2341,"2021","MBS","Wood Bison",NA,"Tag3491","2009",2009,2009,"","Bison Samples_worksheet_Mackenzie_DNA",NA,"EIB420","Davis","EIB77_773_Parks Canada_Results","599",NA,100,"91/91","134/134","179/179","253/253","103/103","145/145","103/103","141/141","189/191","232/252","87/87","158/162","113/115","174/178","231/231","143/145","156/156","102/90","140/140","194/194","250/252","167/173","146/152","154/156","83/83","132/132","165/183","142/142","256/262","150/150","129/129","155/157","91/92","150/150","180/184","110/90","176/176","89/95","161/165","81/85","116/116","161/167","228/228","130/132","102/104","103/103","181/191","205/211","158/164","145/153"
2342,"2021","MBS","Wood Bison",NA,"Tag3493","2009",2009,2009,"","Bison Samples_worksheet_Mackenzie_DNA",NA,"EIB421","Davis","EIB77_773_Parks Canada_Results","600",NA,98,"89/91","134/134","179/181","269/269","103/103","141/147","103/93","129/143","191/191","238/238","87/87","158/162","108/115","172/172","227/229","143/143","156/158","90/90","140/140","194/200","252/252","167/175","146/166","154/156","83/83","122/124","183/183","142/142","256/262","140/150","127/129","155/155","91/91","148/150","184/190","106/112","170/172","89/89","165/173","85/89","116/116","167/167",NA,"130/132","102/104","101/95","181/181","205/205","158/162","145/149"
2343,"2021","MBS","Wood Bison",NA,"Tag3640","2010",2010,2010,"","Bison Samples_worksheet_Mackenzie_DNA",NA,"EIB406","Davis","EIB77_773_Parks Canada_Results","586",NA,100,"89/91","136/136","181/187","253/271","103/103","135/145","103/93","143/143","191/195","238/238","87/89","162/162","113/115","172/174","227/231","143/143","158/158","90/90","140/140","190/194","252/252","173/177","152/152","154/156","77/85","124/124","165/175","142/148","262/262","140/150","127/129","157/159","92/94","148/150","180/196","110/110","170/176","89/89","173/173","85/85","116/116","167/167","228/238","128/130","96/98","101/95","181/191","205/205","162/166","145/145"
2344,"2021","MBS","Wood Bison",NA,"Tag3641","2010",2010,2010,"","Bison Samples_worksheet_Mackenzie_DNA",NA,"EIB407","Davis","EIB77_773_Parks Canada_Results","587",NA,100,"89/89","134/134","179/179","253/269","104/105","141/141","103/103","129/143","191/195","238/238","87/89","158/162","113/113","182/182","227/227","143/143","154/158","90/90","127/127","194/194","252/252","165/173","152/152","154/160","81/83","124/124","165/175","142/148","262/262","140/146","125/129","157/157","91/92","150/154","180/180","108/110","170/176","89/95","173/173","87/91","116/116","167/167","238/238","130/134","102/104","101/101","191/191","201/205","142/142","149/151"
2346,"2021","NAH","Wood Bison",NA,"18-11515","2018",2018,2018,"","Bison Samples_to_GregWilson_16Nov2020_BC",NA,"EIB584","Davis","EIB77_773_Parks Canada_Results","602",NA,96,"89/93","134/134","185/185","247/247","103/103","137/147","89/97","129/143","195/195","232/238","87/87","158/161","108/115","172/178","231/233","147/147","154/156","100/90","127/150","194/200","250/254","173/177","152/152","144/156","81/83","122/132","165/185","138/138","262/262","152/152","125/131","155/157","91/91","146/150","184/198","106/106","170/186","83/89","161/173","85/85",NA,"161/161","236/236","130/130","92/92","101/99","177/181","211/211","142/158",NA
2348,"2021","NORD","Wood Bison",NA,"BIBI100209A","2009",2009,2009,"","Bison Samples_to_GregWilson_16Nov2020_BC",NA,"EIB564","Davis","EIB77_773_Parks Canada_Results","603",NA,100,"89/91","138/138","179/187","253/253","103/103","135/135","91/93","129/149","191/191","232/252","87/87","147/160","113/113","174/174","229/233","143/143","156/156","90/90","142/142","190/194","252/252","167/167","152/152","144/154","81/83","124/132","175/183","138/148","260/260","150/150","123/129","155/157","91/91","150/150","180/180","112/90","170/172","85/89","161/169","89/89","116/116","167/167","228/238","128/128","104/96","103/95","181/181","205/207","144/144","151/153"
2349,"2021","NORD","Wood Bison",NA,"BIBI100209B","2009",2009,2009,"","Bison Samples_to_GregWilson_16Nov2020_BC",NA,"EIB565","Davis","EIB77_773_Parks Canada_Results","604",NA,100,"89/91","138/138","179/187","253/253","103/103","145/147","93/93","129/141","191/191","238/252","87/87","158/160","113/113","172/172","227/231","143/143","154/158","102/90","127/142","194/194","252/252","173/173","152/152","152/154","81/81","122/124","175/183","142/142","262/262","150/150","125/129","155/157","94/94","150/150","180/180","112/90","166/170","89/89","161/161","81/89","116/116","167/167","228/228","130/130","102/96","103/95","181/181","205/205","166/166","149/153"
2350,"2021","NORD","Wood Bison",NA,"BIBI121009A2","2009",2009,2009,"","Bison Samples_to_GregWilson_16Nov2020_BC",NA,"EIB568","Davis","EIB77_773_Parks Canada_Results","605",NA,100,"89/89","136/138","179/187","253/253","103/103","135/145","103/93","129/129","191/191","254/254","87/89","161/162","108/115","174/174","227/231","143/143","156/158","90/90","127/148","188/194","252/252","173/175","146/146","144/156","83/83","126/132","179/183","142/148","260/262","150/150","129/129","155/157","91/91","146/150","180/180","110/112","166/170","85/89","161/165","87/89","116/118","167/167","238/238","130/130","102/98","103/95","181/181","205/205","142/144","149/153"
2351,"2021","NORD","Wood Bison",NA,"BIBI121210A1","2009",2009,2009,"","Bison Samples_to_GregWilson_16Nov2020_BC",NA,"EIB574","Davis","EIB77_773_Parks Canada_Results","607",NA,100,"89/91","136/140","179/179","253/253","103/103","135/145","91/93","129/149","189/191","232/238","87/87","158/162","113/115","174/174","229/233","143/143","156/160","90/90","127/142","194/194","252/252","167/177","146/152","144/154","77/81","124/124","165/165","142/142","260/262","150/150","123/125","155/159","91/92","150/150","180/180","106/112","166/172","83/89","161/161","89/89","116/116","161/167","228/228","114/130","92/96","103/95","177/181","205/205","144/158","151/151"
2352,"2021","NORD","Wood Bison",NA,"BIBI301110A2","2010",2010,2010,"","Bison Samples_to_GregWilson_16Nov2020_BC",NA,"EIB573","Davis","EIB77_773_Parks Canada_Results","606",NA,100,"89/91","134/136","179/179","253/253","103/103","135/141","91/93","143/143","191/191","232/232","87/91","160/160","113/115","174/174","229/233","143/143","156/160","88/90","142/142","190/194","252/252","177/177","146/146","154/154","81/81","124/132","165/165","142/148","260/260","146/150","123/125","155/159","92/92","150/150","180/180","106/110","172/172","83/83","161/169","89/89","116/116","167/167","228/238","128/128","96/96","95/95","181/181","205/207","144/158","149/151"
2355,"2021","WBNPGR","Wood Bison",NA,"Wood Buffalo NP 108","1992",1992,1992,"","all samples",NA,"EIB355","Davis","EIB77_773_Parks Canada_Results","619",NA,100,"91/91","134/136","179/187","241/247","103/105","135/145","103/97","129/129","189/191","250/254","87/89","160/160","113/115","172/172","225/229","143/143","158/158","90/90","127/140","190/194","252/252","167/173","152/152","144/156","81/83","124/132","165/183","142/150","260/262","140/150","125/129","155/155","92/94","146/148","180/192","106/112","168/178","85/95","161/165","85/87","108/116","167/167","224/228","130/130","104/104","101/95","181/191","211/215","142/142","149/151"
2356,"2021","WBNPGR","Wood Bison",NA,"Wood Buffalo NP 21","1990",1990,1990,"","all samples",NA,"EIB292","Davis","EIB77_773_Parks Canada_Results","610",NA,100,"89/93","134/140","185/191","253/273","103/103","135/141","103/97","129/143","191/195","252/252","87/89","158/162","113/113","172/172","225/227","143/143","156/158","100/90","127/140","194/202","252/252","163/173","152/158","154/154","81/83","122/124","165/179","142/150","258/260","140/148","129/129","155/159","95/95","146/148","184/184","106/112","170/174","89/89","161/161","85/91","116/116","167/167","238/240","118/130","104/98","101/103","181/191","205/211","142/162","149/151"
2357,"2021","WBNPGR","Wood Bison",NA,"Wood Buffalo NP 22","1990",1990,1990,"","all samples",NA,"EIB293","Davis","EIB77_773_Parks Canada_Results","611",NA,100,"89/89","134/136","179/181","253/253","103/103","141/145","103/97","129/141","189/191","238/238","89/89","158/162","113/115","176/182","227/229","143/143","156/158","102/90","127/127","188/194","246/252","173/177","146/152","160/160","81/81","124/132","165/183","142/142","262/262","140/150","129/129","155/159","91/91","146/146","180/196","112/112","170/172","83/89","167/169","81/85","116/116","167/167","228/238","130/130","102/104","101/103","181/191","205/205","142/142","149/151"
2358,"2021","WBNPGR","Wood Bison",NA,"Wood Buffalo NP 23","1990",1990,1990,"","all samples",NA,"EIB294","Davis","EIB77_773_Parks Canada_Results","612",NA,100,"89/89","136/138","175/187","253/269","103/103","135/135","103/97","129/129","189/189","238/250","87/87","162/162","113/115","174/176","229/231","143/143","156/158","100/90","127/142","194/202","248/252","175/177","146/152","154/154","81/81","124/132","183/183","142/148","260/260","150/150","129/129","155/155","92/95","150/150","196/196","110/94","170/170","83/85","165/165","87/91","108/116","161/167","228/240","130/130","102/104","101/99","181/191","205/211","142/142","145/149"
2359,"2021","WBNPGR","Wood Bison",NA,"Wood Buffalo NP 24","1990",1990,1990,"","all samples",NA,"EIB295","Davis","EIB77_773_Parks Canada_Results","613",NA,100,"89/91","136/138","179/179","241/253","103/103","141/141","103/89","129/143","189/189","232/238","87/87","162/170","113/115","172/174","227/229","143/145","158/158","90/90","127/127","190/194","252/252","167/173","146/152","144/154","83/83","124/124","175/183","150/150","260/260","150/150","125/129","157/157","91/91","146/150","180/184","106/106","176/176","89/89","169/173","89/89","116/116","165/167","238/240","130/130","98/98","101/103","181/181","205/207","142/142","149/149"
2360,"2021","WBNPGR","Wood Bison",NA,"Wood Buffalo NP 25","1990",1990,1990,"","all samples",NA,"EIB296","Davis","EIB77_773_Parks Canada_Results","614",NA,100,"89/89","134/136","179/187","253/269","103/103","145/145","103/93","129/129","189/189","232/238","87/91","160/161","115/115","174/174","227/229","143/143","154/158","90/90","140/148","194/194","252/252","167/177","146/146","144/156","83/83","124/124","181/183","142/150","260/262","140/140","129/129","155/157","92/95","146/150","180/196","108/112","172/174","89/89","167/173","89/91","116/116","161/167","238/238","128/130","104/104","95/97","191/191","205/205","142/164","149/149"
2361,"2021","WBNPGR","Wood Bison",NA,"Wood Buffalo NP 26","1990",1990,1990,"","all samples",NA,"EIB297","Davis","EIB77_773_Parks Canada_Results","615",NA,98,"89/89","134/136","179/181","241/247","103/103","145/145","103/93","129/143","189/191","238/250","87/87","154/160","115/115","170/174","229/229","143/143","158/158","104/90","142/142","188/194","244/246","167/173","152/152","154/156",NA,"122/124","175/183","148/150","260/262","146/148","125/129","155/155","92/95","150/150","180/180","106/112","170/176","83/89","161/165","89/89","116/116","167/167","228/238","130/132","102/104","103/103","181/181","207/211","142/168","145/151"
2362,"2021","WBNPGR","Wood Bison",NA,"Wood Buffalo NP 27","1990",1990,1990,"","all samples",NA,"EIB298","Davis","EIB77_773_Parks Canada_Results","616",NA,100,"89/93","138/138","179/181","253/269","103/103","135/145","83/99","129/141","191/195","232/238","87/87","160/170","113/113","174/174","229/229","143/143","158/160","90/90","127/146","194/200","252/252","173/173","150/152","154/154","81/83","124/124","165/165","142/148","260/260","146/150","129/129","155/155","91/92","150/154","192/196","108/112","172/174","85/89","161/161","89/89","116/116","167/167","228/240","130/132","104/92","101/95","181/181","205/207","158/168","145/149"
2363,"2021","WBNPGR","Wood Bison",NA,"Wood Buffalo NP 28","1990",1990,1990,"","all samples",NA,"EIB299","Davis","EIB77_773_Parks Canada_Results","617",NA,100,"89/91","136/140","179/187","269/271","103/103","135/141","103/103","129/143","189/189","232/254","87/89","143/160","113/113","172/174","225/225","143/143","156/158","102/90","146/146","194/200","250/254","167/175","146/152","154/156","83/83","124/124","179/179","142/148","260/262","140/150","123/129","155/159","92/92","150/150","196/198","110/110","168/172","89/89","167/173","85/87","116/118","167/167","228/238","114/134","104/104","103/97","179/191","205/211","142/168","149/149"
2364,"2021","WBNPGR","Wood Bison",NA,"Wood Buffalo NP 62","1990",1990,1990,"","all samples",NA,"EIB331","Davis","EIB77_773_Parks Canada_Results","618",NA,100,"91/93","134/136","185/187","241/249","103/103","135/145","93/93","129/129","191/191","232/238","87/87","160/162","115/115","174/174","227/229","143/143","156/158","100/90","127/148","190/194","250/252","165/173","152/158","154/154","83/83","124/126","165/179","148/150","262/262","150/150","125/125","157/159","91/91","146/150","180/192","108/112","176/178","83/85","165/173","81/85","108/116","167/167","228/238","114/130","104/98","101/95","177/181","211/215","142/158","149/153"
2369,"2021","WBNPHC","Wood Bison",NA,"Wood Buffalo NP 104","1992",1992,1992,"","all samples",NA,"EIB351","Davis","EIB77_773_Parks Canada_Results","640",NA,100,"89/91","134/136","187/187","241/253","103/103","141/141","103/83","129/129","189/191","232/248","87/87","160/162","115/115","172/174","229/231","143/143","154/158","102/90","127/142","194/194","252/252","167/173","152/152","154/154","81/83","132/132","183/183","142/150","260/262","140/146","129/131","155/157","91/94","148/150","180/180","110/112","172/176","89/89","169/173","89/91","116/116","167/167","238/238","130/130","102/104","101/103","181/181","205/205","168/168","149/153"
2370,"2021","WBNPHC","Wood Bison",NA,"Wood Buffalo NP 105","1992",1992,1992,"","all samples",NA,"EIB352","Davis","EIB77_773_Parks Canada_Results","641",NA,100,"89/89","134/138","179/181","253/269","103/103","145/147","103/97","129/129","189/195","238/248","87/87","170/170","108/113","172/182","229/229","143/143","158/158","100/102","127/138","194/194","252/252","167/177","152/152","154/154","81/83","124/132","165/183","142/142","260/262","146/150","125/129","155/155","91/92","146/146","192/196","106/112","174/178","81/89","169/169","89/89","116/116","167/167","228/228","130/130","102/104","95/95","177/191","207/207","168/168","149/153"
2372,"2021","WBNPHC","Wood Bison",NA,"Wood Buffalo NP 107","1992",1992,1992,"","all samples",NA,"EIB354","Davis","EIB77_773_Parks Canada_Results","643",NA,100,"89/91","134/136","179/187","241/253","103/103","135/141","93/93","129/143","189/189","238/238","87/89","158/170","108/115","172/178","225/229","143/143","156/156","88/90","127/140","190/194","252/252","167/175","146/152","144/154","83/83","124/124","175/175","142/148","260/260","140/150","125/129","155/157","91/94","146/150","180/184","106/110","174/178","89/89","165/173","89/89","108/116","167/167","238/238","128/130","104/96","101/95","181/183","205/205","142/162","145/149"
2373,"2021","WBNPHC","Wood Bison",NA,"Wood Buffalo NP 29","1990",1990,1990,"","all samples",NA,"EIB300","Davis","EIB77_773_Parks Canada_Results","620",NA,100,"89/91","138/138","181/187","239/241","103/103","135/135","89/91","129/143","189/191","238/252","87/87","158/160","113/115","174/174","229/229","143/143","156/158","102/90","127/127","194/200","246/252","167/173","152/158","154/160","83/83","132/132","183/183","142/142","256/262","146/146","129/129","151/155","92/92","146/150","180/198","108/112","170/172","83/89","173/173","89/91","116/118","167/167","228/238","130/130","102/98","103/103","177/181","207/211","158/170","149/151"
2374,"2021","WBNPHC","Wood Bison",NA,"Wood Buffalo NP 30","1990",1990,1990,"","all samples",NA,"EIB301","Davis","EIB77_773_Parks Canada_Results","621",NA,100,"91/91","134/136","179/191","269/271","103/103","141/145","103/97","129/129","189/189","238/252","87/89","162/162","108/115","172/174","225/227","143/143","156/156","90/90","140/140","188/200","252/252","173/173","146/146","144/154","81/81","124/124","179/181","142/142","262/262","150/150","123/125","153/155","91/91","154/154","180/180","106/106","172/174","85/85","161/165","87/89","118/118","167/167","228/238","130/134","102/104","103/95","179/181","205/205","142/166","145/153"
2375,"2021","WBNPHC","Wood Bison",NA,"Wood Buffalo NP 31","1990",1990,1990,"","all samples",NA,"EIB302","Davis","EIB77_773_Parks Canada_Results","622",NA,100,"89/93","134/134","181/187","253/253","103/103","145/145","93/97","141/143","191/191","238/254","87/87","160/160","115/115","172/172","225/229","143/145","156/158","90/90","146/148","188/194","252/252","175/175","152/162","154/154","81/83","122/136","181/183","142/150","260/262","146/146","127/129","153/159","91/91","146/146","180/192","112/112","172/172","81/89","169/173","87/89","116/118","167/167","238/238","130/134","104/104","103/95","181/189","205/215","142/144","151/153"
2376,"2021","WBNPHC","Wood Bison",NA,"Wood Buffalo NP 32","1990",1990,1990,"","all samples",NA,"EIB303","Davis","EIB77_773_Parks Canada_Results","623",NA,100,"89/89","136/136","187/187","241/253","103/103","135/145","93/97","129/143","189/189","238/238","87/89","158/161","115/115","174/176","231/231","143/145","156/158","90/90","140/146","194/194","246/252","175/177","146/146","154/154","77/83","124/132","165/175","138/148","260/262","140/150","123/129","155/155","91/92","150/150","180/192","112/90","170/176","89/89","161/173","89/91","114/116","167/167","238/238","128/130","104/104","101/99","181/181","205/211","156/168","149/151"
2377,"2021","WBNPHC","Wood Bison",NA,"Wood Buffalo NP 33","1990",1990,1990,"","all samples",NA,"EIB304","Davis","EIB77_773_Parks Canada_Results","624",NA,100,"89/91","136/138","179/179","241/253","103/103","141/145","93/93","129/149","189/191","238/252","87/87","162/162","115/115","174/176","229/229","143/143","160/160","102/90","140/142","190/194","252/254","173/173","146/166","144/152","77/77","124/132","179/183","142/142","262/262","148/150","129/129","157/159","92/95","146/146","180/184","106/106","174/176","83/85","161/161","89/91","116/116","161/167","240/240","130/132","104/104","101/103","177/181","205/205","156/158","149/153"
2378,"2021","WBNPHC","Wood Bison",NA,"Wood Buffalo NP 42","1990",1990,1990,"","all samples",NA,"EIB313","Davis","EIB77_773_Parks Canada_Results","625",NA,100,"89/93","132/136","181/187","241/253","103/103","141/145","103/103","129/143","191/191","238/248","87/87","160/162","115/115","174/178","229/229","143/143","156/158","90/90","142/148","194/194","248/252","165/173","152/164","144/154","77/81","122/132","175/183","142/148","260/260","146/150","125/129","155/157","92/95","150/150","180/192","110/112","170/174","89/89","165/169","89/89","116/118","167/167","238/238","130/130","102/102","103/103","181/181","205/205","142/166","149/151"
2379,"2021","WBNPHC","Wood Bison",NA,"Wood Buffalo NP 43","1990",1990,1990,"","all samples",NA,"EIB314","Davis","EIB77_773_Parks Canada_Results","626",NA,100,"91/99","138/138","179/187","241/249","103/103","135/141","93/93","129/129","189/189","232/252","87/87","158/162","113/115","172/174","225/231","143/143","154/160","90/90","127/140","194/194","246/252","173/173","146/152","154/154","83/85","122/122","165/165","148/150","260/262","146/148","125/129","155/155","91/91","146/146","180/184","110/112","170/176","83/89","161/165","85/89","116/118","165/167","228/242","130/130","102/104","95/99","181/181","205/205","158/166","149/149"
2380,"2021","WBNPHC","Wood Bison",NA,"Wood Buffalo NP 44","1990",1990,1990,"","all samples",NA,"EIB315","Davis","EIB77_773_Parks Canada_Results","627",NA,100,"89/89","134/134","179/185","241/253","103/103","135/135","103/93","129/129","191/191","238/238","87/89","162/162","115/115","172/172","203/227","143/143","158/160","90/90","127/140","194/200","252/252","167/173","152/166","144/154","81/83","124/124","165/165","138/150","260/262","150/150","125/129","155/155","91/91","150/150","184/184","106/112","170/174","85/85","161/169","85/85","116/118","167/167","224/238","114/130","102/104","101/101","191/191","207/211","142/142","145/151"
2381,"2021","WBNPHC","Wood Bison",NA,"Wood Buffalo NP 45","1990",1990,1990,"","all samples",NA,"EIB316","Davis","EIB77_773_Parks Canada_Results","628",NA,100,"89/91","134/136","179/181","253/269","102/103","141/141","103/89","129/149","189/189","232/238","87/89","160/162","108/113","172/172","229/229","143/143","158/160","100/90","127/146","194/194","252/252","163/167","146/148","154/154","77/77","124/124","175/175","142/148","260/262","150/150","125/129","155/157","95/95","150/150","180/192","110/112","174/176","89/95","165/173","89/91","114/116","167/167","228/238","130/130","102/104","103/95","181/181","211/211","166/166","145/151"
2382,"2021","WBNPHC","Wood Bison",NA,"Wood Buffalo NP 46","1990",1990,1990,"","all samples",NA,"EIB317","Davis","EIB77_773_Parks Canada_Results","629",NA,100,"89/91","134/134","179/179","247/253","103/103","141/145","83/83","129/143","189/191","238/250","87/87","158/160","113/115","172/182","225/229","143/143","154/156","90/90","138/148","194/202","252/252","165/167","162/162","154/154","81/83","122/124","181/183","142/150","258/262","150/150","129/129","155/157","91/92","146/148","192/192","108/112","170/172","81/89","161/173","89/91","116/116","161/167","228/240","130/134","104/104","101/103","181/181","205/205","162/166","149/149"
2383,"2021","WBNPHC","Wood Bison",NA,"Wood Buffalo NP 47","1990",1990,1990,"","all samples",NA,"EIB318","Davis","EIB77_773_Parks Canada_Results","630",NA,100,"89/91","134/138","181/187","241/253","103/103","135/141","103/97","129/129","191/195","232/232","87/87","158/162","113/115","174/174","229/229","143/145","156/158","90/90","127/140","194/194","252/252","173/177","146/150","154/156","83/83","124/132","183/183","138/142","260/260","150/150","129/129","153/155","91/91","146/150","180/192","108/112","172/172","83/85","161/167","89/91","108/118","167/167","238/240","130/130","102/104","101/101","181/181","205/205","158/168","145/153"
2384,"2021","WBNPHC","Wood Bison",NA,"Wood Buffalo NP 48","1990",1990,1990,"","all samples",NA,"EIB319","Davis","EIB77_773_Parks Canada_Results","631",NA,100,"89/91","138/138","179/181","247/253","103/105","145/145","103/103","143/143","189/195","238/238","87/87","158/170","113/115","172/182","229/229","143/143","160/160","102/88","142/146","194/194","252/252","167/173","152/152","154/154","83/83","122/124","175/183","142/142","260/260","146/150","125/131","155/155","91/95","150/150","180/198","110/110","170/172","85/89","161/161","87/89","108/118","167/167","238/238","130/130","102/104","101/99","181/191","207/207","158/158","149/153"
2385,"2021","WBNPHC","Wood Bison",NA,"Wood Buffalo NP 49","1990",1990,1990,"","all samples",NA,"EIB320","Davis","EIB77_773_Parks Canada_Results","632",NA,100,"89/89","136/140","175/187","271/271","103/103","141/147","103/97","129/129","189/191","238/238","87/87","158/161","108/108","172/176","229/231","143/143","156/158","90/90","127/127","194/194","252/252","165/167","152/152","156/156","81/81","124/132","175/183","142/148","258/260","146/150","123/129","155/155","92/95","146/154","184/184","106/94","170/172","85/89","169/173","85/89","108/116","161/167","228/228","130/130","92/98","101/103","181/191","205/207","158/166","145/151"
2386,"2021","WBNPHC","Wood Bison",NA,"Wood Buffalo NP 50","1990",1990,1990,"","all samples",NA,"EIB321","Davis","EIB77_773_Parks Canada_Results","633",NA,100,"89/91","132/134","179/187","247/271","103/104","135/145","93/97","129/141","189/195","238/238","87/87","134/162","115/115","172/178","225/227","143/143","156/156","102/90","142/142","194/194","252/252","177/177","146/166","154/156","81/83","126/132","175/181","142/142","260/262","140/150","125/129","155/155","91/95","146/150","180/192","108/112","170/172","89/89","161/169","85/85","116/116","167/167","228/228","114/132","104/104","101/101","183/191","205/215","142/142","153/153"
2387,"2021","WBNPHC","Wood Bison",NA,"Wood Buffalo NP 51","1990",1990,1990,"","all samples",NA,"EIB322","Davis","EIB77_773_Parks Canada_Results","634",NA,100,"89/99","134/136","175/179","247/269","103/103","135/141","103/103","129/143","189/195","232/232","87/87","158/160","108/113","172/174","229/231","143/143","158/160","102/90","140/142","188/194","252/252","173/177","152/164","158/160","83/83","124/132","175/183","148/150","260/262","140/146","125/129","155/159","91/94","150/150","180/184","112/112","172/174","85/89","165/173","89/91","116/118","161/167","228/238","130/132","104/92","103/103","181/191","205/205","142/166","149/151"
2388,"2021","WBNPHC","Wood Bison",NA,"Wood Buffalo NP 52","1990",1990,1990,"","all samples",NA,"EIB323","Davis","EIB77_773_Parks Canada_Results","635",NA,100,"89/91","134/136","179/187","269/269","102/103","135/145","103/93","129/143","189/191","232/238","87/87","158/160","108/115","172/182","229/229","143/143","156/160","90/90","127/127","188/194","252/254","163/163","148/158","154/154","81/83","124/124","175/183","142/150","260/262","146/152","121/125","155/157","91/95","150/150","180/192","106/94","170/172","81/95","161/161","91/91","108/116","161/167","238/240","130/130","102/92","103/99","181/193","205/207","166/168","145/151"
2389,"2021","WBNPHC","Wood Bison",NA,"Wood Buffalo NP 53","1990",1990,1990,"","all samples",NA,"EIB324","Davis","EIB77_773_Parks Canada_Results","636",NA,98,"89/89","132/134","181/185","247/253","103/103","135/145",NA,"129/129","189/195","238/238","87/87","158/160","115/115","172/172","231/231","143/145","156/158","90/90","127/150","190/190","250/252","165/175","146/152","144/158","81/83","122/126","165/183","138/142","262/262","146/150","127/129","151/155","91/92","146/150","180/180","106/90","170/170","89/89","165/173","85/87","116/118","167/167","228/240","114/130","104/104","95/99","181/193","205/207","156/162","149/149"
2390,"2021","WBNPHC","Wood Bison",NA,"Wood Buffalo NP 54","1990",1990,1990,"","all samples",NA,"EIB325","Davis","EIB77_773_Parks Canada_Results","637",NA,100,"89/91","132/136","187/187","241/269","103/103","141/141","103/93","129/129","189/191","232/238","89/91","158/162","115/115","170/174","229/231","143/143","158/158","100/102","140/140","194/194","246/254","173/177","150/152","144/154","81/81","124/124","165/165","148/150","260/262","146/150","125/127","157/157","91/95","146/146","190/196","108/94","170/176","85/89","161/165","81/87","114/116","165/167","228/236","130/130","104/98","101/99","181/191","207/215","142/166","151/151"
2391,"2021","WBNPHC","Wood Bison",NA,"Wood Buffalo NP 57","1990",1990,1990,"","all samples",NA,"EIB327","Davis","EIB77_773_Parks Canada_Results","638",NA,100,"91/99","136/138","179/187","253/269","103/103","141/141","103/103","129/133","189/191","232/238","87/89","158/158","115/115","170/172","225/229","143/143","158/158","90/90","127/142","194/202","252/252","177/177","152/152","144/160","77/77","132/132","175/181","142/142","260/262","146/150","127/129","155/155","91/92","146/150","184/192","108/110","170/176","89/89","165/169","81/89","116/118","167/167","238/238","114/128","102/92","101/103","181/181","205/215","158/162","145/151"
2392,"2021","WBNPHC","Wood Bison",NA,"Wood Buffalo NP 67","1990",1990,1990,"","all samples",NA,"EIB333","Davis","EIB77_773_Parks Canada_Results","639",NA,100,"89/91","138/140","187/187","241/253","103/103","141/145","93/93","129/129","191/195","238/238","87/87","160/160","115/115","172/174","229/233","143/143","158/158","90/90","138/142","194/200","250/252","167/177","146/152","144/154","81/81","124/132","175/183","142/148","260/262","148/150","125/129","155/157","91/92","146/150","180/196","110/112","166/174","83/95","161/173","85/89","118/118","167/167","238/238","130/134","102/102","103/99","181/191","205/215","142/158","153/153"
2398,"2021","WBNPNY","Wood Bison",NA,"Wood Buffalo NP 102","1992",1992,1992,"","all samples",NA,"EIB349","Davis","EIB77_773_Parks Canada_Results","670",NA,100,"89/93","134/136","179/187","253/253","103/103","145/145","103/93","143/145","189/195","232/238","87/87","158/158","108/113","172/172","227/229","143/143","158/158","102/90","127/140","194/194","252/252","167/175","142/152","154/154","83/83","124/132","175/175","142/142","260/260","150/150","129/129","155/159","92/95","146/150","180/196","106/112","172/178","89/95","165/173","91/91","116/116","167/167","228/228","118/130","104/104","101/101","177/191","205/205","166/166","145/149"
2399,"2021","WBNPNY","Wood Bison",NA,"Wood Buffalo NP 103","1992",1992,1992,"","all samples",NA,"EIB350","Davis","EIB77_773_Parks Canada_Results","671",NA,100,"91/93","138/140","179/187","253/253","103/103","145/145","83/83","129/143","189/189","238/238","87/91","160/162","113/115","172/172","229/233","143/143","158/158","100/90","127/148","188/194","252/252","167/167","152/152","154/154","81/81","124/132","183/185","142/148","256/262","150/150","125/129","155/155","91/95","150/150","180/192","108/110","172/174","85/85","161/165","89/89","116/116","161/167","228/238","130/134","104/92","101/103","181/191","207/211","144/158","149/151"
2400,"2021","WBNPNY","Wood Bison",NA,"Wood Buffalo NP 109","1992",1992,1992,"","all samples",NA,"EIB356","Davis","EIB77_773_Parks Canada_Results","672",NA,100,"89/89","134/138","179/187","253/269","103/103","135/145","93/93","141/149","195/195","238/238","87/87","158/161","113/115","172/172","229/229","143/143","158/158","102/88","138/140","188/200","252/252","167/177","152/152","154/160","81/83","124/124","175/175","138/142","260/264","146/146","123/129","155/155","91/95","146/150","180/196","106/112","172/172","83/83","165/165","85/89","116/116","167/167","228/228","128/130","102/104","103/103","177/181","205/211","142/142","145/145"
2401,"2021","WBNPNY","Wood Bison",NA,"Wood Buffalo NP 110","1992",1992,1992,"","all samples",NA,"EIB357","Davis","EIB77_773_Parks Canada_Results","673",NA,100,"89/93","134/136","179/181","253/269","103/103","135/145","103/97","129/143","189/189","238/238","87/87","149/158","113/115","172/174","227/229","143/143","160/160","102/88","148/148","190/194","252/252","173/175","152/152","154/154","77/83","124/124","165/183","142/142","260/262","150/150","129/129","155/159","91/92","150/150","184/192","106/106","172/172","89/89","161/173","81/89","108/116","161/167","228/238","114/130","102/96","103/95","181/181","205/207","142/158","151/153"
2402,"2021","WBNPNY","Wood Bison",NA,"Wood Buffalo NP 111","1992",1992,1992,"","all samples",NA,"EIB358","Davis","EIB77_773_Parks Canada_Results","674",NA,100,"91/91","136/140","179/187","253/253","103/103","141/141","103/103","129/149","189/195","238/252","87/87","147/170","113/115","172/172","225/227","143/143","156/158","90/90","146/150","194/194","244/252","167/167","146/158","154/160","83/85","124/132","175/183","142/142","260/260","140/140","129/129","153/157","91/92","146/150","180/184","106/108","170/172","89/89","161/169","89/89","114/116","167/167","240/240","130/130","102/98","101/103","181/191","201/211","144/158","145/149"
2403,"2021","WBNPNY","Wood Bison",NA,"Wood Buffalo NP 60","1990",1990,1990,"","all samples",NA,"EIB329","Davis","EIB77_773_Parks Canada_Results","662",NA,100,"89/89","134/134","181/191","253/269","103/103","141/145","83/97","129/129","189/195","238/238","87/89","158/160","108/115","172/172","227/227","143/143","158/160","102/90","138/140","194/200","246/246","167/167","152/152","144/144","81/83","124/124","165/165","142/142","260/260","140/150","129/129","155/157","91/95","146/150","180/184","110/90","170/172","85/89","173/175","85/85","116/116","161/167","228/228","128/134","102/104","101/101","181/181","205/211","142/142","145/149"
2404,"2021","WBNPNY","Wood Bison",NA,"Wood Buffalo NP 61","1990",1990,1990,"","all samples",NA,"EIB330","Davis","EIB77_773_Parks Canada_Results","663",NA,100,"89/89","134/134","175/181","253/269","103/103","145/145","103/83","129/129","189/195","232/238","87/87","159/160","113/115","172/172","227/229","143/143","156/158","90/90","127/140","190/194","246/252","173/173","152/152","144/144","81/83","124/132","165/175","142/142","260/260","140/150","129/129","157/159","91/91","146/150","180/184","112/112","166/172","89/89","173/175","89/89","116/118","161/167","238/240","128/132","102/102","101/101","181/181","205/207","142/166","149/151"
2405,"2021","WBNPNY","Wood Bison",NA,"Wood Buffalo NP 66","1990",1990,1990,"","all samples",NA,"EIB332","Davis","EIB77_773_Parks Canada_Results","664",NA,100,"91/93","134/136","175/185","253/269","103/103","135/145","93/97","133/143","189/189","232/232","87/87","158/170","113/115","172/176","225/227","143/143","158/160","90/90","140/140","194/194","246/252","173/177","146/152","154/156","83/83","124/124","175/183","142/148","256/260","146/150","125/129","155/155","91/95","150/150","180/180","108/110","170/170","89/89","161/173","81/89","114/116","161/167","228/238","130/130","104/104","101/101","181/181","205/205","142/158","143/151"
2406,"2021","WBNPNY","Wood Bison",NA,"Wood Buffalo NP 81","1992",1992,1992,"","all samples",NA,"EIB334","Davis","EIB77_773_Parks Canada_Results","665",NA,100,"89/91","136/140","179/187","241/269","103/103","145/145","93/97","129/129","189/195","232/238","87/87","147/149","113/115","174/176","229/229","143/143","152/158","102/90","148/150","194/194","252/252","167/173","146/166","154/160","77/81","132/132","165/165","142/142","256/260","148/150","129/129","157/157","91/91","146/150","192/192","110/112","172/174","89/89","161/169","89/89","116/116","167/167","238/238","114/132","102/102","101/95","177/181","201/207","156/158","153/153"
2407,"2021","WBNPNY","Wood Bison",NA,"Wood Buffalo NP 82","1992",1992,1992,"","all samples",NA,"EIB335","Davis","EIB77_773_Parks Canada_Results","666",NA,100,"89/91","134/136","181/187","253/253","103/103","141/141","93/93","129/143","189/191","232/238","87/87","160/162","108/113","172/172","225/229","143/143","158/160","90/90","140/142","194/194","252/252","165/173","146/158","144/154","81/83","124/132","165/183","142/150","260/260","150/152","123/129","155/157","92/95","146/150","180/184","112/112","166/174","85/89","161/161","85/89","116/116","167/167","228/236","128/132","102/98","101/95","181/181","205/207","144/166","145/153"
2408,"2021","WBNPNY","Wood Bison",NA,"Wood Buffalo NP 89","1992",1992,1992,"","all samples",NA,"EIB336","Davis","EIB77_773_Parks Canada_Results","667",NA,100,"89/91","134/138","185/187","241/253","103/103","141/145","103/93","129/143","189/189","232/232","87/89","160/162","108/113","172/182","227/229","143/143","158/160","90/90","140/146","190/194","252/254","177/177","152/158","144/154","81/83","120/132","175/179","148/150","260/262","150/150","123/129","153/157","91/91","150/150","180/192","106/108","172/174","89/89","161/169","81/89","116/116","167/167","228/238","130/132","104/98","103/103","181/191","201/205","144/168","149/151"
2409,"2021","WBNPNY","Wood Bison",NA,"Wood Buffalo NP 90","1992",1992,1992,"","all samples",NA,"EIB337","Davis","EIB77_773_Parks Canada_Results","668",NA,100,"91/93","134/136","179/191","253/269","103/103","135/141","103/103","129/129","191/191","238/252","87/89","158/160","108/113","174/176","227/229","143/143","156/158","90/90","127/127","200/200","246/252","173/177","142/158","156/160","77/83","124/132","165/165","138/150","260/260","146/150","129/129","155/157","91/91","150/150","180/192","106/112","166/172","89/95","161/173","85/91","116/116","167/167","228/228","128/130","104/104","101/103","181/181","205/207","142/144","145/149"
2410,"2021","WBNPNY","Wood Bison",NA,"Wood Buffalo NP 91","1992",1992,1992,"","all samples",NA,"EIB338","Davis","EIB77_773_Parks Canada_Results","669",NA,100,"89/93","134/136","179/191","253/253","103/103","141/145","103/83","129/129","191/195","232/238","87/87","160/162","113/115","172/172","227/227","143/143","158/160","102/90","138/146","190/200","252/252","167/173","152/158","144/156","77/83","124/124","165/175","138/142","262/262","146/150","125/129","153/157","91/95","150/150","180/192","106/110","172/178","89/89","161/173","85/89","116/116","167/167","228/238","130/134","102/104","101/101","181/181","205/205","142/166","149/149"
2411,"2021","WBNPPAD","Wood Bison",NA,"20","2020",2020,2020,"","all samples",NA,"EIB645","Davis","EIB77_773_Parks Canada_Results","719",NA,100,"89/91","134/134","181/187","241/253","103/105","141/145","97/97","129/133","189/189","252/254","87/87","158/158","108/113","172/174","229/231","133/143","154/158","90/90","127/140","194/194","246/252","177/177","146/152","154/156","77/83","124/132","165/183","142/142","260/262","150/150","125/125","155/157","91/91","146/150","180/196","106/112","170/170","81/89","161/161","85/89","116/116","167/167","228/236","130/134","104/92","101/103","191/191","205/207","142/164","149/153"
2412,"2021","WBNPPAD","Wood Bison",NA,"69","2020",2020,2020,"","all samples",NA,"EIB646","Davis","EIB77_773_Parks Canada_Results","720",NA,100,"89/91","138/138","179/181","241/269","103/103","145/145","103/103","129/129","189/189","238/238","87/89","147/160","108/113","172/172","225/229","143/143","158/160","102/90","127/138","194/194","252/252","173/177","146/152","144/154","81/83","124/132","183/183","142/142","260/260","146/150","129/129","155/157","91/91","148/150","180/192","112/112","172/186","83/89","173/173","87/89","116/116","167/167","238/238","118/132","104/104","103/103","177/181","205/211","156/164","145/151"
2413,"2021","WBNPPAD","Wood Bison",NA,"99","2020",2020,2020,"","all samples",NA,"EIB647","Davis","EIB77_773_Parks Canada_Results","721",NA,100,"89/93","136/136","187/187","269/273","103/105","141/145","89/93","129/143","189/191","232/238","87/89","160/161","113/113","172/174","225/231","143/143","156/158","90/90","127/150","188/196","254/254","175/175","152/152","154/156","83/83","132/132","175/183","138/142","262/262","146/150","123/125","155/159","91/95","150/150","180/180","106/106","170/176","89/89","161/161","89/91","108/114","161/167","238/238","130/130","102/92","101/99","181/191","211/211","142/142","149/149"
2414,"2021","WBNPPAD","Wood Bison",NA,"130","2020",2020,2020,"","all samples",NA,"EIB648","Davis","EIB77_773_Parks Canada_Results","722",NA,100,"89/89","134/136","181/187","249/269","103/107","141/145","83/93","129/143","189/189","232/238","87/89","158/160","108/108","172/174","227/229","143/143","158/158","102/90","127/140","188/194","252/252","173/173","152/166","154/154","81/83","122/126","157/179","142/148","260/262","140/146","123/127","155/157","91/92","146/150","180/184","110/112","172/172","81/85","165/165","85/89","116/118","167/167","228/238","130/136","104/104","101/103","181/191","211/215","142/166","149/149"
2415,"2021","WBNPPAD","Wood Bison",NA,"150","2020",2020,2020,"","all samples",NA,"EIB649","Davis","EIB77_773_Parks Canada_Results","723",NA,98,"89/91",NA,"181/187","247/253","103/103","135/145","93/97","143/143","191/191","232/238","87/87","160/162","113/113","174/176","227/229","143/143","156/158","90/90","127/142","194/194","252/252","177/177","152/166","156/160","81/83","122/124","175/183","142/142","260/260","146/150","125/125","155/155","91/92","146/150","180/196","106/110","174/174","89/95","173/173","81/89","108/116","167/167","240/240","130/130","104/104","101/103","181/181","211/215","168/168","145/151"
2417,"2021","WBNPPAD","Wood Bison",NA,"170","2020",2020,2020,"","all samples",NA,"EIB651","Davis","EIB77_773_Parks Canada_Results","725",NA,96,"89/91",NA,"175/187","269/269","103/103","135/141","103/89","129/133","189/189","232/238","87/87","158/161","108/113","172/174","229/229","143/143","158/158","102/90","127/146","194/194","252/252","173/173","152/152","144/154","77/85","132/132","181/183","142/148","262/262","150/150","125/127","155/157","91/92","150/150","180/198","106/112","170/176","83/85","161/169","81/85","116/116","161/167",NA,"130/130","104/92","95/95","181/191","201/207","166/166","151/153"
2418,"2021","WBNPPAD","Wood Bison",NA,"180","2020",2020,2020,"","all samples",NA,"EIB652","Davis","EIB77_773_Parks Canada_Results","726",NA,96,"89/91",NA,"187/187","241/269","104/104","145/145","103/103","129/129","189/191","232/238","87/87","158/160","108/113","172/172","229/229","143/143","154/158","100/90","127/140","190/194","248/252","177/177","152/152","156/160","81/83","124/124","165/183","142/142","260/262","146/146","123/125","155/155","95/95","146/150","198/198","106/110","172/172","83/89","161/165","89/91","116/116","167/167","228/240","128/130","104/96","95/99","181/191","202/205",NA,"149/149"
2419,"2021","WBNPPAD","Wood Bison",NA,"200","2020",2020,2020,"","all samples",NA,"EIB653","Davis","EIB77_773_Parks Canada_Results","727",NA,98,"91/91",NA,"181/181","253/253","103/103","141/147","83/97","129/129","189/191","238/248","87/89","162/170","108/108","172/174","225/229","143/145","158/160","102/90","138/140","194/200","252/254","167/177","152/152","154/154","81/83","124/124","165/179","142/142","256/264","146/150","123/125","153/157","92/92","150/150","180/180","112/112","174/174","83/89","165/169","89/89","116/118","167/167","228/238","130/130","104/104","103/99","181/191","207/211","166/168","145/149"
2420,"2021","WBNPPAD","Wood Bison",NA,"230","2020",2020,2020,"","all samples",NA,"EIB654","Davis","EIB77_773_Parks Canada_Results","728",NA,100,"89/91","134/138","179/181","241/241","102/103","145/145","91/93","141/143","189/191","238/238","87/87","160/161","108/108","172/174","229/231","143/143","156/158","90/90","140/140","194/194","252/252","175/177","152/152","144/154","81/81","120/132","165/175","142/148","256/260","146/150","123/129","155/157","91/95","150/154","184/184","106/110","170/172","83/85","161/165","81/81","116/116","161/167","228/228","134/134","104/96","101/95","177/181","211/211","158/158","149/149"
2421,"2021","WBNPPAD","Wood Bison",NA,"280","2020",2020,2020,"","all samples",NA,"EIB655","Davis","EIB77_773_Parks Canada_Results","729",NA,100,"89/91","138/138","179/181","253/253","103/103","141/145","97/97","129/129","191/195","232/238","87/89","158/160","113/115","174/176","229/231","143/143","158/158","90/90","127/140","194/194","252/252","177/177","146/152","144/144","81/81","124/132","165/183","142/150","256/260","146/146","123/127","155/157","92/95","146/150","180/180","112/112","170/176","89/89","155/161","85/89","116/116","167/167","228/240","132/134","102/104","103/95","177/191","202/211","142/142","149/149"
2422,"2021","WBNPPAD","Wood Bison",NA,"320","2020",2020,2020,"","all samples",NA,"EIB656","Davis","EIB77_773_Parks Canada_Results","730",NA,98,"89/91",NA,"187/187","253/253","103/103","135/145","103/91","129/129","189/189","248/254","87/87","158/160","113/115","172/174","229/231","143/143","158/158","88/88","127/127","194/194","250/252","165/173","158/162","144/154","81/81","124/132","175/175","142/150","256/260","140/148","125/129","155/155","92/94","146/150","180/192","110/110","170/172","85/89","167/173","85/85","108/118","167/167","236/238","130/130","102/104","103/103","191/191","205/205","166/166","151/153"
2423,"2021","WBNPPAD","Wood Bison",NA,"900","2020",2020,2020,"","all samples",NA,"EIB657","Davis","EIB77_773_Parks Canada_Results","731",NA,100,"89/91","138/140","187/187","241/271","103/103","145/147","103/89","129/129","189/195","232/238","87/87","158/161","113/115","174/174","225/231","143/143","156/158","90/90","127/148","194/202","246/252","167/173","146/146","154/154","81/83","124/132","175/175","148/148","262/262","140/150","125/125","155/157","91/92","150/154","180/180","106/112","172/174","83/83","161/173","89/89","114/118","161/167","228/228","114/130","104/92","101/101","181/181","205/207","168/168","151/153"
2434,"2021","WBNPPAD","Wood Bison",NA,"Wood Buffalo NP 1","1990",1990,1990,"","all samples",NA,"EIB272","Davis","EIB77_773_Parks Canada_Results","690",NA,100,"89/91","134/140","181/185","247/253","103/103","135/135","103/89","129/129","189/189","232/238","89/89","158/161","108/115","172/180","229/229","143/143","154/160","100/90","138/140","194/200","246/250","167/173","146/152","156/160","77/81","124/132","175/183","142/148","256/260","146/150","129/129","155/157","91/94","148/150","196/196","108/112","170/176","83/85","165/173","89/91","114/116","167/167","228/228","130/130","104/96","95/95","181/191","205/205","158/168","145/149"
2435,"2021","WBNPPAD","Wood Bison",NA,"Wood Buffalo NP 10","1990",1990,1990,"","all samples",NA,"EIB281","Davis","EIB77_773_Parks Canada_Results","698",NA,100,"89/91","138/138","181/187","253/273","103/105","135/135","85/93","129/143","189/189","238/238","87/87","143/149","113/113","172/172","229/231","143/143","156/158","90/90","140/148","188/200","250/252","167/177","156/162","154/160","83/83","122/122","183/183","142/148","260/262","150/152","125/129","155/159","91/92","146/150","180/180","112/90","166/170","81/89","161/165","87/89","116/118","161/165","236/238","130/134","92/96","97/99","181/191","207/211","142/142","145/151"
2436,"2021","WBNPPAD","Wood Bison",NA,"Wood Buffalo NP 11","1990",1990,1990,"","all samples",NA,"EIB282","Davis","EIB77_773_Parks Canada_Results","699",NA,100,"89/89","134/134","181/185","241/271","103/103","135/145","103/91","129/143","189/191","238/254","87/87","143/162","113/115","172/174","229/231","143/143","156/158","100/90","140/146","190/194","250/252","165/167","152/166","154/156","81/83","124/132","165/179","142/142","260/262","140/150","125/129","155/157","91/91","146/150","180/192","106/106","168/170","83/83","161/173","81/91","116/116","167/167","236/240","114/134","104/96","97/99","181/191","201/205","164/168","149/153"
2437,"2021","WBNPPAD","Wood Bison",NA,"Wood Buffalo NP 12","1990",1990,1990,"","all samples",NA,"EIB283","Davis","EIB77_773_Parks Canada_Results","700",NA,100,"89/91","134/136","179/181","253/253","103/103","135/147","103/89","129/129","195/195","252/254","87/87","158/162","110/113","176/176","229/231","143/143","156/158","88/90","127/140","198/200","250/252","173/173","152/158","154/154","83/83","122/126","165/183","142/150","262/262","140/148","127/129","155/155","92/95","146/146","184/196","106/108","170/172","83/89","161/173","91/91","114/118","161/161","238/238","130/130","104/96","101/101","181/181","207/211","168/170","151/153"
2438,"2021","WBNPPAD","Wood Bison",NA,"Wood Buffalo NP 13","1990",1990,1990,"","all samples",NA,"EIB284","Davis","EIB77_773_Parks Canada_Results","701",NA,100,"91/93","136/136","179/187","247/253","103/103","135/145","103/97","129/129","189/189","232/238","87/89","162/170","113/115","170/174","225/229","143/143","158/158","90/90","127/138","188/194","252/254","163/177","152/158","156/156","81/83","122/124","175/183","142/148","260/260","146/146","121/125","155/155","95/95","146/150","180/190","110/112","172/176","89/89","165/173","85/89","116/118","167/167","228/240","114/130","92/92","103/103","181/191","205/205","168/168","149/153"
2439,"2021","WBNPPAD","Wood Bison",NA,"Wood Buffalo NP 14","1990",1990,1990,"","all samples",NA,"EIB285","Davis","EIB77_773_Parks Canada_Results","702",NA,100,"89/93","140/140","179/179","241/253","103/103","145/145","103/97","129/143","189/189","232/232","87/87","158/162","115/115","172/182","225/229","143/143","158/158","90/90","140/148","194/194","252/252","167/167","146/158","154/154","81/83","124/124","175/179","142/150","262/262","146/150","127/129","155/159","91/95","150/150","180/184","106/110","168/170","89/89","161/165","85/89","116/116","167/167","228/240","114/130","92/92","101/95","181/191","205/211","142/142","153/153"
2440,"2021","WBNPPAD","Wood Bison",NA,"Wood Buffalo NP 15","1990",1990,1990,"","all samples",NA,"EIB286","Davis","EIB77_773_Parks Canada_Results","703",NA,100,"89/91","134/138","179/181","241/253","103/103","135/135","93/97","141/143","191/191","238/238","87/87","160/162","108/113","172/172","227/231","143/143","156/156","90/90","127/140","194/194","252/254","165/165","150/158","144/160","81/83","124/132","165/179","142/148","260/262","140/150","125/129","159/159","91/92","146/150","184/196","106/112","170/172","89/89","173/173","85/89","116/116","161/167","238/238","130/130","102/104","101/101","181/181","207/211","162/168","149/149"
2441,"2021","WBNPPAD","Wood Bison",NA,"Wood Buffalo NP 16","1990",1990,1990,"","all samples",NA,"EIB287","Davis","EIB77_773_Parks Canada_Results","704",NA,100,"89/91","136/140","187/187","241/241","103/103","135/141","93/93","129/143","189/191","232/238","87/89","160/162","113/115","172/176","225/229","143/143","158/158","102/90","140/140","188/200","250/250","167/173","152/166","156/156","83/83","132/132","175/183","142/148","262/262","146/150","125/129","155/155","91/92","146/150","180/192","110/110","170/172","83/89","161/173","81/85","116/118","161/167","228/236","130/134","92/92","103/95","181/181","205/207","162/164","147/149"
2442,"2021","WBNPPAD","Wood Bison",NA,"Wood Buffalo NP 17","1990",1990,1990,"","all samples",NA,"EIB288","Davis","EIB77_773_Parks Canada_Results","705",NA,100,"91/91","134/136","185/187","241/253","103/105","135/145","89/97","129/149","189/191","238/238","87/87","160/162","113/113","172/178","213/229","143/143","154/156","88/90","142/148","194/194","252/252","173/177","152/152","154/156","83/83","124/124","165/165","142/148","260/260","146/150","125/129","155/155","91/92","146/150","180/184","110/112","168/168","83/89","165/173","85/89","108/116","167/167","236/238","130/130","104/98","103/99","181/191","205/211","158/170","149/149"
2443,"2021","WBNPPAD","Wood Bison",NA,"Wood Buffalo NP 18","1990",1990,1990,"","all samples",NA,"EIB289","Davis","EIB77_773_Parks Canada_Results","706",NA,100,"89/89","136/142","175/187","241/253","103/103","135/141","97/97","129/141","191/195","238/238","87/87","154/162","108/115","176/176","229/231","143/143","156/158","100/102","142/142","194/194","252/252","167/175","146/150","154/154","81/83","124/132","175/183","148/150","256/262","140/150","125/129","155/155","91/91","146/154","180/196","106/108","170/176","89/95","173/173","89/91","108/116","167/167","228/238","118/134","104/104","101/103","181/191","205/205","142/166","145/149"
2444,"2021","WBNPPAD","Wood Bison",NA,"Wood Buffalo NP 19","1990",1990,1990,"","all samples",NA,"EIB290","Davis","EIB77_773_Parks Canada_Results","707",NA,100,"89/89","136/136","181/187","247/271","103/103","141/145","103/89","129/129","189/191","238/238","87/87","161/162","108/115","172/172","227/227","143/143","156/158","90/90","140/150","194/200","252/252","167/175","146/152","154/160","81/83","122/126","175/179","142/142","260/262","146/150","127/131","155/157","91/91","146/150","180/198","110/112","166/172","89/89","161/161","85/89","116/116","161/161","228/240","130/134","104/104","101/95","181/191","205/205","142/162","151/151"
2446,"2021","WBNPPAD","Wood Bison",NA,"Wood Buffalo NP 20","1990",1990,1990,"","all samples",NA,"EIB291","Davis","EIB77_773_Parks Canada_Results","708",NA,100,"89/91","138/138","179/185","253/269","103/103","135/145","103/89","129/143","191/195","238/238","87/87","160/160","108/115","172/182","225/231","143/143","158/158","102/90","148/150","190/194","252/252","167/177","146/158","156/160","81/81","124/124","175/181","142/142","260/262","150/150","125/129","155/155","91/91","148/150","180/180","110/112","168/168","89/89","165/167","89/89","116/118","167/167","228/238","130/134","102/98","103/99","181/191","207/211","142/142","145/153"
2447,"2021","WBNPPAD","Wood Bison",NA,"Wood Buffalo NP 4","1990",1990,1990,"","all samples",NA,"EIB275","Davis","EIB77_773_Parks Canada_Results","692",NA,100,"89/89","134/140","187/187","253/269","103/103","135/141","93/93","129/143","189/191","238/238","85/87","158/161","115/115","172/172","229/233","143/143","154/158","90/90","140/142","194/202","252/252","173/177","152/164","154/154","81/83","124/124","165/165","142/148","260/260","146/150","123/129","155/157","91/92","150/150","180/196","110/112","168/176","83/89","161/169","85/89","116/118","161/165","228/240","114/130","104/92","101/101","181/181","205/207","158/168","143/145"
2448,"2021","WBNPPAD","Wood Bison",NA,"Wood Buffalo NP 5","1990",1990,1990,"","all samples",NA,"EIB276","Davis","EIB77_773_Parks Canada_Results","693",NA,100,"89/91","136/138","179/187","253/269","103/103","135/141","103/103","129/129","189/189","232/238","89/89","160/162","113/115","172/178","229/229","143/143","158/158","90/90","127/146","194/194","252/252","173/177","152/152","154/154","83/85","132/132","165/179","138/142","260/262","150/150","129/129","155/159","92/95","146/148","180/196","106/112","170/172","85/85","161/169","85/89","114/118","161/167","228/228","130/130","104/92","101/103","181/191","205/205","168/168","153/153"
2449,"2021","WBNPPAD","Wood Bison",NA,"Wood Buffalo NP 6","1990",1990,1990,"","all samples",NA,"EIB277","Davis","EIB77_773_Parks Canada_Results","694",NA,100,"89/89","134/138","175/187","253/269","103/103","145/145","103/97","129/143","195/195","238/250","87/89","149/160","113/113","172/174","229/231","143/145","156/158","90/90","140/140","188/194","246/254","173/175","152/158","154/154","81/83","124/124","175/179","138/142","260/262","140/148","123/129","153/155","91/95","146/154","180/180","108/112","168/170","89/89","161/161","85/89","114/116","161/167","240/240","118/134","102/104","103/95","181/191","205/211","156/168","145/149"
2450,"2021","WBNPPAD","Wood Bison",NA,"Wood Buffalo NP 7","1990",1990,1990,"","all samples",NA,"EIB278","Davis","EIB77_773_Parks Canada_Results","695",NA,100,"89/91","136/140","175/179","247/253","103/103","135/145","89/93","129/133","189/195","238/238","87/87","160/170","113/115","176/182","227/227","143/147","158/160","100/88","140/140","194/194","252/252","167/175","152/158","154/154","81/81","124/124","183/183","138/150","262/262","140/140","129/129","151/159","91/91","150/150","180/192","106/108","170/178","89/89","161/173","85/89","108/118","161/167","228/240","130/130","96/98","101/101","191/191","205/207","164/168","145/145"
2451,"2021","WBNPPAD","Wood Bison",NA,"Wood Buffalo NP 8","1990",1990,1990,"","all samples",NA,"EIB279","Davis","EIB77_773_Parks Canada_Results","696",NA,100,"89/91","134/136","185/185","253/269","103/103","135/137","97/99","143/143","193/195","238/238","87/89","160/161","115/115","176/176","231/231","143/143","156/158","90/90","127/127","188/194","252/252","175/177","152/158","156/160","83/83","124/124","165/175","138/142","260/262","146/150","127/129","155/155","91/91","146/150","184/196","108/90","168/172","85/85","161/173","85/91","116/116","161/161","228/228","118/132","92/98","101/103","181/191","207/211","142/164","149/153"
2452,"2021","WBNPPAD","Wood Bison",NA,"Wood Buffalo NP 9","1990",1990,1990,"","all samples",NA,"EIB280","Davis","EIB77_773_Parks Canada_Results","697",NA,100,"89/91","136/138","179/187","253/253","103/103","141/145","103/103","129/129","191/195","238/238","87/87","160/160","115/115","172/174","229/229","143/143","156/158","100/90","140/142","188/194","244/252","167/173","146/156","154/154","83/83","124/132","165/175","142/142","260/262","140/150","129/129","159/159","91/95","146/150","180/196","106/106","174/174","85/89","161/165","89/91","116/116","161/167","228/228","130/134","102/102","95/95","181/181","205/211","142/162","151/153"
2453,"2021","WBNPPAD","Wood Bison",NA,"Wood Buffalo NP 92","1992",1992,1992,"","all samples",NA,"EIB339","Davis","EIB77_773_Parks Canada_Results","709",NA,100,"89/91","136/138","179/185","245/269","103/103","135/141","91/97","129/129","189/191","238/254","87/87","160/160","113/113","172/172","225/229","143/157","158/158","102/90","142/146","188/188","246/252","173/177","152/152","144/156","81/81","124/132","183/183","148/148","260/260","146/150","125/125","155/155","92/92","150/150","184/184","108/110","172/172","81/85","165/173","85/89","108/116","167/167","228/238","132/134","104/98","101/99","177/189","205/207","158/166","153/153"
2454,"2021","WBNPPAD","Wood Bison",NA,"Wood Buffalo NP 93","1992",1992,1992,"","all samples",NA,"EIB340","Davis","EIB77_773_Parks Canada_Results","710",NA,100,"89/91","136/138","179/187","241/253","103/103","135/141","103/97","129/141","189/191","238/238","87/87","158/162","108/115","174/182","229/231","143/143","156/158","100/90","127/142","188/190","252/252","173/177","146/152","144/154","81/81","124/124","183/183","142/148","262/262","150/150","129/129","153/159","91/92","146/150","180/184","106/110","166/176","89/89","161/161","89/89","116/116","161/167","238/238","118/132","102/104","101/103","181/181","205/215","142/158","153/153"
2455,"2021","WBNPPAD","Wood Bison",NA,"Wood Buffalo NP 94","1992",1992,1992,"","all samples",NA,"EIB341","Davis","EIB77_773_Parks Canada_Results","711",NA,100,"89/91","134/138","181/187","241/249","103/105","135/145","83/89","129/129","191/195","238/238","87/87","161/162","113/115","172/182","227/229","143/143","158/158","90/90","127/140","194/194","252/252","173/175","146/164","154/156","81/81","122/132","175/183","142/150","260/262","146/150","125/129","155/157","91/91","146/150","180/180","106/110","168/172","85/89","173/173","87/89","116/116","167/167","228/238","134/134","104/104","101/101","181/191","205/215","142/158","149/149"
2456,"2021","WBNPPAD","Wood Bison",NA,"Wood Buffalo NP 95","1992",1992,1992,"","all samples",NA,"EIB342","Davis","EIB77_773_Parks Canada_Results","712",NA,100,"89/91","138/138","181/181","253/253","103/103","135/145","93/97","143/143","189/191","232/252","87/87","158/161","113/113","172/182","225/229","143/143","154/158","90/90","140/146","194/194","250/252","163/177","152/166","144/154","77/81","124/132","165/183","148/150","260/262","148/150","125/129","155/157","91/92","150/150","180/184","106/110","170/172","89/95","161/165","85/89","116/116","161/167","228/236","114/130","104/92","101/103","181/191","207/207","158/170","149/151"
2457,"2021","WBNPPAD","Wood Bison",NA,"Wood Buffalo NP 96","1992",1992,1992,"","all samples",NA,"EIB343","Davis","EIB77_773_Parks Canada_Results","713",NA,100,"91/91","134/138","179/191","269/271","103/103","141/145","105/97","129/143","189/189","252/252","89/91","160/162","108/115","172/180","227/229","143/143","156/156","90/90","140/142","194/200","252/252","167/173","146/166","154/154","81/81","124/124","165/181","142/148","262/262","146/150","123/129","153/157","91/92","150/154","180/198","106/110","170/174","85/89","161/161","87/87","112/118","161/167","228/238","130/134","102/104","103/99","181/191","205/205","142/158","145/153"
2458,"2021","WBNPPAD","Wood Bison",NA,"Wood Buffalo NP 97","1992",1992,1992,"","all samples",NA,"EIB344","Davis","EIB77_773_Parks Canada_Results","714",NA,100,"89/91","136/138","175/185","241/269","103/103","137/141","103/89","129/149","189/191","238/250","87/87","160/162","108/115","172/180","225/233","143/143","154/158","90/90","127/150","194/200","252/254","177/177","148/152","144/154","83/83","124/124","175/183","138/148","260/260","146/150","125/127","155/155","91/95","150/150","184/196","106/106","170/176","85/91","161/161","85/87","116/118","167/167","238/238","130/130","92/98","95/95","181/181","205/205","142/168","151/153"
2459,"2021","WBNPLB","Wood Bison",NA,"Wood Buffalo NP 100","1992",1992,1992,"","all samples",NA,"EIB347","Davis","EIB77_773_Parks Canada_Results","751",NA,100,"89/91","136/136","181/181","253/269","103/105","135/141","85/93","129/143","189/189","238/238","89/89","158/162","108/115","172/174","229/231","143/143","156/158","100/90","140/150","188/200","252/252","167/167","146/158","154/156","83/85","124/132","165/183","142/142","260/262","150/150","123/125","159/159","92/92","148/150","180/196","112/112","168/170","85/89","165/173","89/89","116/116","167/167","238/238","130/134","104/98","101/103","181/191","201/211","142/166","149/151"
2460,"2021","WBNPLB","Wood Bison",NA,"Wood Buffalo NP 101","1992",1992,1992,"","all samples",NA,"EIB348","Davis","EIB77_773_Parks Canada_Results","752",NA,100,"89/93","136/136","179/187","265/269","103/103","135/145","103/103","129/129","191/195","238/238","87/87","154/160","113/115","172/172","229/229","143/143","158/158","100/90","127/142","188/188","250/252","173/177","146/158","154/154","81/83","124/132","165/175","142/142","260/262","150/152","125/127","155/155","91/92","146/150","184/184","106/110","170/172","85/89","161/161","87/89","108/116","167/167","228/238","130/132","102/98","101/95","191/191","205/205","142/144","149/153"
2461,"2021","WBNPLB","Wood Bison",NA,"Wood Buffalo NP 34","1990",1990,1990,"","all samples",NA,"EIB305","Davis","EIB77_773_Parks Canada_Results","742",NA,100,"91/93","134/136","179/185","269/269","103/103","145/145","103/93","129/143","189/195","238/238","87/89","147/160","115/115","176/176","227/229","143/143","158/160","100/90","127/140","194/194","246/252","167/173","152/152","154/154","81/81","124/124","165/179","148/150","260/262","140/150","123/129","155/155","91/92","150/150","192/196","106/106","168/172","81/89","161/165","85/91","108/116","167/167","238/240","114/130","102/102","103/95","181/181","205/211","142/168","145/149"
2462,"2021","WBNPLB","Wood Bison",NA,"Wood Buffalo NP 35","1990",1990,1990,"","all samples",NA,"EIB306","Davis","EIB77_773_Parks Canada_Results","743",NA,96,"91/93","134/136","179/181","253/253","103/105","141/145","101/85","129/129","189/189","238/252","87/89","158/162","108/115","174/174","231/231","143/147","156/158","100/90","127/150","188/188","252/252","167/173","146/146",NA,"77/83","122/124","165/183","142/142","260/262","150/150","125/129","159/159","91/92","150/150","180/196","112/112","170/172","85/89","165/169","89/89","118/120","167/167","238/238",NA,"104/98","101/101","191/191","205/211","166/166","151/151"
2463,"2021","WBNPLB","Wood Bison",NA,"Wood Buffalo NP 36","1990",1990,1990,"","all samples",NA,"EIB307","Davis","EIB77_773_Parks Canada_Results","744",NA,100,"89/91","134/138","179/187","247/253","103/103","135/145","103/85","129/129","189/191","238/238","87/87","158/160","113/115","172/172","225/229","143/143","156/158","100/90","140/140","188/194","246/252","167/175","152/158","144/154","83/83","132/132","165/183","142/142","262/262","150/150","125/125","155/157","91/92","150/150","192/196","106/106","168/172","89/89","161/173","89/89","116/116","167/167","238/238","130/134","102/102","101/103","191/191","202/205","166/166","145/151"
2464,"2021","WBNPLB","Wood Bison",NA,"Wood Buffalo NP 37","1990",1990,1990,"","all samples",NA,"EIB308","Davis","EIB77_773_Parks Canada_Results","745",NA,98,"89/91","138/138","179/185","241/271","103/103","135/135","103/85","129/143","189/191","238/238","89/91","160/162","115/115","172/172","229/229","143/143","156/158","102/90","140/150","200/200","252/252","167/173","152/152","144/154","77/81",NA,"175/179","142/142","262/262","148/150","129/129","155/159","91/91","148/150","184/192","112/112","170/186","85/85","165/173","85/87","118/118","167/167","228/238","128/130","102/104","101/95","179/179","205/211","142/158","145/145"
2465,"2021","WBNPLB","Wood Bison",NA,"Wood Buffalo NP 38","1990",1990,1990,"","all samples",NA,"EIB309","Davis","EIB77_773_Parks Canada_Results","746",NA,100,"89/89","136/138","179/181","241/253","103/103","145/145","103/97","129/143","189/191","232/238","87/87","158/158","113/115","174/176","227/229","143/143","156/156","100/90","127/140","190/194","252/252","167/173","152/166","144/154","77/83","124/132","165/181","142/148","260/262","146/150","129/131","155/157","91/92","150/150","192/192","112/112","170/172","89/89","173/173","89/89","116/116","167/167","228/228","130/134","104/92","101/101","181/191","207/211","158/168","149/149"
2466,"2021","WBNPLB","Wood Bison",NA,"Wood Buffalo NP 39","1990",1990,1990,"","all samples",NA,"EIB310","Davis","EIB77_773_Parks Canada_Results","747",NA,98,"89/89","136/138","179/187","241/253","103/103","145/145","89/97","143/143","189/191","238/252","87/87","161/162","115/115","172/174","227/229",NA,"158/158","90/90","140/142","194/194","246/252","173/175","152/152","154/154","83/83","124/132","165/183","142/150","260/262","140/150","123/125","155/157","91/94","146/150","180/184","108/112","168/174","85/85","161/165","81/89","108/116","167/167","238/238","114/134","102/104","103/95","179/191","205/211","142/166","145/153"
2467,"2021","WBNPLB","Wood Bison",NA,"Wood Buffalo NP 41","1990",1990,1990,"","all samples",NA,"EIB312","Davis","EIB77_773_Parks Canada_Results","748",NA,100,"89/91","138/138","179/179","253/253","103/103","145/145","103/97","127/129","189/189","238/238","87/89","160/161","108/115","172/178","231/231","143/143","156/160","90/90","127/150","194/194","250/252","177/177","152/164","144/144","81/83","124/132","175/183","142/148","262/262","150/150","125/129","155/155","91/94","146/146","180/184","106/108","176/176","89/89","161/161","85/87","116/118","167/167","238/240","128/130","104/98","103/95","181/181","207/211","158/166","145/151"
2468,"2021","WBNPLB","Wood Bison",NA,"Wood Buffalo NP 98","1992",1992,1992,"","all samples",NA,"EIB345","Davis","EIB77_773_Parks Canada_Results","749",NA,100,"89/93","136/136","179/181","253/253","103/103","145/145","103/103","129/143","191/191","238/238","87/87","160/162","113/115","174/174","231/231","143/143","158/158","102/88","138/140","190/200","252/252","167/167","146/152","154/154","81/83","124/126","183/183","142/148","260/260","146/150","123/123","155/155","91/92","146/154","180/196","106/108","168/170","83/89","173/173","85/89","116/116","167/167","228/228","130/130","102/104","103/95","181/191","205/211","142/166","149/153"
2469,"2021","WBNPLB","Wood Bison",NA,"Wood Buffalo NP 99","1992",1992,1992,"","all samples",NA,"EIB346","Davis","EIB77_773_Parks Canada_Results","750",NA,100,"89/89","136/136","179/185","253/269","103/103","145/145","103/93","129/129","191/195","232/238","87/87","147/161","115/115","172/182","229/231","143/143","158/158","90/90","140/140","188/194","246/254","167/167","152/152","154/154","81/81","124/124","179/183","142/142","260/262","150/150","129/129","153/159","91/94","146/148","180/180","106/112","168/174","83/83","167/173","81/89","116/116","161/167","240/240","114/118","104/92","103/95","181/181","205/205","144/144","149/153"
2476,"M. Grant Thesis","EINPP","Plains Bison","Fecal","EINP_P42","10/22/23",2023,2023,"",NA,NA,NA,NA,NA,NA,"98%",98,"91/91","134/136","175/185","241/241","103/105","135/147","93/105","129/143","191/191","238/238","87/87","143/161","113/115","172/172","231/231","143/147","154/154","90/90","142/150","194/194","250/252","175/175","158/158","144/154","81/81","122/124","181/183","142/148","262/262","140/150","125/127","153/155","92/92","146/146","180/198","106/110","168/176","89/89","161/161","85/87",NA,"161/161","228/240","130/130","92/96","97/101","177/191","211/211","158/158","145/149"
2478,"M. Grant Thesis","EINPP","Plains Bison","Fecal","EINP_P48","10/22/23",2023,2023,"",NA,NA,NA,NA,NA,NA,"96%",96,"89/89","134/136","181/187","241/253","103/107","135/135","89/93","129/143","189/189","238/238","89/91","158/160","108/108","180/180","229/229","143/147","156/158","90/90","140/140","194/200","246/250","175/175","150/162","156/156","81/81","122/122","183/185","148/148","256/262","140/150","123/127","153/157","92/92","146/154","184/198","108/108","168/168","89/89","165/173","85/85",NA,"165/167","236/240","130/130","104/104","99/99","177/191","207/211","156/168",NA
2479,"M. Grant Thesis","EINPP","Plains Bison","Fecal","EINP_P51","10/22/23",2023,2023,"",NA,NA,NA,NA,NA,NA,"94%",94,"91/91","134/136","179/187","241/241","103/105","147/147","93/97","127/149","189/189","238/238","85/89","160/161","108/115","172/178","229/231","143/145","154/154","88/100","128/140",NA,"250/254","175/175","158/162","154/156","83/83","124/124","179/181","142/150","262/262","140/150","127/131","155/155","91/91","148/150","180/184","106/108","170/170","89/91","161/173","85/89",NA,"161/167","238/240","130/130","92/92","95/101","191/191","211/211","162/162",NA
2481,"M. Grant Thesis","EINPP","Plains Bison","Fecal","EINP_P60","10/22/23",2023,2023,"",NA,NA,NA,NA,NA,NA,"98%",98,"91/91","138/138","181/185","241/253","103/103","135/141","97/105","129/149","191/195","238/238","85/91","160/160","113/115","180/180","229/231","143/143","154/158","90/100","140/150","194/198","250/254","175/175","158/162","154/160","81/83","122/124","165/181","148/150","256/262","146/150","125/127","155/155","92/95","146/146","180/198","106/108","170/174","89/89","161/161","89/89",NA,"161/161","228/240","130/130","92/98","99/101","191/191","211/211","162/170","149/151"
2483,"M. Grant Thesis","EINPP","Plains Bison","Fecal","EINP_P88","10/22/23",2023,2023,"",NA,NA,NA,NA,NA,NA,"92%",92,"91/91","136/136","175/181","241/253","103/103","135/135","89/89","129/143","195/195","254/254","87/87",NA,"108/115",NA,NA,"143/143","154/154","90/90","128/148","194/200","246/250","165/167","150/158","144/158","81/81","124/124","179/181","142/142","260/262","140/146","127/127","153/159","91/92","146/154","180/198","108/108","168/172","89/89","161/161","85/87",NA,"167/167","238/240","130/134","92/96","95/101","181/191","211/215","162/162","143/149"
2485,"M. Grant Thesis","EINPP","Plains Bison","Fecal","EINP_P92","10/22/23",2023,2023,"",NA,NA,NA,NA,NA,NA,"98%",98,"91/91","138/138","185/187","241/247","103/107","135/137","89/101","143/149","191/195","232/238","87/91","161/161","108/113","174/178","229/229","143/143","158/158","88/88","128/140","194/200","250/254","175/175","158/158","144/144","81/83","122/122","179/179","142/142","262/262","146/146","127/127","155/159","92/95","146/150","184/198","108/108","168/186","83/89","161/165","87/87",NA,"161/167","236/238","130/130","92/104","95/101","179/191","205/211","142/170","149/151"
2488,"M. Grant Thesis","EINPP","Plains Bison","Fecal","EINP_PB104","23-Oct-24",2024,2024,"",NA,NA,NA,NA,NA,NA,"98%",98,"91/91","134/140","175/187","241/253","103/103","135/135","97/101","143/149","191/195","238/238","85/87","160/161","113/113","172/174","229/231","145/145","156/158","90/90","140/150","194/194","244/254","165/175","156/158","144/154","83/83","122/122","179/185","142/148","260/262","146/146","123/127","153/153","92/95","146/146","192/192","106/108","172/176","83/89","161/161","87/87",NA,"165/165","236/236","130/134","98/98","95/101","179/193","201/211","164/168","149/149"
2490,"M. Grant Thesis","EINPP","Plains Bison","Fecal","EINP_PB111","23-Oct-24",2024,2024,"",NA,NA,NA,NA,NA,NA,"98%",98,"89/91","134/140","185/187","241/241","103/105","135/141","91/91","129/143","191/195","238/238","85/87","143/143","108/115","180/180","229/231","143/143","154/156","88/90","128/128","194/194","246/250","163/177","158/164","144/156","81/83","122/122","179/183","142/142","262/262","140/146","127/131","153/153","91/92","146/150","180/180","106/108","170/172","83/89","161/161","89/89",NA,"161/161","228/240","130/130","92/104","95/101","177/191","205/211","164/164","149/149"
2492,"M. Grant Thesis","EINPP","Plains Bison","Fecal","EINP_PB123","23-Oct-24",2024,2024,"",NA,NA,NA,NA,NA,NA,"96%",96,"89/89","138/140","185/187","241/253","103/103","135/135","89/93","129/149","191/191","232/232","85/87","160/161","113/115","172/178","229/231","143/147","156/158","88/90","128/128","194/200","246/250","173/175","158/164","156/156","81/83","122/124","179/183","138/142","262/262","140/140","127/127","159/159","91/95","146/150","180/198","106/106","168/170","83/83","161/161","85/87",NA,"161/161","236/236","130/130","92/92","99/99","181/191","215/215","158/168",NA
2493,"M. Grant Thesis","EINPP","Plains Bison","Fecal","EINP_PB125","23-Oct-24",2024,2024,"",NA,NA,NA,NA,NA,NA,"98%",98,"91/91","136/140","175/179","241/241","103/103","135/141","89/101","129/129","189/191","238/238","87/91","143/160","115/115","180/180","229/229","143/145","158/160","88/102","140/140","200/200","246/252","163/173","158/162","154/158","81/83","122/122","179/185","142/150","260/262","140/140","127/127","153/155","91/95","146/150","184/192","106/108","172/172","89/89","161/161","85/87",NA,"165/165","240/240","130/130","98/98","95/103","191/191","205/215","166/168","149/151"
2494,"M. Grant Thesis","EINPP","Plains Bison","Fecal","EINP_PB130","23-Oct-24",2024,2024,"",NA,NA,NA,NA,NA,NA,"96%",96,"89/91","134/136","185/187","241/241","103/105","135/141","89/97","129/149","195/195","238/238","89/89","158/161","115/115","172/172","229/231","143/143","154/158","90/100","128/140","194/198","244/254","175/175","150/158","154/156","81/83","120/124","179/179","150/150","260/262","146/150","123/127","153/155","91/92","146/150","184/196","108/112","170/176","83/83","161/161","87/89",NA,"161/167","240/240","130/130","92/98","95/99","179/191","211/215","142/142",NA
2495,"M. Grant Thesis","EINPP","Plains Bison","Fecal","EINP_PB132","23-Oct-24",2024,2024,"",NA,NA,NA,NA,NA,NA,"98%",98,"89/91","136/140","175/175","241/241","103/105","135/141","89/93","143/149","189/189","238/238","87/91","143/161","113/115","180/180","229/231","143/143","158/158","90/100","142/150","194/198","250/250","173/175","158/158","154/154","83/83","122/124","165/179","142/150","262/262","140/148","123/129","155/155","92/95","146/148","198/198","106/108","170/170","83/89","173/173","87/87",NA,"161/167","228/240","118/134","92/104","99/101","177/191","205/205","142/144","149/151"
2496,"M. Grant Thesis","EINPP","Plains Bison","Fecal","EINP_PB133","23-Oct-24",2024,2024,"",NA,NA,NA,NA,NA,NA,"98%",98,"89/91","136/138","185/185","241/241","103/103","135/147","89/97","127/129","189/195","238/238","87/89","158/160","108/113","172/172","229/233","143/147","154/160","88/88","140/150","200/202","250/254","163/175","150/162","154/156","81/83","122/124","181/183","142/148","262/262","150/150","127/131","159/159","92/95","146/150","180/192","108/110","172/174","83/89","165/165","87/87",NA,"161/161","240/240","134/134","96/104","95/95","179/191","205/205","162/168","149/149"
2497,"M. Grant Thesis","EINPP","Plains Bison","Fecal","EINP_PB135","23-Oct-24",2024,2024,"",NA,NA,NA,NA,NA,NA,"96%",96,"89/91","134/136","181/187","241/241","103/104","135/141","93/93","127/149","195/195","232/238","87/87","160/161","113/115","172/174","229/231","145/147","156/160","88/90","140/150","194/194","246/250","175/175","158/164","156/158","81/83","122/122","179/181","142/150","262/262","140/150","123/127","155/159","92/94","146/150","184/198","108/108","168/168","89/91","161/173","85/89",NA,"165/167","236/236","130/130","96/98","95/99","179/191","207/207","156/164",NA
2499,"M. Grant Thesis","EINPW","Wood Bison","Fecal","EINP_W15","10/22/23",2023,2023,"",NA,NA,NA,NA,NA,NA,"96%",96,"89/89","136/136","179/179","253/269","103/103","135/141","103/103","129/141","189/189","238/254","87/89","147/158","115/115","174/176","229/231","143/143","158/158","90/102","140/140","194/194","252/252","167/167","146/152","154/154","81/83","124/132","175/183","138/148","260/262","140/150","125/129","155/157","91/92","150/150","184/198","106/110","166/172","81/95","161/173",NA,"116/118","167/167","228/238","130/130","98/102","95/101","181/191","205/207",NA,"145/151"
2500,"M. Grant Thesis","EINPW","Wood Bison","Fecal","EINP_W34","10/22/23",2023,2023,"",NA,NA,NA,NA,NA,NA,"98%",98,"89/91","134/136","187/187","253/253","103/103","141/141","93/97","129/129","189/191","232/232","87/91","158/158","115/115","172/174","229/231","143/143","158/160","88/90","128/140","194/194","252/252","167/173","152/152","144/156","83/83","124/132","175/183","138/142","262/262","150/150","125/129","155/155","92/95","146/150","180/180","112/112","166/170","85/89","161/165","89/91",NA,"167/167","228/228","114/130","102/102","101/101","191/191","211/215","166/166","145/153"
2506,"M. Grant Thesis","EINPW","Wood Bison","Fecal","EINP_W73","10/22/23",2023,2023,"",NA,NA,NA,NA,NA,NA,"98%",98,"89/91","136/136","179/187","253/253","103/103","141/147","85/103","129/129","191/191","238/238","87/89","162/162","113/115","174/174","229/229","143/143","156/158","90/90","142/148","190/194","250/254","167/175","152/154","154/154","77/83","132/132","183/183","142/148","260/262","140/150","123/125","155/159","91/92","150/150","180/184","112/112","172/176","89/89","161/165",NA,"116/118","167/167","228/238","114/130","96/98","99/101","181/181","207/207","144/144","151/153"
2509,"M. Grant Thesis","EINPW","Wood Bison","Fecal","EINP_WB145","23-Oct-24",2024,2024,"",NA,NA,NA,NA,NA,NA,"92%",92,"89/89","136/138","187/187","253/253","103/103","141/141","85/97","129/149","189/189","238/254","89/91","158/160","115/115","174/174","227/229","143/143","154/158","90/90","138/142","190/190","252/252","167/177","152/166",NA,"77/83","124/132","183/183","142/142","256/260","140/146","125/129","157/157","91/91","148/150","184/184","106/112","170/172","85/89","161/161","85/89",NA,"167/167","228/228","130/130","98/104","95/99",NA,"207/211","166/166",NA
2511,"M. Grant Thesis","EINPW","Wood Bison","Fecal","EINP_WB101","23-Oct-24",2024,2024,"",NA,NA,NA,NA,NA,NA,"96%",96,"89/89","136/136","187/187","253/253","103/103","141/141","97/103","129/149","191/191","238/252","87/91","162/162","113/115","174/182","229/233","143/143","154/160","90/102","142/148","190/194","250/252","173/177","152/166","144/154","83/85","124/132","165/183","142/148","260/262","148/150","125/129","159/159","91/92","150/150","180/196","110/110","166/172","83/89","161/165","89/89",NA,"167/167","228/238","130/132","92/102","95/103","177/181","205/211","144/166",NA
2512,"M. Grant Thesis","EINPW","Wood Bison","Fecal","EINP_WB107","23-Oct-24",2024,2024,"",NA,NA,NA,NA,NA,NA,"96%",96,"89/91","136/136","181/181","253/253","103/103","141/141","85/93","129/129","191/195","232/238","89/91","158/158","108/108","174/174","229/229","143/143","156/160","102/102","138/142","190/194","250/252","167/173","146/146","144/154","81/83","124/126","175/175","138/148","262/262",NA,"129/129","155/155","91/92","146/150","180/196","110/112","166/170","85/89","161/165","89/89",NA,"161/167","228/228","128/130","96/102","99/101","181/191","201/205","144/166","153/153"
2515,"M. Grant Thesis","EINPW","Wood Bison","Fecal","EINP_WB113","23-Oct-24",2024,2024,"",NA,NA,NA,NA,NA,NA,"96%",96,"89/91","136/136","179/181","253/253","103/103","135/141","93/103","129/129","191/191","238/238","87/89","147/147","113/113","182/182","229/231","143/143","158/160","102/102","142/142","194/194","252/252","173/177","152/166","144/154","77/81","124/132","179/183","142/142","262/262","151/151","125/129","155/155","91/94","150/150","180/180","106/112","166/166","89/95","161/161","89/89",NA,"167/167","238/238","130/132","98/102","95/101","181/181","205/207","144/144",NA
2516,"M. Grant Thesis","EINPW","Wood Bison","Fecal","EINP_WB115","23-Oct-24",2024,2024,"",NA,NA,NA,NA,NA,NA,"96%",96,"89/91","136/136","187/187","253/253","103/103","135/141","93/103","129/149","191/191","232/238","87/87","162/170","115/115","176/176","229/233","143/143","158/158","90/90","142/148","190/194","252/252","177/177","146/152","154/154","81/85","132/132","183/183","142/142","260/262","146/150","125/125","155/157","92/94","150/150","184/196","106/112","170/172","89/89","161/165","89/89",NA,"167/167","228/238","128/132","102/104","101/101","181/191","205/211","144/168",NA
2517,"M. Grant Thesis","EINPW","Wood Bison","Fecal","EINP_WB117","23-Oct-24",2024,2024,"",NA,NA,NA,NA,NA,NA,"94%",94,"89/91","136/136","179/179","241/253","103/103","141/141","93/103","141/143","191/195","232/232","87/89","158/158","115/115",NA,"229/231","143/143","156/160","90/102","128/142","190/194","250/250","173/173","152/152","154/154","77/81","124/132","183/183","142/142","260/260","150/150","129/129","157/159","92/92","150/150","184/196","106/112","170/176","89/95","161/165","89/89",NA,"161/167","228/238","128/132","92/104","95/103","181/181","205/211","142/144",NA
2518,"M. Grant Thesis","EINPW","Wood Bison","Fecal","EINP_WB122","23-Oct-24",2024,2024,"",NA,NA,NA,NA,NA,NA,"96%",96,"89/91","134/136","181/187","253/253","103/103","135/135","93/97","129/129","189/191","238/238","87/89","158/162","113/115","172/182","225/227","143/143","158/158","102/102","128/142","194/194","252/252","173/177","152/164","144/144","77/81","124/124","183/183","142/150","260/262","150/150","125/129","155/155","91/91","150/150","180/196","106/112","170/170","89/89","161/169","89/89",NA,"167/167","238/238","114/130","96/102","95/103","181/181","205/207","142/144",NA
2519,"M. Grant Thesis","EINPW","Wood Bison","Fecal","EINP_WB127","23-Oct-24",2024,2024,"",NA,NA,NA,NA,NA,NA,"98%",98,"91/93","136/136","181/191","253/253","103/103","135/141","103/103","129/141","189/191","238/252","87/87","147/162","115/115","172/172","229/229","143/143","158/160","90/90","142/148","188/194","250/252","173/177","146/152","154/160","77/85","124/132","165/175","142/142","260/262","140/146","125/129","155/163","91/95","146/150","180/196","106/112","170/172","85/89","161/165","89/89",NA,"165/167","228/238","130/130","98/102","95/95","181/181","205/211","158/166","145/153"
2520,"M. Grant Thesis","EINPW","Wood Bison","Fecal","EINP_WB128","23-Oct-24",2024,2024,"",NA,NA,NA,NA,NA,NA,"96%",96,"89/91","136/136","187/187","253/253","103/103","135/141","93/97","129/149","191/191","232/238","87/91","158/162","113/113","174/176","225/229","143/143","154/158","90/102","142/142","190/194","252/252","173/173","152/154","154/156","83/85","124/132","165/165","138/142","262/262","150/150","125/125","155/159","91/91","150/150","180/196","110/110","166/172","89/89","161/161","87/89",NA,"167/167","228/228","128/132","92/92","95/103","177/181","205/205","144/166",NA
2521,"M. Grant Thesis","EINPW","Wood Bison","Fecal","EINP_WB135","23-Oct-24",2024,2024,"",NA,NA,NA,NA,NA,NA,"96%",96,"89/91","136/136","179/187","253/269","103/103","135/141","93/97","129/129","189/191","238/238","87/89","147/158","113/115","174/176","229/229","143/143","158/158","102/102","140/142","190/194","246/252","173/177","152/166","156/160","81/81","124/124","175/183","142/148","260/262","146/150","125/129","155/155","91/95","148/150","180/196","110/112","172/178","89/89","161/165","87/89",NA,"167/167","228/238","130/130","96/104","95/103","181/181","201/207","142/158",NA
2537,"M.Grant Thesis","WBNP","Wood Bison","Fecal","WBNP_Oct24_004","30-Oct-24",2024,2024,"",NA,NA,NA,NA,NA,NA,"98%",98,"89/89","138/138","181/187","253/253","103/103","145/145","85/103","129/143","189/191","238/250","87/89","160/160","108/113","180/180","229/229","143/145","158/158","90/102","138/142","194/194","246/252","167/175","146/166","154/160","81/83","124/132","175/175","138/148","260/262","140/146","125/127","155/155","91/92","150/150","180/180","106/106","168/178","89/91","161/165","85/89","114/114","167/167","238/240","114/118","98/102","95/101","177/191","205/215","142/142",NA
2538,"M.Grant Thesis","WBNP","Wood Bison","Fecal","WBNP_Oct24_008","30-Oct-24",2024,2024,"",NA,NA,NA,NA,NA,NA,"92%",92,"89/89","134/134","179/181","253/271","103/104","135/135","103/103","129/129","195/195","252/252","87/89","158/158","108/110","174/182","229/231","143/143","158/158","90/102","128/142","188/194","252/252","173/175","146/146","144/154","81/85","124/132","165/175","142/142","260/262","146/146","121/129","155/157","91/95","146/146","180/196","106/112","168/172","89/89","161/173","85/89",NA,"167/167","228/238","118/130","102/104",NA,"177/179",NA,"142/162",NA
2539,"M.Grant Thesis","WBNP","Wood Bison","Fecal","WBNP_Oct24_012","30-Oct-24",2024,2024,"",NA,NA,NA,NA,NA,NA,"96%",98,"89/91","134/136","179/181","241/253","103/103","141/145","85/103","129/129","189/195","232/232","87/87","160/160","108/115","174/182","229/229","143/143","156/156","90/90","128/128","194/194","252/252","167/175","146/152","144/156","81/85","124/124","165/165","148/148","262/262","150/150","123/129","155/159","92/92","146/150","184/198","110/112","172/172","89/89","161/169","85/89","116/118","167/167","238/238","130/132","96/102","99/101","181/181","205/211","142/168",NA
2540,"M.Grant Thesis","WBNP","Wood Bison","Fecal","WBNP_Oct24_015","30-Oct-24",2024,2024,"",NA,NA,NA,NA,NA,NA,"98%",98,"89/89","134/136","179/181","239/271","103/105","145/145","83/93","129/143","189/191","232/238","87/87","143/158","108/115","174/176","229/229","143/143","156/160","90/90","128/146","188/188","252/252","167/173","146/152","154/154","77/83","124/132","181/181","142/150","262/262","150/150","123/129","155/159","94/94","150/150","192/196","108/112","174/176","85/85","161/161","85/89","116/116","167/167","228/228","128/134","92/92","99/103","181/191","211/215","144/162",NA
2542,"M.Grant Thesis","WBNP","Wood Bison","Fecal","WBNP_Oct24_018","30-Oct-24",2024,2024,"",NA,NA,NA,NA,NA,NA,"100%",100,"89/89","136/138","179/179","253/253","103/103","135/135","93/97","143/143","191/195","232/232","89/89","158/162","113/115","172/172","227/229","143/147","158/158","90/90","128/140","188/194","252/254","167/177","146/152","154/156","81/81","122/132","175/183","142/142","260/262","150/150","123/125","157/159","91/92","150/150","180/192","108/112","172/172","85/89","161/169","91/91","114/116","161/165","228/236","130/132","96/104","101/101","177/191","201/211","142/142","145/149"
2544,"M.Grant Thesis","WBNP","Wood Bison","Fecal","WBNP_Oct24_021","30-Oct-24",2024,2024,"",NA,NA,NA,NA,NA,NA,"94%",94,"89/89","134/134","181/187","253/269","103/103","145/145","93/97","129/129","191/195","232/232","87/87","143/162","115/115",NA,NA,"143/143","156/160","90/90","128/142","188/194","246/246","173/177","146/146","154/156","83/83","124/124","165/175","142/142","260/262","150/150","127/129","157/157","92/92","146/150","192/192","96/110","176/178","81/85","165/165","81/89","116/116","167/167","238/238","130/130","102/104","103/103","191/191","207/211","142/166",NA
2547,"M.Grant Thesis","WBNP","Wood Bison","Fecal","WBNP_Oct24_030","30-Oct-24",2024,2024,"",NA,NA,NA,NA,NA,NA,"98%",98,"91/93","136/136","187/187","253/269","103/103","141/145","83/93","129/143","189/191","238/238","89/91","158/158","108/113","172/172","229/229","143/143","156/158","90/90","128/140","188/200","252/252","167/173","164/166","154/160","83/83","124/124","179/183","142/142","262/262","146/150","125/125","157/159","91/95","146/150","180/184","90/106","174/174","85/89","161/173","89/91",NA,"167/167","228/238","118/130","92/104","95/101","181/181","205/211","158/162","145/145"
2550,"M.Grant Thesis","WBNP","Wood Bison","Fecal","WBNP_Oct24_038","30-Oct-24",2024,2024,"",NA,NA,NA,NA,NA,NA,"92%",92,"89/91","138/142","179/181","253/253","103/103","145/145","103/103","129/129","191/191","232/238","87/91","158/158","108/115","172/176","229/231","133/143","158/158","90/100","128/140","194/194","252/252","173/177","152/158","154/154","81/83",NA,NA,NA,NA,"140/150","129/129","155/157","91/92","146/150","180/192","90/106","174/176","85/89","161/173","89/89","116/116","167/167","236/238","128/132","92/104","99/101","181/181","207/211","144/164","145/145"
2552,"M.Grant Thesis","WBNP","Wood Bison","Fecal","WBNP_Oct24_050","30-Oct-24",2024,2024,"",NA,NA,NA,NA,NA,NA,"96%",96,"89/91","136/136","175/181","253/253","103/103","145/145","83/103","129/149","189/197","232/238","87/87","162/170","108/115","182/182","229/229","143/143","158/158","90/90","142/150","194/194","252/252","173/177","152/158","154/154","81/85","124/124","179/181","142/148","256/260","146/150","123/129","155/159","91/94","150/150","180/190","108/108","172/174","85/85","161/161","89/89","116/116","167/167","228/228","128/132","96/96",NA,"181/181","205/205","162/166",NA
2553,"M.Grant Thesis","WBNP","Wood Bison","Fecal","WBNP_Oct24_051","30-Oct-24",2024,2024,"",NA,NA,NA,NA,NA,NA,"98%",98,"89/91","136/136","185/187","247/269","103/103","137/141","93/93","129/129","191/195","232/238","87/89","158/162","108/115","172/176","229/229","143/147","156/158","90/90","128/142","190/194","252/252","177/177","146/146","144/160","81/83","124/124","175/183","142/142","260/262","146/150","125/129","155/157","91/91","150/150","184/196","108/108","166/174","83/85","173/173","89/91","116/116","167/167","228/228","130/132","92/104",NA,"181/191","205/211","142/142","145/151"
2554,"M.Grant Thesis","WBNP","Wood Bison","Fecal","WBNP_Oct24_063","30-Oct-24",2024,2024,"",NA,NA,NA,NA,NA,NA,"94%",94,"91/93","136/136","179/179","253/253","103/103","141/145","83/103","129/129","189/195","232/238","87/91","162/162","115/115",NA,"227/231","143/143","154/156","90/90","128/128","194/194","246/252","175/177","152/152","144/154","81/81","124/132","165/175","142/148","260/262","146/146","125/129","155/155","91/92","146/150","180/184","106/112","172/174","89/89","161/161","81/87","116/118","167/167","238/238","130/134","92/104",NA,"191/191","205/207","158/164",NA
2556,"M.Grant Thesis","WBNP","Wood Bison","Fecal","WBNP_Oct24_070","30-Oct-24",2024,2024,"",NA,NA,NA,NA,NA,NA,"100%",100,"91/91","136/138","175/187","241/253","103/103","145/145","93/93","129/149","189/191","238/254","87/87","158/160","108/115","172/174","225/229","143/143","156/158","90/100","140/140","188/194","252/252","175/177","146/164","154/158","81/85","124/132","165/183","142/142","260/260","150/150","129/129","155/159","91/92","150/150","180/184","108/108","172/172","89/95","173/173","89/89","108/116","161/161","228/240","130/134","104/104","101/101","177/181","205/211","142/156","149/149"
2559,"M.Grant Thesis","WBNP","Wood Bison","Fecal","WBNP_Oct24_076","30-Oct-24",2024,2024,"",NA,NA,NA,NA,NA,NA,"96%",96,"89/91","136/136","179/187","241/241","103/103","147/147","83/91","133/143","189/195","232/238","87/89","162/162","113/115","172/172","229/229","143/143","158/158","90/90","128/140","188/194","246/254","167/177","146/152","154/154","81/81","124/124","165/181","148/150","262/262","140/152","125/129","155/159","91/92","150/150","180/198","110/112","172/178","81/89","161/173","85/91",NA,"165/167","228/238","114/130","102/104",NA,"181/181","205/211","166/166","147/147"
2560,"M.Grant Thesis","WBNP","Wood Bison","Fecal","WBNP_Oct24_077","30-Oct-24",2024,2024,"",NA,NA,NA,NA,NA,NA,"96%",96,"89/89","134/136","179/187","253/253","103/103","145/145","93/103","129/143","191/191","232/254","87/87","158/162","108/108","176/178","229/229","143/143","156/158","90/102","140/146","194/194","252/254","167/173","152/152","154/154","83/83","124/124","175/183","142/142","262/262","150/150","125/127","155/155","91/95","146/150","180/192","106/112","170/172","81/89","161/165","89/89",NA,"161/167","238/240","130/130",NA,"95/99","181/191","205/205","142/144","143/151"
2562,"M.Grant Thesis","WBNP","Wood Bison","Fecal","WBNP_Oct24_080","30-Oct-24",2024,2024,"",NA,NA,NA,NA,NA,NA,"98%",98,"89/91","136/138","181/187","241/269","103/103","135/141","91/97","129/143","191/195","238/252","89/89",NA,"115/115","172/174","225/229","145/147","154/158","88/90","140/148","194/194","252/252","175/177","146/162","144/156","81/83","132/132","165/183","138/142","262/262","146/146","125/129","151/155","91/95","146/150","180/180","108/112","170/170","83/89","161/165","85/89","116/116","167/167","228/238","132/134","96/98","101/103","181/181","205/205","162/164","149/153"
2563,"M.Grant Thesis","WBNP","Wood Bison","Fecal","WBNP_Oct24_084","30-Oct-24",2024,2024,"",NA,NA,NA,NA,NA,NA,"92%",92,"89/89","136/138","185/187","253/269","103/103","135/147","85/103","143/143","189/189","248/252","87/89","143/158","115/115",NA,NA,"143/143","156/158","90/102","128/140","188/188","252/252","173/173","146/152","156/156","81/83","122/124","165/185","142/148","260/262","150/150","125/129","155/157","92/92","150/150","180/184","112/112","170/172","85/89","165/173","89/89",NA,"161/167","228/228","130/132","98/102","99/99","181/191","205/205","158/168",NA
2565,"M.Grant Thesis","WBNP","Wood Bison","Fecal","WBNP_Oct24_090","30-Oct-24",2024,2024,"",NA,NA,NA,NA,NA,NA,"100%",100,"89/91","136/138","179/181","241/253","103/103","135/145","97/103","129/143","191/191","238/252","87/87","153/162","115/115","182/182","229/231","143/143","156/158","90/102","128/140","194/194","252/252","173/173","146/152","154/160","81/83","124/124","183/183","142/142","260/262","140/150","125/129","151/155","92/94","146/150","180/180","106/112","170/172","89/89","165/169","81/85","116/116","167/167","228/238","130/134","96/98","99/103","179/181","205/211","160/168","149/153"
2566,"M.Grant Thesis","WBNP","Wood Bison","Fecal","WBNP_Oct24_098","30-Oct-24",2024,2024,"",NA,NA,NA,NA,NA,NA,"98%",98,"89/89","134/142","175/181","241/269","103/103","141/141","93/97","129/149","191/191","238/238","87/87","149/162","113/115","172/172","229/229","143/143","158/158","90/102","128/140","190/200","252/252","165/167","152/152","154/160",NA,"124/132","175/183","142/142","260/262","146/150","127/129","155/157","92/92","150/150","180/180","90/106","174/174","85/89","161/165","81/89","114/116","167/167","224/228","128/134","104/104","99/101","181/191","205/211","142/144","149/151"
2567,"M.Grant Thesis","WBNP","Wood Bison","Fecal","WBNP_Oct24_100","30-Oct-24",2024,2024,"",NA,NA,NA,NA,NA,NA,"94%",94,"89/91","138/138","179/191","253/253","103/103","141/145","97/97","129/129","189/191","238/238","87/89","143/158","115/115","172/172","231/231","143/143","158/158","90/90","128/140","194/194","252/252","165/167","146/146","144/154","83/83","124/132","183/183","142/150","260/260","140/150","129/129","155/155","92/95","146/146","180/192","110/110","168/172","85/89","169/173","85/89",NA,NA,"228/228","130/130","104/104",NA,"181/191","205/205","166/166","151/151"
2570,"M.Grant Thesis","WBNP","Wood Bison","Fecal","WBNP_Oct24_113","30-Oct-24",2024,2024,"",NA,NA,NA,NA,NA,NA,"98%",98,"89/91","136/136","187/187","253/253","103/103","145/147","93/97","129/129","189/191","238/252","87/87","161/161","108/108","174/182","227/229","143/143","156/158","90/90","128/142","194/194","252/252","167/173","152/152","154/156","83/85","124/124","183/183","142/150","262/262","150/150","129/129","159/159","92/92","146/146","192/192","106/106","168/170","81/89","161/161","85/89","108/108","167/167","232/232","130/130","104/104","99/101","181/191","211/211","164/164",NA
2576,"M.Grant Thesis","WBNPPAD","Wood Bison","Fecal","WBNP-1141-Fe","3/14/2023",2023,2023,"",NA,NA,NA,NA,NA,NA,"98%",98,"89/91","136/140","179/187","241/253","103/104","141/147","83/89","143/143","189/191","238/252","87/87","161/161","108/113","172/174","225/231","143/147","156/156","90/90","138/140","194/194","252/252","177/177","152/158","144/156","77/81","120/124","175/183","142/142","262/262","140/150","125/129","155/157","91/91","146/150","180/184","110/112","172/174","89/89","169/173","87/89",NA,"167/167","228/228","118/130","98/104","103/103","181/191","205/211","166/166","149/149"
2578,"M.Grant Thesis","WBNPHC","Wood Bison","Fecal","WBNP-1144-Fe","3/15/2023",2023,2023,"",NA,NA,NA,NA,NA,NA,"90%",92,"89/91","138/138","181/187","253/253","103/104","135/135","93/105","129/143","191/191","238/238","87/87","143/143","113/115",NA,"229/229","143/143","154/158","88/90","142/146","194/194","252/252","173/173","142/142","154/154","81/81","122/132","183/183","142/142","262/262","150/150","123/125","155/155","91/92","150/150","180/192","106/112","172/174","85/89","165/165","89/89",NA,NA,"228/240","118/128","104/104","103/103","177/181","205/211","142/142",NA
2580,"M.Grant Thesis","WBNPHC","Wood Bison","Fecal","WBNP-1147-Fe","3/15/2023",2023,2023,"",NA,NA,NA,NA,NA,NA,"98%",98,"89/91","134/136","187/187","253/253","103/104","145/145","93/103","129/143","191/195","238/238","87/89","162/162","113/115","172/172","227/233","143/143","154/158","90/90","128/140","190/194","252/252","167/167","152/166","154/154","81/81","124/132","175/183","142/148","256/260","148/150","125/129","155/157","92/95","150/154","196/198","108/110","170/174","85/85","165/169","89/91","116/120","167/167","228/240","130/130","98/98","99/103","181/191","205/211","142/158",NA
2582,"M.Grant Thesis","WBNPNY","Wood Bison","Fecal","WBNP-757-Fe","3/17/2023",2023,2023,"",NA,NA,NA,NA,NA,NA,"94%",96,"89/89","136/138","181/187","253/269",NA,"145/145","93/103","129/129","191/195","232/238","87/87","160/162","113/115","172/174","227/229","143/143","158/158","90/90","140/150","190/194","252/252","173/175","152/152","154/156",NA,"124/124","165/183","138/142","260/262","150/150","123/129","155/155","91/91","146/150","180/196","106/106","170/172","85/95","169/169","85/87","116/116","167/167","228/240","118/130","102/104","95/103","181/181","205/211","142/142","145/153"
2583,"M. Grant Thesis","AISH","Wood Bison","Fecal","YUK-1047-Fe","2/23/2022",2022,2022,"",NA,NA,NA,NA,NA,NA,"96%",98,"89/91","136/136","181/181","241/253",NA,"135/141","93/103","129/129","189/195","232/238","89/89","147/158","108/113","176/178","227/229","143/143","158/158","90/90","142/146","190/194","252/252","167/177","146/152","144/154","83/83","124/124","179/183","138/142","260/262","140/146","129/129","155/155","91/95","148/150","180/180","110/112","166/166","85/89","165/173","87/89","116/118","167/167","236/238","130/130","98/102","95/101","181/191","205/211","158/166","149/149"
2584,"M. Grant Thesis","AISH","Wood Bison","Fecal","YUK-13-Fe","2/23/2022",2022,2022,"",NA,NA,NA,NA,NA,NA,"96%",96,"91/91","134/136","187/187","253/269",NA,NA,"93/103","129/129","191/191","252/252","89/89","158/162","113/115","174/178","229/229","143/143","158/160","88/102","128/142","190/194","252/252","167/173","146/152","160/160","77/83","124/124","183/183","142/142","260/262","140/150","123/125","155/155","92/95","146/150","180/180","110/112","166/172","85/89","161/161","81/87","116/118","167/167","228/238","114/130","98/102","95/95","181/191","201/215","158/158","145/152"
2587,"M. Grant Thesis","AISH","Wood Bison","Fecal","YUK-223-Fe",NA,NA,2022,"",NA,NA,NA,NA,NA,NA,"98%",98,"89/91","134/136","187/187","253/269","103/103","145/145","103/103","129/141","189/191","232/238","87/87","158/158","108/113","174/178","229/229","143/143","158/158","90/102","142/146","194/194","252/252","173/173","146/152","154/160","77/83","124/124","183/183","138/142",NA,"150/150","125/129","155/159","91/95","150/150","180/184","112/112","172/172","89/89","161/173","87/89","116/116","167/167","228/238","128/128","102/104","101/101","181/181","201/205","158/158","149/153"
2590,"M. Grant Thesis","AISH","Wood Bison","Fecal","YUK-559-Fe","Mar-23",2023,2023,"",NA,NA,NA,NA,NA,NA,"98%",98,"89/89","136/138","187/187","253/253","103/103","141/145","93/93","129/143","191/191","238/238","87/89","158/158","108/115","172/174","227/229","143/143","154/160","90/90","142/146","194/194","250/252","167/173","152/164","154/160","77/83","124/124","175/183","142/142","262/262","150/150","129/129","153/155",NA,"150/150","180/184","110/112","170/172","85/85","161/165","89/89","116/118","161/167","224/228","114/114","92/104","95/103","181/191","201/205","166/166","149/151"
2591,"M. Grant Thesis","AISH","Wood Bison","Fecal","YUK-578-Fe","Feb-21",2021,2021,"",NA,NA,NA,NA,NA,NA,"92%",92,"89/91","136/136","181/187","253/253","103/103","141/141","103/103","129/141","191/191","232/238","87/89","158/162","113/115","172/174","229/231","143/143","156/158","90/90","128/142","194/194","252/252","173/173","152/152","152/154","77/77","124/132","165/175","138/142","262/262","150/150","125/129","155/157","91/91","150/150","184/192","106/112","166/172","89/89","161/165","85/89",NA,"167/167","228/238","130/130",NA,NA,"181/191","205/207","144/168",NA
2592,"M. Grant Thesis","EINPP","Plains Bison","Fecal","EINP_P17","10/22/23",2023,2023,"",NA,NA,NA,NA,NA,NA,"98%",98,"91/93","134/136","185/185","249/271","103/103","135/135","97/101","129/143","191/191","238/254","87/89","143/160","108/108","174/174","229/229","143/143","154/158","88/88","140/150","194/200","254/254","173/175","158/158","144/144","81/83","122/124","181/181","142/148","262/262","146/146","127/127","155/159","91/92","146/150","180/184","108/110","170/170","83/83","161/165","87/89","116/116",NA,"224/240","130/130","92/96","95/101","191/191","205/211","168/170","149/149"
2593,"M. Grant Thesis","EINPP","Plains Bison","Fecal","EINP_P87","10/22/23",2023,2023,"",NA,NA,NA,NA,NA,NA,"94%",94,"91/91","138/140","175/175","241/241","103/103","135/141","89/97","129/143","189/191",NA,"85/87","143/160","115/115","174/178","229/231",NA,"154/158","88/90","128/140","190/200","244/252","173/175","158/162","158/158","81/83","124/124","179/185","142/148","260/262","140/146","127/127","153/155","92/95","146/146","180/192","108/108","170/172","89/89","161/161","87/89",NA,"161/165","236/240","118/130","96/98","101/101","191/191","205/211","142/168","149/149"
2595,"M. Grant Thesis","EINPP","Plains Bison","Fecal","EINP_P64","10/22/23",2023,2023,"",NA,NA,NA,NA,NA,NA,"96%",96,"91/91","136/138","187/187","245/271","103/104","135/135","97/101","129/143","195/195","238/238","87/91","143/158","108/113","172/180","229/229","147/147","154/160","90/100","140/140","194/200","246/250","175/175","152/158","156/156","83/83","122/124","165/183","142/142","260/262","140/148","125/127","153/153","91/95","146/146","192/192","106/108","170/170","89/89","161/173",NA,NA,"161/167","240/240","130/130","92/104","95/101","181/191","207/211","162/168","149/149"
2603,"M. Grant Thesis","EINPW","Wood Bison","Fecal","EINP_W83","10/22/23",2023,2023,"",NA,NA,NA,NA,NA,NA,"94%",94,"89/89","136/136","179/187","253/253","103/103","141/145","93/97","129/143","189/191","238/238","87/87","158/158","115/115","174/174","229/229","143/143","158/160","90/90","140/140","188/194","252/252","167/173","152/152","154/156","77/83","124/124","179/183","142/142",NA,"142/150","125/125","155/159","92/95","148/148","180/180","112/112","166/170","85/89","161/161","89/89",NA,"167/167","228/236","130/130","98/98","95/101","181/181","205/215","144/168",NA
2606,"M. Grant Thesis","EINPW","Wood Bison","Fecal","EINP_WB106","23-Oct-24",2024,2024,"",NA,NA,NA,NA,NA,NA,"96%",96,"89/93","136/136","179/187","253/253","103/103","141/145","93/103","129/143","191/191","238/238","87/87","158/162","115/115","172/174","229/231","143/143","156/158","102/102","146/146","194/194","250/252","167/167","152/152","154/154","77/83","124/132","165/165","142/142","260/260","146/150","129/129","155/157","91/91","150/150","184/194","112/112","172/172","85/89","161/161","89/89",NA,"161/167","228/238","130/134","92/102","95/101","177/181","207/211","168/168",NA
