Herd,Subspecies,Case #,Lab,Genotypes received,File,ID NAME,ID,Sample,AGLA232,,BL1036,,BM1225,,BM1706,,BM17132,,BM1824b,,BM1862,,BM2113b,,BM2830,,BM4028,,BM4107,,BM4311,,BM4440,,BM47,,BM6017,,BM711,,BM720,,BM757,,BMC4214,,BMS1001,,BMS1074,,BMS1117,,BMS1172,,BMS1315,,BMS1355,,BMS1675,,BMS1716,,BMS1747,,BMS1857,,BMS1862,,BMS2258,,BMS2639,,BMS410,,BMS510,,BMS527,,BMS528,,BMS601,,BMS812,,BMS911,,BMS941,,HUJ246,,IL4,,ILSTS102,,INRA037,,INRA133,,INRA194,,RM372,,SPS115,,TGLA122b,,TGLA44,,TGLA53b,,URB011,,Se4748F,,,,,,,,,,,,,,,,,,,,,,,,,,,,,,,,,,,,,,,,,,,,,,,,,,,,,,,,
BNP,plains,EIB553,Davis,2021,EIB77_773_Parks Canada_Results,20,27,,161,165,181,191,253,271,238,254,89,91,184,196,201,207,127,127,158,158,114,116,179,183,98,98,125,127,103,105,118,122,161,167,229,233,194,200,175,175,113,115,156,156,89,91,88,88,135,135,146,146,85,91,195,195,95,99,160,161,144,170,127,148,168,168,83,89,92,92,165,165,140,146,172,172,108,108,102,104,83,83,260,262,105,93,143,145,124,126,240,240,144,156,130,134,250,252,148,148,155,157,136,138,143,151,,,,,,,,,,,,,,,,,,,,,,,,,,,,,,,,,,,,,,,,,,,,,,,,,,,,,,,,,
BNP,plains,EIB554,Davis,2021,EIB77_773_Parks Canada_Results,21,28,,161,173,181,181,253,271,250,252,89,89,184,192,202,211,129,143,162,162,108,116,179,181,96,98,123,131,103,105,118,122,161,161,229,229,190,198,187,187,115,115,154,158,89,91,90,90,135,141,146,146,87,89,189,195,95,99,160,161,142,164,140,150,168,168,89,89,92,92,165,175,140,146,172,180,108,112,104,106,81,83,256,260,101,105,143,143,122,124,228,236,144,160,130,130,244,250,142,150,153,159,136,136,149,151,,,,,,,,,,,,,,,,,,,,,,,,,,,,,,,,,,,,,,,,,,,,,,,,,,,,,,,,,
BNP,plains,EIB555,Davis,2021,EIB77_773_Parks Canada_Results,22,29,,161,161,191,191,241,245,238,238,87,87,180,184,207,211,143,149,150,162,114,118,179,181,92,98,127,129,103,103,118,118,161,167,229,231,194,194,175,187,113,113,154,158,89,91,102,88,135,135,146,150,89,91,191,195,95,99,160,161,156,162,127,127,172,174,83,89,92,92,165,173,140,146,172,174,106,108,104,112,81,83,262,262,89,97,143,145,122,124,240,240,156,156,130,130,246,250,138,142,155,159,136,138,153,153,,,,,,,,,,,,,,,,,,,,,,,,,,,,,,,,,,,,,,,,,,,,,,,,,,,,,,,,,
BNP,plains,EIB556,Davis,2021,EIB77_773_Parks Canada_Results,23,30,,161,165,177,191,241,253,238,238,87,89,192,192,202,207,127,143,158,164,114,114,179,185,92,98,123,125,103,103,122,122,167,167,231,231,194,200,179,185,108,113,156,158,89,91,88,88,141,147,146,150,85,87,189,195,101,101,160,161,142,170,127,140,168,172,83,89,92,92,163,167,140,146,172,172,108,112,104,104,83,83,262,262,101,91,143,145,124,124,228,240,154,156,118,134,250,254,138,142,153,155,134,136,149,151,,,,,,,,,,,,,,,,,,,,,,,,,,,,,,,,,,,,,,,,,,,,,,,,,,,,,,,,,
BNP,plains,EIB557,Davis,2021,EIB77_773_Parks Canada_Results,24,31,,165,173,179,179,245,253,232,254,85,87,192,198,205,205,143,149,142,152,108,116,179,181,104,98,125,127,103,103,104,122,161,167,231,231,194,200,185,187,113,113,158,158,91,91,102,90,141,141,146,148,87,91,191,191,101,95,161,170,142,156,140,142,170,170,85,89,95,95,167,175,146,146,172,178,108,108,104,104,83,83,260,262,89,97,143,145,122,124,228,240,154,154,130,134,250,250,138,142,155,157,136,136,149,149,,,,,,,,,,,,,,,,,,,,,,,,,,,,,,,,,,,,,,,,,,,,,,,,,,,,,,,,,
BNP,plains,EIB558,Davis,2021,EIB77_773_Parks Canada_Results,25,32,,161,173,191,191,247,247,238,238,89,91,180,184,211,215,129,149,158,158,114,116,179,185,98,98,127,129,103,105,122,122,161,167,229,231,194,200,181,187,108,115,156,160,91,91,88,90,135,135,146,146,87,91,195,195,95,99,160,160,162,164,140,140,172,186,83,83,92,95,173,175,140,140,178,180,106,108,104,104,83,85,262,262,89,97,143,145,124,124,228,240,156,156,130,134,250,252,142,142,153,153,136,140,151,151,,,,,,,,,,,,,,,,,,,,,,,,,,,,,,,,,,,,,,,,,,,,,,,,,,,,,,,,,
BNP,plains,EIB559,Davis,2021,EIB77_773_Parks Canada_Results,26,33,,161,173,177,177,241,241,238,238,87,89,180,192,211,215,129,143,158,162,108,116,179,183,104,98,123,123,103,105,114,118,161,161,229,231,190,194,175,187,108,113,154,158,89,89,88,90,135,141,146,148,87,91,189,189,101,99,143,160,158,158,127,148,168,172,83,89,92,92,173,175,148,150,172,178,108,108,104,106,81,83,256,260,101,105,143,143,122,124,228,240,144,156,130,134,246,250,142,150,155,155,134,136,149,149,,,,,,,,,,,,,,,,,,,,,,,,,,,,,,,,,,,,,,,,,,,,,,,,,,,,,,,,,
BNP,plains,EIB560,Davis,2021,EIB77_773_Parks Canada_Results,27,34,,161,173,191,191,249,253,238,238,85,89,180,180,205,211,149,149,150,152,114,114,183,185,92,96,127,131,103,103,104,114,161,161,231,231,194,200,181,187,113,115,156,158,91,93,88,90,135,141,146,146,87,91,189,191,103,99,143,160,158,158,148,150,168,172,83,89,92,95,165,167,140,146,176,178,106,110,102,104,83,83,262,262,89,97,143,143,122,122,240,240,156,158,118,134,250,254,142,142,155,159,136,136,149,149,,,,,,,,,,,,,,,,,,,,,,,,,,,,,,,,,,,,,,,,,,,,,,,,,,,,,,,,,
BNP,plains,EIB561,Davis,2021,EIB77_773_Parks Canada_Results,28,35,,161,165,191,191,249,271,238,238,87,87,192,198,211,215,149,149,156,158,118,118,179,181,92,98,125,129,103,103,114,114,165,167,229,229,194,200,175,187,113,115,154,158,91,91,100,88,135,141,146,150,91,91,191,191,95,95,160,161,168,168,127,150,168,170,89,91,92,92,163,173,150,150,172,180,106,108,104,104,81,83,262,262,89,93,143,145,124,124,224,240,154,156,130,134,250,254,138,148,155,155,136,140,149,151,,,,,,,,,,,,,,,,,,,,,,,,,,,,,,,,,,,,,,,,,,,,,,,,,,,,,,,,,
BNP,plains,EIB562,Davis,2021,EIB77_773_Parks Canada_Results,29,36,,161,173,181,181,241,245,232,238,85,91,180,184,211,211,129,129,158,162,116,116,179,181,104,98,123,123,103,105,118,122,161,161,231,231,194,200,175,185,108,113,158,158,91,91,88,88,135,135,146,146,87,91,195,195,101,95,154,160,166,168,127,150,168,170,83,89,92,94,163,175,140,146,172,176,106,106,104,104,81,83,262,262,91,93,143,145,122,122,228,240,156,156,130,134,250,250,142,150,155,155,136,140,149,149,,,,,,,,,,,,,,,,,,,,,,,,,,,,,,,,,,,,,,,,,,,,,,,,,,,,,,,,,
BNP,plains,EIB511,Davis,2021,EIB77_773_Parks Canada_Results,415,13,,161,165,177,193,241,271,238,238,89,89,180,192,205,207,127,129,152,164,114,118,179,183,92,96,123,127,103,103,122,122,161,167,231,231,194,194,185,187,108,108,158,158,89,89,88,90,135,141,146,146,85,87,189,191,101,95,160,161,168,170,140,140,168,168,83,89,91,92,163,175,140,146,172,172,108,110,104,106,83,83,262,262,89,91,143,145,124,124,228,240,156,156,118,130,254,254,142,142,155,155,134,136,149,151,,,,,,,,,,,,,,,,,,,,,,,,,,,,,,,,,,,,,,,,,,,,,,,,,,,,,,,,,
BNP,plains,EIB505,Davis,2021,EIB77_773_Parks Canada_Results,420,11,,161,173,191,191,241,247,238,254,87,89,192,198,201,211,129,143,158,162,114,118,179,185,92,92,125,131,103,105,104,104,161,167,229,231,194,200,175,181,113,113,158,158,89,91,88,90,135,135,146,146,87,91,189,195,95,99,160,160,142,162,140,142,170,174,89,89,92,95,165,175,140,146,172,178,108,108,102,102,81,83,262,262,105,93,143,145,122,124,228,240,144,156,118,130,250,250,142,150,153,155,134,136,149,151,,,,,,,,,,,,,,,,,,,,,,,,,,,,,,,,,,,,,,,,,,,,,,,,,,,,,,,,,
BNP,plains,EIB499,Davis,2021,EIB77_773_Parks Canada_Results,421,9,,161,161,177,191,241,249,238,238,87,89,180,180,211,215,129,143,150,162,114,116,179,179,104,96,123,127,103,105,114,118,161,167,229,229,194,194,185,187,108,113,154,158,89,91,88,88,135,147,146,150,87,91,189,191,101,99,143,160,142,158,127,127,168,172,83,89,92,92,175,175,146,150,172,178,108,108,104,104,81,81,260,262,101,101,143,147,122,124,228,228,156,156,130,130,246,250,142,142,155,155,136,140,149,149,,,,,,,,,,,,,,,,,,,,,,,,,,,,,,,,,,,,,,,,,,,,,,,,,,,,,,,,,
BNP,plains,EIB487,Davis,2021,EIB77_773_Parks Canada_Results,424,6,,161,161,181,191,241,249,238,254,91,91,180,180,205,211,129,129,158,158,116,118,181,181,104,98,123,127,103,105,118,118,161,167,229,231,194,200,175,187,108,113,154,158,91,91,88,88,135,135,146,146,87,87,195,195,101,95,160,160,166,168,127,140,168,170,83,89,92,94,163,175,140,150,172,176,106,112,104,104,81,81,262,262,91,93,143,143,122,124,236,240,156,156,134,134,250,250,142,142,155,155,136,136,149,151,,,,,,,,,,,,,,,,,,,,,,,,,,,,,,,,,,,,,,,,,,,,,,,,,,,,,,,,,
BNP,plains,EIB481,Davis,2021,EIB77_773_Parks Canada_Results,425,4,,161,173,191,191,247,271,238,238,87,89,180,192,211,211,129,129,158,162,114,114,179,185,92,98,129,131,103,103,118,122,161,161,231,231,194,200,181,185,108,115,156,158,89,91,88,90,135,135,146,148,87,87,189,195,95,99,160,160,162,162,127,140,174,186,83,89,92,92,173,175,140,150,178,180,108,108,104,104,81,85,262,262,93,97,143,145,124,124,240,240,156,156,130,130,246,250,142,142,153,159,136,136,149,151,,,,,,,,,,,,,,,,,,,,,,,,,,,,,,,,,,,,,,,,,,,,,,,,,,,,,,,,,
BNP,plains,EIB475,Davis,2021,EIB77_773_Parks Canada_Results,426,1,,165,165,191,191,271,271,238,250,87,89,192,196,205,207,127,143,158,158,108,114,179,181,96,98,125,127,103,103,118,122,161,167,225,229,194,194,175,175,115,115,156,158,89,91,88,88,135,135,146,146,87,91,189,195,95,99,161,170,142,144,148,150,168,168,83,85,92,92,165,175,146,146,172,180,108,112,102,104,81,83,260,262,101,93,143,145,124,124,240,240,144,154,130,130,246,250,138,148,157,159,136,136,143,145,,,,,,,,,,,,,,,,,,,,,,,,,,,,,,,,,,,,,,,,,,,,,,,,,,,,,,,,,
BNP,plains,EIB518,Davis,2021,EIB77_773_Parks Canada_Results,428,15,,161,173,177,181,253,271,250,252,85,89,192,192,202,211,143,149,156,162,108,116,179,183,104,98,123,131,103,105,114,122,161,167,229,233,190,200,187,187,115,115,156,158,89,91,90,90,135,141,146,148,87,87,195,195,101,99,160,161,142,158,140,140,168,170,83,89,91,92,165,167,140,146,176,180,108,108,104,106,81,83,260,262,101,89,143,143,122,124,228,236,144,144,130,134,250,250,142,150,153,159,136,136,149,151,,,,,,,,,,,,,,,,,,,,,,,,,,,,,,,,,,,,,,,,,,,,,,,,,,,,,,,,,
BNP,plains,EIB512,Davis,2021,EIB77_773_Parks Canada_Results,431,14,,165,173,191,191,249,253,238,238,89,91,180,192,211,215,129,143,142,162,118,118,179,185,96,98,123,131,103,103,118,118,161,167,229,229,194,194,175,187,113,113,158,158,91,91,100,100,135,147,146,148,87,87,189,191,95,95,143,160,168,168,150,150,168,168,89,95,92,94,173,175,150,150,172,180,106,108,102,102,81,83,256,262,89,91,145,145,122,124,224,240,154,156,130,130,250,250,138,142,157,157,136,140,143,149,,,,,,,,,,,,,,,,,,,,,,,,,,,,,,,,,,,,,,,,,,,,,,,,,,,,,,,,,
BNP,plains,EIB506,Davis,2021,EIB77_773_Parks Canada_Results,432,12,,161,161,191,191,241,245,250,250,85,89,180,180,211,215,129,149,142,158,108,114,165,185,92,92,125,125,103,103,118,118,161,161,229,231,190,198,185,187,108,115,154,156,89,91,100,88,135,135,146,150,85,87,191,191,101,95,160,160,142,162,127,148,172,176,89,89,92,92,163,175,140,150,172,180,106,108,104,104,83,83,260,262,101,93,143,143,122,124,228,240,154,156,130,130,250,254,148,150,153,155,136,136,149,151,,,,,,,,,,,,,,,,,,,,,,,,,,,,,,,,,,,,,,,,,,,,,,,,,,,,,,,,,
BNP,plains,EIB500,Davis,2021,EIB77_773_Parks Canada_Results,433,10,,161,173,191,191,241,249,238,238,89,89,180,180,205,211,127,149,152,162,114,116,165,183,104,96,125,127,103,103,114,118,161,165,229,231,190,200,181,187,113,115,156,158,91,91,88,90,135,135,146,150,87,91,189,189,101,103,143,160,144,158,127,150,168,168,83,89,92,95,165,173,140,146,178,180,108,110,102,104,83,83,262,262,89,93,143,143,122,122,228,240,156,158,130,134,250,254,142,142,153,155,136,136,149,149,,,,,,,,,,,,,,,,,,,,,,,,,,,,,,,,,,,,,,,,,,,,,,,,,,,,,,,,,
BNP,plains,EIB488,Davis,2021,EIB77_773_Parks Canada_Results,436,7,,161,161,191,191,245,247,238,238,87,87,184,192,207,211,129,143,150,162,108,114,179,185,92,92,129,129,103,103,114,118,161,167,229,229,194,200,187,187,113,113,154,158,91,91,88,88,135,135,146,150,91,91,191,195,95,95,160,160,142,162,127,140,170,174,83,89,92,92,165,177,140,146,172,178,106,108,104,112,83,85,262,262,105,97,143,143,124,124,240,240,156,156,130,130,246,254,142,142,159,159,136,136,149,153,,,,,,,,,,,,,,,,,,,,,,,,,,,,,,,,,,,,,,,,,,,,,,,,,,,,,,,,,
BNP,plains,EIB476,Davis,2021,EIB77_773_Parks Canada_Results,443,2,,165,173,179,191,253,253,238,254,87,91,180,192,205,207,143,143,142,156,108,108,179,179,92,98,123,125,103,103,104,122,161,167,229,231,194,194,185,185,113,115,158,160,89,91,88,90,137,141,146,148,87,91,189,191,101,95,160,170,156,156,127,140,168,170,83,85,92,95,167,175,140,146,172,178,108,110,104,104,83,83,260,262,89,97,143,143,122,122,240,240,154,154,130,134,246,250,138,148,153,157,136,136,149,149,,,,,,,,,,,,,,,,,,,,,,,,,,,,,,,,,,,,,,,,,,,,,,,,,,,,,,,,,
BNP,plains,EIB495,Davis,2021,EIB77_773_Parks Canada_Results,457,8,,161,161,191,191,247,271,238,250,85,91,180,180,211,211,127,149,150,164,118,118,179,185,92,98,129,131,103,104,118,118,161,167,231,231,190,200,175,187,115,115,156,158,89,91,88,90,135,135,148,150,85,89,191,195,101,99,143,161,158,168,127,150,168,168,83,89,92,92,163,175,146,150,172,178,108,110,102,102,83,83,262,262,105,91,147,147,122,124,228,236,154,156,118,130,250,254,142,148,155,159,136,136,149,149,,,,,,,,,,,,,,,,,,,,,,,,,,,,,,,,,,,,,,,,,,,,,,,,,,,,,,,,,
BNP,plains,EIB483,Davis,2021,EIB77_773_Parks Canada_Results,473,5,,161,173,191,191,241,271,238,250,85,87,184,184,201,211,129,149,162,162,108,118,179,185,96,98,129,131,103,103,122,122,165,167,229,229,198,200,185,187,115,115,154,158,91,91,90,90,135,135,146,150,87,89,189,195,95,99,154,160,142,164,140,140,170,172,83,83,91,92,163,175,146,148,172,172,108,108,104,104,83,83,260,262,91,97,143,143,120,122,228,240,144,154,130,130,244,254,142,142,155,159,134,136,149,149,,,,,,,,,,,,,,,,,,,,,,,,,,,,,,,,,,,,,,,,,,,,,,,,,,,,,,,,,
BNP,plains,EIB477,Davis,2021,EIB77_773_Parks Canada_Results,474,3,,161,161,179,181,241,271,238,238,85,89,190,198,205,211,149,149,150,152,114,114,165,181,96,98,125,131,103,103,122,122,161,167,225,229,200,202,175,187,113,115,158,158,91,91,88,90,135,137,146,146,89,91,189,195,101,99,143,160,142,160,127,150,168,172,83,89,92,92,165,175,146,150,172,178,106,108,102,102,83,83,262,262,101,89,143,143,124,124,238,238,154,156,130,134,250,254,142,142,155,159,136,138,149,151,,,,,,,,,,,,,,,,,,,,,,,,,,,,,,,,,,,,,,,,,,,,,,,,,,,,,,,,,
BNP,plains,EIB520,Davis,2021,EIB77_773_Parks Canada_Results,479,16,,161,161,191,191,245,271,238,238,87,87,192,198,211,211,149,149,158,164,118,118,181,183,92,98,129,131,103,104,114,122,165,167,229,229,190,200,187,187,115,115,154,158,89,91,88,90,135,135,150,150,87,91,189,191,95,99,161,161,168,168,127,127,170,170,89,89,92,95,163,175,146,150,178,180,108,108,104,104,83,83,262,262,89,89,143,145,122,124,228,240,154,154,130,134,254,254,148,148,155,159,136,136,149,149,,,,,,,,,,,,,,,,,,,,,,,,,,,,,,,,,,,,,,,,,,,,,,,,,,,,,,,,,
BNP,plains,EIB719,Davis,2021,EIB77_773_Parks Canada_Results,1-003,39,,161,173,191,191,241,247,238,254,87,87,184,198,201,211,129,143,158,162,108,114,179,185,92,92,129,131,103,105,114,114,167,167,229,231,194,200,175,187,113,113,154,158,91,91,88,90,135,135,146,150,91,91,189,191,95,99,160,160,142,162,140,142,170,174,83,89,92,92,165,175,140,140,178,178,108,108,104,104,81,83,262,262,105,105,143,145,124,124,228,240,156,156,130,130,246,250,142,150,155,159,134,136,149,153,,,,,,,,,,,,,,,,,,,,,,,,,,,,,,,,,,,,,,,,,,,,,,,,,,,,,,,,,
BNP,plains,EIB723,Davis,2021,EIB77_773_Parks Canada_Results,1-007,43,,165,173,191,191,247,271,250,254,89,89,192,192,201,205,143,143,158,158,114,118,181,185,92,96,125,125,103,103,122,122,161,161,229,229,194,200,175,175,113,115,158,158,89,91,88,90,135,135,146,146,87,91,195,195,95,99,160,161,142,162,140,148,168,174,83,89,92,92,165,175,146,146,172,178,108,112,104,104,81,83,260,262,93,93,143,145,124,124,228,240,144,154,130,130,250,250,148,150,153,157,136,136,145,149,,,,,,,,,,,,,,,,,,,,,,,,,,,,,,,,,,,,,,,,,,,,,,,,,,,,,,,,,
BNP,plains,EIB724,Davis,2021,EIB77_773_Parks Canada_Results,1-008,44,,161,161,191,191,241,271,238,254,87,89,180,198,211,211,129,143,158,158,114,114,185,185,92,98,125,131,103,103,104,122,161,167,231,231,200,200,175,185,108,113,158,158,91,91,88,90,135,135,146,146,87,87,189,195,95,95,160,160,142,162,140,140,170,174,83,89,92,95,165,173,140,140,178,178,108,108,102,104,81,81,262,262,105,93,143,143,124,124,228,240,144,156,130,130,250,250,142,150,153,155,134,136,149,149,,,,,,,,,,,,,,,,,,,,,,,,,,,,,,,,,,,,,,,,,,,,,,,,,,,,,,,,,
BNP,plains,EIB725,Davis,2021,EIB77_773_Parks Canada_Results,1-009,45,,161,165,191,193,247,271,238,254,89,89,180,198,205,211,129,129,162,164,114,118,183,185,92,92,127,131,103,103,122,122,167,167,231,231,194,194,181,185,108,113,158,158,89,89,88,90,135,135,146,146,85,87,189,195,101,95,160,160,162,168,140,142,168,174,89,89,91,95,165,175,140,140,172,178,108,108,106,106,81,83,262,262,91,93,145,145,124,124,228,240,144,156,118,118,250,254,142,142,155,155,134,136,149,149,,,,,,,,,,,,,,,,,,,,,,,,,,,,,,,,,,,,,,,,,,,,,,,,,,,,,,,,,
BNP,plains,EIB728,Davis,2021,EIB77_773_Parks Canada_Results,1-012,48,,173,173,191,191,247,253,238,254,87,91,192,192,201,205,129,143,142,162,108,114,179,185,92,92,125,125,103,105,104,122,161,161,229,231,194,200,181,185,113,115,158,158,89,89,88,90,135,141,146,146,91,91,189,191,101,95,160,160,156,162,127,140,168,174,85,89,95,95,167,175,140,140,172,178,108,108,102,104,81,83,260,262,93,97,143,143,122,122,240,240,144,154,118,130,246,250,148,150,155,157,136,136,149,149,,,,,,,,,,,,,,,,,,,,,,,,,,,,,,,,,,,,,,,,,,,,,,,,,,,,,,,,,
BNP,plains,EIB729,Davis,2021,EIB77_773_Parks Canada_Results,1-013,49,,161,165,177,191,247,271,238,250,89,91,180,192,205,211,127,129,150,164,118,118,179,179,92,98,123,129,103,104,122,122,167,167,231,231,190,194,175,185,108,115,158,158,89,91,90,90,135,141,146,148,85,89,191,191,101,101,143,161,168,168,140,150,168,168,89,89,92,92,163,175,146,150,172,172,108,110,106,106,83,83,262,262,105,89,143,147,122,124,236,240,156,156,130,130,254,254,142,142,155,155,136,136,149,151,,,,,,,,,,,,,,,,,,,,,,,,,,,,,,,,,,,,,,,,,,,,,,,,,,,,,,,,,
BNP,plains,EIB732,Davis,2021,EIB77_773_Parks Canada_Results,1-016,51,,161,173,181,191,241,247,238,254,87,91,180,192,201,205,129,143,158,158,118,118,181,185,92,98,123,125,103,103,118,118,161,167,229,229,194,194,175,187,108,113,158,158,89,91,88,88,135,135,146,146,87,87,195,195,101,99,160,160,162,168,127,142,168,174,83,89,92,95,165,175,140,146,176,178,106,108,104,104,81,81,262,262,91,93,143,145,124,124,240,240,144,156,118,134,250,250,142,142,155,155,134,136,151,151,,,,,,,,,,,,,,,,,,,,,,,,,,,,,,,,,,,,,,,,,,,,,,,,,,,,,,,,,
BNP,plains,EIB717,Davis,2021,EIB77_773_Parks Canada_Results,Banff 1?,37,,161,161,191,191,245,271,238,250,85,87,180,184,207,211,127,129,150,164,108,118,185,185,92,92,129,131,103,104,118,118,161,161,229,231,190,200,187,187,113,115,154,158,91,91,88,88,135,135,150,150,85,91,191,195,101,95,160,161,158,162,127,140,168,174,83,83,92,92,163,177,140,146,178,178,108,110,102,112,83,85,262,262,91,97,143,147,122,124,236,240,156,156,118,130,254,254,142,142,155,159,136,136,149,149,,,,,,,,,,,,,,,,,,,,,,,,,,,,,,,,,,,,,,,,,,,,,,,,,,,,,,,,,
BNP,plains,EIB726,Davis,2021,EIB77_773_Parks Canada_Results,Banff 10?,46,,161,173,181,191,271,271,238,252,89,91,180,192,202,211,127,129,162,164,108,118,181,185,92,98,129,131,103,104,122,122,161,167,229,231,190,190,175,187,115,115,154,156,89,89,90,90,135,141,146,150,85,89,189,191,101,95,143,161,158,164,127,150,168,168,83,89,92,92,163,175,146,146,172,180,108,108,104,104,81,83,256,262,105,91,143,147,122,124,228,236,144,156,130,130,250,250,142,142,153,155,136,136,149,151,,,,,,,,,,,,,,,,,,,,,,,,,,,,,,,,,,,,,,,,,,,,,,,,,,,,,,,,,
BNP,plains,EIB727,Davis,2021,EIB77_773_Parks Canada_Results,Banff 11?,47,,161,161,191,191,247,249,238,238,87,89,180,192,211,215,129,143,158,162,116,118,179,185,92,96,123,131,103,103,104,114,161,161,229,231,194,200,181,187,113,113,158,158,89,91,88,88,135,135,146,146,91,91,189,189,101,99,160,160,142,142,127,140,172,174,89,89,92,95,165,175,146,146,172,172,108,108,102,104,81,81,262,262,101,105,143,143,124,124,228,240,156,156,130,130,246,250,142,142,153,155,136,136,149,151,,,,,,,,,,,,,,,,,,,,,,,,,,,,,,,,,,,,,,,,,,,,,,,,,,,,,,,,,
BNP,plains,EIB731,Davis,2021,EIB77_773_Parks Canada_Results,Banff 15?,50,,161,165,179,191,247,253,238,250,85,87,180,192,205,211,143,149,156,164,108,118,179,179,92,92,125,131,103,103,104,104,161,161,231,231,190,194,185,187,113,115,158,158,89,91,90,90,135,137,148,150,85,91,189,191,101,95,143,170,156,168,127,140,168,170,85,89,92,95,175,175,146,146,172,172,108,110,104,104,83,83,260,262,91,97,143,147,122,124,228,240,154,154,130,134,250,254,142,148,153,155,136,136,149,149,,,,,,,,,,,,,,,,,,,,,,,,,,,,,,,,,,,,,,,,,,,,,,,,,,,,,,,,,
BNP,plains,EIB734,Davis,2021,EIB77_773_Parks Canada_Results,Banff 18?,52,,161,165,181,191,241,253,238,238,85,91,190,192,205,211,143,149,142,150,108,114,179,181,92,96,123,125,103,103,104,122,161,167,229,229,194,200,175,185,113,115,158,160,89,91,90,90,135,137,146,146,87,91,189,195,101,99,160,160,156,160,127,140,170,172,83,85,92,95,167,175,146,146,172,172,106,108,102,104,83,83,260,262,101,97,143,143,122,124,238,240,154,156,130,134,250,250,138,142,157,159,136,138,149,151,,,,,,,,,,,,,,,,,,,,,,,,,,,,,,,,,,,,,,,,,,,,,,,,,,,,,,,,,
BNP,plains,EIB735,Davis,2021,EIB77_773_Parks Canada_Results,Banff 19?,53,,161,165,191,191,247,271,238,250,85,89,180,196,205,211,127,143,150,158,114,118,179,181,92,98,125,129,103,103,122,122,161,167,229,231,194,200,175,187,115,115,156,156,91,91,88,88,135,135,146,148,85,87,189,195,99,99,143,170,144,168,150,150,168,168,83,89,92,92,163,175,146,146,172,178,108,110,104,104,83,83,260,262,105,93,143,147,122,124,228,240,154,154,130,130,246,254,148,148,157,159,136,136,143,149,,,,,,,,,,,,,,,,,,,,,,,,,,,,,,,,,,,,,,,,,,,,,,,,,,,,,,,,,
BNP,plains,EIB718,Davis,2021,EIB77_773_Parks Canada_Results,Banff 2?,38,,161,173,177,191,247,271,250,250,85,85,180,192,202,211,143,149,150,156,108,118,183,185,92,98,131,131,103,105,118,122,167,167,231,233,190,200,187,187,115,115,156,158,89,89,90,90,135,135,148,148,85,87,191,195,101,99,143,161,158,168,140,150,168,170,83,83,91,92,163,165,146,150,176,178,108,110,102,104,83,83,262,262,105,89,143,147,124,124,228,236,144,154,130,134,250,254,148,150,155,159,136,136,149,151,,,,,,,,,,,,,,,,,,,,,,,,,,,,,,,,,,,,,,,,,,,,,,,,,,,,,,,,,
BNP,plains,EIB739,Davis,2021,EIB77_773_Parks Canada_Results,Banff 23?,54,,161,161,191,191,245,271,238,250,85,87,180,192,211,211,127,149,158,164,118,118,183,185,92,98,129,131,103,104,118,122,165,167,229,231,200,200,187,187,115,115,154,158,89,89,90,90,135,135,148,150,87,89,189,191,99,99,143,161,168,168,127,127,168,170,89,89,92,95,163,175,146,146,178,178,108,110,102,104,83,83,262,262,89,91,143,147,122,124,228,236,154,156,130,134,250,254,142,148,155,159,136,136,149,149,,,,,,,,,,,,,,,,,,,,,,,,,,,,,,,,,,,,,,,,,,,,,,,,,,,,,,,,,
BNP,plains,EIB720,Davis,2021,EIB77_773_Parks Canada_Results,Banff 4?,40,,161,173,191,191,241,241,238,238,89,89,180,198,205,211,127,143,160,162,114,116,165,179,104,92,125,127,103,103,104,118,165,167,229,229,190,194,181,181,113,113,156,158,89,91,88,88,135,135,146,150,87,91,189,189,103,95,143,160,158,162,140,150,168,170,89,89,95,95,165,175,140,146,178,178,108,108,102,102,83,83,262,262,105,89,143,143,122,122,228,228,144,156,118,130,250,254,142,150,155,155,136,136,149,149,,,,,,,,,,,,,,,,,,,,,,,,,,,,,,,,,,,,,,,,,,,,,,,,,,,,,,,,,
BNP,plains,EIB721,Davis,2021,EIB77_773_Parks Canada_Results,Banff 5?,41,,173,173,181,191,247,253,238,252,87,89,192,198,211,211,143,149,156,158,108,114,179,185,92,98,131,131,105,105,114,114,161,161,231,233,194,200,175,187,113,115,156,158,89,91,88,90,135,141,146,148,87,87,195,195,101,95,160,161,142,162,140,142,168,174,83,89,92,92,165,167,140,146,180,180,108,108,106,106,81,81,260,262,101,103,143,145,122,124,228,228,144,144,118,130,250,250,142,142,153,153,136,136,149,151,,,,,,,,,,,,,,,,,,,,,,,,,,,,,,,,,,,,,,,,,,,,,,,,,,,,,,,,,
BNP,plains,EIB722,Davis,2021,EIB77_773_Parks Canada_Results,Banff 6?,42,,161,161,191,191,247,249,238,250,89,91,180,180,211,211,127,149,162,164,116,118,165,179,96,98,127,129,103,104,118,118,165,167,231,231,190,200,175,181,115,115,156,158,89,91,88,90,135,135,146,148,85,91,189,191,101,101,143,161,158,158,127,127,168,168,83,83,92,92,165,175,146,150,172,180,108,110,102,102,83,83,262,262,91,93,143,147,122,122,228,240,154,156,130,130,250,254,142,142,155,159,136,136,149,149,,,,,,,,,,,,,,,,,,,,,,,,,,,,,,,,,,,,,,,,,,,,,,,,,,,,,,,,,
EINPP,plains,EIB523,Davis,2021,EIB77_773_Parks Canada_Results,1,17,,161,165,191,191,241,241,238,238,85,89,180,184,205,215,143,143,150,158,116,118,179,181,96,96,127,131,103,103,118,118,167,167,229,231,194,200,187,187,115,115,154,156,89,91,88,88,135,135,146,146,87,87,189,189,101,103,160,160,142,164,127,140,168,176,83,89,92,95,167,175,140,140,172,180,108,108,104,104,83,83,260,262,101,89,143,145,124,126,236,240,154,156,130,134,246,250,142,142,153,153,136,140,149,149,,,,,,,,,,,,,,,,,,,,,,,,,,,,,,,,,,,,,,,,,,,,,,,,,,,,,,,,,
EINPP,plains,EIB524,Davis,2021,EIB77_773_Parks Canada_Results,2,18,,161,161,179,191,249,253,232,250,87,91,180,198,205,211,149,149,156,158,108,116,179,185,104,92,125,127,103,103,114,114,167,167,231,233,190,194,175,185,108,113,156,160,89,91,88,88,135,135,146,146,89,91,189,189,101,95,161,161,164,164,127,150,168,170,89,89,92,95,167,173,140,146,176,180,108,110,106,106,81,83,260,262,105,89,143,143,124,124,236,240,156,158,130,130,250,254,148,150,153,155,136,136,149,153,,,,,,,,,,,,,,,,,,,,,,,,,,,,,,,,,,,,,,,,,,,,,,,,,,,,,,,,,
EINPP,plains,EIB525,Davis,2021,EIB77_773_Parks Canada_Results,3,19,,161,161,181,191,253,271,232,238,85,89,180,198,202,215,127,149,156,164,114,118,181,181,98,98,127,129,103,103,116,122,167,167,231,231,194,202,175,179,113,115,154,160,89,91,88,90,135,147,146,154,87,91,195,195,95,95,161,161,156,168,127,148,170,172,83,85,92,92,163,167,140,146,172,172,108,110,102,104,81,81,262,262,89,91,145,145,122,124,240,240,154,156,130,130,246,254,142,142,153,155,136,138,149,153,,,,,,,,,,,,,,,,,,,,,,,,,,,,,,,,,,,,,,,,,,,,,,,,,,,,,,,,,
EINPP,plains,EIB526,Davis,2021,EIB77_773_Parks Canada_Results,4,20,,161,161,191,191,245,253,238,252,89,91,180,180,205,205,143,149,152,156,108,116,179,181,92,98,127,129,103,103,114,114,167,167,231,233,194,200,187,187,108,115,154,158,91,91,88,88,137,147,146,146,85,87,189,195,103,99,160,160,142,164,140,140,170,170,89,89,92,92,173,175,146,150,174,174,108,108,102,102,81,83,262,262,101,97,145,145,124,124,228,236,144,144,134,134,250,250,148,148,153,155,136,138,149,149,,,,,,,,,,,,,,,,,,,,,,,,,,,,,,,,,,,,,,,,,,,,,,,,,,,,,,,,,
EINPP,plains,EIB527,Davis,2021,EIB77_773_Parks Canada_Results,5,21,,161,161,181,191,241,271,238,254,85,89,180,180,211,215,129,143,150,158,114,116,181,181,92,92,127,131,103,105,114,114,161,167,225,229,194,200,175,187,108,113,154,158,89,91,88,90,135,135,146,154,87,87,191,195,95,95,160,170,158,162,127,127,168,168,83,89,91,95,167,175,140,146,172,178,106,108,106,106,81,85,256,260,89,93,143,143,124,124,228,240,156,158,130,130,246,250,142,148,153,155,136,136,143,149,,,,,,,,,,,,,,,,,,,,,,,,,,,,,,,,,,,,,,,,,,,,,,,,,,,,,,,,,
EINPP,plains,EIB528,Davis,2021,EIB77_773_Parks Canada_Results,6,22,,161,173,177,191,241,249,232,238,87,91,192,198,205,211,149,149,156,158,114,116,179,183,104,98,125,125,103,103,114,114,167,167,229,231,190,194,175,175,108,108,154,156,89,91,88,90,135,135,146,150,85,91,189,189,101,95,160,161,156,164,127,150,170,170,89,89,92,92,173,175,140,140,172,180,108,110,102,106,83,85,262,262,101,89,143,143,124,124,236,240,156,156,130,130,250,254,150,150,155,155,136,136,149,149,,,,,,,,,,,,,,,,,,,,,,,,,,,,,,,,,,,,,,,,,,,,,,,,,,,,,,,,,
EINPP,plains,EIB529,Davis,2021,EIB77_773_Parks Canada_Results,7,23,,161,161,191,191,241,241,238,250,85,91,180,198,205,211,129,149,152,158,114,118,181,183,104,92,123,125,103,105,118,118,161,167,229,231,194,194,185,185,108,115,158,158,91,91,100,88,135,135,146,150,87,87,189,195,101,95,158,161,156,168,127,140,168,176,89,89,91,95,163,177,140,140,176,178,108,108,104,104,83,83,260,260,89,91,143,143,122,124,236,236,154,156,130,134,250,250,142,150,153,155,136,136,149,149,,,,,,,,,,,,,,,,,,,,,,,,,,,,,,,,,,,,,,,,,,,,,,,,,,,,,,,,,
EINPP,plains,EIB530,Davis,2021,EIB77_773_Parks Canada_Results,8,24,,161,161,181,191,241,271,238,254,87,87,180,180,201,211,129,149,158,158,116,118,179,183,92,98,125,127,105,105,120,122,161,167,231,231,194,194,175,175,113,115,154,158,91,91,100,90,135,141,146,146,87,87,189,191,101,101,161,170,158,168,127,150,168,176,83,89,91,92,175,175,140,150,172,178,108,108,102,106,81,83,256,262,105,93,143,143,124,124,238,240,144,158,118,130,252,254,142,142,155,159,134,136,149,149,,,,,,,,,,,,,,,,,,,,,,,,,,,,,,,,,,,,,,,,,,,,,,,,,,,,,,,,,
EINPP,plains,EIB531,Davis,2021,EIB77_773_Parks Canada_Results,9,25,,161,161,191,191,241,245,238,238,85,91,180,180,205,211,129,143,158,158,108,118,181,181,104,92,127,131,103,105,118,122,161,167,225,231,194,200,187,187,115,115,154,156,89,89,88,90,135,135,146,146,87,87,189,191,103,95,160,160,156,158,127,148,168,176,89,95,92,92,163,175,140,146,172,180,106,108,100,104,83,83,260,260,89,97,143,147,124,124,236,240,154,156,130,134,246,250,142,148,153,159,136,136,143,149,,,,,,,,,,,,,,,,,,,,,,,,,,,,,,,,,,,,,,,,,,,,,,,,,,,,,,,,,
EINPP,plains,EIB532,Davis,2021,EIB77_773_Parks Canada_Results,10,26,,161,173,181,191,241,271,232,238,87,91,192,198,205,211,127,143,142,162,114,116,181,181,98,98,131,131,103,105,118,118,161,161,229,233,194,200,181,185,113,115,154,154,89,93,88,88,135,135,146,146,85,87,191,195,95,99,143,160,162,164,127,140,168,168,83,83,91,92,173,175,146,146,172,178,108,108,104,104,83,83,260,262,101,97,143,147,124,124,236,240,144,156,118,130,246,250,142,148,155,159,136,138,145,151,,,,,,,,,,,,,,,,,,,,,,,,,,,,,,,,,,,,,,,,,,,,,,,,,,,,,,,,,
EINPP,plains,EIB517,Davis,2021,EIB77_773_Parks Canada_Results,414,113,,165,173,191,191,253,271,232,238,85,89,198,198,201,205,143,149,156,158,114,116,179,181,104,96,127,127,103,104,114,114,161,167,229,231,194,202,175,187,108,113,154,158,89,91,102,90,135,135,146,150,89,91,191,195,101,99,160,160,156,170,127,150,168,168,83,89,91,91,167,175,146,150,172,178,106,108,102,112,83,83,262,262,93,93,145,147,122,122,228,228,156,160,130,134,250,254,138,142,153,155,140,140,149,149,,,,,,,,,,,,,,,,,,,,,,,,,,,,,,,,,,,,,,,,,,,,,,,,,,,,,,,,,
EINPP,plains,EIB514,Davis,2021,EIB77_773_Parks Canada_Results,417,110,,161,161,177,191,241,245,250,254,85,89,192,198,205,207,143,149,164,164,114,116,181,181,96,96,127,127,103,107,114,122,161,167,229,231,194,202,175,187,113,115,160,160,89,91,100,88,135,147,148,154,85,87,189,189,95,99,160,161,156,156,148,148,168,168,85,89,92,92,165,175,146,146,172,172,106,110,102,102,81,83,256,260,105,89,143,143,122,124,240,240,156,156,118,130,244,246,138,148,155,157,136,136,143,149,,,,,,,,,,,,,,,,,,,,,,,,,,,,,,,,,,,,,,,,,,,,,,,,,,,,,,,,,
EINPP,plains,EIB508,Davis,2021,EIB77_773_Parks Canada_Results,418,106,,161,161,191,191,241,241,238,250,85,87,180,198,205,205,129,143,156,164,114,116,179,181,104,104,127,127,103,103,122,122,161,161,229,231,194,200,187,191,108,113,154,156,89,89,100,90,135,141,146,146,87,91,195,195,101,101,158,161,142,144,127,150,168,168,83,83,94,95,165,175,140,146,172,178,108,112,104,112,83,83,262,262,89,93,145,145,122,122,228,236,154,156,130,130,250,250,138,150,153,155,136,140,149,151,,,,,,,,,,,,,,,,,,,,,,,,,,,,,,,,,,,,,,,,,,,,,,,,,,,,,,,,,
EINPP,plains,EIB515,Davis,2021,EIB77_773_Parks Canada_Results,419,111,,161,165,191,191,241,245,238,238,87,89,190,192,207,211,143,143,150,158,108,108,181,185,92,98,123,129,103,103,114,122,161,167,229,231,194,194,175,187,113,115,154,156,91,91,100,88,135,135,146,146,87,91,191,191,95,99,143,160,142,158,127,140,170,186,89,89,91,92,165,177,146,150,172,172,106,108,104,112,83,83,262,262,105,105,143,145,124,124,236,240,156,158,130,130,246,254,142,142,159,159,136,142,149,153,,,,,,,,,,,,,,,,,,,,,,,,,,,,,,,,,,,,,,,,,,,,,,,,,,,,,,,,,
EINPP,plains,EIB502,Davis,2021,EIB77_773_Parks Canada_Results,422,102,,161,161,177,177,241,271,238,238,87,89,180,184,211,211,143,143,150,158,118,118,183,185,92,96,129,131,103,103,118,122,161,167,231,231,194,200,175,187,108,113,154,158,91,91,88,88,135,135,146,148,85,91,189,195,95,95,160,161,158,164,127,140,168,172,89,89,92,92,163,173,140,140,172,172,108,108,104,106,83,83,262,262,101,97,147,147,124,124,240,240,144,156,130,130,250,254,142,142,155,155,134,136,149,149,,,,,,,,,,,,,,,,,,,,,,,,,,,,,,,,,,,,,,,,,,,,,,,,,,,,,,,,,
EINPP,plains,EIB493,Davis,2021,EIB77_773_Parks Canada_Results,423,96,,173,173,177,179,241,253,232,238,85,91,180,184,205,207,149,149,158,164,114,118,181,185,98,98,127,131,103,103,122,122,161,161,229,231,194,200,185,187,113,115,154,158,89,91,100,100,141,141,146,148,87,87,189,189,101,95,160,160,142,164,127,148,172,174,89,89,95,95,163,175,146,150,172,180,106,108,102,102,81,83,262,262,93,97,145,145,122,122,228,238,156,156,130,134,250,250,142,148,153,155,136,136,149,149,,,,,,,,,,,,,,,,,,,,,,,,,,,,,,,,,,,,,,,,,,,,,,,,,,,,,,,,,
EINPP,plains,EIB496,Davis,2021,EIB77_773_Parks Canada_Results,427,98,,161,165,191,191,241,249,232,238,85,87,180,198,205,211,143,149,156,158,118,118,179,181,104,96,125,127,103,103,114,114,161,167,229,231,194,200,175,179,108,115,154,158,91,91,100,88,135,141,146,150,87,91,189,191,101,95,160,160,168,168,127,150,170,170,89,89,91,92,175,175,146,148,174,180,106,108,102,102,81,83,262,262,105,89,143,143,122,124,238,240,154,156,130,134,246,254,148,148,155,155,136,136,149,151,,,,,,,,,,,,,,,,,,,,,,,,,,,,,,,,,,,,,,,,,,,,,,,,,,,,,,,,,
EINPP,plains,EIB509,Davis,2021,EIB77_773_Parks Canada_Results,430,107,,161,173,181,181,241,249,232,238,89,89,184,192,205,211,129,149,150,158,114,118,179,183,104,98,125,127,103,105,118,122,161,161,229,231,194,194,175,175,115,115,158,160,89,89,90,90,135,135,146,150,87,87,189,195,101,99,160,160,142,158,127,150,168,168,89,89,91,92,175,175,140,146,174,180,106,108,104,104,81,85,262,262,89,91,143,143,122,124,228,236,154,158,130,132,250,254,148,150,155,157,136,136,149,149,,,,,,,,,,,,,,,,,,,,,,,,,,,,,,,,,,,,,,,,,,,,,,,,,,,,,,,,,
EINPP,plains,EIB490,Davis,2021,EIB77_773_Parks Canada_Results,434,93,,161,165,179,191,241,241,238,238,87,91,198,198,201,205,127,143,158,158,114,118,183,185,104,98,123,127,103,107,114,114,161,167,225,229,200,200,179,187,108,108,156,158,91,91,100,88,135,137,146,150,87,87,191,195,101,97,160,161,142,156,127,150,172,186,83,89,92,92,173,177,146,146,172,174,108,110,102,104,81,83,262,262,105,89,143,143,122,122,238,240,156,156,130,134,250,250,148,150,157,159,136,138,149,149,,,,,,,,,,,,,,,,,,,,,,,,,,,,,,,,,,,,,,,,,,,,,,,,,,,,,,,,,
EINPP,plains,EIB494,Davis,2021,EIB77_773_Parks Canada_Results,435,97,,173,173,191,191,247,271,238,250,85,87,192,198,205,205,143,149,162,162,118,118,179,183,104,98,129,129,103,103,118,118,161,167,229,229,194,200,185,187,108,115,154,156,89,91,88,90,135,147,146,146,87,89,189,191,101,99,160,160,158,168,127,140,170,172,83,89,91,95,163,177,140,148,176,178,106,108,102,106,81,83,262,262,89,93,143,143,122,124,228,236,144,156,130,134,250,250,138,148,155,155,136,140,149,153,,,,,,,,,,,,,,,,,,,,,,,,,,,,,,,,,,,,,,,,,,,,,,,,,,,,,,,,,
EINPP,plains,EIB482,Davis,2021,EIB77_773_Parks Canada_Results,437,88,,161,161,179,191,247,271,238,252,87,89,180,198,201,205,143,149,158,162,114,114,179,183,92,98,127,127,103,103,114,114,161,167,229,231,194,202,179,187,113,113,154,154,89,91,88,90,135,135,150,150,87,91,191,191,95,95,160,161,164,168,127,148,170,170,89,89,92,95,167,175,140,146,172,172,108,110,104,112,83,83,260,262,89,97,143,143,122,122,228,238,154,154,118,130,246,254,142,148,155,157,136,138,149,149,,,,,,,,,,,,,,,,,,,,,,,,,,,,,,,,,,,,,,,,,,,,,,,,,,,,,,,,,
EINPP,plains,EIB503,Davis,2021,EIB77_773_Parks Canada_Results,438,103,,161,165,179,181,241,245,238,250,87,91,192,198,207,215,143,149,150,158,116,118,179,183,96,98,125,129,103,103,104,122,161,161,231,231,194,194,185,187,113,115,160,160,89,89,88,90,135,141,148,150,85,87,189,189,99,99,160,160,142,162,150,150,168,168,83,85,94,95,167,175,146,146,172,180,108,110,104,106,83,83,260,262,105,97,143,143,122,122,240,240,154,156,130,134,246,246,138,148,155,159,138,142,149,149,,,,,,,,,,,,,,,,,,,,,,,,,,,,,,,,,,,,,,,,,,,,,,,,,,,,,,,,,
EINPP,plains,EIB497,Davis,2021,EIB77_773_Parks Canada_Results,439,99,,161,161,181,191,241,241,232,238,89,91,180,180,202,211,129,143,158,162,114,118,179,183,92,98,125,127,105,105,118,118,161,167,231,231,194,200,185,187,108,115,156,158,91,91,88,88,135,135,146,146,87,87,191,195,101,95,160,170,158,164,148,148,170,170,83,89,95,95,167,177,146,148,172,172,106,112,104,104,81,83,262,262,89,97,143,143,124,124,236,240,154,156,130,134,250,250,138,142,153,155,136,138,149,151,,,,,,,,,,,,,,,,,,,,,,,,,,,,,,,,,,,,,,,,,,,,,,,,,,,,,,,,,
EINPP,plains,EIB484,Davis,2021,EIB77_773_Parks Canada_Results,440,89,,161,161,181,181,241,253,232,238,91,91,180,192,202,211,129,143,158,162,108,114,179,181,96,98,123,125,103,105,114,118,167,167,229,231,194,198,185,187,108,115,154,158,91,91,88,90,135,135,146,146,87,87,195,195,101,95,160,161,158,166,140,148,170,172,83,89,91,95,163,167,140,148,172,178,112,112,104,104,81,83,260,262,89,89,143,143,124,124,240,240,144,154,130,130,244,250,142,150,153,155,136,138,149,149,,,,,,,,,,,,,,,,,,,,,,,,,,,,,,,,,,,,,,,,,,,,,,,,,,,,,,,,,
EINPP,plains,EIB491,Davis,2021,EIB77_773_Parks Canada_Results,441,94,,165,165,191,191,241,253,238,238,87,91,192,198,202,211,143,149,142,156,108,114,179,185,104,92,125,127,103,105,114,122,161,167,229,229,194,194,187,187,108,115,158,158,91,91,102,88,137,137,146,150,87,91,191,191,95,95,160,160,142,158,127,127,168,172,89,89,92,92,173,173,146,150,174,180,106,110,102,104,81,83,260,262,105,93,143,143,122,124,238,240,144,156,130,130,250,254,142,150,153,157,134,136,151,151,,,,,,,,,,,,,,,,,,,,,,,,,,,,,,,,,,,,,,,,,,,,,,,,,,,,,,,,,
EINPP,plains,EIB485,Davis,2021,EIB77_773_Parks Canada_Results,442,90,,165,173,191,191,241,253,232,238,87,91,180,192,202,205,143,149,142,156,108,114,179,179,92,92,125,125,103,103,114,122,161,167,229,233,194,194,181,187,113,115,154,158,91,91,100,90,135,137,146,146,87,91,191,195,101,95,160,161,144,156,140,140,168,168,83,89,91,95,167,175,140,150,172,172,108,108,102,104,83,83,262,262,105,91,143,143,122,124,228,236,144,158,130,130,250,250,142,142,153,155,136,136,145,151,,,,,,,,,,,,,,,,,,,,,,,,,,,,,,,,,,,,,,,,,,,,,,,,,,,,,,,,,
EINPP,plains,EIB519,Davis,2021,EIB77_773_Parks Canada_Results,444,114,,159,173,181,191,241,249,238,250,87,89,180,180,211,211,149,149,142,158,114,114,165,179,98,98,125,127,103,103,122,122,161,167,229,231,190,194,185,185,113,115,154,156,89,91,88,90,135,135,146,150,87,89,189,191,95,95,158,160,162,164,127,127,172,176,83,89,92,95,165,175,140,140,172,178,106,110,106,106,83,83,262,262,101,89,143,143,122,124,236,240,154,160,130,130,250,254,138,148,155,159,134,136,143,149,,,,,,,,,,,,,,,,,,,,,,,,,,,,,,,,,,,,,,,,,,,,,,,,,,,,,,,,,
EINPP,plains,EIB513,Davis,2021,EIB77_773_Parks Canada_Results,445,109,,161,165,191,191,253,269,238,238,89,89,192,198,211,211,129,129,158,158,114,114,185,185,92,92,127,127,103,105,122,122,161,167,229,229,194,194,181,191,108,113,158,158,91,91,100,88,135,137,146,150,87,87,191,191,95,99,143,160,142,158,127,150,168,168,89,91,91,94,163,167,140,146,174,178,108,110,102,102,81,83,256,262,89,97,143,143,122,122,236,240,144,156,130,134,246,250,142,142,153,155,134,138,149,151,,,,,,,,,,,,,,,,,,,,,,,,,,,,,,,,,,,,,,,,,,,,,,,,,,,,,,,,,
EINPP,plains,EIB479,Davis,2021,EIB77_773_Parks Canada_Results,446,86,,161,165,177,191,241,241,238,238,87,89,180,184,205,211,127,143,150,152,118,118,179,179,92,92,129,131,103,103,118,118,161,167,229,231,194,200,187,187,113,115,156,158,89,91,88,90,135,147,146,146,87,87,191,191,103,95,160,161,156,168,127,127,168,176,89,95,92,95,163,175,150,150,172,180,108,108,104,104,83,83,256,262,89,91,143,143,124,124,236,236,154,158,130,130,250,250,148,148,159,159,136,136,149,149,,,,,,,,,,,,,,,,,,,,,,,,,,,,,,,,,,,,,,,,,,,,,,,,,,,,,,,,,
EINPP,plains,EIB522,Davis,2021,EIB77_773_Parks Canada_Results,447,116,,161,165,181,191,241,245,232,238,85,87,198,198,211,215,149,149,142,150,108,116,179,179,104,92,125,127,103,105,114,120,161,167,229,231,194,194,187,187,108,115,158,158,91,91,88,88,135,137,150,150,91,91,191,195,95,95,160,160,156,158,127,140,172,174,89,89,91,92,173,175,146,146,172,174,106,106,102,104,81,81,256,260,101,105,143,143,122,124,228,240,144,156,130,130,246,254,142,148,153,155,134,138,149,151,,,,,,,,,,,,,,,,,,,,,,,,,,,,,,,,,,,,,,,,,,,,,,,,,,,,,,,,,
EINPP,plains,EIB516,Davis,2021,EIB77_773_Parks Canada_Results,448,112,,161,173,191,191,241,271,238,254,89,89,180,190,205,211,129,149,152,158,114,118,179,185,104,92,129,131,103,105,118,118,161,167,229,231,190,194,175,187,113,113,154,154,91,93,102,90,135,147,146,150,85,91,189,191,101,95,160,161,164,168,127,142,170,172,83,89,92,95,173,175,140,140,172,172,108,112,104,106,83,83,262,262,93,97,147,147,124,124,228,240,154,156,130,134,250,254,138,142,155,155,134,136,149,149,,,,,,,,,,,,,,,,,,,,,,,,,,,,,,,,,,,,,,,,,,,,,,,,,,,,,,,,,
EINPP,plains,EIB507,Davis,2021,EIB77_773_Parks Canada_Results,449,105,,161,165,179,191,247,271,238,252,87,87,192,198,205,211,129,143,158,162,112,118,179,183,92,98,127,129,103,103,122,122,161,161,229,229,194,194,181,187,115,115,154,158,89,89,88,90,135,135,146,146,87,91,189,191,101,99,154,160,142,164,140,150,168,172,83,89,91,95,175,175,140,150,176,180,108,108,102,104,81,83,260,262,101,97,143,147,124,124,228,240,144,154,130,130,246,250,142,142,155,157,138,140,145,149,,,,,,,,,,,,,,,,,,,,,,,,,,,,,,,,,,,,,,,,,,,,,,,,,,,,,,,,,
EINPP,plains,EIB510,Davis,2021,EIB77_773_Parks Canada_Results,450,108,,161,173,181,191,249,253,238,238,87,87,180,192,211,211,143,149,158,162,114,116,165,185,92,96,125,129,103,107,122,122,165,167,229,233,200,202,187,191,108,108,154,158,89,91,90,90,135,135,146,150,87,87,195,195,95,99,161,161,142,168,140,140,170,170,83,89,92,92,163,163,140,146,172,180,106,108,112,112,83,83,262,262,97,97,143,145,120,124,228,240,144,158,130,130,250,250,138,142,155,159,134,136,149,149,,,,,,,,,,,,,,,,,,,,,,,,,,,,,,,,,,,,,,,,,,,,,,,,,,,,,,,,,
EINPP,plains,EIB504,Davis,2021,EIB77_773_Parks Canada_Results,451,104,,161,161,191,191,241,249,232,238,85,89,180,184,205,215,129,143,142,150,114,118,179,179,104,98,123,127,103,104,122,122,161,165,231,231,194,194,175,181,113,115,158,158,89,91,90,90,135,147,146,150,85,87,189,195,101,99,158,160,156,160,140,140,168,172,83,89,92,92,167,175,146,146,172,178,106,112,106,106,81,83,262,262,101,93,143,143,122,124,228,238,154,160,130,134,252,254,150,150,159,159,134,138,149,149,,,,,,,,,,,,,,,,,,,,,,,,,,,,,,,,,,,,,,,,,,,,,,,,,,,,,,,,,
EINPP,plains,EIB498,Davis,2021,EIB77_773_Parks Canada_Results,452,100,,161,161,177,191,241,241,250,250,85,91,180,192,207,211,143,149,150,164,114,118,179,183,104,96,127,129,103,103,118,118,167,167,229,231,190,202,187,187,115,115,154,154,91,91,88,88,135,147,150,154,87,87,191,195,99,99,143,170,156,158,127,150,168,170,89,89,91,94,175,175,140,146,174,180,110,112,104,104,81,83,262,262,89,89,143,143,124,124,238,240,154,156,130,130,246,254,148,148,153,159,136,142,149,149,,,,,,,,,,,,,,,,,,,,,,,,,,,,,,,,,,,,,,,,,,,,,,,,,,,,,,,,,
EINPP,plains,EIB501,Davis,2021,EIB77_773_Parks Canada_Results,453,101,,165,165,181,191,245,271,238,238,85,91,180,180,202,211,149,149,156,158,108,118,179,183,98,98,125,127,103,103,114,118,161,161,229,231,194,194,175,187,113,115,154,158,91,91,88,90,135,135,146,146,87,91,191,195,99,99,160,161,142,142,127,140,168,172,83,89,91,92,173,173,140,148,174,180,108,108,104,104,83,83,260,262,89,97,143,143,122,122,228,228,144,156,130,134,250,254,142,142,155,159,136,138,145,153,,,,,,,,,,,,,,,,,,,,,,,,,,,,,,,,,,,,,,,,,,,,,,,,,,,,,,,,,
EINPP,plains,EIB492,Davis,2021,EIB77_773_Parks Canada_Results,454,95,,161,161,191,191,241,245,238,250,85,91,184,192,202,211,129,129,150,158,118,118,181,185,96,98,127,131,103,103,114,118,161,167,229,231,194,194,187,187,115,115,156,158,91,91,90,90,135,135,146,146,87,87,191,195,99,99,143,161,164,164,140,148,176,176,89,95,92,92,173,175,146,150,172,178,106,108,104,104,83,83,262,262,89,91,145,147,122,124,228,240,154,156,130,134,250,250,142,148,155,159,136,138,149,149,,,,,,,,,,,,,,,,,,,,,,,,,,,,,,,,,,,,,,,,,,,,,,,,,,,,,,,,,
EINPP,plains,EIB486,Davis,2021,EIB77_773_Parks Canada_Results,455,91,,161,165,181,191,241,241,238,238,85,87,192,192,205,215,143,149,158,162,108,118,165,183,104,98,125,129,103,103,118,118,167,167,229,229,200,202,181,187,108,113,156,160,89,89,100,90,135,135,146,146,87,91,189,191,101,99,160,161,162,168,140,148,168,172,89,89,95,95,165,173,140,146,172,178,108,108,104,104,83,83,260,262,89,93,143,143,120,124,228,240,156,158,130,130,246,250,138,142,155,155,136,136,149,149,,,,,,,,,,,,,,,,,,,,,,,,,,,,,,,,,,,,,,,,,,,,,,,,,,,,,,,,,
EINPP,plains,EIB480,Davis,2021,EIB77_773_Parks Canada_Results,456,87,,161,173,191,191,247,249,232,238,85,87,180,184,202,207,129,129,150,156,116,116,179,183,104,96,127,127,103,104,114,114,161,165,225,231,194,202,175,187,115,115,154,158,89,91,88,90,135,147,146,150,87,91,189,195,95,99,158,161,156,168,127,140,168,170,83,89,92,92,175,175,140,150,172,174,106,108,104,104,81,83,262,262,89,93,143,143,122,124,240,240,156,160,130,134,246,254,138,150,155,155,134,136,149,153,,,,,,,,,,,,,,,,,,,,,,,,,,,,,,,,,,,,,,,,,,,,,,,,,,,,,,,,,
EINPP,plains,EIB489,Davis,2021,EIB77_773_Parks Canada_Results,461,92,,161,161,191,191,241,241,238,238,87,89,180,184,211,215,143,143,158,158,116,118,183,183,92,98,125,131,103,105,122,122,161,165,229,229,190,194,175,175,108,108,156,160,91,91,90,90,141,147,146,148,87,87,189,191,95,99,143,160,142,164,127,127,168,172,83,89,92,92,163,175,140,140,172,176,106,108,104,104,81,83,260,262,105,89,143,145,122,126,236,240,154,156,130,130,252,254,142,150,153,155,136,136,149,151,,,,,,,,,,,,,,,,,,,,,,,,,,,,,,,,,,,,,,,,,,,,,,,,,,,,,,,,,
EINPP,plains,EIB478,Davis,2021,EIB77_773_Parks Canada_Results,465,85,,161,161,179,191,241,271,238,238,87,89,180,198,205,205,129,143,158,162,114,116,165,179,104,92,125,127,103,105,118,122,161,165,231,231,194,194,175,175,113,115,154,156,91,91,100,88,135,135,146,146,85,87,195,195,99,99,143,161,168,170,127,140,168,170,89,89,91,92,173,175,140,146,172,180,106,108,104,106,81,81,260,262,105,89,143,143,122,124,240,240,154,156,118,130,250,254,142,148,153,155,136,136,149,149,,,,,,,,,,,,,,,,,,,,,,,,,,,,,,,,,,,,,,,,,,,,,,,,,,,,,,,,,
EINPP,plains,EIB521,Davis,2021,EIB77_773_Parks Canada_Results,478,115,,161,165,191,191,253,271,238,252,87,89,180,190,211,215,143,143,150,158,114,116,179,183,98,98,131,131,103,105,114,114,167,167,231,231,194,200,179,187,108,108,156,158,89,91,100,90,135,147,150,154,87,87,191,191,95,97,158,161,162,168,127,148,168,170,89,89,95,95,175,175,146,146,172,172,108,108,102,112,81,83,262,262,89,91,143,143,124,124,238,240,144,154,130,130,250,254,142,150,153,153,136,138,149,151,,,,,,,,,,,,,,,,,,,,,,,,,,,,,,,,,,,,,,,,,,,,,,,,,,,,,,,,,
EINPP,plains,EIB213,Davis,2021,EIB77_773_Parks Canada_Results,85029,55,,161,161,181,191,241,241,238,238,87,87,180,180,211,211,129,143,150,158,108,112,165,183,92,98,125,127,103,105,114,114,161,167,231,233,194,200,181,187,113,115,156,160,89,91,90,90,135,135,146,150,87,91,191,195,97,99,154,160,162,164,140,150,186,186,85,89,92,95,163,167,140,146,172,178,108,108,104,104,83,85,260,262,93,99,143,143,124,124,228,228,144,144,130,134,250,250,150,150,155,155,136,138,149,149,,,,,,,,,,,,,,,,,,,,,,,,,,,,,,,,,,,,,,,,,,,,,,,,,,,,,,,,,
EINPP,plains,EIB214,Davis,2021,EIB77_773_Parks Canada_Results,86063,56,,161,165,181,191,241,249,232,238,85,87,180,198,211,211,129,149,152,162,114,118,179,181,92,92,125,127,103,105,122,122,161,161,231,231,194,200,185,187,113,115,156,160,89,93,100,90,135,135,146,146,89,91,189,195,101,101,160,160,142,162,127,140,168,170,89,89,92,92,163,175,140,146,172,180,106,108,106,106,83,85,260,262,89,93,143,143,122,124,228,240,144,144,130,134,254,254,142,148,155,155,136,138,149,149,,,,,,,,,,,,,,,,,,,,,,,,,,,,,,,,,,,,,,,,,,,,,,,,,,,,,,,,,
EINPP,plains,EIB215,Davis,2021,EIB77_773_Parks Canada_Results,2v68758,57,,161,173,177,191,245,271,232,238,87,91,180,190,205,211,129,143,150,158,114,116,181,183,92,92,127,127,103,103,114,122,161,167,229,229,194,202,179,185,113,115,154,154,91,91,88,90,135,147,150,150,89,91,191,195,95,99,160,160,158,170,127,127,168,168,83,83,92,95,173,175,146,146,172,176,108,108,102,104,83,83,260,262,89,93,143,147,124,124,228,240,154,158,130,130,244,246,142,142,155,157,136,138,149,149,,,,,,,,,,,,,,,,,,,,,,,,,,,,,,,,,,,,,,,,,,,,,,,,,,,,,,,,,
EINPP,plains,EIB216,Davis,2021,EIB77_773_Parks Canada_Results,2v68760,58,,161,173,191,191,241,271,238,250,85,89,180,184,211,211,129,143,150,158,114,114,181,183,92,96,127,131,103,105,114,118,161,167,229,233,194,194,187,187,115,115,154,154,91,91,90,90,135,137,150,150,87,91,191,195,101,95,161,170,158,168,127,127,170,172,83,83,92,95,167,173,140,150,172,178,108,108,102,102,83,83,256,260,101,97,143,143,124,124,240,240,144,154,130,130,252,254,148,150,153,159,136,136,145,149,,,,,,,,,,,,,,,,,,,,,,,,,,,,,,,,,,,,,,,,,,,,,,,,,,,,,,,,,
EINPP,plains,EIB217,Davis,2021,EIB77_773_Parks Canada_Results,2v68761,59,,165,165,191,191,241,249,238,238,87,87,184,198,205,205,129,143,152,158,116,118,179,181,92,98,127,127,103,103,118,122,161,161,229,231,200,200,187,187,108,115,154,158,89,89,88,90,135,135,154,154,87,87,189,195,95,95,161,170,168,170,127,127,168,174,83,89,91,95,165,165,140,150,172,172,110,110,104,104,81,83,262,262,93,97,143,143,122,122,228,236,156,156,130,134,246,250,138,142,153,153,140,140,149,151,,,,,,,,,,,,,,,,,,,,,,,,,,,,,,,,,,,,,,,,,,,,,,,,,,,,,,,,,
EINPP,plains,EIB218,Davis,2021,EIB77_773_Parks Canada_Results,2v68767,60,,161,161,191,191,241,241,238,238,91,91,198,198,205,207,129,129,142,158,116,118,165,181,92,92,129,131,103,104,118,122,167,167,229,229,200,200,175,187,115,115,154,158,91,91,100,90,135,135,146,154,87,87,189,189,101,99,158,160,156,164,127,140,172,186,83,89,91,92,163,173,140,146,172,176,106,110,102,104,81,81,256,260,89,93,143,143,122,122,240,240,156,156,130,130,246,250,142,148,155,155,136,136,149,149,,,,,,,,,,,,,,,,,,,,,,,,,,,,,,,,,,,,,,,,,,,,,,,,,,,,,,,,,
EINPP,plains,EIB219,Davis,2021,EIB77_773_Parks Canada_Results,2v68771,61,,161,161,177,191,241,241,238,250,87,91,192,198,201,211,149,149,158,162,108,108,179,181,104,98,123,131,103,105,120,122,161,161,225,231,194,200,179,185,108,108,158,158,91,91,88,90,135,135,146,150,85,91,189,195,95,99,160,160,158,168,127,127,170,170,83,83,92,94,159,177,140,146,172,172,110,110,104,104,85,85,260,262,93,97,143,145,122,124,228,236,144,144,130,134,250,254,148,148,155,155,136,136,149,149,,,,,,,,,,,,,,,,,,,,,,,,,,,,,,,,,,,,,,,,,,,,,,,,,,,,,,,,,
EINPP,plains,EIB220,Davis,2021,EIB77_773_Parks Canada_Results,7V88809,62,,161,173,191,191,271,271,238,238,89,91,192,198,205,211,129,149,150,158,108,114,179,181,96,98,127,131,103,104,114,120,161,167,229,231,194,200,187,187,115,115,158,158,89,91,90,90,135,137,146,150,85,91,189,191,101,95,170,170,164,168,148,150,168,168,83,83,95,95,167,173,146,150,172,172,108,112,102,104,81,83,256,260,93,97,143,143,122,124,228,240,158,158,134,134,250,254,142,150,155,157,136,138,149,151,,,,,,,,,,,,,,,,,,,,,,,,,,,,,,,,,,,,,,,,,,,,,,,,,,,,,,,,,
EINPP,plains,EIB221,Davis,2021,EIB77_773_Parks Canada_Results,P2V68754,63,,161,173,191,191,249,271,238,250,87,89,180,192,201,211,129,149,142,142,108,114,183,183,92,98,127,129,103,103,116,118,161,167,231,231,200,200,179,185,108,115,154,158,91,91,100,88,135,135,146,150,87,87,189,195,101,95,158,158,158,168,150,150,168,170,83,89,92,95,173,175,140,148,172,178,106,108,102,106,83,85,256,262,101,93,143,143,122,124,228,240,144,158,118,130,244,254,142,148,153,155,136,136,149,149,,,,,,,,,,,,,,,,,,,,,,,,,,,,,,,,,,,,,,,,,,,,,,,,,,,,,,,,,
EINPP,plains,EIB222,Davis,2021,EIB77_773_Parks Canada_Results,P2V68759,64,,161,165,181,191,241,271,238,238,91,91,192,198,211,211,143,149,152,162,114,114,179,183,96,98,127,131,103,103,122,122,165,167,225,229,194,200,185,187,115,115,154,160,91,91,88,88,135,137,146,146,87,87,189,195,95,99,160,160,158,168,140,140,168,172,89,89,92,92,173,175,146,146,172,178,108,108,104,104,81,83,256,260,89,97,143,143,122,124,228,238,154,156,130,134,250,254,142,148,153,155,136,136,149,149,,,,,,,,,,,,,,,,,,,,,,,,,,,,,,,,,,,,,,,,,,,,,,,,,,,,,,,,,
EINPP,plains,EIB223,Davis,2021,EIB77_773_Parks Canada_Results,P2V68763,65,,161,165,191,191,241,269,250,250,87,87,180,192,205,211,129,149,158,162,116,118,165,165,92,98,127,129,105,105,118,122,161,165,229,233,194,200,175,175,113,115,154,154,89,91,100,88,135,135,148,150,87,87,191,195,103,95,160,161,142,158,127,148,172,172,83,83,92,95,165,167,150,150,178,178,108,110,100,104,81,83,260,262,101,101,143,145,122,124,240,240,144,144,130,130,246,250,142,150,155,155,134,140,149,149,,,,,,,,,,,,,,,,,,,,,,,,,,,,,,,,,,,,,,,,,,,,,,,,,,,,,,,,,
EINPP,plains,EIB224,Davis,2021,EIB77_773_Parks Canada_Results,P2V68765,66,,161,173,191,191,241,241,238,238,87,91,198,198,207,207,129,149,158,162,108,118,179,181,92,98,129,129,103,103,118,118,161,167,229,231,194,194,187,187,108,115,156,158,91,91,100,88,135,147,146,150,87,91,195,195,101,99,160,161,142,168,127,127,170,186,83,89,92,94,163,175,140,140,172,172,108,110,102,102,83,83,256,260,91,93,143,143,122,124,236,238,154,156,130,130,254,254,148,148,155,157,134,138,149,149,,,,,,,,,,,,,,,,,,,,,,,,,,,,,,,,,,,,,,,,,,,,,,,,,,,,,,,,,
EINPP,plains,EIB225,Davis,2021,EIB77_773_Parks Canada_Results,P2V68766,67,,165,173,191,191,241,271,250,252,87,91,180,184,205,205,129,129,150,152,108,116,181,185,104,98,127,131,103,103,122,122,161,167,229,231,194,194,179,187,108,115,154,160,91,93,90,90,135,147,148,150,87,91,189,195,95,95,143,170,168,170,127,150,170,170,89,89,95,95,175,175,140,140,180,180,108,108,102,102,83,83,262,262,91,93,143,143,122,124,236,240,154,156,130,134,244,254,142,142,155,159,136,136,145,145,,,,,,,,,,,,,,,,,,,,,,,,,,,,,,,,,,,,,,,,,,,,,,,,,,,,,,,,,
EINPP,plains,EIB226,Davis,2021,EIB77_773_Parks Canada_Results,P2V68770,68,,161,173,179,191,241,241,238,252,85,87,180,184,211,211,127,143,150,164,116,116,183,183,96,96,127,129,103,103,118,122,161,161,233,233,194,194,181,187,115,115,154,158,89,89,102,88,135,147,146,148,87,91,191,195,103,99,161,161,142,142,140,150,168,170,89,89,91,95,175,175,140,150,172,172,108,108,100,106,83,83,256,262,89,93,143,147,122,124,240,240,154,160,130,130,250,254,138,142,153,159,138,142,145,151,,,,,,,,,,,,,,,,,,,,,,,,,,,,,,,,,,,,,,,,,,,,,,,,,,,,,,,,,
EINPP,plains,EIB227,Davis,2021,EIB77_773_Parks Canada_Results,P2V68772,69,,161,165,191,191,241,245,238,238,89,91,198,198,201,202,143,149,158,158,116,116,179,181,92,92,125,129,105,105,118,118,161,167,231,231,194,194,175,185,113,115,154,156,89,91,88,90,141,147,146,146,87,91,189,191,101,95,160,160,158,168,150,150,170,174,89,91,91,92,173,173,146,150,172,172,108,108,106,106,81,83,262,262,101,105,143,145,120,124,228,228,144,156,130,134,244,254,142,148,155,155,138,142,149,149,,,,,,,,,,,,,,,,,,,,,,,,,,,,,,,,,,,,,,,,,,,,,,,,,,,,,,,,,
EINPP,plains,EIB228,Davis,2021,EIB77_773_Parks Canada_Results,P81037,70,,161,173,181,181,241,271,238,238,87,89,190,198,205,215,143,143,148,162,114,118,183,185,92,92,129,131,103,103,118,122,167,167,229,231,194,200,175,187,113,115,156,156,91,91,90,90,135,135,150,150,87,91,189,191,95,99,161,170,158,168,127,150,168,172,83,91,92,95,165,165,140,140,172,172,108,110,102,104,81,83,262,262,105,97,143,143,124,124,228,240,156,160,130,134,246,250,148,150,153,155,136,138,149,149,,,,,,,,,,,,,,,,,,,,,,,,,,,,,,,,,,,,,,,,,,,,,,,,,,,,,,,,,
EINPP,plains,EIB229,Davis,2021,EIB77_773_Parks Canada_Results,P84013,71,,161,165,181,191,241,245,238,238,87,89,184,192,201,202,143,143,150,158,112,118,179,183,104,92,127,129,103,105,104,118,167,167,229,229,194,194,185,187,108,115,156,158,91,91,100,88,135,141,146,148,87,89,191,195,101,99,160,160,156,170,140,140,170,170,89,89,91,95,163,173,140,140,172,172,106,110,102,104,81,83,260,262,91,93,143,147,124,124,228,238,144,144,130,134,250,252,142,150,155,155,136,136,149,149,,,,,,,,,,,,,,,,,,,,,,,,,,,,,,,,,,,,,,,,,,,,,,,,,,,,,,,,,
EINPP,plains,EIB230,Davis,2021,EIB77_773_Parks Canada_Results,P84015,72,,161,173,181,181,241,245,238,250,91,91,180,198,205,211,129,149,150,162,114,118,179,179,92,98,127,127,103,105,118,122,161,167,231,231,190,202,181,185,108,115,154,160,91,91,100,90,135,135,146,146,87,87,189,191,95,95,160,160,158,168,140,148,170,172,89,95,92,95,165,175,140,140,172,174,108,108,102,104,83,83,260,262,93,97,143,145,122,124,236,238,154,156,130,130,252,254,142,148,155,155,136,136,145,149,,,,,,,,,,,,,,,,,,,,,,,,,,,,,,,,,,,,,,,,,,,,,,,,,,,,,,,,,
EINPP,plains,EIB231,Davis,2021,EIB77_773_Parks Canada_Results,P84030,73,,161,161,181,181,241,253,238,238,87,91,180,180,205,207,129,149,158,158,108,108,183,183,104,92,123,131,103,103,118,122,161,161,225,231,194,200,187,187,113,115,154,154,89,91,100,90,135,135,146,150,87,87,195,195,95,95,143,161,158,170,127,150,168,174,83,89,92,92,173,177,140,150,172,180,108,108,104,106,81,83,256,262,105,93,143,143,122,124,228,240,144,144,130,134,250,252,142,148,155,155,134,138,149,151,,,,,,,,,,,,,,,,,,,,,,,,,,,,,,,,,,,,,,,,,,,,,,,,,,,,,,,,,
EINPP,plains,EIB233,Davis,2021,EIB77_773_Parks Canada_Results,P84063,74,,173,173,181,191,269,271,238,252,89,89,180,180,205,211,129,129,150,156,114,118,179,185,92,98,127,131,103,105,122,122,161,167,231,233,194,194,179,185,115,115,154,154,89,91,88,88,135,141,148,148,87,91,195,195,95,95,160,160,156,160,127,140,168,170,89,89,91,91,175,175,140,150,174,174,108,112,104,104,81,83,256,262,93,93,143,143,124,124,238,240,156,156,130,130,244,250,142,150,155,155,136,136,149,151,,,,,,,,,,,,,,,,,,,,,,,,,,,,,,,,,,,,,,,,,,,,,,,,,,,,,,,,,
EINPP,plains,EIB234,Davis,2021,EIB77_773_Parks Canada_Results,P85027,75,,161,165,179,191,241,271,238,238,85,87,190,198,205,205,129,143,158,162,114,116,165,183,92,98,129,131,103,105,104,118,161,167,229,231,194,200,179,187,113,113,156,158,89,91,88,90,135,135,146,146,87,91,189,195,101,95,161,170,162,168,127,148,168,168,89,89,92,95,159,173,140,150,172,172,108,110,102,104,81,83,262,262,91,93,143,143,124,124,228,240,144,156,118,134,250,254,138,148,153,157,136,138,149,149,,,,,,,,,,,,,,,,,,,,,,,,,,,,,,,,,,,,,,,,,,,,,,,,,,,,,,,,,
EINPP,plains,EIB235,Davis,2021,EIB77_773_Parks Canada_Results,P85028,76,,161,161,181,191,241,245,250,250,89,91,180,198,205,205,127,143,152,158,108,114,179,185,96,98,123,127,103,103,116,116,161,167,229,231,194,194,181,185,108,115,158,158,89,91,100,102,135,135,146,146,91,91,189,191,95,99,160,160,168,168,140,142,168,168,83,89,92,92,165,173,140,140,172,172,106,108,104,104,83,83,262,262,101,91,143,147,124,124,228,228,154,158,130,134,246,254,142,142,155,159,136,136,149,149,,,,,,,,,,,,,,,,,,,,,,,,,,,,,,,,,,,,,,,,,,,,,,,,,,,,,,,,,
EINPP,plains,EIB236,Davis,2021,EIB77_773_Parks Canada_Results,P85030,77,,161,165,181,191,245,271,238,252,87,89,184,198,205,211,143,149,158,162,116,118,179,183,96,96,127,129,103,103,118,118,167,167,225,231,194,202,175,175,108,113,158,158,89,89,100,102,135,147,146,150,91,91,189,195,101,103,160,160,168,168,140,150,168,170,85,89,92,95,165,165,140,146,172,172,108,108,104,104,81,85,256,260,93,93,143,147,124,124,228,240,160,160,118,130,250,250,138,150,153,159,136,138,143,149,,,,,,,,,,,,,,,,,,,,,,,,,,,,,,,,,,,,,,,,,,,,,,,,,,,,,,,,,
EINPP,plains,EIB237,Davis,2021,EIB77_773_Parks Canada_Results,P85032,78,,161,161,181,193,253,253,232,238,87,89,180,192,205,211,129,149,158,158,108,116,183,185,92,92,123,127,103,103,122,122,161,167,229,231,194,200,179,187,113,113,154,154,89,89,88,90,135,141,146,150,89,91,195,195,95,99,143,160,142,142,127,127,170,186,89,89,92,95,163,175,146,146,178,178,108,112,104,104,81,83,262,262,89,99,143,143,122,124,240,240,144,154,130,134,246,246,142,142,155,155,136,138,145,149,,,,,,,,,,,,,,,,,,,,,,,,,,,,,,,,,,,,,,,,,,,,,,,,,,,,,,,,,
EINPP,plains,EIB238,Davis,2021,EIB77_773_Parks Canada_Results,P85033,79,,165,173,179,191,241,253,238,238,87,89,180,198,207,211,143,149,158,158,114,118,165,185,92,98,125,131,103,103,118,118,167,167,229,231,194,194,175,185,113,115,154,158,89,91,88,90,135,147,146,146,91,91,189,189,99,99,160,170,158,168,127,150,168,186,83,89,92,95,173,173,146,146,172,180,108,108,102,102,81,83,262,262,105,93,143,143,122,124,224,240,156,156,118,130,250,250,142,148,155,155,134,136,149,149,,,,,,,,,,,,,,,,,,,,,,,,,,,,,,,,,,,,,,,,,,,,,,,,,,,,,,,,,
EINPP,plains,EIB239,Davis,2021,EIB77_773_Parks Canada_Results,P85034,80,,161,161,191,191,241,253,232,254,87,89,192,198,211,211,143,143,150,162,116,118,181,183,96,98,125,127,103,103,118,122,161,167,231,233,194,194,179,187,108,113,156,158,89,91,102,90,135,135,146,148,87,91,191,195,101,97,160,160,164,164,140,150,170,186,83,89,92,94,163,167,140,140,172,180,108,108,102,104,83,83,260,260,89,89,143,145,122,124,228,240,156,160,130,130,246,250,148,150,155,157,136,138,145,149,,,,,,,,,,,,,,,,,,,,,,,,,,,,,,,,,,,,,,,,,,,,,,,,,,,,,,,,,
EINPP,plains,EIB240,Davis,2021,EIB77_773_Parks Canada_Results,P86057,81,,161,161,179,181,241,253,238,238,87,89,192,198,207,207,129,149,158,158,116,118,181,183,104,96,127,129,103,103,118,118,161,161,231,233,194,194,175,185,108,108,156,158,89,91,102,90,137,141,146,146,85,87,189,191,95,95,160,160,166,166,127,150,172,172,89,89,91,92,163,175,140,146,176,180,106,108,102,102,81,83,260,260,105,89,143,143,122,122,240,240,144,144,134,134,250,254,142,150,155,155,136,136,149,149,,,,,,,,,,,,,,,,,,,,,,,,,,,,,,,,,,,,,,,,,,,,,,,,,,,,,,,,,
EINPP,plains,EIB241,Davis,2021,EIB77_773_Parks Canada_Results,P86059,82,,161,173,191,191,241,247,238,238,87,89,192,198,205,205,129,143,152,158,114,118,183,183,92,92,125,125,103,103,122,122,161,167,229,231,194,200,185,187,113,113,156,160,89,89,102,88,135,135,146,146,85,91,191,195,99,99,160,161,156,168,127,127,168,170,83,83,92,95,165,177,146,150,174,174,106,108,104,104,81,83,262,262,101,91,143,145,124,126,228,228,156,158,118,130,252,254,142,150,153,159,136,136,149,149,,,,,,,,,,,,,,,,,,,,,,,,,,,,,,,,,,,,,,,,,,,,,,,,,,,,,,,,,
EINPP,plains,EIB242,Davis,2021,EIB77_773_Parks Canada_Results,P86061,83,,161,173,179,191,249,271,238,250,87,87,180,180,211,215,129,149,156,162,116,116,179,183,92,96,129,131,103,103,122,122,161,167,229,229,194,202,179,181,108,115,156,156,89,91,88,90,135,147,148,150,87,89,191,195,103,103,161,161,142,170,150,150,168,172,83,89,92,95,165,177,146,150,172,172,108,112,104,104,81,83,256,262,101,89,143,143,124,124,228,228,154,154,118,130,246,250,142,150,153,155,134,136,149,149,,,,,,,,,,,,,,,,,,,,,,,,,,,,,,,,,,,,,,,,,,,,,,,,,,,,,,,,,
EINPP,plains,EIB243,Davis,2021,EIB77_773_Parks Canada_Results,P86064,84,,161,173,191,191,245,253,238,238,91,91,184,198,205,211,129,149,158,162,114,118,183,183,92,92,127,131,103,103,114,114,161,167,229,231,190,200,175,175,108,115,154,156,89,91,88,90,135,135,146,146,87,89,191,191,101,95,161,161,164,168,127,140,168,170,83,89,92,92,173,173,140,146,172,180,108,108,104,104,81,83,262,262,93,93,143,145,122,124,228,240,156,156,134,134,250,254,148,148,151,155,134,138,149,149,,,,,,,,,,,,,,,,,,,,,,,,,,,,,,,,,,,,,,,,,,,,,,,,,,,,,,,,,
GNP,plains,,Davis,2022,MASTER_GNP bison_genetic data,124000300680249,982,,173,173,177,191,241,271,238,250,87,87,192,192,201,202,129,143,152,164,118,118,165,165,98,98,127,131,103,107,114,118,161,167,231,233,194,194,185,187,108,113,154,158,91,91,88,90,135,147,146,146,87,87,195,195,101,101,160,161,144,168,140,148,172,186,89,89,95,95,165,167,140,146,172,172,106,108,104,112,81,83,260,262,105,91,143,147,122,124,228,228,144,156,130,130,246,246,150,150,153,153,136,138,149,151,,,,,,,,,,,,,,,,,,,,,,,,,,,,,,,,,,,,,,,,,,,,,,,,,,,,,,,,,
GNP,plains,,Davis,2022,MASTER_GNP bison_genetic data,124000300850134,983,,161,161,181,191,241,253,232,238,87,87,184,184,211,215,149,149,158,158,116,118,179,179,96,96,127,131,103,103,122,122,167,167,229,233,194,200,175,187,113,113,154,156,89,91,100,88,135,141,146,146,87,89,189,191,99,99,160,160,164,168,127,150,172,172,83,89,92,92,163,173,148,148,172,174,108,108,102,104,83,83,260,262,93,93,143,143,122,124,240,240,154,158,130,134,250,250,142,150,153,155,142,142,149,151,,,,,,,,,,,,,,,,,,,,,,,,,,,,,,,,,,,,,,,,,,,,,,,,,,,,,,,,,
GNP,plains,,Davis,2022,MASTER_GNP bison_genetic data,124000300850137,992,,161,161,177,181,241,253,238,238,85,87,184,184,211,215,129,149,158,164,114,116,181,183,92,96,129,131,103,103,114,118,167,167,231,233,200,200,179,187,113,115,154,154,89,91,102,90,135,147,154,154,87,89,195,195,95,95,160,161,162,170,140,148,168,172,89,91,92,95,165,177,140,146,172,180,108,110,104,106,83,83,262,262,89,97,143,145,124,124,236,240,154,160,130,130,246,250,142,148,155,159,136,138,149,149,,,,,,,,,,,,,,,,,,,,,,,,,,,,,,,,,,,,,,,,,,,,,,,,,,,,,,,,,
GNP,plains,,Davis,2022,MASTER_GNP bison_genetic data,124000300850138,984,,161,173,181,191,249,249,238,238,87,91,184,198,205,211,129,143,150,158,116,118,179,179,92,92,127,127,103,103,118,122,161,167,231,231,194,194,179,187,108,115,154,158,89,91,88,88,135,135,146,150,85,91,191,191,95,95,158,158,162,168,140,150,170,172,83,89,91,95,163,175,140,146,172,172,106,108,102,102,81,81,260,262,101,97,143,143,122,126,236,238,156,160,130,130,246,250,142,142,155,155,136,138,149,151,,,,,,,,,,,,,,,,,,,,,,,,,,,,,,,,,,,,,,,,,,,,,,,,,,,,,,,,,
GNP,plains,,Davis,2022,MASTER_GNP bison_genetic data,124000300850144,993,,161,173,191,191,241,253,250,252,87,89,180,198,211,211,129,129,152,158,114,118,181,185,96,98,131,131,103,103,104,122,161,161,229,229,200,200,185,187,115,115,156,160,91,91,90,90,135,141,146,146,91,91,191,195,99,99,158,161,160,170,142,148,168,168,83,83,92,95,167,175,146,150,172,178,106,108,104,104,83,83,262,262,89,93,143,143,122,124,240,240,144,158,130,130,250,250,142,148,155,157,136,136,149,151,,,,,,,,,,,,,,,,,,,,,,,,,,,,,,,,,,,,,,,,,,,,,,,,,,,,,,,,,
GNP,plains,,Davis,2022,MASTER_GNP bison_genetic data,124000300850151,985,,161,173,181,191,253,271,232,238,87,91,180,198,205,211,129,129,158,164,114,116,179,179,104,104,129,131,103,105,114,118,161,161,231,233,194,194,185,187,113,115,156,160,89,91,88,90,135,135,146,150,87,87,191,195,95,99,143,143,162,168,127,140,168,174,89,89,92,95,175,175,150,150,172,172,108,108,104,106,81,83,262,262,93,93,143,143,122,122,236,240,154,156,130,130,250,254,142,148,153,155,136,138,149,149,,,,,,,,,,,,,,,,,,,,,,,,,,,,,,,,,,,,,,,,,,,,,,,,,,,,,,,,,
GNP,plains,,Davis,2022,MASTER_GNP bison_genetic data,124000300850167,994,,165,173,191,191,249,271,238,238,87,87,192,198,207,211,143,149,150,150,116,116,165,179,98,98,127,131,103,103,114,122,161,167,231,231,194,194,175,187,115,115,158,158,91,91,88,88,135,147,146,148,89,89,191,195,101,101,154,160,168,170,140,140,168,172,89,89,92,95,167,173,146,146,172,178,106,108,102,112,81,83,260,260,91,93,143,143,122,124,240,240,154,156,130,130,246,254,148,150,153,155,136,136,145,151,,,,,,,,,,,,,,,,,,,,,,,,,,,,,,,,,,,,,,,,,,,,,,,,,,,,,,,,,
GNP,plains,,Davis,2022,MASTER_GNP bison_genetic data,124000300850168,995,,161,165,191,191,241,271,238,238,87,89,190,192,211,215,129,149,158,164,112,118,179,181,98,98,127,131,103,103,114,120,161,167,231,231,194,200,175,185,115,115,154,160,89,89,88,90,135,135,146,148,87,87,191,195,95,95,143,161,162,168,140,140,168,186,83,89,92,92,173,175,140,140,172,172,108,110,104,112,83,83,262,262,101,97,143,143,122,124,228,228,144,158,130,130,246,252,148,148,155,155,136,138,149,151,,,,,,,,,,,,,,,,,,,,,,,,,,,,,,,,,,,,,,,,,,,,,,,,,,,,,,,,,
GNP,plains,,Davis,2022,MASTER_GNP bison_genetic data,124000300850170,996,,165,165,179,191,241,241,238,250,85,85,184,196,205,207,143,149,158,162,108,118,181,185,96,98,127,127,103,103,104,118,161,161,225,229,194,200,185,187,113,115,158,158,89,91,88,88,135,135,146,150,85,87,189,195,101,95,143,160,164,168,127,127,168,168,89,89,92,92,165,167,140,146,172,172,108,108,106,106,83,83,256,262,89,93,143,145,122,122,228,240,158,158,130,130,252,254,142,142,155,155,136,136,149,149,,,,,,,,,,,,,,,,,,,,,,,,,,,,,,,,,,,,,,,,,,,,,,,,,,,,,,,,,
GNP,plains,,Davis,2022,MASTER_GNP bison_genetic data,124000300850174,997,,161,161,177,191,241,249,238,250,89,91,180,198,205,211,127,143,142,158,118,118,179,179,104,98,125,127,103,107,118,118,161,167,229,231,200,202,175,187,113,113,156,158,89,91,88,88,135,141,146,154,87,89,189,191,95,95,143,160,162,162,148,150,168,168,89,89,92,95,175,175,146,150,172,178,106,106,102,106,81,83,256,262,101,93,143,145,122,124,238,240,154,160,130,134,246,250,142,142,155,155,138,138,143,149,,,,,,,,,,,,,,,,,,,,,,,,,,,,,,,,,,,,,,,,,,,,,,,,,,,,,,,,,
GNP,plains,,Davis,2022,MASTER_GNP bison_genetic data,124000300850177,998,,165,173,179,181,241,271,238,238,85,89,196,198,205,207,149,149,158,162,108,118,179,181,92,98,129,131,103,103,118,122,161,161,229,231,194,200,175,175,108,115,154,158,91,91,88,88,135,137,146,148,87,91,191,195,101,99,161,161,162,164,127,140,168,168,89,89,92,92,165,167,140,146,172,178,108,108,102,106,81,83,256,260,89,91,143,145,124,124,240,240,154,156,130,130,250,254,142,142,155,155,136,136,149,149,,,,,,,,,,,,,,,,,,,,,,,,,,,,,,,,,,,,,,,,,,,,,,,,,,,,,,,,,
GNP,plains,,Davis,2022,MASTER_GNP bison_genetic data,124000300850194,999,,165,165,179,191,253,271,238,250,87,89,180,180,205,211,129,149,150,158,118,118,179,183,96,98,123,129,103,103,118,118,161,167,229,229,194,194,175,185,113,115,154,160,89,91,88,88,135,141,146,146,87,87,189,189,101,99,143,158,142,164,127,140,170,172,89,89,91,92,159,175,140,140,174,180,108,108,102,104,81,83,262,262,93,97,143,143,124,124,236,236,144,158,118,130,250,250,148,148,153,155,136,138,145,149,,,,,,,,,,,,,,,,,,,,,,,,,,,,,,,,,,,,,,,,,,,,,,,,,,,,,,,,,
GNP,plains,,Davis,2022,MASTER_GNP bison_genetic data,124000300850198,986,,161,161,191,191,241,253,232,238,87,87,184,192,207,211,143,143,150,158,114,116,181,185,92,98,127,131,103,103,104,122,161,167,231,231,194,200,187,187,115,115,158,158,91,91,88,90,135,135,146,148,87,89,191,191,101,95,158,160,162,168,148,150,168,168,83,89,92,95,173,175,146,146,172,174,108,108,104,104,81,83,262,262,93,97,143,143,122,124,224,240,154,156,118,130,252,254,142,142,155,157,134,136,149,149,,,,,,,,,,,,,,,,,,,,,,,,,,,,,,,,,,,,,,,,,,,,,,,,,,,,,,,,,
GNP,plains,,Davis,2022,MASTER_GNP bison_genetic data,124000300850202,1004,,161,161,179,191,241,253,238,254,87,91,184,198,205,205,143,143,158,162,108,108,181,183,96,98,123,131,103,103,104,114,161,167,229,231,194,194,185,187,113,113,154,158,91,91,88,88,135,141,146,148,85,89,191,195,95,95,143,154,158,164,140,148,168,170,89,91,92,92,159,175,146,150,172,172,108,108,102,104,81,81,260,262,105,91,143,143,124,124,240,240,144,144,130,134,250,254,142,148,151,155,136,136,149,149,,,,,,,,,,,,,,,,,,,,,,,,,,,,,,,,,,,,,,,,,,,,,,,,,,,,,,,,,
GNP,plains,,Davis,2022,MASTER_GNP bison_genetic data,124000300850205,987,,161,173,177,179,249,253,238,254,87,89,184,192,211,211,149,149,142,158,116,118,183,185,92,96,123,131,103,105,118,122,167,167,229,231,194,194,175,175,113,115,158,160,91,91,88,90,135,135,146,150,87,87,191,195,95,95,143,143,158,168,127,127,186,186,89,89,91,91,163,177,146,150,172,172,108,110,104,104,81,83,262,262,93,97,145,145,122,124,228,240,154,158,130,130,246,254,138,150,153,159,134,136,149,149,,,,,,,,,,,,,,,,,,,,,,,,,,,,,,,,,,,,,,,,,,,,,,,,,,,,,,,,,
GNP,plains,,Davis,2022,MASTER_GNP bison_genetic data,124000300850206,1000,,161,173,191,191,241,249,238,250,87,91,180,198,205,211,129,129,150,156,108,114,179,179,104,92,127,127,103,104,114,122,161,161,229,231,194,200,175,187,115,115,154,158,91,93,88,90,135,137,146,146,87,91,191,195,95,95,143,160,144,164,140,150,170,176,83,89,92,95,159,175,146,146,172,172,106,106,102,106,81,83,260,262,101,89,147,147,122,122,238,238,154,160,130,134,246,252,142,148,153,159,134,136,149,151,,,,,,,,,,,,,,,,,,,,,,,,,,,,,,,,,,,,,,,,,,,,,,,,,,,,,,,,,
GNP,plains,,Davis,2022,MASTER_GNP bison_genetic data,124000300850223,1001,,161,173,191,191,241,271,238,238,87,87,180,184,211,215,149,149,162,164,114,114,179,185,96,98,131,131,104,105,114,118,161,161,231,231,194,200,175,179,108,115,154,154,91,91,90,90,135,147,146,148,87,91,189,191,101,95,143,160,144,144,127,140,168,168,83,89,92,95,163,165,140,146,172,172,108,110,100,102,81,81,256,262,89,93,143,147,124,124,228,240,154,156,130,130,250,254,142,148,155,155,136,138,151,151,,,,,,,,,,,,,,,,,,,,,,,,,,,,,,,,,,,,,,,,,,,,,,,,,,,,,,,,,
GNP,plains,,Davis,2022,MASTER_GNP bison_genetic data,124000300850245,988,,161,165,191,191,247,271,238,250,89,89,180,180,205,205,129,143,158,162,114,118,183,183,96,98,129,129,103,103,118,118,167,167,229,229,194,200,185,185,108,115,154,158,89,89,88,90,135,147,146,150,87,87,189,189,101,95,143,161,166,166,140,150,170,170,83,91,91,92,163,175,140,140,178,180,108,108,104,112,81,81,256,262,89,97,143,143,124,124,240,240,154,156,118,130,246,252,150,150,153,155,134,136,145,149,,,,,,,,,,,,,,,,,,,,,,,,,,,,,,,,,,,,,,,,,,,,,,,,,,,,,,,,,
GNP,plains,,Davis,2022,MASTER_GNP bison_genetic data,124000300850262,989,,161,173,181,191,241,241,238,238,87,87,180,198,211,211,143,149,150,164,114,116,179,181,92,98,131,131,103,107,114,114,167,167,229,231,200,202,175,179,115,115,154,158,89,91,90,90,135,135,146,146,89,89,191,191,101,95,143,160,142,170,140,140,168,186,89,91,92,94,163,167,146,146,172,172,106,108,100,104,83,83,260,262,89,93,143,145,122,124,240,240,154,156,130,130,250,254,142,150,155,155,138,138,151,151,,,,,,,,,,,,,,,,,,,,,,,,,,,,,,,,,,,,,,,,,,,,,,,,,,,,,,,,,
GNP,plains,,Davis,2022,MASTER_GNP bison_genetic data,124000300850263,1002,,161,165,181,191,241,245,238,250,85,89,196,198,205,207,127,143,150,158,108,118,179,183,92,98,129,131,103,105,118,118,161,165,231,231,194,200,185,187,108,115,158,158,91,91,100,88,135,147,146,146,87,91,189,195,95,99,158,160,162,168,127,140,170,186,83,89,92,95,175,175,140,150,176,180,108,110,104,106,81,83,262,262,105,89,143,143,122,122,228,238,144,158,118,130,246,250,142,148,155,159,136,138,149,149,,,,,,,,,,,,,,,,,,,,,,,,,,,,,,,,,,,,,,,,,,,,,,,,,,,,,,,,,
GNP,plains,,Davis,2022,MASTER_GNP bison_genetic data,124000300850265,990,,161,161,181,181,241,245,232,238,85,87,180,184,205,215,129,149,158,164,118,118,179,183,92,96,125,127,103,103,118,122,161,161,231,231,200,200,179,187,113,115,158,158,89,91,90,90,135,135,146,146,87,89,191,195,95,99,160,160,142,158,140,150,168,168,83,89,92,94,173,175,140,146,172,178,108,108,104,104,83,83,262,262,93,97,143,143,122,124,240,240,154,156,130,130,244,250,142,150,157,159,136,138,149,149,,,,,,,,,,,,,,,,,,,,,,,,,,,,,,,,,,,,,,,,,,,,,,,,,,,,,,,,,
GNP,plains,,Davis,2022,MASTER_GNP bison_genetic data,124000300850267,991,,161,165,181,191,249,249,232,238,85,87,180,184,205,207,149,149,142,164,116,118,179,185,96,98,127,127,103,105,114,118,161,167,231,231,194,200,175,179,113,115,158,158,89,91,88,90,135,135,146,146,89,91,191,195,101,99,143,143,158,168,140,140,170,170,89,89,92,92,163,173,146,146,172,172,106,108,100,104,83,83,260,262,91,93,143,143,122,124,228,228,154,158,130,130,244,250,148,150,155,157,134,136,149,151,,,,,,,,,,,,,,,,,,,,,,,,,,,,,,,,,,,,,,,,,,,,,,,,,,,,,,,,,
GNP,plains,,Davis,2022,MASTER_GNP bison_genetic data,124000300850280,1003,,165,165,177,191,241,241,238,250,87,89,180,192,205,211,143,149,142,158,114,118,179,185,104,104,127,131,103,107,114,118,167,167,229,231,200,200,175,185,115,115,154,160,91,91,88,90,135,135,146,146,91,91,189,195,95,95,143,143,144,164,127,140,172,186,89,89,92,95,175,177,140,146,172,180,108,110,102,104,81,83,260,262,105,97,143,143,124,124,228,240,144,154,130,134,246,250,138,142,155,155,134,138,149,151,,,,,,,,,,,,,,,,,,,,,,,,,,,,,,,,,,,,,,,,,,,,,,,,,,,,,,,,,
GNP,plains,,Davis,2022,MASTER_GNP bison_genetic data,989002004883487,855,,161,173,179,193,247,253,238,252,87,89,180,190,207,215,149,149,142,158,114,118,179,179,92,98,125,131,103,105,114,114,167,167,229,229,194,200,187,187,109,109,154,154,89,91,88,90,135,147,146,146,89,91,191,195,95,99,160,160,142,168,140,140,186,186,83,89,92,92,165,175,146,146,172,178,106,108,100,104,83,83,260,260,105,93,143,147,124,124,240,240,154,158,130,130,250,250,142,148,159,159,134,138,145,151,,,,,,,,,,,,,,,,,,,,,,,,,,,,,,,,,,,,,,,,,,,,,,,,,,,,,,,,,
GNP,plains,,Davis,2022,MASTER_GNP bison_genetic data,989002004885960,1091,,161,161,191,191,241,241,238,238,87,87,180,198,207,215,143,143,142,158,114,118,165,165,92,98,127,131,103,105,114,114,161,161,229,231,194,200,185,187,113,115,154,158,91,91,88,88,135,141,150,154,87,91,191,195,95,95,143,161,144,168,140,150,168,174,89,89,92,92,163,175,146,150,172,174,110,110,104,104,83,83,262,262,89,89,143,143,122,122,238,240,156,158,130,130,244,254,142,150,153,155,136,136,149,151,,,,,,,,,,,,,,,,,,,,,,,,,,,,,,,,,,,,,,,,,,,,,,,,,,,,,,,,,
GNP,plains,,Davis,2022,MASTER_GNP bison_genetic data,989002004886398,756,,161,165,181,191,241,247,238,250,89,89,180,180,205,205,129,149,158,158,114,118,183,183,104,96,131,131,103,103,122,122,161,167,229,233,194,200,185,187,115,115,158,158,89,91,88,90,135,147,146,150,87,91,191,191,95,95,161,161,144,168,127,150,170,172,83,89,92,95,165,175,146,150,180,180,108,108,106,106,81,83,260,260,89,97,143,143,122,124,238,240,144,156,130,130,246,252,142,148,153,153,136,136,149,151,,,,,,,,,,,,,,,,,,,,,,,,,,,,,,,,,,,,,,,,,,,,,,,,,,,,,,,,,
GNP,plains,,Davis,2022,MASTER_GNP bison_genetic data,989002004886421,915,,173,173,191,191,241,249,238,250,87,87,184,198,205,211,143,149,150,158,108,118,179,181,104,98,127,127,103,105,118,122,161,167,229,231,194,194,185,187,115,115,154,154,89,91,88,90,135,141,146,150,87,91,191,195,103,95,158,160,156,170,140,140,168,172,83,89,92,92,163,173,146,146,172,178,108,108,102,104,83,83,262,262,89,97,147,147,124,124,238,240,158,160,130,134,250,250,148,148,155,159,136,138,149,151,,,,,,,,,,,,,,,,,,,,,,,,,,,,,,,,,,,,,,,,,,,,,,,,,,,,,,,,,
GNP,plains,,Davis,2022,MASTER_GNP bison_genetic data,989002004886580,1014,,161,161,181,191,241,253,238,250,87,89,180,198,211,211,143,143,150,150,118,118,179,183,92,98,127,131,103,103,114,114,167,167,229,231,194,202,175,187,115,115,154,154,89,91,88,90,135,135,146,146,89,91,191,191,103,95,143,161,142,158,140,150,168,170,89,91,92,94,163,163,146,146,172,172,108,112,104,106,81,83,260,262,93,97,143,143,124,124,228,240,154,158,130,130,250,250,142,150,155,155,136,136,151,151,,,,,,,,,,,,,,,,,,,,,,,,,,,,,,,,,,,,,,,,,,,,,,,,,,,,,,,,,
GNP,plains,,Davis,2022,MASTER_GNP bison_genetic data,989002004886600,928,,161,161,191,191,249,253,238,250,87,91,184,184,211,211,129,149,158,158,114,114,179,181,92,98,127,131,103,103,122,122,161,161,225,231,194,200,175,187,108,115,154,158,89,89,88,90,135,135,146,146,87,91,191,191,95,99,160,170,168,170,127,150,168,176,89,89,95,95,165,177,146,150,172,172,108,108,102,104,83,83,262,262,93,97,143,143,122,124,240,240,156,156,130,134,250,254,142,142,159,159,136,136,149,153,,,,,,,,,,,,,,,,,,,,,,,,,,,,,,,,,,,,,,,,,,,,,,,,,,,,,,,,,
GNP,plains,,Davis,2022,MASTER_GNP bison_genetic data,989002004889682,757,,161,165,191,191,241,241,238,238,87,89,180,184,205,211,143,149,150,162,114,114,181,181,98,98,131,131,103,105,118,122,161,165,229,231,194,200,179,181,115,115,154,158,89,91,100,90,135,137,150,150,87,91,191,195,95,95,160,161,158,168,140,150,176,186,89,89,91,92,163,175,140,146,172,174,106,108,104,104,81,83,260,262,89,93,143,143,122,124,228,240,154,156,130,130,250,250,142,150,155,157,134,136,149,151,,,,,,,,,,,,,,,,,,,,,,,,,,,,,,,,,,,,,,,,,,,,,,,,,,,,,,,,,
GNP,plains,,Davis,2022,MASTER_GNP bison_genetic data,989002004889757,903,,165,173,181,191,241,245,238,250,89,89,196,198,207,211,143,149,150,164,108,114,179,183,98,98,131,131,103,105,114,118,165,167,231,231,194,194,179,187,108,115,158,158,89,91,88,88,147,147,146,146,87,91,189,195,99,99,160,161,142,168,140,150,170,186,83,89,92,92,175,175,140,140,180,180,108,110,104,104,83,83,260,262,89,93,143,145,122,122,228,240,156,158,118,130,250,250,148,148,155,159,138,138,149,151,,,,,,,,,,,,,,,,,,,,,,,,,,,,,,,,,,,,,,,,,,,,,,,,,,,,,,,,,
GNP,plains,,Davis,2022,MASTER_GNP bison_genetic data,989002004889758,1109,,161,165,191,191,241,253,238,250,87,89,192,198,211,211,129,143,150,158,114,116,179,181,96,96,127,131,103,103,104,118,161,167,231,231,200,202,185,185,108,113,158,158,91,91,88,90,135,141,146,146,87,89,195,195,101,95,160,160,158,164,140,150,174,186,83,89,92,92,173,175,140,146,172,172,108,110,104,104,83,83,262,262,89,91,143,147,122,124,240,240,154,158,130,130,250,254,142,148,155,159,136,136,143,149,,,,,,,,,,,,,,,,,,,,,,,,,,,,,,,,,,,,,,,,,,,,,,,,,,,,,,,,,
GNP,plains,,Davis,2022,MASTER_GNP bison_genetic data,989002004893189,1105,,161,161,179,191,245,253,238,250,87,87,184,184,211,211,129,129,158,158,116,118,179,181,98,98,127,131,103,105,104,122,161,161,231,231,194,200,185,187,115,115,158,160,89,91,90,90,135,135,148,150,87,91,191,195,99,99,158,161,168,170,127,142,170,186,89,89,92,95,175,175,146,150,172,172,106,108,102,104,81,81,262,262,89,93,143,147,122,124,240,240,144,156,130,130,250,254,142,142,159,159,136,136,149,151,,,,,,,,,,,,,,,,,,,,,,,,,,,,,,,,,,,,,,,,,,,,,,,,,,,,,,,,,
GNP,plains,,Davis,2022,MASTER_GNP bison_genetic data,989002004893204,758,,165,173,191,191,241,271,238,238,87,89,180,192,205,205,129,129,150,162,118,118,179,183,104,104,127,127,103,107,114,114,161,161,229,231,194,200,185,187,115,115,154,158,89,91,88,90,135,147,146,146,87,91,195,195,99,99,160,161,160,168,127,140,170,170,89,89,92,95,175,175,140,140,172,180,108,108,104,104,81,85,262,262,101,93,143,143,124,124,228,236,144,156,130,130,246,254,138,150,155,155,136,136,149,149,,,,,,,,,,,,,,,,,,,,,,,,,,,,,,,,,,,,,,,,,,,,,,,,,,,,,,,,,
GNP,plains,,Davis,2022,MASTER_GNP bison_genetic data,989002004893592,976,,161,161,181,191,241,249,232,232,85,87,180,198,211,211,149,149,142,150,108,116,179,181,92,98,127,129,103,103,114,114,161,167,229,231,194,200,179,187,113,115,160,160,89,91,88,88,135,147,146,146,89,91,191,195,95,99,143,143,142,164,140,148,168,170,89,89,92,95,163,175,146,146,172,172,106,108,102,102,81,81,260,260,101,93,143,145,126,126,238,240,154,158,130,134,254,254,142,142,153,155,136,136,145,149,,,,,,,,,,,,,,,,,,,,,,,,,,,,,,,,,,,,,,,,,,,,,,,,,,,,,,,,,
GNP,plains,,Davis,2022,MASTER_GNP bison_genetic data,989002004893606,856,,161,161,191,191,241,271,238,238,87,91,180,192,202,205,129,143,158,164,114,116,179,181,92,98,131,131,103,103,114,114,161,167,229,229,200,200,187,187,109,115,158,158,89,89,90,90,141,147,146,146,85,89,195,195,95,95,160,161,142,168,140,140,168,176,89,91,91,92,163,175,146,148,172,172,108,108,102,102,83,83,256,260,89,97,143,147,124,124,228,228,144,154,130,130,250,252,142,150,153,155,134,138,149,149,,,,,,,,,,,,,,,,,,,,,,,,,,,,,,,,,,,,,,,,,,,,,,,,,,,,,,,,,
GNP,plains,,Davis,2022,MASTER_GNP bison_genetic data,989002004896799,910,,161,165,179,191,241,253,238,252,91,91,180,184,205,207,129,143,150,156,116,118,179,181,92,92,127,129,103,103,104,104,167,167,229,231,194,194,187,191,108,108,154,158,89,91,88,90,135,135,146,150,87,89,189,195,95,99,143,160,162,168,140,140,168,186,89,89,92,92,165,175,140,146,172,174,106,112,104,104,83,83,262,262,89,93,143,147,122,124,228,240,154,156,130,134,250,254,148,150,155,159,136,136,145,149,,,,,,,,,,,,,,,,,,,,,,,,,,,,,,,,,,,,,,,,,,,,,,,,,,,,,,,,,
GNP,plains,,Davis,2022,MASTER_GNP bison_genetic data,989002004899687,1038,,161,161,177,191,241,253,238,238,87,91,184,198,207,211,129,143,142,150,114,118,179,179,104,92,129,131,103,103,118,122,161,167,231,231,194,194,175,191,113,115,158,158,89,91,90,90,135,147,146,146,87,91,195,195,101,101,143,161,158,170,140,150,168,168,89,89,92,92,163,167,146,146,172,172,108,108,102,104,83,83,262,262,93,93,143,147,124,124,228,238,154,156,130,130,254,254,142,150,155,157,134,136,145,149,,,,,,,,,,,,,,,,,,,,,,,,,,,,,,,,,,,,,,,,,,,,,,,,,,,,,,,,,
GNP,plains,,Davis,2022,MASTER_GNP bison_genetic data,989002004903362,1028,,161,165,179,181,241,253,238,252,87,91,180,190,211,211,129,143,142,162,116,118,179,183,104,92,125,127,103,103,114,118,167,167,231,233,194,194,179,187,113,115,156,158,89,91,88,90,135,137,150,150,89,91,191,191,95,99,160,160,142,170,140,140,170,186,89,89,91,95,165,173,140,146,172,176,106,112,104,104,81,83,260,260,93,93,143,147,124,126,228,240,154,158,130,130,254,254,142,150,153,159,134,136,145,149,,,,,,,,,,,,,,,,,,,,,,,,,,,,,,,,,,,,,,,,,,,,,,,,,,,,,,,,,
GNP,plains,,Davis,2022,MASTER_GNP bison_genetic data,989002004903811,968,,173,173,179,181,241,271,238,254,87,91,198,198,205,205,143,149,158,158,108,118,183,183,96,98,127,131,103,104,114,122,161,167,229,231,194,194,175,187,108,115,154,158,91,91,88,90,135,135,146,146,89,91,191,195,95,97,143,160,156,162,127,148,168,170,89,89,92,92,159,159,140,146,172,176,106,110,102,102,81,83,260,262,101,91,143,145,124,124,228,240,156,160,130,130,246,250,142,150,155,157,138,138,149,151,,,,,,,,,,,,,,,,,,,,,,,,,,,,,,,,,,,,,,,,,,,,,,,,,,,,,,,,,
GNP,plains,,Davis,2022,MASTER_GNP bison_genetic data,989002004903878,759,,165,165,191,191,247,253,232,238,87,91,180,180,202,205,143,149,152,158,114,118,179,183,104,98,129,131,103,105,114,114,161,167,231,233,194,194,185,187,113,115,154,158,89,91,100,90,135,135,146,150,87,91,189,195,95,95,161,170,158,164,140,140,170,174,89,91,92,95,173,173,146,150,172,180,106,108,102,102,83,83,256,262,89,91,143,143,122,124,228,240,144,154,130,130,246,252,150,150,153,153,136,136,149,149,,,,,,,,,,,,,,,,,,,,,,,,,,,,,,,,,,,,,,,,,,,,,,,,,,,,,,,,,
GNP,plains,,Davis,2022,MASTER_GNP bison_genetic data,989002004904188,1030,,173,173,181,191,247,249,250,252,87,89,192,192,205,207,129,143,158,162,118,118,165,181,92,96,127,131,103,103,122,122,167,167,231,231,200,202,179,179,113,115,154,156,89,89,102,88,135,135,146,146,87,87,189,195,101,99,160,160,162,168,140,140,168,168,89,89,92,92,163,175,140,146,172,180,106,108,102,112,81,83,260,262,91,93,143,145,122,124,238,240,154,158,130,134,252,254,142,142,155,155,136,136,145,149,,,,,,,,,,,,,,,,,,,,,,,,,,,,,,,,,,,,,,,,,,,,,,,,,,,,,,,,,
GNP,plains,,Davis,2022,MASTER_GNP bison_genetic data,989002004904212,857,,161,165,181,191,241,253,238,254,85,89,180,184,205,215,143,149,158,158,114,116,183,183,96,98,127,131,103,103,104,104,161,167,229,229,194,194,179,185,113,113,154,158,89,91,100,90,135,141,146,146,87,89,189,191,101,101,158,170,158,170,127,140,168,176,89,89,91,95,175,177,140,146,172,172,108,108,102,102,83,83,262,262,101,89,143,143,124,124,240,240,158,158,118,130,246,254,142,150,153,153,136,138,145,149,,,,,,,,,,,,,,,,,,,,,,,,,,,,,,,,,,,,,,,,,,,,,,,,,,,,,,,,,
GNP,plains,,Davis,2022,MASTER_GNP bison_genetic data,989002004907414,973,,161,161,179,179,245,245,238,250,87,89,184,196,211,211,129,129,158,158,114,118,181,181,92,98,127,131,103,105,104,122,161,167,229,231,194,200,175,187,113,115,158,158,89,89,90,90,135,135,146,146,87,87,189,195,97,99,143,161,158,170,140,150,186,186,83,89,92,95,177,177,146,150,172,172,106,108,104,104,83,83,260,262,105,93,143,147,122,124,240,240,144,158,130,130,250,250,142,142,155,157,134,136,149,151,,,,,,,,,,,,,,,,,,,,,,,,,,,,,,,,,,,,,,,,,,,,,,,,,,,,,,,,,
GNP,plains,,Davis,2022,MASTER_GNP bison_genetic data,989002004907419,760,,161,161,191,191,241,241,232,238,87,87,192,198,205,211,129,149,152,158,114,118,179,179,96,96,129,131,105,107,114,114,165,165,233,233,194,194,185,185,113,115,154,160,91,91,88,90,135,135,146,146,87,87,189,191,95,95,154,160,144,164,140,140,172,172,83,89,92,95,159,175,140,148,172,176,108,112,104,104,83,83,260,262,89,91,143,143,124,124,240,240,154,156,130,130,246,254,142,150,153,155,136,140,149,151,,,,,,,,,,,,,,,,,,,,,,,,,,,,,,,,,,,,,,,,,,,,,,,,,,,,,,,,,
GNP,plains,,Davis,2022,MASTER_GNP bison_genetic data,989002004907423,761,,161,173,177,191,249,253,238,250,87,87,184,192,205,211,129,143,150,156,118,118,181,183,92,96,127,131,103,103,122,122,167,167,229,229,200,200,185,187,115,115,156,158,91,91,100,90,135,135,146,146,87,87,191,195,95,99,160,161,158,170,140,150,168,172,83,89,92,95,175,175,146,146,172,178,108,108,104,104,83,83,262,262,89,93,143,143,124,124,238,240,154,154,118,130,250,254,142,142,155,155,136,138,149,149,,,,,,,,,,,,,,,,,,,,,,,,,,,,,,,,,,,,,,,,,,,,,,,,,,,,,,,,,
GNP,plains,,Davis,2022,MASTER_GNP bison_genetic data,989002004907727,1049,,161,165,179,191,247,253,232,238,87,91,180,180,211,211,143,143,158,158,114,116,165,179,98,98,127,129,103,105,118,118,161,161,229,231,194,194,175,185,113,115,158,160,89,91,90,90,135,135,146,146,87,89,189,191,99,99,143,161,158,158,142,150,168,170,83,89,92,92,165,177,140,150,172,172,106,108,112,112,83,83,262,262,89,93,143,145,122,124,240,240,144,158,118,130,250,254,142,148,153,155,134,136,149,151,,,,,,,,,,,,,,,,,,,,,,,,,,,,,,,,,,,,,,,,,,,,,,,,,,,,,,,,,
GNP,plains,,Davis,2022,MASTER_GNP bison_genetic data,989002004910835,762,,161,173,191,191,253,271,238,250,85,87,180,198,205,211,129,143,150,150,116,118,179,179,92,96,123,131,103,105,114,114,161,167,229,231,194,200,175,187,109,113,154,158,89,91,100,88,135,147,146,150,87,91,191,195,95,95,160,161,164,168,142,150,168,168,89,89,91,92,163,175,140,146,172,178,108,108,102,102,81,83,262,262,105,93,143,143,124,124,228,240,154,156,130,130,250,252,142,142,155,159,134,136,149,149,,,,,,,,,,,,,,,,,,,,,,,,,,,,,,,,,,,,,,,,,,,,,,,,,,,,,,,,,
GNP,plains,,Davis,2022,MASTER_GNP bison_genetic data,989002004910941,1090,,161,173,181,191,241,249,232,238,87,87,184,198,211,211,129,129,150,158,108,114,181,183,104,92,127,131,103,103,118,122,167,167,229,229,194,200,187,187,108,113,158,160,89,89,88,90,135,135,146,146,87,91,191,195,99,99,143,160,162,168,140,148,168,170,89,89,92,95,173,175,146,146,172,172,106,108,102,104,81,83,262,262,101,89,143,143,124,126,238,240,154,156,130,134,250,254,142,142,153,159,136,136,145,153,,,,,,,,,,,,,,,,,,,,,,,,,,,,,,,,,,,,,,,,,,,,,,,,,,,,,,,,,
GNP,plains,,Davis,2022,MASTER_GNP bison_genetic data,989002004913966,1089,,161,161,181,191,241,241,238,238,87,87,180,184,207,215,143,149,142,162,114,118,165,179,92,92,127,127,103,103,114,122,161,161,231,231,194,194,185,191,115,115,158,158,91,91,88,90,135,137,146,146,87,89,189,189,95,99,143,160,162,168,140,140,168,170,83,89,92,92,163,173,146,146,172,174,108,108,102,104,81,83,262,262,89,93,143,143,122,124,228,238,156,158,130,130,254,254,142,150,153,155,134,136,145,151,,,,,,,,,,,,,,,,,,,,,,,,,,,,,,,,,,,,,,,,,,,,,,,,,,,,,,,,,
GNP,plains,,Davis,2022,MASTER_GNP bison_genetic data,989002004916725,763,,161,173,191,191,241,271,238,238,87,87,180,184,211,215,149,149,162,164,114,114,179,185,96,98,131,131,104,105,114,118,161,161,231,231,194,200,175,179,109,115,154,154,91,91,90,90,135,147,146,148,87,91,189,191,101,95,143,160,144,170,127,140,168,168,83,89,92,95,163,165,140,146,172,172,108,110,100,102,81,81,256,262,89,93,143,147,124,124,228,240,154,156,130,130,250,254,142,148,155,155,136,138,151,151,,,,,,,,,,,,,,,,,,,,,,,,,,,,,,,,,,,,,,,,,,,,,,,,,,,,,,,,,
GNP,plains,,Davis,2022,MASTER_GNP bison_genetic data,989002004920918,764,,161,161,191,191,241,253,238,250,85,87,180,184,205,205,127,149,158,164,118,118,183,183,96,98,127,131,103,103,104,104,161,167,229,229,194,200,175,185,109,115,154,158,91,91,88,90,135,137,146,148,91,91,189,195,95,99,160,160,164,164,127,140,172,176,89,89,91,92,163,175,140,140,172,176,106,108,104,104,81,83,260,262,105,97,143,143,122,124,238,240,156,158,130,134,250,254,142,148,153,153,136,136,145,149,,,,,,,,,,,,,,,,,,,,,,,,,,,,,,,,,,,,,,,,,,,,,,,,,,,,,,,,,
GNP,plains,,Davis,2022,MASTER_GNP bison_genetic data,989002004922781,765,,161,161,177,179,249,253,238,238,87,91,180,184,205,205,127,143,150,162,108,118,165,181,98,98,123,127,103,107,114,114,167,167,231,231,194,202,185,187,113,113,154,158,89,91,88,88,135,141,146,154,85,87,189,191,95,99,143,160,162,164,148,150,170,170,83,91,92,95,159,175,150,150,172,172,106,108,104,104,81,83,262,262,105,89,143,143,122,124,240,240,144,156,130,130,246,250,142,148,151,153,136,138,149,149,,,,,,,,,,,,,,,,,,,,,,,,,,,,,,,,,,,,,,,,,,,,,,,,,,,,,,,,,
GNP,plains,,Davis,2022,MASTER_GNP bison_genetic data,989002004922782,1011,,161,161,177,191,253,271,238,250,87,91,180,184,205,207,129,143,158,162,116,118,165,179,96,98,129,131,103,103,118,122,161,167,229,231,200,202,175,187,113,115,158,158,91,91,88,88,135,135,146,154,87,91,191,195,101,99,160,160,142,156,127,140,170,176,83,89,95,95,175,175,148,150,172,178,106,108,106,106,81,83,262,262,91,93,145,147,122,124,228,240,154,156,130,130,250,254,142,142,155,159,136,138,149,151,,,,,,,,,,,,,,,,,,,,,,,,,,,,,,,,,,,,,,,,,,,,,,,,,,,,,,,,,
GNP,plains,,Davis,2022,MASTER_GNP bison_genetic data,989002004923212,858,,161,165,191,191,241,247,232,254,87,87,184,198,211,211,129,149,150,150,108,118,179,181,104,92,131,131,103,103,118,122,161,167,229,231,194,200,187,187,113,115,154,158,89,89,88,90,135,135,150,150,91,91,191,195,95,95,143,160,162,170,142,150,170,170,83,89,92,92,177,177,140,146,172,174,108,108,104,104,81,83,262,262,89,89,143,143,124,124,228,240,156,156,130,130,250,250,138,142,155,159,136,140,149,151,,,,,,,,,,,,,,,,,,,,,,,,,,,,,,,,,,,,,,,,,,,,,,,,,,,,,,,,,
GNP,plains,,Davis,2022,MASTER_GNP bison_genetic data,989002004923519,1044,,161,165,181,181,245,249,232,238,85,87,180,192,211,211,143,143,142,162,116,116,179,179,98,98,129,131,103,103,114,114,161,167,231,233,194,194,185,187,115,115,156,158,89,91,100,88,135,135,146,146,91,91,195,195,101,99,143,143,158,168,140,148,168,170,83,89,92,95,163,173,146,146,172,178,106,108,104,104,81,81,260,262,89,93,143,147,122,122,238,240,154,154,130,130,246,254,142,142,157,159,136,136,145,149,,,,,,,,,,,,,,,,,,,,,,,,,,,,,,,,,,,,,,,,,,,,,,,,,,,,,,,,,
GNP,plains,,Davis,2022,MASTER_GNP bison_genetic data,989002004923653,1102,,161,161,181,191,241,253,238,238,91,91,198,198,205,205,149,149,150,158,108,118,179,183,92,96,127,127,103,105,114,122,167,167,229,229,194,194,185,185,108,115,154,158,91,93,88,90,135,135,146,146,87,89,189,191,95,99,143,143,158,166,127,140,170,172,89,89,91,92,175,177,146,148,172,180,108,112,102,102,81,81,260,262,101,101,143,147,124,124,228,240,158,160,130,134,250,250,142,142,151,155,138,138,149,151,,,,,,,,,,,,,,,,,,,,,,,,,,,,,,,,,,,,,,,,,,,,,,,,,,,,,,,,,
GNP,plains,,Davis,2022,MASTER_GNP bison_genetic data,989002004925466,859,,161,161,177,191,241,253,238,252,87,91,184,198,211,211,129,149,158,162,108,114,179,179,98,98,129,131,103,103,122,122,167,167,231,231,190,200,175,187,109,115,154,158,89,91,90,90,135,135,146,150,87,91,191,195,99,99,160,160,162,170,140,150,168,176,83,89,95,95,163,167,146,150,172,172,108,108,104,104,83,83,262,262,101,93,147,147,124,124,240,240,154,158,130,134,250,254,142,142,155,155,136,136,149,151,,,,,,,,,,,,,,,,,,,,,,,,,,,,,,,,,,,,,,,,,,,,,,,,,,,,,,,,,
GNP,plains,,Davis,2022,MASTER_GNP bison_genetic data,989002004926342,1035,,165,165,191,191,241,247,232,238,87,91,180,184,205,215,129,129,150,158,108,118,179,183,104,98,129,129,103,103,122,122,161,161,229,231,194,200,175,175,115,115,158,158,91,93,88,88,135,135,146,154,87,87,189,191,95,95,160,170,170,170,127,140,170,172,89,89,92,92,167,175,146,150,172,180,110,110,102,102,81,83,262,262,97,97,143,143,122,124,228,240,144,144,130,130,246,250,148,150,159,159,136,138,149,149,,,,,,,,,,,,,,,,,,,,,,,,,,,,,,,,,,,,,,,,,,,,,,,,,,,,,,,,,
GNP,plains,,Davis,2022,MASTER_GNP bison_genetic data,989002004926416,1048,,161,165,191,191,241,241,238,238,87,91,198,198,211,215,143,149,158,164,108,118,179,181,92,98,127,131,103,104,114,114,161,167,231,231,194,200,187,187,113,115,156,158,91,91,100,88,135,135,146,146,87,91,195,195,95,99,158,158,158,170,127,140,168,168,83,89,92,92,167,175,146,146,172,172,106,108,104,104,81,83,256,262,93,93,143,143,122,124,228,228,154,156,130,130,250,254,138,142,155,155,136,138,149,149,,,,,,,,,,,,,,,,,,,,,,,,,,,,,,,,,,,,,,,,,,,,,,,,,,,,,,,,,
GNP,plains,,Davis,2022,MASTER_GNP bison_genetic data,989002004926619,972,,161,173,191,191,241,247,238,250,85,87,184,198,205,211,143,143,158,164,116,118,179,181,92,96,127,131,103,103,122,122,161,161,229,229,194,194,179,187,113,115,154,154,91,93,88,90,135,135,146,150,89,91,191,191,95,99,143,143,164,168,142,148,168,172,89,89,92,92,163,177,146,146,172,174,108,112,104,104,81,83,260,262,89,97,143,143,122,124,228,240,154,156,134,134,246,250,148,150,159,159,136,136,149,149,,,,,,,,,,,,,,,,,,,,,,,,,,,,,,,,,,,,,,,,,,,,,,,,,,,,,,,,,
GNP,plains,,Davis,2022,MASTER_GNP bison_genetic data,989002004929672,860,,161,161,181,191,249,271,238,250,85,87,180,198,202,207,129,149,142,158,114,118,183,185,96,98,127,129,105,105,118,118,161,167,229,231,200,200,175,187,115,115,154,158,89,91,90,90,135,135,146,146,89,91,189,191,101,99,143,161,168,168,140,140,170,172,83,89,92,92,163,163,146,148,172,180,106,106,104,104,83,83,260,262,91,93,143,143,124,124,228,240,154,158,130,130,244,254,142,150,153,157,136,136,149,151,,,,,,,,,,,,,,,,,,,,,,,,,,,,,,,,,,,,,,,,,,,,,,,,,,,,,,,,,
GNP,plains,,Davis,2022,MASTER_GNP bison_genetic data,989002004929749,906,,161,173,177,191,249,253,238,254,85,89,180,180,205,211,143,143,158,162,108,118,179,183,96,96,127,127,103,104,104,122,167,167,229,231,194,194,185,187,115,115,154,158,89,91,88,90,135,141,146,146,87,89,195,195,101,95,158,170,168,170,127,140,168,172,83,89,92,92,167,177,146,150,172,180,106,108,104,106,81,83,260,262,89,89,143,143,124,124,240,240,154,154,118,130,250,254,142,142,153,155,136,136,149,151,,,,,,,,,,,,,,,,,,,,,,,,,,,,,,,,,,,,,,,,,,,,,,,,,,,,,,,,,
GNP,plains,,Davis,2022,MASTER_GNP bison_genetic data,989002004931425,917,,161,173,191,191,241,245,250,254,87,87,180,184,205,211,129,143,158,158,108,118,181,183,96,98,131,131,103,105,104,104,161,161,229,231,194,200,185,187,108,115,158,160,89,91,90,90,135,135,146,150,89,91,195,195,101,99,143,161,162,170,142,148,168,170,83,89,92,95,159,177,146,146,172,172,106,108,102,104,81,83,262,262,101,89,143,147,124,124,228,240,144,160,130,130,250,254,142,142,155,159,136,138,149,151,,,,,,,,,,,,,,,,,,,,,,,,,,,,,,,,,,,,,,,,,,,,,,,,,,,,,,,,,
GNP,plains,,Davis,2022,MASTER_GNP bison_genetic data,989002004931550,1010,,161,165,191,191,247,271,238,238,87,91,180,190,205,215,143,143,150,158,116,118,179,183,98,98,129,131,103,103,114,118,167,167,225,229,194,194,175,187,113,113,158,158,89,89,88,90,135,135,146,150,87,91,195,195,95,95,158,161,164,168,127,150,168,170,89,89,91,91,173,173,140,146,172,180,108,108,104,104,85,85,260,262,93,97,143,143,124,124,236,236,156,156,118,130,252,254,142,142,153,153,136,138,149,151,,,,,,,,,,,,,,,,,,,,,,,,,,,,,,,,,,,,,,,,,,,,,,,,,,,,,,,,,
GNP,plains,,Davis,2022,MASTER_GNP bison_genetic data,989002004931937,1115,,161,165,179,191,245,253,238,238,87,89,180,198,207,211,129,149,150,158,118,118,179,181,104,96,129,131,103,105,122,122,161,165,229,231,194,200,175,185,108,115,156,158,89,91,88,90,135,147,146,150,89,91,191,195,101,97,161,161,168,170,127,150,168,168,83,89,92,95,167,177,140,146,172,172,108,108,104,104,81,83,262,262,93,93,143,143,122,124,228,240,156,158,130,130,246,250,142,148,155,159,136,138,149,151,,,,,,,,,,,,,,,,,,,,,,,,,,,,,,,,,,,,,,,,,,,,,,,,,,,,,,,,,
GNP,plains,,Davis,2022,MASTER_GNP bison_genetic data,989002004932051,766,,165,173,191,191,241,253,238,254,85,87,184,192,211,211,149,149,158,164,116,118,181,183,104,98,129,129,103,103,114,114,161,167,231,231,194,200,179,185,109,115,158,160,89,89,88,88,135,147,146,146,87,91,191,191,101,99,143,143,168,168,127,150,170,186,83,89,91,95,173,177,146,150,178,178,108,108,104,104,81,83,260,262,93,93,143,143,122,124,228,236,154,158,130,130,246,250,138,148,153,155,136,138,149,149,,,,,,,,,,,,,,,,,,,,,,,,,,,,,,,,,,,,,,,,,,,,,,,,,,,,,,,,,
GNP,plains,,Davis,2022,MASTER_GNP bison_genetic data,989002004932268,768,,165,173,179,181,241,271,238,238,85,89,196,198,205,207,149,149,158,162,108,118,179,181,92,98,129,131,103,103,118,122,161,161,229,231,194,200,175,175,109,115,154,158,91,91,88,88,135,137,146,148,87,91,191,195,101,99,161,161,162,164,127,140,168,168,89,89,92,92,165,167,140,146,172,178,108,108,102,106,81,83,256,260,89,91,143,145,124,124,240,240,154,156,130,130,250,254,142,142,155,155,136,136,149,149,,,,,,,,,,,,,,,,,,,,,,,,,,,,,,,,,,,,,,,,,,,,,,,,,,,,,,,,,
GNP,plains,,Davis,2022,MASTER_GNP bison_genetic data,989002004932890,769,,161,161,177,191,241,241,238,252,87,87,192,198,207,211,129,149,150,162,116,118,183,183,92,98,131,131,103,105,118,118,161,161,229,229,194,194,175,187,115,115,158,158,89,91,88,90,135,135,146,146,87,91,195,195,101,101,143,161,162,168,140,148,168,176,83,89,92,94,175,177,140,146,172,174,106,108,104,104,81,83,262,262,101,89,143,143,122,124,238,240,156,158,130,134,250,250,142,148,155,159,136,138,149,151,,,,,,,,,,,,,,,,,,,,,,,,,,,,,,,,,,,,,,,,,,,,,,,,,,,,,,,,,
GNP,plains,,Davis,2022,MASTER_GNP bison_genetic data,989002004932901,946,,161,161,181,191,241,253,238,238,87,87,184,198,202,205,143,143,150,158,108,116,179,181,92,96,125,131,103,104,122,122,161,167,231,231,194,200,179,191,113,115,154,156,91,91,102,90,135,147,146,146,87,87,195,195,101,95,161,161,162,170,140,140,170,174,89,89,92,95,163,175,140,146,172,172,108,108,102,102,81,83,256,262,89,91,143,143,124,124,228,240,144,154,130,130,246,250,142,148,153,153,136,136,149,149,,,,,,,,,,,,,,,,,,,,,,,,,,,,,,,,,,,,,,,,,,,,,,,,,,,,,,,,,
GNP,plains,,Davis,2022,MASTER_GNP bison_genetic data,989002004933232,920,,165,165,191,191,241,241,238,238,85,89,180,196,211,211,129,149,158,158,114,118,181,183,92,98,125,131,103,107,122,122,161,161,229,229,200,200,175,175,113,115,154,158,91,91,88,88,135,135,146,148,87,91,189,189,95,99,158,161,158,170,127,127,172,186,89,89,92,92,175,175,140,140,172,172,108,108,104,104,83,83,260,262,89,97,143,143,124,124,236,240,154,156,130,134,246,250,142,150,159,159,136,136,143,149,,,,,,,,,,,,,,,,,,,,,,,,,,,,,,,,,,,,,,,,,,,,,,,,,,,,,,,,,
GNP,plains,,Davis,2022,MASTER_GNP bison_genetic data,989002004933285,895,,161,161,179,181,245,253,232,250,87,87,180,198,211,215,129,143,158,158,118,118,181,183,96,98,127,131,103,105,104,118,161,161,231,231,200,200,187,187,113,115,158,160,91,91,90,90,135,135,146,150,87,87,195,195,97,99,143,160,158,170,140,150,168,168,83,83,91,94,175,177,140,146,172,172,108,108,104,104,83,83,262,262,89,93,143,147,122,124,240,240,156,158,130,130,244,250,142,150,157,159,136,138,149,149,,,,,,,,,,,,,,,,,,,,,,,,,,,,,,,,,,,,,,,,,,,,,,,,,,,,,,,,,
GNP,plains,,Davis,2022,MASTER_GNP bison_genetic data,989002004935026,770,,161,161,179,191,241,253,238,250,87,89,180,192,207,211,143,143,150,162,114,118,179,179,92,96,125,131,104,105,114,114,167,167,229,231,200,200,175,187,109,115,154,154,91,91,90,90,141,147,146,148,87,91,191,195,101,95,161,161,142,158,127,150,168,168,89,89,92,94,173,177,140,146,172,178,108,108,104,104,81,83,256,262,89,93,143,147,122,124,228,240,144,144,130,130,250,254,142,148,155,155,136,138,151,151,,,,,,,,,,,,,,,,,,,,,,,,,,,,,,,,,,,,,,,,,,,,,,,,,,,,,,,,,
GNP,plains,,Davis,2022,MASTER_GNP bison_genetic data,989002004935643,771,,165,173,191,191,241,271,238,250,87,89,184,196,205,211,129,149,158,158,116,118,179,183,104,98,131,131,103,105,114,118,161,167,231,233,200,202,175,181,115,115,154,156,89,91,88,90,135,135,146,154,87,89,189,191,101,95,158,161,142,170,127,150,168,172,89,89,92,92,165,175,140,140,172,172,106,108,104,104,81,83,262,262,93,97,143,143,122,124,236,240,154,156,130,134,246,250,150,150,155,155,136,138,149,151,,,,,,,,,,,,,,,,,,,,,,,,,,,,,,,,,,,,,,,,,,,,,,,,,,,,,,,,,
GNP,plains,,Davis,2022,MASTER_GNP bison_genetic data,989002004936526,889,,165,173,191,191,241,271,238,238,87,89,184,198,211,211,143,149,150,156,114,118,179,179,98,98,127,131,103,105,118,122,161,167,225,229,194,194,175,185,108,113,154,158,89,91,100,90,135,147,146,146,91,91,195,195,95,95,160,161,144,158,140,150,170,176,89,89,91,92,163,173,140,146,180,180,106,108,106,106,81,81,256,262,93,97,143,143,124,124,236,238,156,156,118,130,250,254,142,148,153,155,136,142,149,151,,,,,,,,,,,,,,,,,,,,,,,,,,,,,,,,,,,,,,,,,,,,,,,,,,,,,,,,,
GNP,plains,,Davis,2022,MASTER_GNP bison_genetic data,989002004938788,772,,161,161,177,191,241,249,238,250,89,91,180,198,205,211,127,143,142,158,118,118,179,179,104,98,125,127,103,107,118,118,161,167,229,231,200,202,175,187,113,113,156,158,89,91,88,88,135,141,146,154,87,89,189,191,95,95,143,160,162,162,148,150,168,168,89,89,92,95,175,175,146,150,172,178,106,106,102,106,81,83,256,262,101,93,143,145,122,124,238,240,154,160,130,134,246,250,142,142,155,155,138,138,143,149,,,,,,,,,,,,,,,,,,,,,,,,,,,,,,,,,,,,,,,,,,,,,,,,,,,,,,,,,
GNP,plains,,Davis,2022,MASTER_GNP bison_genetic data,989002004939814,861,,161,165,181,191,241,245,238,238,85,87,192,198,211,215,143,143,142,158,116,118,165,179,92,98,127,131,103,103,114,118,161,161,229,231,194,202,175,187,115,115,156,158,91,91,88,88,135,135,146,146,89,91,195,195,101,95,143,143,158,168,140,148,168,170,83,89,92,95,173,173,146,146,172,178,106,110,104,104,81,83,262,262,89,97,143,147,122,122,228,238,154,160,130,130,246,246,142,150,153,159,132,136,149,149,,,,,,,,,,,,,,,,,,,,,,,,,,,,,,,,,,,,,,,,,,,,,,,,,,,,,,,,,
GNP,plains,,Davis,2022,MASTER_GNP bison_genetic data,989002004940134,956,,161,165,191,191,241,241,238,252,87,91,184,198,205,215,129,143,158,158,118,118,179,183,92,98,129,129,103,103,118,118,161,167,229,229,194,194,181,187,113,115,154,158,89,93,88,88,135,135,146,146,89,91,191,195,95,95,161,161,164,168,148,148,168,170,89,91,92,92,175,175,146,146,172,172,106,112,104,104,81,81,262,262,89,93,143,143,124,124,228,240,144,154,130,134,250,250,142,142,159,159,136,138,149,151,,,,,,,,,,,,,,,,,,,,,,,,,,,,,,,,,,,,,,,,,,,,,,,,,,,,,,,,,
GNP,plains,,Davis,2022,MASTER_GNP bison_genetic data,989002004942063,862,,161,165,191,191,249,253,232,250,87,87,184,198,205,211,129,149,150,158,114,118,179,183,92,98,127,131,103,105,118,122,161,167,231,231,194,200,175,187,115,115,154,158,91,91,90,90,135,147,146,150,87,91,195,195,95,99,160,161,158,168,140,150,174,176,83,89,94,95,163,175,146,150,172,172,108,108,104,104,83,83,262,262,93,97,143,147,122,124,240,240,156,158,118,130,250,252,142,148,153,159,136,138,149,149,,,,,,,,,,,,,,,,,,,,,,,,,,,,,,,,,,,,,,,,,,,,,,,,,,,,,,,,,
GNP,plains,,Davis,2022,MASTER_GNP bison_genetic data,989002004942477,1021,,161,161,191,191,245,253,238,250,85,87,180,198,205,211,129,149,158,158,108,118,179,181,98,98,131,131,103,105,104,114,161,161,231,231,194,202,185,187,115,115,158,158,89,91,100,90,135,135,146,154,87,91,191,195,95,99,143,160,164,170,140,150,168,186,89,89,91,94,163,177,140,146,172,172,106,108,104,106,83,83,262,262,91,93,143,145,124,124,240,240,156,158,130,134,250,254,142,142,155,159,136,136,149,151,,,,,,,,,,,,,,,,,,,,,,,,,,,,,,,,,,,,,,,,,,,,,,,,,,,,,,,,,
GNP,plains,,Davis,2022,MASTER_GNP bison_genetic data,989002004943491,1027,,161,173,181,191,241,241,238,238,87,91,192,198,205,211,129,143,150,158,108,116,179,183,98,98,127,127,103,104,114,122,161,167,231,231,194,200,175,179,115,115,158,158,91,91,88,90,135,135,146,146,89,89,195,195,95,97,160,160,156,158,127,140,168,172,83,89,92,92,159,175,140,146,172,176,106,108,100,102,83,83,262,262,89,91,143,145,124,124,240,240,154,160,130,130,250,250,148,150,155,157,136,138,149,151,,,,,,,,,,,,,,,,,,,,,,,,,,,,,,,,,,,,,,,,,,,,,,,,,,,,,,,,,
GNP,plains,,Davis,2022,MASTER_GNP bison_genetic data,989002004943809,1069,,161,161,191,191,241,253,238,250,87,89,180,184,205,211,129,129,158,158,108,114,179,179,104,92,127,131,103,105,118,122,161,167,229,231,194,200,175,187,115,115,154,158,91,91,88,88,137,147,146,150,87,91,189,191,101,95,161,161,144,162,127,140,168,168,89,89,92,92,165,177,146,146,172,178,108,108,104,106,83,83,262,262,89,97,143,143,122,124,236,240,156,156,130,134,250,254,142,142,155,159,136,136,149,151,,,,,,,,,,,,,,,,,,,,,,,,,,,,,,,,,,,,,,,,,,,,,,,,,,,,,,,,,
GNP,plains,,Davis,2022,MASTER_GNP bison_genetic data,989002004945988,773,,161,161,181,191,271,271,238,250,87,91,180,198,205,207,129,129,158,162,116,118,165,183,92,98,129,131,103,105,122,122,161,167,229,231,194,202,175,179,113,115,156,158,91,91,88,90,135,141,146,150,85,87,191,195,101,99,160,160,142,156,127,140,168,170,83,89,95,95,175,175,140,146,172,172,106,108,104,104,81,83,262,262,93,93,145,145,124,124,228,240,158,158,130,130,246,254,142,148,153,155,136,136,149,149,,,,,,,,,,,,,,,,,,,,,,,,,,,,,,,,,,,,,,,,,,,,,,,,,,,,,,,,,
GNP,plains,,Davis,2022,MASTER_GNP bison_genetic data,989002004946146,1046,,161,165,191,191,253,253,238,250,87,91,180,198,207,211,143,143,158,158,108,116,179,179,104,92,125,127,104,105,114,114,167,167,229,231,194,194,185,187,113,115,154,160,89,91,88,88,135,135,146,146,87,89,191,195,95,99,160,170,158,170,142,150,168,168,83,89,92,92,173,177,140,150,172,172,108,108,102,102,81,83,256,262,89,91,143,143,124,124,228,240,144,144,130,134,250,254,138,142,153,153,136,138,149,149,,,,,,,,,,,,,,,,,,,,,,,,,,,,,,,,,,,,,,,,,,,,,,,,,,,,,,,,,
GNP,plains,,Davis,2022,MASTER_GNP bison_genetic data,989002004946184,774,,161,173,191,191,241,253,238,250,85,87,198,198,205,211,143,143,150,158,118,118,179,183,92,96,125,127,103,103,114,114,161,167,229,229,194,194,185,187,113,115,154,154,91,93,88,90,135,135,146,146,89,91,191,195,101,99,160,161,160,168,142,150,168,172,89,89,91,92,175,175,140,146,172,174,106,108,102,102,81,81,262,262,105,93,143,143,122,126,228,228,154,156,134,134,246,250,150,150,155,159,136,136,149,151,,,,,,,,,,,,,,,,,,,,,,,,,,,,,,,,,,,,,,,,,,,,,,,,,,,,,,,,,
GNP,plains,,Davis,2022,MASTER_GNP bison_genetic data,989002004947416,775,,161,165,179,191,241,271,238,238,89,89,180,198,202,205,143,149,142,158,118,118,179,179,92,98,125,125,103,105,114,114,167,167,229,231,194,200,179,187,109,113,154,154,91,91,88,90,135,141,146,146,87,91,195,195,95,95,143,161,144,168,140,150,168,170,83,89,91,92,167,175,146,150,172,180,106,108,102,102,81,83,262,262,105,93,143,143,124,124,228,240,144,154,130,130,254,254,150,150,155,155,138,138,149,151,,,,,,,,,,,,,,,,,,,,,,,,,,,,,,,,,,,,,,,,,,,,,,,,,,,,,,,,,
GNP,plains,,Davis,2022,MASTER_GNP bison_genetic data,989002004947418,884,,161,173,179,191,241,249,238,238,87,89,184,184,201,205,129,143,158,164,114,114,179,181,104,98,127,131,103,103,114,122,161,167,231,231,200,200,175,187,113,115,154,158,89,91,88,90,135,147,148,148,87,91,191,191,99,99,160,161,142,170,140,150,168,168,89,89,91,94,175,175,140,150,172,180,108,108,102,104,81,83,256,262,89,93,143,145,122,122,228,240,154,154,130,130,250,254,142,148,157,159,136,138,151,153,,,,,,,,,,,,,,,,,,,,,,,,,,,,,,,,,,,,,,,,,,,,,,,,,,,,,,,,,
GNP,plains,,Davis,2022,MASTER_GNP bison_genetic data,989002004947460,776,,161,161,181,191,241,249,232,238,85,87,180,184,207,215,149,149,142,164,114,116,185,185,96,98,129,129,103,105,114,114,161,161,231,231,194,200,185,185,113,115,154,160,91,91,88,88,135,147,146,146,87,89,189,191,101,99,160,160,168,170,140,150,168,170,89,89,94,94,163,177,146,146,172,178,106,108,104,104,81,83,260,262,89,91,143,143,122,124,240,240,154,158,130,134,250,254,142,150,153,155,136,136,149,149,,,,,,,,,,,,,,,,,,,,,,,,,,,,,,,,,,,,,,,,,,,,,,,,,,,,,,,,,
GNP,plains,,Davis,2022,MASTER_GNP bison_genetic data,989002004947503,777,,161,161,191,191,241,241,238,238,87,89,184,184,205,211,143,149,148,152,116,118,179,181,104,96,127,131,103,107,114,114,161,161,231,231,194,202,175,187,115,115,156,158,89,91,88,90,135,141,146,154,87,87,195,195,95,95,143,160,162,162,140,150,174,186,83,89,92,95,163,175,140,140,180,180,106,110,104,104,81,83,260,262,91,93,143,143,124,124,228,236,154,156,130,130,250,254,142,148,153,157,136,138,143,151,,,,,,,,,,,,,,,,,,,,,,,,,,,,,,,,,,,,,,,,,,,,,,,,,,,,,,,,,
GNP,plains,,Davis,2022,MASTER_GNP bison_genetic data,989002004948151,778,,161,173,191,191,241,271,238,238,89,91,180,184,207,211,143,149,150,158,116,118,179,183,98,98,127,127,103,103,114,114,167,167,231,231,194,202,185,185,109,115,154,154,91,91,100,90,135,147,146,154,87,91,191,195,103,95,158,161,168,168,148,150,168,170,89,95,95,95,163,165,140,140,172,180,108,108,104,104,83,83,262,262,101,93,143,143,122,126,238,240,156,156,130,134,250,254,142,150,153,155,136,138,149,151,,,,,,,,,,,,,,,,,,,,,,,,,,,,,,,,,,,,,,,,,,,,,,,,,,,,,,,,,
GNP,plains,,Davis,2022,MASTER_GNP bison_genetic data,989002004949000,1083,,161,161,177,191,241,271,250,254,85,87,180,192,205,211,129,143,158,162,118,118,183,183,98,98,127,131,103,104,114,122,167,167,231,233,194,194,175,187,108,115,154,158,89,91,90,90,135,147,146,146,87,91,191,191,99,99,143,160,158,162,142,150,168,186,89,95,94,95,165,175,140,148,172,172,108,110,102,104,83,83,256,260,93,97,143,147,124,126,228,240,156,156,130,130,246,250,138,142,155,159,136,136,149,151,,,,,,,,,,,,,,,,,,,,,,,,,,,,,,,,,,,,,,,,,,,,,,,,,,,,,,,,,
GNP,plains,,Davis,2022,MASTER_GNP bison_genetic data,989002004949122,779,,161,161,179,181,241,249,232,238,87,91,180,180,207,207,127,149,150,162,114,118,179,185,92,96,125,129,103,107,118,118,161,167,229,231,190,202,175,175,113,115,156,158,89,91,88,88,135,141,146,154,87,87,189,191,101,95,158,160,162,162,127,150,168,168,83,89,92,95,173,175,150,150,178,178,106,108,112,112,81,83,262,262,105,93,143,143,122,122,240,240,154,156,130,130,250,254,142,150,153,155,136,138,145,149,,,,,,,,,,,,,,,,,,,,,,,,,,,,,,,,,,,,,,,,,,,,,,,,,,,,,,,,,
GNP,plains,,Davis,2022,MASTER_GNP bison_genetic data,989002004949569,954,,165,173,191,191,245,253,238,250,87,87,184,192,205,211,143,149,150,158,114,118,165,181,104,98,127,131,103,105,122,122,161,161,231,231,194,194,185,187,113,115,154,156,89,89,102,88,135,141,146,146,87,91,191,195,101,99,158,158,158,162,140,148,168,174,89,89,92,95,175,175,140,146,172,172,108,108,102,104,81,81,262,262,89,91,143,143,122,124,228,240,144,154,134,134,246,254,142,148,155,155,136,136,149,149,,,,,,,,,,,,,,,,,,,,,,,,,,,,,,,,,,,,,,,,,,,,,,,,,,,,,,,,,
GNP,plains,,Davis,2022,MASTER_GNP bison_genetic data,989002004949652,780,,161,161,191,191,249,253,238,238,87,87,180,184,211,211,129,129,150,158,114,118,179,183,92,96,129,131,103,103,122,122,161,167,229,231,194,200,187,187,115,115,154,154,89,91,90,90,135,141,146,150,87,87,191,195,101,103,160,160,158,168,140,140,172,172,83,83,92,95,163,167,146,148,172,180,108,108,104,104,83,83,262,262,89,93,143,143,124,124,228,238,154,158,118,130,250,254,142,142,155,159,136,136,149,151,,,,,,,,,,,,,,,,,,,,,,,,,,,,,,,,,,,,,,,,,,,,,,,,,,,,,,,,,
GNP,plains,,Davis,2022,MASTER_GNP bison_genetic data,989002004949725,863,,161,165,191,191,253,271,238,250,87,87,180,190,205,211,129,143,152,162,112,116,181,185,92,92,127,127,103,105,114,114,161,167,231,231,194,200,179,185,115,115,158,160,89,91,100,88,135,147,146,148,87,87,189,191,95,99,160,161,142,162,127,140,174,176,83,83,92,92,165,177,140,146,172,172,108,108,104,112,83,83,260,262,93,93,143,145,122,124,236,240,156,158,130,130,250,254,142,148,155,159,136,138,149,149,,,,,,,,,,,,,,,,,,,,,,,,,,,,,,,,,,,,,,,,,,,,,,,,,,,,,,,,,
GNP,plains,,Davis,2022,MASTER_GNP bison_genetic data,989002004949761,1082,,161,173,191,191,245,253,238,238,87,89,180,198,205,205,129,149,158,164,116,118,181,181,92,96,131,131,103,103,114,118,161,161,229,231,194,194,185,191,108,115,154,158,91,91,88,88,135,147,146,146,87,87,189,191,101,95,143,160,162,164,127,140,168,170,89,89,91,92,159,163,146,148,172,174,106,108,102,102,81,83,262,262,101,93,143,143,124,124,236,238,156,156,130,134,250,250,142,150,153,155,136,136,145,149,,,,,,,,,,,,,,,,,,,,,,,,,,,,,,,,,,,,,,,,,,,,,,,,,,,,,,,,,
GNP,plains,,Davis,2022,MASTER_GNP bison_genetic data,989002004950011,1052,,161,173,181,191,241,271,238,238,87,87,198,198,207,211,143,149,158,158,114,116,181,183,92,98,127,129,103,105,118,118,161,167,229,229,194,200,175,187,113,115,154,156,89,91,88,90,135,135,146,146,91,91,191,195,101,99,143,161,164,168,140,148,168,170,89,89,92,92,163,175,146,146,172,180,106,108,104,104,83,85,262,262,101,93,143,143,122,124,228,240,154,156,130,130,244,246,142,150,157,159,136,136,149,149,,,,,,,,,,,,,,,,,,,,,,,,,,,,,,,,,,,,,,,,,,,,,,,,,,,,,,,,,
GNP,plains,,Davis,2022,MASTER_GNP bison_genetic data,989002004950503,781,,161,173,191,191,241,241,238,238,87,89,180,192,207,211,143,143,150,158,116,116,183,183,92,92,127,129,103,107,118,118,161,167,231,231,202,202,175,187,109,113,154,154,91,91,90,90,135,135,146,154,89,91,189,191,95,95,158,161,162,168,148,148,168,172,89,89,94,95,163,175,140,140,172,172,108,110,106,106,83,83,262,262,91,97,143,145,122,124,236,240,156,156,130,134,246,250,138,142,153,155,136,138,149,149,,,,,,,,,,,,,,,,,,,,,,,,,,,,,,,,,,,,,,,,,,,,,,,,,,,,,,,,,
GNP,plains,,Davis,2022,MASTER_GNP bison_genetic data,989002004950916,1068,,161,165,191,191,253,271,238,250,87,91,184,184,211,211,129,149,150,158,108,114,179,183,98,98,131,131,103,103,114,122,161,161,229,233,194,200,175,187,115,115,154,160,89,91,88,90,135,147,146,146,91,91,189,191,101,101,143,160,158,168,127,150,168,172,89,91,95,95,163,173,140,140,172,178,108,108,104,104,83,83,256,262,89,93,143,143,124,124,228,240,144,156,130,134,250,254,142,148,155,159,134,136,149,149,,,,,,,,,,,,,,,,,,,,,,,,,,,,,,,,,,,,,,,,,,,,,,,,,,,,,,,,,
GNP,plains,,Davis,2022,MASTER_GNP bison_genetic data,989002004951073,893,,161,161,181,191,245,249,238,238,87,89,184,184,207,211,129,143,158,164,114,118,179,183,92,98,131,131,103,105,114,122,161,167,231,231,200,200,185,187,115,115,158,160,89,91,90,90,135,141,146,146,87,91,191,191,97,99,143,160,158,168,140,150,168,170,89,89,91,95,175,177,150,150,172,176,106,108,102,104,83,83,262,262,91,97,143,143,122,124,228,240,154,156,118,130,250,250,142,150,157,159,136,136,151,153,,,,,,,,,,,,,,,,,,,,,,,,,,,,,,,,,,,,,,,,,,,,,,,,,,,,,,,,,
GNP,plains,,Davis,2022,MASTER_GNP bison_genetic data,989002004952907,782,,161,165,179,191,241,271,238,250,87,91,180,180,207,215,143,143,142,158,116,118,165,179,96,98,125,129,103,107,118,118,167,167,231,231,194,202,175,187,113,113,158,158,89,89,100,88,135,147,146,148,87,91,189,195,95,95,160,160,162,170,127,140,168,172,89,89,92,95,173,175,146,150,172,178,106,106,104,106,83,83,262,262,93,93,143,143,124,124,228,240,154,156,130,130,246,250,142,142,153,153,136,138,143,151,,,,,,,,,,,,,,,,,,,,,,,,,,,,,,,,,,,,,,,,,,,,,,,,,,,,,,,,,
GNP,plains,,Davis,2022,MASTER_GNP bison_genetic data,989002004954615,909,,161,165,191,191,241,253,238,238,89,91,180,180,211,211,149,149,156,164,108,116,179,179,104,96,125,127,103,105,118,118,161,167,229,231,194,202,175,179,108,113,158,160,89,89,90,90,135,141,146,154,87,89,189,191,101,95,158,160,158,162,127,140,168,170,83,89,92,94,173,177,146,150,178,180,108,108,104,104,83,83,262,262,105,93,143,143,124,124,238,240,154,158,130,134,250,254,142,150,155,155,136,138,143,149,,,,,,,,,,,,,,,,,,,,,,,,,,,,,,,,,,,,,,,,,,,,,,,,,,,,,,,,,
GNP,plains,,Davis,2022,MASTER_GNP bison_genetic data,989002004954645,783,,161,161,191,191,241,249,238,250,87,89,180,180,207,211,143,149,142,152,108,114,179,181,96,98,125,129,103,105,114,118,167,167,229,233,194,194,185,187,113,115,158,158,89,91,88,90,135,135,146,146,87,91,195,195,95,99,160,161,158,158,140,140,168,186,83,89,92,95,163,175,146,146,172,172,106,108,102,104,81,81,260,262,101,91,143,143,122,124,240,240,154,158,118,130,250,254,142,142,153,155,136,138,145,151,,,,,,,,,,,,,,,,,,,,,,,,,,,,,,,,,,,,,,,,,,,,,,,,,,,,,,,,,
GNP,plains,,Davis,2022,MASTER_GNP bison_genetic data,989002004955734,784,,161,165,191,191,241,241,238,238,87,89,180,184,205,211,149,149,150,158,114,114,183,183,92,98,131,131,103,103,122,122,161,167,229,231,194,200,175,179,109,109,154,158,91,91,100,90,135,141,146,146,87,87,189,195,101,99,158,160,170,170,140,150,168,168,89,89,92,95,175,175,140,146,172,174,108,108,104,104,81,83,260,262,101,93,143,143,122,124,228,240,144,154,118,130,250,252,142,150,153,155,136,136,149,149,,,,,,,,,,,,,,,,,,,,,,,,,,,,,,,,,,,,,,,,,,,,,,,,,,,,,,,,,
GNP,plains,,Davis,2022,MASTER_GNP bison_genetic data,989002004955834,1040,,161,161,181,191,241,245,238,238,87,89,184,198,207,211,129,143,158,158,114,118,179,179,98,98,131,131,105,105,114,122,161,167,231,231,200,200,187,187,115,115,154,160,89,89,88,90,141,141,146,146,87,91,191,195,95,97,160,161,158,168,140,140,170,186,83,89,95,95,167,177,150,150,172,176,106,108,104,104,81,83,260,262,91,91,143,143,122,122,240,240,156,156,118,134,250,254,142,148,155,159,136,138,151,153,,,,,,,,,,,,,,,,,,,,,,,,,,,,,,,,,,,,,,,,,,,,,,,,,,,,,,,,,
GNP,plains,,Davis,2022,MASTER_GNP bison_genetic data,989002004958598,1015,,161,173,179,191,241,253,238,250,87,87,196,198,205,211,143,143,150,158,114,114,179,181,92,98,127,131,103,105,114,114,167,167,229,229,194,194,187,187,113,113,160,160,91,91,88,88,135,141,146,146,87,87,191,191,95,95,143,161,162,170,140,142,168,170,89,89,92,95,173,177,140,148,172,172,106,108,112,112,81,83,262,262,89,89,143,147,122,122,228,240,144,158,130,130,246,250,142,142,155,155,134,138,149,149,,,,,,,,,,,,,,,,,,,,,,,,,,,,,,,,,,,,,,,,,,,,,,,,,,,,,,,,,
GNP,plains,,Davis,2022,MASTER_GNP bison_genetic data,989002004959646,785,,161,165,191,191,245,253,238,250,87,87,180,198,207,215,129,149,158,162,116,118,181,183,98,98,125,131,103,105,122,122,161,161,229,229,200,200,187,187,113,115,154,160,89,91,88,90,135,147,146,146,87,91,191,191,103,95,160,161,144,158,140,140,170,176,89,89,92,92,163,163,140,140,172,172,108,108,102,102,83,83,262,262,91,97,143,145,122,124,228,240,158,158,118,130,250,250,148,150,153,155,136,136,145,151,,,,,,,,,,,,,,,,,,,,,,,,,,,,,,,,,,,,,,,,,,,,,,,,,,,,,,,,,
GNP,plains,,Davis,2022,MASTER_GNP bison_genetic data,989002004961133,1062,,173,173,179,191,241,241,238,250,87,89,180,192,211,211,129,143,150,158,108,118,179,179,104,98,125,129,103,103,114,118,161,167,229,231,190,194,185,185,108,115,158,158,89,91,100,88,135,135,146,150,87,91,189,191,101,103,158,161,144,162,127,127,168,170,89,89,91,95,175,177,140,146,172,174,108,108,104,104,81,81,262,262,101,105,143,143,122,122,238,238,154,156,130,130,254,254,148,150,153,155,134,136,145,149,,,,,,,,,,,,,,,,,,,,,,,,,,,,,,,,,,,,,,,,,,,,,,,,,,,,,,,,,
GNP,plains,,Davis,2022,MASTER_GNP bison_genetic data,989002004961157,786,,161,161,177,177,249,253,238,250,85,85,180,198,205,211,129,143,150,158,116,118,165,183,104,96,125,129,103,107,118,118,161,167,231,231,200,202,175,175,109,115,156,160,89,91,88,90,135,141,146,154,87,91,189,191,101,99,158,160,142,162,127,150,168,170,83,89,92,92,175,177,150,150,172,172,106,106,104,104,83,83,262,262,105,93,143,147,124,124,228,240,156,158,130,144,246,254,148,148,153,155,136,138,143,149,,,,,,,,,,,,,,,,,,,,,,,,,,,,,,,,,,,,,,,,,,,,,,,,,,,,,,,,,
GNP,plains,,Davis,2022,MASTER_GNP bison_genetic data,989002004961285,1018,,161,165,177,181,241,241,238,250,87,89,180,180,205,215,129,149,150,164,114,118,165,181,92,96,125,127,103,107,118,118,161,161,229,231,190,194,175,187,113,115,158,160,89,93,88,90,135,147,146,150,91,91,189,195,99,99,158,160,162,162,140,148,168,170,89,89,94,95,175,175,146,150,172,172,106,108,100,112,81,83,256,262,101,105,143,143,124,124,238,240,154,160,130,130,246,254,142,142,155,155,136,138,143,149,,,,,,,,,,,,,,,,,,,,,,,,,,,,,,,,,,,,,,,,,,,,,,,,,,,,,,,,,
GNP,plains,,Davis,2022,MASTER_GNP bison_genetic data,989002004961315,787,,161,165,191,191,241,271,238,238,87,87,180,184,205,211,149,149,158,164,116,118,179,181,92,92,127,129,103,105,118,122,161,167,229,231,194,194,187,187,115,115,154,158,89,89,90,90,135,137,146,146,87,87,195,195,95,99,143,158,158,170,127,140,168,174,89,89,92,95,163,165,146,146,172,172,108,108,104,104,83,83,260,262,93,93,143,147,124,124,236,240,154,158,130,134,250,250,142,142,155,155,136,136,149,149,,,,,,,,,,,,,,,,,,,,,,,,,,,,,,,,,,,,,,,,,,,,,,,,,,,,,,,,,
GNP,plains,,Davis,2022,MASTER_GNP bison_genetic data,989002004961436,788,,161,161,191,191,241,241,238,250,85,85,192,198,205,207,143,149,158,162,116,118,183,185,92,96,125,127,103,103,104,104,161,161,229,231,200,200,187,187,113,113,154,158,89,91,88,90,135,135,150,154,85,89,195,195,101,95,143,160,162,168,127,140,168,168,83,89,95,95,175,177,140,150,172,180,106,108,106,106,81,83,262,262,93,93,143,143,122,124,228,240,156,158,130,130,250,250,142,142,155,159,136,136,149,149,,,,,,,,,,,,,,,,,,,,,,,,,,,,,,,,,,,,,,,,,,,,,,,,,,,,,,,,,
GNP,plains,,Davis,2022,MASTER_GNP bison_genetic data,989002004961683,1033,,165,165,181,191,245,247,232,238,87,91,180,198,205,211,129,149,158,158,108,118,183,183,104,96,127,131,103,105,118,118,161,167,229,231,194,200,187,187,115,115,156,158,89,91,88,88,135,147,146,150,87,87,191,191,101,95,143,161,142,168,140,140,170,170,83,91,92,92,173,175,146,146,172,178,108,110,102,102,81,83,260,260,89,97,143,143,122,126,228,240,156,160,130,134,252,252,142,142,153,159,136,136,149,149,,,,,,,,,,,,,,,,,,,,,,,,,,,,,,,,,,,,,,,,,,,,,,,,,,,,,,,,,
GNP,plains,,Davis,2022,MASTER_GNP bison_genetic data,989002004962209,1036,,161,173,181,191,245,247,238,250,87,89,180,198,207,207,143,143,158,158,114,116,179,183,96,98,125,129,103,103,114,118,161,167,229,231,190,194,175,175,108,115,156,158,91,91,100,88,135,135,146,154,87,87,191,191,99,99,158,170,162,168,140,150,168,186,89,89,91,95,167,177,140,146,172,172,106,110,104,106,83,85,262,262,105,89,143,143,122,124,228,228,154,156,130,130,246,254,138,142,153,153,136,136,145,149,,,,,,,,,,,,,,,,,,,,,,,,,,,,,,,,,,,,,,,,,,,,,,,,,,,,,,,,,
GNP,plains,,Davis,2022,MASTER_GNP bison_genetic data,989002004962518,1078,,165,165,191,191,241,241,238,238,87,91,180,184,205,211,129,129,150,158,114,114,179,181,92,98,127,127,103,104,118,122,161,161,229,231,194,194,185,185,113,113,154,156,91,93,88,90,135,135,146,146,87,91,191,195,95,99,143,160,144,162,140,140,168,176,89,89,92,92,159,175,140,146,172,180,108,108,102,112,81,81,262,262,101,93,143,143,124,126,238,240,156,160,130,130,246,254,138,150,155,155,136,136,149,151,,,,,,,,,,,,,,,,,,,,,,,,,,,,,,,,,,,,,,,,,,,,,,,,,,,,,,,,,
GNP,plains,,Davis,2022,MASTER_GNP bison_genetic data,989002004962917,789,,165,165,179,191,241,253,232,238,89,91,180,184,207,211,129,149,150,156,114,118,181,183,104,92,129,131,103,103,114,122,165,167,231,231,200,200,175,179,115,115,154,156,89,91,88,88,135,147,146,146,87,89,191,191,101,99,158,161,168,168,127,127,168,186,83,83,91,92,165,167,140,140,172,180,108,108,104,104,81,83,256,262,93,93,143,143,122,124,228,240,156,156,130,134,246,250,148,148,155,157,134,138,149,149,,,,,,,,,,,,,,,,,,,,,,,,,,,,,,,,,,,,,,,,,,,,,,,,,,,,,,,,,
GNP,plains,,Davis,2022,MASTER_GNP bison_genetic data,989002004962997,864,,161,165,191,191,241,271,238,250,87,87,184,198,207,211,129,129,156,158,114,114,179,179,92,98,127,127,103,103,122,122,161,161,225,231,200,200,175,175,115,115,154,156,91,91,88,90,135,137,146,148,91,91,189,191,95,95,143,161,164,170,127,150,168,186,89,89,91,92,159,167,140,146,172,172,108,108,102,102,81,83,260,260,101,101,143,143,122,122,238,240,154,156,130,134,250,254,142,148,155,159,136,136,149,151,,,,,,,,,,,,,,,,,,,,,,,,,,,,,,,,,,,,,,,,,,,,,,,,,,,,,,,,,
GNP,plains,,Davis,2022,MASTER_GNP bison_genetic data,989002004963343,790,,161,173,191,191,241,253,250,252,87,89,180,198,211,211,129,129,152,158,114,118,181,185,96,98,131,131,103,103,104,122,161,161,229,229,200,200,185,187,115,115,156,160,91,91,90,90,135,141,146,146,91,91,191,195,99,99,158,161,160,170,142,148,168,168,83,83,92,95,167,175,146,150,172,178,106,108,104,104,83,83,262,262,89,93,143,143,122,124,240,240,144,158,130,130,250,250,142,148,155,157,136,136,149,151,,,,,,,,,,,,,,,,,,,,,,,,,,,,,,,,,,,,,,,,,,,,,,,,,,,,,,,,,
GNP,plains,,Davis,2022,MASTER_GNP bison_genetic data,989002004963440,791,,161,173,191,191,253,271,238,238,87,87,192,198,207,211,143,143,156,164,116,118,165,181,96,98,125,131,103,103,114,114,161,167,229,231,194,194,179,187,113,113,158,158,91,91,88,90,135,141,146,146,87,87,189,191,95,95,154,160,158,168,140,140,168,170,89,89,92,92,167,175,146,146,172,174,106,108,112,112,81,81,260,262,93,97,143,143,122,124,228,228,154,156,130,134,250,250,148,150,151,153,138,138,149,151,,,,,,,,,,,,,,,,,,,,,,,,,,,,,,,,,,,,,,,,,,,,,,,,,,,,,,,,,
GNP,plains,,Davis,2022,MASTER_GNP bison_genetic data,989002004963516,1113,,161,173,191,191,241,253,250,250,87,87,180,198,211,211,149,149,150,158,118,118,179,185,96,96,125,131,103,103,114,118,161,165,229,229,190,200,187,187,115,115,154,158,89,91,90,90,135,135,146,146,87,91,189,191,101,103,160,160,158,162,142,148,172,186,83,89,92,95,163,165,140,148,172,172,106,108,100,104,83,83,256,262,105,91,143,145,124,124,228,238,154,156,130,130,246,254,142,148,155,155,136,138,149,149,,,,,,,,,,,,,,,,,,,,,,,,,,,,,,,,,,,,,,,,,,,,,,,,,,,,,,,,,
GNP,plains,,Davis,2022,MASTER_GNP bison_genetic data,989002004963527,792,,161,165,181,191,241,253,238,238,87,87,184,184,202,211,143,149,158,162,108,114,181,181,92,98,131,131,104,105,114,122,161,167,229,231,194,194,187,187,113,113,154,154,89,91,88,88,137,141,146,148,87,91,195,195,101,95,154,158,158,170,127,148,174,174,89,89,95,95,165,175,140,150,172,172,106,108,104,104,81,83,256,262,89,91,143,143,122,124,228,236,144,158,134,134,246,254,148,148,153,155,136,136,149,149,,,,,,,,,,,,,,,,,,,,,,,,,,,,,,,,,,,,,,,,,,,,,,,,,,,,,,,,,
GNP,plains,,Davis,2022,MASTER_GNP bison_genetic data,989002004963553,865,,165,165,179,191,241,241,238,250,85,85,184,196,205,207,143,149,158,162,108,118,181,185,96,98,127,127,103,103,104,118,161,161,225,229,194,200,185,187,113,115,158,158,89,91,88,88,135,135,146,150,85,87,189,195,101,95,143,160,164,168,127,127,168,168,89,89,92,92,165,167,140,146,172,172,108,108,106,106,83,83,256,262,89,93,143,145,122,122,228,240,158,158,130,130,252,254,142,142,155,155,136,136,149,149,,,,,,,,,,,,,,,,,,,,,,,,,,,,,,,,,,,,,,,,,,,,,,,,,,,,,,,,,
GNP,plains,,Davis,2022,MASTER_GNP bison_genetic data,989002004963784,1076,,161,165,191,191,241,249,238,250,87,87,180,198,202,205,143,149,142,162,114,118,179,179,92,92,129,129,105,105,118,122,161,167,229,231,194,200,187,187,115,115,158,158,91,91,88,90,135,137,146,150,87,91,195,195,99,99,143,143,144,160,127,140,168,174,83,89,92,95,163,177,146,150,180,180,108,108,104,104,83,83,262,262,89,89,143,147,124,124,228,240,144,158,130,134,254,254,142,150,153,155,136,136,149,151,,,,,,,,,,,,,,,,,,,,,,,,,,,,,,,,,,,,,,,,,,,,,,,,,,,,,,,,,
GNP,plains,,Davis,2022,MASTER_GNP bison_genetic data,989002004963864,938,,165,165,191,191,241,271,238,238,85,89,184,190,205,215,143,149,150,158,108,116,179,179,92,98,127,131,103,103,118,118,161,167,231,231,194,194,175,185,113,115,154,158,89,89,100,90,135,135,150,154,87,91,195,195,95,95,160,160,142,164,127,148,168,172,89,91,91,95,163,167,140,146,172,180,106,110,102,102,83,85,262,262,89,93,143,145,124,124,224,228,156,156,130,130,246,246,142,142,153,153,136,138,149,151,,,,,,,,,,,,,,,,,,,,,,,,,,,,,,,,,,,,,,,,,,,,,,,,,,,,,,,,,
GNP,plains,,Davis,2022,MASTER_GNP bison_genetic data,989002004964118,927,,161,161,177,191,241,241,238,250,87,89,180,192,202,211,129,149,152,158,108,118,179,183,98,98,127,131,103,107,118,118,167,167,231,233,194,194,185,185,108,115,154,156,89,89,100,90,137,147,146,146,87,91,191,195,101,95,160,161,142,144,140,140,168,172,83,89,95,95,165,173,146,146,172,172,106,108,104,104,81,83,262,262,105,93,143,143,124,126,240,240,154,154,130,130,246,254,150,150,153,153,136,136,149,149,,,,,,,,,,,,,,,,,,,,,,,,,,,,,,,,,,,,,,,,,,,,,,,,,,,,,,,,,
GNP,plains,,Davis,2022,MASTER_GNP bison_genetic data,989002004964175,793,,161,173,191,191,245,253,250,252,87,89,198,198,211,211,143,149,150,158,108,114,179,179,92,98,131,131,103,104,114,114,167,167,229,229,194,194,187,187,115,115,156,158,91,91,88,90,135,135,146,150,91,91,195,195,95,95,143,160,162,170,140,150,168,170,83,89,91,92,175,177,146,146,172,172,108,108,104,104,81,83,262,262,101,89,143,147,122,124,228,240,154,156,130,134,246,254,142,142,153,155,136,136,149,149,,,,,,,,,,,,,,,,,,,,,,,,,,,,,,,,,,,,,,,,,,,,,,,,,,,,,,,,,
GNP,plains,,Davis,2022,MASTER_GNP bison_genetic data,989002004964183,1012,,161,161,191,191,241,253,238,238,87,87,184,192,202,211,129,149,152,162,114,118,179,179,104,98,125,129,103,103,114,122,167,167,225,229,194,200,175,187,113,115,158,158,89,91,100,90,135,135,146,146,87,87,191,195,95,95,161,161,142,170,140,150,170,176,83,89,92,95,163,175,140,146,172,172,108,108,104,104,83,85,256,262,89,93,143,145,122,124,240,240,154,158,130,130,250,250,138,142,155,155,134,138,149,151,,,,,,,,,,,,,,,,,,,,,,,,,,,,,,,,,,,,,,,,,,,,,,,,,,,,,,,,,
GNP,plains,,Davis,2022,MASTER_GNP bison_genetic data,989002004964795,794,,161,173,181,191,241,245,238,250,87,89,184,198,205,205,129,149,162,164,114,114,179,183,98,98,127,129,103,105,122,122,161,167,231,231,200,200,175,175,109,113,154,158,91,91,88,88,141,141,146,146,91,91,191,195,101,97,160,161,144,158,127,150,170,170,89,89,92,92,159,175,146,148,172,172,110,110,102,102,81,81,260,262,89,91,143,145,124,124,228,240,144,156,118,130,250,254,142,150,155,157,138,138,151,151,,,,,,,,,,,,,,,,,,,,,,,,,,,,,,,,,,,,,,,,,,,,,,,,,,,,,,,,,
GNP,plains,,Davis,2022,MASTER_GNP bison_genetic data,989002004964955,970,,165,173,181,191,241,271,232,238,87,87,180,184,205,205,143,149,142,150,114,116,179,179,104,92,125,127,103,103,114,114,161,167,229,229,190,194,187,187,115,115,158,158,91,93,88,90,135,135,146,146,91,91,195,195,95,99,160,160,144,164,127,140,168,172,89,89,91,92,175,175,140,150,172,180,108,108,102,104,81,83,260,262,105,93,143,147,122,126,228,240,144,156,130,130,254,254,142,150,155,159,136,138,149,149,,,,,,,,,,,,,,,,,,,,,,,,,,,,,,,,,,,,,,,,,,,,,,,,,,,,,,,,,
GNP,plains,,Davis,2022,MASTER_GNP bison_genetic data,989002004965198,795,,161,161,181,191,241,253,232,238,91,91,180,180,202,211,129,143,158,158,108,116,165,179,98,98,123,125,105,105,114,114,161,167,229,231,198,202,175,187,109,109,154,158,91,91,90,90,135,141,146,148,87,91,189,195,101,95,160,160,144,166,148,150,170,186,83,89,91,92,163,173,140,140,172,172,106,112,104,104,83,83,260,262,89,99,143,143,124,124,228,240,144,156,118,130,244,246,142,150,153,155,136,138,149,149,,,,,,,,,,,,,,,,,,,,,,,,,,,,,,,,,,,,,,,,,,,,,,,,,,,,,,,,,
GNP,plains,,Davis,2022,MASTER_GNP bison_genetic data,989002004965714,912,,173,173,181,181,241,249,238,252,89,89,184,198,205,205,143,149,162,162,118,118,165,181,104,92,129,131,103,103,118,118,161,161,229,231,200,202,175,179,108,115,156,158,89,91,102,88,135,135,146,146,87,87,191,191,95,99,160,161,156,162,140,140,168,172,89,89,92,92,167,175,146,146,178,180,108,108,106,106,81,81,256,262,89,91,143,143,124,124,240,240,154,156,130,134,250,254,142,142,153,155,136,136,149,149,,,,,,,,,,,,,,,,,,,,,,,,,,,,,,,,,,,,,,,,,,,,,,,,,,,,,,,,,
GNP,plains,,Davis,2022,MASTER_GNP bison_genetic data,989002004966174,1112,,161,161,181,191,241,253,238,250,87,91,180,198,211,211,129,143,150,150,114,118,181,181,98,98,125,131,105,105,104,122,161,167,229,229,194,200,187,187,108,115,154,158,89,91,88,90,135,141,146,146,87,91,191,195,97,99,160,170,158,164,127,142,168,168,83,89,92,95,175,175,146,146,172,174,108,110,104,104,83,83,256,262,89,97,143,143,122,124,228,240,144,154,130,130,250,250,148,148,155,157,136,138,151,151,,,,,,,,,,,,,,,,,,,,,,,,,,,,,,,,,,,,,,,,,,,,,,,,,,,,,,,,,
GNP,plains,,Davis,2022,MASTER_GNP bison_genetic data,989002004966477,1009,,161,173,177,191,241,271,238,254,85,87,192,192,205,211,129,143,150,150,116,118,179,183,92,98,127,127,103,103,122,122,167,167,229,231,194,200,175,179,108,115,154,156,89,91,90,90,135,135,146,146,87,89,191,195,95,99,143,160,144,168,140,140,170,172,89,95,92,95,175,177,140,140,172,178,108,108,100,102,81,83,262,262,89,97,143,143,124,126,228,238,154,156,134,134,246,250,138,148,155,159,136,136,149,149,,,,,,,,,,,,,,,,,,,,,,,,,,,,,,,,,,,,,,,,,,,,,,,,,,,,,,,,,
GNP,plains,,Davis,2022,MASTER_GNP bison_genetic data,989002004968665,1075,,165,173,179,191,241,241,238,238,87,87,180,180,205,205,143,143,150,158,118,118,179,183,92,92,125,127,103,103,118,118,167,167,231,231,194,194,179,185,115,115,154,160,91,91,90,90,135,135,148,154,89,91,189,195,101,99,143,160,144,162,127,140,168,172,89,89,92,95,167,175,146,146,172,172,108,108,102,102,81,83,262,262,91,93,143,143,122,124,228,236,144,156,130,134,254,254,150,150,155,157,136,138,145,149,,,,,,,,,,,,,,,,,,,,,,,,,,,,,,,,,,,,,,,,,,,,,,,,,,,,,,,,,
GNP,plains,,Davis,2022,MASTER_GNP bison_genetic data,989002004969715,890,,161,173,181,191,241,271,250,250,87,87,180,192,205,211,143,149,158,162,114,118,181,185,98,98,125,127,104,105,104,114,161,167,229,231,200,200,175,187,113,115,154,158,91,91,90,90,135,141,146,148,87,91,191,195,101,99,158,160,144,162,127,142,168,168,89,89,92,92,159,177,140,146,172,172,108,110,104,104,83,83,256,262,89,89,143,147,124,124,240,240,144,156,130,130,250,254,142,142,153,155,134,136,151,151,,,,,,,,,,,,,,,,,,,,,,,,,,,,,,,,,,,,,,,,,,,,,,,,,,,,,,,,,
GNP,plains,,Davis,2022,MASTER_GNP bison_genetic data,989002004969892,965,,173,173,191,191,241,249,238,250,87,89,192,198,205,211,143,149,158,162,118,118,165,183,104,92,129,131,103,103,114,122,167,167,229,233,194,194,179,185,113,115,154,158,89,91,102,88,135,135,146,146,87,91,195,195,101,95,143,158,158,162,140,150,168,170,89,89,92,92,163,173,140,146,172,172,108,108,102,112,81,83,260,262,91,93,143,145,124,124,238,238,154,156,118,134,250,254,142,142,155,155,136,140,149,149,,,,,,,,,,,,,,,,,,,,,,,,,,,,,,,,,,,,,,,,,,,,,,,,,,,,,,,,,
GNP,plains,,Davis,2022,MASTER_GNP bison_genetic data,989002004970246,961,,161,173,181,191,241,253,238,238,87,89,180,180,205,207,143,149,150,162,116,116,179,181,104,92,125,131,103,104,114,114,161,167,229,231,200,202,179,187,113,115,154,156,89,91,88,90,135,141,146,148,89,91,191,195,95,95,158,158,158,162,140,150,168,168,89,91,95,95,175,175,146,150,172,174,106,108,104,104,81,83,256,262,101,91,143,143,124,124,228,228,144,144,130,130,250,250,148,148,153,159,138,138,149,149,,,,,,,,,,,,,,,,,,,,,,,,,,,,,,,,,,,,,,,,,,,,,,,,,,,,,,,,,
GNP,plains,,Davis,2022,MASTER_GNP bison_genetic data,989002004970312,796,,161,161,181,191,241,253,232,238,87,87,184,184,211,215,149,149,158,158,116,118,179,179,96,96,127,131,103,103,122,122,167,167,229,233,194,200,175,187,113,113,154,156,89,91,100,88,135,141,146,146,87,89,189,191,99,99,160,160,164,168,127,150,172,172,83,89,92,92,163,173,148,148,172,174,108,108,102,104,83,83,260,262,93,93,143,143,122,124,240,240,154,158,130,134,250,250,142,150,153,155,142,142,149,151,,,,,,,,,,,,,,,,,,,,,,,,,,,,,,,,,,,,,,,,,,,,,,,,,,,,,,,,,
GNP,plains,,Davis,2022,MASTER_GNP bison_genetic data,989002004970351,797,,165,165,191,191,247,253,232,238,91,91,180,184,211,215,129,129,158,158,108,116,181,183,104,96,125,127,103,107,122,122,161,167,231,231,194,200,181,187,113,115,156,158,91,91,88,90,135,135,146,150,91,91,189,195,99,99,158,170,168,170,127,140,172,186,89,89,91,92,165,175,140,140,172,172,108,108,104,104,83,83,262,262,93,97,143,143,122,124,240,240,154,156,130,134,246,246,142,148,159,159,134,136,149,149,,,,,,,,,,,,,,,,,,,,,,,,,,,,,,,,,,,,,,,,,,,,,,,,,,,,,,,,,
GNP,plains,,Davis,2022,MASTER_GNP bison_genetic data,989002004971212,1074,,161,161,179,191,241,241,238,238,87,91,184,198,205,205,143,149,158,164,108,118,179,185,96,96,127,127,103,105,118,118,167,167,229,229,194,194,179,187,115,115,154,158,89,93,102,88,135,135,146,150,87,89,189,195,101,95,161,161,166,168,140,140,168,168,89,89,92,92,163,175,146,148,172,172,108,112,104,104,81,83,260,262,89,93,143,143,124,124,228,240,154,160,130,134,250,250,142,148,155,155,134,142,149,151,,,,,,,,,,,,,,,,,,,,,,,,,,,,,,,,,,,,,,,,,,,,,,,,,,,,,,,,,
GNP,plains,,Davis,2022,MASTER_GNP bison_genetic data,989002004971275,1013,,161,161,191,191,241,241,238,238,87,87,184,198,207,211,149,149,142,164,118,118,179,181,104,92,127,131,103,103,120,120,161,161,231,231,194,194,175,191,115,115,158,160,89,91,88,90,135,147,146,146,87,87,189,195,95,99,143,158,158,162,140,148,168,186,89,89,91,92,167,175,146,150,172,172,106,108,104,104,81,83,262,262,93,93,143,143,122,124,228,236,156,158,130,130,254,254,148,150,153,153,134,138,149,149,,,,,,,,,,,,,,,,,,,,,,,,,,,,,,,,,,,,,,,,,,,,,,,,,,,,,,,,,
GNP,plains,,Davis,2022,MASTER_GNP bison_genetic data,989002004972493,866,,161,161,181,191,241,241,238,238,87,87,184,198,205,211,143,149,150,158,114,118,179,183,92,92,127,131,103,103,114,122,167,167,229,229,194,202,175,187,115,115,154,158,91,93,88,90,135,135,146,146,89,89,191,191,95,95,143,143,142,168,140,150,168,168,89,91,92,94,163,167,146,146,172,172,108,112,104,104,81,83,260,260,89,93,143,143,124,124,228,240,154,154,130,130,250,250,142,142,155,159,136,138,151,151,,,,,,,,,,,,,,,,,,,,,,,,,,,,,,,,,,,,,,,,,,,,,,,,,,,,,,,,,
GNP,plains,,Davis,2022,MASTER_GNP bison_genetic data,989002004972758,943,,161,165,181,191,253,253,232,238,87,89,180,198,202,211,143,149,150,152,114,118,179,179,98,98,125,131,103,103,114,118,167,167,229,231,194,194,185,187,113,113,154,154,89,91,88,90,135,135,146,150,91,91,191,195,95,99,161,170,158,164,140,140,172,176,89,91,92,95,163,165,146,150,172,172,108,110,104,106,83,83,256,262,89,91,143,143,124,124,228,240,154,158,130,130,246,250,148,150,153,155,136,136,149,151,,,,,,,,,,,,,,,,,,,,,,,,,,,,,,,,,,,,,,,,,,,,,,,,,,,,,,,,,
GNP,plains,,Davis,2022,MASTER_GNP bison_genetic data,989002004973051,930,,161,165,191,191,247,249,250,250,87,89,192,198,211,215,127,129,156,162,114,118,181,185,96,98,131,131,105,105,118,118,167,167,231,231,194,200,175,185,113,113,154,158,91,91,90,90,135,147,146,146,87,91,191,195,101,99,160,160,168,170,140,150,168,186,83,89,91,94,163,173,140,146,180,180,108,108,104,104,81,83,262,262,89,89,147,147,124,124,228,238,154,156,130,130,250,254,142,148,153,159,136,136,149,149,,,,,,,,,,,,,,,,,,,,,,,,,,,,,,,,,,,,,,,,,,,,,,,,,,,,,,,,,
GNP,plains,,Davis,2022,MASTER_GNP bison_genetic data,989002004973538,950,,161,173,181,191,241,241,238,238,87,87,198,198,205,205,143,149,158,158,118,118,183,185,96,96,123,127,103,103,118,118,161,167,229,231,194,194,179,187,115,115,154,158,91,93,88,88,135,147,146,150,87,91,191,191,101,101,143,160,164,168,140,148,170,172,89,89,91,92,159,163,140,146,172,176,106,108,102,102,81,81,260,262,89,93,143,143,122,126,228,236,156,156,130,130,250,250,148,150,153,155,136,136,149,151,,,,,,,,,,,,,,,,,,,,,,,,,,,,,,,,,,,,,,,,,,,,,,,,,,,,,,,,,
GNP,plains,,Davis,2022,MASTER_GNP bison_genetic data,989002004974191,964,,161,161,191,191,241,249,238,238,85,87,184,190,205,205,129,129,158,158,114,116,179,183,104,92,127,131,103,103,118,118,161,167,231,231,194,200,175,187,115,115,154,158,89,89,88,90,135,135,146,146,91,91,189,191,99,99,160,160,164,168,127,140,168,172,89,89,91,94,175,177,140,146,172,180,106,108,106,106,83,83,262,262,105,89,143,143,124,124,228,240,154,156,130,134,250,254,142,142,155,155,136,136,151,153,,,,,,,,,,,,,,,,,,,,,,,,,,,,,,,,,,,,,,,,,,,,,,,,,,,,,,,,,
GNP,plains,,Davis,2022,MASTER_GNP bison_genetic data,989002004975999,939,,165,173,191,191,245,249,232,252,89,89,192,198,205,211,129,129,158,162,114,116,179,179,104,92,127,131,103,105,104,118,161,165,229,229,194,194,175,187,113,115,154,158,91,91,100,88,135,137,146,150,87,91,191,191,95,99,143,160,162,168,140,148,186,186,89,89,91,91,159,175,140,150,172,172,106,108,102,104,81,81,260,262,105,97,143,143,124,132,228,236,156,156,118,134,250,252,142,142,153,153,134,138,149,149,,,,,,,,,,,,,,,,,,,,,,,,,,,,,,,,,,,,,,,,,,,,,,,,,,,,,,,,,
GNP,plains,,Davis,2022,MASTER_GNP bison_genetic data,989002004976189,798,,173,173,191,191,241,245,238,238,85,87,180,192,201,205,129,143,158,164,118,118,165,179,92,98,131,131,103,105,118,132,161,161,229,233,194,194,187,187,109,115,154,154,91,93,88,90,135,147,146,150,87,89,195,195,101,95,158,160,144,162,140,148,170,186,83,89,92,95,165,173,140,150,172,176,106,110,104,112,81,81,256,260,105,91,143,147,122,124,228,228,144,156,130,130,246,246,142,150,153,155,138,138,149,149,,,,,,,,,,,,,,,,,,,,,,,,,,,,,,,,,,,,,,,,,,,,,,,,,,,,,,,,,
GNP,plains,,Davis,2022,MASTER_GNP bison_genetic data,989002004976611,921,,161,165,191,191,241,249,238,238,87,87,180,198,211,215,129,129,158,158,114,118,179,179,92,98,129,131,103,105,118,122,161,161,229,231,194,194,187,187,113,115,154,160,89,91,88,90,135,137,146,146,91,91,191,191,101,99,160,161,162,170,127,140,168,168,83,89,92,95,175,177,140,146,172,172,108,108,104,104,83,83,262,262,89,93,143,147,124,124,236,240,154,156,130,134,250,254,142,148,159,159,136,136,151,151,,,,,,,,,,,,,,,,,,,,,,,,,,,,,,,,,,,,,,,,,,,,,,,,,,,,,,,,,
GNP,plains,,Davis,2022,MASTER_GNP bison_genetic data,989002004976646,1060,,161,165,191,191,241,271,238,238,87,89,180,198,205,211,129,143,158,158,116,118,179,179,92,92,127,131,103,103,118,122,161,167,229,229,194,200,187,187,108,113,158,158,91,91,88,90,135,135,146,150,91,91,189,195,95,95,160,161,160,168,140,150,170,176,83,91,92,92,175,177,140,146,172,178,108,108,104,104,81,83,262,262,89,93,143,143,122,124,240,240,144,154,130,130,250,252,142,142,155,159,136,136,151,153,,,,,,,,,,,,,,,,,,,,,,,,,,,,,,,,,,,,,,,,,,,,,,,,,,,,,,,,,
GNP,plains,,Davis,2022,MASTER_GNP bison_genetic data,989002004976657,867,,161,173,191,191,249,271,250,254,87,87,180,198,205,207,143,149,158,158,114,114,179,183,104,98,127,131,103,103,114,114,161,167,229,229,194,194,187,187,109,115,154,158,89,91,88,90,135,135,146,150,87,89,191,195,95,99,161,170,158,160,140,150,172,172,89,89,95,95,163,175,140,140,172,180,106,108,104,104,81,83,262,262,93,97,147,147,122,124,238,240,144,154,130,130,244,254,148,150,155,155,136,136,149,151,,,,,,,,,,,,,,,,,,,,,,,,,,,,,,,,,,,,,,,,,,,,,,,,,,,,,,,,,
GNP,plains,,Davis,2022,MASTER_GNP bison_genetic data,989002004976919,1025,,165,173,191,191,241,249,250,250,89,89,198,198,211,211,129,129,156,158,118,118,179,181,104,96,127,127,103,105,118,118,161,167,229,229,194,194,187,187,113,115,158,158,91,91,102,88,135,135,146,150,87,91,195,195,101,99,143,160,158,162,140,148,168,168,89,89,91,92,175,175,140,146,172,172,108,108,102,102,81,83,256,262,101,89,147,147,122,124,238,238,154,158,130,134,250,250,142,142,155,155,136,136,149,149,,,,,,,,,,,,,,,,,,,,,,,,,,,,,,,,,,,,,,,,,,,,,,,,,,,,,,,,,
GNP,plains,,Davis,2022,MASTER_GNP bison_genetic data,989002004977137,1085,,165,173,191,191,245,245,238,252,85,87,180,198,205,211,129,143,150,164,108,118,179,181,92,98,129,131,103,103,118,118,161,161,229,231,194,194,187,187,113,115,154,156,89,91,100,88,135,147,146,150,89,91,195,195,101,99,143,158,144,164,127,148,168,186,89,89,95,95,173,175,140,146,172,172,106,108,104,104,81,83,256,262,91,93,143,143,124,124,228,238,144,160,130,130,246,246,142,142,153,159,138,138,149,151,,,,,,,,,,,,,,,,,,,,,,,,,,,,,,,,,,,,,,,,,,,,,,,,,,,,,,,,,
GNP,plains,,Davis,2022,MASTER_GNP bison_genetic data,989002004978079,1016,,161,161,177,191,247,253,238,254,87,87,180,180,202,211,143,149,150,162,108,116,179,181,92,98,125,131,103,104,114,114,161,167,231,231,194,200,175,187,115,115,156,156,91,91,88,90,135,135,146,150,87,91,191,195,95,95,158,160,168,170,140,150,168,172,83,89,91,92,173,175,140,150,172,178,108,108,102,112,83,83,256,262,93,93,143,147,124,124,240,240,156,158,130,134,250,254,142,148,155,159,136,138,145,151,,,,,,,,,,,,,,,,,,,,,,,,,,,,,,,,,,,,,,,,,,,,,,,,,,,,,,,,,
GNP,plains,,Davis,2022,MASTER_GNP bison_genetic data,989002004978611,799,,165,173,181,191,241,245,238,250,87,87,180,184,205,211,129,143,150,158,116,118,165,183,104,92,125,131,103,105,122,132,161,167,229,231,200,202,179,185,115,115,154,156,89,91,102,88,135,141,146,146,87,87,189,191,95,95,160,160,162,170,140,148,168,172,89,89,92,92,163,175,146,148,172,180,108,108,104,104,83,83,262,262,91,91,143,143,124,124,240,240,144,154,130,134,250,254,142,148,153,155,136,136,149,151,,,,,,,,,,,,,,,,,,,,,,,,,,,,,,,,,,,,,,,,,,,,,,,,,,,,,,,,,
GNP,plains,,Davis,2022,MASTER_GNP bison_genetic data,989002004978619,1045,,161,161,181,191,241,271,238,250,87,87,180,184,205,205,129,149,158,158,118,118,165,183,96,98,129,131,103,107,114,118,161,167,229,231,200,200,185,187,113,115,156,156,91,91,88,88,135,141,146,150,87,91,191,191,101,95,160,160,156,170,127,148,170,174,89,89,91,95,175,177,148,150,172,172,106,108,106,106,81,83,262,262,91,93,143,145,122,124,240,240,158,158,130,130,246,250,142,148,153,157,138,138,149,149,,,,,,,,,,,,,,,,,,,,,,,,,,,,,,,,,,,,,,,,,,,,,,,,,,,,,,,,,
GNP,plains,,Davis,2022,MASTER_GNP bison_genetic data,989002004978624,929,,165,165,191,191,241,245,250,252,87,89,192,198,207,211,127,143,150,158,108,116,179,181,92,98,129,131,103,103,114,118,161,161,225,231,194,200,175,187,108,113,156,158,89,89,88,88,135,135,146,146,91,91,189,195,95,99,158,160,158,170,127,140,168,168,89,89,92,95,167,175,146,146,172,172,108,108,104,106,83,85,262,262,93,97,143,143,124,124,236,238,154,156,130,130,254,254,142,142,153,155,136,138,143,149,,,,,,,,,,,,,,,,,,,,,,,,,,,,,,,,,,,,,,,,,,,,,,,,,,,,,,,,,
GNP,plains,,Davis,2022,MASTER_GNP bison_genetic data,989002004978648,868,,161,161,191,191,241,253,238,238,87,87,180,198,205,211,129,149,150,158,108,116,179,183,92,92,127,131,103,105,114,114,161,161,231,231,194,200,175,187,109,115,154,156,89,91,100,88,135,135,146,150,87,87,189,195,95,95,158,161,170,170,140,150,168,186,89,89,91,92,165,173,146,150,172,178,106,108,102,102,81,83,260,262,101,93,143,143,122,124,228,240,154,160,130,134,250,250,142,142,153,155,134,138,149,149,,,,,,,,,,,,,,,,,,,,,,,,,,,,,,,,,,,,,,,,,,,,,,,,,,,,,,,,,
GNP,plains,,Davis,2022,MASTER_GNP bison_genetic data,989002004979514,971,,165,165,191,191,241,253,238,250,87,87,184,184,211,211,129,149,158,158,114,118,179,183,92,92,127,131,103,103,122,122,167,167,231,231,194,194,179,187,108,115,158,158,91,91,100,90,141,147,146,150,87,91,195,195,101,95,160,161,168,170,140,150,168,176,89,89,94,95,175,175,146,150,172,172,108,108,104,104,81,83,260,262,93,97,143,147,122,124,240,240,154,156,118,118,250,252,142,150,153,159,136,136,149,149,,,,,,,,,,,,,,,,,,,,,,,,,,,,,,,,,,,,,,,,,,,,,,,,,,,,,,,,,
GNP,plains,,Davis,2022,MASTER_GNP bison_genetic data,989002004979707,800,,161,161,181,191,241,271,238,238,87,91,184,198,205,207,129,143,158,164,108,116,181,183,98,98,131,131,103,104,118,118,167,167,229,231,194,200,179,187,113,115,154,158,89,91,88,90,135,141,146,146,85,87,195,195,95,95,158,160,142,170,140,148,168,168,89,91,92,95,175,175,140,146,172,172,108,108,102,102,83,83,256,260,91,97,143,143,124,124,228,228,144,144,130,134,250,250,148,150,151,153,136,138,149,149,,,,,,,,,,,,,,,,,,,,,,,,,,,,,,,,,,,,,,,,,,,,,,,,,,,,,,,,,
GNP,plains,,Davis,2022,MASTER_GNP bison_genetic data,989002004980343,945,,165,173,181,181,241,249,232,252,87,87,192,192,207,215,149,149,158,158,114,116,179,183,92,92,125,129,103,105,118,118,161,161,229,229,194,200,175,185,108,115,154,156,89,91,100,90,141,147,146,146,87,89,189,191,95,95,143,161,156,164,140,148,168,170,83,89,92,95,175,175,140,140,172,172,108,110,100,100,81,83,262,262,89,91,143,143,122,124,236,240,156,158,130,130,244,250,142,150,153,157,136,138,149,149,,,,,,,,,,,,,,,,,,,,,,,,,,,,,,,,,,,,,,,,,,,,,,,,,,,,,,,,,
GNP,plains,,Davis,2022,MASTER_GNP bison_genetic data,989002004980390,916,,161,173,191,191,247,249,250,250,89,89,180,192,205,211,143,149,156,162,114,114,165,185,104,98,127,131,103,103,114,118,167,167,229,231,200,200,175,179,113,115,154,158,89,91,100,90,135,147,146,146,87,87,191,195,101,95,160,160,156,168,127,140,168,168,83,83,92,92,165,167,140,146,180,180,108,108,104,104,81,83,256,262,89,89,143,147,124,124,228,238,154,156,130,130,254,254,142,148,153,155,136,136,149,149,,,,,,,,,,,,,,,,,,,,,,,,,,,,,,,,,,,,,,,,,,,,,,,,,,,,,,,,,
GNP,plains,,Davis,2022,MASTER_GNP bison_genetic data,989002004980630,801,,161,165,191,193,241,241,238,250,89,89,180,192,207,215,127,143,150,158,108,116,179,181,104,98,125,131,103,105,118,118,161,161,225,229,200,202,175,187,109,115,158,160,89,91,88,90,135,135,146,154,91,91,189,189,99,99,160,160,158,162,140,140,168,168,89,89,92,92,167,175,140,146,172,172,108,108,106,106,83,83,262,262,93,97,143,143,124,124,228,236,154,156,130,130,250,254,142,142,153,159,136,138,143,149,,,,,,,,,,,,,,,,,,,,,,,,,,,,,,,,,,,,,,,,,,,,,,,,,,,,,,,,,
GNP,plains,,Davis,2022,MASTER_GNP bison_genetic data,989002004980773,802,,161,165,191,191,241,253,238,250,87,91,180,184,207,211,129,143,158,158,114,118,181,183,92,98,125,131,105,105,114,114,161,165,231,233,200,200,187,187,109,115,154,160,89,91,90,90,135,141,146,150,87,91,195,195,95,95,158,161,168,168,140,150,168,176,89,89,92,92,163,175,146,146,172,180,108,108,104,104,83,83,260,262,91,93,143,143,124,124,240,240,144,154,118,130,252,254,142,142,153,155,136,136,149,149,,,,,,,,,,,,,,,,,,,,,,,,,,,,,,,,,,,,,,,,,,,,,,,,,,,,,,,,,
GNP,plains,,Davis,2022,MASTER_GNP bison_genetic data,989002004981504,935,,161,161,179,191,241,241,238,252,87,87,184,198,211,211,143,149,150,150,108,116,179,179,92,98,131,131,103,103,114,122,167,167,231,231,194,200,175,179,113,115,154,158,91,91,90,90,135,135,146,150,85,87,195,195,95,99,154,160,162,168,140,148,176,176,89,89,92,95,167,175,146,146,172,178,108,108,104,112,81,83,260,262,101,91,143,147,122,124,228,228,154,156,130,130,250,250,142,150,153,155,136,136,149,151,,,,,,,,,,,,,,,,,,,,,,,,,,,,,,,,,,,,,,,,,,,,,,,,,,,,,,,,,
GNP,plains,,Davis,2022,MASTER_GNP bison_genetic data,989002004981939,1106,,161,165,181,191,241,245,238,250,89,91,196,198,207,211,149,149,150,164,108,114,179,181,92,98,131,131,103,105,114,114,167,167,229,231,194,200,179,187,115,115,154,158,89,89,88,88,135,147,146,146,87,87,189,195,95,99,143,161,168,170,140,150,168,186,89,89,92,92,175,175,140,146,174,180,108,108,104,104,81,83,260,262,89,89,145,147,122,122,228,240,154,156,118,130,250,250,148,148,155,155,138,138,149,151,,,,,,,,,,,,,,,,,,,,,,,,,,,,,,,,,,,,,,,,,,,,,,,,,,,,,,,,,
GNP,plains,,Davis,2022,MASTER_GNP bison_genetic data,989002004982806,803,,161,173,191,191,241,241,238,250,87,87,196,198,205,211,129,143,150,158,114,118,181,181,92,92,129,131,103,105,114,114,161,167,229,229,194,194,187,187,113,115,156,160,91,93,88,90,135,141,146,146,87,91,189,191,95,99,143,161,162,162,140,140,170,172,83,89,92,92,173,177,146,148,172,180,106,108,102,112,81,83,260,262,89,89,143,147,122,124,228,236,144,160,130,130,246,250,142,142,155,159,138,140,149,149,,,,,,,,,,,,,,,,,,,,,,,,,,,,,,,,,,,,,,,,,,,,,,,,,,,,,,,,,
GNP,plains,,Davis,2022,MASTER_GNP bison_genetic data,989002004982935,767,,161,173,191,191,241,245,238,252,87,87,198,198,205,205,129,149,158,162,118,118,165,181,92,98,131,131,103,103,114,122,161,161,229,231,194,200,187,191,115,115,156,158,91,91,88,90,135,147,146,146,87,89,191,195,101,95,143,161,162,164,140,140,168,168,89,89,92,95,163,173,146,146,172,172,106,108,102,102,81,83,260,262,101,101,143,147,124,126,228,238,156,156,130,130,246,250,142,150,153,155,136,138,149,149,,,,,,,,,,,,,,,,,,,,,,,,,,,,,,,,,,,,,,,,,,,,,,,,,,,,,,,,,
GNP,plains,,Davis,2022,MASTER_GNP bison_genetic data,989002004982968,1071,,161,165,177,191,241,241,238,250,87,91,184,198,202,211,149,149,156,162,108,114,179,181,96,98,127,131,103,105,122,122,161,167,229,229,194,194,185,187,108,113,154,154,89,91,88,90,135,141,146,148,87,87,195,195,101,95,154,161,158,168,127,150,172,174,89,89,92,95,175,177,146,150,172,180,106,108,104,104,81,83,256,262,105,91,143,143,122,124,228,228,154,158,130,134,246,250,148,150,155,155,136,136,149,149,,,,,,,,,,,,,,,,,,,,,,,,,,,,,,,,,,,,,,,,,,,,,,,,,,,,,,,,,
GNP,plains,,Davis,2022,MASTER_GNP bison_genetic data,989002004983031,913,,161,165,191,191,241,253,238,238,87,91,184,184,202,205,143,149,150,162,118,118,179,181,104,98,125,125,103,104,114,114,167,167,229,231,194,200,185,187,115,115,154,156,91,91,88,88,135,135,146,150,87,91,195,195,95,95,143,160,144,158,127,150,172,174,83,89,91,92,173,175,146,150,172,180,108,108,102,102,81,83,256,262,105,91,143,147,122,124,228,228,144,144,134,134,250,250,138,142,155,155,136,138,151,151,,,,,,,,,,,,,,,,,,,,,,,,,,,,,,,,,,,,,,,,,,,,,,,,,,,,,,,,,
GNP,plains,,Davis,2022,MASTER_GNP bison_genetic data,989002004983232,941,,161,165,191,191,249,253,238,250,87,89,192,198,211,215,129,129,156,158,114,118,179,181,96,98,127,127,103,103,114,118,167,167,229,233,194,194,185,187,115,115,158,158,91,91,102,88,135,135,146,146,87,87,189,191,101,95,143,160,158,168,140,140,186,186,83,89,91,92,175,175,140,140,172,180,108,112,104,104,81,83,262,262,89,91,143,143,122,124,240,240,154,156,130,134,250,250,148,150,155,155,136,136,149,151,,,,,,,,,,,,,,,,,,,,,,,,,,,,,,,,,,,,,,,,,,,,,,,,,,,,,,,,,
GNP,plains,,Davis,2022,MASTER_GNP bison_genetic data,989002004983738,804,,165,173,191,191,241,241,238,238,87,91,180,184,205,211,143,143,158,162,116,118,179,183,92,92,127,127,103,103,118,122,161,167,231,231,194,194,175,179,113,115,154,158,91,93,102,90,135,147,146,154,87,89,191,195,101,101,143,143,162,170,140,148,168,170,89,89,92,92,167,175,146,146,172,180,106,108,102,102,81,83,262,262,89,91,143,147,124,126,228,236,156,156,130,130,246,254,142,150,155,157,134,138,145,149,,,,,,,,,,,,,,,,,,,,,,,,,,,,,,,,,,,,,,,,,,,,,,,,,,,,,,,,,
GNP,plains,,Davis,2022,MASTER_GNP bison_genetic data,989002004983785,914,,161,161,191,191,241,241,238,250,87,91,180,192,205,205,129,129,162,162,114,114,181,183,104,98,127,131,104,105,122,122,165,167,229,233,194,200,175,181,115,115,154,158,91,91,88,90,137,147,146,146,91,91,191,191,99,99,160,160,142,168,127,150,168,186,89,89,92,95,163,173,140,140,172,172,106,108,106,106,81,83,256,262,105,89,143,143,122,124,228,238,144,156,130,130,252,254,142,148,155,157,134,136,151,151,,,,,,,,,,,,,,,,,,,,,,,,,,,,,,,,,,,,,,,,,,,,,,,,,,,,,,,,,
GNP,plains,,Davis,2022,MASTER_GNP bison_genetic data,989002004983824,1059,,165,173,191,191,249,253,232,250,87,87,192,198,205,205,129,143,150,150,118,118,165,183,92,92,127,131,103,103,122,122,161,161,229,231,194,194,175,179,115,115,154,158,89,91,102,90,135,135,146,146,87,91,195,195,99,99,160,161,158,162,140,140,172,176,83,89,92,95,163,175,146,146,172,172,108,108,102,104,81,83,262,262,89,97,143,143,124,124,240,240,154,156,130,134,250,254,142,148,153,159,136,138,149,149,,,,,,,,,,,,,,,,,,,,,,,,,,,,,,,,,,,,,,,,,,,,,,,,,,,,,,,,,
GNP,plains,,Davis,2022,MASTER_GNP bison_genetic data,989002004983985,951,,161,161,191,193,241,253,250,252,87,89,180,198,211,215,143,149,150,158,116,118,165,185,92,96,125,131,105,107,118,122,161,167,229,229,194,202,175,187,108,115,156,158,89,93,88,88,135,147,146,150,87,91,189,191,101,95,143,160,162,170,140,148,168,186,89,89,92,94,175,175,146,146,172,172,106,108,100,104,83,83,256,262,89,93,143,145,124,124,240,240,154,154,130,130,246,250,142,142,153,155,136,138,149,149,,,,,,,,,,,,,,,,,,,,,,,,,,,,,,,,,,,,,,,,,,,,,,,,,,,,,,,,,
GNP,plains,,Davis,2022,MASTER_GNP bison_genetic data,989002004984187,953,,173,173,191,191,249,249,250,252,87,87,184,198,205,211,129,143,150,162,108,118,165,179,104,92,127,131,103,103,114,114,161,167,229,229,194,202,179,187,115,115,154,158,89,91,102,90,135,135,146,146,87,91,191,195,95,99,143,158,162,164,140,150,172,176,89,89,92,95,163,175,146,146,172,172,106,108,102,102,81,83,262,262,89,89,143,147,122,124,238,240,154,154,134,134,246,254,142,148,155,159,136,136,149,149,,,,,,,,,,,,,,,,,,,,,,,,,,,,,,,,,,,,,,,,,,,,,,,,,,,,,,,,,
GNP,plains,,Davis,2022,MASTER_GNP bison_genetic data,989002004984397,869,,161,165,191,191,241,271,238,238,87,89,184,190,215,215,143,149,158,158,108,116,179,179,98,98,127,131,103,103,118,118,161,167,225,229,194,194,175,179,113,115,154,158,89,91,100,90,135,135,150,150,87,91,195,195,101,95,143,158,144,164,140,150,172,186,89,89,95,95,173,175,140,146,172,180,108,108,104,104,83,85,262,262,97,97,143,143,122,124,224,228,156,156,130,130,246,254,142,148,155,155,138,138,151,151,,,,,,,,,,,,,,,,,,,,,,,,,,,,,,,,,,,,,,,,,,,,,,,,,,,,,,,,,
GNP,plains,,Davis,2022,MASTER_GNP bison_genetic data,989002004984614,952,,161,173,181,191,241,241,238,252,85,87,180,190,207,211,143,143,150,158,116,118,181,183,92,92,127,127,103,105,104,114,161,167,225,231,194,194,179,187,113,115,158,158,91,91,100,100,135,135,146,146,87,91,191,195,95,95,143,170,164,170,127,127,168,170,89,89,91,92,167,175,146,146,172,172,108,108,104,106,83,85,260,262,101,93,143,145,124,124,238,240,156,160,130,130,250,254,142,142,155,159,134,138,149,149,,,,,,,,,,,,,,,,,,,,,,,,,,,,,,,,,,,,,,,,,,,,,,,,,,,,,,,,,
GNP,plains,,Davis,2022,MASTER_GNP bison_genetic data,989002004984961,1058,,161,161,179,191,241,249,232,238,87,89,180,190,207,211,129,143,142,150,116,118,181,181,92,92,127,129,103,103,114,114,167,167,229,231,194,194,175,187,108,108,154,158,89,91,88,90,135,135,146,146,87,91,189,195,95,99,143,160,158,170,140,150,168,186,83,89,92,92,167,173,146,146,172,172,108,112,104,104,81,83,260,262,105,93,143,147,122,124,228,240,154,156,130,130,250,250,142,150,155,155,134,138,149,149,,,,,,,,,,,,,,,,,,,,,,,,,,,,,,,,,,,,,,,,,,,,,,,,,,,,,,,,,
GNP,plains,,Davis,2022,MASTER_GNP bison_genetic data,989002004984969,805,,161,161,191,191,241,241,238,238,87,87,180,198,211,211,129,129,142,150,112,118,165,181,104,98,131,131,103,105,104,114,161,161,229,233,194,200,187,187,109,115,154,154,91,91,88,90,141,141,146,150,91,91,191,195,95,97,158,160,162,164,142,148,168,168,83,89,92,95,175,177,140,146,172,172,108,110,104,104,83,83,256,262,93,97,143,143,124,124,228,228,144,158,130,130,250,250,142,148,155,157,136,136,149,151,,,,,,,,,,,,,,,,,,,,,,,,,,,,,,,,,,,,,,,,,,,,,,,,,,,,,,,,,
GNP,plains,,Davis,2022,MASTER_GNP bison_genetic data,989002004985083,870,,161,165,179,191,241,253,232,250,87,89,184,184,205,207,143,143,142,158,114,118,179,185,104,92,125,131,103,103,104,104,161,161,229,231,194,200,185,187,115,115,158,158,89,91,88,88,135,135,146,146,87,91,191,195,95,95,143,160,160,162,140,150,168,172,89,89,91,95,173,175,146,150,172,180,108,108,104,104,81,83,262,262,105,97,143,143,122,122,228,240,154,154,118,134,250,252,138,142,155,155,136,136,149,151,,,,,,,,,,,,,,,,,,,,,,,,,,,,,,,,,,,,,,,,,,,,,,,,,,,,,,,,,
GNP,plains,,Davis,2022,MASTER_GNP bison_genetic data,989002004985173,1026,,165,173,179,191,241,249,238,250,87,91,180,184,205,211,143,143,150,158,114,114,179,179,92,92,125,127,103,107,114,122,161,167,229,231,194,200,185,187,108,115,154,158,91,91,88,90,135,135,146,150,91,91,191,191,103,99,143,160,144,168,140,140,170,170,83,89,92,95,163,167,146,146,172,172,106,108,100,102,83,83,260,262,89,93,143,143,124,126,228,240,154,160,130,130,246,254,142,150,155,159,136,138,149,149,,,,,,,,,,,,,,,,,,,,,,,,,,,,,,,,,,,,,,,,,,,,,,,,,,,,,,,,,
GNP,plains,,Davis,2022,MASTER_GNP bison_genetic data,989002004985404,1047,,161,173,181,191,241,271,238,250,87,87,180,180,211,215,129,143,162,162,114,114,179,183,92,98,131,131,103,104,114,114,161,167,231,231,194,200,175,187,108,113,154,158,91,91,100,88,147,147,146,146,91,91,191,195,101,99,160,160,142,142,140,150,168,168,89,89,92,95,165,173,146,148,172,178,108,108,104,104,83,83,262,262,89,93,143,143,122,124,228,240,144,158,130,130,250,250,142,150,153,157,136,136,149,151,,,,,,,,,,,,,,,,,,,,,,,,,,,,,,,,,,,,,,,,,,,,,,,,,,,,,,,,,
GNP,plains,,Davis,2022,MASTER_GNP bison_genetic data,989002004986323,1061,,173,173,181,191,241,271,232,250,87,87,180,184,205,211,129,149,150,150,116,118,179,181,92,98,127,127,103,103,114,114,161,161,229,231,190,200,175,187,115,115,154,158,89,93,88,90,135,147,146,146,91,91,191,195,99,99,160,160,144,158,140,150,168,168,89,89,92,95,163,175,140,148,172,180,108,108,102,104,81,83,256,260,105,89,147,147,124,126,228,228,144,156,130,130,254,254,142,150,153,155,134,136,149,149,,,,,,,,,,,,,,,,,,,,,,,,,,,,,,,,,,,,,,,,,,,,,,,,,,,,,,,,,
GNP,plains,,Davis,2022,MASTER_GNP bison_genetic data,989002004986369,806,,161,165,181,191,249,253,238,250,87,87,180,190,205,207,129,149,142,152,114,116,179,181,92,92,127,127,103,105,114,114,161,167,229,231,200,200,175,185,113,115,160,160,89,89,88,88,137,147,148,148,87,89,191,191,95,99,143,161,158,162,127,150,168,168,89,89,92,95,175,177,140,150,172,172,108,108,104,104,81,83,260,260,91,93,143,143,122,124,228,240,156,158,130,130,246,246,138,148,155,157,138,138,149,149,,,,,,,,,,,,,,,,,,,,,,,,,,,,,,,,,,,,,,,,,,,,,,,,,,,,,,,,,
GNP,plains,,Davis,2022,MASTER_GNP bison_genetic data,989002004986393,1057,,165,173,191,191,253,253,232,252,87,87,180,198,211,211,129,149,158,164,114,118,179,181,92,92,127,131,103,103,114,122,161,167,231,231,200,200,175,187,115,115,154,158,89,91,88,90,135,135,146,146,87,89,195,195,95,95,143,143,158,170,127,140,168,168,89,89,92,92,163,165,146,146,172,172,106,108,102,104,81,83,260,262,101,93,143,147,124,124,240,240,154,156,130,134,250,250,148,150,153,155,134,136,149,151,,,,,,,,,,,,,,,,,,,,,,,,,,,,,,,,,,,,,,,,,,,,,,,,,,,,,,,,,
GNP,plains,,Davis,2022,MASTER_GNP bison_genetic data,989002004986635,1064,,161,165,191,191,253,271,232,250,87,89,180,198,202,211,129,143,150,156,114,118,179,181,92,96,131,131,103,105,118,118,161,167,229,231,200,200,185,187,115,115,158,158,91,91,90,90,135,135,146,150,87,91,191,195,95,99,160,161,158,170,140,140,168,170,83,89,91,95,163,165,146,146,176,180,108,108,104,104,83,83,262,262,89,89,143,147,124,124,238,240,154,158,130,130,250,250,142,148,153,159,136,138,149,153,,,,,,,,,,,,,,,,,,,,,,,,,,,,,,,,,,,,,,,,,,,,,,,,,,,,,,,,,
GNP,plains,,Davis,2022,MASTER_GNP bison_genetic data,989002004986790,981,,161,173,181,191,241,245,232,238,85,87,180,198,207,211,129,149,158,164,114,118,179,183,96,98,131,131,105,105,114,118,161,167,231,231,194,194,175,187,113,115,156,158,91,91,88,90,135,147,146,146,87,87,189,195,95,99,143,143,142,162,140,140,170,186,83,89,94,95,175,177,140,146,172,172,106,106,102,104,83,83,262,262,89,97,143,143,124,126,236,240,154,160,130,130,252,254,142,142,155,159,136,136,145,149,,,,,,,,,,,,,,,,,,,,,,,,,,,,,,,,,,,,,,,,,,,,,,,,,,,,,,,,,
GNP,plains,,Davis,2022,MASTER_GNP bison_genetic data,989002004987107,807,,161,165,191,193,241,253,238,238,87,89,180,180,211,211,129,149,150,150,116,118,179,183,96,98,125,131,103,107,122,122,161,167,229,231,200,200,185,187,113,115,154,158,89,91,90,90,135,135,146,150,87,91,191,195,99,99,161,161,158,170,140,140,168,176,89,89,92,92,163,175,140,140,172,180,106,110,104,104,83,83,262,262,89,93,143,143,124,124,240,240,154,158,130,130,246,254,142,150,155,159,136,138,149,151,,,,,,,,,,,,,,,,,,,,,,,,,,,,,,,,,,,,,,,,,,,,,,,,,,,,,,,,,
GNP,plains,,Davis,2022,MASTER_GNP bison_genetic data,989002004987361,933,,161,173,181,191,241,249,238,250,87,89,180,198,205,211,143,143,150,158,118,118,179,181,104,92,127,127,103,103,114,118,161,167,229,229,194,202,179,187,115,115,154,156,89,91,88,88,135,135,146,146,87,91,191,191,95,95,143,160,162,168,127,148,168,170,83,83,92,92,173,175,146,146,172,172,108,108,102,102,83,83,260,262,101,89,143,147,124,126,228,238,154,160,130,130,250,254,142,142,155,159,136,136,149,149,,,,,,,,,,,,,,,,,,,,,,,,,,,,,,,,,,,,,,,,,,,,,,,,,,,,,,,,,
GNP,plains,,Davis,2022,MASTER_GNP bison_genetic data,989002004987733,1053,,161,173,191,191,245,253,238,250,87,87,184,190,211,211,129,143,150,156,108,108,179,181,92,92,129,129,103,103,122,122,161,167,225,229,194,200,175,187,113,115,156,160,89,91,88,88,135,135,146,146,91,91,195,195,95,99,143,160,162,170,127,150,168,176,89,89,91,95,167,173,140,146,172,172,108,108,104,104,83,83,262,262,101,93,143,143,122,124,238,240,156,160,130,134,254,254,142,148,155,159,134,138,149,151,,,,,,,,,,,,,,,,,,,,,,,,,,,,,,,,,,,,,,,,,,,,,,,,,,,,,,,,,
GNP,plains,,Davis,2022,MASTER_GNP bison_genetic data,989002004987812,808,,161,173,181,191,241,249,232,238,85,87,180,198,205,207,129,149,150,164,116,118,181,185,92,98,127,131,103,103,114,114,161,161,229,231,194,200,175,187,115,115,156,158,89,91,88,88,135,135,146,146,89,91,195,195,101,99,143,143,158,162,140,140,168,170,89,89,92,92,163,175,146,146,172,172,106,106,100,100,81,83,260,260,101,93,143,143,122,124,228,228,154,160,130,130,244,250,142,150,155,159,136,138,149,151,,,,,,,,,,,,,,,,,,,,,,,,,,,,,,,,,,,,,,,,,,,,,,,,,,,,,,,,,
GNP,plains,,Davis,2022,MASTER_GNP bison_genetic data,989002004988400,949,,161,161,191,191,241,249,238,238,87,91,198,198,205,215,143,149,158,158,114,118,179,183,92,98,129,131,103,105,114,114,161,167,229,231,194,194,185,187,115,115,156,158,91,93,88,88,135,141,146,146,87,87,189,195,101,99,143,161,164,168,140,140,172,186,83,89,95,95,163,175,140,146,172,180,106,112,112,112,81,83,262,262,91,93,143,147,122,126,228,240,154,158,130,134,250,250,142,142,153,155,136,138,145,151,,,,,,,,,,,,,,,,,,,,,,,,,,,,,,,,,,,,,,,,,,,,,,,,,,,,,,,,,
GNP,plains,,Davis,2022,MASTER_GNP bison_genetic data,989002004988747,977,,161,161,179,191,241,253,238,250,87,89,180,184,205,215,143,143,158,158,118,118,181,185,104,96,125,131,103,105,118,118,167,167,229,229,194,200,179,187,115,115,154,158,89,91,90,90,135,135,150,150,87,89,195,195,95,95,143,170,162,170,140,142,170,186,89,89,92,92,163,177,146,146,172,180,108,108,100,100,81,83,262,262,101,93,143,143,124,124,240,240,144,154,130,130,250,252,142,150,153,155,136,136,149,151,,,,,,,,,,,,,,,,,,,,,,,,,,,,,,,,,,,,,,,,,,,,,,,,,,,,,,,,,
GNP,plains,,Davis,2022,MASTER_GNP bison_genetic data,989002004988804,809,,161,161,177,181,245,247,238,238,87,89,180,184,205,207,143,143,150,158,108,114,165,181,104,96,125,125,104,105,118,118,161,161,231,231,194,202,187,191,109,113,156,160,91,91,100,88,141,141,150,154,85,87,191,195,101,99,143,160,144,162,140,150,168,170,83,89,92,92,163,175,140,146,172,180,106,108,104,104,83,83,262,262,89,97,143,143,122,124,228,240,154,156,130,130,246,250,142,148,155,155,136,136,143,151,,,,,,,,,,,,,,,,,,,,,,,,,,,,,,,,,,,,,,,,,,,,,,,,,,,,,,,,,
GNP,plains,,Davis,2022,MASTER_GNP bison_genetic data,989002004990104,1031,,161,161,179,191,241,241,238,250,87,89,184,184,211,215,143,149,158,164,116,118,181,185,92,98,131,131,103,103,114,118,161,161,229,231,200,200,179,187,115,115,158,158,91,91,90,90,135,147,150,154,85,91,189,195,95,99,143,160,158,162,140,140,176,186,89,89,94,95,175,175,146,146,172,180,106,108,100,104,83,83,262,262,89,89,143,143,124,124,228,240,154,156,130,130,250,250,142,150,153,155,136,136,149,149,,,,,,,,,,,,,,,,,,,,,,,,,,,,,,,,,,,,,,,,,,,,,,,,,,,,,,,,,
GNP,plains,,Davis,2022,MASTER_GNP bison_genetic data,989002004990355,810,,161,161,191,191,247,253,238,250,87,89,184,184,205,211,149,149,156,158,108,118,179,181,104,96,129,131,103,105,118,118,167,167,229,231,200,200,187,187,115,115,154,158,91,91,88,88,135,135,146,150,87,91,191,191,103,99,160,161,158,168,127,150,168,172,89,89,92,95,165,177,140,146,172,172,108,112,106,106,81,83,262,262,93,93,143,147,122,124,228,240,154,158,130,134,250,250,142,148,155,155,136,136,149,151,,,,,,,,,,,,,,,,,,,,,,,,,,,,,,,,,,,,,,,,,,,,,,,,,,,,,,,,,
GNP,plains,,Davis,2022,MASTER_GNP bison_genetic data,989002004990847,1022,,161,173,179,191,241,253,238,250,89,91,180,184,205,211,129,143,150,158,114,116,179,179,98,98,125,131,103,103,122,122,161,167,229,229,200,200,175,187,113,115,154,158,91,91,90,90,135,141,146,146,87,91,191,195,95,95,158,170,144,170,127,150,170,174,83,89,92,95,163,175,140,150,172,172,108,108,104,104,83,83,262,262,89,89,143,147,124,124,228,240,144,154,130,130,250,254,138,142,155,155,136,138,149,149,,,,,,,,,,,,,,,,,,,,,,,,,,,,,,,,,,,,,,,,,,,,,,,,,,,,,,,,,
GNP,plains,,Davis,2022,MASTER_GNP bison_genetic data,989002004990881,925,,165,173,191,191,241,241,238,238,87,87,190,192,211,215,129,143,150,158,108,116,179,181,104,92,127,129,103,103,114,114,161,161,229,231,194,194,175,187,108,115,156,158,91,91,88,88,135,135,146,146,87,91,191,195,101,95,158,158,170,170,127,127,168,186,89,89,91,92,167,175,146,146,172,172,106,108,104,112,81,85,260,262,105,93,143,143,122,124,228,228,154,156,130,130,246,254,142,150,153,159,136,136,145,149,,,,,,,,,,,,,,,,,,,,,,,,,,,,,,,,,,,,,,,,,,,,,,,,,,,,,,,,,
GNP,plains,,Davis,2022,MASTER_GNP bison_genetic data,989002004991044,811,,165,173,191,191,241,271,238,238,85,87,196,198,205,205,143,149,158,162,112,116,179,183,104,92,131,131,104,105,114,114,161,161,231,231,194,194,187,187,109,115,154,158,89,89,88,88,135,141,146,146,87,89,189,191,95,95,158,161,144,168,140,140,168,170,83,89,92,95,173,175,140,146,172,172,108,110,112,112,83,85,262,262,101,101,143,143,124,124,236,240,144,156,130,130,246,250,148,150,153,155,136,138,145,149,,,,,,,,,,,,,,,,,,,,,,,,,,,,,,,,,,,,,,,,,,,,,,,,,,,,,,,,,
GNP,plains,,Davis,2022,MASTER_GNP bison_genetic data,989002004991062,881,,161,165,191,191,241,271,238,250,87,91,198,198,205,205,149,149,150,158,114,116,179,185,104,96,125,129,103,103,122,122,165,167,229,233,194,194,187,187,113,115,158,158,89,89,88,90,135,135,146,146,91,91,191,191,101,95,161,170,158,168,140,142,176,186,83,89,92,92,165,177,140,146,172,180,108,108,104,104,81,83,262,262,89,91,143,145,122,124,228,240,144,154,130,130,246,254,138,142,153,153,136,140,149,149,,,,,,,,,,,,,,,,,,,,,,,,,,,,,,,,,,,,,,,,,,,,,,,,,,,,,,,,,
GNP,plains,,Davis,2022,MASTER_GNP bison_genetic data,989002004991291,1042,,165,173,191,191,249,253,238,250,87,89,180,190,207,215,129,129,150,152,114,116,165,181,92,98,127,131,103,105,118,118,167,167,231,231,200,200,175,187,113,113,158,158,89,91,88,88,135,141,148,154,87,91,195,195,95,99,160,161,168,170,127,127,170,172,83,89,92,92,163,177,140,146,172,178,108,110,104,106,81,83,260,262,101,97,143,147,124,124,228,240,156,156,130,130,246,250,148,150,155,159,136,138,149,149,,,,,,,,,,,,,,,,,,,,,,,,,,,,,,,,,,,,,,,,,,,,,,,,,,,,,,,,,
GNP,plains,,Davis,2022,MASTER_GNP bison_genetic data,989002004991301,871,,161,173,191,191,241,247,250,250,87,87,192,198,205,207,127,129,158,158,118,118,181,183,104,96,127,131,103,105,118,122,161,167,231,233,194,200,179,185,113,115,154,158,89,91,88,90,135,135,146,150,87,91,189,195,101,99,143,160,158,168,140,148,168,170,89,89,92,95,173,175,140,146,172,172,106,108,104,112,83,83,260,262,89,93,145,145,122,124,240,240,156,158,130,130,250,252,142,142,155,155,136,138,145,149,,,,,,,,,,,,,,,,,,,,,,,,,,,,,,,,,,,,,,,,,,,,,,,,,,,,,,,,,
GNP,plains,,Davis,2022,MASTER_GNP bison_genetic data,989002004991404,1063,,161,161,179,193,253,271,232,238,87,89,180,184,201,215,143,149,150,164,116,116,179,181,92,98,129,131,103,105,114,118,167,167,229,231,190,194,175,187,113,115,154,160,89,89,88,88,135,135,146,150,85,87,191,195,101,99,160,160,168,170,148,150,168,168,83,89,92,95,175,175,146,146,172,172,108,108,104,106,81,83,260,262,105,91,143,143,122,124,228,240,156,158,130,130,246,250,142,150,153,159,136,136,149,149,,,,,,,,,,,,,,,,,,,,,,,,,,,,,,,,,,,,,,,,,,,,,,,,,,,,,,,,,
GNP,plains,,Davis,2022,MASTER_GNP bison_genetic data,989002004991508,1110,,161,161,179,191,241,245,238,250,87,87,184,198,211,211,129,143,150,158,118,118,165,181,98,98,131,131,103,105,104,104,161,161,231,233,200,200,185,187,108,115,154,158,89,91,90,90,135,141,146,150,87,91,191,195,95,99,143,158,162,162,142,150,168,186,83,89,95,95,177,177,140,146,172,172,106,110,104,104,83,83,256,262,93,93,143,147,122,124,228,240,144,144,130,130,250,250,142,142,155,159,136,136,149,149,,,,,,,,,,,,,,,,,,,,,,,,,,,,,,,,,,,,,,,,,,,,,,,,,,,,,,,,,
GNP,plains,,Davis,2022,MASTER_GNP bison_genetic data,989002004991650,1050,,161,161,181,191,241,253,250,250,87,91,184,192,207,211,127,149,158,158,108,118,179,183,92,96,131,131,103,103,122,122,161,167,225,231,200,200,175,187,115,115,154,154,89,91,88,90,135,135,146,146,87,91,191,195,99,99,161,170,142,162,127,140,168,176,89,89,91,95,165,175,140,146,172,172,108,108,104,104,83,85,262,262,89,93,143,145,122,124,238,240,156,158,130,134,250,254,142,142,155,155,134,136,149,151,,,,,,,,,,,,,,,,,,,,,,,,,,,,,,,,,,,,,,,,,,,,,,,,,,,,,,,,,
GNP,plains,,Davis,2022,MASTER_GNP bison_genetic data,989002004991983,969,,161,173,191,191,241,253,238,250,87,91,180,198,205,211,127,129,158,164,114,114,179,179,104,98,131,131,103,105,118,118,161,161,229,231,194,200,185,187,115,115,160,160,89,91,90,90,135,135,146,150,87,91,189,195,95,95,143,160,164,168,140,140,168,168,89,89,92,95,175,177,140,150,172,172,108,108,104,104,81,83,262,262,93,93,143,143,122,122,228,236,156,158,130,130,250,254,142,148,155,155,136,136,145,149,,,,,,,,,,,,,,,,,,,,,,,,,,,,,,,,,,,,,,,,,,,,,,,,,,,,,,,,,
GNP,plains,,Davis,2022,MASTER_GNP bison_genetic data,989002004992574,922,,161,165,181,191,253,271,238,238,85,87,180,192,205,211,129,143,152,158,118,118,179,183,96,98,129,131,103,103,122,122,167,167,229,229,194,194,179,187,108,115,154,154,89,91,100,90,135,135,146,146,87,91,191,191,95,97,160,170,166,170,140,150,168,170,89,89,91,92,163,177,140,146,172,180,108,108,106,106,81,85,262,262,101,97,143,145,122,124,240,240,144,156,118,130,250,250,148,148,155,155,134,142,149,149,,,,,,,,,,,,,,,,,,,,,,,,,,,,,,,,,,,,,,,,,,,,,,,,,,,,,,,,,
GNP,plains,,Davis,2022,MASTER_GNP bison_genetic data,989002004993397,812,,161,165,191,191,241,271,238,250,87,91,196,198,211,215,129,143,158,158,112,118,179,179,96,98,127,131,103,103,122,122,161,161,229,231,200,200,185,187,115,115,158,160,89,91,88,90,147,147,148,150,85,87,191,191,95,99,143,161,142,168,127,140,168,186,83,89,91,92,173,177,140,140,172,172,108,108,102,102,83,83,262,262,93,97,143,147,124,124,236,240,144,158,130,130,246,250,142,148,155,155,136,136,149,149,,,,,,,,,,,,,,,,,,,,,,,,,,,,,,,,,,,,,,,,,,,,,,,,,,,,,,,,,
GNP,plains,,Davis,2022,MASTER_GNP bison_genetic data,989002004993459,1088,,161,173,179,191,241,249,238,238,87,89,180,198,205,211,129,143,142,150,108,108,179,179,92,98,127,129,103,103,118,118,161,167,229,233,194,200,175,185,108,113,158,158,89,91,88,90,135,135,146,146,91,91,195,195,95,99,158,161,144,158,127,140,168,170,83,89,92,95,175,175,140,146,172,172,106,108,102,102,81,83,260,262,89,91,143,143,122,124,228,240,154,154,130,130,250,254,138,142,153,155,136,138,151,151,,,,,,,,,,,,,,,,,,,,,,,,,,,,,,,,,,,,,,,,,,,,,,,,,,,,,,,,,
GNP,plains,,Davis,2022,MASTER_GNP bison_genetic data,989002004993486,967,,161,161,181,191,249,253,232,232,87,89,184,184,205,215,129,149,142,158,108,114,179,181,92,98,129,129,103,103,118,122,161,161,229,231,194,200,175,185,113,115,156,158,91,91,88,90,135,135,146,150,89,91,191,191,101,95,143,160,156,164,127,150,168,168,89,89,92,95,163,177,140,140,172,172,108,108,102,102,81,83,262,262,89,93,143,145,124,124,228,240,144,158,130,130,250,250,138,142,155,157,136,136,149,149,,,,,,,,,,,,,,,,,,,,,,,,,,,,,,,,,,,,,,,,,,,,,,,,,,,,,,,,,
GNP,plains,,Davis,2022,MASTER_GNP bison_genetic data,989002004993566,813,,165,173,177,181,245,245,250,252,87,91,196,198,211,211,127,143,150,152,114,116,165,185,104,92,131,131,103,103,118,118,161,161,229,231,194,194,187,187,113,115,154,160,91,91,88,88,135,135,146,146,87,91,191,195,95,99,161,170,158,162,127,140,170,186,89,89,91,92,165,177,146,150,172,172,106,110,102,102,81,81,260,262,101,97,143,143,122,124,228,240,144,156,130,130,246,252,142,148,153,153,138,138,149,149,,,,,,,,,,,,,,,,,,,,,,,,,,,,,,,,,,,,,,,,,,,,,,,,,,,,,,,,,
GNP,plains,,Davis,2022,MASTER_GNP bison_genetic data,989002004994185,1093,,161,173,191,191,253,271,250,250,87,89,192,198,207,211,129,143,158,158,118,118,181,185,98,98,127,131,103,103,122,122,161,161,229,231,194,194,175,185,108,115,158,160,91,91,90,90,135,135,146,150,87,91,191,195,101,97,143,161,162,170,142,142,168,186,89,89,94,95,177,177,140,150,172,172,106,108,104,104,81,83,262,262,89,97,143,147,124,124,228,240,144,156,130,130,250,250,142,142,155,159,136,136,149,151,,,,,,,,,,,,,,,,,,,,,,,,,,,,,,,,,,,,,,,,,,,,,,,,,,,,,,,,,
GNP,plains,,Davis,2022,MASTER_GNP bison_genetic data,989002004994371,872,,161,173,181,191,249,249,238,238,87,91,184,198,205,211,129,143,150,158,116,118,179,179,92,92,127,127,103,103,118,122,161,167,231,231,194,194,179,187,109,115,154,158,89,91,88,88,135,135,146,150,85,91,191,191,95,95,158,158,162,168,140,150,170,172,83,89,91,95,163,175,140,146,172,172,106,108,102,102,81,81,260,262,101,97,143,143,122,126,236,238,156,160,130,130,246,250,142,142,155,155,136,138,149,151,,,,,,,,,,,,,,,,,,,,,,,,,,,,,,,,,,,,,,,,,,,,,,,,,,,,,,,,,
GNP,plains,,Davis,2022,MASTER_GNP bison_genetic data,989002004994520,880,,161,173,179,191,241,245,238,250,89,89,184,198,201,205,143,149,156,158,108,114,183,185,96,98,127,129,103,105,114,114,161,167,231,231,194,200,175,175,108,115,154,154,91,91,88,90,141,147,146,148,91,91,191,191,97,99,160,161,156,168,127,127,168,168,89,89,92,94,173,173,140,150,178,178,108,110,104,104,81,83,256,262,101,91,143,147,122,124,228,228,144,156,118,118,250,254,148,150,155,157,136,138,149,151,,,,,,,,,,,,,,,,,,,,,,,,,,,,,,,,,,,,,,,,,,,,,,,,,,,,,,,,,
GNP,plains,,Davis,2022,MASTER_GNP bison_genetic data,989002004995598,918,,161,161,191,191,241,253,238,238,87,89,180,180,211,211,143,143,152,162,116,118,181,183,92,98,125,131,103,105,114,118,161,161,231,231,194,194,187,187,115,115,154,154,89,91,88,90,135,141,150,150,87,87,191,195,101,103,158,161,144,168,140,150,168,176,89,91,92,94,163,175,140,146,172,172,108,110,102,106,83,83,256,262,89,93,143,143,124,124,240,240,144,154,118,130,250,252,142,142,155,155,136,138,149,151,,,,,,,,,,,,,,,,,,,,,,,,,,,,,,,,,,,,,,,,,,,,,,,,,,,,,,,,,
GNP,plains,,Davis,2022,MASTER_GNP bison_genetic data,989002004995710,1103,,165,165,191,193,241,271,250,250,87,89,180,198,205,207,129,143,158,158,108,118,179,181,104,92,127,131,103,103,118,118,161,161,225,229,194,202,187,187,108,115,158,158,89,91,88,90,135,135,146,146,89,91,189,189,99,99,143,160,162,164,140,148,168,186,89,89,92,92,167,175,140,140,172,176,108,112,106,106,83,83,260,262,101,97,143,143,122,124,228,236,154,156,130,130,250,254,142,142,155,159,138,138,143,149,,,,,,,,,,,,,,,,,,,,,,,,,,,,,,,,,,,,,,,,,,,,,,,,,,,,,,,,,
GNP,plains,,Davis,2022,MASTER_GNP bison_genetic data,989002004996857,814,,161,173,179,191,241,271,238,238,87,89,184,198,201,211,143,143,150,164,116,118,165,181,98,98,129,131,103,105,114,114,161,167,231,231,194,194,179,187,113,115,154,154,89,91,90,90,135,147,146,146,85,89,191,195,95,99,160,161,168,168,148,150,168,186,89,89,92,95,167,175,146,146,172,180,106,106,104,104,81,83,260,262,91,93,143,145,122,122,228,240,154,156,130,130,246,254,150,150,153,155,136,136,149,151,,,,,,,,,,,,,,,,,,,,,,,,,,,,,,,,,,,,,,,,,,,,,,,,,,,,,,,,,
GNP,plains,,Davis,2022,MASTER_GNP bison_genetic data,989002004997164,947,,161,165,179,191,241,253,238,250,87,89,180,198,205,211,143,149,150,152,108,118,165,179,98,98,125,131,103,103,118,118,167,167,231,231,194,200,185,185,108,115,154,154,91,91,90,90,135,135,146,146,87,91,189,195,103,95,161,161,144,144,140,140,170,170,89,89,92,95,163,165,140,150,172,174,108,108,104,104,83,83,262,262,101,89,143,143,122,124,228,228,154,154,130,134,250,252,138,150,153,157,134,138,151,151,,,,,,,,,,,,,,,,,,,,,,,,,,,,,,,,,,,,,,,,,,,,,,,,,,,,,,,,,
GNP,plains,,Davis,2022,MASTER_GNP bison_genetic data,989002004997293,873,,165,165,179,191,253,271,238,250,87,89,180,180,205,211,129,149,150,158,118,118,179,183,96,98,123,129,103,103,118,118,161,167,229,229,194,194,175,185,113,115,154,160,89,91,88,88,135,141,146,146,87,87,189,189,101,99,143,158,142,164,127,140,170,172,89,89,91,92,159,175,140,140,174,180,108,108,102,104,81,83,262,262,93,97,143,143,124,124,236,236,144,158,118,130,250,250,148,148,153,155,136,138,145,149,,,,,,,,,,,,,,,,,,,,,,,,,,,,,,,,,,,,,,,,,,,,,,,,,,,,,,,,,
GNP,plains,,Davis,2022,MASTER_GNP bison_genetic data,989002004997297,936,,161,173,191,191,241,271,232,252,87,87,184,190,201,215,143,143,150,158,108,116,179,181,98,98,127,131,103,103,114,114,161,167,231,231,194,194,187,187,113,113,154,158,89,91,100,90,135,135,146,146,85,91,189,195,95,95,143,160,168,170,127,148,168,176,89,89,95,95,167,175,146,146,172,172,108,108,104,104,81,83,260,260,101,91,143,143,122,124,228,238,156,160,130,130,246,254,142,150,153,159,136,136,149,151,,,,,,,,,,,,,,,,,,,,,,,,,,,,,,,,,,,,,,,,,,,,,,,,,,,,,,,,,
GNP,plains,,Davis,2022,MASTER_GNP bison_genetic data,989002004998370,815,,161,173,181,191,241,241,238,238,87,87,180,198,205,205,143,143,158,162,118,118,179,183,92,92,131,131,103,103,114,114,161,161,229,231,194,194,185,191,113,115,154,158,91,91,90,90,135,147,146,146,87,91,189,191,101,95,143,143,158,170,148,148,168,170,89,89,92,92,167,175,146,146,172,176,108,108,102,102,81,83,262,262,101,91,143,147,122,126,228,228,144,156,130,134,246,254,148,150,153,155,134,138,149,149,,,,,,,,,,,,,,,,,,,,,,,,,,,,,,,,,,,,,,,,,,,,,,,,,,,,,,,,,
GNP,plains,,Davis,2022,MASTER_GNP bison_genetic data,989002004998783,816,,161,161,177,181,241,245,232,252,85,87,180,184,205,207,143,149,150,164,108,116,179,185,92,92,123,127,103,107,118,122,161,167,229,231,200,200,179,185,115,115,158,158,91,91,88,88,147,147,146,148,87,91,189,195,95,99,143,161,162,170,142,148,168,170,83,89,92,94,175,177,146,150,172,176,106,108,102,106,81,83,262,262,101,97,143,143,124,124,240,240,154,158,130,130,246,250,142,148,153,155,136,138,149,149,,,,,,,,,,,,,,,,,,,,,,,,,,,,,,,,,,,,,,,,,,,,,,,,,,,,,,,,,
GNP,plains,,Davis,2022,MASTER_GNP bison_genetic data,989002004998810,817,,161,165,179,191,241,253,250,254,85,87,192,198,205,211,129,149,158,158,108,114,179,179,92,98,125,131,103,103,118,118,161,167,229,231,194,194,179,187,113,115,154,158,89,91,88,88,135,147,146,146,91,91,189,191,95,99,160,170,142,158,142,150,172,172,89,89,92,95,175,177,140,146,172,172,108,108,104,104,81,81,262,262,93,97,143,145,124,124,236,240,144,154,130,134,254,254,138,142,153,155,136,136,149,151,,,,,,,,,,,,,,,,,,,,,,,,,,,,,,,,,,,,,,,,,,,,,,,,,,,,,,,,,
GNP,plains,,Davis,2022,MASTER_GNP bison_genetic data,989002004998830,1055,,165,173,191,191,241,245,238,250,87,89,180,184,205,205,143,143,150,150,114,118,165,181,104,98,127,131,103,103,122,122,161,167,229,231,200,202,179,185,115,115,156,158,89,89,102,90,135,135,146,150,87,87,195,195,95,95,158,161,162,168,140,150,172,176,89,89,92,92,163,163,140,146,174,180,106,108,102,104,81,81,262,262,91,93,143,143,124,124,240,240,154,156,130,134,250,254,142,150,153,155,136,136,149,149,,,,,,,,,,,,,,,,,,,,,,,,,,,,,,,,,,,,,,,,,,,,,,,,,,,,,,,,,
GNP,plains,,Davis,2022,MASTER_GNP bison_genetic data,989002004998891,940,,161,173,181,191,241,249,238,238,87,91,184,198,205,211,143,149,158,158,118,118,179,185,104,92,127,131,103,103,118,118,161,161,229,231,194,194,187,187,115,115,154,158,91,91,88,88,135,135,146,146,89,89,191,191,95,99,161,170,162,164,140,140,168,186,89,89,91,92,163,173,146,146,172,172,106,106,102,102,81,83,260,262,91,93,143,147,122,126,240,240,160,160,118,134,250,254,142,150,153,155,136,136,149,151,,,,,,,,,,,,,,,,,,,,,,,,,,,,,,,,,,,,,,,,,,,,,,,,,,,,,,,,,
GNP,plains,,Davis,2022,MASTER_GNP bison_genetic data,989002004999112,896,,161,165,191,191,241,241,238,238,87,87,184,198,202,205,143,149,152,158,108,118,179,181,96,98,127,131,103,103,118,118,161,167,229,231,194,194,185,187,113,115,154,154,91,91,88,90,135,135,146,146,87,91,189,195,95,95,143,161,158,170,140,140,168,170,89,89,92,95,163,177,146,150,172,172,108,108,100,106,81,83,260,262,89,93,143,143,124,124,228,240,154,154,130,130,250,250,142,150,155,155,136,138,151,151,,,,,,,,,,,,,,,,,,,,,,,,,,,,,,,,,,,,,,,,,,,,,,,,,,,,,,,,,
GNP,plains,,Davis,2022,MASTER_GNP bison_genetic data,989002005000236,818,,161,173,191,191,245,249,238,238,87,89,180,198,202,211,143,143,162,162,118,118,179,179,92,98,125,129,104,105,122,122,161,167,231,231,194,200,187,187,115,115,154,158,91,91,90,90,135,135,146,150,87,91,195,195,95,99,143,158,144,168,140,140,168,172,83,89,92,95,163,163,146,146,172,180,108,108,104,104,83,83,262,262,89,89,147,147,124,124,240,240,158,158,130,130,250,254,142,150,153,155,136,136,149,149,,,,,,,,,,,,,,,,,,,,,,,,,,,,,,,,,,,,,,,,,,,,,,,,,,,,,,,,,
GNP,plains,,Davis,2022,MASTER_GNP bison_genetic data,989002005000398,1095,,161,161,177,191,245,249,238,250,87,87,180,196,211,211,129,149,150,158,114,116,165,179,96,98,127,131,103,105,118,118,167,167,229,229,194,202,175,175,108,113,158,160,91,91,88,88,135,141,146,150,87,87,191,195,95,99,160,160,158,168,127,140,170,170,83,89,92,92,175,175,146,146,172,178,108,110,104,104,81,83,260,262,101,105,147,147,124,124,228,240,144,156,130,130,246,250,142,150,155,155,136,138,149,151,,,,,,,,,,,,,,,,,,,,,,,,,,,,,,,,,,,,,,,,,,,,,,,,,,,,,,,,,
GNP,plains,,Davis,2022,MASTER_GNP bison_genetic data,989002005000409,911,,165,173,191,193,241,249,238,250,87,87,180,198,205,215,129,149,150,158,118,118,181,181,104,98,125,127,103,105,114,118,167,167,229,233,194,200,179,187,108,113,154,154,89,91,88,90,135,147,146,146,89,91,191,191,95,95,160,160,162,162,140,140,168,186,83,89,92,92,173,175,140,146,172,172,106,108,102,106,81,83,260,262,105,89,143,147,124,124,238,240,154,160,130,134,250,250,142,150,155,155,138,138,143,149,,,,,,,,,,,,,,,,,,,,,,,,,,,,,,,,,,,,,,,,,,,,,,,,,,,,,,,,,
GNP,plains,,Davis,2022,MASTER_GNP bison_genetic data,989002005000428,887,,161,165,191,191,241,253,238,238,87,89,192,198,211,211,143,149,158,158,116,118,179,185,104,98,131,131,103,105,104,118,161,167,231,233,194,200,185,187,108,115,158,158,89,89,88,90,135,135,146,150,87,87,195,195,95,97,160,161,162,168,150,150,168,170,89,89,91,95,175,175,146,146,172,180,108,108,102,104,81,83,260,262,89,93,145,147,122,124,240,240,144,144,130,130,250,252,142,142,157,159,136,138,149,149,,,,,,,,,,,,,,,,,,,,,,,,,,,,,,,,,,,,,,,,,,,,,,,,,,,,,,,,,
GNP,plains,,Davis,2022,MASTER_GNP bison_genetic data,989002005000450,1056,,161,161,191,191,245,271,238,238,87,89,180,198,202,211,143,143,150,162,118,118,179,183,92,98,125,131,103,105,122,122,161,161,231,231,200,202,185,187,108,115,154,158,91,91,90,90,135,135,146,154,87,91,191,195,95,99,143,158,144,158,140,148,172,172,83,95,95,95,163,163,140,146,172,180,108,108,104,104,83,83,260,262,89,97,143,147,124,126,236,240,156,158,130,134,250,254,138,150,153,155,136,136,149,151,,,,,,,,,,,,,,,,,,,,,,,,,,,,,,,,,,,,,,,,,,,,,,,,,,,,,,,,,
GNP,plains,,Davis,2022,MASTER_GNP bison_genetic data,989002005000472,1086,,165,165,181,191,241,253,250,252,87,87,184,198,211,215,129,149,156,158,114,118,179,179,92,98,125,131,103,107,114,114,161,167,229,231,194,202,175,187,108,108,154,154,91,91,88,90,135,135,150,150,89,89,191,191,101,99,160,160,162,170,140,150,186,186,89,91,92,92,163,173,140,146,172,172,106,108,104,106,83,83,262,262,105,93,143,147,124,124,240,240,154,156,130,130,250,254,142,148,155,159,134,138,149,151,,,,,,,,,,,,,,,,,,,,,,,,,,,,,,,,,,,,,,,,,,,,,,,,,,,,,,,,,
GNP,plains,,Davis,2022,MASTER_GNP bison_genetic data,989002005000480,919,,161,161,191,191,249,249,232,250,85,89,180,180,211,215,149,149,152,164,108,116,179,181,96,98,125,127,103,103,118,118,161,167,229,231,194,194,175,185,113,115,154,158,89,91,88,88,135,135,146,150,91,91,191,195,101,95,143,161,158,158,140,140,168,176,83,89,92,95,163,167,146,146,172,172,106,108,102,102,81,83,262,262,101,89,143,143,122,124,228,240,154,154,118,130,250,254,142,142,153,157,136,138,145,151,,,,,,,,,,,,,,,,,,,,,,,,,,,,,,,,,,,,,,,,,,,,,,,,,,,,,,,,,
GNP,plains,,Davis,2022,MASTER_GNP bison_genetic data,989002005000586,1084,,161,161,177,181,241,241,238,238,87,87,180,198,211,215,143,149,150,150,108,118,179,183,92,96,125,131,103,107,114,114,161,161,229,229,194,200,175,191,108,108,158,160,89,91,88,90,135,135,146,146,87,91,191,191,95,99,143,161,162,170,140,150,170,172,83,89,91,92,175,177,140,146,172,176,106,108,102,102,81,83,262,262,101,93,143,143,122,124,228,228,156,158,130,134,246,254,142,148,151,153,138,138,149,151,,,,,,,,,,,,,,,,,,,,,,,,,,,,,,,,,,,,,,,,,,,,,,,,,,,,,,,,,
GNP,plains,,Davis,2022,MASTER_GNP bison_genetic data,989002005686004,900,,161,173,191,191,241,241,232,252,87,87,192,198,205,207,143,143,150,158,114,118,181,185,92,92,129,131,103,103,122,122,161,167,229,231,194,194,187,187,115,115,154,158,91,93,88,88,135,135,146,148,87,87,191,191,101,95,158,161,162,168,148,148,168,172,89,89,92,95,173,175,146,146,172,174,108,112,104,104,81,81,260,262,89,97,143,143,124,124,228,240,154,156,118,130,250,254,142,142,155,157,136,138,149,149,,,,,,,,,,,,,,,,,,,,,,,,,,,,,,,,,,,,,,,,,,,,,,,,,,,,,,,,,
GNP,plains,,Davis,2022,MASTER_GNP bison_genetic data,989002005715301,924,,165,165,181,191,241,247,238,238,85,91,180,198,205,207,129,143,150,158,118,118,179,183,104,92,127,129,103,103,118,122,161,161,229,231,194,200,185,185,108,115,158,158,91,91,88,88,135,135,146,150,91,91,189,191,95,95,158,170,162,170,140,140,170,170,83,89,92,92,175,177,140,150,176,180,108,108,102,106,81,83,262,262,89,93,143,143,122,122,228,240,144,144,130,130,246,252,142,150,153,155,136,138,149,149,,,,,,,,,,,,,,,,,,,,,,,,,,,,,,,,,,,,,,,,,,,,,,,,,,,,,,,,,
GNP,plains,,Davis,2022,MASTER_GNP bison_genetic data,989002005729224,1077,,161,165,191,191,241,241,232,238,87,87,184,192,211,215,149,149,158,164,114,116,179,181,98,98,127,127,104,104,114,114,161,167,231,231,194,200,179,187,113,115,154,158,91,91,88,88,135,135,146,146,87,89,191,195,95,95,143,160,158,158,127,140,168,186,83,89,92,95,173,173,146,150,172,178,106,106,102,102,81,83,260,260,89,89,143,143,122,124,228,240,154,156,130,130,250,254,148,150,155,155,136,136,149,151,,,,,,,,,,,,,,,,,,,,,,,,,,,,,,,,,,,,,,,,,,,,,,,,,,,,,,,,,
GNP,plains,,Davis,2022,MASTER_GNP bison_genetic data,989002005732341,1104,,161,165,181,191,247,253,250,250,85,87,180,198,205,205,129,143,158,158,108,118,179,181,104,96,123,129,103,103,118,118,161,161,225,231,194,194,175,179,115,115,158,160,91,91,88,88,135,147,146,150,87,87,189,189,95,99,160,161,144,164,127,140,168,170,89,89,91,94,159,177,140,146,176,180,108,108,102,106,83,83,260,262,93,97,143,143,122,124,236,240,154,156,130,130,250,250,148,148,155,155,136,136,149,149,,,,,,,,,,,,,,,,,,,,,,,,,,,,,,,,,,,,,,,,,,,,,,,,,,,,,,,,,
GNP,plains,,Davis,2022,MASTER_GNP bison_genetic data,989002005740182,1054,,161,165,191,191,247,249,250,250,85,89,180,180,211,211,149,149,156,158,116,118,165,179,104,92,125,127,103,103,118,118,161,167,229,231,194,202,175,185,113,115,158,158,89,89,100,88,135,147,146,150,87,91,191,191,95,99,143,160,158,162,140,140,170,176,89,91,92,92,173,177,140,146,180,180,106,108,104,106,81,81,262,262,105,89,143,143,122,124,238,240,154,154,130,130,250,254,142,142,153,159,136,138,149,151,,,,,,,,,,,,,,,,,,,,,,,,,,,,,,,,,,,,,,,,,,,,,,,,,,,,,,,,,
GNP,plains,,Davis,2022,MASTER_GNP bison_genetic data,989002005740468,975,,165,173,177,191,241,271,250,250,85,87,184,196,205,211,149,149,158,162,114,118,179,181,98,98,127,129,103,103,104,104,161,161,229,231,194,200,175,187,108,115,158,158,91,91,88,88,135,135,146,150,87,91,191,195,101,101,143,160,164,170,127,127,168,168,89,89,92,95,167,175,140,146,172,172,108,108,106,106,81,83,256,262,91,93,143,147,122,124,240,240,156,158,130,130,250,252,142,142,155,155,136,138,149,151,,,,,,,,,,,,,,,,,,,,,,,,,,,,,,,,,,,,,,,,,,,,,,,,,,,,,,,,,
GNP,plains,,Davis,2022,MASTER_GNP bison_genetic data,989002005741887,819,,161,173,177,181,245,271,232,252,87,87,184,192,205,207,143,149,152,162,116,118,165,183,104,92,131,131,103,103,118,118,161,167,229,231,194,202,175,179,113,115,156,160,89,91,102,88,135,147,146,146,87,91,195,195,95,99,160,161,156,170,140,140,168,170,89,89,92,92,163,173,146,146,172,172,106,108,104,104,81,83,262,262,89,93,143,143,124,124,228,240,154,154,130,134,254,254,142,150,153,155,134,136,149,149,,,,,,,,,,,,,,,,,,,,,,,,,,,,,,,,,,,,,,,,,,,,,,,,,,,,,,,,,
GNP,plains,,Davis,2022,MASTER_GNP bison_genetic data,989002005742320,1107,,161,165,179,191,241,241,238,238,87,91,180,180,205,211,129,143,150,158,114,114,179,179,104,92,129,131,103,103,118,118,161,167,233,233,194,194,185,187,113,113,154,158,89,91,88,90,135,135,146,150,87,91,189,189,95,99,143,158,168,170,140,150,168,172,89,89,92,92,163,173,140,146,172,172,108,108,102,112,81,83,262,262,93,93,143,143,122,122,236,240,144,154,130,130,250,254,142,142,153,155,136,136,149,151,,,,,,,,,,,,,,,,,,,,,,,,,,,,,,,,,,,,,,,,,,,,,,,,,,,,,,,,,
GNP,plains,,Davis,2022,MASTER_GNP bison_genetic data,989002005744706,1079,,161,161,191,191,241,245,232,238,87,89,184,184,211,211,143,143,158,164,118,118,181,181,96,98,131,131,105,105,104,122,161,165,231,231,194,200,181,185,115,115,154,160,89,91,100,90,135,135,146,146,87,87,191,195,95,97,143,161,162,168,148,150,168,186,83,83,91,92,175,177,140,146,172,172,108,108,104,104,81,81,262,262,105,93,143,143,124,132,236,240,156,158,130,130,250,250,142,150,157,157,136,136,151,151,,,,,,,,,,,,,,,,,,,,,,,,,,,,,,,,,,,,,,,,,,,,,,,,,,,,,,,,,
GNP,plains,,Davis,2022,MASTER_GNP bison_genetic data,989002005744718,980,,165,173,181,191,241,253,232,250,87,87,180,198,205,211,129,143,142,158,108,114,179,183,92,96,127,131,105,107,114,118,161,161,229,229,194,200,185,187,108,115,154,156,91,91,88,90,137,147,146,146,87,91,189,195,99,99,143,160,160,162,127,140,174,186,89,89,92,94,173,175,146,146,172,172,106,108,104,104,81,83,260,262,101,89,143,143,124,126,236,236,144,156,130,134,252,254,142,150,153,155,136,138,149,151,,,,,,,,,,,,,,,,,,,,,,,,,,,,,,,,,,,,,,,,,,,,,,,,,,,,,,,,,
GNP,plains,,Davis,2022,MASTER_GNP bison_genetic data,989002005745470,959,,161,165,179,179,241,253,238,254,85,85,180,184,211,211,143,149,158,162,108,116,179,181,104,92,131,131,103,105,104,118,161,167,229,229,194,200,187,187,115,115,154,154,91,91,90,90,135,141,146,146,89,91,191,195,101,95,160,170,158,170,127,142,170,170,83,89,92,92,175,177,146,146,172,172,108,108,104,106,83,83,262,262,101,93,143,147,124,124,240,240,154,158,130,130,250,250,142,142,153,155,136,136,149,151,,,,,,,,,,,,,,,,,,,,,,,,,,,,,,,,,,,,,,,,,,,,,,,,,,,,,,,,,
GNP,plains,,Davis,2022,MASTER_GNP bison_genetic data,989002005745476,820,,161,161,177,181,245,253,238,238,87,87,180,198,211,211,127,149,158,158,108,116,179,183,96,96,125,127,103,103,118,122,161,167,229,231,194,202,175,175,113,115,158,158,89,91,90,90,135,135,146,154,87,91,189,191,99,99,161,170,164,170,140,150,168,186,89,89,92,95,175,177,146,150,172,178,106,108,104,106,83,83,260,262,93,97,143,147,124,124,236,240,144,154,130,130,246,250,142,142,155,159,134,136,143,149,,,,,,,,,,,,,,,,,,,,,,,,,,,,,,,,,,,,,,,,,,,,,,,,,,,,,,,,,
GNP,plains,,Davis,2022,MASTER_GNP bison_genetic data,989002005745703,888,,161,165,177,179,241,241,238,238,89,89,180,192,202,211,143,149,158,162,108,114,179,181,104,98,129,131,103,104,122,122,161,161,225,231,194,200,175,185,115,115,154,158,89,91,88,90,135,141,148,150,85,87,189,195,103,99,143,160,164,168,127,140,168,172,83,89,92,92,175,175,140,150,172,172,108,108,104,104,83,83,262,262,89,97,143,143,122,124,236,240,154,156,130,134,250,250,142,148,155,159,136,136,149,149,,,,,,,,,,,,,,,,,,,,,,,,,,,,,,,,,,,,,,,,,,,,,,,,,,,,,,,,,
GNP,plains,,Davis,2022,MASTER_GNP bison_genetic data,989002005745994,821,,161,173,191,191,241,253,238,238,87,89,184,192,211,211,143,143,150,158,114,114,181,181,98,98,131,131,103,103,122,122,161,167,231,231,194,200,181,187,115,115,154,158,91,91,88,90,135,135,146,146,87,87,191,195,101,95,158,161,142,162,150,150,168,168,83,89,92,92,167,175,140,146,174,180,106,108,104,104,81,81,260,262,93,93,143,145,122,122,224,236,156,156,130,130,250,252,142,148,155,157,134,136,149,151,,,,,,,,,,,,,,,,,,,,,,,,,,,,,,,,,,,,,,,,,,,,,,,,,,,,,,,,,
GNP,plains,,Davis,2022,MASTER_GNP bison_genetic data,989002005746140,1101,,161,161,179,181,245,271,250,250,87,87,184,184,205,205,127,149,150,158,108,114,179,179,96,98,129,131,103,105,122,122,161,167,229,229,194,200,187,187,113,115,158,158,91,91,102,88,135,147,146,148,87,91,189,191,101,99,143,160,156,162,127,148,170,170,83,89,92,95,163,175,146,148,172,172,106,108,102,102,81,83,262,262,101,91,143,147,124,124,228,228,156,158,130,130,246,254,148,150,153,157,136,138,149,151,,,,,,,,,,,,,,,,,,,,,,,,,,,,,,,,,,,,,,,,,,,,,,,,,,,,,,,,,
GNP,plains,,Davis,2022,MASTER_GNP bison_genetic data,989002005746596,822,,161,161,179,181,241,271,232,238,85,87,184,196,211,215,129,149,150,152,116,116,165,183,92,98,127,131,103,103,122,122,161,161,231,231,200,200,181,187,115,115,154,158,91,91,90,90,135,141,146,146,85,91,195,195,101,99,160,160,158,160,140,148,172,176,83,89,92,95,175,175,146,146,172,180,106,108,104,104,83,83,262,262,97,97,143,147,124,124,238,240,144,158,130,130,250,250,142,150,153,155,136,136,149,149,,,,,,,,,,,,,,,,,,,,,,,,,,,,,,,,,,,,,,,,,,,,,,,,,,,,,,,,,
GNP,plains,,Davis,2022,MASTER_GNP bison_genetic data,989002005747521,1043,,161,165,179,191,241,271,250,254,85,89,180,192,205,211,149,149,156,158,108,118,179,181,104,98,131,131,103,105,104,104,161,167,225,229,194,200,175,187,113,115,154,154,91,91,100,90,135,137,146,150,91,91,191,191,95,99,160,161,142,158,142,150,170,186,83,89,92,92,175,177,146,146,172,174,106,108,104,104,81,83,262,262,101,105,147,147,124,124,240,240,154,158,130,130,250,250,142,142,153,157,136,136,149,149,,,,,,,,,,,,,,,,,,,,,,,,,,,,,,,,,,,,,,,,,,,,,,,,,,,,,,,,,
GNP,plains,,Davis,2022,MASTER_GNP bison_genetic data,989002005748287,874,,161,173,191,191,241,241,238,252,87,91,180,198,205,211,143,143,158,158,118,118,179,185,92,92,127,131,103,103,114,114,161,167,229,231,194,194,187,187,115,115,154,156,91,91,88,90,135,135,146,150,85,87,191,191,103,95,158,170,164,168,127,140,168,172,83,89,92,92,165,175,146,146,172,172,106,110,104,104,81,83,260,262,101,89,143,143,122,126,228,240,154,156,130,134,246,250,142,142,155,159,136,138,149,151,,,,,,,,,,,,,,,,,,,,,,,,,,,,,,,,,,,,,,,,,,,,,,,,,,,,,,,,,
GNP,plains,,Davis,2022,MASTER_GNP bison_genetic data,989002005748907,898,,161,173,191,191,245,253,238,252,87,87,184,198,205,211,129,149,158,164,118,118,165,179,92,92,127,131,103,105,118,122,161,161,229,231,194,200,187,191,115,115,156,158,91,91,88,90,135,147,146,150,87,89,195,195,95,95,143,161,164,170,140,140,168,168,89,89,92,95,163,163,146,146,172,172,106,108,102,104,81,81,260,262,101,93,143,147,124,124,238,240,156,158,130,130,246,250,148,150,153,155,136,136,149,151,,,,,,,,,,,,,,,,,,,,,,,,,,,,,,,,,,,,,,,,,,,,,,,,,,,,,,,,,
GNP,plains,,Davis,2022,MASTER_GNP bison_genetic data,989002005749245,823,,161,161,179,191,241,245,238,250,87,89,180,184,205,215,143,149,158,158,118,118,181,185,104,98,125,131,103,105,118,118,161,167,229,229,190,200,179,187,109,115,158,158,89,91,90,90,135,147,150,154,89,91,189,195,95,99,143,158,162,170,140,140,170,186,89,89,92,94,163,175,146,146,172,180,106,108,100,106,81,83,260,262,89,93,143,143,124,124,240,240,154,156,130,130,250,252,142,150,153,155,136,136,149,149,,,,,,,,,,,,,,,,,,,,,,,,,,,,,,,,,,,,,,,,,,,,,,,,,,,,,,,,,
GNP,plains,,Davis,2022,MASTER_GNP bison_genetic data,989002005749693,1081,,161,165,179,191,249,253,238,250,87,87,184,198,211,211,129,143,150,158,114,118,179,181,92,98,127,131,103,105,122,122,161,167,229,231,194,200,185,187,115,115,158,158,91,91,90,90,135,135,146,146,87,91,195,195,95,99,143,161,158,162,142,150,168,174,83,89,95,95,163,175,146,150,172,172,108,108,104,104,83,83,262,262,89,93,143,143,122,124,240,240,158,158,130,130,250,252,142,142,159,159,136,136,149,149,,,,,,,,,,,,,,,,,,,,,,,,,,,,,,,,,,,,,,,,,,,,,,,,,,,,,,,,,
GNP,plains,,Davis,2022,MASTER_GNP bison_genetic data,989002005751183,1072,,165,165,181,191,253,253,232,250,89,89,198,198,202,211,129,143,150,158,114,118,179,181,96,98,131,131,103,103,114,118,167,167,229,229,194,200,185,187,113,115,154,158,91,91,102,88,135,135,146,146,87,91,195,195,99,99,160,161,158,164,140,140,168,176,83,91,92,92,163,163,140,146,172,172,108,108,104,106,81,83,262,262,89,89,143,147,124,124,228,238,154,154,130,130,246,250,142,148,153,159,136,136,149,149,,,,,,,,,,,,,,,,,,,,,,,,,,,,,,,,,,,,,,,,,,,,,,,,,,,,,,,,,
GNP,plains,,Davis,2022,MASTER_GNP bison_genetic data,989002005751426,824,,161,161,191,191,241,271,238,250,87,87,180,196,205,211,129,129,150,164,108,118,179,183,104,98,127,131,103,103,118,118,161,161,233,233,194,200,175,187,109,113,154,156,89,91,88,90,135,135,146,154,87,91,191,195,95,99,160,161,158,164,127,150,168,172,83,89,92,92,163,167,140,146,172,172,106,108,104,104,81,83,262,262,93,93,143,147,122,124,236,236,158,160,130,134,246,250,142,150,153,155,136,136,149,149,,,,,,,,,,,,,,,,,,,,,,,,,,,,,,,,,,,,,,,,,,,,,,,,,,,,,,,,,
GNP,plains,,Davis,2022,MASTER_GNP bison_genetic data,989002005751610,957,,161,161,177,191,241,249,238,238,85,85,184,196,205,211,129,149,150,158,114,116,179,183,92,96,127,131,103,103,118,122,161,167,229,231,202,202,175,187,115,115,156,156,91,91,88,88,135,141,150,154,87,87,191,195,95,99,160,160,164,168,127,150,170,174,83,83,95,95,175,175,140,150,176,178,106,110,104,104,81,83,262,262,105,93,143,143,122,124,228,236,154,156,130,130,250,250,148,150,155,159,134,138,143,149,,,,,,,,,,,,,,,,,,,,,,,,,,,,,,,,,,,,,,,,,,,,,,,,,,,,,,,,,
GNP,plains,,Davis,2022,MASTER_GNP bison_genetic data,989002005751866,942,,161,173,191,191,241,271,250,250,87,87,198,198,202,205,143,149,142,156,118,118,181,183,104,98,127,127,103,105,118,118,161,167,229,231,194,200,179,187,113,115,154,156,89,91,102,90,135,135,146,146,91,91,191,191,101,95,143,143,156,168,140,148,170,172,83,89,92,92,163,167,140,148,172,180,106,108,104,104,83,83,260,262,101,93,143,147,124,124,238,240,154,158,130,130,250,254,142,148,153,155,136,138,149,151,,,,,,,,,,,,,,,,,,,,,,,,,,,,,,,,,,,,,,,,,,,,,,,,,,,,,,,,,
GNP,plains,,Davis,2022,MASTER_GNP bison_genetic data,989002005752433,825,,161,165,191,191,241,249,238,250,87,87,184,198,205,211,129,143,156,162,108,114,179,181,104,98,127,127,103,103,118,122,161,167,229,231,200,202,175,179,115,115,156,158,89,91,102,90,135,137,146,148,87,91,195,195,95,99,160,160,144,156,140,150,168,168,83,89,92,95,167,177,146,146,176,178,106,108,102,104,81,83,262,262,101,89,143,147,122,124,238,238,154,156,130,130,250,250,142,148,155,159,136,136,149,151,,,,,,,,,,,,,,,,,,,,,,,,,,,,,,,,,,,,,,,,,,,,,,,,,,,,,,,,,
GNP,plains,,Davis,2022,MASTER_GNP bison_genetic data,989002005752611,1029,,161,161,177,193,241,247,238,238,85,89,180,192,205,207,127,149,150,164,108,118,181,183,96,98,123,125,103,103,118,118,161,167,229,229,194,202,175,175,108,108,154,160,91,91,88,88,135,141,146,146,87,91,189,189,101,99,160,160,158,164,127,140,168,170,89,89,92,94,175,175,146,148,172,176,108,108,106,106,81,83,262,262,93,93,143,143,124,124,228,236,156,158,130,134,250,250,142,150,155,159,136,136,143,145,,,,,,,,,,,,,,,,,,,,,,,,,,,,,,,,,,,,,,,,,,,,,,,,,,,,,,,,,
GNP,plains,,Davis,2022,MASTER_GNP bison_genetic data,989002005752739,826,,161,173,181,191,241,241,232,252,87,91,184,198,205,211,129,149,150,158,108,116,179,181,92,92,127,127,103,103,114,118,161,167,229,231,194,194,187,187,113,115,154,160,89,91,88,88,135,147,146,146,89,91,195,195,99,99,143,143,162,164,140,148,170,186,89,89,92,92,173,175,146,146,172,172,106,106,102,104,81,83,260,262,101,93,143,143,122,126,238,240,156,158,130,134,246,254,142,142,153,155,136,136,145,149,,,,,,,,,,,,,,,,,,,,,,,,,,,,,,,,,,,,,,,,,,,,,,,,,,,,,,,,,
GNP,plains,,Davis,2022,MASTER_GNP bison_genetic data,989002005752853,875,,161,161,191,191,241,249,238,250,87,87,184,196,205,205,129,129,150,158,114,114,181,181,104,92,127,129,103,105,114,114,161,167,229,231,200,200,185,187,113,115,158,160,89,91,90,90,135,135,146,146,87,91,189,191,95,99,160,161,164,170,140,150,168,168,83,89,92,95,177,177,148,150,172,172,108,108,112,112,81,83,262,262,93,97,143,143,124,124,236,240,144,156,130,130,250,254,142,142,153,159,136,140,149,151,,,,,,,,,,,,,,,,,,,,,,,,,,,,,,,,,,,,,,,,,,,,,,,,,,,,,,,,,
GNP,plains,,Davis,2022,MASTER_GNP bison_genetic data,989002005752915,1087,,165,165,179,191,241,241,238,238,87,87,180,180,205,211,143,149,150,164,116,118,179,181,92,92,125,127,103,103,118,118,161,167,229,231,194,194,187,187,115,115,154,158,89,91,90,90,135,137,146,148,87,87,195,195,95,99,143,160,144,170,127,140,168,170,89,89,91,95,165,175,146,146,172,178,108,108,104,104,83,83,262,262,105,93,143,143,124,124,240,240,154,154,130,134,250,254,142,150,155,155,136,136,149,149,,,,,,,,,,,,,,,,,,,,,,,,,,,,,,,,,,,,,,,,,,,,,,,,,,,,,,,,,
GNP,plains,,Davis,2022,MASTER_GNP bison_genetic data,989002005753007,827,,161,161,179,191,241,253,250,250,87,87,180,198,205,211,129,129,150,162,108,118,179,181,92,96,127,131,103,103,114,114,161,167,229,229,194,200,185,187,115,115,158,158,91,91,88,90,135,135,150,150,87,89,191,195,95,95,143,170,158,170,142,148,168,170,89,89,92,92,159,175,146,146,172,172,106,108,106,106,81,83,260,262,101,89,143,147,122,124,238,240,154,158,130,130,250,254,142,142,153,155,136,136,149,151,,,,,,,,,,,,,,,,,,,,,,,,,,,,,,,,,,,,,,,,,,,,,,,,,,,,,,,,,
GNP,plains,,Davis,2022,MASTER_GNP bison_genetic data,989002005753104,1032,,161,165,179,191,253,271,250,250,87,87,180,184,205,205,129,143,150,150,118,118,179,181,104,92,127,129,105,107,104,118,161,167,229,231,194,194,185,185,115,115,154,154,89,91,88,90,135,141,146,150,87,91,189,195,101,95,160,170,142,170,140,150,168,170,89,89,92,92,175,177,146,150,172,180,108,108,104,106,81,83,262,262,89,93,143,143,124,124,228,240,144,144,130,130,250,250,142,148,153,155,136,138,149,149,,,,,,,,,,,,,,,,,,,,,,,,,,,,,,,,,,,,,,,,,,,,,,,,,,,,,,,,,
GNP,plains,,Davis,2022,MASTER_GNP bison_genetic data,989002005755271,960,,161,173,181,191,249,271,250,250,87,89,180,184,205,207,149,149,162,162,108,114,179,183,98,98,127,131,103,104,114,114,161,167,231,231,194,194,175,185,108,115,154,160,91,91,88,88,135,147,146,148,87,91,191,195,101,101,143,161,156,168,140,140,168,170,89,89,92,95,159,173,146,148,172,178,108,110,104,104,81,83,256,256,91,91,143,143,124,124,228,240,156,156,118,130,254,254,142,150,153,155,136,138,149,151,,,,,,,,,,,,,,,,,,,,,,,,,,,,,,,,,,,,,,,,,,,,,,,,,,,,,,,,,
GNP,plains,,Davis,2022,MASTER_GNP bison_genetic data,989002005755502,978,,161,173,181,181,241,249,238,252,85,89,180,184,205,205,143,149,150,150,116,118,165,183,104,96,131,131,103,103,122,122,167,167,229,231,194,200,179,187,115,115,154,158,89,89,102,90,135,135,146,146,87,89,191,195,99,99,158,160,162,162,140,148,168,172,89,91,91,92,163,163,146,150,172,180,108,108,102,104,83,83,262,262,89,91,143,145,124,124,240,240,154,158,130,134,250,254,142,142,155,155,136,136,149,149,,,,,,,,,,,,,,,,,,,,,,,,,,,,,,,,,,,,,,,,,,,,,,,,,,,,,,,,,
GNP,plains,,Davis,2022,MASTER_GNP bison_genetic data,989002005755514,1005,,161,165,191,191,241,245,238,250,89,89,184,198,205,211,143,143,158,158,118,118,181,183,98,98,127,131,103,105,114,114,161,165,231,231,194,194,185,187,108,115,154,158,91,93,90,90,135,135,146,150,87,91,191,195,95,99,143,143,162,170,150,150,168,170,89,89,91,92,175,175,146,146,172,172,106,106,102,102,81,83,262,262,93,93,143,147,124,132,238,240,144,156,130,130,250,250,142,142,157,159,136,136,149,151,,,,,,,,,,,,,,,,,,,,,,,,,,,,,,,,,,,,,,,,,,,,,,,,,,,,,,,,,
GNP,plains,,Davis,2022,MASTER_GNP bison_genetic data,989002005755548,899,,161,173,181,191,245,253,232,252,87,89,184,192,205,205,143,149,150,156,108,118,165,181,104,104,127,129,103,103,118,118,161,167,231,231,200,202,175,185,115,115,158,158,89,91,102,90,135,147,146,150,87,91,191,195,101,99,160,160,162,168,127,140,168,172,83,89,92,95,163,177,140,146,172,178,106,108,102,102,81,81,262,262,105,89,143,145,124,124,228,240,154,156,130,134,250,254,142,142,155,155,136,138,149,149,,,,,,,,,,,,,,,,,,,,,,,,,,,,,,,,,,,,,,,,,,,,,,,,,,,,,,,,,
GNP,plains,,Davis,2022,MASTER_GNP bison_genetic data,989002005755907,907,,165,165,181,191,241,253,232,250,87,89,192,192,211,215,143,143,142,156,114,114,165,181,92,96,127,131,103,103,114,118,161,167,229,231,200,200,175,185,113,115,158,158,91,91,102,88,135,135,146,146,85,87,195,195,101,95,160,160,168,170,140,148,168,186,89,89,91,92,175,175,140,146,172,180,106,108,104,104,83,83,262,262,89,91,145,147,122,124,228,238,154,154,130,134,244,250,142,150,153,159,134,140,149,149,,,,,,,,,,,,,,,,,,,,,,,,,,,,,,,,,,,,,,,,,,,,,,,,,,,,,,,,,
GNP,plains,,Davis,2022,MASTER_GNP bison_genetic data,989002005756102,1073,,161,173,181,191,241,253,238,238,87,87,180,180,207,211,129,143,150,158,108,118,181,181,92,98,127,127,103,103,118,122,161,167,229,231,194,194,175,185,115,115,154,156,89,91,88,90,135,135,146,148,91,91,191,195,95,95,143,160,162,170,140,150,168,176,89,89,91,95,175,177,146,150,172,176,108,108,102,112,81,81,262,262,101,101,143,143,122,124,238,238,154,160,130,130,246,254,142,142,155,159,136,136,149,149,,,,,,,,,,,,,,,,,,,,,,,,,,,,,,,,,,,,,,,,,,,,,,,,,,,,,,,,,
GNP,plains,,Davis,2022,MASTER_GNP bison_genetic data,989002005756446,894,,161,165,191,191,241,271,238,238,89,91,180,184,211,211,143,143,158,164,114,116,183,183,104,98,127,131,103,105,118,122,161,165,231,231,194,200,181,185,108,115,154,154,91,91,90,90,135,137,150,154,87,87,191,195,101,95,143,143,168,168,140,148,172,186,89,95,91,95,159,175,140,140,172,172,106,108,102,106,81,83,262,262,105,97,143,145,122,126,236,240,156,156,130,134,250,250,142,150,155,157,136,136,151,151,,,,,,,,,,,,,,,,,,,,,,,,,,,,,,,,,,,,,,,,,,,,,,,,,,,,,,,,,
GNP,plains,,Davis,2022,MASTER_GNP bison_genetic data,989002005756580,828,,161,161,191,191,241,241,232,238,85,87,180,180,205,207,143,143,158,162,108,118,179,183,92,92,127,127,103,103,104,122,161,167,231,231,194,194,187,191,113,115,156,160,91,91,88,90,135,137,146,148,89,91,189,191,95,99,143,160,158,168,140,150,168,176,83,89,92,95,163,173,146,146,172,176,106,108,102,104,79,81,256,262,89,91,143,143,124,124,228,228,156,158,130,130,246,254,142,150,153,159,136,138,145,149,,,,,,,,,,,,,,,,,,,,,,,,,,,,,,,,,,,,,,,,,,,,,,,,,,,,,,,,,
GNP,plains,,Davis,2022,MASTER_GNP bison_genetic data,989002005757053,891,,161,161,177,179,253,271,250,254,85,87,180,198,205,211,143,149,158,158,118,118,183,183,96,98,123,129,103,103,104,118,167,167,229,231,194,200,175,185,113,113,158,158,91,91,88,88,135,135,146,146,87,91,191,191,101,95,143,170,164,170,127,142,170,170,89,89,92,92,159,175,146,148,172,172,108,108,106,106,81,83,262,262,101,93,143,147,122,124,240,240,144,156,130,130,250,254,142,142,151,155,136,136,149,151,,,,,,,,,,,,,,,,,,,,,,,,,,,,,,,,,,,,,,,,,,,,,,,,,,,,,,,,,
GNP,plains,,Davis,2022,MASTER_GNP bison_genetic data,989002005758493,901,,165,173,179,191,241,271,232,252,87,87,180,198,205,215,129,143,142,158,114,118,165,179,92,92,129,131,103,105,114,118,161,161,231,233,194,194,175,187,115,115,154,158,89,91,88,88,135,135,146,146,89,91,189,189,101,99,160,161,158,164,140,148,168,170,89,89,92,92,173,175,146,146,172,176,106,106,104,112,83,83,260,262,91,97,143,145,122,122,228,228,144,156,130,130,244,250,142,150,155,155,134,138,149,149,,,,,,,,,,,,,,,,,,,,,,,,,,,,,,,,,,,,,,,,,,,,,,,,,,,,,,,,,
GNP,plains,,Davis,2022,MASTER_GNP bison_genetic data,989002005758691,955,,165,165,191,191,245,249,238,238,85,89,180,198,205,215,129,143,150,156,116,118,181,181,104,98,127,131,103,103,118,118,167,167,225,231,194,202,179,187,113,115,156,158,89,89,100,88,135,135,146,146,87,91,191,195,95,95,160,160,156,170,140,150,172,172,89,89,92,95,167,175,146,146,172,180,106,108,102,102,81,85,262,262,89,97,143,143,124,124,236,238,154,156,130,134,250,254,142,142,153,155,136,138,149,151,,,,,,,,,,,,,,,,,,,,,,,,,,,,,,,,,,,,,,,,,,,,,,,,,,,,,,,,,
GNP,plains,,Davis,2022,MASTER_GNP bison_genetic data,989002005758939,1066,,161,173,181,191,249,253,238,250,87,87,180,192,205,211,143,143,150,162,114,118,165,181,104,92,127,131,103,103,122,122,167,167,229,231,194,194,179,185,115,115,158,158,89,91,102,90,135,135,146,146,87,89,189,191,95,95,158,160,162,170,140,140,168,176,83,89,92,95,163,177,146,146,172,172,108,108,102,104,83,83,262,262,91,91,143,143,124,124,236,238,154,158,130,134,250,254,142,142,155,159,136,136,149,149,,,,,,,,,,,,,,,,,,,,,,,,,,,,,,,,,,,,,,,,,,,,,,,,,,,,,,,,,
GNP,plains,,Davis,2022,MASTER_GNP bison_genetic data,989002005758982,829,,165,173,181,191,245,249,250,252,87,89,184,184,205,211,129,143,158,162,114,118,165,179,104,92,131,131,103,103,122,122,161,167,229,229,194,202,179,185,115,115,156,160,89,91,102,88,135,135,146,146,87,91,191,195,95,95,160,160,156,162,127,140,172,174,89,89,92,92,163,175,146,146,172,180,108,108,104,104,83,83,262,262,91,93,143,143,124,124,236,238,154,154,130,134,254,254,142,142,153,159,136,136,149,151,,,,,,,,,,,,,,,,,,,,,,,,,,,,,,,,,,,,,,,,,,,,,,,,,,,,,,,,,
GNP,plains,,Davis,2022,MASTER_GNP bison_genetic data,989002005759235,944,,161,161,191,191,241,241,250,250,87,91,184,184,211,211,149,149,158,158,118,118,179,179,92,96,127,131,103,105,118,118,161,167,229,231,194,194,187,191,108,113,154,158,89,91,88,90,135,135,146,150,87,91,195,195,101,95,143,158,158,170,127,140,168,168,89,89,92,92,175,175,146,146,172,180,108,108,104,104,81,83,262,262,105,93,143,143,122,124,228,228,154,158,130,130,250,252,142,142,155,155,136,136,149,149,,,,,,,,,,,,,,,,,,,,,,,,,,,,,,,,,,,,,,,,,,,,,,,,,,,,,,,,,
GNP,plains,,Davis,2022,MASTER_GNP bison_genetic data,989002005759255,876,,161,165,181,181,241,249,238,250,87,87,184,198,205,211,143,143,142,158,114,118,179,179,92,92,127,129,103,103,122,122,161,161,231,231,194,194,175,185,113,115,154,160,91,91,88,88,135,147,146,146,87,91,191,195,101,95,143,158,158,162,127,140,168,174,89,89,92,92,163,175,140,146,172,172,108,108,102,104,83,83,262,262,93,93,143,143,122,124,228,236,156,156,130,134,254,254,138,150,155,157,136,138,145,151,,,,,,,,,,,,,,,,,,,,,,,,,,,,,,,,,,,,,,,,,,,,,,,,,,,,,,,,,
GNP,plains,,Davis,2022,MASTER_GNP bison_genetic data,989002005759333,830,,161,173,177,191,241,271,238,254,85,91,180,192,207,211,143,143,150,158,118,118,183,185,92,98,127,129,103,103,118,122,161,167,229,231,194,194,175,187,109,109,154,158,91,91,90,90,135,135,146,146,87,87,191,191,95,99,143,143,162,168,140,142,170,186,89,95,94,95,175,177,140,140,172,172,108,110,102,104,81,83,260,262,97,97,143,143,124,126,228,236,154,156,130,134,246,250,138,138,155,159,136,136,149,151,,,,,,,,,,,,,,,,,,,,,,,,,,,,,,,,,,,,,,,,,,,,,,,,,,,,,,,,,
GNP,plains,,Davis,2022,MASTER_GNP bison_genetic data,989002005759338,1111,,173,173,191,191,241,249,238,250,87,87,192,198,205,211,129,149,158,158,118,118,165,179,104,104,127,129,103,103,122,122,161,167,229,229,194,202,179,185,115,115,154,154,89,91,102,102,135,135,146,146,91,91,191,195,101,95,143,143,158,162,148,150,168,168,89,89,92,92,163,167,140,146,172,172,108,108,102,102,81,83,260,262,101,93,143,147,122,124,238,238,154,154,130,134,250,254,142,142,155,155,136,136,149,149,,,,,,,,,,,,,,,,,,,,,,,,,,,,,,,,,,,,,,,,,,,,,,,,,,,,,,,,,
GNP,plains,,Davis,2022,MASTER_GNP bison_genetic data,989002005759544,1051,,161,165,181,191,241,271,238,238,87,91,180,184,207,211,143,149,150,164,116,118,179,181,104,92,125,127,103,105,122,122,161,161,229,229,200,200,187,187,113,115,158,158,91,91,88,90,135,135,146,146,87,87,195,195,95,99,160,161,142,158,140,150,168,176,83,83,92,92,165,175,140,146,172,172,106,108,104,104,83,83,262,262,89,91,143,145,124,124,236,240,144,158,130,130,250,254,138,142,155,159,136,136,149,151,,,,,,,,,,,,,,,,,,,,,,,,,,,,,,,,,,,,,,,,,,,,,,,,,,,,,,,,,
GNP,plains,,Davis,2022,MASTER_GNP bison_genetic data,989002005759922,1108,,161,165,177,191,241,253,238,238,87,87,180,184,202,211,149,149,150,158,108,118,179,181,96,98,131,131,105,107,118,122,161,167,229,229,194,202,175,187,108,113,154,154,89,91,88,90,135,141,146,148,91,91,191,195,103,95,158,160,158,162,127,150,172,174,83,89,92,95,163,165,146,150,172,172,106,106,100,104,83,83,256,262,91,93,143,143,124,124,228,236,156,158,130,134,246,246,142,148,153,155,136,136,149,149,,,,,,,,,,,,,,,,,,,,,,,,,,,,,,,,,,,,,,,,,,,,,,,,,,,,,,,,,
GNP,plains,,Davis,2022,MASTER_GNP bison_genetic data,989002005760005,831,,165,173,191,191,249,271,238,238,87,87,192,198,207,211,143,149,150,150,116,116,165,179,98,98,127,131,103,103,114,122,161,167,231,231,194,194,175,187,115,115,158,158,91,91,88,88,135,147,146,148,89,89,191,195,101,101,154,160,168,170,140,140,168,172,89,89,92,95,167,173,146,146,172,178,106,108,102,112,81,83,260,260,91,93,143,143,122,124,240,240,154,156,130,130,246,254,148,150,153,155,136,136,145,151,,,,,,,,,,,,,,,,,,,,,,,,,,,,,,,,,,,,,,,,,,,,,,,,,,,,,,,,,
GNP,plains,,Davis,2022,MASTER_GNP bison_genetic data,989002005760384,1096,,161,161,179,191,241,253,238,250,87,87,180,198,211,215,143,149,158,158,114,118,179,181,98,98,125,131,103,105,114,118,161,167,229,231,190,200,181,187,115,115,154,158,89,91,88,90,135,135,146,150,89,89,189,195,95,95,143,158,158,162,127,140,168,170,83,89,91,94,165,175,146,146,172,180,106,108,100,104,83,83,260,262,89,93,143,143,124,124,240,240,154,156,130,130,250,250,148,150,155,157,136,138,149,149,,,,,,,,,,,,,,,,,,,,,,,,,,,,,,,,,,,,,,,,,,,,,,,,,,,,,,,,,
GNP,plains,,Davis,2022,MASTER_GNP bison_genetic data,989002005762866,886,,161,165,191,191,253,271,238,250,87,89,180,180,211,211,129,143,152,158,114,118,179,181,96,96,131,131,103,103,104,104,161,161,225,229,194,200,187,187,108,115,154,156,89,91,90,90,135,147,146,146,91,91,195,195,95,99,158,160,158,170,142,150,168,168,83,89,92,92,173,175,140,150,178,180,106,106,104,104,83,85,256,262,89,97,143,143,124,124,240,240,156,158,130,130,250,250,142,142,155,155,136,136,149,151,,,,,,,,,,,,,,,,,,,,,,,,,,,,,,,,,,,,,,,,,,,,,,,,,,,,,,,,,
GNP,plains,,Davis,2022,MASTER_GNP bison_genetic data,989002005762955,1092,,161,161,181,191,241,241,238,238,87,91,184,198,205,211,129,129,150,164,108,118,179,183,98,98,131,131,103,103,118,122,167,167,229,231,194,200,179,187,108,113,158,158,89,89,88,90,135,135,146,146,87,91,191,195,101,95,158,160,162,170,127,148,168,176,89,91,92,95,163,175,140,150,172,172,108,108,102,104,83,83,256,262,91,93,143,147,124,124,228,240,144,154,130,134,250,250,148,150,151,155,138,138,149,149,,,,,,,,,,,,,,,,,,,,,,,,,,,,,,,,,,,,,,,,,,,,,,,,,,,,,,,,,
GNP,plains,,Davis,2022,MASTER_GNP bison_genetic data,989002005763081,832,,173,173,191,191,241,241,238,238,87,91,184,198,205,211,143,149,150,158,108,114,181,185,92,92,127,127,103,103,122,122,165,167,229,231,194,200,185,187,113,115,154,156,91,91,100,90,135,135,150,150,91,91,191,195,103,95,160,161,162,170,127,148,168,168,89,89,92,92,163,175,146,146,172,172,106,108,106,106,81,83,262,262,105,97,143,143,122,124,236,240,154,158,130,130,252,254,142,148,155,155,134,138,149,151,,,,,,,,,,,,,,,,,,,,,,,,,,,,,,,,,,,,,,,,,,,,,,,,,,,,,,,,,
GNP,plains,,Davis,2022,MASTER_GNP bison_genetic data,989002005763605,926,,165,173,191,191,241,271,250,254,87,89,180,198,205,205,129,143,158,158,114,118,183,185,92,96,123,129,103,105,114,118,165,167,229,229,194,200,185,187,108,108,158,158,89,91,88,90,135,147,146,150,87,87,189,191,101,95,143,161,168,168,140,142,170,186,83,91,91,92,175,177,140,140,178,180,106,108,104,104,81,83,256,262,97,97,143,143,124,124,236,240,156,156,130,130,246,252,138,150,153,155,134,136,145,149,,,,,,,,,,,,,,,,,,,,,,,,,,,,,,,,,,,,,,,,,,,,,,,,,,,,,,,,,
GNP,plains,,Davis,2022,MASTER_GNP bison_genetic data,989002005764663,1099,,161,173,191,191,241,253,232,238,87,89,180,184,202,205,129,149,162,162,108,114,165,181,98,98,127,131,103,105,118,118,167,167,231,233,194,194,187,187,108,108,154,156,89,91,100,90,135,147,146,146,87,91,191,195,95,99,160,161,158,158,140,150,168,172,89,91,95,95,165,165,146,148,172,172,108,108,102,102,83,83,256,256,91,93,143,143,124,124,228,228,144,154,130,130,246,254,142,148,155,155,136,138,151,151,,,,,,,,,,,,,,,,,,,,,,,,,,,,,,,,,,,,,,,,,,,,,,,,,,,,,,,,,
GNP,plains,,Davis,2022,MASTER_GNP bison_genetic data,989002005764945,833,,161,173,181,191,241,271,238,252,85,87,192,198,205,207,129,149,158,158,116,118,179,183,92,92,125,127,105,107,114,118,161,167,229,231,194,200,175,187,113,115,154,154,89,91,100,88,135,141,146,146,89,89,189,189,95,99,160,161,162,164,148,148,168,186,89,91,91,92,175,175,140,146,172,180,106,110,100,112,83,83,260,262,91,91,143,145,122,124,228,240,144,156,130,130,246,250,142,142,153,155,138,138,149,149,,,,,,,,,,,,,,,,,,,,,,,,,,,,,,,,,,,,,,,,,,,,,,,,,,,,,,,,,
GNP,plains,,Davis,2022,MASTER_GNP bison_genetic data,989002005764993,908,,161,173,191,191,241,245,238,238,89,91,180,198,211,211,143,143,150,158,116,118,179,183,96,98,127,127,103,103,118,118,167,167,229,231,194,200,179,187,108,115,154,160,91,91,100,88,135,135,146,146,87,87,189,191,95,95,143,160,162,168,140,140,168,170,89,89,91,95,163,175,140,146,172,172,108,108,104,104,83,83,260,262,101,97,143,147,122,124,236,240,156,158,130,134,246,250,138,138,155,159,136,142,149,149,,,,,,,,,,,,,,,,,,,,,,,,,,,,,,,,,,,,,,,,,,,,,,,,,,,,,,,,,
GNP,plains,,Davis,2022,MASTER_GNP bison_genetic data,989002005765516,1094,,161,173,191,191,241,249,238,250,87,91,184,184,211,211,129,143,158,162,108,118,179,181,92,98,127,127,103,103,114,122,161,167,229,231,194,200,175,187,108,115,154,156,89,91,88,90,135,147,146,146,91,91,191,191,101,97,160,160,158,164,127,150,168,174,83,89,92,95,165,173,146,148,172,172,106,108,104,104,83,83,262,262,89,93,143,143,122,124,240,240,156,156,130,134,250,250,142,148,155,157,136,138,149,151,,,,,,,,,,,,,,,,,,,,,,,,,,,,,,,,,,,,,,,,,,,,,,,,,,,,,,,,,
GNP,plains,,Davis,2022,MASTER_GNP bison_genetic data,989002005765825,834,,161,161,191,191,241,241,238,254,87,87,180,198,205,205,129,149,150,162,116,116,179,185,92,92,123,131,105,107,114,118,161,167,229,229,194,200,187,187,115,115,154,158,89,91,88,88,135,141,146,146,91,91,189,191,101,95,143,161,160,168,142,148,172,186,89,89,91,92,165,173,140,146,172,172,108,108,104,104,81,83,260,260,89,91,143,145,122,124,228,228,154,154,130,130,246,254,142,150,153,153,136,136,149,151,,,,,,,,,,,,,,,,,,,,,,,,,,,,,,,,,,,,,,,,,,,,,,,,,,,,,,,,,
GNP,plains,,Davis,2022,MASTER_GNP bison_genetic data,989002005766197,835,,161,161,191,191,241,253,232,238,87,87,184,198,205,211,129,129,158,162,116,116,179,181,104,98,127,127,103,103,114,122,161,161,231,231,194,200,185,187,113,115,158,160,89,91,88,90,135,135,146,148,87,87,191,191,99,99,158,160,168,170,127,140,168,170,89,89,91,92,175,177,146,150,172,176,108,108,102,112,81,83,262,262,93,97,143,143,122,124,240,240,154,156,130,130,250,254,142,150,155,159,136,136,149,151,,,,,,,,,,,,,,,,,,,,,,,,,,,,,,,,,,,,,,,,,,,,,,,,,,,,,,,,,
GNP,plains,,Davis,2022,MASTER_GNP bison_genetic data,989002005767401,1037,,161,173,181,191,241,241,250,250,87,89,180,192,205,207,129,143,150,162,108,114,179,183,104,92,127,131,103,103,114,114,161,167,229,231,190,194,185,185,108,108,158,158,89,91,90,90,135,135,146,146,87,91,191,195,95,95,158,160,144,162,140,140,170,186,89,89,91,91,175,177,140,146,172,180,106,108,100,112,81,83,262,262,105,93,143,143,122,122,228,240,144,154,130,130,254,254,148,150,155,157,136,138,149,151,,,,,,,,,,,,,,,,,,,,,,,,,,,,,,,,,,,,,,,,,,,,,,,,,,,,,,,,,
GNP,plains,,Davis,2022,MASTER_GNP bison_genetic data,989002005767485,836,,161,173,177,179,241,249,238,238,87,89,180,184,205,211,143,143,150,150,114,118,179,181,92,96,127,129,103,104,122,122,161,167,231,231,194,194,179,187,115,115,154,158,89,91,102,90,135,141,146,150,87,89,191,195,101,95,143,160,168,168,127,140,172,176,89,89,92,92,163,167,140,146,172,172,106,108,104,104,83,83,260,262,89,93,143,147,122,124,228,238,154,156,130,130,250,254,142,142,155,155,136,136,149,149,,,,,,,,,,,,,,,,,,,,,,,,,,,,,,,,,,,,,,,,,,,,,,,,,,,,,,,,,
GNP,plains,,Davis,2022,MASTER_GNP bison_genetic data,989002005769427,883,,161,161,191,191,249,271,232,238,85,87,180,184,211,211,143,143,152,162,114,114,179,185,98,98,129,129,103,105,114,114,167,167,229,233,194,194,179,185,115,115,158,158,89,91,100,90,135,135,146,146,87,91,191,195,95,99,143,160,158,158,140,140,168,168,89,89,95,95,163,175,146,146,172,178,108,108,102,104,81,81,260,262,91,91,143,143,122,122,240,240,154,158,130,130,250,254,142,142,153,155,136,138,149,151,,,,,,,,,,,,,,,,,,,,,,,,,,,,,,,,,,,,,,,,,,,,,,,,,,,,,,,,,
GNP,plains,,Davis,2022,MASTER_GNP bison_genetic data,989002005769516,837,,161,161,191,191,241,253,232,238,87,89,192,198,211,211,129,149,158,158,114,116,179,181,98,98,127,127,103,104,114,114,167,167,231,231,194,200,175,179,115,115,154,156,89,91,88,88,135,141,146,150,89,89,191,195,95,99,160,161,158,168,127,127,168,170,83,83,91,95,165,173,146,150,172,172,106,108,102,104,81,83,256,260,89,93,143,143,122,124,240,240,156,156,130,134,246,254,142,148,153,155,136,138,149,149,,,,,,,,,,,,,,,,,,,,,,,,,,,,,,,,,,,,,,,,,,,,,,,,,,,,,,,,,
GNP,plains,,Davis,2022,MASTER_GNP bison_genetic data,989002005769617,1098,,165,173,191,191,241,253,238,238,89,89,184,198,211,215,143,149,150,158,108,118,179,181,92,96,127,131,103,105,122,122,167,167,229,231,194,200,185,187,115,115,154,158,91,91,102,90,135,141,146,150,87,91,195,195,103,95,160,161,158,170,140,140,168,168,83,89,91,92,163,175,140,146,172,172,108,108,104,104,81,83,262,262,89,97,147,147,124,124,240,240,154,156,130,134,250,254,148,148,159,159,136,136,149,149,,,,,,,,,,,,,,,,,,,,,,,,,,,,,,,,,,,,,,,,,,,,,,,,,,,,,,,,,
GNP,plains,,Davis,2022,MASTER_GNP bison_genetic data,989002005770070,934,,161,173,191,191,241,253,238,252,91,91,184,198,202,205,149,149,150,158,108,108,181,183,96,98,125,131,103,103,122,122,161,167,229,231,194,194,185,187,115,115,154,156,91,91,88,90,135,135,146,150,87,91,195,195,95,99,143,160,158,166,140,140,168,172,83,89,92,95,163,163,148,150,172,172,108,112,102,102,81,83,262,262,101,93,147,147,124,126,228,240,154,158,130,130,250,250,142,150,155,155,138,138,151,151,,,,,,,,,,,,,,,,,,,,,,,,,,,,,,,,,,,,,,,,,,,,,,,,,,,,,,,,,
GNP,plains,,Davis,2022,MASTER_GNP bison_genetic data,989002005770232,1024,,161,161,181,191,241,271,232,238,87,91,180,198,202,207,129,129,150,164,108,118,179,183,92,98,131,131,104,105,118,118,161,167,229,231,194,200,187,187,113,115,158,158,91,91,90,90,135,141,146,150,87,91,195,195,95,95,158,160,158,170,140,148,168,176,89,91,95,95,165,175,140,146,172,172,108,108,102,102,83,83,260,262,89,97,143,143,124,124,228,240,144,156,130,130,250,250,142,150,151,153,138,138,149,151,,,,,,,,,,,,,,,,,,,,,,,,,,,,,,,,,,,,,,,,,,,,,,,,,,,,,,,,,
GNP,plains,,Davis,2022,MASTER_GNP bison_genetic data,989002005770273,966,,161,165,191,191,241,253,238,238,87,87,180,184,201,211,143,149,150,162,118,118,179,181,98,98,131,131,103,103,114,114,161,167,229,231,194,194,185,187,113,115,154,158,91,91,88,90,135,135,146,146,87,89,195,195,103,95,161,161,144,168,127,140,168,170,83,89,92,92,163,167,146,146,172,180,106,108,112,112,83,83,260,262,89,93,143,147,122,124,240,240,156,158,130,130,246,250,150,150,155,155,136,136,151,151,,,,,,,,,,,,,,,,,,,,,,,,,,,,,,,,,,,,,,,,,,,,,,,,,,,,,,,,,
GNP,plains,,Davis,2022,MASTER_GNP bison_genetic data,989002005772626,1023,,161,161,179,181,249,253,238,250,87,87,180,198,205,211,129,143,142,158,118,118,179,181,92,96,127,127,103,103,122,122,161,167,229,231,194,194,175,187,115,115,154,160,91,91,88,90,135,147,146,146,87,87,195,195,101,95,143,170,158,170,140,142,168,168,89,89,92,92,159,175,140,146,172,172,108,108,104,104,83,83,262,262,89,93,143,143,122,124,236,240,144,156,130,130,250,254,138,142,153,155,136,138,145,151,,,,,,,,,,,,,,,,,,,,,,,,,,,,,,,,,,,,,,,,,,,,,,,,,,,,,,,,,
GNP,plains,,Davis,2022,MASTER_GNP bison_genetic data,989002005772871,904,,161,173,191,191,249,253,232,238,87,87,192,198,205,207,143,143,156,158,114,118,181,181,104,92,127,131,103,103,122,122,161,161,229,231,200,202,187,187,115,115,154,158,89,91,102,88,135,135,146,148,87,91,191,191,101,95,143,160,162,162,140,148,168,172,83,89,92,92,167,175,146,146,172,172,108,108,104,104,83,83,260,262,101,97,143,147,122,122,224,238,154,154,118,134,250,254,142,142,155,155,136,136,149,149,,,,,,,,,,,,,,,,,,,,,,,,,,,,,,,,,,,,,,,,,,,,,,,,,,,,,,,,,
GNP,plains,,Davis,2022,MASTER_GNP bison_genetic data,989002005773050,974,,161,165,181,191,241,271,238,238,87,89,180,196,211,211,127,143,150,152,114,116,179,185,104,92,127,131,103,103,122,122,161,167,231,231,200,202,175,187,115,115,154,160,91,91,100,88,135,135,146,154,87,91,189,191,95,95,143,161,158,164,140,140,172,186,89,89,92,95,163,175,140,146,172,172,108,110,104,104,83,83,262,262,97,97,143,143,124,126,236,240,154,156,118,130,250,254,138,148,153,153,136,138,149,149,,,,,,,,,,,,,,,,,,,,,,,,,,,,,,,,,,,,,,,,,,,,,,,,,,,,,,,,,
GNP,plains,,Davis,2022,MASTER_GNP bison_genetic data,989002005773363,755,,161,161,181,191,241,271,238,250,89,91,184,192,211,215,127,149,158,158,114,116,183,185,96,98,125,131,103,103,114,114,167,167,229,231,200,200,175,175,113,113,154,154,91,91,100,90,135,147,146,146,87,91,189,191,101,101,158,160,168,168,140,150,168,168,83,89,91,92,173,175,140,148,174,180,108,108,104,104,81,83,260,262,89,97,143,147,124,124,240,240,156,158,130,130,246,254,142,150,153,155,134,136,149,149,,,,,,,,,,,,,,,,,,,,,,,,,,,,,,,,,,,,,,,,,,,,,,,,,,,,,,,,,
GNP,plains,,Davis,2022,MASTER_GNP bison_genetic data,989002005775234,1100,,161,165,179,191,247,253,238,250,87,89,180,184,211,215,143,149,158,158,118,118,181,181,98,98,125,131,105,107,104,118,161,167,229,231,194,202,175,185,108,108,158,158,89,91,90,90,135,147,146,146,89,91,191,195,101,97,143,160,142,170,140,142,186,186,83,91,92,95,175,177,146,150,172,172,106,108,100,104,81,81,260,262,105,93,143,147,122,124,240,240,154,158,130,130,250,250,142,150,157,159,136,138,149,151,,,,,,,,,,,,,,,,,,,,,,,,,,,,,,,,,,,,,,,,,,,,,,,,,,,,,,,,,
GNP,plains,,Davis,2022,MASTER_GNP bison_genetic data,989002005775671,838,,165,173,179,191,249,249,238,238,87,89,192,198,211,211,129,149,158,158,114,116,181,183,92,96,123,127,103,105,118,118,167,167,229,229,194,200,175,185,113,113,158,158,91,91,90,90,135,135,146,150,87,87,191,195,95,95,143,160,158,170,127,140,186,186,89,89,91,91,163,177,140,146,172,180,108,110,104,104,81,81,262,262,89,93,145,147,122,124,228,240,154,154,130,130,250,254,148,150,155,159,134,136,149,149,,,,,,,,,,,,,,,,,,,,,,,,,,,,,,,,,,,,,,,,,,,,,,,,,,,,,,,,,
GNP,plains,,Davis,2022,MASTER_GNP bison_genetic data,989002005775947,1067,,161,165,191,191,241,253,238,238,85,89,180,192,205,211,143,143,156,162,108,118,179,179,92,96,127,127,103,105,104,118,161,167,231,231,194,194,187,191,113,115,156,158,91,91,102,90,135,137,146,146,87,89,191,195,95,99,160,160,158,158,140,150,168,176,89,89,92,95,163,175,140,146,172,172,108,108,104,104,81,83,256,262,89,91,143,143,124,124,228,238,154,158,130,130,250,254,142,150,153,159,136,136,145,149,,,,,,,,,,,,,,,,,,,,,,,,,,,,,,,,,,,,,,,,,,,,,,,,,,,,,,,,,
GNP,plains,,Davis,2022,MASTER_GNP bison_genetic data,989002005776029,902,,161,165,191,191,249,253,238,238,87,89,180,198,211,211,129,143,158,164,114,118,181,185,104,96,127,127,103,105,114,118,161,167,229,231,190,194,175,185,113,115,158,160,89,91,102,88,135,135,146,146,87,91,191,195,101,95,158,160,146,170,127,140,168,170,83,89,91,92,163,173,146,146,172,178,108,108,104,104,81,83,262,262,105,89,143,143,122,124,238,240,154,154,130,130,250,254,142,150,155,155,136,136,149,149,,,,,,,,,,,,,,,,,,,,,,,,,,,,,,,,,,,,,,,,,,,,,,,,,,,,,,,,,
GNP,plains,,Davis,2022,MASTER_GNP bison_genetic data,989002005776077,963,,161,165,191,191,241,241,238,238,87,91,184,192,205,211,129,143,158,162,114,118,183,183,104,96,129,129,103,103,114,114,161,167,229,231,194,194,175,187,108,115,154,158,91,91,88,88,135,135,146,146,87,87,191,191,101,101,154,161,168,170,127,148,168,172,89,89,91,95,163,177,146,146,172,172,108,112,104,104,81,81,260,262,93,97,143,143,124,126,228,228,154,156,130,130,250,254,150,150,155,157,136,136,145,149,,,,,,,,,,,,,,,,,,,,,,,,,,,,,,,,,,,,,,,,,,,,,,,,,,,,,,,,,
GNP,plains,,Davis,2022,MASTER_GNP bison_genetic data,989002005776365,932,,161,161,191,191,241,271,232,238,87,91,180,180,202,205,129,129,150,150,116,118,179,179,92,92,127,131,103,105,118,118,161,167,231,231,200,200,187,187,115,115,158,158,91,91,90,90,135,147,150,150,85,91,195,195,95,95,160,161,158,170,140,140,170,176,89,91,92,95,165,175,146,146,172,176,108,108,102,104,83,83,262,262,89,89,143,147,124,124,240,240,156,158,130,130,250,250,142,142,153,159,138,140,151,153,,,,,,,,,,,,,,,,,,,,,,,,,,,,,,,,,,,,,,,,,,,,,,,,,,,,,,,,,
GNP,plains,,Davis,2022,MASTER_GNP bison_genetic data,989002005776368,877,,161,165,191,191,247,271,238,238,87,89,180,184,207,211,143,149,152,158,118,118,181,183,104,92,131,131,103,105,118,122,161,161,229,233,200,200,175,187,115,115,158,158,89,91,88,90,135,135,146,150,87,87,189,195,95,99,143,161,162,168,140,140,168,172,83,89,92,94,173,177,146,146,172,180,108,108,104,112,83,83,262,262,89,93,143,143,122,124,240,240,154,156,118,130,252,252,142,142,153,155,136,138,149,149,,,,,,,,,,,,,,,,,,,,,,,,,,,,,,,,,,,,,,,,,,,,,,,,,,,,,,,,,
GNP,plains,,Davis,2022,MASTER_GNP bison_genetic data,989002005777536,1097,,161,173,181,191,253,271,250,250,87,91,192,198,211,211,149,149,158,162,114,114,181,185,92,98,125,127,103,105,114,114,161,167,229,231,200,200,187,187,113,115,158,158,91,91,90,90,135,141,146,148,87,87,191,195,101,95,143,158,144,158,127,127,168,168,89,89,92,92,159,175,140,146,172,174,108,110,104,104,83,83,256,262,89,97,143,147,124,124,240,240,154,156,130,134,250,250,142,148,155,155,136,138,151,151,,,,,,,,,,,,,,,,,,,,,,,,,,,,,,,,,,,,,,,,,,,,,,,,,,,,,,,,,
GNP,plains,,Davis,2022,MASTER_GNP bison_genetic data,989002005777716,1116,,161,173,191,191,241,271,232,238,85,89,184,192,205,207,143,143,158,162,116,118,165,185,92,98,129,131,103,105,114,118,161,167,233,233,194,200,185,187,108,115,154,158,91,93,100,88,135,147,146,146,89,91,191,195,101,95,143,160,142,144,140,148,168,186,83,89,92,95,163,165,146,150,172,178,108,110,102,104,81,81,260,262,105,91,143,143,124,126,228,236,154,156,130,130,246,254,150,150,155,157,136,138,145,149,,,,,,,,,,,,,,,,,,,,,,,,,,,,,,,,,,,,,,,,,,,,,,,,,,,,,,,,,
GNP,plains,,Davis,2022,MASTER_GNP bison_genetic data,989002005777913,839,,161,161,177,181,241,241,238,252,87,89,192,198,205,211,143,143,150,158,108,118,179,181,96,96,127,131,103,103,118,118,161,167,229,229,200,202,187,187,109,113,154,158,89,91,90,90,135,135,146,146,87,91,195,195,95,99,143,161,158,162,140,140,186,186,89,89,91,92,175,175,146,150,172,178,108,108,104,104,81,81,262,262,101,97,143,147,122,124,228,240,156,158,130,134,246,250,138,142,153,159,138,142,149,149,,,,,,,,,,,,,,,,,,,,,,,,,,,,,,,,,,,,,,,,,,,,,,,,,,,,,,,,,
GNP,plains,,Davis,2022,MASTER_GNP bison_genetic data,989002005777976,1065,,165,173,191,191,241,241,238,238,87,89,180,180,207,211,143,149,158,164,118,118,181,185,104,92,127,129,103,105,118,118,161,167,229,233,194,202,175,187,115,115,156,158,91,93,88,88,135,135,146,150,87,91,195,195,95,99,143,161,162,168,140,140,170,186,89,89,91,92,173,175,146,150,172,180,106,108,112,112,81,83,260,262,93,97,143,145,124,126,238,240,144,160,130,130,246,246,142,150,153,155,136,136,149,151,,,,,,,,,,,,,,,,,,,,,,,,,,,,,,,,,,,,,,,,,,,,,,,,,,,,,,,,,
GNP,plains,,Davis,2022,MASTER_GNP bison_genetic data,989002005778949,937,,165,165,191,191,249,253,238,250,85,89,180,192,211,211,143,149,156,158,118,118,165,179,104,92,127,129,103,103,118,118,167,167,231,233,194,202,179,185,113,115,158,158,89,89,100,88,135,135,146,150,87,91,191,195,95,95,143,160,158,158,140,140,168,176,83,89,92,95,167,177,140,146,180,180,108,108,104,104,81,81,262,262,89,89,143,143,122,124,238,240,144,154,130,130,254,254,142,148,153,155,136,136,149,151,,,,,,,,,,,,,,,,,,,,,,,,,,,,,,,,,,,,,,,,,,,,,,,,,,,,,,,,,
GNP,plains,,Davis,2022,MASTER_GNP bison_genetic data,989002005778975,840,,161,165,181,191,241,249,232,238,85,89,180,184,205,211,129,143,150,150,116,118,179,179,104,98,127,127,103,104,104,104,161,167,231,231,194,194,175,185,115,115,154,158,91,91,88,90,135,135,146,150,85,91,191,195,101,103,143,160,144,170,127,142,172,172,83,89,92,95,173,175,140,146,172,172,108,110,104,104,81,83,260,262,89,89,143,143,124,124,228,240,154,154,130,130,250,254,142,148,155,157,136,136,145,149,,,,,,,,,,,,,,,,,,,,,,,,,,,,,,,,,,,,,,,,,,,,,,,,,,,,,,,,,
GNP,plains,,Davis,2022,MASTER_GNP bison_genetic data,989002005779330,841,,173,173,191,191,241,245,238,238,87,87,180,190,207,211,143,143,158,162,108,114,179,181,104,98,129,129,103,103,114,114,161,161,229,231,194,194,175,187,109,115,156,158,89,91,100,90,135,135,146,146,87,91,191,195,101,99,158,158,162,170,140,148,168,186,89,89,91,95,167,175,140,146,172,172,106,108,104,104,81,85,260,262,101,105,143,143,122,124,228,238,154,156,130,130,254,254,142,150,153,155,136,136,145,149,,,,,,,,,,,,,,,,,,,,,,,,,,,,,,,,,,,,,,,,,,,,,,,,,,,,,,,,,
GNP,plains,,Davis,2022,MASTER_GNP bison_genetic data,989002005782469,842,,161,161,191,191,241,249,238,238,87,87,184,198,211,211,129,129,142,150,116,116,179,179,92,96,127,127,103,107,104,122,161,167,231,231,194,202,175,185,109,115,156,158,91,91,88,88,137,141,146,146,87,89,189,195,101,97,160,160,162,164,140,150,170,174,83,83,92,95,173,175,140,146,172,174,110,110,104,104,81,83,262,262,91,91,143,143,122,122,240,240,156,158,130,130,250,254,142,148,155,157,136,138,143,149,,,,,,,,,,,,,,,,,,,,,,,,,,,,,,,,,,,,,,,,,,,,,,,,,,,,,,,,,
GNP,plains,,Davis,2022,MASTER_GNP bison_genetic data,989002005782529,905,,161,165,179,181,253,271,232,250,85,87,180,180,205,211,129,143,150,158,114,118,179,179,104,98,123,129,103,105,104,114,161,167,229,229,194,194,185,187,113,115,158,160,89,89,88,88,135,141,146,146,87,87,191,195,95,95,143,160,144,158,140,142,170,176,89,89,92,92,175,177,140,140,172,178,106,108,102,104,83,83,262,262,105,89,143,143,124,124,228,240,144,160,130,130,246,250,142,148,155,155,136,138,149,149,,,,,,,,,,,,,,,,,,,,,,,,,,,,,,,,,,,,,,,,,,,,,,,,,,,,,,,,,
GNP,plains,,Davis,2022,MASTER_GNP bison_genetic data,989002005783118,931,,161,165,179,181,241,249,232,238,87,87,184,184,205,211,143,149,142,164,114,118,165,185,96,98,127,129,103,103,118,122,161,167,231,231,194,200,185,187,108,115,156,158,91,91,102,88,147,147,146,150,87,89,191,195,95,99,143,143,156,170,140,150,168,170,83,89,92,95,163,163,146,146,172,176,108,108,100,102,81,83,260,262,93,93,143,145,122,124,240,240,144,154,130,130,250,250,142,150,155,157,134,136,145,149,,,,,,,,,,,,,,,,,,,,,,,,,,,,,,,,,,,,,,,,,,,,,,,,,,,,,,,,,
GNP,plains,,Davis,2022,MASTER_GNP bison_genetic data,989002005787686,843,,161,161,179,181,241,253,238,238,87,91,198,198,205,211,143,149,150,158,108,108,183,183,92,92,125,127,103,105,104,114,161,167,229,229,194,194,185,191,109,113,158,158,89,91,90,90,135,141,146,146,87,87,189,191,95,99,143,143,158,170,127,140,170,170,89,89,91,92,177,177,140,146,176,180,108,108,102,104,81,81,262,262,101,105,143,143,122,124,228,228,144,158,130,134,250,254,142,148,151,151,138,138,149,149,,,,,,,,,,,,,,,,,,,,,,,,,,,,,,,,,,,,,,,,,,,,,,,,,,,,,,,,,
GNP,plains,,Davis,2022,MASTER_GNP bison_genetic data,989002005788473,844,,161,161,191,191,271,271,238,238,89,89,180,180,211,211,129,143,150,150,116,118,183,183,92,92,131,131,103,105,122,122,167,167,231,231,194,194,175,185,109,109,154,154,91,91,100,90,135,135,146,150,87,87,191,195,95,95,158,158,168,170,148,150,168,170,89,95,95,95,163,175,140,146,172,172,106,108,104,104,83,83,262,262,101,93,143,143,122,124,236,240,154,156,118,118,250,252,142,142,155,155,136,136,149,149,,,,,,,,,,,,,,,,,,,,,,,,,,,,,,,,,,,,,,,,,,,,,,,,,,,,,,,,,
GNP,plains,,Davis,2022,MASTER_GNP bison_genetic data,989002005788743,1006,,161,161,191,191,241,241,238,250,87,87,184,198,202,205,129,149,142,158,118,118,179,183,92,98,127,131,103,105,122,122,161,167,229,231,194,200,175,181,113,113,156,158,91,91,88,90,135,135,146,146,87,87,191,195,101,99,143,160,158,162,148,150,168,168,89,89,92,92,167,167,146,150,172,172,108,108,102,104,83,83,256,262,93,93,143,143,122,124,228,240,154,158,130,134,250,254,142,150,153,155,134,136,149,151,,,,,,,,,,,,,,,,,,,,,,,,,,,,,,,,,,,,,,,,,,,,,,,,,,,,,,,,,
GNP,plains,,Davis,2022,MASTER_GNP bison_genetic data,989002005791182,845,,161,161,191,193,241,271,250,254,89,91,180,180,211,215,149,149,150,158,114,118,165,179,104,98,125,131,103,107,118,118,167,167,229,229,200,202,175,187,109,115,154,160,89,91,100,88,135,135,146,154,87,91,191,191,99,99,160,160,156,162,148,150,168,176,89,89,92,95,163,175,146,146,172,176,108,108,106,106,83,83,256,262,105,97,143,147,124,124,238,240,144,154,130,130,246,250,142,148,155,155,136,138,143,151,,,,,,,,,,,,,,,,,,,,,,,,,,,,,,,,,,,,,,,,,,,,,,,,,,,,,,,,,
GNP,plains,,Davis,2022,MASTER_GNP bison_genetic data,989002005794814,1080,,161,165,191,191,241,247,238,238,87,91,180,198,205,211,149,149,150,158,108,118,179,183,98,98,129,131,103,103,114,114,167,167,229,231,200,200,179,187,113,115,154,158,89,91,100,90,135,135,146,150,87,91,189,195,95,99,160,161,168,168,127,140,168,176,89,89,91,92,167,173,146,146,172,180,108,108,104,104,81,85,262,262,101,89,143,147,122,124,228,240,144,156,118,130,250,252,142,150,153,155,136,136,149,149,,,,,,,,,,,,,,,,,,,,,,,,,,,,,,,,,,,,,,,,,,,,,,,,,,,,,,,,,
GNP,plains,,Davis,2022,MASTER_GNP bison_genetic data,989002005795425,846,,165,165,191,191,241,245,232,238,87,87,184,198,211,215,129,149,150,158,108,116,179,179,92,98,127,129,103,103,118,122,161,161,231,231,194,194,175,187,115,115,156,158,91,93,88,88,135,135,146,148,87,89,189,191,95,99,160,160,162,170,140,142,170,172,89,89,92,94,167,175,146,146,172,172,110,110,102,102,83,83,260,262,91,97,143,143,122,124,228,236,144,156,130,130,250,250,142,150,157,159,134,138,149,149,,,,,,,,,,,,,,,,,,,,,,,,,,,,,,,,,,,,,,,,,,,,,,,,,,,,,,,,,
GNP,plains,,Davis,2022,MASTER_GNP bison_genetic data,989002005796014,1034,,161,165,177,179,241,253,238,250,85,87,184,196,205,211,127,149,158,164,114,116,181,183,92,96,123,127,103,103,118,122,161,161,229,231,194,194,175,187,108,108,154,158,89,91,88,88,135,135,146,146,87,87,189,189,99,99,158,161,158,164,127,140,170,186,89,89,91,92,159,175,140,146,172,174,108,110,102,104,81,83,260,260,97,97,143,147,124,124,240,240,144,158,118,130,250,254,142,150,153,155,136,136,145,145,,,,,,,,,,,,,,,,,,,,,,,,,,,,,,,,,,,,,,,,,,,,,,,,,,,,,,,,,
GNP,plains,,Davis,2022,MASTER_GNP bison_genetic data,989002005798432,1114,,165,173,191,191,247,253,232,238,89,89,184,198,205,211,129,149,150,158,108,118,179,179,104,98,127,131,103,103,118,118,161,161,225,229,194,200,175,187,115,115,158,160,89,91,88,88,137,147,146,150,91,91,189,191,101,99,160,161,144,168,127,150,168,174,89,89,92,95,165,175,146,146,178,178,108,108,106,112,81,83,260,262,93,97,143,143,124,124,240,240,144,156,130,130,250,250,142,148,155,159,136,136,149,151,,,,,,,,,,,,,,,,,,,,,,,,,,,,,,,,,,,,,,,,,,,,,,,,,,,,,,,,,
GNP,plains,,Davis,2022,MASTER_GNP bison_genetic data,989002005798630,979,,161,165,181,191,241,247,238,238,85,87,180,198,205,205,143,149,158,164,114,116,179,181,92,96,123,131,103,103,104,118,161,161,229,229,194,202,185,187,113,115,154,154,91,91,102,88,135,147,150,150,87,87,189,195,95,99,143,158,164,168,142,148,170,170,83,89,92,94,159,173,140,146,172,174,106,108,102,104,81,83,262,262,89,93,143,143,122,122,228,240,154,160,130,130,246,250,142,148,153,159,136,138,149,153,,,,,,,,,,,,,,,,,,,,,,,,,,,,,,,,,,,,,,,,,,,,,,,,,,,,,,,,,
GNP,plains,,Davis,2022,MASTER_GNP bison_genetic data,989002005798636,1017,,161,165,181,191,241,271,238,250,87,89,180,198,205,207,129,143,150,158,118,118,179,179,104,104,125,131,103,107,114,114,161,167,231,231,194,194,179,185,115,115,154,158,89,91,88,88,141,141,146,146,87,87,189,195,95,99,160,170,144,168,140,150,170,174,83,89,92,92,175,175,140,150,172,180,108,108,104,104,81,81,256,262,93,93,143,143,124,124,236,240,144,156,130,134,250,250,138,150,155,155,138,138,149,151,,,,,,,,,,,,,,,,,,,,,,,,,,,,,,,,,,,,,,,,,,,,,,,,,,,,,,,,,
GNP,plains,,Davis,2022,MASTER_GNP bison_genetic data,989002005798796,847,,161,161,177,191,253,271,238,250,87,87,180,198,205,211,129,149,150,158,114,116,181,183,98,98,129,131,103,103,118,118,161,167,229,231,200,200,175,175,113,113,156,158,89,91,88,90,135,141,146,150,85,89,191,195,101,99,143,160,162,170,127,148,168,168,83,89,95,95,159,163,148,150,172,172,108,110,104,104,81,83,262,262,91,93,143,145,124,124,228,240,156,156,130,130,250,250,142,142,155,157,136,136,149,151,,,,,,,,,,,,,,,,,,,,,,,,,,,,,,,,,,,,,,,,,,,,,,,,,,,,,,,,,
GNP,plains,,Davis,2022,MASTER_GNP bison_genetic data,989002005798849,892,,161,161,191,191,247,253,238,252,87,89,184,184,207,211,143,143,152,158,118,118,181,181,92,92,131,131,103,105,118,118,161,161,229,233,194,200,175,187,115,115,156,158,89,93,88,90,135,147,146,150,87,87,191,195,95,99,143,143,168,170,140,140,172,186,83,89,92,94,165,173,146,146,172,172,108,110,112,112,83,83,260,262,89,89,143,145,122,126,238,240,156,160,118,134,250,252,142,142,153,159,136,138,149,149,,,,,,,,,,,,,,,,,,,,,,,,,,,,,,,,,,,,,,,,,,,,,,,,,,,,,,,,,
GNP,plains,,Davis,2022,MASTER_GNP bison_genetic data,989002005799555,878,,165,173,191,191,241,241,238,250,89,91,184,198,211,211,129,149,156,158,108,114,179,179,92,98,127,131,104,105,118,122,161,167,229,229,194,194,175,185,113,115,154,154,91,93,90,90,135,147,146,146,87,91,191,195,103,95,160,160,144,144,140,150,172,176,89,89,92,92,159,163,140,146,172,180,106,108,102,106,81,81,262,262,89,93,143,147,122,124,238,240,156,160,130,134,246,254,138,142,153,155,136,136,151,151,,,,,,,,,,,,,,,,,,,,,,,,,,,,,,,,,,,,,,,,,,,,,,,,,,,,,,,,,
GNP,plains,,Davis,2022,MASTER_GNP bison_genetic data,989002005799571,1007,,161,173,181,191,245,253,238,250,87,87,180,184,211,215,143,149,158,158,116,118,179,179,92,98,131,131,103,103,114,114,167,167,225,231,194,194,175,187,113,113,156,158,89,91,88,88,135,141,150,150,91,91,191,195,101,95,143,160,164,170,127,150,168,170,89,89,92,95,167,175,146,148,172,172,108,108,104,104,81,85,256,262,91,97,143,145,124,124,228,228,156,156,130,130,246,250,142,150,155,157,136,138,149,151,,,,,,,,,,,,,,,,,,,,,,,,,,,,,,,,,,,,,,,,,,,,,,,,,,,,,,,,,
GNP,plains,,Davis,2022,MASTER_GNP bison_genetic data,989002005805652,848,,161,165,191,191,249,249,250,250,89,89,192,198,211,211,143,143,156,156,114,114,179,179,96,96,129,131,103,105,118,118,161,167,231,239,194,202,179,185,113,115,158,158,89,91,102,102,135,137,146,146,87,87,191,195,101,95,160,161,156,158,140,140,168,186,83,89,91,92,175,175,146,146,172,180,108,108,104,104,83,83,262,262,89,93,143,143,124,124,236,238,154,154,130,134,250,250,142,148,155,155,136,136,149,151,,,,,,,,,,,,,,,,,,,,,,,,,,,,,,,,,,,,,,,,,,,,,,,,,,,,,,,,,
GNP,plains,,Davis,2022,MASTER_GNP bison_genetic data,989002005805834,849,,161,161,177,191,241,271,238,250,85,87,180,192,205,211,143,149,152,164,116,116,179,181,92,96,129,131,103,105,118,122,161,167,229,231,194,200,175,187,113,115,158,160,91,91,88,90,135,147,146,146,87,89,189,195,95,99,160,161,162,164,140,140,170,186,89,89,94,95,173,177,140,146,172,176,108,108,102,104,81,81,262,262,101,91,143,145,122,124,236,240,154,158,118,130,250,250,142,148,155,159,136,136,149,149,,,,,,,,,,,,,,,,,,,,,,,,,,,,,,,,,,,,,,,,,,,,,,,,,,,,,,,,,
GNP,plains,,Davis,2022,MASTER_GNP bison_genetic data,989002005805972,1019,,161,161,177,191,241,241,238,238,87,87,180,198,202,207,143,143,158,158,114,118,179,181,104,98,131,131,103,103,104,114,167,167,231,231,194,194,179,187,115,115,154,154,91,91,88,90,135,141,146,150,87,87,195,195,101,99,160,170,144,168,140,140,176,186,83,91,92,95,167,167,146,150,172,172,108,108,104,104,81,83,256,262,91,93,143,143,122,122,228,238,156,158,118,130,254,254,142,148,155,155,136,138,151,151,,,,,,,,,,,,,,,,,,,,,,,,,,,,,,,,,,,,,,,,,,,,,,,,,,,,,,,,,
GNP,plains,,Davis,2022,MASTER_GNP bison_genetic data,989002005806347,1039,,161,173,181,191,241,271,238,238,85,89,192,198,205,207,143,143,152,162,108,118,179,179,92,96,125,131,103,105,122,122,161,161,225,231,194,200,175,187,108,115,158,158,91,91,88,90,135,135,146,146,89,91,191,195,95,95,158,170,142,144,140,150,172,186,89,89,91,95,173,177,140,148,172,172,108,110,106,106,81,83,262,262,105,89,143,145,124,124,228,240,154,156,130,130,250,254,138,142,153,155,134,138,149,151,,,,,,,,,,,,,,,,,,,,,,,,,,,,,,,,,,,,,,,,,,,,,,,,,,,,,,,,,
GNP,plains,,Davis,2022,MASTER_GNP bison_genetic data,989002005806381,850,,161,165,191,191,241,253,238,250,87,87,180,198,205,211,129,143,150,158,108,114,179,181,92,92,127,129,103,105,114,114,161,165,229,229,190,200,187,187,115,115,154,154,89,93,88,90,135,141,146,146,91,91,195,195,95,95,160,161,162,168,148,150,168,172,89,89,92,92,163,175,140,148,172,180,106,108,102,102,81,83,260,262,101,93,143,147,124,124,240,240,144,156,130,130,250,250,142,142,159,159,132,136,145,149,,,,,,,,,,,,,,,,,,,,,,,,,,,,,,,,,,,,,,,,,,,,,,,,,,,,,,,,,
GNP,plains,,Davis,2022,MASTER_GNP bison_genetic data,989002005806705,1070,,161,161,191,191,245,249,238,238,85,89,180,180,205,207,143,149,142,162,114,118,165,179,96,98,129,131,103,103,118,122,167,167,229,231,194,202,175,187,113,115,156,158,89,91,88,88,135,135,146,154,87,91,189,195,101,99,158,160,158,162,140,148,168,170,83,89,92,92,163,163,146,150,172,178,106,106,104,104,81,83,260,262,101,101,143,143,124,124,228,240,156,158,130,130,246,254,142,142,153,155,136,136,145,149,,,,,,,,,,,,,,,,,,,,,,,,,,,,,,,,,,,,,,,,,,,,,,,,,,,,,,,,,
GNP,plains,,Davis,2022,MASTER_GNP bison_genetic data,989002005808816,958,,161,161,191,191,241,253,238,238,85,89,180,180,207,215,149,149,152,158,114,116,179,183,96,98,123,131,103,103,122,122,161,161,225,231,194,194,175,175,113,115,156,158,91,91,100,90,135,135,146,146,87,89,191,195,101,99,143,161,144,162,127,140,170,186,89,89,92,95,163,175,146,150,172,174,108,108,104,104,81,81,262,262,93,97,143,143,122,124,240,240,144,154,130,134,250,250,150,150,153,155,134,136,145,145,,,,,,,,,,,,,,,,,,,,,,,,,,,,,,,,,,,,,,,,,,,,,,,,,,,,,,,,,
GNP,plains,,Davis,2022,MASTER_GNP bison_genetic data,989002005808929,851,,161,161,191,191,241,253,238,238,85,87,184,192,207,211,149,149,158,164,116,118,181,181,92,96,131,131,103,105,114,118,161,167,229,229,194,200,175,187,115,115,154,158,89,91,100,90,135,147,150,154,89,91,189,195,95,95,161,161,168,170,140,140,168,170,83,89,91,92,163,177,146,146,172,172,106,108,104,106,81,83,260,262,89,89,143,143,124,124,228,240,154,154,130,130,246,250,142,150,155,155,136,136,149,149,,,,,,,,,,,,,,,,,,,,,,,,,,,,,,,,,,,,,,,,,,,,,,,,,,,,,,,,,
GNP,plains,,Davis,2022,MASTER_GNP bison_genetic data,989002005809524,882,,161,161,181,191,241,241,238,250,87,87,180,192,207,215,129,149,158,162,114,118,179,181,92,98,127,131,103,105,122,122,167,167,231,231,194,200,179,187,113,115,154,158,91,91,88,90,135,135,146,146,91,91,189,189,99,99,160,160,142,158,140,150,172,176,89,89,92,95,173,177,146,146,172,172,108,108,104,104,83,83,260,260,89,93,143,145,122,122,236,240,158,158,130,130,250,250,142,142,155,157,134,136,151,151,,,,,,,,,,,,,,,,,,,,,,,,,,,,,,,,,,,,,,,,,,,,,,,,,,,,,,,,,
GNP,plains,,Davis,2022,MASTER_GNP bison_genetic data,989002005809834,852,,173,173,191,191,241,241,238,254,87,89,192,198,215,215,143,149,150,162,108,114,181,181,96,98,127,127,103,104,114,118,161,167,231,231,194,194,187,187,115,115,158,158,89,91,100,90,135,147,146,146,91,91,195,195,95,99,158,160,170,170,148,150,168,168,89,89,91,95,173,175,140,146,172,172,106,108,102,104,83,83,262,262,89,93,143,143,122,124,228,236,144,160,118,130,250,254,142,142,153,159,132,136,149,151,,,,,,,,,,,,,,,,,,,,,,,,,,,,,,,,,,,,,,,,,,,,,,,,,,,,,,,,,
GNP,plains,,Davis,2022,MASTER_GNP bison_genetic data,989002005810023,853,,161,165,191,191,241,271,238,238,87,89,190,192,211,215,129,149,158,164,112,118,179,181,98,98,127,131,103,103,114,120,161,167,231,231,194,200,175,185,115,115,154,160,89,89,88,90,135,135,146,148,87,87,191,195,95,95,143,161,162,168,140,140,168,186,83,89,92,92,173,175,140,140,172,172,108,110,104,112,83,83,262,262,101,97,143,143,122,124,228,228,144,158,130,130,246,252,148,148,155,155,136,138,149,151,,,,,,,,,,,,,,,,,,,,,,,,,,,,,,,,,,,,,,,,,,,,,,,,,,,,,,,,,
GNP,plains,,Davis,2022,MASTER_GNP bison_genetic data,989002005815226,948,,165,173,177,191,241,249,232,250,85,87,180,198,202,207,129,149,152,164,118,118,165,185,96,96,127,127,105,107,118,118,167,167,231,233,194,200,175,185,108,115,154,158,89,91,100,90,135,147,146,146,87,91,191,191,101,101,143,160,144,158,140,140,170,176,89,89,92,95,159,173,146,146,172,172,108,108,104,104,83,83,260,262,105,93,143,143,124,124,228,228,154,158,130,130,246,250,142,148,155,155,134,136,149,151,,,,,,,,,,,,,,,,,,,,,,,,,,,,,,,,,,,,,,,,,,,,,,,,,,,,,,,,,
GNP,plains,,Davis,2022,MASTER_GNP bison_genetic data,989002005815532,962,,161,161,177,179,241,271,238,238,87,87,180,184,211,211,143,143,150,152,116,118,181,183,92,98,127,131,103,105,118,118,161,167,231,231,194,194,175,187,115,115,158,158,89,91,102,90,147,147,146,146,87,91,195,195,95,99,161,161,158,170,140,150,168,168,89,89,92,95,163,177,146,146,172,172,108,108,104,104,83,83,260,262,93,93,143,147,124,124,228,240,144,154,118,130,250,250,142,148,155,155,136,138,149,149,,,,,,,,,,,,,,,,,,,,,,,,,,,,,,,,,,,,,,,,,,,,,,,,,,,,,,,,,
GNP,plains,,Davis,2022,MASTER_GNP bison_genetic data,989002005816268,1020,,161,165,191,191,253,253,250,250,89,89,184,192,211,211,143,149,150,156,118,118,179,179,96,96,131,131,105,105,122,122,167,167,231,231,200,200,181,187,115,115,154,158,91,91,102,88,135,135,146,146,87,91,191,195,95,99,160,160,158,168,140,150,168,168,83,83,92,92,167,175,146,146,172,180,108,108,102,102,83,83,256,262,89,93,143,143,124,124,238,240,154,154,130,134,250,254,142,142,155,155,136,136,149,151,,,,,,,,,,,,,,,,,,,,,,,,,,,,,,,,,,,,,,,,,,,,,,,,,,,,,,,,,
GNP,plains,,Davis,2022,MASTER_GNP bison_genetic data,989002005817647,879,,161,173,191,191,241,271,238,238,87,89,180,184,211,215,129,143,150,158,116,118,179,183,98,98,131,131,103,105,122,122,161,161,225,231,194,194,187,187,109,115,154,156,91,91,90,90,135,135,146,154,87,87,191,191,99,99,143,160,164,168,127,140,170,170,89,95,92,95,175,175,140,150,172,174,106,108,104,104,83,83,260,260,97,97,143,143,122,126,238,240,144,156,134,134,250,250,138,148,153,153,136,136,151,153,,,,,,,,,,,,,,,,,,,,,,,,,,,,,,,,,,,,,,,,,,,,,,,,,,,,,,,,,
GNP,plains,,Davis,2022,MASTER_GNP bison_genetic data,989002005817967,854,,161,161,177,181,241,253,238,238,85,87,184,184,211,215,129,149,158,164,114,116,181,183,92,96,129,131,103,103,114,118,167,167,231,233,200,200,179,187,113,115,154,154,89,91,102,90,135,147,154,154,87,89,195,195,95,95,160,161,162,170,140,148,168,172,89,91,92,95,165,177,140,146,172,180,108,110,104,106,83,83,262,262,89,97,143,145,124,124,236,240,154,160,130,130,246,250,142,148,155,159,136,138,149,149,,,,,,,,,,,,,,,,,,,,,,,,,,,,,,,,,,,,,,,,,,,,,,,,,,,,,,,,,
GNP,plains,,Davis,2022,MASTER_GNP bison_genetic data,989002005818095,897,,161,161,179,181,241,247,238,238,85,87,180,196,205,207,129,143,162,162,108,114,179,181,98,98,125,127,103,104,118,122,161,161,231,231,194,200,175,187,108,108,158,160,89,89,100,88,135,135,148,150,87,91,191,195,101,101,143,161,144,144,140,150,168,172,83,89,91,92,159,167,140,148,172,172,108,110,104,104,81,83,260,262,101,89,143,143,122,124,240,240,144,156,130,130,250,250,142,148,155,155,136,136,151,151,,,,,,,,,,,,,,,,,,,,,,,,,,,,,,,,,,,,,,,,,,,,,,,,,,,,,,,,,
GNP,plains,,Davis,2022,MASTER_GNP bison_genetic data,989002005820524,1041,,161,161,179,191,241,241,238,238,87,89,180,184,201,202,143,149,152,162,108,118,179,181,96,98,131,131,103,105,118,118,167,167,229,231,200,200,185,187,115,115,154,156,89,91,90,90,135,135,146,150,87,91,195,195,103,99,160,170,158,158,127,140,168,172,89,89,91,92,163,173,146,146,172,172,108,108,104,104,83,83,262,262,91,97,143,147,124,124,228,240,144,154,130,130,250,250,148,150,155,155,136,138,149,151,,,,,,,,,,,,,,,,,,,,,,,,,,,,,,,,,,,,,,,,,,,,,,,,,,,,,,,,,
GNP,plains,,Davis,2022,MASTER_GNP bison_genetic data,989002005823971,923,,161,165,191,191,247,271,238,238,91,91,180,198,207,211,143,149,150,158,116,118,165,183,92,98,125,129,103,103,118,118,161,161,231,233,194,194,175,187,113,115,158,158,89,91,88,90,135,147,146,150,87,91,189,189,101,99,160,161,142,158,140,150,170,172,83,91,92,92,165,173,146,150,172,178,106,106,106,112,81,83,260,262,93,93,143,145,122,122,240,240,156,158,118,130,250,252,148,150,153,153,136,136,149,151,,,,,,,,,,,,,,,,,,,,,,,,,,,,,,,,,,,,,,,,,,,,,,,,,,,,,,,,,
GNP,plains,,Davis,2022,MASTER_GNP bison_genetic data,989002006077645,885,,173,173,191,191,241,241,238,238,87,87,184,198,201,211,143,149,150,164,108,118,165,181,98,98,125,131,103,105,122,122,161,161,231,231,194,200,179,191,113,115,154,154,89,91,90,90,147,147,146,146,85,87,195,195,101,99,158,161,162,168,140,150,170,186,89,89,92,92,163,175,146,146,172,172,106,108,102,102,83,83,260,262,101,93,143,143,122,124,228,240,156,156,130,130,246,254,150,150,153,155,136,136,149,151,,,,,,,,,,,,,,,,,,,,,,,,,,,,,,,,,,,,,,,,,,,,,,,,,,,,,,,,,
GNP,plains,,Davis,2022,MASTER_GNP bison_genetic data,989002006084611,1008,,161,165,191,191,241,249,232,238,87,87,180,180,205,205,129,149,150,158,108,118,179,179,92,96,127,127,105,107,114,114,161,161,229,231,194,202,175,175,108,115,156,158,91,93,88,88,135,141,146,154,87,91,189,195,95,95,160,160,162,164,127,150,168,170,83,89,92,95,163,173,146,146,172,178,108,110,102,102,81,83,260,262,105,93,143,145,122,126,238,240,154,158,130,130,250,250,148,148,155,157,136,138,145,149,,,,,,,,,,,,,,,,,,,,,,,,,,,,,,,,,,,,,,,,,,,,,,,,,,,,,,,,,
GNP,plains,NCB5398,Davis,20-Feb-24,NCB5398_5482_Diversity Report,NCB5398,NCB5398,,161,173,181,191,241,249,238,238,87,89,192,198,205,205,129,143,150,150,114,118,179,181,104,92,127,127,103,103,,,161,161,229,231,194,200,179,187,,,154,156,91,91,102,88,135,135,146,148,89,91,191,195,95,95,143,160,144,168,140,142,170,172,83,89,92,95,175,175,140,150,172,178,108,108,100,104,83,83,260,262,89,89,143,143,124,126,228,238,144,160,130,134,246,250,142,148,155,159,136,136,149,149,,,,,,,,,,,,,,,,,,,,,,,,,,,,,,,,,,,,,,,,,,,,,,,,,,,,,,,,,
GNP,plains,NCB5399,Davis,20-Feb-24,NCB5398_5482_Diversity Report,NCB5399,NCB5399,,161,173,191,191,241,253,238,238,87,87,180,184,207,211,143,149,158,164,114,118,179,179,104,92,129,131,103,105,,,161,161,229,231,194,200,175,187,,,156,158,89,89,100,102,135,135,146,146,91,91,191,195,99,99,158,161,162,170,140,140,168,168,83,89,92,95,163,167,146,146,172,172,106,108,104,104,81,83,260,262,105,93,143,147,124,124,228,238,154,156,130,130,250,254,148,150,153,155,136,136,145,149,,,,,,,,,,,,,,,,,,,,,,,,,,,,,,,,,,,,,,,,,,,,,,,,,,,,,,,,,
GNP,plains,NCB5400,Davis,20-Feb-24,NCB5398_5482_Diversity Report,NCB5400,NCB5400,,161,165,181,191,241,249,232,238,87,87,184,192,205,205,129,129,158,162,108,118,179,181,104,98,127,129,103,107,,,161,161,229,231,194,200,185,185,,,158,158,91,91,88,90,135,147,146,146,91,91,191,195,95,99,160,161,156,160,127,127,168,170,89,89,92,95,175,177,140,140,172,172,108,108,102,104,83,85,262,262,93,93,143,145,124,124,228,228,144,156,130,130,246,250,138,142,155,155,136,136,149,149,,,,,,,,,,,,,,,,,,,,,,,,,,,,,,,,,,,,,,,,,,,,,,,,,,,,,,,,,
GNP,plains,NCB5401,Davis,20-Feb-24,NCB5398_5482_Diversity Report,NCB5401,NCB5401,,161,161,191,193,241,241,238,252,87,89,180,198,211,211,143,149,150,158,116,118,165,165,96,96,131,131,105,105,,,161,161,229,231,194,200,175,175,,,154,156,89,91,88,88,135,135,146,154,87,87,189,195,95,99,143,161,144,162,140,148,170,186,89,89,91,94,163,175,146,150,172,172,106,110,104,104,83,83,262,262,89,89,143,143,122,124,240,240,154,154,130,130,244,246,142,142,155,155,136,136,149,151,,,,,,,,,,,,,,,,,,,,,,,,,,,,,,,,,,,,,,,,,,,,,,,,,,,,,,,,,
GNP,plains,NCB5402,Davis,20-Feb-24,NCB5398_5482_Diversity Report,NCB5402,NCB5402,,161,161,181,191,241,241,238,238,87,89,198,198,205,211,129,143,150,150,108,108,179,183,92,92,125,127,103,105,,,161,161,229,229,194,200,175,185,,,158,158,91,91,88,90,141,141,146,146,87,87,191,195,95,95,143,143,144,158,127,127,170,186,89,89,91,95,175,177,146,148,172,180,108,110,102,102,81,83,262,262,101,105,143,143,122,124,228,228,144,154,130,130,254,254,138,142,151,155,138,138,149,151,,,,,,,,,,,,,,,,,,,,,,,,,,,,,,,,,,,,,,,,,,,,,,,,,,,,,,,,,
GNP,plains,NCB5403,Davis,20-Feb-24,NCB5398_5482_Diversity Report,NCB5403,NCB5403,,161,161,181,191,249,249,238,250,87,91,180,180,207,211,149,149,156,162,108,118,179,179,92,98,129,131,103,103,,,161,161,225,229,194,202,175,175,,,154,156,89,91,88,88,135,141,146,154,87,91,189,195,95,99,158,170,162,162,127,150,168,176,89,89,92,95,173,175,140,150,172,178,108,108,104,104,83,83,262,262,93,93,143,143,122,122,240,240,156,156,130,134,250,254,142,148,153,159,134,136,149,151,,,,,,,,,,,,,,,,,,,,,,,,,,,,,,,,,,,,,,,,,,,,,,,,,,,,,,,,,
GNP,plains,NCB5404,Davis,20-Feb-24,NCB5398_5482_Diversity Report,NCB5404,NCB5404,,165,165,191,191,249,253,238,238,85,87,180,192,211,211,129,143,150,162,114,118,165,179,92,98,127,127,105,105,,,167,167,231,231,194,200,185,187,,,154,156,91,91,90,90,137,147,146,154,87,87,191,195,95,95,160,161,158,168,127,150,168,170,83,89,92,92,175,175,140,146,172,172,108,110,104,104,83,83,256,260,89,91,143,147,122,124,228,228,154,156,130,130,246,250,142,142,155,159,136,136,149,151,,,,,,,,,,,,,,,,,,,,,,,,,,,,,,,,,,,,,,,,,,,,,,,,,,,,,,,,,
GNP,plains,NCB5405,Davis,20-Feb-24,NCB5398_5482_Diversity Report,NCB5405,NCB5405,,161,165,179,191,249,249,232,252,87,89,190,198,205,207,129,129,156,158,116,118,179,179,104,92,127,129,103,105,,,165,167,229,229,194,194,175,187,,,158,158,89,91,100,90,135,137,146,150,89,91,191,195,95,99,143,160,162,170,140,148,186,186,89,89,91,92,159,165,140,146,172,172,106,108,102,102,81,83,260,262,105,93,143,147,122,132,228,240,156,158,118,130,250,252,142,150,153,155,134,138,145,149,,,,,,,,,,,,,,,,,,,,,,,,,,,,,,,,,,,,,,,,,,,,,,,,,,,,,,,,,
GNP,plains,NCB5406,Davis,20-Feb-24,NCB5398_5482_Diversity Report,NCB5406,NCB5406,,161,161,191,191,241,247,250,250,87,87,180,184,211,211,149,149,158,164,114,118,179,179,92,98,127,127,103,103,,,167,167,229,229,194,194,175,187,,,158,158,91,91,102,102,135,135,146,148,87,91,195,195,99,99,160,161,142,170,140,140,168,168,89,89,91,92,163,173,140,146,172,172,108,108,104,104,83,83,260,262,89,93,147,147,124,124,240,240,154,158,130,130,250,250,142,142,153,155,136,136,149,151,,,,,,,,,,,,,,,,,,,,,,,,,,,,,,,,,,,,,,,,,,,,,,,,,,,,,,,,,
GNP,plains,NCB5407,Davis,20-Feb-24,NCB5398_5482_Diversity Report,NCB5407,NCB5407,,165,173,179,191,241,271,238,250,87,89,184,184,205,211,143,149,150,158,116,116,165,183,92,92,125,129,103,103,,,161,161,231,233,194,194,175,185,,,154,158,89,93,100,90,135,147,146,146,89,91,191,191,101,95,143,160,142,144,140,148,168,168,83,89,91,95,163,163,140,146,172,178,108,108,100,102,81,83,260,262,89,91,143,143,124,124,228,236,144,154,130,130,246,254,142,150,155,155,138,138,145,151,,,,,,,,,,,,,,,,,,,,,,,,,,,,,,,,,,,,,,,,,,,,,,,,,,,,,,,,,
GNP,plains,NCB5408,Davis,20-Feb-24,NCB5398_5482_Diversity Report,NCB5408,NCB5408,,161,173,181,191,249,249,238,252,87,91,192,198,205,205,143,149,158,158,114,118,179,181,92,98,129,131,103,105,,,161,167,231,231,194,200,179,185,,,154,158,89,91,102,88,135,135,146,146,87,87,189,189,101,99,160,161,164,168,140,140,168,186,89,89,92,95,163,175,140,146,172,180,106,106,102,102,81,83,260,262,91,93,143,145,122,124,228,238,158,158,134,134,250,252,142,142,153,155,136,136,145,145,,,,,,,,,,,,,,,,,,,,,,,,,,,,,,,,,,,,,,,,,,,,,,,,,,,,,,,,,
GNP,plains,NCB5409,Davis,20-Feb-24,NCB5398_5482_Diversity Report,NCB5409,NCB5409,,161,165,191,191,241,253,250,250,87,89,184,192,211,211,129,129,156,158,108,118,179,183,92,96,131,131,103,104,,,167,167,229,229,194,200,185,185,,,154,156,91,93,100,90,135,147,146,146,87,91,191,191,95,99,160,160,144,158,140,150,168,176,83,89,92,95,159,175,140,146,180,180,106,108,104,106,81,83,262,262,89,89,143,147,124,124,240,240,154,160,118,130,254,254,138,142,155,155,136,136,149,151,,,,,,,,,,,,,,,,,,,,,,,,,,,,,,,,,,,,,,,,,,,,,,,,,,,,,,,,,
GNP,plains,NCB5410,Davis,20-Feb-24,NCB5398_5482_Diversity Report,NCB5410,NCB5410,,161,165,181,191,241,253,238,238,87,91,184,190,205,211,129,149,158,162,116,118,179,181,92,96,127,127,103,103,,,161,167,231,231,194,194,185,187,,,158,160,91,91,88,88,135,135,146,148,87,91,189,189,95,99,143,160,142,158,127,127,168,176,83,89,92,92,175,177,146,146,172,180,108,108,106,112,83,83,260,262,105,93,143,145,122,124,228,236,158,158,130,130,250,250,142,148,155,155,136,138,149,149,,,,,,,,,,,,,,,,,,,,,,,,,,,,,,,,,,,,,,,,,,,,,,,,,,,,,,,,,
GNP,plains,NCB5411,Davis,20-Feb-24,NCB5398_5482_Diversity Report,NCB5411,NCB5411,,161,165,181,191,245,271,232,238,87,87,198,198,205,211,129,129,158,164,108,116,179,181,98,98,127,131,103,104,,,161,167,231,231,194,200,179,187,,,156,158,89,93,88,90,135,135,146,148,87,87,191,195,95,95,160,160,142,162,140,140,168,172,89,91,94,95,167,175,140,146,172,172,108,110,102,102,83,83,260,262,91,91,143,143,122,124,228,228,144,156,130,130,250,250,148,150,151,159,134,138,149,149,,,,,,,,,,,,,,,,,,,,,,,,,,,,,,,,,,,,,,,,,,,,,,,,,,,,,,,,,
GNP,plains,NCB5412,Davis,20-Feb-24,NCB5398_5482_Diversity Report,NCB5412,NCB5412,,161,161,191,191,241,241,232,238,87,87,180,198,207,211,129,129,150,158,116,118,179,181,98,98,127,131,103,107,,,167,167,231,231,194,202,179,185,,,158,158,89,91,100,102,135,147,146,146,87,89,191,195,95,95,160,160,142,144,140,150,172,172,83,89,92,95,159,167,146,146,172,178,106,108,104,104,83,83,262,262,105,89,143,143,124,124,228,240,144,156,130,134,250,252,142,148,151,155,136,138,149,149,,,,,,,,,,,,,,,,,,,,,,,,,,,,,,,,,,,,,,,,,,,,,,,,,,,,,,,,,
GNP,plains,NCB5413,Davis,20-Feb-24,NCB5398_5482_Diversity Report,NCB5413,NCB5413,,161,161,191,191,253,253,238,250,87,91,180,180,207,211,129,149,150,158,114,118,179,181,92,96,125,131,103,105,,,161,161,229,233,200,200,187,187,,,154,154,89,91,90,90,135,141,146,146,87,91,189,195,103,95,160,161,162,168,140,148,168,186,83,89,92,92,163,165,146,148,172,172,108,108,100,104,83,83,262,262,91,93,143,145,124,124,228,240,144,156,130,130,246,254,142,148,153,155,136,138,149,149,,,,,,,,,,,,,,,,,,,,,,,,,,,,,,,,,,,,,,,,,,,,,,,,,,,,,,,,,
GNP,plains,NCB5414,Davis,20-Feb-24,NCB5398_5482_Diversity Report,NCB5414,NCB5414,,161,173,191,191,245,245,238,252,87,87,198,198,202,211,143,143,150,162,114,118,179,179,92,98,125,131,103,105,,,167,167,229,231,194,194,187,187,,,158,158,91,91,90,90,135,135,146,150,91,91,195,195,95,95,143,143,162,168,140,140,168,172,83,83,92,95,163,177,146,146,172,172,108,108,104,104,81,83,262,262,101,89,147,147,122,124,228,240,156,158,130,130,250,254,142,150,153,155,136,136,149,149,,,,,,,,,,,,,,,,,,,,,,,,,,,,,,,,,,,,,,,,,,,,,,,,,,,,,,,,,
GNP,plains,NCB5415,Davis,20-Feb-24,NCB5398_5482_Diversity Report,NCB5415,NCB5415,,165,165,191,191,241,271,232,238,87,87,180,198,205,211,143,143,150,158,108,118,179,179,104,98,131,131,103,103,,,161,165,229,229,190,200,175,185,,,158,158,89,91,88,90,135,147,146,148,85,91,191,195,95,95,143,143,142,164,127,140,168,186,89,89,91,92,173,175,140,140,172,172,106,108,102,102,83,83,262,262,105,97,145,147,124,124,238,240,154,158,130,130,246,254,142,148,155,159,136,136,149,149,,,,,,,,,,,,,,,,,,,,,,,,,,,,,,,,,,,,,,,,,,,,,,,,,,,,,,,,,
GNP,plains,NCB5416,Davis,20-Feb-24,NCB5398_5482_Diversity Report,NCB5416,NCB5416,,161,173,191,191,241,249,238,238,87,91,180,198,205,211,143,149,152,158,118,118,179,181,92,92,127,127,103,103,,,161,161,229,231,194,194,175,187,,,154,156,91,91,88,90,135,135,146,150,85,91,191,191,103,95,143,170,162,164,140,140,168,168,89,89,92,92,163,175,146,146,172,172,106,110,104,104,81,83,262,262,89,91,143,143,122,126,238,240,154,156,118,134,246,250,142,142,155,159,136,138,149,149,,,,,,,,,,,,,,,,,,,,,,,,,,,,,,,,,,,,,,,,,,,,,,,,,,,,,,,,,
GNP,plains,NCB5417,Davis,20-Feb-24,NCB5398_5482_Diversity Report,NCB5417,NCB5417,,165,173,181,191,241,271,250,250,85,89,180,180,205,205,129,143,150,158,118,118,179,185,92,92,123,129,103,103,,,167,167,229,229,194,200,185,185,,,158,160,89,91,88,88,135,137,146,146,87,87,191,195,101,99,143,160,144,168,127,142,172,186,83,89,91,95,175,177,140,146,180,180,106,108,104,106,81,81,262,262,105,97,143,143,124,124,228,236,144,156,130,130,246,250,138,150,153,155,134,138,145,149,,,,,,,,,,,,,,,,,,,,,,,,,,,,,,,,,,,,,,,,,,,,,,,,,,,,,,,,,
GNP,plains,NCB5418,Davis,20-Feb-24,NCB5398_5482_Diversity Report,NCB5418,NCB5418,,165,173,179,191,241,241,238,250,87,89,180,184,205,211,129,149,150,158,116,118,179,183,104,92,125,125,103,103,,,167,167,229,229,190,194,175,185,,,158,158,89,89,88,90,135,135,146,150,91,91,189,191,101,99,143,161,144,170,127,148,168,170,89,89,92,95,163,175,146,146,172,172,108,108,104,104,81,81,262,262,105,89,143,143,122,122,228,238,144,156,130,130,254,254,142,148,153,155,136,138,149,151,,,,,,,,,,,,,,,,,,,,,,,,,,,,,,,,,,,,,,,,,,,,,,,,,,,,,,,,,
GNP,plains,NCB5419,Davis,20-Feb-24,NCB5398_5482_Diversity Report,NCB5419,NCB5419,,165,165,179,191,241,241,238,238,87,87,184,184,205,205,143,149,150,152,114,118,181,183,92,98,131,131,103,107,,,161,167,231,231,194,194,175,187,,,154,158,89,91,90,90,135,135,146,146,87,91,191,195,95,95,143,143,158,170,140,140,168,168,89,89,91,95,175,177,140,150,172,180,106,108,100,100,81,83,260,262,89,93,143,143,122,124,228,240,154,154,130,130,250,254,150,150,155,155,138,138,149,151,,,,,,,,,,,,,,,,,,,,,,,,,,,,,,,,,,,,,,,,,,,,,,,,,,,,,,,,,
GNP,plains,NCB5420,Davis,20-Feb-24,NCB5398_5482_Diversity Report,NCB5420,NCB5420,,161,173,179,181,241,271,250,252,85,89,184,192,205,211,149,149,150,158,116,118,179,179,92,92,127,131,107,107,,,161,167,231,231,194,200,185,187,,,154,158,89,91,88,90,135,135,146,146,89,91,189,191,95,99,143,161,162,170,140,148,168,186,89,91,91,92,163,175,140,146,172,180,106,106,112,112,81,83,260,262,89,91,143,145,122,124,228,240,144,154,130,130,250,254,142,150,153,155,138,138,149,149,,,,,,,,,,,,,,,,,,,,,,,,,,,,,,,,,,,,,,,,,,,,,,,,,,,,,,,,,
GNP,plains,NCB5421,Davis,20-Feb-24,NCB5398_5482_Diversity Report,NCB5421,NCB5421,,161,161,177,181,245,249,238,238,87,89,184,198,207,211,129,143,156,158,118,118,179,181,96,98,131,131,103,105,,,161,167,229,231,200,200,187,187,,,158,160,89,91,90,90,135,141,146,146,87,91,191,195,95,99,160,161,168,170,140,140,172,186,83,89,95,95,167,175,146,150,172,176,106,108,104,104,83,83,262,262,89,91,143,143,122,124,238,240,154,156,118,118,250,254,142,148,155,159,136,138,149,153,,,,,,,,,,,,,,,,,,,,,,,,,,,,,,,,,,,,,,,,,,,,,,,,,,,,,,,,,
GNP,plains,NCB5422,Davis,20-Feb-24,NCB5398_5482_Diversity Report,NCB5422,NCB5422,,161,165,181,191,241,247,238,250,87,89,180,184,211,211,143,149,150,156,114,114,165,183,92,98,125,127,103,107,,,161,167,231,231,200,200,175,185,,,158,158,89,91,90,90,135,135,146,146,87,91,191,195,95,99,143,160,144,168,127,148,168,168,83,89,92,92,163,165,146,146,180,180,108,108,104,104,83,83,256,262,89,89,143,143,124,124,228,240,144,154,130,130,254,254,142,142,155,155,136,138,149,149,,,,,,,,,,,,,,,,,,,,,,,,,,,,,,,,,,,,,,,,,,,,,,,,,,,,,,,,,
GNP,plains,NCB5423,Davis,20-Feb-24,NCB5398_5482_Diversity Report,NCB5423,NCB5423,,161,165,179,181,247,253,238,250,87,91,180,198,205,207,129,143,150,158,108,116,181,181,92,96,123,129,103,103,,,161,167,225,229,194,194,175,187,,,158,160,91,91,88,88,135,135,146,150,87,87,189,195,95,95,160,165,144,162,127,140,168,170,89,89,91,92,165,177,146,146,172,180,106,108,102,104,83,83,262,262,89,93,143,143,122,124,236,240,156,156,130,134,250,254,148,150,155,155,136,136,145,149,,,,,,,,,,,,,,,,,,,,,,,,,,,,,,,,,,,,,,,,,,,,,,,,,,,,,,,,,
GNP,plains,NCB5424,Davis,20-Feb-24,NCB5398_5482_Diversity Report,NCB5424,NCB5424,,161,165,191,191,241,241,238,238,87,87,180,184,202,211,129,143,158,162,108,114,181,183,92,92,127,131,105,105,,,161,161,229,231,194,200,175,187,,,154,154,91,91,100,88,135,137,146,150,87,87,195,195,95,95,154,158,170,170,140,148,168,174,89,89,91,95,173,175,146,150,172,172,106,108,102,104,81,83,256,260,101,91,143,143,124,124,228,236,154,158,134,134,246,250,142,148,153,155,136,138,149,149,,,,,,,,,,,,,,,,,,,,,,,,,,,,,,,,,,,,,,,,,,,,,,,,,,,,,,,,,
GNP,plains,NCB5425,Davis,20-Feb-24,NCB5398_5482_Diversity Report,NCB5425,NCB5425,,161,165,181,191,245,253,232,250,87,89,180,196,207,211,143,143,158,164,108,108,179,183,92,98,123,131,103,105,,,167,167,229,231,194,194,179,185,,,158,158,89,91,88,90,135,147,146,146,87,91,191,195,95,99,143,161,158,168,140,142,170,176,83,89,92,92,175,177,140,140,172,180,108,108,104,104,83,83,260,262,89,89,143,145,122,124,240,240,144,156,130,130,246,250,142,148,153,155,136,138,149,149,,,,,,,,,,,,,,,,,,,,,,,,,,,,,,,,,,,,,,,,,,,,,,,,,,,,,,,,,
GNP,plains,NCB5426,Davis,20-Feb-24,NCB5398_5482_Diversity Report,NCB5426,NCB5426,,161,165,191,191,247,253,238,250,87,87,180,184,205,211,149,149,158,164,108,118,179,183,98,98,131,131,103,103,,,167,167,229,229,200,200,175,187,,,154,158,91,91,90,90,135,135,148,150,91,91,189,189,95,95,160,161,164,168,127,140,176,176,89,89,91,92,163,167,140,146,172,176,108,108,104,104,81,85,262,262,105,89,143,143,124,124,228,240,156,156,118,130,252,254,142,142,153,155,136,136,149,149,,,,,,,,,,,,,,,,,,,,,,,,,,,,,,,,,,,,,,,,,,,,,,,,,,,,,,,,,
GNP,plains,NCB5427,Davis,20-Feb-24,NCB5398_5482_Diversity Report,NCB5427,NCB5427,,161,161,181,181,253,271,232,250,85,87,180,184,211,211,143,149,158,162,114,118,179,181,96,98,127,127,103,103,,,161,167,231,231,200,200,185,187,,,158,160,89,91,100,90,135,135,146,150,87,91,191,195,99,99,143,143,158,158,140,140,168,168,83,89,91,95,163,177,140,146,172,178,106,108,102,104,81,83,262,262,91,93,145,147,122,122,240,240,154,158,130,130,250,254,142,150,157,159,136,136,145,149,,,,,,,,,,,,,,,,,,,,,,,,,,,,,,,,,,,,,,,,,,,,,,,,,,,,,,,,,
GNP,plains,NCB5428,Davis,20-Feb-24,NCB5398_5482_Diversity Report,NCB5428,NCB5428,,161,173,181,191,241,271,238,238,85,89,192,198,205,205,129,143,162,164,114,118,179,183,104,96,127,131,103,103,,,161,161,229,229,200,202,185,185,,,154,154,89,91,102,90,135,147,146,150,87,91,195,195,95,99,143,161,160,164,127,148,170,170,83,89,92,94,173,175,140,140,174,180,106,108,104,104,83,85,262,262,101,89,143,143,122,124,228,236,156,160,130,130,246,254,138,142,155,159,136,138,149,149,,,,,,,,,,,,,,,,,,,,,,,,,,,,,,,,,,,,,,,,,,,,,,,,,,,,,,,,,
GNP,plains,NCB5429,Davis,20-Feb-24,NCB5398_5482_Diversity Report,NCB5429,NCB5429,,161,165,191,191,241,249,238,250,89,89,180,192,211,211,129,149,158,158,116,118,179,181,104,96,131,131,103,105,,,161,167,229,231,200,200,187,187,,,158,158,91,91,88,90,135,135,146,150,87,87,191,195,95,99,160,161,158,168,140,140,168,186,83,89,91,91,163,173,140,150,172,180,108,108,102,102,81,83,260,262,89,97,145,147,122,124,238,240,144,154,118,134,250,252,142,142,159,159,136,138,149,149,,,,,,,,,,,,,,,,,,,,,,,,,,,,,,,,,,,,,,,,,,,,,,,,,,,,,,,,,
GNP,plains,NCB5430,Davis,20-Feb-24,NCB5398_5482_Diversity Report,NCB5430,NCB5430,,161,173,179,191,241,271,238,238,89,89,180,184,201,211,143,143,150,164,114,118,181,183,92,98,127,131,103,105,,,167,167,231,231,194,200,175,175,,,154,158,91,91,100,90,135,147,146,148,87,87,191,191,95,99,158,160,142,170,148,150,168,170,89,95,91,95,163,175,140,140,172,180,106,108,102,104,81,83,256,262,101,89,143,143,122,124,228,240,154,156,118,130,250,250,142,142,155,157,136,136,149,151,,,,,,,,,,,,,,,,,,,,,,,,,,,,,,,,,,,,,,,,,,,,,,,,,,,,,,,,,
GNP,plains,NCB5431,Davis,20-Feb-24,NCB5398_5482_Diversity Report,NCB5431,NCB5431,,161,165,179,191,241,249,232,238,87,87,180,184,205,205,129,149,150,162,114,114,179,181,98,98,127,127,103,105,,,161,161,231,231,200,200,175,187,,,154,160,91,91,88,90,147,147,146,150,91,91,195,195,99,99,160,161,142,168,140,150,176,176,89,89,92,94,163,175,146,150,172,172,108,108,104,104,83,83,260,262,93,93,143,147,122,122,236,240,158,158,118,130,250,252,142,148,157,159,136,136,149,149,,,,,,,,,,,,,,,,,,,,,,,,,,,,,,,,,,,,,,,,,,,,,,,,,,,,,,,,,
GNP,plains,NCB5432,Davis,20-Feb-24,NCB5398_5482_Diversity Report,NCB5432,NCB5432,,161,161,181,191,241,271,238,238,89,89,180,184,205,211,143,149,158,162,114,118,179,185,92,98,127,127,103,103,,,167,167,229,233,200,200,175,187,,,154,158,89,91,100,88,135,147,146,146,87,91,189,191,101,95,160,160,164,170,140,150,168,176,83,83,95,95,175,177,140,146,172,178,106,108,104,104,83,83,256,262,93,93,143,143,124,124,236,240,158,158,130,130,250,250,142,142,155,159,136,136,149,151,,,,,,,,,,,,,,,,,,,,,,,,,,,,,,,,,,,,,,,,,,,,,,,,,,,,,,,,,
GNP,plains,NCB5433,Davis,20-Feb-24,NCB5398_5482_Diversity Report,NCB5433,NCB5433,,161,161,191,191,253,271,232,238,87,89,190,198,211,215,143,149,150,158,108,114,179,179,98,98,125,131,103,103,,,161,167,225,229,194,194,175,187,,,154,154,89,91,90,90,135,135,150,150,87,91,191,195,95,99,158,170,144,158,140,140,172,186,89,89,95,95,163,175,146,150,172,180,108,108,106,106,83,85,256,262,89,97,143,143,122,124,224,228,154,156,130,130,246,250,148,148,155,155,136,138,149,151,,,,,,,,,,,,,,,,,,,,,,,,,,,,,,,,,,,,,,,,,,,,,,,,,,,,,,,,,
GNP,plains,NCB5434,Davis,20-Feb-24,NCB5398_5482_Diversity Report,NCB5434,NCB5434,,161,161,191,191,241,241,238,238,87,89,180,184,205,211,129,143,158,158,108,108,179,179,92,98,131,131,103,105,,,167,167,231,231,194,194,185,187,,,154,160,91,91,88,88,135,137,146,150,87,87,189,195,101,95,161,161,144,158,140,148,168,174,89,89,91,92,163,177,146,146,172,172,106,108,106,106,83,83,262,262,93,97,143,143,122,124,240,240,154,156,130,130,250,254,142,142,155,155,136,136,143,149,,,,,,,,,,,,,,,,,,,,,,,,,,,,,,,,,,,,,,,,,,,,,,,,,,,,,,,,,
GNP,plains,NCB5435,Davis,20-Feb-24,NCB5398_5482_Diversity Report,NCB5435,NCB5435,,161,165,177,191,245,271,238,238,87,87,180,198,205,211,127,149,158,158,114,116,179,185,104,96,127,129,103,103,,,165,167,229,233,194,194,175,187,,,158,158,89,89,88,90,135,135,146,146,87,91,191,191,95,99,160,170,158,158,140,142,170,186,89,89,92,92,165,177,140,146,172,172,108,110,104,104,81,83,260,262,105,91,145,147,122,124,240,240,144,154,130,130,246,254,142,142,153,155,134,136,145,149,,,,,,,,,,,,,,,,,,,,,,,,,,,,,,,,,,,,,,,,,,,,,,,,,,,,,,,,,
GNP,plains,NCB5436,Davis,20-Feb-24,NCB5398_5482_Diversity Report,NCB5436,NCB5436,,161,165,191,191,241,249,238,238,87,87,198,198,205,215,143,143,158,158,118,118,179,183,92,96,127,129,103,105,,,161,167,229,231,194,194,185,187,,,154,158,91,93,88,90,135,141,146,146,87,91,189,195,95,99,143,143,168,170,140,140,168,186,89,89,92,95,163,177,140,146,172,180,108,112,106,106,83,83,262,262,89,91,143,143,122,124,228,240,154,158,130,130,250,250,142,142,153,155,136,138,145,151,,,,,,,,,,,,,,,,,,,,,,,,,,,,,,,,,,,,,,,,,,,,,,,,,,,,,,,,,
GNP,plains,NCB5437,Davis,20-Feb-24,NCB5398_5482_Diversity Report,NCB5437,NCB5437,,161,161,181,191,241,271,238,250,85,89,180,180,207,211,127,129,150,158,116,118,183,183,92,96,131,131,103,105,,,161,167,229,231,194,200,179,185,,,154,154,91,91,100,90,135,135,146,146,87,87,191,195,95,97,158,170,168,170,127,150,170,172,89,95,91,95,163,175,146,146,172,172,108,108,104,106,83,83,262,262,89,93,143,143,122,124,236,240,156,156,118,130,250,252,142,148,153,155,136,136,149,149,,,,,,,,,,,,,,,,,,,,,,,,,,,,,,,,,,,,,,,,,,,,,,,,,,,,,,,,,
GNP,plains,NCB5438,Davis,20-Feb-24,NCB5398_5482_Diversity Report,NCB5438,NCB5438,,161,161,177,191,245,249,238,250,87,87,180,196,211,211,129,149,150,158,114,116,165,179,96,98,127,131,103,105,,,167,167,229,229,194,202,175,175,,,158,160,91,91,88,88,135,141,146,150,87,87,191,195,95,99,160,160,158,168,127,140,170,170,83,89,92,92,175,175,146,146,172,178,108,110,104,104,81,83,260,262,101,105,147,147,124,124,228,240,144,156,130,130,246,250,142,150,155,155,136,138,149,151,,,,,,,,,,,,,,,,,,,,,,,,,,,,,,,,,,,,,,,,,,,,,,,,,,,,,,,,,
GNP,plains,NCB5439,Davis,20-Feb-24,NCB5398_5482_Diversity Report,NCB5439,NCB5439,,161,173,177,191,247,249,238,250,87,87,180,184,202,205,129,143,150,162,108,118,181,181,96,98,127,131,103,103,,,161,167,229,231,194,200,187,187,,,156,156,91,91,90,90,135,135,146,150,87,87,191,195,95,99,158,160,170,170,140,150,172,172,83,89,92,95,175,175,146,150,172,172,108,108,104,112,83,83,262,262,93,93,143,147,124,124,240,240,154,158,118,134,250,254,142,148,155,155,136,136,149,151,,,,,,,,,,,,,,,,,,,,,,,,,,,,,,,,,,,,,,,,,,,,,,,,,,,,,,,,,
GNP,plains,NCB5440,Davis,20-Feb-24,NCB5398_5482_Diversity Report,NCB5440,NCB5440,,173,173,191,191,241,271,250,250,87,89,184,196,205,205,129,149,150,158,116,118,181,183,98,98,127,131,103,103,,,167,167,231,233,194,202,181,187,,,154,154,89,91,90,90,135,147,146,146,87,91,189,191,95,99,158,160,142,158,150,150,168,172,89,89,92,95,163,175,140,140,172,172,106,108,104,104,81,83,256,262,93,97,143,147,124,124,240,240,144,156,130,130,250,250,142,150,153,155,134,138,151,151,,,,,,,,,,,,,,,,,,,,,,,,,,,,,,,,,,,,,,,,,,,,,,,,,,,,,,,,,
GNP,plains,NCB5441,Davis,20-Feb-24,NCB5398_5482_Diversity Report,NCB5441,NCB5441,,161,173,191,191,241,249,232,238,87,89,192,198,207,211,129,143,158,162,108,116,179,179,104,98,127,131,103,105,,,165,167,229,231,194,194,179,187,,,154,158,89,91,88,88,135,137,146,150,87,91,191,191,95,99,143,161,162,168,148,150,174,186,89,91,91,92,167,175,140,150,172,172,108,108,102,102,81,81,260,262,91,97,143,143,122,124,228,228,144,156,130,134,252,254,142,148,153,155,134,138,149,151,,,,,,,,,,,,,,,,,,,,,,,,,,,,,,,,,,,,,,,,,,,,,,,,,,,,,,,,,
GNP,plains,NCB5442,Davis,20-Feb-24,NCB5398_5482_Diversity Report,NCB5442,NCB5442,,161,161,191,191,241,271,238,238,85,91,192,198,205,211,129,143,158,164,114,116,165,179,104,98,127,131,103,105,,,167,167,231,231,194,200,179,181,,,158,158,91,91,90,90,135,141,146,150,87,91,191,195,95,99,143,160,156,158,140,140,168,168,83,89,91,95,163,175,140,146,172,178,106,106,104,104,83,83,260,262,93,93,145,145,122,124,228,240,158,158,130,130,254,254,142,150,155,155,136,136,149,151,,,,,,,,,,,,,,,,,,,,,,,,,,,,,,,,,,,,,,,,,,,,,,,,,,,,,,,,,
GNP,plains,NCB5443,Davis,20-Feb-24,NCB5398_5482_Diversity Report,NCB5443,NCB5443,,161,161,177,191,241,249,238,238,85,91,180,180,205,207,129,143,150,152,116,118,181,183,92,96,125,127,105,107,,,161,161,229,229,194,200,185,187,,,154,158,91,91,88,90,141,141,146,154,87,87,195,195,95,95,160,170,164,168,140,150,168,170,83,91,92,95,175,175,140,150,172,178,106,108,102,102,83,83,262,262,91,93,143,143,122,124,236,240,144,158,118,130,250,252,138,148,155,155,138,138,149,149,,,,,,,,,,,,,,,,,,,,,,,,,,,,,,,,,,,,,,,,,,,,,,,,,,,,,,,,,
GNP,plains,NCB5444,Davis,20-Feb-24,NCB5398_5482_Diversity Report,NCB5444,NCB5444,,161,161,177,191,241,253,238,250,85,87,180,180,205,211,129,149,142,150,116,116,165,183,92,96,125,129,103,103,,,167,167,231,231,194,202,175,175,,,156,160,89,91,88,88,135,135,146,154,87,91,189,191,101,99,143,158,162,170,127,140,168,170,89,89,92,95,175,177,146,150,172,172,106,108,104,104,81,83,260,262,93,93,143,145,122,124,228,228,144,156,130,130,246,252,148,150,153,155,134,138,143,145,,,,,,,,,,,,,,,,,,,,,,,,,,,,,,,,,,,,,,,,,,,,,,,,,,,,,,,,,
GNP,plains,NCB5445,Davis,20-Feb-24,NCB5398_5482_Diversity Report,NCB5445,NCB5445,,161,165,179,181,241,271,238,250,87,87,180,184,211,211,143,149,150,164,114,114,179,181,96,98,129,131,103,105,,,161,167,229,231,194,200,175,185,,,158,158,89,91,102,88,135,135,146,146,87,89,195,195,101,95,143,161,158,164,140,140,170,186,89,91,91,92,175,175,140,146,172,178,108,108,102,104,83,83,262,262,105,97,143,147,124,124,228,228,144,154,130,130,246,250,142,150,151,155,136,138,149,149,,,,,,,,,,,,,,,,,,,,,,,,,,,,,,,,,,,,,,,,,,,,,,,,,,,,,,,,,
GNP,plains,NCB5446,Davis,20-Feb-24,NCB5398_5482_Diversity Report,NCB5446,NCB5446,,161,161,191,191,241,241,238,238,87,87,180,198,207,215,143,143,142,158,114,118,165,165,92,98,127,131,103,105,,,161,161,229,231,194,200,185,187,,,154,158,91,91,88,88,135,141,150,154,87,91,191,195,95,95,143,161,144,168,140,150,168,174,89,89,92,92,163,175,146,150,172,174,110,110,104,104,83,83,262,262,89,89,143,143,122,122,238,240,156,158,130,130,244,254,142,150,153,155,136,136,149,151,,,,,,,,,,,,,,,,,,,,,,,,,,,,,,,,,,,,,,,,,,,,,,,,,,,,,,,,,
GNP,plains,NCB5447,Davis,20-Feb-24,NCB5398_5482_Diversity Report,NCB5447,NCB5447,,161,161,191,191,241,241,250,254,85,89,184,198,205,211,143,143,156,162,114,116,183,185,92,96,127,127,103,105,,,161,161,231,231,200,200,175,187,,,154,154,89,89,88,90,135,147,148,154,85,87,191,195,101,99,160,160,156,162,127,127,168,168,89,89,91,95,175,175,140,140,172,180,108,108,104,104,81,83,262,262,93,97,143,147,122,124,228,228,144,158,130,130,250,254,142,142,157,159,136,136,149,149,,,,,,,,,,,,,,,,,,,,,,,,,,,,,,,,,,,,,,,,,,,,,,,,,,,,,,,,,
GNP,plains,NCB5448,Davis,20-Feb-24,NCB5398_5482_Diversity Report,NCB5448,NCB5448,,161,161,179,191,241,245,232,250,87,87,198,198,211,215,143,143,158,158,112,118,179,183,96,96,127,127,103,103,,,161,161,229,231,200,200,185,187,,,160,160,89,91,88,90,135,147,150,150,87,87,191,195,95,99,160,161,142,170,140,150,168,186,83,89,91,92,173,175,140,140,172,172,108,108,102,104,83,83,262,262,93,93,143,147,122,124,236,240,158,158,130,130,244,246,148,150,155,159,136,138,149,149,,,,,,,,,,,,,,,,,,,,,,,,,,,,,,,,,,,,,,,,,,,,,,,,,,,,,,,,,
GNP,plains,NCB5449,Davis,20-Feb-24,NCB5398_5482_Diversity Report,NCB5449,NCB5449,,165,173,191,191,241,271,238,252,87,89,180,198,205,211,143,149,158,158,118,118,179,179,92,98,125,129,103,105,,,161,167,229,233,194,200,187,187,,,154,158,89,91,88,88,135,135,146,146,87,89,189,189,101,101,158,161,158,164,148,150,168,170,83,89,92,92,173,175,140,146,176,178,106,106,112,112,83,83,260,262,93,97,143,143,122,124,228,240,144,156,130,130,250,254,150,150,155,159,136,138,149,151,,,,,,,,,,,,,,,,,,,,,,,,,,,,,,,,,,,,,,,,,,,,,,,,,,,,,,,,,
GNP,plains,NCB5450,Davis,20-Feb-24,NCB5398_5482_Diversity Report,NCB5450,NCB5450,,161,161,191,191,241,241,238,238,87,91,198,198,205,205,129,129,158,162,108,118,179,183,92,98,131,131,103,107,,,167,167,229,231,194,194,187,187,,,154,158,89,89,90,90,135,135,146,146,85,91,195,195,95,99,143,160,142,142,142,148,168,172,89,91,91,95,173,175,146,150,172,172,106,108,102,102,81,83,256,262,105,91,143,143,124,124,228,228,144,154,130,134,250,254,142,150,153,155,136,136,149,149,,,,,,,,,,,,,,,,,,,,,,,,,,,,,,,,,,,,,,,,,,,,,,,,,,,,,,,,,
GNP,plains,NCB5451,Davis,20-Feb-24,NCB5398_5482_Diversity Report,NCB5451,NCB5451,,161,161,181,191,241,271,238,252,85,87,180,190,205,215,143,149,150,158,108,118,179,183,104,98,127,131,103,103,,,161,167,225,229,194,194,175,179,,,154,154,89,91,102,90,135,135,146,150,89,91,191,195,101,99,158,158,144,162,140,150,172,186,89,89,92,95,163,173,140,146,172,172,108,108,104,104,83,85,262,262,89,97,143,143,122,124,228,240,154,156,130,134,250,254,142,142,155,155,136,138,149,151,,,,,,,,,,,,,,,,,,,,,,,,,,,,,,,,,,,,,,,,,,,,,,,,,,,,,,,,,
GNP,plains,NCB5452,Davis,20-Feb-24,NCB5398_5482_Diversity Report,NCB5452,NCB5452,,161,165,179,179,241,253,232,250,85,91,180,180,211,211,129,149,150,158,118,118,183,183,104,92,131,131,103,105,,,167,167,229,231,194,200,175,185,,,154,154,91,91,88,90,135,147,146,146,89,89,191,195,101,95,158,170,168,170,127,140,168,186,83,89,91,92,165,177,140,146,172,172,108,108,104,106,81,83,262,262,101,93,143,143,122,124,240,240,144,156,130,134,250,250,142,148,155,159,134,136,149,151,,,,,,,,,,,,,,,,,,,,,,,,,,,,,,,,,,,,,,,,,,,,,,,,,,,,,,,,,
GNP,plains,NCB5453,Davis,20-Feb-24,NCB5398_5482_Diversity Report,NCB5453,NCB5453,,161,173,191,191,241,241,238,252,87,89,184,198,201,207,143,143,150,158,116,118,179,181,104,98,127,131,103,105,,,167,167,231,231,194,194,179,187,,,158,158,89,89,100,88,135,135,146,146,87,91,195,195,95,95,143,161,158,168,148,150,174,176,89,91,95,95,175,175,140,146,172,172,108,108,104,104,81,81,256,260,101,93,143,143,122,124,228,238,156,156,130,130,246,250,138,142,155,159,136,138,149,151,,,,,,,,,,,,,,,,,,,,,,,,,,,,,,,,,,,,,,,,,,,,,,,,,,,,,,,,,
GNP,plains,NCB5454,Davis,20-Feb-24,NCB5398_5482_Diversity Report,NCB5454,NCB5454,,165,165,191,191,245,249,238,252,87,87,184,198,211,215,143,143,158,162,108,116,179,181,92,98,127,129,103,103,,,161,167,229,231,194,200,179,187,,,156,158,91,91,88,90,135,137,146,148,91,91,195,195,99,99,143,160,156,170,127,140,168,168,89,89,92,92,167,175,146,146,172,178,106,108,104,104,83,85,260,262,89,93,143,143,124,124,228,238,156,156,130,130,246,250,142,148,155,159,136,136,149,149,,,,,,,,,,,,,,,,,,,,,,,,,,,,,,,,,,,,,,,,,,,,,,,,,,,,,,,,,
GNP,plains,NCB5455,Davis,20-Feb-24,NCB5398_5482_Diversity Report,NCB5455,NCB5455,,161,165,191,191,241,249,238,250,87,87,180,192,207,207,143,149,142,152,108,116,179,181,96,96,125,129,103,105,,,161,167,231,233,194,200,175,187,,,158,158,91,91,100,88,135,135,146,146,91,91,191,195,97,99,160,160,142,158,140,150,168,186,83,89,95,95,163,175,140,146,172,172,108,108,104,104,81,83,262,262,91,93,143,147,124,124,240,240,154,158,130,130,250,250,142,142,155,155,136,136,145,151,,,,,,,,,,,,,,,,,,,,,,,,,,,,,,,,,,,,,,,,,,,,,,,,,,,,,,,,,
GNP,plains,NCB5456,Davis,20-Feb-24,NCB5398_5482_Diversity Report,NCB5456,NCB5456,,161,161,181,191,249,271,238,238,89,91,180,184,207,211,129,143,158,162,118,118,179,183,92,98,131,131,103,105,,,161,167,231,231,200,202,179,187,,,156,158,89,91,88,90,135,141,146,146,87,91,191,191,101,99,160,160,156,158,140,150,170,170,89,89,95,95,175,177,146,150,172,172,106,108,104,104,83,83,262,262,93,97,143,145,122,124,240,240,154,158,130,130,246,250,142,150,155,159,136,136,149,153,,,,,,,,,,,,,,,,,,,,,,,,,,,,,,,,,,,,,,,,,,,,,,,,,,,,,,,,,
GNP,plains,NCB5457,Davis,20-Feb-24,NCB5398_5482_Diversity Report,NCB5457,NCB5457,,161,173,191,191,241,241,238,238,87,91,180,198,205,211,129,143,142,158,114,118,179,185,92,92,129,131,103,103,,,167,167,229,231,194,194,187,191,,,154,158,89,91,88,90,135,135,146,150,85,91,191,195,101,95,143,158,158,168,127,150,168,168,83,89,92,92,165,167,146,146,172,172,106,108,102,104,83,83,260,262,101,93,143,143,124,126,238,240,154,156,130,134,250,254,142,142,155,157,136,138,149,149,,,,,,,,,,,,,,,,,,,,,,,,,,,,,,,,,,,,,,,,,,,,,,,,,,,,,,,,,
GNP,plains,NCB5458,Davis,20-Feb-24,NCB5398_5482_Diversity Report,NCB5458,NCB5458,,161,161,179,191,241,249,232,238,87,87,180,184,205,207,127,149,158,162,114,118,179,181,92,96,127,129,103,107,,,167,167,229,229,190,200,175,179,,,156,158,89,91,102,88,141,147,146,154,87,87,191,195,95,99,158,161,162,170,127,140,168,168,89,89,92,95,163,175,146,150,172,178,108,108,100,100,81,81,260,262,89,93,143,143,122,124,240,240,154,154,130,130,250,250,150,150,155,155,134,136,145,149,,,,,,,,,,,,,,,,,,,,,,,,,,,,,,,,,,,,,,,,,,,,,,,,,,,,,,,,,
GNP,plains,NCB5459,Davis,20-Feb-24,NCB5398_5482_Diversity Report,NCB5459,NCB5459,,165,165,191,191,241,253,238,250,87,87,184,184,211,215,143,149,150,158,108,118,183,183,98,98,129,131,103,103,,,161,161,229,229,194,200,187,187,,,158,160,89,91,88,90,135,147,146,146,89,91,189,195,101,95,160,161,164,168,127,148,168,170,89,91,92,95,163,175,140,146,172,172,108,112,104,104,81,83,262,262,89,93,143,143,124,124,228,240,154,156,134,134,250,250,142,142,155,159,134,138,149,151,,,,,,,,,,,,,,,,,,,,,,,,,,,,,,,,,,,,,,,,,,,,,,,,,,,,,,,,,
GNP,plains,NCB5460,Davis,20-Feb-24,NCB5398_5482_Diversity Report,NCB5460,NCB5460,,161,165,177,191,241,271,238,250,87,91,180,184,202,207,143,143,158,164,116,118,165,179,98,98,129,131,103,105,,,167,167,229,229,200,202,187,187,,,158,158,89,91,88,88,135,135,146,154,87,91,189,195,99,99,160,161,156,158,140,150,172,176,83,83,92,95,173,175,140,150,172,172,106,106,104,106,83,83,262,262,93,93,143,147,122,124,240,240,144,156,118,130,252,254,142,150,155,155,136,138,151,151,,,,,,,,,,,,,,,,,,,,,,,,,,,,,,,,,,,,,,,,,,,,,,,,,,,,,,,,,
GNP,plains,NCB5461,Davis,20-Feb-24,NCB5398_5482_Diversity Report,NCB5461,NCB5461,,161,161,191,191,241,241,238,238,89,91,180,184,205,215,143,143,150,158,108,118,179,181,92,98,127,131,103,103,,,167,167,229,229,194,194,179,187,,,154,158,91,91,88,90,135,135,146,150,87,87,191,195,101,95,143,143,158,164,140,140,168,186,89,89,92,95,167,173,146,146,174,180,108,108,104,104,83,83,260,262,105,97,143,143,122,124,228,228,156,160,130,134,246,250,142,148,155,155,138,138,149,151,,,,,,,,,,,,,,,,,,,,,,,,,,,,,,,,,,,,,,,,,,,,,,,,,,,,,,,,,
GNP,plains,NCB5462,Davis,20-Feb-24,NCB5398_5482_Diversity Report,NCB5462,NCB5462,,161,165,181,191,241,245,238,250,87,87,180,192,211,215,143,149,150,156,114,114,165,165,92,98,127,127,103,105,,,161,167,231,231,200,202,175,185,,,158,158,91,91,88,88,135,147,146,154,87,87,195,195,101,99,160,161,168,170,127,140,168,186,83,89,92,92,175,175,146,146,172,180,108,110,104,104,81,83,256,262,89,91,145,147,122,122,228,238,154,156,130,130,246,250,142,142,153,155,136,138,149,151,,,,,,,,,,,,,,,,,,,,,,,,,,,,,,,,,,,,,,,,,,,,,,,,,,,,,,,,,
GNP,plains,NCB5463,Davis,20-Feb-24,NCB5398_5482_Diversity Report,NCB5463,NCB5463,,161,165,191,191,241,253,238,238,87,87,180,192,205,211,129,143,142,152,118,118,179,181,92,98,125,129,103,103,,,167,167,229,231,200,200,187,187,,,154,158,89,89,100,88,135,135,146,146,87,89,191,195,97,99,143,161,142,164,142,150,168,172,89,89,92,95,163,173,140,150,172,172,106,108,104,104,81,85,260,262,105,93,143,147,122,124,228,240,154,158,130,134,250,254,142,148,155,155,136,138,145,149,,,,,,,,,,,,,,,,,,,,,,,,,,,,,,,,,,,,,,,,,,,,,,,,,,,,,,,,,
GNP,plains,NCB5464,Davis,20-Feb-24,NCB5398_5482_Diversity Report,NCB5464,NCB5464,,161,165,181,191,253,271,238,250,85,87,184,198,211,211,129,149,150,158,116,118,179,183,104,92,129,131,105,107,,,161,161,231,231,194,194,175,185,,,154,154,89,89,88,88,135,135,146,146,87,91,195,195,101,95,143,161,142,170,140,140,168,170,89,89,91,92,173,175,140,150,172,180,108,108,104,104,81,81,262,262,101,105,143,143,124,124,228,240,154,160,130,134,250,250,142,148,153,155,134,138,149,149,,,,,,,,,,,,,,,,,,,,,,,,,,,,,,,,,,,,,,,,,,,,,,,,,,,,,,,,,
GNP,plains,NCB5465,Davis,20-Feb-24,NCB5398_5482_Diversity Report,NCB5465,NCB5465,,161,165,177,191,241,253,238,238,85,87,190,198,211,211,143,143,158,158,116,118,165,179,92,96,125,129,103,103,,,161,167,231,231,194,202,175,175,,,156,160,91,91,88,88,135,141,146,154,87,87,189,195,101,101,158,160,162,170,127,150,170,186,89,89,91,92,175,175,146,150,172,172,106,106,104,112,81,83,260,262,93,93,143,143,124,124,228,240,156,158,130,130,246,254,142,148,153,153,136,136,143,149,,,,,,,,,,,,,,,,,,,,,,,,,,,,,,,,,,,,,,,,,,,,,,,,,,,,,,,,,
GNP,plains,NCB5466,Davis,20-Feb-24,NCB5398_5482_Diversity Report,NCB5466,NCB5466,,161,165,191,191,245,245,238,238,87,89,180,180,205,211,129,143,142,150,114,116,165,165,98,98,127,129,103,105,,,167,167,231,231,194,202,175,187,,,158,158,91,91,88,90,135,141,146,150,87,87,189,191,95,99,158,161,158,168,127,148,168,170,83,83,92,92,163,163,140,146,172,178,106,108,104,104,81,83,260,260,101,101,143,143,122,124,228,228,156,158,130,130,250,254,142,142,155,155,136,136,145,149,,,,,,,,,,,,,,,,,,,,,,,,,,,,,,,,,,,,,,,,,,,,,,,,,,,,,,,,,
GNP,plains,NCB5467,Davis,20-Feb-24,NCB5398_5482_Diversity Report,NCB5467,NCB5467,,161,161,191,191,241,241,238,238,89,89,184,198,207,211,143,149,158,164,108,108,179,181,104,98,131,131,105,105,,,167,167,231,231,194,200,179,187,,,154,158,89,91,88,88,135,135,146,146,87,87,195,195,99,99,158,170,158,168,140,150,168,186,89,91,92,95,167,175,140,146,172,172,108,108,102,104,81,83,256,262,89,91,143,143,122,122,240,240,144,144,130,130,254,254,138,150,155,155,136,138,149,151,,,,,,,,,,,,,,,,,,,,,,,,,,,,,,,,,,,,,,,,,,,,,,,,,,,,,,,,,
GNP,plains,NCB5468,Davis,20-Feb-24,NCB5398_5482_Diversity Report,NCB5468,NCB5468,,161,173,177,191,241,253,238,250,87,91,180,184,211,211,129,149,150,158,114,118,179,185,96,98,129,131,103,103,,,161,167,229,231,200,200,187,187,,,154,158,89,89,90,90,135,135,146,146,87,87,189,195,101,99,160,160,162,170,148,150,172,176,83,89,95,95,163,165,140,150,172,172,106,108,104,104,83,83,262,262,105,93,143,147,124,124,228,240,154,158,130,130,246,250,142,142,155,155,136,138,149,149,,,,,,,,,,,,,,,,,,,,,,,,,,,,,,,,,,,,,,,,,,,,,,,,,,,,,,,,,
GNP,plains,NCB5469,Davis,20-Feb-24,NCB5398_5482_Diversity Report,NCB5469,NCB5469,,161,173,179,191,245,253,238,250,87,89,184,198,211,211,129,143,158,158,114,118,179,181,92,98,127,131,103,105,,,161,167,229,231,194,200,185,187,,,156,160,91,91,88,90,135,135,146,150,87,91,191,195,95,99,158,160,170,170,127,140,170,186,89,89,92,92,175,177,146,146,172,172,106,108,104,104,81,81,262,262,101,93,147,147,122,122,240,240,156,156,130,134,254,254,142,142,153,159,136,136,149,151,,,,,,,,,,,,,,,,,,,,,,,,,,,,,,,,,,,,,,,,,,,,,,,,,,,,,,,,,
GNP,plains,NCB5470,Davis,20-Feb-24,NCB5398_5482_Diversity Report,NCB5470,NCB5470,,165,173,191,191,247,249,238,250,87,87,180,198,205,215,143,143,150,162,108,116,165,183,92,98,129,131,103,103,,,167,167,225,229,194,194,175,187,,,154,158,89,91,88,90,135,135,146,150,91,91,191,195,95,99,158,158,162,168,127,150,170,176,89,89,91,95,163,173,146,146,172,172,106,108,102,104,83,85,260,262,89,93,143,147,124,124,236,238,154,156,118,134,254,254,142,148,153,155,136,138,149,149,,,,,,,,,,,,,,,,,,,,,,,,,,,,,,,,,,,,,,,,,,,,,,,,,,,,,,,,,
GNP,plains,NCB5471,Davis,20-Feb-24,NCB5398_5482_Diversity Report,NCB5471,NCB5471,,161,173,179,181,245,247,250,250,89,89,184,198,207,211,129,149,158,158,116,118,181,183,92,96,129,131,103,103,,,161,167,229,231,190,194,175,187,,,158,158,89,91,90,90,135,135,146,146,87,89,189,191,97,99,161,170,170,170,150,150,186,186,89,89,92,95,177,177,140,146,172,172,108,108,104,106,83,87,260,262,89,93,143,143,122,124,236,240,144,154,130,130,246,250,138,142,157,159,136,138,143,151,,,,,,,,,,,,,,,,,,,,,,,,,,,,,,,,,,,,,,,,,,,,,,,,,,,,,,,,,
GNP,plains,NCB5472,Davis,20-Feb-24,NCB5398_5482_Diversity Report,NCB5472,NCB5472,,161,161,181,191,241,253,238,250,87,87,180,184,211,211,129,143,158,158,118,118,179,179,92,92,127,131,103,103,,,161,161,229,229,194,194,187,187,,,154,158,89,91,90,90,135,135,150,150,91,91,191,195,95,95,161,161,160,164,127,150,168,176,83,89,91,92,163,177,140,140,172,172,108,108,104,104,81,83,262,262,101,93,143,143,124,124,228,240,154,154,130,130,250,252,142,150,155,155,136,136,149,151,,,,,,,,,,,,,,,,,,,,,,,,,,,,,,,,,,,,,,,,,,,,,,,,,,,,,,,,,
GNP,plains,NCB5473,Davis,20-Feb-24,NCB5398_5482_Diversity Report,NCB5473,NCB5473,,161,161,177,191,241,241,238,238,87,89,180,198,207,211,143,143,158,158,118,118,179,183,92,98,125,131,103,105,,,161,167,229,231,200,200,185,187,,,158,158,89,91,88,88,135,141,146,146,87,87,191,195,95,99,158,170,168,168,140,150,168,174,89,91,92,94,175,175,150,150,172,172,108,108,104,104,81,83,256,262,101,93,143,143,124,124,228,228,144,144,118,130,250,252,138,148,155,155,138,138,149,151,,,,,,,,,,,,,,,,,,,,,,,,,,,,,,,,,,,,,,,,,,,,,,,,,,,,,,,,,
GNP,plains,NCB5474,Davis,20-Feb-24,NCB5398_5482_Diversity Report,NCB5474,NCB5474,,165,173,191,191,241,249,238,238,87,87,184,198,205,211,143,143,158,158,118,118,181,183,104,92,127,127,103,103,,,161,161,229,231,194,194,179,179,,,154,158,89,91,102,90,135,135,146,154,87,89,191,195,101,95,143,143,156,162,148,148,170,172,83,89,92,92,173,175,140,146,172,178,106,108,102,102,81,83,260,262,101,91,143,147,124,126,236,238,154,156,130,134,250,254,142,142,155,157,134,136,145,149,,,,,,,,,,,,,,,,,,,,,,,,,,,,,,,,,,,,,,,,,,,,,,,,,,,,,,,,,
GNP,plains,NCB5475,Davis,20-Feb-24,NCB5398_5482_Diversity Report,NCB5475,NCB5475,,165,165,181,191,241,241,238,238,87,87,184,198,205,205,143,149,158,162,114,116,179,179,92,92,127,127,103,103,,,161,167,229,231,194,194,187,191,,,154,160,89,91,90,90,135,137,146,146,87,91,195,195,101,95,143,158,162,170,127,140,168,168,89,89,92,92,165,167,146,146,172,172,108,108,102,104,81,83,260,262,93,93,143,147,122,124,228,236,154,156,130,134,250,254,142,150,155,157,134,136,149,149,,,,,,,,,,,,,,,,,,,,,,,,,,,,,,,,,,,,,,,,,,,,,,,,,,,,,,,,,
GNP,plains,NCB5476,Davis,20-Feb-24,NCB5398_5482_Diversity Report,NCB5476,NCB5476,,161,161,181,191,241,253,238,250,87,87,180,198,205,211,129,143,150,150,114,118,165,179,92,96,127,131,103,107,,,161,161,229,229,190,194,187,187,,,154,160,89,91,88,90,135,135,150,150,91,91,189,191,95,99,160,160,162,170,127,140,168,172,89,89,91,94,163,175,140,150,172,172,106,108,104,112,83,83,262,262,101,97,143,143,124,124,228,240,154,154,130,130,250,254,142,150,155,159,136,138,143,149,,,,,,,,,,,,,,,,,,,,,,,,,,,,,,,,,,,,,,,,,,,,,,,,,,,,,,,,,
GNP,plains,NCB5477,Davis,20-Feb-24,NCB5398_5482_Diversity Report,NCB5477,NCB5477,,161,165,191,191,241,241,238,250,85,87,198,198,207,211,143,149,158,162,118,118,183,185,92,96,125,127,103,103,,,161,165,229,231,200,200,187,187,,,156,158,91,91,88,88,135,137,150,154,89,89,191,195,95,95,143,143,162,162,127,150,168,170,83,89,92,95,175,177,146,150,172,174,108,108,106,106,83,83,262,262,93,93,143,143,122,122,238,240,156,158,130,134,250,250,142,150,155,159,136,136,149,151,,,,,,,,,,,,,,,,,,,,,,,,,,,,,,,,,,,,,,,,,,,,,,,,,,,,,,,,,
GNP,plains,NCB5478,Davis,20-Feb-24,NCB5398_5482_Diversity Report,NCB5478,NCB5478,,161,165,179,181,253,253,238,250,89,91,180,198,205,215,143,149,158,158,114,118,179,183,104,98,131,131,103,103,,,161,167,229,229,194,194,179,185,,,158,158,89,89,88,90,135,141,146,146,89,91,189,191,101,101,143,170,168,170,127,140,168,176,89,89,91,95,173,175,140,146,172,180,108,108,112,112,81,83,262,262,101,89,143,143,122,124,240,240,144,158,130,130,252,254,142,142,153,153,136,138,149,151,,,,,,,,,,,,,,,,,,,,,,,,,,,,,,,,,,,,,,,,,,,,,,,,,,,,,,,,,
GNP,plains,NCB5479,Davis,20-Feb-24,NCB5398_5482_Diversity Report,NCB5479,NCB5479,,161,161,177,181,241,249,238,238,85,87,184,184,205,211,143,149,150,158,116,116,179,179,92,92,131,131,103,103,,,167,167,229,231,194,202,175,175,,,156,158,89,91,88,90,135,135,146,154,87,91,195,195,95,99,160,160,144,164,140,150,168,170,83,89,92,95,163,175,140,140,180,180,108,110,100,104,81,83,262,262,93,93,143,143,122,124,236,240,144,154,130,130,250,254,148,150,155,159,138,138,149,149,,,,,,,,,,,,,,,,,,,,,,,,,,,,,,,,,,,,,,,,,,,,,,,,,,,,,,,,,
GNP,plains,NCB5480,Davis,20-Feb-24,NCB5398_5482_Diversity Report,NCB5480,NCB5480,,165,165,179,191,241,241,238,238,85,87,180,192,205,211,129,149,158,162,116,118,179,181,104,104,127,131,103,107,,,161,161,229,231,194,200,187,187,,,154,158,89,91,88,90,141,147,146,146,87,91,191,195,95,99,161,170,160,170,127,142,170,170,83,89,92,92,175,177,140,146,172,180,108,108,106,106,81,83,262,262,101,93,143,143,124,124,236,240,144,154,130,130,250,254,138,142,153,155,136,136,149,149,,,,,,,,,,,,,,,,,,,,,,,,,,,,,,,,,,,,,,,,,,,,,,,,,,,,,,,,,
GNP,plains,NCB5481,Davis,20-Feb-24,NCB5398_5482_Diversity Report,NCB5481,NCB5481,,161,165,179,191,241,241,238,238,87,91,180,184,207,207,129,143,150,164,108,118,181,183,104,98,129,131,103,103,,,165,167,231,231,194,200,179,179,,,156,158,89,89,88,90,141,147,146,146,85,89,191,195,101,95,158,158,142,168,127,148,168,168,83,91,91,92,165,175,140,146,172,180,108,108,102,104,81,83,256,256,91,93,143,143,124,124,228,228,144,156,130,134,246,250,148,150,151,157,134,136,149,149,,,,,,,,,,,,,,,,,,,,,,,,,,,,,,,,,,,,,,,,,,,,,,,,,,,,,,,,,
GNP,plains,NCB5482,Davis,20-Feb-24,NCB5398_5482_Diversity Report,NCB5482,NCB5482,,161,173,181,191,253,253,250,250,89,91,198,198,205,207,143,143,150,158,108,114,181,183,92,96,125,129,103,105,,,161,167,231,231,190,200,175,187,,,154,158,89,91,88,88,135,141,148,154,87,87,191,195,95,99,170,170,162,168,140,150,168,186,89,89,92,95,165,177,140,150,172,178,108,108,106,112,83,87,262,262,89,93,143,143,122,124,236,236,156,156,130,130,246,250,142,148,153,153,138,138,143,149,,,,,,,,,,,,,,,,,,,,,,,,,,,,,,,,,,,,,,,,,,,,,,,,,,,,,,,,,
OMOHB,plains,EIB77,Davis,2021,EIB77_773_Parks Canada_Results,1,165,,161,165,191,191,241,247,238,250,87,89,198,198,205,211,129,149,156,158,114,116,179,181,104,98,127,127,103,105,114,122,161,167,225,229,194,194,185,187,115,115,154,156,91,91,88,90,135,135,146,146,87,87,189,191,95,95,158,161,156,168,140,142,172,172,89,89,95,95,165,175,140,150,178,180,108,108,102,106,81,83,260,262,89,89,143,143,124,132,238,240,154,156,134,134,252,254,148,148,153,155,136,140,149,149,,,,,,,,,,,,,,,,,,,,,,,,,,,,,,,,,,,,,,,,,,,,,,,,,,,,,,,,,
OMOHB,plains,EIB78,Davis,2021,EIB77_773_Parks Canada_Results,2,166,,161,173,191,191,241,247,232,250,89,89,184,198,205,211,129,149,150,156,114,116,179,181,104,92,127,129,103,103,114,122,167,167,229,231,194,194,185,187,113,115,154,156,91,91,90,90,135,135,146,146,85,87,189,191,101,95,160,161,144,144,150,150,168,168,83,89,95,95,165,175,140,150,178,180,108,110,102,104,81,81,262,262,89,93,143,143,122,124,228,240,154,156,130,130,250,252,148,148,155,155,140,140,149,151,,,,,,,,,,,,,,,,,,,,,,,,,,,,,,,,,,,,,,,,,,,,,,,,,,,,,,,,,
OMOHB,plains,EIB79,Davis,2021,EIB77_773_Parks Canada_Results,3,167,,161,161,191,191,247,253,232,238,85,91,180,198,205,207,129,149,142,150,116,116,179,179,104,98,125,127,103,105,118,122,161,167,229,231,194,194,185,187,113,115,156,156,91,93,90,90,135,141,146,146,87,87,189,191,101,95,143,160,168,170,140,150,168,168,83,89,91,92,163,165,140,150,172,176,108,108,102,104,81,81,256,262,93,97,143,143,124,124,228,240,144,154,130,134,250,250,142,148,153,155,138,140,149,149,,,,,,,,,,,,,,,,,,,,,,,,,,,,,,,,,,,,,,,,,,,,,,,,,,,,,,,,,
OMOHB,plains,EIB80,Davis,2021,EIB77_773_Parks Canada_Results,5,168,,161,161,177,191,249,271,232,238,85,89,180,198,205,211,129,149,150,158,116,116,181,183,104,92,127,129,103,103,118,122,161,167,229,229,190,194,185,185,108,115,156,158,91,91,90,90,135,147,146,146,87,87,189,195,95,99,160,160,142,168,140,142,168,170,89,89,92,95,165,175,140,140,172,176,110,112,102,104,81,83,262,262,93,97,143,147,122,124,236,240,154,156,118,134,250,250,148,148,155,155,134,136,149,149,,,,,,,,,,,,,,,,,,,,,,,,,,,,,,,,,,,,,,,,,,,,,,,,,,,,,,,,,
OMOHB,plains,EIB81,Davis,2021,EIB77_773_Parks Canada_Results,6,169,,161,161,191,191,253,271,232,238,89,91,180,198,205,205,129,143,142,158,108,116,181,183,104,98,125,127,103,105,114,122,167,167,229,233,194,200,179,185,108,115,154,158,89,91,90,90,135,141,146,146,85,87,189,191,101,99,158,160,164,168,127,142,168,172,83,89,91,95,163,173,140,148,174,176,108,110,102,104,81,81,256,262,93,97,143,143,122,124,228,240,144,154,130,130,250,250,142,150,153,155,134,136,149,149,,,,,,,,,,,,,,,,,,,,,,,,,,,,,,,,,,,,,,,,,,,,,,,,,,,,,,,,,
OMOHB,plains,EIB82,Davis,2021,EIB77_773_Parks Canada_Results,8,170,,161,161,191,191,249,253,238,238,85,85,192,192,205,207,127,143,150,164,114,118,165,179,92,92,129,129,103,107,114,118,161,161,225,229,190,200,185,187,108,115,154,158,89,89,88,88,135,135,146,154,87,91,195,195,95,99,161,161,156,168,127,127,170,186,89,89,92,95,175,175,146,150,172,172,106,112,104,106,83,83,260,260,91,93,143,145,122,124,228,240,154,154,130,134,246,250,142,150,155,157,138,138,149,149,,,,,,,,,,,,,,,,,,,,,,,,,,,,,,,,,,,,,,,,,,,,,,,,,,,,,,,,,
OMOHB,plains,EIB83,Davis,2021,EIB77_773_Parks Canada_Results,9,171,,161,173,191,191,241,247,238,238,87,89,192,198,205,207,143,149,152,158,114,116,181,183,104,98,127,127,103,103,114,122,167,167,229,231,194,202,185,187,115,115,158,158,91,91,88,90,135,135,146,150,87,87,189,195,101,95,160,161,156,168,140,142,168,168,89,89,92,95,173,177,140,146,178,178,106,110,102,102,81,83,260,262,89,89,143,143,122,124,240,240,154,154,130,134,246,250,138,148,155,155,138,140,149,149,,,,,,,,,,,,,,,,,,,,,,,,,,,,,,,,,,,,,,,,,,,,,,,,,,,,,,,,,
OMOHB,plains,EIB84,Davis,2021,EIB77_773_Parks Canada_Results,10,172,,161,161,191,191,241,241,238,254,89,91,180,190,205,205,143,149,156,158,118,118,183,183,92,92,127,129,103,104,114,118,161,161,229,229,194,200,175,187,108,113,154,158,91,91,88,88,135,147,146,148,87,87,191,195,101,95,160,160,168,168,150,150,168,168,83,89,92,95,175,177,146,146,172,180,108,110,102,106,81,83,262,262,91,97,143,145,122,124,240,240,144,154,130,130,246,250,142,150,155,159,136,138,149,149,,,,,,,,,,,,,,,,,,,,,,,,,,,,,,,,,,,,,,,,,,,,,,,,,,,,,,,,,
OMOHB,plains,EIB85,Davis,2021,EIB77_773_Parks Canada_Results,11,173,,161,173,191,191,241,271,238,250,87,87,184,198,205,205,143,149,156,158,114,118,179,181,92,98,125,129,104,105,122,122,161,161,231,231,190,200,181,181,108,115,154,156,91,91,90,90,135,141,146,146,87,91,189,195,95,99,158,158,164,168,127,140,168,172,83,89,91,92,175,175,146,150,172,178,108,110,102,102,83,83,262,262,101,89,143,143,124,124,236,238,154,158,130,134,246,250,142,148,151,155,136,138,149,151,,,,,,,,,,,,,,,,,,,,,,,,,,,,,,,,,,,,,,,,,,,,,,,,,,,,,,,,,
OMOHB,plains,EIB86,Davis,2021,EIB77_773_Parks Canada_Results,14,174,,161,161,191,191,241,241,238,238,91,91,190,198,205,211,143,149,152,164,116,118,165,183,92,96,127,129,103,103,114,114,161,161,229,231,194,202,175,179,108,113,154,156,89,91,88,90,135,135,146,154,87,87,195,195,95,95,160,161,166,168,127,127,172,186,89,89,95,95,175,175,146,148,172,172,108,112,104,106,81,85,260,262,89,91,143,145,122,124,236,240,154,154,130,130,250,250,142,150,155,155,136,138,145,149,,,,,,,,,,,,,,,,,,,,,,,,,,,,,,,,,,,,,,,,,,,,,,,,,,,,,,,,,
OMOHB,plains,EIB87,Davis,2021,EIB77_773_Parks Canada_Results,16,175,,165,173,191,191,241,249,238,238,85,87,192,196,201,211,127,143,142,158,116,116,165,183,92,92,125,131,107,107,114,118,161,165,231,233,194,200,187,187,108,115,154,158,89,91,100,100,135,135,146,148,85,87,189,195,101,99,158,160,156,168,127,127,170,186,89,89,91,95,165,175,140,146,172,178,108,112,104,104,81,85,260,262,105,89,145,147,122,124,228,240,158,158,130,130,254,254,142,148,153,157,136,138,149,149,,,,,,,,,,,,,,,,,,,,,,,,,,,,,,,,,,,,,,,,,,,,,,,,,,,,,,,,,
OMOHB,plains,EIB88,Davis,2021,EIB77_773_Parks Canada_Results,18,176,,161,161,191,191,253,271,238,250,85,87,184,190,205,205,143,149,156,158,116,116,179,183,104,92,127,129,103,103,114,114,161,167,229,231,194,200,187,187,108,113,154,154,91,91,88,90,135,135,146,154,87,87,189,195,101,95,161,161,144,170,127,150,168,168,83,83,95,95,173,175,140,146,178,180,106,110,104,106,83,83,260,262,91,93,143,145,122,124,228,240,154,154,130,130,250,254,150,150,155,155,136,136,149,151,,,,,,,,,,,,,,,,,,,,,,,,,,,,,,,,,,,,,,,,,,,,,,,,,,,,,,,,,
OMOHB,plains,EIB89,Davis,2021,EIB77_773_Parks Canada_Results,20,177,,161,161,177,191,249,253,238,238,85,89,192,192,205,205,129,143,164,164,116,118,183,183,92,98,125,129,103,103,114,118,161,161,229,229,190,194,175,175,108,108,154,158,89,91,88,90,135,147,146,154,87,87,195,195,95,99,160,161,142,168,127,140,168,168,83,89,92,95,175,175,146,146,172,178,108,112,106,106,83,85,260,262,101,89,145,145,122,122,228,240,154,156,130,130,250,250,148,150,155,159,136,136,149,149,,,,,,,,,,,,,,,,,,,,,,,,,,,,,,,,,,,,,,,,,,,,,,,,,,,,,,,,,
OMOHB,plains,EIB90,Davis,2021,EIB77_773_Parks Canada_Results,21,178,,173,173,181,181,241,245,238,238,85,87,184,198,205,205,129,143,152,158,116,116,181,181,104,92,127,127,103,105,114,118,161,167,229,231,194,200,185,185,113,115,158,158,91,91,88,90,135,135,146,148,87,87,189,195,95,95,158,160,144,168,140,140,170,172,83,89,92,92,163,175,140,140,174,178,106,108,104,104,81,85,260,262,89,91,143,147,122,124,228,240,154,158,130,134,250,250,148,150,155,155,138,140,149,149,,,,,,,,,,,,,,,,,,,,,,,,,,,,,,,,,,,,,,,,,,,,,,,,,,,,,,,,,
OMOHB,plains,EIB91,Davis,2021,EIB77_773_Parks Canada_Results,23,179,,161,173,181,191,241,247,232,238,85,85,180,198,205,205,129,129,150,152,114,116,181,181,104,96,127,131,103,105,118,122,161,167,229,231,194,200,185,187,115,115,154,158,91,91,88,90,135,141,146,150,87,91,189,191,95,99,160,160,144,156,140,142,172,186,83,89,92,95,163,165,140,150,178,178,106,110,102,104,81,81,260,262,89,89,143,145,122,124,240,240,154,156,130,134,250,250,142,148,155,155,136,140,149,149,,,,,,,,,,,,,,,,,,,,,,,,,,,,,,,,,,,,,,,,,,,,,,,,,,,,,,,,,
OMOHB,plains,EIB92,Davis,2021,EIB77_773_Parks Canada_Results,26,180,,161,173,179,191,247,253,232,238,85,85,192,198,205,205,129,143,158,164,116,116,183,185,104,92,127,129,103,105,114,122,161,167,229,231,194,200,175,187,108,115,154,154,89,91,88,90,135,135,146,154,87,87,189,195,95,99,161,170,144,168,127,150,168,186,83,89,95,95,165,175,146,146,172,176,106,108,102,106,83,83,262,262,89,93,143,145,122,122,238,240,154,154,130,134,246,250,148,150,155,155,136,138,149,149,,,,,,,,,,,,,,,,,,,,,,,,,,,,,,,,,,,,,,,,,,,,,,,,,,,,,,,,,
OMOHB,plains,EIB93,Davis,2021,EIB77_773_Parks Canada_Results,28,181,,161,165,191,191,241,271,238,250,87,87,184,198,205,211,143,149,142,150,114,116,179,183,104,92,125,131,104,107,114,114,161,161,229,231,200,200,181,187,108,108,154,156,91,91,100,88,135,137,146,146,85,89,189,189,101,95,158,160,164,170,148,150,174,186,83,89,95,95,163,173,140,150,178,180,108,108,104,104,83,83,262,262,105,97,143,143,122,124,236,240,154,158,130,130,250,254,142,148,153,153,136,136,149,149,,,,,,,,,,,,,,,,,,,,,,,,,,,,,,,,,,,,,,,,,,,,,,,,,,,,,,,,,
OMOHB,plains,EIB94,Davis,2021,EIB77_773_Parks Canada_Results,29,182,,161,161,191,191,241,241,238,238,85,89,192,196,207,207,143,149,142,158,108,114,183,183,104,92,125,127,103,103,114,122,167,167,231,231,194,202,175,185,108,108,154,156,91,91,88,88,135,135,146,150,85,87,195,195,95,95,158,161,168,170,127,148,168,172,83,83,92,92,165,177,146,150,172,178,106,108,102,102,81,83,260,262,89,89,143,147,122,122,240,240,154,154,130,130,250,250,142,150,153,155,134,138,149,149,,,,,,,,,,,,,,,,,,,,,,,,,,,,,,,,,,,,,,,,,,,,,,,,,,,,,,,,,
OMOHB,plains,EIB95,Davis,2021,EIB77_773_Parks Canada_Results,30,183,,161,165,191,191,241,241,238,238,85,87,192,198,205,207,129,149,152,164,108,118,181,183,92,98,125,127,103,107,114,114,161,161,231,233,200,200,175,185,108,115,154,154,89,91,88,90,135,147,148,150,87,91,189,191,101,97,158,160,170,170,148,150,186,186,83,89,95,95,163,165,140,140,174,178,106,106,100,104,83,83,260,262,89,97,145,147,122,124,240,240,144,154,130,130,250,254,148,148,155,155,136,138,149,149,,,,,,,,,,,,,,,,,,,,,,,,,,,,,,,,,,,,,,,,,,,,,,,,,,,,,,,,,
OMOHB,plains,EIB96,Davis,2021,EIB77_773_Parks Canada_Results,31,184,,161,165,191,191,245,245,238,238,89,89,196,196,207,211,149,149,142,152,108,118,165,183,92,98,127,131,103,103,114,114,161,167,229,231,194,194,185,187,108,108,154,156,91,91,100,100,135,135,146,150,89,91,189,189,95,95,161,170,158,166,127,148,172,172,83,83,91,92,165,173,140,146,172,180,108,108,104,104,83,83,262,262,89,97,145,145,124,124,240,240,154,154,130,130,250,250,142,142,155,155,136,136,145,149,,,,,,,,,,,,,,,,,,,,,,,,,,,,,,,,,,,,,,,,,,,,,,,,,,,,,,,,,
OMOHB,plains,EIB97,Davis,2021,EIB77_773_Parks Canada_Results,32,185,,161,161,177,191,253,271,232,238,91,91,180,192,205,207,143,149,142,150,108,116,179,183,98,98,125,129,103,103,114,118,161,167,231,233,194,200,179,187,108,113,154,156,89,93,88,90,141,147,146,146,85,87,191,195,101,95,143,158,164,170,127,140,168,172,83,91,91,92,163,175,140,148,172,174,108,108,102,104,81,83,256,260,97,97,143,145,122,124,228,228,144,144,130,130,250,250,148,150,153,153,136,138,149,149,,,,,,,,,,,,,,,,,,,,,,,,,,,,,,,,,,,,,,,,,,,,,,,,,,,,,,,,,
OMOHB,plains,EIB98,Davis,2021,EIB77_773_Parks Canada_Results,33,186,,161,161,181,191,241,271,238,250,85,85,184,198,205,205,143,143,158,158,108,108,165,165,92,92,125,129,103,105,118,120,161,167,231,233,190,190,181,185,113,115,154,158,89,91,88,88,135,135,146,146,87,87,191,195,95,99,161,161,164,168,127,140,168,170,89,89,91,92,175,175,146,150,174,174,108,110,104,104,83,83,260,262,105,89,143,147,122,124,228,236,144,154,130,130,250,254,142,142,151,155,138,138,145,149,,,,,,,,,,,,,,,,,,,,,,,,,,,,,,,,,,,,,,,,,,,,,,,,,,,,,,,,,
OMOHB,plains,EIB99,Davis,2021,EIB77_773_Parks Canada_Results,34,187,,161,173,191,191,245,253,238,238,85,87,184,192,201,205,129,143,150,158,116,118,165,183,104,92,125,127,103,103,114,118,161,167,231,231,194,194,175,187,115,115,154,158,89,91,88,90,135,135,146,154,85,87,189,191,95,95,160,161,162,168,140,148,168,170,89,89,92,95,175,175,140,146,174,174,108,110,104,106,83,85,256,260,105,93,143,147,124,124,228,240,156,156,130,130,250,250,142,150,155,155,136,138,143,149,,,,,,,,,,,,,,,,,,,,,,,,,,,,,,,,,,,,,,,,,,,,,,,,,,,,,,,,,
OMOHB,plains,EIB100,Davis,2021,EIB77_773_Parks Canada_Results,35,140,,161,173,191,191,241,249,238,254,85,87,180,190,201,205,129,143,158,164,116,116,179,183,92,92,125,127,103,107,118,118,161,165,229,231,194,194,185,187,108,108,154,158,89,89,100,88,135,135,148,150,87,91,195,195,95,99,160,161,168,170,140,150,170,186,83,89,92,95,163,175,146,146,172,174,106,108,104,104,83,85,260,262,105,91,145,147,122,124,228,240,154,158,130,130,250,254,142,150,155,155,136,136,145,149,,,,,,,,,,,,,,,,,,,,,,,,,,,,,,,,,,,,,,,,,,,,,,,,,,,,,,,,,
OMOHB,plains,EIB101,Davis,2021,EIB77_773_Parks Canada_Results,36,141,,165,165,191,191,241,253,238,238,85,87,196,198,205,211,129,143,142,162,108,116,181,183,104,92,125,131,105,107,114,122,161,167,229,231,194,200,185,185,108,115,154,156,91,91,100,88,135,147,146,146,89,91,189,195,101,99,158,158,158,170,140,148,168,186,83,83,91,92,165,173,140,140,174,176,108,108,104,104,81,83,256,260,89,93,143,143,122,122,240,240,156,158,130,134,250,250,142,148,155,155,134,136,149,151,,,,,,,,,,,,,,,,,,,,,,,,,,,,,,,,,,,,,,,,,,,,,,,,,,,,,,,,,
OMOHB,plains,EIB102,Davis,2021,EIB77_773_Parks Canada_Results,37,142,,165,165,179,191,245,245,238,238,87,89,192,196,207,211,143,149,152,158,108,118,165,183,92,96,125,131,103,107,114,114,161,161,229,231,194,200,185,187,108,115,154,156,91,91,100,90,135,147,146,146,87,91,189,191,101,95,161,161,166,170,127,127,172,172,83,83,91,95,173,175,140,146,174,180,108,112,104,104,81,83,262,262,91,97,143,145,122,124,236,240,144,154,130,130,250,250,142,148,153,155,136,136,145,149,,,,,,,,,,,,,,,,,,,,,,,,,,,,,,,,,,,,,,,,,,,,,,,,,,,,,,,,,
OMOHB,plains,EIB103,Davis,2021,EIB77_773_Parks Canada_Results,38,143,,161,165,191,191,241,271,238,250,87,89,184,198,205,211,129,149,150,156,114,116,179,181,104,92,127,129,103,103,114,122,167,167,231,231,194,194,181,187,113,115,154,158,91,91,88,90,135,135,146,146,85,87,189,191,101,101,158,161,144,160,127,150,168,168,83,89,92,95,173,175,140,140,172,180,108,110,102,104,81,83,262,262,101,93,143,145,122,124,228,228,154,154,130,130,250,254,148,150,155,155,136,140,149,151,,,,,,,,,,,,,,,,,,,,,,,,,,,,,,,,,,,,,,,,,,,,,,,,,,,,,,,,,
OMOHB,plains,EIB104,Davis,2021,EIB77_773_Parks Canada_Results,39,144,,161,161,191,191,245,249,238,238,85,85,180,198,211,211,129,129,150,158,108,114,179,181,104,92,127,127,103,103,118,122,161,167,225,229,200,202,187,187,115,115,154,156,89,93,100,90,135,135,146,146,87,91,189,195,103,97,143,160,142,156,127,150,170,176,89,95,91,92,175,175,140,146,172,172,106,108,100,102,83,83,260,260,89,97,143,147,122,124,228,240,154,156,130,134,250,254,148,148,157,159,136,136,143,149,,,,,,,,,,,,,,,,,,,,,,,,,,,,,,,,,,,,,,,,,,,,,,,,,,,,,,,,,
OMOHB,plains,EIB105,Davis,2021,EIB77_773_Parks Canada_Results,40,145,,173,173,191,191,245,247,232,250,89,91,180,198,205,205,129,143,150,150,114,116,179,185,104,98,125,127,103,105,120,122,161,167,229,229,190,194,179,185,108,115,156,158,91,91,100,90,135,147,146,146,87,87,189,189,101,95,160,160,144,164,142,150,170,172,83,89,92,95,173,175,146,150,178,180,106,108,102,104,81,81,262,262,89,97,143,143,124,124,236,240,154,156,130,134,252,252,142,148,155,159,134,136,149,149,,,,,,,,,,,,,,,,,,,,,,,,,,,,,,,,,,,,,,,,,,,,,,,,,,,,,,,,,
OMOHB,plains,EIB106,Davis,2021,EIB77_773_Parks Canada_Results,41,146,,161,165,179,191,245,271,232,238,89,89,198,198,205,211,149,149,152,158,116,116,179,181,104,96,127,127,103,103,122,122,161,167,229,229,194,194,179,185,115,115,156,158,89,91,90,90,135,141,146,148,87,87,189,191,97,99,160,160,144,156,127,150,170,172,89,89,92,92,163,165,146,150,178,180,108,108,102,104,81,81,262,262,101,89,143,143,124,124,228,240,154,154,134,134,252,254,142,142,155,155,136,140,149,149,,,,,,,,,,,,,,,,,,,,,,,,,,,,,,,,,,,,,,,,,,,,,,,,,,,,,,,,,
OMOHB,plains,EIB107,Davis,2021,EIB77_773_Parks Canada_Results,42,147,,165,173,191,191,241,249,238,238,87,89,184,198,201,205,143,149,152,162,114,118,183,183,92,96,127,129,103,105,114,118,167,167,229,229,194,200,187,187,108,115,154,154,89,91,88,90,135,135,146,150,91,91,191,191,95,95,160,160,144,168,127,140,170,186,83,89,92,95,163,175,140,140,172,178,106,108,102,104,83,83,260,260,101,89,145,145,122,124,240,240,154,156,130,130,250,254,142,148,155,155,134,136,149,149,,,,,,,,,,,,,,,,,,,,,,,,,,,,,,,,,,,,,,,,,,,,,,,,,,,,,,,,,
OMOHB,plains,EIB108,Davis,2021,EIB77_773_Parks Canada_Results,43,148,,161,173,191,191,241,249,238,238,85,87,180,192,201,207,127,129,150,158,116,118,165,179,104,92,125,127,103,107,118,118,161,165,231,231,194,194,185,187,108,115,158,158,89,89,100,90,135,135,148,150,87,91,191,195,95,99,160,161,156,168,127,140,170,170,89,89,95,95,175,175,146,150,172,174,108,112,104,104,83,85,260,262,105,93,143,147,124,124,228,228,154,158,130,134,254,254,142,142,155,157,136,138,145,149,,,,,,,,,,,,,,,,,,,,,,,,,,,,,,,,,,,,,,,,,,,,,,,,,,,,,,,,,
OMOHB,plains,EIB109,Davis,2021,EIB77_773_Parks Canada_Results,44,149,,161,173,181,191,241,245,238,238,85,85,184,198,201,211,129,143,150,158,108,116,181,183,92,92,127,129,103,107,118,118,161,167,225,231,194,202,185,187,115,115,154,160,89,91,88,90,135,135,146,148,85,91,191,195,97,99,160,161,156,168,140,150,170,186,89,89,91,95,175,175,140,146,172,174,106,108,100,104,83,83,260,260,105,89,147,147,124,124,228,240,154,158,130,134,254,254,142,148,155,159,136,138,143,149,,,,,,,,,,,,,,,,,,,,,,,,,,,,,,,,,,,,,,,,,,,,,,,,,,,,,,,,,
OMOHB,plains,EIB110,Davis,2021,EIB77_773_Parks Canada_Results,45,150,,161,173,191,191,247,271,232,238,87,89,198,198,205,211,143,149,158,162,116,116,181,183,98,98,125,127,103,105,118,122,161,167,229,229,194,194,185,185,115,115,156,158,91,91,90,90,135,141,146,148,87,87,189,191,95,95,158,160,142,168,127,150,168,170,89,89,91,92,159,165,140,146,172,178,108,108,102,104,81,83,262,262,101,93,143,143,124,124,228,240,154,156,130,130,252,254,142,148,155,157,134,136,149,149,,,,,,,,,,,,,,,,,,,,,,,,,,,,,,,,,,,,,,,,,,,,,,,,,,,,,,,,,
OMOHB,plains,EIB111,Davis,2021,EIB77_773_Parks Canada_Results,46,151,,161,161,191,191,241,249,238,238,85,87,192,192,205,207,143,143,158,158,114,116,183,183,104,92,127,127,103,105,114,114,161,167,229,231,194,202,175,175,108,115,154,158,89,91,88,88,135,135,148,150,87,87,195,195,95,99,161,161,156,170,127,140,168,168,83,89,92,92,163,177,146,146,178,178,106,106,102,106,83,83,260,260,105,89,145,147,122,124,240,240,154,154,130,130,246,250,138,150,153,155,136,138,149,149,,,,,,,,,,,,,,,,,,,,,,,,,,,,,,,,,,,,,,,,,,,,,,,,,,,,,,,,,
OMOHB,plains,EIB112,Davis,2021,EIB77_773_Parks Canada_Results,48,152,,161,161,181,191,245,271,238,250,85,87,198,198,205,207,129,143,150,158,116,116,165,179,104,92,127,127,105,105,118,122,161,167,229,229,190,194,185,185,115,115,158,158,89,91,90,90,135,141,146,146,87,87,189,195,101,95,160,160,142,168,140,142,172,172,83,89,95,95,173,175,140,148,176,180,108,110,102,106,81,81,262,262,93,97,143,143,124,124,228,240,154,156,130,134,246,250,142,148,153,155,134,140,149,151,,,,,,,,,,,,,,,,,,,,,,,,,,,,,,,,,,,,,,,,,,,,,,,,,,,,,,,,,
OMOHB,plains,EIB113,Davis,2021,EIB77_773_Parks Canada_Results,49,153,,161,165,177,191,245,247,232,238,89,89,198,198,205,211,129,143,158,162,116,118,179,183,104,104,123,127,105,105,118,122,161,167,229,229,194,194,179,185,115,115,156,158,91,91,90,90,135,141,146,148,87,91,189,191,95,99,158,160,144,156,127,142,172,172,89,89,92,95,163,173,140,150,178,180,108,108,102,104,81,83,262,262,89,93,143,143,124,124,228,240,156,156,134,134,250,254,142,148,155,155,134,136,145,149,,,,,,,,,,,,,,,,,,,,,,,,,,,,,,,,,,,,,,,,,,,,,,,,,,,,,,,,,
OMOHB,plains,EIB114,Davis,2021,EIB77_773_Parks Canada_Results,50,154,,161,173,191,191,241,253,238,238,85,87,192,192,201,205,143,149,150,158,108,118,165,183,104,104,125,125,103,103,118,118,161,167,231,231,194,200,175,187,115,115,154,160,89,89,88,88,135,147,146,154,85,87,191,195,95,99,158,160,168,168,140,148,168,170,83,89,95,95,163,175,146,146,174,180,108,110,104,106,83,83,256,260,105,105,143,147,124,124,228,240,154,156,130,130,250,254,142,150,153,155,136,138,143,145,,,,,,,,,,,,,,,,,,,,,,,,,,,,,,,,,,,,,,,,,,,,,,,,,,,,,,,,,
OMOHB,plains,EIB115,Davis,2021,EIB77_773_Parks Canada_Results,51,155,,161,161,191,191,241,241,238,254,85,85,184,192,205,211,129,143,150,164,108,118,181,183,92,92,127,129,103,107,114,118,161,161,229,231,194,200,175,187,108,115,154,154,89,89,88,90,135,135,146,148,87,91,191,195,95,97,160,161,168,170,150,150,186,186,89,89,92,95,163,175,140,146,172,174,106,108,100,106,83,83,260,262,89,89,145,147,122,124,228,240,154,154,130,134,250,254,148,150,155,155,136,138,143,149,,,,,,,,,,,,,,,,,,,,,,,,,,,,,,,,,,,,,,,,,,,,,,,,,,,,,,,,,
OMOHB,plains,EIB116,Davis,2021,EIB77_773_Parks Canada_Results,52,156,,173,173,191,191,247,249,238,238,85,87,184,198,205,205,149,149,150,162,114,116,181,183,92,98,127,129,103,105,118,122,167,167,229,229,194,200,185,187,108,115,154,158,89,91,90,90,135,135,146,146,87,91,189,191,95,95,160,160,144,144,140,142,170,172,83,89,92,95,163,173,140,140,172,176,106,108,102,102,81,83,260,262,101,93,143,145,124,124,240,240,154,156,130,134,252,254,142,148,155,155,134,140,149,149,,,,,,,,,,,,,,,,,,,,,,,,,,,,,,,,,,,,,,,,,,,,,,,,,,,,,,,,,
OMOHB,plains,EIB117,Davis,2021,EIB77_773_Parks Canada_Results,53,157,,173,173,179,191,245,247,232,232,85,89,198,198,205,205,129,129,158,162,114,116,181,185,104,98,127,127,103,105,122,122,167,167,229,231,194,194,175,185,113,115,154,156,89,91,88,90,135,135,146,146,87,91,189,195,95,99,158,170,144,156,148,150,168,172,83,89,92,95,165,175,146,150,176,180,108,110,102,104,81,83,262,262,101,93,143,147,122,124,238,240,154,156,130,134,246,250,148,150,155,155,136,140,149,149,,,,,,,,,,,,,,,,,,,,,,,,,,,,,,,,,,,,,,,,,,,,,,,,,,,,,,,,,
OMOHB,plains,EIB118,Davis,2021,EIB77_773_Parks Canada_Results,55,158,,161,173,191,191,249,271,232,238,85,89,198,198,205,211,129,149,150,158,114,116,181,181,104,92,127,127,103,103,122,122,161,167,229,229,194,200,185,187,115,115,154,158,89,91,90,90,135,141,146,146,87,87,189,195,97,99,143,160,142,168,127,142,170,172,89,95,92,92,165,175,146,150,172,178,108,108,100,102,81,83,260,262,89,93,143,147,122,124,240,240,156,156,130,134,250,254,142,148,155,157,134,136,149,149,,,,,,,,,,,,,,,,,,,,,,,,,,,,,,,,,,,,,,,,,,,,,,,,,,,,,,,,,
OMOHB,plains,EIB119,Davis,2021,EIB77_773_Parks Canada_Results,56,159,,161,173,191,191,245,253,232,238,85,85,180,190,202,205,143,143,162,164,114,116,181,183,92,98,127,127,103,105,114,122,161,167,229,231,194,194,175,185,108,113,154,154,89,91,102,88,135,135,154,154,87,87,195,195,95,95,161,170,156,168,127,140,168,168,83,89,92,92,163,175,146,146,172,178,106,108,104,106,83,83,262,262,89,91,143,145,122,122,238,240,154,154,130,134,250,254,148,150,155,155,136,136,149,149,,,,,,,,,,,,,,,,,,,,,,,,,,,,,,,,,,,,,,,,,,,,,,,,,,,,,,,,,
OMOHB,plains,EIB120,Davis,2021,EIB77_773_Parks Canada_Results,60,160,,161,161,191,191,241,271,238,238,85,85,180,190,205,205,143,149,158,158,108,116,183,183,92,96,127,127,103,103,114,118,161,161,229,229,194,200,187,187,108,115,154,156,89,91,88,88,135,135,148,148,87,87,191,195,101,95,160,160,142,170,127,150,168,186,83,89,92,95,163,175,140,146,172,172,106,108,104,106,83,85,260,262,89,89,143,145,122,124,240,240,154,156,130,130,250,250,148,150,155,155,136,136,149,149,,,,,,,,,,,,,,,,,,,,,,,,,,,,,,,,,,,,,,,,,,,,,,,,,,,,,,,,,
OMOHB,plains,EIB121,Davis,2021,EIB77_773_Parks Canada_Results,61,161,,161,165,191,191,245,247,232,238,87,89,198,198,211,211,129,143,152,156,108,116,181,183,104,92,125,127,103,103,114,114,161,167,229,231,194,200,185,187,108,113,154,156,91,91,88,90,135,135,146,150,85,87,191,195,101,101,160,161,144,168,148,150,168,186,83,89,91,95,165,175,140,150,178,180,106,110,102,104,81,83,262,262,89,97,143,145,122,122,228,240,156,158,130,130,250,254,148,148,153,155,138,140,149,151,,,,,,,,,,,,,,,,,,,,,,,,,,,,,,,,,,,,,,,,,,,,,,,,,,,,,,,,,
OMOHB,plains,EIB122,Davis,2021,EIB77_773_Parks Canada_Results,62,162,,161,161,177,191,241,249,238,238,89,89,180,192,205,211,129,143,158,164,114,116,181,183,92,98,125,129,103,103,118,120,161,167,229,229,190,190,175,185,108,108,156,158,91,91,88,90,137,147,146,146,87,91,195,195,101,99,160,160,142,162,127,140,168,170,83,89,92,95,175,175,140,146,172,172,108,112,104,106,83,83,262,262,101,97,145,147,122,124,228,236,156,156,118,130,250,254,148,148,155,159,136,136,149,149,,,,,,,,,,,,,,,,,,,,,,,,,,,,,,,,,,,,,,,,,,,,,,,,,,,,,,,,,
OMOHB,plains,EIB123,Davis,2021,EIB77_773_Parks Canada_Results,63,163,,161,161,181,191,241,271,232,238,85,85,198,198,201,205,129,129,150,158,114,116,179,179,104,98,127,127,103,105,104,122,165,167,229,231,194,202,185,185,108,115,156,158,89,91,88,90,141,141,146,146,87,87,189,191,95,99,158,170,142,144,142,150,168,168,89,89,92,95,165,175,140,150,172,178,108,110,102,104,81,83,262,262,105,89,143,143,124,124,228,240,156,156,130,134,250,250,142,142,155,155,136,140,149,151,,,,,,,,,,,,,,,,,,,,,,,,,,,,,,,,,,,,,,,,,,,,,,,,,,,,,,,,,
OMOHB,plains,EIB124,Davis,2021,EIB77_773_Parks Canada_Results,65,164,,161,161,181,191,241,271,238,250,87,87,184,192,205,205,143,149,142,158,108,116,165,179,104,104,125,127,103,104,114,118,161,165,229,231,194,200,185,185,108,113,158,160,89,91,88,88,135,137,146,148,85,89,195,195,95,99,158,161,168,168,140,150,170,174,83,89,92,92,175,177,146,150,172,174,108,112,104,104,83,85,256,260,105,93,143,147,124,124,228,236,154,158,130,130,250,254,138,150,153,155,136,138,145,149,,,,,,,,,,,,,,,,,,,,,,,,,,,,,,,,,,,,,,,,,,,,,,,,,,,,,,,,,
PANP,plains,EIB533,Davis,2021,EIB77_773_Parks Canada_Results,1,224,,161,161,191,191,239,245,250,250,87,89,180,180,207,211,149,149,158,158,114,114,165,165,104,92,127,129,103,103,104,118,167,167,231,231,194,194,185,187,113,113,158,158,89,91,90,90,135,141,146,146,87,91,195,195,103,95,161,161,162,170,127,127,170,186,89,89,91,93,163,165,140,140,172,172,108,108,106,106,83,85,262,262,105,93,143,143,124,124,240,240,156,156,130,130,250,254,142,150,155,159,136,136,149,149,,,,,,,,,,,,,,,,,,,,,,,,,,,,,,,,,,,,,,,,,,,,,,,,,,,,,,,,,
PANP,plains,EIB447,Davis,2021,EIB77_773_Parks Canada_Results,10,196,,161,161,191,191,241,241,250,250,85,87,180,198,207,207,149,149,158,158,114,118,165,179,104,92,127,129,103,103,104,122,161,161,231,231,194,194,185,187,113,115,154,158,91,91,88,90,135,141,146,146,87,91,189,195,103,95,160,161,162,162,127,148,170,170,89,89,91,94,175,175,140,148,172,178,106,108,106,106,83,83,262,262,105,93,143,143,124,124,240,240,156,156,130,130,254,254,150,150,153,155,136,142,149,149,,,,,,,,,,,,,,,,,,,,,,,,,,,,,,,,,,,,,,,,,,,,,,,,,,,,,,,,,
PANP,plains,EIB455,Davis,2021,EIB77_773_Parks Canada_Results,11,204,,161,161,191,191,239,245,238,250,87,89,180,180,205,211,149,149,158,158,114,114,165,179,104,96,129,129,103,103,104,104,161,167,231,233,194,198,185,185,113,113,158,158,91,91,88,90,135,141,146,146,87,91,189,195,103,95,160,161,162,168,127,127,170,176,89,89,91,91,175,175,140,148,172,180,106,108,106,106,83,83,262,262,105,93,143,143,124,124,238,240,156,156,130,130,254,254,142,142,153,159,136,138,149,149,,,,,,,,,,,,,,,,,,,,,,,,,,,,,,,,,,,,,,,,,,,,,,,,,,,,,,,,,
PANP,plains,EIB445,Davis,2021,EIB77_773_Parks Canada_Results,13,194,,161,161,191,191,239,241,250,250,85,87,180,198,211,211,149,149,158,158,116,118,165,179,104,92,125,129,103,103,104,122,161,167,233,233,194,198,187,187,113,115,154,154,91,91,90,90,135,141,146,146,91,91,195,195,95,95,160,161,142,162,127,148,170,170,89,89,91,91,165,175,140,140,172,172,106,108,106,106,83,83,262,262,105,105,143,143,124,124,240,240,144,156,130,130,250,250,142,150,155,159,136,136,149,149,,,,,,,,,,,,,,,,,,,,,,,,,,,,,,,,,,,,,,,,,,,,,,,,,,,,,,,,,
PANP,plains,EIB552,Davis,2021,EIB77_773_Parks Canada_Results,19,236,,161,161,191,191,239,245,250,250,87,89,198,198,211,211,149,149,158,162,114,116,165,165,92,92,125,129,103,103,104,118,161,161,231,233,194,198,185,187,113,113,154,158,89,91,88,90,135,141,146,146,91,91,195,195,95,95,160,160,162,170,127,127,176,186,89,89,94,95,163,175,140,148,172,172,108,108,106,106,83,83,260,262,93,93,143,143,124,124,238,240,156,156,130,130,250,250,142,150,159,159,136,136,149,149,,,,,,,,,,,,,,,,,,,,,,,,,,,,,,,,,,,,,,,,,,,,,,,,,,,,,,,,,
PANP,plains,EIB779,Davis,2021,EIB78_815_Parks Canada_Results 10-01-2021,31,238,,161,161,191,191,241,241,250,250,87,89,180,198,207,207,149,149,158,162,114,118,179,179,92,92,127,129,103,103,104,122,161,161,231,233,194,194,185,187,115,115,154,158,89,91,88,90,135,141,146,146,91,91,195,195,103,95,160,170,142,142,127,148,176,186,89,89,91,95,163,163,140,148,172,172,108,108,106,106,83,85,262,262,89,93,143,143,122,124,240,240,156,156,130,130,250,254,142,150,159,159,136,142,149,149,,,,,,,,,,,,,,,,,,,,,,,,,,,,,,,,,,,,,,,,,,,,,,,,,,,,,,,,,
PANP,plains,EIB463,Davis,2021,EIB77_773_Parks Canada_Results,32,212,,161,161,191,191,239,241,250,250,85,87,180,198,207,207,149,149,158,162,114,118,165,179,104,96,127,129,103,103,118,122,167,167,231,231,194,194,187,187,115,115,154,160,91,91,90,90,135,135,146,146,91,91,189,195,103,103,160,170,162,168,127,148,186,186,89,89,91,94,165,175,140,148,172,172,106,108,106,106,81,85,262,262,105,93,143,145,124,124,238,240,156,156,130,130,250,250,142,150,153,155,142,142,149,149,,,,,,,,,,,,,,,,,,,,,,,,,,,,,,,,,,,,,,,,,,,,,,,,,,,,,,,,,
PANP,plains,EIB786,Davis,2021,EIB78_815_Parks Canada_Results 10-01-2026,34,243,,161,161,191,191,239,245,250,250,87,87,198,198,211,211,149,149,150,162,114,114,165,179,92,92,127,129,103,103,104,118,161,161,233,233,194,194,187,187,115,115,154,158,91,91,88,90,135,135,146,146,87,91,189,195,103,95,161,161,168,170,127,127,170,186,89,89,94,95,163,163,140,140,172,172,108,108,106,106,83,83,260,262,105,105,143,143,124,124,240,240,156,156,130,130,250,250,150,150,159,159,136,142,149,149,,,,,,,,,,,,,,,,,,,,,,,,,,,,,,,,,,,,,,,,,,,,,,,,,,,,,,,,,
PANP,plains,EIB465,Davis,2021,EIB77_773_Parks Canada_Results,37,214,,161,161,191,191,239,245,238,250,87,89,180,198,207,207,149,149,158,162,114,116,165,179,104,96,125,127,103,103,104,122,161,167,231,231,198,198,185,187,113,113,154,158,89,91,88,90,135,135,146,146,87,87,189,195,103,95,161,161,142,170,127,127,170,186,89,89,94,94,163,175,140,148,172,172,108,108,106,106,83,83,262,262,93,93,143,143,122,122,238,240,156,156,130,130,250,254,142,142,159,159,142,142,149,149,,,,,,,,,,,,,,,,,,,,,,,,,,,,,,,,,,,,,,,,,,,,,,,,,,,,,,,,,
PANP,plains,EIB785,Davis,2021,EIB78_815_Parks Canada_Results 10-01-2025,37,242,,161,161,191,191,239,245,238,250,87,89,180,198,207,207,149,149,158,162,114,116,165,179,104,96,125,127,103,103,104,122,161,167,231,231,198,198,185,187,113,113,154,158,89,91,88,90,135,135,146,146,87,87,189,195,103,95,161,161,142,170,127,127,170,186,89,89,94,94,163,175,140,148,172,172,108,108,106,106,83,83,262,262,93,93,143,143,122,122,238,240,156,156,130,130,250,254,142,142,159,159,142,142,149,149,,,,,,,,,,,,,,,,,,,,,,,,,,,,,,,,,,,,,,,,,,,,,,,,,,,,,,,,,
PANP,plains,EIB782,Davis,2021,EIB78_815_Parks Canada_Results 10-01-2023,38,240,,161,161,191,191,241,241,238,250,89,89,180,198,207,211,149,149,158,158,114,114,165,179,92,96,127,129,103,103,122,122,161,167,231,233,194,198,185,187,113,115,154,158,89,91,90,90,135,135,146,146,87,91,189,195,95,99,160,160,162,168,127,127,170,186,89,89,91,94,163,175,140,148,172,180,108,108,106,106,81,81,262,262,105,105,143,143,122,124,240,240,156,156,130,130,250,254,142,142,153,159,142,142,149,149,,,,,,,,,,,,,,,,,,,,,,,,,,,,,,,,,,,,,,,,,,,,,,,,,,,,,,,,,
PANP,plains,EIB774,Davis,2021,EIB77_773_Parks Canada_Results,40,237,,161,161,191,191,241,253,250,250,85,89,180,180,207,211,149,149,158,162,114,114,165,165,92,92,125,125,103,103,118,118,167,167,231,233,198,198,185,187,113,113,158,158,91,91,90,90,135,141,146,146,87,87,195,195,95,95,161,170,170,172,127,127,170,170,89,89,91,95,165,175,140,140,172,172,108,108,106,106,83,83,262,262,105,93,143,143,124,124,240,240,144,156,130,130,250,254,142,150,155,159,136,142,149,149,,,,,,,,,,,,,,,,,,,,,,,,,,,,,,,,,,,,,,,,,,,,,,,,,,,,,,,,,
PANP,plains,EIB450,Davis,2021,EIB77_773_Parks Canada_Results,41,199,,161,161,191,191,239,241,250,250,85,87,180,180,207,211,149,149,158,158,114,118,179,179,104,92,125,125,103,103,104,104,161,161,233,233,194,198,185,187,113,115,158,158,91,91,88,88,135,141,146,146,87,91,195,195,103,95,160,160,142,162,148,148,176,186,89,89,91,94,163,163,140,140,172,172,108,108,106,106,83,83,262,262,105,105,143,143,122,124,240,240,156,156,130,130,250,250,142,142,153,159,136,142,149,149,,,,,,,,,,,,,,,,,,,,,,,,,,,,,,,,,,,,,,,,,,,,,,,,,,,,,,,,,
PANP,plains,EIB454,Davis,2021,EIB77_773_Parks Canada_Results,42,203,,161,161,191,191,241,241,238,250,87,89,198,198,207,207,149,149,158,158,114,116,165,165,104,96,127,129,103,103,104,122,161,167,231,231,194,198,185,187,113,113,154,154,89,91,90,90,135,141,146,146,87,87,195,195,103,103,160,160,142,170,127,127,170,170,89,89,95,95,163,175,140,140,172,172,108,108,104,104,83,83,262,262,105,93,143,143,124,124,240,240,156,156,130,130,250,250,142,150,153,153,136,136,149,149,,,,,,,,,,,,,,,,,,,,,,,,,,,,,,,,,,,,,,,,,,,,,,,,,,,,,,,,,
PANP,plains,EIB452,Davis,2021,EIB77_773_Parks Canada_Results,43,201,,161,161,191,191,239,245,238,250,85,89,198,198,207,211,149,149,158,158,116,118,165,179,104,92,125,129,103,103,118,122,161,161,233,233,194,198,185,187,113,113,154,158,89,91,88,90,135,135,146,146,91,91,195,195,103,95,160,161,142,168,127,148,170,186,89,89,91,94,165,175,140,140,172,172,106,108,104,106,81,83,262,262,105,105,143,145,122,124,240,240,156,156,130,130,250,250,142,142,153,153,136,136,149,149,,,,,,,,,,,,,,,,,,,,,,,,,,,,,,,,,,,,,,,,,,,,,,,,,,,,,,,,,
PANP,plains,EIB449,Davis,2021,EIB77_773_Parks Canada_Results,44,198,,161,161,191,191,241,245,250,250,87,89,180,180,207,211,149,149,158,162,116,118,165,179,104,104,125,129,103,103,104,118,161,167,231,231,194,194,187,187,113,115,154,158,91,91,90,90,135,141,146,146,91,91,189,195,103,99,160,161,162,162,127,127,172,186,89,89,91,94,163,165,140,140,172,180,106,108,104,106,83,83,260,262,105,93,143,143,122,124,240,240,156,156,130,130,250,250,150,150,153,159,136,138,149,149,,,,,,,,,,,,,,,,,,,,,,,,,,,,,,,,,,,,,,,,,,,,,,,,,,,,,,,,,
PANP,plains,EIB448,Davis,2021,EIB77_773_Parks Canada_Results,45,197,,161,161,191,191,241,253,238,250,89,89,180,180,207,211,149,149,158,162,114,118,165,179,104,96,125,127,103,103,104,122,161,167,231,233,194,194,187,187,113,115,158,158,91,91,90,90,135,141,146,146,87,87,189,195,103,95,160,161,162,168,127,127,176,186,89,89,91,94,163,175,140,148,180,180,108,110,106,106,83,83,262,262,105,93,143,143,124,124,240,240,156,156,130,130,250,250,142,150,153,155,136,136,149,149,,,,,,,,,,,,,,,,,,,,,,,,,,,,,,,,,,,,,,,,,,,,,,,,,,,,,,,,,
PANP,plains,EIB473,Davis,2021,EIB77_773_Parks Canada_Results,94,222,,161,161,191,191,239,241,238,250,85,89,180,180,207,211,149,149,158,162,114,114,165,179,92,96,127,129,103,103,104,122,161,167,231,231,194,194,187,187,115,115,154,154,91,91,90,90,135,135,146,146,87,91,189,195,103,95,160,160,162,162,127,127,186,186,89,89,91,94,163,163,140,140,172,180,108,108,104,106,81,83,262,262,105,93,143,143,122,122,238,240,156,156,130,130,250,250,142,150,159,159,138,142,149,149,,,,,,,,,,,,,,,,,,,,,,,,,,,,,,,,,,,,,,,,,,,,,,,,,,,,,,,,,
PANP,plains,EIB451,Davis,2021,EIB77_773_Parks Canada_Results,95,200,,161,161,191,191,239,245,238,250,89,89,180,192,207,211,149,149,158,158,116,116,165,165,92,96,127,129,103,103,120,122,161,167,231,233,194,198,185,187,113,113,154,158,89,91,90,90,135,141,146,146,87,91,189,195,103,95,160,161,142,162,127,127,170,172,89,91,91,95,165,175,140,148,172,172,106,108,104,106,81,83,262,262,93,93,143,145,124,124,228,240,156,156,130,130,250,250,142,150,153,155,136,142,149,149,,,,,,,,,,,,,,,,,,,,,,,,,,,,,,,,,,,,,,,,,,,,,,,,,,,,,,,,,
PANP,plains,EIB472,Davis,2021,EIB77_773_Parks Canada_Results,96,221,,161,161,191,191,241,241,250,250,87,89,180,180,207,211,149,149,158,158,114,114,165,179,104,96,125,129,103,103,104,118,161,167,231,233,194,198,185,187,113,115,154,154,91,91,88,90,135,135,146,146,87,87,189,195,95,95,160,170,142,170,127,127,170,170,89,89,94,94,163,175,140,140,172,178,108,108,106,106,81,81,262,262,105,93,143,143,122,124,240,240,156,156,130,130,250,254,150,150,155,155,136,142,149,149,,,,,,,,,,,,,,,,,,,,,,,,,,,,,,,,,,,,,,,,,,,,,,,,,,,,,,,,,
PANP,plains,EIB474,Davis,2021,EIB77_773_Parks Canada_Results,97,223,,161,161,191,191,239,241,238,250,87,87,180,192,207,207,149,149,158,162,114,116,165,165,104,92,125,125,103,103,104,122,161,161,231,231,194,194,185,187,113,113,154,158,91,91,88,90,135,135,146,146,87,87,189,195,95,95,160,161,162,168,148,148,170,170,89,91,91,95,175,175,140,140,172,178,106,106,104,106,85,85,262,262,105,93,143,143,122,124,240,240,156,156,130,130,254,254,142,142,155,155,136,142,149,149,,,,,,,,,,,,,,,,,,,,,,,,,,,,,,,,,,,,,,,,,,,,,,,,,,,,,,,,,
PANP,plains,EIB783,Davis,2021,EIB78_815_Parks Canada_Results 10-01-2024,125,241,,161,161,191,191,245,245,250,250,85,87,198,198,211,211,149,149,158,162,114,116,165,179,92,96,129,129,103,103,104,118,161,161,231,233,194,198,187,187,113,115,154,158,89,89,90,90,135,141,146,146,87,91,189,195,95,95,161,161,162,162,127,148,170,186,89,89,94,95,163,165,140,140,172,178,108,108,106,106,83,83,262,262,93,105,143,143,124,124,240,240,156,156,130,130,250,250,142,150,159,159,136,142,149,149,,,,,,,,,,,,,,,,,,,,,,,,,,,,,,,,,,,,,,,,,,,,,,,,,,,,,,,,,
PANP,plains,EIB469,Davis,2021,EIB77_773_Parks Canada_Results,129,218,,161,161,191,191,241,241,250,250,87,89,180,180,207,207,149,149,158,158,114,116,165,179,104,96,127,127,103,103,104,122,161,167,231,231,194,194,185,187,113,115,154,158,91,91,88,90,135,135,146,146,87,91,195,195,103,95,160,161,162,170,127,148,170,186,89,89,91,94,163,175,140,140,172,172,106,108,106,106,81,83,262,262,89,93,143,143,122,124,240,240,144,156,130,130,250,254,142,150,155,155,136,142,149,149,,,,,,,,,,,,,,,,,,,,,,,,,,,,,,,,,,,,,,,,,,,,,,,,,,,,,,,,,
PANP,plains,EIB467,Davis,2021,EIB77_773_Parks Canada_Results,131,216,,161,161,191,191,239,241,250,250,87,89,180,180,207,207,149,149,158,158,114,118,165,165,104,92,125,129,103,103,104,104,161,161,231,231,194,198,185,185,113,115,154,158,89,91,90,90,135,135,146,146,87,91,195,195,95,95,160,161,162,168,127,127,170,186,89,89,91,94,175,175,140,140,172,172,108,108,106,106,83,83,262,262,105,89,143,143,124,124,240,240,156,156,130,130,250,254,142,150,153,153,136,136,149,149,,,,,,,,,,,,,,,,,,,,,,,,,,,,,,,,,,,,,,,,,,,,,,,,,,,,,,,,,
PANP,plains,EIB466,Davis,2021,EIB77_773_Parks Canada_Results,132,215,,161,161,191,191,239,241,250,250,87,89,180,198,207,207,149,149,158,162,114,118,165,179,104,92,125,129,103,103,104,118,161,161,231,231,194,194,187,187,113,115,154,154,89,91,88,90,135,135,146,146,87,87,189,195,103,103,160,170,162,170,127,148,170,186,89,89,91,91,163,175,140,140,180,180,108,108,104,106,83,83,262,262,105,105,143,143,122,124,238,240,156,156,130,130,250,250,142,150,155,159,138,142,149,149,,,,,,,,,,,,,,,,,,,,,,,,,,,,,,,,,,,,,,,,,,,,,,,,,,,,,,,,,
PANP,plains,EIB471,Davis,2021,EIB77_773_Parks Canada_Results,133,220,,161,161,191,191,241,245,250,250,87,89,180,180,207,211,149,149,158,162,114,116,165,179,92,92,127,129,103,103,118,118,161,161,231,231,194,194,185,187,113,115,154,158,89,91,90,90,135,141,146,146,87,91,195,195,95,95,160,161,162,162,127,127,170,170,89,89,95,95,163,163,140,148,172,178,106,108,106,106,83,85,260,262,105,93,143,143,122,124,238,240,156,156,130,130,250,254,150,150,153,159,136,142,149,149,,,,,,,,,,,,,,,,,,,,,,,,,,,,,,,,,,,,,,,,,,,,,,,,,,,,,,,,,
PANP,plains,EIB464,Davis,2021,EIB77_773_Parks Canada_Results,134,213,,161,161,191,191,241,253,250,250,85,87,180,198,207,211,149,149,158,158,114,116,165,179,104,104,125,129,103,103,118,122,161,167,231,231,194,198,185,187,113,113,158,158,89,91,88,90,135,135,146,146,87,91,189,195,103,95,161,161,162,168,127,148,176,186,89,89,91,94,163,165,140,140,172,180,106,108,106,106,83,85,262,262,105,105,143,143,124,124,238,240,156,156,130,130,250,254,150,150,153,159,142,142,149,149,,,,,,,,,,,,,,,,,,,,,,,,,,,,,,,,,,,,,,,,,,,,,,,,,,,,,,,,,
PANP,plains,EIB468,Davis,2021,EIB77_773_Parks Canada_Results,135,217,,161,161,191,191,241,245,238,250,87,89,180,198,207,207,149,149,158,158,114,118,179,179,104,96,125,129,103,103,118,122,161,161,231,233,194,194,187,187,113,115,154,160,89,91,90,90,135,141,146,146,91,91,195,195,103,95,160,170,162,168,127,148,170,186,89,89,95,95,175,175,148,148,172,178,108,108,106,106,81,83,262,262,105,105,143,143,122,124,240,240,144,156,130,130,250,250,142,142,159,159,136,142,149,149,,,,,,,,,,,,,,,,,,,,,,,,,,,,,,,,,,,,,,,,,,,,,,,,,,,,,,,,,
PANP,plains,EIB461,Davis,2021,EIB77_773_Parks Canada_Results,151,210,,161,161,191,191,241,245,238,250,87,89,180,198,211,211,149,149,158,162,114,118,179,179,104,104,127,129,103,103,118,122,161,167,231,231,194,194,187,187,115,115,154,158,91,91,88,90,135,141,146,146,87,91,189,195,103,95,170,170,162,162,127,127,170,176,89,89,91,94,163,165,148,148,172,172,106,108,104,106,81,83,262,262,93,93,143,143,124,124,238,240,156,156,130,130,250,250,142,150,153,155,136,142,149,149,,,,,,,,,,,,,,,,,,,,,,,,,,,,,,,,,,,,,,,,,,,,,,,,,,,,,,,,,
PANP,plains,EIB459,Davis,2021,EIB77_773_Parks Canada_Results,152,208,,161,161,191,191,239,253,238,250,89,89,180,198,207,207,149,149,158,162,114,114,165,179,92,96,125,129,103,103,104,122,161,161,231,233,194,194,187,187,113,115,154,158,91,91,90,90,135,141,146,146,87,91,195,195,103,95,160,161,162,168,127,127,186,186,89,89,91,95,163,175,140,148,172,180,106,108,106,106,83,85,262,262,105,93,143,143,124,124,240,240,156,156,130,130,250,250,142,150,159,159,142,142,149,149,,,,,,,,,,,,,,,,,,,,,,,,,,,,,,,,,,,,,,,,,,,,,,,,,,,,,,,,,
PANP,plains,EIB462,Davis,2021,EIB77_773_Parks Canada_Results,153,211,,161,161,191,191,241,241,238,250,85,89,180,198,207,211,149,149,158,158,114,114,165,179,104,92,125,127,103,103,118,122,161,167,231,233,194,194,185,187,113,113,154,154,89,91,90,90,135,135,146,146,91,91,189,195,103,95,160,170,142,142,127,148,170,186,89,89,91,94,163,175,140,148,172,180,106,106,104,106,83,85,262,262,105,105,143,143,122,124,240,240,144,156,130,130,250,250,142,150,159,159,136,136,149,149,,,,,,,,,,,,,,,,,,,,,,,,,,,,,,,,,,,,,,,,,,,,,,,,,,,,,,,,,
PANP,plains,EIB457,Davis,2021,EIB77_773_Parks Canada_Results,154,206,,161,161,191,191,241,241,250,250,87,89,180,180,207,207,149,149,158,158,114,116,165,179,104,92,125,129,103,103,118,122,161,167,231,231,194,194,185,185,113,115,154,158,89,91,88,90,135,135,146,146,87,87,189,195,95,95,160,161,162,162,127,148,170,186,89,89,91,95,163,175,140,148,172,172,106,108,106,106,83,83,262,262,105,93,143,143,124,124,240,240,156,156,130,130,250,254,142,150,155,159,142,142,149,149,,,,,,,,,,,,,,,,,,,,,,,,,,,,,,,,,,,,,,,,,,,,,,,,,,,,,,,,,
PANP,plains,EIB458,Davis,2021,EIB77_773_Parks Canada_Results,155,207,,161,161,191,191,239,245,238,250,85,89,198,198,211,211,149,149,158,158,114,116,165,165,92,96,125,129,103,103,104,122,161,167,231,233,194,194,187,187,113,115,154,154,91,91,90,90,135,141,146,146,87,91,195,195,95,95,160,161,142,170,127,127,186,186,89,89,91,91,165,165,140,140,172,180,108,108,106,106,81,83,262,262,105,93,143,143,122,124,240,240,156,156,130,130,250,250,142,150,155,159,136,142,149,149,,,,,,,,,,,,,,,,,,,,,,,,,,,,,,,,,,,,,,,,,,,,,,,,,,,,,,,,,
PANP,plains,EIB456,Davis,2021,EIB77_773_Parks Canada_Results,156,205,,161,161,191,191,241,245,250,250,85,87,180,192,207,207,149,149,158,158,114,114,165,179,96,96,125,129,103,103,118,122,161,167,233,233,194,194,185,187,113,113,154,154,89,89,90,90,141,141,146,146,87,91,195,195,103,95,161,170,168,168,127,127,170,186,89,89,95,95,163,175,140,148,172,178,108,108,104,106,81,83,262,262,105,93,143,143,124,124,240,240,144,156,130,130,250,250,142,142,153,159,136,142,149,149,,,,,,,,,,,,,,,,,,,,,,,,,,,,,,,,,,,,,,,,,,,,,,,,,,,,,,,,,
PANP,plains,EIB460,Davis,2021,EIB77_773_Parks Canada_Results,157,209,,161,161,191,191,239,241,250,250,89,89,180,198,207,207,149,149,158,162,114,114,165,179,92,92,125,129,103,103,104,122,161,167,231,233,194,194,185,187,113,115,154,154,91,91,90,90,135,141,146,146,87,91,195,195,103,95,160,160,162,162,127,127,170,186,89,89,91,95,163,175,140,140,172,172,108,108,106,106,83,83,262,262,105,93,143,143,122,124,228,240,156,156,130,130,250,250,142,142,153,155,136,142,149,149,,,,,,,,,,,,,,,,,,,,,,,,,,,,,,,,,,,,,,,,,,,,,,,,,,,,,,,,,
PANP,plains,EIB453,Davis,2021,EIB77_773_Parks Canada_Results,514,202,,161,161,191,191,241,245,250,250,87,89,198,198,211,211,149,149,158,158,114,114,165,179,104,96,127,129,103,103,118,118,161,161,231,231,194,198,187,187,113,115,158,160,91,91,90,90,135,141,146,146,87,91,189,195,103,95,160,160,162,164,127,127,170,176,89,89,91,94,165,175,140,148,172,172,106,108,104,106,81,83,262,262,105,93,143,143,122,124,240,240,156,156,130,130,250,254,142,150,153,153,136,136,149,149,,,,,,,,,,,,,,,,,,,,,,,,,,,,,,,,,,,,,,,,,,,,,,,,,,,,,,,,,
PANP,plains,EIB446,Davis,2021,EIB77_773_Parks Canada_Results,517,195,,161,161,191,191,239,245,250,250,87,87,198,198,207,211,149,149,158,158,114,114,165,179,96,96,125,129,103,103,118,118,161,161,231,233,194,198,187,187,113,113,158,158,89,89,90,90,135,141,146,146,87,91,189,195,103,95,160,161,162,162,127,148,170,186,89,89,91,94,165,165,140,140,172,172,108,108,106,106,83,85,262,262,93,93,143,143,124,124,240,240,156,156,130,130,250,250,142,150,159,159,136,142,149,149,,,,,,,,,,,,,,,,,,,,,,,,,,,,,,,,,,,,,,,,,,,,,,,,,,,,,,,,,
PANP,plains,EIB780,Davis,2021,EIB78_815_Parks Canada_Results 10-01-2022,519,239,,161,161,191,191,239,245,250,250,87,89,198,198,211,211,149,149,158,162,114,116,165,165,92,92,125,129,103,103,104,118,161,161,231,233,194,198,185,187,113,113,154,158,89,91,88,90,135,141,146,146,91,91,195,195,95,95,160,160,162,170,127,127,176,186,89,89,94,95,163,175,140,148,172,172,108,108,106,106,83,83,260,262,93,93,143,143,124,124,238,240,156,156,114,130,250,250,142,150,159,159,136,136,149,149,,,,,,,,,,,,,,,,,,,,,,,,,,,,,,,,,,,,,,,,,,,,,,,,,,,,,,,,,
PANP,plains,EIB546,Davis,2021,EIB77_773_Parks Canada_Results,10A,235,,161,161,191,191,239,253,238,238,89,89,192,198,211,211,149,149,150,158,114,116,179,179,104,92,125,127,103,103,118,122,167,167,231,233,194,194,187,187,113,115,158,158,91,91,90,90,135,141,146,146,87,91,195,195,95,95,160,161,168,168,127,127,170,176,89,89,94,95,165,165,140,148,178,180,108,108,106,106,83,85,262,262,105,93,143,143,124,124,240,240,156,156,130,130,250,250,142,142,153,155,136,136,149,149,,,,,,,,,,,,,,,,,,,,,,,,,,,,,,,,,,,,,,,,,,,,,,,,,,,,,,,,,
PANP,plains,EIB470,Davis,2021,EIB77_773_Parks Canada_Results,124A,219,,161,161,191,191,241,245,250,250,87,89,180,198,207,207,149,149,158,158,114,116,165,179,96,96,127,127,103,103,104,122,161,167,231,233,194,194,185,187,113,115,154,158,89,91,88,88,135,141,146,146,91,91,195,195,103,95,160,161,162,168,127,148,170,186,89,89,94,95,163,165,140,140,172,178,106,108,106,106,83,83,262,262,105,93,143,143,124,124,238,240,144,156,130,130,250,254,142,150,155,159,136,138,149,149,,,,,,,,,,,,,,,,,,,,,,,,,,,,,,,,,,,,,,,,,,,,,,,,,,,,,,,,,
PANP,plains,EIB534,Davis,2021,EIB77_773_Parks Canada_Results,2A,225,,161,161,191,191,239,241,250,250,85,87,198,198,207,211,149,149,158,158,114,116,165,165,92,92,125,129,103,103,118,122,161,167,231,233,194,198,185,187,113,115,154,158,91,91,90,90,141,141,146,146,87,87,189,195,103,95,160,160,142,170,127,127,170,186,89,89,94,95,165,175,140,140,172,180,108,108,106,106,83,83,262,262,105,105,143,143,122,124,240,240,156,156,130,130,250,250,142,150,153,159,136,136,149,149,,,,,,,,,,,,,,,,,,,,,,,,,,,,,,,,,,,,,,,,,,,,,,,,,,,,,,,,,
PANP,plains,EIB535,Davis,2021,EIB77_773_Parks Canada_Results,2B,226,,161,161,191,191,241,241,250,250,85,89,198,198,207,207,149,149,158,158,114,114,165,179,104,92,125,125,103,103,104,118,161,161,231,231,194,194,185,187,113,115,154,158,89,91,90,90,135,135,146,146,87,91,195,195,103,95,160,160,142,142,127,127,170,170,89,89,94,95,163,165,140,148,172,178,108,108,104,106,81,83,262,262,105,105,143,143,122,124,240,240,156,156,130,130,250,254,142,142,153,159,136,142,149,149,,,,,,,,,,,,,,,,,,,,,,,,,,,,,,,,,,,,,,,,,,,,,,,,,,,,,,,,,
PANP,plains,EIB536,Davis,2021,EIB77_773_Parks Canada_Results,3B,227,,161,161,191,191,239,245,250,250,87,87,198,198,207,211,149,149,158,158,114,114,165,179,96,96,125,129,103,103,118,118,161,161,231,233,194,198,187,187,113,113,158,158,89,89,90,90,135,141,146,146,87,91,189,195,103,95,160,161,162,170,127,148,170,186,89,89,91,94,165,165,140,140,172,172,108,108,106,106,83,85,262,262,93,93,143,143,124,124,240,240,156,156,130,130,250,250,142,150,159,159,136,142,149,149,,,,,,,,,,,,,,,,,,,,,,,,,,,,,,,,,,,,,,,,,,,,,,,,,,,,,,,,,
PANP,plains,EIB538,Davis,2021,EIB77_773_Parks Canada_Results,5B,228,,161,161,191,191,241,245,250,250,87,89,180,180,207,211,149,149,158,158,114,114,165,179,104,104,127,129,103,103,104,122,161,167,231,231,194,198,185,185,115,115,154,158,89,91,90,90,135,135,146,146,87,91,195,195,95,95,160,161,162,170,127,148,170,176,89,89,91,95,165,165,140,140,172,172,106,108,106,106,83,85,262,262,105,105,143,143,124,124,240,240,156,156,130,130,250,250,142,150,155,159,136,142,149,149,,,,,,,,,,,,,,,,,,,,,,,,,,,,,,,,,,,,,,,,,,,,,,,,,,,,,,,,,
PANP,plains,EIB539,Davis,2021,EIB77_773_Parks Canada_Results,6B,229,,161,161,191,191,239,241,250,250,89,89,180,180,207,211,149,149,158,158,114,118,165,179,104,104,129,129,103,103,118,122,161,167,231,233,194,194,187,187,113,115,154,160,89,89,88,90,135,135,146,146,87,91,195,195,95,99,170,170,162,168,127,127,170,186,89,89,91,95,175,175,140,140,178,180,108,108,106,106,83,83,262,262,105,93,143,143,122,124,240,240,144,156,130,130,250,250,142,142,155,159,136,142,149,149,,,,,,,,,,,,,,,,,,,,,,,,,,,,,,,,,,,,,,,,,,,,,,,,,,,,,,,,,
PANP,plains,EIB540,Davis,2021,EIB77_773_Parks Canada_Results,7A,230,,161,161,191,191,239,241,238,250,85,89,180,180,207,211,149,149,158,162,114,114,179,179,104,92,127,129,103,103,104,118,161,167,231,233,194,194,185,187,115,115,154,158,91,91,90,90,135,135,146,146,91,91,195,195,103,95,160,161,162,162,127,127,176,186,89,89,91,94,163,175,140,140,172,172,106,108,106,106,83,85,262,262,89,93,143,143,122,124,240,240,144,156,130,130,250,250,142,142,159,159,136,142,149,149,,,,,,,,,,,,,,,,,,,,,,,,,,,,,,,,,,,,,,,,,,,,,,,,,,,,,,,,,
PANP,plains,EIB541,Davis,2021,EIB77_773_Parks Canada_Results,7B,231,,161,161,191,191,239,241,238,250,87,89,180,198,207,211,149,149,158,158,114,114,165,165,92,96,125,129,103,103,104,122,161,167,231,233,198,198,187,187,113,113,154,158,89,91,88,90,135,135,146,146,87,87,195,195,95,99,160,161,162,170,127,148,170,186,89,89,91,94,163,175,140,140,172,180,108,108,106,106,81,83,262,262,105,105,143,143,122,122,238,240,156,156,130,130,250,254,142,142,153,159,136,142,149,149,,,,,,,,,,,,,,,,,,,,,,,,,,,,,,,,,,,,,,,,,,,,,,,,,,,,,,,,,
PANP,plains,EIB543,Davis,2021,EIB77_773_Parks Canada_Results,8B,232,,161,161,191,191,241,241,250,250,89,89,180,180,211,211,149,149,158,158,114,116,165,179,104,104,125,129,103,103,104,122,161,167,231,231,194,198,185,187,113,115,154,160,89,91,90,90,135,141,146,146,87,91,189,189,95,99,161,161,162,162,127,148,170,186,89,89,91,91,163,165,140,140,172,180,106,106,104,106,83,85,262,262,105,105,143,143,124,124,240,240,144,144,130,130,250,250,150,150,155,159,142,142,149,149,,,,,,,,,,,,,,,,,,,,,,,,,,,,,,,,,,,,,,,,,,,,,,,,,,,,,,,,,
PANP,plains,EIB544,Davis,2021,EIB77_773_Parks Canada_Results,9A,233,,161,161,191,191,239,253,250,250,89,89,192,198,207,207,149,149,158,158,114,114,165,179,104,96,125,129,103,103,104,122,161,161,231,233,194,194,185,185,115,115,154,158,91,91,88,88,135,135,146,146,87,91,195,195,103,95,160,161,162,170,127,148,170,186,89,89,91,95,163,175,140,140,172,172,106,108,106,106,83,83,262,262,105,93,143,145,124,124,238,240,156,156,130,130,250,250,142,142,153,155,142,142,149,149,,,,,,,,,,,,,,,,,,,,,,,,,,,,,,,,,,,,,,,,,,,,,,,,,,,,,,,,,
PANP,plains,EIB545,Davis,2021,EIB77_773_Parks Canada_Results,9B,234,,161,161,191,191,241,253,250,250,87,89,180,192,207,211,149,149,158,162,114,114,179,179,104,92,127,129,103,103,104,118,161,167,231,231,194,198,187,187,113,115,154,158,89,91,88,90,135,135,146,146,87,91,189,195,103,95,161,161,164,170,127,148,170,176,89,89,91,94,163,165,140,140,172,172,108,108,104,106,83,85,262,262,105,105,143,143,124,124,238,240,156,156,130,130,250,250,150,150,155,159,138,142,149,149,,,,,,,,,,,,,,,,,,,,,,,,,,,,,,,,,,,,,,,,,,,,,,,,,,,,,,,,,
PANP,plains,EIB387,Davis,2021,EIB77_773_Parks Canada_Results,cow,192,,161,161,191,191,241,241,250,250,87,89,180,180,207,211,149,149,158,158,114,116,179,179,104,104,129,129,103,103,118,122,161,167,231,231,194,194,185,185,113,115,154,160,91,91,88,90,135,141,146,146,87,91,189,189,103,95,161,161,162,162,127,148,186,186,89,89,91,91,165,175,140,140,172,172,106,106,106,106,83,83,262,262,105,93,143,143,122,124,240,240,144,156,130,130,250,250,142,150,153,155,142,142,149,149,,,,,,,,,,,,,,,,,,,,,,,,,,,,,,,,,,,,,,,,,,,,,,,,,,,,,,,,,
PANP,plains,EIB381,Davis,2021,EIB77_773_Parks Canada_Results,Prince Albert NP 1,188,,161,161,191,191,241,245,250,250,87,87,180,198,207,211,149,149,158,158,114,114,165,179,104,104,129,129,103,103,118,118,161,167,231,233,194,198,187,187,113,115,154,160,91,91,90,90,135,135,146,146,87,91,189,195,103,95,161,170,162,162,127,148,170,186,89,89,91,94,165,175,140,140,172,178,106,108,104,106,83,85,262,262,105,105,143,145,122,124,240,240,156,156,130,130,250,250,150,150,153,159,136,142,149,149,,,,,,,,,,,,,,,,,,,,,,,,,,,,,,,,,,,,,,,,,,,,,,,,,,,,,,,,,
PANP,plains,EIB382,Davis,2021,EIB77_773_Parks Canada_Results,Prince Albert NP 2,189,,161,161,191,191,239,245,238,250,87,87,180,198,207,211,149,149,158,162,114,116,165,179,92,96,125,129,103,103,104,122,161,167,231,233,198,198,185,187,113,113,158,160,89,91,90,90,135,141,146,146,87,87,195,195,95,95,160,161,162,162,127,127,186,186,89,89,94,94,165,175,140,148,172,172,108,108,106,106,81,83,260,262,89,93,143,143,122,124,238,240,156,156,130,130,250,254,142,142,153,159,136,136,149,149,,,,,,,,,,,,,,,,,,,,,,,,,,,,,,,,,,,,,,,,,,,,,,,,,,,,,,,,,
PANP,plains,EIB383,Davis,2021,EIB77_773_Parks Canada_Results,Prince Albert NP 3,190,,161,161,191,191,245,245,250,250,89,89,180,198,211,211,149,149,158,158,114,114,165,165,104,104,127,129,103,103,118,122,161,167,233,233,194,194,185,187,113,113,154,154,91,91,90,90,135,141,146,146,91,91,189,195,103,103,161,170,162,162,127,148,170,186,89,89,91,95,165,165,140,148,172,172,106,108,104,106,81,85,262,262,105,93,143,143,124,124,228,240,144,156,130,130,250,250,150,150,153,159,136,136,149,149,,,,,,,,,,,,,,,,,,,,,,,,,,,,,,,,,,,,,,,,,,,,,,,,,,,,,,,,,
PANP,plains,EIB385,Davis,2021,EIB77_773_Parks Canada_Results,Prince Albert NP 5,191,,161,161,191,191,241,241,238,250,87,89,180,198,207,211,149,149,158,162,114,116,165,179,92,96,125,129,103,103,104,122,161,161,231,231,194,194,185,187,113,115,154,160,89,91,90,90,135,135,146,146,87,91,195,195,103,95,160,170,142,168,127,127,170,186,89,89,95,95,163,175,140,140,172,178,108,108,106,106,83,85,262,262,89,93,143,143,122,122,240,240,156,156,130,130,250,250,142,142,159,159,142,142,149,149,,,,,,,,,,,,,,,,,,,,,,,,,,,,,,,,,,,,,,,,,,,,,,,,,,,,,,,,,
PANP,plains,EIB388,Davis,2021,EIB77_773_Parks Canada_Results,SN,193,,161,161,191,191,241,241,250,250,87,89,198,198,207,211,149,149,158,158,114,116,165,165,92,96,127,129,103,103,104,122,161,161,231,233,194,194,185,185,113,115,154,154,89,91,90,90,135,135,146,146,87,91,189,195,103,95,160,161,142,168,127,148,170,186,89,89,91,94,163,175,140,148,180,180,108,108,106,106,83,83,262,262,105,93,143,143,124,124,228,240,156,156,130,130,250,250,142,150,153,159,136,136,149,149,,,,,,,,,,,,,,,,,,,,,,,,,,,,,,,,,,,,,,,,,,,,,,,,,,,,,,,,,
PM,plains,EIB361,Davis,2021,EIB77_773_Parks Canada_Results,50236,244,,161,165,179,191,241,269,238,238,85,87,180,198,202,211,129,149,150,152,116,118,179,183,92,96,127,131,103,105,122,122,167,167,229,229,194,200,175,187,113,115,154,158,91,93,100,90,135,141,146,150,87,89,195,195,101,99,158,158,156,168,127,148,168,172,83,83,92,92,165,175,140,140,180,180,106,108,104,104,83,83,256,260,105,97,143,143,124,126,228,238,144,156,130,130,250,252,148,150,153,155,136,136,149,153,,,,,,,,,,,,,,,,,,,,,,,,,,,,,,,,,,,,,,,,,,,,,,,,,,,,,,,,,
PM,plains,EIB362,Davis,2021,EIB77_773_Parks Canada_Results,54036,245,,161,173,179,191,241,245,232,238,85,91,192,198,201,211,149,149,158,158,116,116,183,183,92,92,123,125,103,105,122,122,161,167,229,229,194,194,175,181,113,115,156,158,89,91,100,88,135,135,146,146,87,91,195,195,99,99,160,161,142,170,148,148,168,174,83,89,91,92,165,175,140,150,172,180,106,108,102,102,81,83,256,260,105,97,143,147,122,124,236,236,144,156,130,130,250,252,138,148,155,159,136,138,149,151,,,,,,,,,,,,,,,,,,,,,,,,,,,,,,,,,,,,,,,,,,,,,,,,,,,,,,,,,
PM,plains,EIB363,Davis,2021,EIB77_773_Parks Canada_Results,54298,246,,161,173,191,191,241,253,238,250,89,91,180,180,202,207,129,129,162,162,116,116,165,179,92,92,129,131,103,103,120,120,161,167,229,233,194,194,185,187,115,115,154,158,89,91,100,90,135,135,146,154,85,91,195,195,103,95,161,161,142,156,140,150,168,168,83,89,92,95,167,173,146,146,180,180,106,108,100,100,83,83,262,262,91,97,143,143,122,124,240,240,144,156,130,134,246,252,138,142,153,155,134,138,149,151,,,,,,,,,,,,,,,,,,,,,,,,,,,,,,,,,,,,,,,,,,,,,,,,,,,,,,,,,
PM,plains,EIB364,Davis,2021,EIB77_773_Parks Canada_Results,54299,247,,161,173,177,179,245,269,232,254,85,89,180,198,202,211,143,149,158,158,114,116,179,183,92,96,127,131,104,105,118,118,167,167,229,231,194,194,175,175,113,113,154,158,91,91,88,90,135,141,146,146,87,87,191,195,95,95,160,160,142,168,127,148,168,168,83,89,92,92,167,173,146,150,180,180,108,108,106,106,83,83,256,262,105,97,143,143,124,124,236,240,144,154,130,130,250,252,148,150,155,159,136,136,149,149,,,,,,,,,,,,,,,,,,,,,,,,,,,,,,,,,,,,,,,,,,,,,,,,,,,,,,,,,
PM,plains,EIB373,Davis,2021,EIB77_773_Parks Canada_Results,54301,255,,161,173,179,191,245,253,238,238,87,91,192,198,211,211,143,149,150,158,116,116,165,183,92,98,125,131,103,105,118,118,161,167,229,231,190,194,175,185,113,115,158,158,89,89,88,90,135,141,146,148,85,85,191,195,99,99,160,161,156,168,127,150,168,170,89,89,95,95,173,175,146,148,172,180,108,112,104,104,83,85,260,260,101,105,143,143,122,124,240,240,156,156,118,118,246,246,138,142,153,155,136,138,149,149,,,,,,,,,,,,,,,,,,,,,,,,,,,,,,,,,,,,,,,,,,,,,,,,,,,,,,,,,
PM,plains,EIB366,Davis,2021,EIB77_773_Parks Canada_Results,54302,248,,173,173,177,181,241,245,238,254,87,89,180,198,201,207,129,143,158,162,114,118,179,185,92,96,127,127,103,104,118,118,161,167,231,233,190,194,185,187,113,115,154,158,91,91,100,88,135,135,146,150,87,87,195,195,99,99,160,160,160,168,127,127,168,170,89,89,91,92,167,177,146,146,180,180,108,108,102,102,81,83,262,262,93,97,143,143,122,122,240,240,144,154,118,134,250,252,148,150,155,155,136,138,149,149,,,,,,,,,,,,,,,,,,,,,,,,,,,,,,,,,,,,,,,,,,,,,,,,,,,,,,,,,
PM,plains,EIB374,Davis,2021,EIB77_773_Parks Canada_Results,54305,256,,165,173,177,191,241,271,232,238,85,89,180,198,211,211,127,143,158,162,114,118,179,183,92,92,125,131,105,105,122,122,161,161,231,231,194,194,175,187,113,113,154,158,89,91,88,90,135,135,146,154,87,87,191,191,95,99,160,170,162,168,127,127,168,170,89,89,91,92,167,175,146,150,172,174,108,108,102,102,81,83,260,262,89,93,143,147,120,124,228,240,156,160,118,130,250,254,142,148,155,157,138,138,149,149,,,,,,,,,,,,,,,,,,,,,,,,,,,,,,,,,,,,,,,,,,,,,,,,,,,,,,,,,
PM,plains,EIB367,Davis,2021,EIB77_773_Parks Canada_Results,54307,249,,165,173,191,191,241,241,238,238,89,91,198,198,202,205,127,143,150,150,118,118,165,179,92,92,127,131,103,105,122,122,161,167,229,233,194,194,187,187,108,115,154,156,91,93,100,90,135,135,146,154,87,89,189,189,101,99,160,161,142,162,140,140,168,172,89,91,92,94,175,175,140,148,172,174,108,110,102,102,81,83,262,262,89,91,143,143,124,124,236,240,154,156,130,130,252,254,138,142,155,159,136,138,149,151,,,,,,,,,,,,,,,,,,,,,,,,,,,,,,,,,,,,,,,,,,,,,,,,,,,,,,,,,
PM,plains,EIB375,Davis,2021,EIB77_773_Parks Canada_Results,54313,257,,173,173,191,191,241,245,238,238,85,89,184,184,201,207,143,143,158,162,114,118,165,179,92,98,125,129,103,103,118,118,167,167,229,229,190,200,185,187,115,115,154,160,89,89,88,90,135,135,146,146,89,91,189,189,95,99,160,160,156,168,127,140,168,170,83,89,91,92,167,175,140,146,172,176,108,108,102,102,81,83,260,260,97,99,143,143,120,124,228,240,154,156,118,130,244,250,142,150,153,153,134,134,149,149,,,,,,,,,,,,,,,,,,,,,,,,,,,,,,,,,,,,,,,,,,,,,,,,,,,,,,,,,
PM,plains,EIB368,Davis,2021,EIB77_773_Parks Canada_Results,54321,250,,161,161,177,191,245,253,238,238,89,91,180,192,211,215,143,149,158,158,114,116,183,185,92,98,123,125,103,105,114,114,167,167,231,233,194,200,175,187,113,115,156,158,91,91,100,90,135,135,146,150,87,91,189,195,101,99,143,160,142,160,127,140,168,170,89,89,91,92,165,167,140,150,174,180,108,108,102,102,83,83,262,262,97,99,143,147,122,124,228,238,154,156,130,130,246,254,142,148,155,155,136,138,149,151,,,,,,,,,,,,,,,,,,,,,,,,,,,,,,,,,,,,,,,,,,,,,,,,,,,,,,,,,
PM,plains,EIB376,Davis,2021,EIB77_773_Parks Canada_Results,54322,258,,161,165,191,191,245,271,238,238,85,87,184,198,201,205,143,149,148,152,116,116,183,183,104,92,123,127,103,103,118,118,161,167,231,233,194,194,175,187,113,115,154,158,89,89,90,90,135,135,146,150,87,91,189,195,95,99,160,161,168,170,127,127,170,170,83,83,92,92,173,175,140,146,172,174,108,108,104,104,81,83,256,262,89,99,143,143,124,124,228,236,156,156,130,134,250,250,142,148,153,155,136,138,149,149,,,,,,,,,,,,,,,,,,,,,,,,,,,,,,,,,,,,,,,,,,,,,,,,,,,,,,,,,
PM,plains,EIB369,Davis,2021,EIB77_773_Parks Canada_Results,54323,251,,161,173,181,191,245,271,232,254,85,85,198,198,201,211,143,149,148,158,116,116,165,183,96,98,125,129,103,103,118,118,161,167,231,231,190,194,185,185,115,115,158,158,89,91,88,90,135,137,146,150,85,91,195,195,95,99,161,161,168,170,140,140,168,170,83,89,92,94,167,175,140,146,172,180,108,108,104,104,83,83,256,260,89,89,143,145,122,124,228,240,154,156,118,130,250,254,142,148,153,155,136,136,149,149,,,,,,,,,,,,,,,,,,,,,,,,,,,,,,,,,,,,,,,,,,,,,,,,,,,,,,,,,
PM,plains,EIB377,Davis,2021,EIB77_773_Parks Canada_Results,54324,259,,161,161,179,191,241,247,238,250,87,89,184,192,205,205,129,143,162,162,108,114,183,185,92,96,125,127,103,105,122,122,167,167,229,231,190,194,185,187,115,115,154,160,89,91,100,88,135,137,146,146,85,87,195,195,103,99,161,170,158,162,127,140,168,186,89,95,92,95,165,173,140,140,172,178,106,108,104,104,81,83,262,262,97,99,143,147,124,124,240,240,144,144,134,134,250,250,138,142,155,155,134,138,149,149,,,,,,,,,,,,,,,,,,,,,,,,,,,,,,,,,,,,,,,,,,,,,,,,,,,,,,,,,
PM,plains,EIB370,Davis,2021,EIB77_773_Parks Canada_Results,54327,252,,161,165,191,191,241,241,238,250,87,89,184,198,201,205,127,143,152,158,116,116,175,183,104,98,125,129,103,105,118,118,161,167,229,231,194,194,187,187,108,115,154,160,89,93,88,88,135,135,146,146,85,91,189,195,99,99,143,160,162,168,127,140,170,176,83,89,91,95,175,177,140,140,174,178,108,108,104,104,81,83,262,262,99,99,143,143,122,124,228,240,156,156,130,130,250,250,142,142,155,155,134,138,149,149,,,,,,,,,,,,,,,,,,,,,,,,,,,,,,,,,,,,,,,,,,,,,,,,,,,,,,,,,
PM,plains,EIB378,Davis,2021,EIB77_773_Parks Canada_Results,54328,260,,161,173,179,181,241,271,232,238,85,87,180,192,202,205,127,143,152,152,114,116,179,181,98,98,125,127,105,105,114,114,167,167,229,231,190,194,175,187,115,115,158,158,89,89,88,88,135,141,146,148,85,87,195,195,95,99,160,161,164,168,140,150,176,176,83,83,92,95,165,165,146,146,172,172,108,108,104,104,83,85,260,262,93,99,143,143,122,124,236,240,156,158,130,134,250,250,148,148,153,159,138,138,149,149,,,,,,,,,,,,,,,,,,,,,,,,,,,,,,,,,,,,,,,,,,,,,,,,,,,,,,,,,
PM,plains,EIB371,Davis,2021,EIB77_773_Parks Canada_Results,54329,253,,161,161,191,191,241,249,238,250,87,91,192,198,205,211,129,129,152,162,116,118,179,181,92,92,129,131,103,103,122,122,161,161,229,229,194,200,175,185,115,115,158,158,91,91,102,88,135,137,146,146,87,87,195,195,101,95,160,161,158,160,127,150,172,186,89,89,92,92,165,175,140,140,172,172,106,108,106,106,83,85,262,262,105,97,145,147,124,124,236,240,144,160,130,130,244,250,138,138,155,155,134,138,145,149,,,,,,,,,,,,,,,,,,,,,,,,,,,,,,,,,,,,,,,,,,,,,,,,,,,,,,,,,
PM,plains,EIB379,Davis,2021,EIB77_773_Parks Canada_Results,54332,261,,161,161,179,191,271,271,238,238,89,91,180,180,207,207,143,149,158,158,116,116,165,183,96,98,125,129,103,105,118,118,161,167,229,231,190,194,175,187,113,115,154,160,89,91,100,100,135,135,146,154,85,87,189,195,103,95,143,160,142,160,140,150,168,170,83,89,91,92,175,175,146,150,178,180,108,108,102,102,83,83,262,262,105,97,143,147,122,124,238,238,156,156,130,130,244,252,142,148,155,155,134,136,149,149,,,,,,,,,,,,,,,,,,,,,,,,,,,,,,,,,,,,,,,,,,,,,,,,,,,,,,,,,
PM,plains,EIB372,Davis,2021,EIB77_773_Parks Canada_Results,54334,254,,161,165,191,191,241,271,238,250,85,87,198,198,201,201,149,149,152,158,116,118,183,183,104,96,127,129,103,103,114,114,161,167,231,231,194,200,175,187,115,115,156,158,89,89,88,90,135,141,146,146,87,89,195,195,95,99,143,143,168,170,127,150,170,170,89,89,91,92,173,175,140,140,172,172,106,108,104,104,83,83,260,262,97,99,143,143,122,124,236,240,154,156,130,130,250,254,148,150,155,155,136,138,149,149,,,,,,,,,,,,,,,,,,,,,,,,,,,,,,,,,,,,,,,,,,,,,,,,,,,,,,,,,
PM,plains,EIB380,Davis,2021,EIB77_773_Parks Canada_Results,5430x,262,,173,173,179,191,249,269,238,238,85,85,192,198,211,211,127,143,150,158,112,112,179,181,96,98,125,131,105,105,122,122,165,167,229,231,194,200,175,175,113,113,154,158,91,91,100,88,135,141,146,146,87,87,189,191,95,95,160,160,142,142,148,150,168,170,83,89,91,92,173,175,140,150,172,180,108,108,104,104,83,85,256,260,89,99,143,143,122,124,236,238,144,154,130,130,246,250,142,148,153,155,138,138,153,153,,,,,,,,,,,,,,,,,,,,,,,,,,,,,,,,,,,,,,,,,,,,,,,,,,,,,,,,,
PM,plains,EIB582,Davis,2021,EIB77_773_Parks Canada_Results,BIBI091017A,263,,161,161,181,191,241,247,238,238,89,91,198,198,205,211,129,143,152,162,118,118,179,185,92,98,127,127,103,103,118,122,161,167,229,229,194,194,187,187,113,113,158,158,91,91,100,90,135,135,146,150,87,91,191,195,101,99,161,170,156,156,127,127,168,168,83,89,95,95,173,175,146,150,172,172,108,108,104,104,81,81,260,260,93,97,143,143,124,124,236,238,156,156,130,134,246,254,138,148,155,155,136,136,149,149,,,,,,,,,,,,,,,,,,,,,,,,,,,,,,,,,,,,,,,,,,,,,,,,,,,,,,,,,
PM,plains,EIB598,Davis,2021,EIB77_773_Parks Canada_Results,Sikanni 20-001,264,,165,173,177,191,253,271,238,238,89,89,192,198,205,211,127,129,150,152,108,116,165,165,104,92,125,125,105,105,118,118,167,167,229,233,194,200,175,181,113,115,156,158,89,89,100,102,137,141,146,146,87,91,195,195,95,99,160,160,142,158,127,140,168,170,83,83,91,92,167,173,140,140,180,180,108,108,104,104,83,83,260,262,97,99,143,147,122,124,228,240,144,160,134,134,250,252,142,142,155,155,136,138,149,149,,,,,,,,,,,,,,,,,,,,,,,,,,,,,,,,,,,,,,,,,,,,,,,,,,,,,,,,,
RMNP,plains,EIB439,Davis,2021,EIB77_773_Parks Canada_Results,177,280,,161,161,177,191,241,253,238,238,87,89,180,192,211,211,143,143,150,158,116,118,185,185,92,98,129,129,103,103,122,122,167,167,231,231,194,200,175,181,113,113,154,154,91,91,88,88,135,147,146,148,91,91,189,195,101,95,158,160,142,158,127,140,168,170,83,89,92,92,167,173,140,140,172,172,106,108,106,106,83,83,262,262,101,101,143,147,124,124,240,240,144,158,130,134,246,254,142,142,153,155,136,136,149,151,,,,,,,,,,,,,,,,,,,,,,,,,,,,,,,,,,,,,,,,,,,,,,,,,,,,,,,,,
RMNP,plains,EIB438,Davis,2021,EIB77_773_Parks Canada_Results,201,279,,161,173,191,191,241,241,238,238,89,89,180,198,215,215,149,149,142,150,0,0,179,181,96,98,125,127,103,103,114,114,167,167,229,229,194,194,175,187,113,115,156,158,91,93,100,90,135,141,146,146,87,87,191,195,95,99,160,170,168,170,127,127,168,172,89,91,92,95,173,173,146,146,0,0,106,110,102,102,83,83,262,262,105,99,143,145,122,122,228,240,156,156,130,134,246,250,148,150,153,155,136,140,149,151,,,,,,,,,,,,,,,,,,,,,,,,,,,,,,,,,,,,,,,,,,,,,,,,,,,,,,,,,
RMNP,plains,EIB442,Davis,2021,EIB77_773_Parks Canada_Results,203,283,,161,161,181,193,241,253,250,254,89,91,180,192,211,211,129,143,150,152,114,116,179,179,104,92,127,129,103,105,118,118,167,167,229,231,200,202,175,175,108,115,154,156,89,91,90,90,135,135,146,146,87,87,191,195,95,99,158,160,168,170,140,150,168,170,89,89,92,92,175,175,146,146,172,180,108,108,112,112,81,85,256,262,89,93,143,143,120,122,240,240,144,160,130,130,246,250,142,142,153,159,136,136,149,151,,,,,,,,,,,,,,,,,,,,,,,,,,,,,,,,,,,,,,,,,,,,,,,,,,,,,,,,,
RMNP,plains,EIB443,Davis,2021,EIB77_773_Parks Canada_Results,204,284,,165,173,181,181,241,241,238,250,85,91,180,198,205,215,143,143,152,164,0,0,179,179,92,96,127,129,103,105,118,118,161,165,229,229,194,198,175,175,108,115,154,154,93,93,90,90,135,135,146,146,87,91,191,191,101,103,160,170,156,168,142,148,168,168,89,89,92,92,175,177,146,146,172,174,106,108,102,102,83,83,262,262,91,99,143,143,122,124,228,238,154,154,130,134,246,246,142,142,155,155,136,136,149,149,,,,,,,,,,,,,,,,,,,,,,,,,,,,,,,,,,,,,,,,,,,,,,,,,,,,,,,,,
RMNP,plains,EIB444,Davis,2021,EIB77_773_Parks Canada_Results,205,285,,173,173,181,191,241,241,232,238,87,89,180,198,205,211,143,149,150,152,112,116,179,181,92,96,129,131,105,105,122,122,161,167,231,231,200,200,187,187,115,115,154,158,91,91,90,90,135,135,146,146,91,91,189,191,101,99,161,161,142,158,148,148,168,168,89,89,91,91,175,175,146,148,172,180,108,108,104,104,81,83,262,262,91,99,143,145,122,122,228,236,154,160,130,130,246,250,142,148,153,153,136,140,149,149,,,,,,,,,,,,,,,,,,,,,,,,,,,,,,,,,,,,,,,,,,,,,,,,,,,,,,,,,
RMNP,plains,EIB440,Davis,2021,EIB77_773_Parks Canada_Results,315,281,,161,161,177,191,241,271,238,238,89,91,184,192,207,211,143,143,150,150,114,118,179,185,92,92,127,131,103,105,118,118,161,167,231,231,200,202,175,185,108,115,154,156,91,91,88,90,135,135,146,148,91,91,189,189,103,95,160,160,158,168,140,140,168,168,89,89,92,92,173,175,140,146,172,180,108,108,106,106,83,83,260,262,101,93,143,147,122,124,236,240,144,144,130,130,250,254,142,142,153,155,134,136,149,149,,,,,,,,,,,,,,,,,,,,,,,,,,,,,,,,,,,,,,,,,,,,,,,,,,,,,,,,,
RMNP,plains,EIB441,Davis,2021,EIB77_773_Parks Canada_Results,381,282,,161,161,181,191,241,241,238,254,89,91,192,192,205,207,129,143,150,152,114,116,179,183,104,92,127,129,103,105,114,114,161,167,229,231,200,202,175,185,115,115,156,158,91,91,90,90,135,135,146,146,87,91,189,191,103,99,160,170,168,170,140,148,168,170,89,89,92,92,175,175,146,146,180,180,108,108,112,112,81,83,256,260,89,93,143,143,122,124,236,238,144,160,130,130,246,250,142,142,153,159,134,136,149,149,,,,,,,,,,,,,,,,,,,,,,,,,,,,,,,,,,,,,,,,,,,,,,,,,,,,,,,,,
RMNP,plains,EIB755,Davis,2021,EIB77_773_Parks Canada_Results,7535409,291,,161,161,181,191,241,241,250,250,87,89,192,198,211,215,143,143,152,152,112,114,179,179,96,98,123,131,103,103,114,114,161,167,229,231,200,200,185,187,113,115,158,160,91,93,90,90,135,135,146,146,87,91,191,191,103,95,161,161,142,168,127,140,168,168,83,89,91,95,175,177,140,146,176,180,108,112,104,104,83,83,262,262,89,99,143,145,122,124,228,238,154,156,130,134,246,250,142,142,153,153,136,136,149,149,,,,,,,,,,,,,,,,,,,,,,,,,,,,,,,,,,,,,,,,,,,,,,,,,,,,,,,,,
RMNP,plains,EIB754,Davis,2021,EIB77_773_Parks Canada_Results,7586321,290,,173,173,181,181,241,249,232,238,87,89,192,198,205,215,127,129,150,162,116,116,181,183,96,98,125,125,103,103,118,118,161,167,229,229,194,200,185,187,113,115,154,158,91,91,88,90,135,135,146,146,87,87,191,191,103,95,161,161,168,170,127,142,170,186,91,91,92,95,173,175,140,146,172,178,106,108,104,104,83,83,260,260,97,99,143,145,124,126,240,240,154,156,130,130,246,246,142,150,153,155,136,138,149,149,,,,,,,,,,,,,,,,,,,,,,,,,,,,,,,,,,,,,,,,,,,,,,,,,,,,,,,,,
RMNP,plains,EIB753,Davis,2021,EIB77_773_Parks Canada_Results,7586347,289,,161,165,181,181,241,241,238,250,89,89,180,192,205,211,129,129,152,162,114,114,179,183,92,98,127,127,103,103,114,118,167,167,229,229,200,200,175,185,115,115,154,156,91,91,90,90,135,135,146,148,87,91,189,195,103,95,160,160,170,170,140,140,168,168,89,89,91,92,175,175,146,146,176,180,108,108,104,112,81,81,256,262,89,89,143,143,122,122,238,238,144,156,130,134,246,246,142,150,153,157,136,136,149,149,,,,,,,,,,,,,,,,,,,,,,,,,,,,,,,,,,,,,,,,,,,,,,,,,,,,,,,,,
RMNP,plains,EIB751,Davis,2021,EIB77_773_Parks Canada_Results,7586374,287,,173,173,181,191,241,253,238,250,87,89,180,198,207,215,129,149,150,164,112,114,181,181,92,96,125,131,103,105,118,118,167,167,229,233,194,200,175,187,115,115,154,158,89,91,90,90,141,141,146,146,87,91,191,191,95,99,161,170,142,170,140,150,168,168,89,91,91,92,173,175,146,146,172,176,106,108,102,102,83,83,260,262,99,99,143,145,122,126,236,238,154,156,130,134,246,252,142,150,155,155,134,140,149,149,,,,,,,,,,,,,,,,,,,,,,,,,,,,,,,,,,,,,,,,,,,,,,,,,,,,,,,,,
RMNP,plains,EIB757,Davis,2021,EIB77_773_Parks Canada_Results,7586382,293,,161,173,181,191,241,253,250,250,89,91,180,198,207,207,129,143,150,164,112,116,179,181,92,92,125,129,103,103,118,120,165,167,229,233,200,200,175,175,115,115,158,158,91,91,90,90,141,141,146,148,87,89,191,191,95,95,161,170,158,170,140,142,168,168,89,91,92,92,165,173,146,146,176,178,106,108,102,112,83,83,260,262,89,99,143,145,122,124,236,238,154,156,130,134,246,254,150,150,155,155,136,140,149,149,,,,,,,,,,,,,,,,,,,,,,,,,,,,,,,,,,,,,,,,,,,,,,,,,,,,,,,,,
RMNP,plains,EIB756,Davis,2021,EIB77_773_Parks Canada_Results,7586383,292,,161,173,191,193,241,241,232,250,87,87,192,198,211,215,129,143,158,162,116,118,181,185,104,96,129,131,103,105,114,122,167,167,231,231,200,202,185,187,115,115,154,160,91,91,90,90,135,135,146,146,87,87,191,191,101,95,158,161,142,168,127,150,168,170,89,89,91,92,175,177,146,146,172,176,108,112,104,106,81,85,262,262,93,99,143,145,122,124,228,240,154,160,130,130,250,250,142,148,153,155,136,136,149,149,,,,,,,,,,,,,,,,,,,,,,,,,,,,,,,,,,,,,,,,,,,,,,,,,,,,,,,,,
RMNP,plains,EIB750,Davis,2021,EIB77_773_Parks Canada_Results,9G92869,286,,165,173,181,181,241,241,232,250,85,89,192,198,211,215,127,149,142,150,114,114,179,181,96,98,123,131,103,105,114,118,165,167,229,233,194,200,175,185,115,115,158,158,89,91,88,90,135,141,146,148,87,91,191,191,95,95,161,161,142,170,127,140,168,168,89,91,91,92,173,177,146,146,174,176,106,108,102,104,81,83,262,262,89,99,145,145,126,126,236,238,156,156,130,130,246,250,142,150,155,155,134,136,149,149,,,,,,,,,,,,,,,,,,,,,,,,,,,,,,,,,,,,,,,,,,,,,,,,,,,,,,,,,
RMNP,plains,EIB758,Davis,2021,EIB77_773_Parks Canada_Results,9H29246,294,,173,173,181,191,241,241,238,250,87,91,180,184,211,211,129,143,150,158,114,118,179,179,92,92,127,129,103,103,118,122,161,165,229,229,194,198,175,175,108,113,154,154,91,93,90,90,135,141,146,146,89,91,191,195,101,95,160,160,158,168,142,150,168,170,89,89,92,95,165,175,146,150,172,180,106,108,102,104,83,83,256,262,97,99,143,143,124,124,228,240,154,154,130,134,246,250,142,150,155,159,134,136,149,151,,,,,,,,,,,,,,,,,,,,,,,,,,,,,,,,,,,,,,,,,,,,,,,,,,,,,,,,,
RMNP,plains,EIB752,Davis,2021,EIB77_773_Parks Canada_Results,9H29294,288,,165,173,191,191,249,253,238,238,87,89,192,192,205,205,129,149,150,162,116,118,181,181,98,98,125,127,103,103,114,118,161,167,229,229,194,200,175,185,115,115,158,158,91,93,100,88,141,141,146,148,87,89,191,191,95,95,160,160,168,170,127,127,168,168,89,91,91,92,173,175,146,146,174,180,106,110,104,104,81,83,260,262,93,99,143,145,124,124,240,240,154,156,130,134,246,252,142,150,153,155,136,136,149,149,,,,,,,,,,,,,,,,,,,,,,,,,,,,,,,,,,,,,,,,,,,,,,,,,,,,,,,,,
RMNP,plains,EIB431,Davis,2021,EIB77_773_Parks Canada_Results,B-10A,273,,173,173,181,191,241,253,232,250,87,89,180,198,207,207,129,129,150,164,112,114,181,183,104,92,125,127,103,103,118,118,161,167,229,233,200,200,175,187,115,115,154,154,89,93,90,90,141,141,146,146,87,87,191,191,103,99,161,161,168,170,140,140,168,168,89,91,92,92,173,177,146,146,172,178,108,110,112,112,83,83,260,262,97,99,145,145,122,126,236,236,156,156,130,134,246,250,142,148,155,155,138,140,149,149,,,,,,,,,,,,,,,,,,,,,,,,,,,,,,,,,,,,,,,,,,,,,,,,,,,,,,,,,
RMNP,plains,EIB432,Davis,2021,EIB77_773_Parks Canada_Results,B-11A,274,,161,161,191,193,241,271,250,254,87,89,192,192,211,211,143,143,162,162,114,118,185,185,104,96,129,131,103,105,122,122,161,167,231,231,194,202,175,175,108,113,158,158,89,91,100,90,135,147,146,150,87,91,191,191,95,95,158,160,168,168,127,150,170,176,89,89,92,92,175,175,140,140,172,172,108,108,104,104,83,85,256,260,89,93,143,145,124,124,240,240,156,156,130,134,246,254,142,142,153,159,134,138,149,149,,,,,,,,,,,,,,,,,,,,,,,,,,,,,,,,,,,,,,,,,,,,,,,,,,,,,,,,,
RMNP,plains,EIB433,Davis,2021,EIB77_773_Parks Canada_Results,B-12A,275,,161,173,191,191,241,241,232,250,89,91,180,198,207,207,129,149,150,164,112,114,181,183,92,92,129,131,103,105,118,118,165,167,229,231,194,200,175,175,115,115,154,158,91,91,90,90,135,141,146,148,87,89,189,191,103,95,161,161,142,168,127,150,168,168,89,89,92,92,165,175,146,146,176,178,106,106,112,112,83,83,260,262,89,99,145,145,126,126,236,236,154,156,130,134,246,252,142,142,153,155,134,136,149,149,,,,,,,,,,,,,,,,,,,,,,,,,,,,,,,,,,,,,,,,,,,,,,,,,,,,,,,,,
RMNP,plains,EIB434,Davis,2021,EIB77_773_Parks Canada_Results,B-13A,276,,161,173,177,181,249,253,238,250,89,91,198,198,207,211,143,149,150,156,108,112,179,181,96,98,131,131,103,103,114,114,167,167,229,231,194,194,175,175,115,115,154,156,89,91,90,90,135,141,146,146,87,87,191,191,101,99,161,161,164,170,127,150,168,168,83,91,91,95,173,175,146,148,172,172,106,106,104,104,83,83,260,260,91,99,143,145,122,126,228,238,154,154,134,134,246,250,142,150,155,155,134,136,149,149,,,,,,,,,,,,,,,,,,,,,,,,,,,,,,,,,,,,,,,,,,,,,,,,,,,,,,,,,
RMNP,plains,EIB435,Davis,2021,EIB77_773_Parks Canada_Results,B-14A,277,,165,173,181,191,241,241,238,254,89,89,196,198,205,211,127,129,142,152,114,114,179,183,92,98,125,127,103,103,118,118,161,167,229,231,194,200,185,187,108,115,158,158,91,91,88,90,135,135,146,146,87,87,189,191,103,99,160,161,142,142,127,140,168,168,83,91,92,92,165,175,140,146,174,176,106,108,104,106,81,83,256,262,89,89,143,143,122,122,236,236,156,156,130,134,246,250,148,150,155,157,136,136,149,149,,,,,,,,,,,,,,,,,,,,,,,,,,,,,,,,,,,,,,,,,,,,,,,,,,,,,,,,,
RMNP,plains,EIB436,Davis,2021,EIB77_773_Parks Canada_Results,B-15A,278,,161,173,191,193,241,253,232,232,87,89,180,192,205,211,129,143,150,162,116,116,179,179,104,104,125,125,105,105,120,122,161,167,231,231,194,200,185,185,115,115,154,154,89,91,90,90,135,135,146,146,87,87,189,191,99,99,158,170,168,168,127,150,168,170,83,89,91,92,165,165,140,146,172,176,108,108,106,106,83,85,260,262,93,99,143,143,124,126,236,240,156,160,130,134,250,254,142,142,155,155,136,136,151,151,,,,,,,,,,,,,,,,,,,,,,,,,,,,,,,,,,,,,,,,,,,,,,,,,,,,,,,,,
RMNP,plains,EIB422,Davis,2021,EIB77_773_Parks Canada_Results,B-1A,265,,161,173,181,191,241,241,232,238,85,91,180,180,205,215,143,143,150,152,0,0,179,183,104,92,125,127,105,105,122,122,161,161,229,231,198,200,175,185,108,115,154,154,91,93,90,90,135,135,146,146,91,91,189,191,103,99,161,170,156,168,148,148,168,168,83,89,92,92,175,177,146,146,174,178,108,108,102,102,83,83,262,262,99,99,143,143,120,124,228,240,154,156,130,134,246,246,142,142,153,155,136,136,143,149,,,,,,,,,,,,,,,,,,,,,,,,,,,,,,,,,,,,,,,,,,,,,,,,,,,,,,,,,
RMNP,plains,EIB423,Davis,2021,EIB77_773_Parks Canada_Results,B-2A,266,,165,173,181,191,241,241,238,250,87,89,180,180,211,215,129,143,150,150,112,114,181,183,92,96,125,127,105,105,118,118,161,167,229,233,200,200,175,185,115,115,154,158,89,91,90,90,141,141,146,146,87,91,191,191,103,99,161,170,142,142,150,150,168,168,89,91,92,95,175,177,146,146,176,180,106,108,104,104,83,83,262,262,91,99,143,145,122,122,236,238,156,156,130,130,246,250,148,150,155,159,136,140,149,149,,,,,,,,,,,,,,,,,,,,,,,,,,,,,,,,,,,,,,,,,,,,,,,,,,,,,,,,,
RMNP,plains,EIB424,Davis,2021,EIB77_773_Parks Canada_Results,B-3A,267,,161,165,181,191,241,241,238,250,87,89,180,180,211,215,129,143,142,150,114,114,179,179,104,98,127,131,105,105,118,118,161,167,229,229,200,200,175,187,115,115,154,158,91,91,90,90,135,141,146,148,87,91,191,195,103,103,161,170,142,168,127,127,168,186,89,91,92,92,175,175,146,146,174,180,108,108,104,104,81,83,262,262,89,99,143,143,120,126,236,240,154,156,130,130,246,252,142,150,155,155,136,136,149,151,,,,,,,,,,,,,,,,,,,,,,,,,,,,,,,,,,,,,,,,,,,,,,,,,,,,,,,,,
RMNP,plains,EIB425,Davis,2021,EIB77_773_Parks Canada_Results,B-4A,268,,161,173,181,181,241,241,238,238,85,89,180,192,205,215,127,143,150,152,114,114,179,179,98,98,125,131,103,105,118,118,161,165,229,229,194,200,175,185,113,115,156,158,91,91,88,90,135,135,148,150,87,91,191,191,103,95,161,170,142,170,127,127,168,186,89,91,91,92,173,175,146,146,174,180,108,108,104,112,83,83,260,262,89,89,143,143,122,126,236,236,154,156,130,130,246,252,150,150,153,155,136,136,149,149,,,,,,,,,,,,,,,,,,,,,,,,,,,,,,,,,,,,,,,,,,,,,,,,,,,,,,,,,
RMNP,plains,EIB426,Davis,2021,EIB77_773_Parks Canada_Results,B-5A,269,,161,173,181,191,241,249,238,238,85,89,184,198,207,207,149,149,150,156,114,114,181,183,92,98,125,127,103,103,122,122,161,167,229,229,194,200,175,175,115,115,154,156,91,93,90,90,135,135,146,146,87,89,191,195,101,99,160,160,156,170,140,142,168,168,83,89,92,95,175,175,146,150,172,180,106,112,102,102,81,83,256,262,93,99,143,145,122,122,240,240,154,156,130,130,246,246,148,150,155,155,134,140,149,153,,,,,,,,,,,,,,,,,,,,,,,,,,,,,,,,,,,,,,,,,,,,,,,,,,,,,,,,,
RMNP,plains,EIB427,Davis,2021,EIB77_773_Parks Canada_Results,B-6A,270,,161,173,181,191,241,241,238,238,85,87,198,198,205,211,129,149,150,152,112,114,179,179,96,98,125,131,103,105,118,118,161,167,231,231,194,200,175,187,113,115,154,158,91,93,90,90,135,141,146,146,87,91,191,191,103,95,161,161,142,158,140,148,168,168,89,89,92,95,175,177,146,146,176,178,108,110,104,104,83,83,262,262,89,99,143,145,120,124,236,240,144,154,130,134,246,246,148,150,153,155,136,140,149,151,,,,,,,,,,,,,,,,,,,,,,,,,,,,,,,,,,,,,,,,,,,,,,,,,,,,,,,,,
RMNP,plains,EIB429,Davis,2021,EIB77_773_Parks Canada_Results,B-8A,271,,173,173,181,181,241,241,238,238,87,89,180,198,207,211,143,149,150,164,112,114,179,181,92,92,125,127,103,103,118,122,161,167,229,229,194,200,175,175,113,115,154,154,91,93,90,90,135,141,146,146,87,89,191,191,101,99,160,161,168,170,142,150,168,170,89,89,91,92,165,175,146,150,172,180,106,108,102,102,83,83,256,262,99,99,143,143,122,124,228,238,154,156,130,130,246,250,142,150,155,155,134,134,149,149,,,,,,,,,,,,,,,,,,,,,,,,,,,,,,,,,,,,,,,,,,,,,,,,,,,,,,,,,
RMNP,plains,EIB430,Davis,2021,EIB77_773_Parks Canada_Results,B-9A,272,,165,173,181,191,241,241,232,238,87,91,180,180,207,211,129,129,142,150,114,116,179,183,104,92,127,129,103,105,118,118,161,161,229,229,200,200,175,187,115,115,154,154,91,93,90,90,141,141,146,148,87,87,191,191,103,95,161,170,168,170,127,140,168,168,89,89,91,92,175,177,140,146,178,178,106,110,104,112,83,83,262,262,97,99,143,145,122,124,236,240,156,156,130,134,250,254,142,148,155,155,138,140,149,149,,,,,,,,,,,,,,,,,,,,,,,,,,,,,,,,,,,,,,,,,,,,,,,,,,,,,,,,,
RMNP,plains,EIB759,Davis,2021,EIB77_773_Parks Canada_Results,Bison (bull) hair 1,295,,161,165,191,191,241,249,238,238,87,89,192,198,205,215,129,149,156,162,114,116,179,181,92,98,125,127,103,103,118,118,167,167,229,229,194,200,181,185,113,115,156,158,89,91,88,88,135,141,146,148,87,91,191,195,101,95,160,170,144,168,127,150,168,168,89,89,92,92,173,175,146,146,172,180,110,112,104,104,81,83,260,262,105,99,143,145,124,124,228,240,156,156,130,130,246,250,148,150,155,155,136,136,149,151,,,,,,,,,,,,,,,,,,,,,,,,,,,,,,,,,,,,,,,,,,,,,,,,,,,,,,,,,
RMNP,plains,EIB768,Davis,2021,EIB77_773_Parks Canada_Results,Bison Hair 10,304,,161,173,191,193,241,253,232,238,87,91,180,192,211,215,143,143,150,162,114,116,179,179,104,98,125,127,103,105,118,118,161,161,231,231,194,194,185,187,108,113,154,158,89,93,90,90,135,135,146,148,87,87,191,191,95,99,158,161,168,170,148,150,170,186,89,89,91,92,165,175,140,146,174,178,106,108,104,104,83,85,262,262,89,93,143,143,120,120,236,240,156,160,130,134,250,250,142,142,153,155,134,138,149,149,,,,,,,,,,,,,,,,,,,,,,,,,,,,,,,,,,,,,,,,,,,,,,,,,,,,,,,,,
RMNP,plains,EIB769,Davis,2021,EIB77_773_Parks Canada_Results,Bison Hair 11,305,,161,173,181,193,241,241,232,238,87,91,192,198,205,207,143,149,150,152,116,116,179,185,104,92,125,127,103,103,122,122,161,161,229,231,194,200,185,185,108,115,158,158,89,91,90,90,135,141,146,146,87,87,189,191,103,95,161,170,168,168,142,148,168,170,89,91,91,91,165,165,140,146,172,172,108,108,104,106,83,83,262,262,89,93,143,143,122,124,236,240,156,160,130,134,246,254,142,150,153,159,136,136,151,151,,,,,,,,,,,,,,,,,,,,,,,,,,,,,,,,,,,,,,,,,,,,,,,,,,,,,,,,,
RMNP,plains,EIB770,Davis,2021,EIB77_773_Parks Canada_Results,Bison Hair 12,306,,165,173,181,191,241,253,238,250,87,89,180,180,211,215,129,129,150,152,112,114,181,183,92,92,127,131,103,105,114,114,167,167,229,233,200,200,175,187,115,115,154,158,89,91,90,90,135,141,146,146,87,87,191,195,103,99,160,170,170,170,140,150,168,168,89,91,91,92,173,175,146,146,172,180,108,108,112,112,81,83,256,260,89,99,143,143,122,122,236,238,144,156,134,134,246,246,150,150,153,155,136,140,149,149,,,,,,,,,,,,,,,,,,,,,,,,,,,,,,,,,,,,,,,,,,,,,,,,,,,,,,,,,
RMNP,plains,EIB771,Davis,2021,EIB77_773_Parks Canada_Results,Bison Hair 13,307,,161,161,181,191,241,241,238,250,87,89,184,192,207,211,129,143,142,142,116,116,179,183,104,98,125,127,103,103,118,122,161,161,231,231,200,200,185,185,115,115,154,154,91,93,90,90,135,141,146,146,87,91,189,191,103,95,161,170,142,170,140,148,168,168,89,89,95,95,165,175,140,146,180,180,106,108,104,104,83,83,262,262,89,91,143,143,122,124,238,240,154,156,130,134,246,250,142,148,153,153,136,136,149,151,,,,,,,,,,,,,,,,,,,,,,,,,,,,,,,,,,,,,,,,,,,,,,,,,,,,,,,,,
RMNP,plains,EIB772,Davis,2021,EIB77_773_Parks Canada_Results,Bison Hair 14,308,,161,173,181,191,241,241,238,238,85,87,184,198,205,215,129,149,142,152,114,116,179,183,92,96,127,127,103,103,118,118,161,167,229,231,198,200,185,187,113,115,154,156,91,91,90,90,135,135,146,146,87,89,195,195,101,103,170,170,144,168,140,140,168,168,89,89,91,95,173,175,140,146,172,180,108,112,102,102,83,83,260,260,105,89,143,143,122,126,228,240,156,156,130,134,250,250,148,150,155,155,136,136,149,151,,,,,,,,,,,,,,,,,,,,,,,,,,,,,,,,,,,,,,,,,,,,,,,,,,,,,,,,,
RMNP,plains,EIB773,Davis,2021,EIB77_773_Parks Canada_Results,Bison Hair 15,309,,161,165,191,191,253,253,232,238,87,87,180,192,207,211,143,149,150,150,116,118,179,185,104,92,127,129,105,105,118,118,161,167,229,231,200,202,175,185,115,115,154,158,91,91,88,90,135,135,146,146,87,91,189,191,103,95,158,160,168,168,127,148,168,168,89,91,91,95,165,173,146,146,172,180,108,110,104,104,81,85,262,262,93,97,143,145,120,122,236,240,156,156,130,130,252,254,142,148,153,159,134,140,149,149,,,,,,,,,,,,,,,,,,,,,,,,,,,,,,,,,,,,,,,,,,,,,,,,,,,,,,,,,
RMNP,plains,EIB765,Davis,2021,EIB77_773_Parks Canada_Results,Bison Hair 7,301,,161,165,191,191,241,253,238,250,87,91,184,198,211,215,129,143,158,158,108,114,179,185,92,96,129,129,103,103,118,122,161,167,229,231,200,200,185,187,108,115,158,158,91,93,88,90,135,141,146,146,87,91,189,195,95,95,160,160,168,170,140,140,168,168,89,89,91,92,165,175,146,146,172,180,106,110,104,104,83,83,262,262,101,99,143,143,124,124,228,236,154,154,130,134,246,254,148,150,155,157,136,138,149,149,,,,,,,,,,,,,,,,,,,,,,,,,,,,,,,,,,,,,,,,,,,,,,,,,,,,,,,,,
RMNP,plains,EIB766,Davis,2021,EIB77_773_Parks Canada_Results,Bison Hair 8,302,,165,173,191,191,241,245,250,250,87,91,184,184,211,215,129,149,158,162,116,118,179,179,92,96,129,131,103,103,114,114,167,167,229,231,200,200,175,185,113,115,154,156,91,91,90,90,135,141,146,146,87,91,195,195,101,95,160,160,168,170,127,150,168,170,83,89,91,92,165,175,146,148,172,180,106,112,102,102,83,83,260,262,89,91,143,145,122,122,228,228,154,154,130,134,250,250,142,150,155,155,136,136,149,149,,,,,,,,,,,,,,,,,,,,,,,,,,,,,,,,,,,,,,,,,,,,,,,,,,,,,,,,,
RMNP,plains,EIB767,Davis,2021,EIB77_773_Parks Canada_Results,Bison Hair 9,303,,161,161,191,191,241,253,238,254,87,87,180,198,211,211,143,143,150,150,114,116,179,179,104,96,129,129,103,103,122,122,161,167,231,231,194,200,175,185,108,113,154,158,91,91,88,90,135,141,146,148,85,87,191,191,103,95,161,170,142,168,140,148,168,170,89,91,92,92,175,175,146,146,180,180,108,110,106,106,83,85,260,262,101,93,143,145,120,124,236,240,154,156,130,130,246,250,142,148,155,159,134,140,149,149,,,,,,,,,,,,,,,,,,,,,,,,,,,,,,,,,,,,,,,,,,,,,,,,,,,,,,,,,
RMNP,plains,EIB760,Davis,2021,EIB77_773_Parks Canada_Results,Bull (no tag) 2,296,,173,173,191,191,241,241,232,238,87,89,180,198,205,211,143,149,142,150,114,116,179,179,92,92,125,129,105,105,120,120,161,161,231,231,200,200,185,187,115,115,154,158,91,91,90,90,135,141,146,146,91,91,189,191,103,99,161,170,158,158,140,148,168,168,89,89,91,92,175,177,146,146,176,180,108,108,102,102,83,83,262,262,91,99,143,145,120,122,236,236,154,160,130,130,246,246,142,142,153,155,136,140,149,149,,,,,,,,,,,,,,,,,,,,,,,,,,,,,,,,,,,,,,,,,,,,,,,,,,,,,,,,,
RMNP,plains,EIB762,Davis,2021,EIB77_773_Parks Canada_Results,calf (no tag) 4,298,,161,173,181,191,241,249,238,250,87,89,192,192,205,215,129,149,142,150,114,116,179,181,98,98,123,125,103,103,118,118,161,161,229,231,194,200,175,175,108,115,154,158,93,93,88,90,141,141,146,146,87,87,191,191,95,95,160,161,168,170,127,140,168,168,89,89,91,92,173,177,140,146,180,180,108,110,104,104,83,83,262,262,93,99,143,143,122,124,240,240,156,156,134,134,250,252,142,148,153,155,136,136,149,149,,,,,,,,,,,,,,,,,,,,,,,,,,,,,,,,,,,,,,,,,,,,,,,,,,,,,,,,,
RMNP,plains,EIB763,Davis,2021,EIB77_773_Parks Canada_Results,No ID (Calf) 5,299,,173,173,181,191,241,249,238,250,87,89,180,198,215,215,127,149,162,164,114,116,181,181,96,98,125,131,103,103,118,118,161,167,229,229,194,200,175,185,115,115,154,158,91,91,88,90,135,141,146,146,87,91,191,191,103,99,161,161,168,170,140,142,168,170,89,91,91,95,173,175,146,146,172,178,106,108,104,104,83,83,260,260,97,99,143,145,124,126,236,240,156,156,130,130,246,246,150,150,155,155,136,140,149,149,,,,,,,,,,,,,,,,,,,,,,,,,,,,,,,,,,,,,,,,,,,,,,,,,,,,,,,,,
RMNP,plains,EIB761,Davis,2021,EIB77_773_Parks Canada_Results,no tag (cow?) 3,297,,161,161,181,191,241,253,238,238,87,91,198,198,211,211,143,149,142,150,108,114,179,185,96,96,129,131,103,105,122,122,167,167,231,233,200,200,185,187,113,115,154,158,91,91,88,90,135,135,146,148,85,91,191,191,103,95,160,161,142,168,140,148,166,168,83,91,92,92,175,177,146,146,172,180,110,110,104,106,81,83,262,262,101,91,143,145,122,124,236,236,154,154,130,130,246,254,148,148,153,155,136,140,149,149,,,,,,,,,,,,,,,,,,,,,,,,,,,,,,,,,,,,,,,,,,,,,,,,,,,,,,,,,
RMNP,plains,EIB764,Davis,2021,EIB77_773_Parks Canada_Results,no tag 6,300,,165,173,181,181,241,253,250,254,89,89,198,198,205,207,129,129,150,152,114,114,181,183,96,98,125,127,103,103,118,118,167,167,229,233,194,200,187,187,115,115,154,158,91,91,90,90,135,141,146,146,87,87,189,191,103,99,161,170,142,170,127,140,168,168,91,91,92,92,175,175,146,146,172,176,106,108,104,104,83,83,256,262,89,99,143,143,122,126,236,236,154,156,130,130,246,250,150,150,155,155,134,136,149,149,,,,,,,,,,,,,,,,,,,,,,,,,,,,,,,,,,,,,,,,,,,,,,,,,,,,,,,,,
AISH,wood,EIB658,Davis,2021,EIB77_773_Parks Canada_Results,38077-YT,310,,161,161,177,191,253,253,232,238,87,89,180,196,205,205,129,129,146,154,116,118,165,183,102,102,125,129,103,103,120,120,167,167,227,231,188,190,181,181,108,115,156,158,89,91,102,102,141,145,146,146,87,89,191,195,101,103,160,162,144,144,142,146,166,176,89,95,91,91,173,177,146,150,172,182,110,112,108,108,77,83,260,262,103,93,143,143,132,132,228,228,152,156,128,128,252,252,142,148,159,159,136,136,149,151,,,,,,,,,,,,,,,,,,,,,,,,,,,,,,,,,,,,,,,,,,,,,,,,,,,,,,,,,
AISH,wood,EIB659,Davis,2021,EIB77_773_Parks Canada_Results,38078-YT,311,,161,165,181,181,249,253,232,238,87,91,180,196,205,205,129,141,146,166,116,118,179,183,102,104,125,129,103,103,114,120,167,167,229,231,190,194,187,187,115,115,158,160,89,91,90,90,135,147,146,150,87,91,189,191,101,99,147,160,158,168,140,142,166,172,89,89,91,91,173,177,150,150,176,178,112,112,100,108,83,83,262,262,93,93,143,143,124,124,228,238,144,160,128,130,252,252,142,142,155,155,134,134,149,153,,,,,,,,,,,,,,,,,,,,,,,,,,,,,,,,,,,,,,,,,,,,,,,,,,,,,,,,,
AISH,wood,EIB660,Davis,2021,EIB77_773_Parks Canada_Results,38079-YT,312,,159,161,181,191,253,253,238,238,87,89,180,184,205,211,129,129,146,152,116,118,179,183,104,104,125,125,103,103,104,104,167,167,229,229,188,194,179,181,113,115,158,160,89,91,88,90,141,145,150,150,87,87,189,195,101,101,147,160,166,168,127,146,166,176,85,89,91,94,173,177,150,150,174,176,106,106,108,108,77,81,262,262,103,93,143,143,124,132,228,238,154,156,114,130,250,252,142,142,155,155,136,136,151,153,,,,,,,,,,,,,,,,,,,,,,,,,,,,,,,,,,,,,,,,,,,,,,,,,,,,,,,,,
AISH,wood,EIB661,Davis,2021,EIB77_773_Parks Canada_Results,38085-YT,313,,161,161,181,181,253,253,232,238,81,89,180,184,205,205,129,149,152,152,116,118,165,183,92,96,125,129,103,103,120,120,167,167,225,229,190,190,187,187,115,115,156,158,89,89,90,90,141,141,150,150,89,89,191,191,101,95,158,158,158,166,146,148,172,172,85,89,91,95,173,177,146,150,172,172,106,112,100,100,83,83,260,262,103,91,143,143,124,126,224,238,144,154,130,132,250,252,138,142,155,157,136,136,147,153,,,,,,,,,,,,,,,,,,,,,,,,,,,,,,,,,,,,,,,,,,,,,,,,,,,,,,,,,
AISH,wood,EIB662,Davis,2021,EIB77_773_Parks Canada_Results,39216-YT,314,,161,165,181,191,253,271,238,238,89,89,180,194,205,211,129,141,152,152,116,116,183,183,102,96,123,125,103,103,104,104,167,167,227,229,188,190,179,181,115,115,158,158,89,89,88,90,135,145,150,150,87,89,189,191,95,95,158,160,144,144,127,148,170,172,89,89,91,91,173,177,150,150,172,172,110,112,104,104,83,83,262,262,103,97,143,157,124,132,238,238,144,160,114,130,252,252,138,142,155,157,136,136,145,147,,,,,,,,,,,,,,,,,,,,,,,,,,,,,,,,,,,,,,,,,,,,,,,,,,,,,,,,,
AISH,wood,EIB663,Davis,2021,EIB77_773_Parks Canada_Results,39637-YT,315,,161,161,181,181,249,253,238,238,89,91,180,180,205,207,149,149,152,152,118,118,175,183,92,98,125,129,103,103,118,120,167,167,227,229,190,194,181,187,115,115,156,156,89,89,102,90,141,145,150,150,87,89,191,191,101,95,158,158,166,166,146,148,166,176,81,85,91,91,173,177,146,150,172,174,112,90,104,108,83,83,262,262,93,93,143,157,124,132,224,238,144,154,114,128,252,252,142,148,155,157,136,138,145,151,,,,,,,,,,,,,,,,,,,,,,,,,,,,,,,,,,,,,,,,,,,,,,,,,,,,,,,,,
AISH,wood,EIB664,Davis,2021,EIB77_773_Parks Canada_Results,39638-YT,316,,161,173,181,191,241,249,238,252,87,89,180,180,205,205,129,149,146,152,116,118,175,183,104,98,125,125,103,103,118,118,167,167,229,229,190,194,187,187,115,115,156,156,89,91,102,90,141,145,146,150,87,87,191,195,101,95,158,158,166,168,142,146,166,176,81,89,91,95,173,175,140,150,172,172,110,112,104,104,83,83,260,262,93,97,143,157,132,132,224,238,144,154,114,130,250,252,142,142,155,157,136,138,145,149,,,,,,,,,,,,,,,,,,,,,,,,,,,,,,,,,,,,,,,,,,,,,,,,,,,,,,,,,
AISH,wood,EIB665,Davis,2021,EIB77_773_Parks Canada_Results,39786-YT,317,,161,165,181,181,253,253,238,238,89,89,180,184,201,211,129,129,146,152,116,116,183,183,104,104,123,123,103,103,118,118,161,167,227,229,190,194,187,187,115,115,158,160,89,89,102,88,141,141,150,150,87,87,191,191,101,103,147,160,168,168,127,142,172,176,85,95,91,92,167,175,146,150,172,174,106,112,100,100,77,81,262,262,103,93,143,143,132,132,228,238,144,160,130,130,252,252,142,142,155,155,136,136,149,153,,,,,,,,,,,,,,,,,,,,,,,,,,,,,,,,,,,,,,,,,,,,,,,,,,,,,,,,,
AISH,wood,EIB666,Davis,2021,EIB77_773_Parks Canada_Results,40975-YT,318,,161,161,181,181,253,253,238,238,89,89,180,180,201,205,129,149,146,152,116,118,183,183,98,98,125,129,103,103,118,118,167,167,227,229,188,194,181,181,108,113,156,158,89,89,102,90,135,135,150,150,87,89,189,191,103,99,158,162,144,166,127,142,172,176,89,89,91,95,173,173,150,150,178,178,110,112,108,108,81,83,260,262,103,97,143,143,132,132,228,238,154,154,114,130,252,252,142,142,153,155,134,136,151,153,,,,,,,,,,,,,,,,,,,,,,,,,,,,,,,,,,,,,,,,,,,,,,,,,,,,,,,,,
AISH,wood,EIB667,Davis,2021,EIB77_773_Parks Canada_Results,40976-YT,319,,161,161,181,191,253,253,238,238,89,91,180,180,201,205,129,129,146,166,118,118,179,183,104,98,125,129,103,103,120,120,167,167,233,233,190,194,181,187,113,113,158,158,89,89,90,90,141,141,150,150,87,89,191,191,101,95,158,158,166,168,127,142,172,172,85,89,94,95,167,173,150,150,174,178,112,112,108,108,81,83,260,262,103,93,143,143,132,132,228,228,144,160,130,130,252,252,142,148,153,155,134,136,145,153,,,,,,,,,,,,,,,,,,,,,,,,,,,,,,,,,,,,,,,,,,,,,,,,,,,,,,,,,
AISH,wood,EIB668,Davis,2021,EIB77_773_Parks Canada_Results,40979-YT,320,,161,173,181,181,253,253,238,252,91,91,180,180,205,205,129,149,152,152,116,118,165,183,92,92,125,125,103,103,118,118,167,167,229,231,190,194,181,181,108,115,156,158,89,89,90,90,135,141,150,150,87,89,191,195,103,95,158,162,144,166,142,142,166,166,85,89,91,91,167,177,150,150,174,174,112,112,108,108,77,77,262,262,103,103,143,143,126,132,228,238,144,160,114,132,244,252,142,142,155,155,136,136,145,153,,,,,,,,,,,,,,,,,,,,,,,,,,,,,,,,,,,,,,,,,,,,,,,,,,,,,,,,,
AISH,wood,EIB669,Davis,2021,EIB77_773_Parks Canada_Results,40982-YT,321,,159,161,181,181,253,253,238,238,89,89,180,194,211,211,129,129,146,152,118,118,179,183,92,98,123,125,103,103,118,118,167,167,227,229,190,194,187,187,115,115,158,158,89,91,102,90,135,145,146,150,87,89,189,189,101,101,158,162,142,144,142,142,172,176,85,89,91,91,167,177,150,150,174,174,112,112,104,104,77,83,262,262,103,103,143,143,124,132,224,236,152,154,128,130,252,252,138,142,153,155,134,136,151,153,,,,,,,,,,,,,,,,,,,,,,,,,,,,,,,,,,,,,,,,,,,,,,,,,,,,,,,,,
AISH,wood,EIB670,Davis,2021,EIB77_773_Parks Canada_Results,40994-YT,322,,173,173,181,191,241,253,238,238,87,87,180,180,201,205,129,141,146,152,116,116,175,175,102,98,125,129,103,103,120,120,167,167,229,233,194,194,187,187,115,115,158,158,91,91,90,90,135,141,150,150,89,89,191,191,101,103,158,161,144,166,127,146,170,172,89,95,91,91,167,173,146,148,172,174,110,112,104,108,77,83,260,262,91,93,143,143,124,132,224,238,154,156,128,130,252,252,142,142,155,155,134,136,151,153,,,,,,,,,,,,,,,,,,,,,,,,,,,,,,,,,,,,,,,,,,,,,,,,,,,,,,,,,
AISH,wood,EIB671,Davis,2021,EIB77_773_Parks Canada_Results,40996-YT,323,,161,169,181,191,253,253,232,238,81,89,180,180,205,205,129,129,152,152,116,116,165,183,102,102,125,129,103,103,114,120,167,167,227,229,190,190,179,181,108,115,158,160,89,89,90,90,145,145,150,150,87,89,189,191,101,101,158,162,142,144,127,142,172,172,83,89,95,95,175,175,146,150,174,176,112,112,100,108,81,85,262,262,93,93,143,143,126,132,228,228,154,156,130,130,252,252,138,142,151,155,134,136,151,153,,,,,,,,,,,,,,,,,,,,,,,,,,,,,,,,,,,,,,,,,,,,,,,,,,,,,,,,,
AISH,wood,EIB672,Davis,2021,EIB77_773_Parks Canada_Results,40997-YT,324,,159,165,181,191,253,253,232,252,81,91,180,180,207,211,129,129,146,152,116,118,175,183,102,98,125,125,103,103,118,120,167,167,229,233,194,194,179,181,113,115,158,158,89,91,102,90,141,141,150,150,87,89,191,195,101,95,160,162,142,166,142,142,166,166,85,89,91,94,167,167,146,150,172,174,110,112,104,108,77,83,262,262,103,93,143,143,124,132,228,238,154,160,130,132,252,252,142,148,153,155,134,136,145,153,,,,,,,,,,,,,,,,,,,,,,,,,,,,,,,,,,,,,,,,,,,,,,,,,,,,,,,,,
AISH,wood,EIB673,Davis,2021,EIB77_773_Parks Canada_Results,41000-YT,325,,161,173,181,191,253,257,232,238,81,89,180,194,201,205,129,149,146,146,108,116,165,175,92,92,129,129,103,103,114,118,167,167,227,229,190,190,181,187,113,113,158,158,89,89,90,90,135,141,150,150,89,89,189,191,103,103,147,158,142,158,127,142,174,178,89,95,91,91,167,173,146,150,172,172,110,112,108,108,83,85,262,262,103,103,143,143,124,124,232,238,154,160,128,130,252,254,142,142,155,159,136,136,145,153,,,,,,,,,,,,,,,,,,,,,,,,,,,,,,,,,,,,,,,,,,,,,,,,,,,,,,,,,
AISH,wood,EIB674,Davis,2021,EIB77_773_Parks Canada_Results,41351-YT,326,,165,173,181,191,253,253,252,254,81,89,180,180,205,211,129,129,150,152,116,116,175,183,104,98,129,129,103,103,118,120,167,167,225,229,194,194,181,187,115,115,158,160,91,91,90,90,135,145,148,150,87,89,191,191,101,103,158,162,144,166,142,146,170,176,85,85,91,91,167,173,150,150,174,178,112,112,104,104,77,77,260,260,103,93,143,143,124,124,228,228,154,160,130,130,252,252,142,148,155,155,134,136,145,149,,,,,,,,,,,,,,,,,,,,,,,,,,,,,,,,,,,,,,,,,,,,,,,,,,,,,,,,,
AISH,wood,EIB675,Davis,2021,EIB77_773_Parks Canada_Results,41352-YT,327,,161,173,181,181,253,253,232,232,91,91,180,180,201,205,129,129,152,164,118,118,183,183,92,92,125,125,103,103,120,120,167,167,231,231,194,194,181,187,108,115,158,158,89,91,102,90,135,145,150,150,87,87,189,195,101,99,158,158,158,166,127,140,166,172,85,89,91,92,167,173,150,150,172,174,110,112,104,104,77,77,260,262,93,97,143,143,132,132,236,238,152,154,114,130,252,252,142,142,155,155,136,136,145,149,,,,,,,,,,,,,,,,,,,,,,,,,,,,,,,,,,,,,,,,,,,,,,,,,,,,,,,,,
AISH,wood,EIB676,Davis,2021,EIB77_773_Parks Canada_Results,41358-YT,328,,161,169,181,191,253,253,238,238,87,91,180,180,205,211,129,129,152,152,0,0,183,183,96,98,123,129,103,103,120,120,167,167,229,233,188,188,179,179,108,115,156,160,89,89,88,90,141,141,150,150,87,87,195,195,95,95,161,162,142,166,140,142,166,176,89,89,92,94,167,177,150,150,172,174,110,110,108,108,77,83,262,262,97,97,143,143,122,132,228,236,144,160,118,130,252,252,138,142,153,155,136,136,145,153,,,,,,,,,,,,,,,,,,,,,,,,,,,,,,,,,,,,,,,,,,,,,,,,,,,,,,,,,
AISH,wood,EIB677,Davis,2021,EIB77_773_Parks Canada_Results,41359-YT,329,,161,161,181,181,253,253,232,238,81,89,180,196,205,211,129,129,150,154,116,118,179,183,102,98,125,129,103,103,114,114,167,167,229,233,194,194,179,181,108,113,158,158,89,89,90,90,141,141,150,150,87,89,191,191,101,103,158,158,166,168,146,148,170,176,89,89,91,92,173,177,146,150,172,178,110,110,100,100,83,83,262,262,103,93,143,143,124,132,224,228,144,152,128,130,252,252,138,142,155,155,136,136,149,149,,,,,,,,,,,,,,,,,,,,,,,,,,,,,,,,,,,,,,,,,,,,,,,,,,,,,,,,,
AISH,wood,EIB678,Davis,2021,EIB77_773_Parks Canada_Results,41403-YT,330,,161,161,181,191,253,253,238,252,89,89,180,180,205,205,129,129,146,146,116,116,165,183,102,102,125,129,103,103,104,104,167,167,227,229,188,190,187,187,113,113,156,156,91,91,102,90,135,141,146,150,89,89,189,189,101,103,158,158,166,166,127,142,172,176,85,89,91,91,163,173,150,150,176,176,110,112,104,104,77,83,262,262,93,93,143,143,124,132,228,228,154,160,130,132,252,252,142,142,155,155,136,136,145,151,,,,,,,,,,,,,,,,,,,,,,,,,,,,,,,,,,,,,,,,,,,,,,,,,,,,,,,,,
AISH,wood,EIB679,Davis,2021,EIB77_773_Parks Canada_Results,41406-YT,331,,161,161,177,181,253,253,238,238,81,89,180,180,205,205,129,149,152,152,118,118,183,183,104,98,125,125,103,103,114,114,167,167,225,229,190,190,181,187,115,115,156,156,89,91,90,90,141,141,150,150,87,87,189,195,101,95,158,162,144,168,142,142,170,176,89,89,91,92,167,177,150,150,172,174,110,112,104,104,77,77,262,262,103,85,143,143,124,132,236,238,154,160,128,132,252,252,138,142,155,157,134,136,149,153,,,,,,,,,,,,,,,,,,,,,,,,,,,,,,,,,,,,,,,,,,,,,,,,,,,,,,,,,
AISH,wood,EIB680,Davis,2021,EIB77_773_Parks Canada_Results,41407-YT,332,,165,165,181,191,253,253,238,238,87,89,180,180,205,205,129,143,152,152,0,0,175,183,102,102,125,129,103,103,114,114,167,167,225,229,188,190,187,187,115,115,160,160,89,89,90,90,141,141,150,150,87,89,191,191,101,103,158,160,144,168,140,142,166,166,85,89,91,92,173,177,140,150,174,174,108,110,108,108,77,77,262,262,103,93,143,143,132,132,228,238,154,154,130,130,252,254,142,150,155,159,136,138,145,149,,,,,,,,,,,,,,,,,,,,,,,,,,,,,,,,,,,,,,,,,,,,,,,,,,,,,,,,,
AISH,wood,EIB681,Davis,2021,EIB77_773_Parks Canada_Results,41408-YT,333,,159,161,181,181,253,253,238,252,91,91,180,196,201,205,129,129,146,152,108,116,175,179,102,104,123,129,103,103,120,120,167,167,227,229,190,194,179,181,108,108,156,158,91,91,90,90,141,141,150,150,87,89,191,195,103,95,158,160,144,166,140,142,166,172,95,95,91,95,173,177,150,150,172,174,110,110,104,104,77,81,260,262,93,97,143,143,124,124,228,228,144,154,130,132,252,252,142,148,155,155,136,136,149,153,,,,,,,,,,,,,,,,,,,,,,,,,,,,,,,,,,,,,,,,,,,,,,,,,,,,,,,,,
AISH,wood,EIB682,Davis,2021,EIB77_773_Parks Canada_Results,41409-YT,334,,161,165,181,181,253,253,232,238,85,89,180,192,205,207,129,129,146,152,116,116,175,183,104,98,125,129,103,103,118,118,167,167,229,229,190,190,179,191,113,115,156,158,89,91,102,90,135,141,150,150,87,89,189,191,101,101,158,162,144,166,142,146,170,172,89,89,91,92,167,177,140,150,172,178,110,110,104,104,77,77,260,262,103,91,143,143,124,132,228,238,144,154,130,130,252,252,142,142,153,155,134,138,151,153,,,,,,,,,,,,,,,,,,,,,,,,,,,,,,,,,,,,,,,,,,,,,,,,,,,,,,,,,
AISH,wood,EIB683,Davis,2021,EIB77_773_Parks Canada_Results,41410-YT,335,,161,169,191,191,253,253,238,254,89,89,180,180,205,205,129,129,146,164,116,116,183,183,102,104,129,129,103,103,114,120,167,167,229,233,190,190,181,187,115,115,154,158,89,89,90,90,135,141,150,150,87,89,191,191,101,95,162,170,168,170,146,146,166,172,89,89,91,95,167,173,146,150,172,178,112,112,100,100,77,77,260,262,91,97,143,143,132,132,236,236,154,154,130,130,252,252,142,142,155,155,136,138,145,149,,,,,,,,,,,,,,,,,,,,,,,,,,,,,,,,,,,,,,,,,,,,,,,,,,,,,,,,,
AISH,wood,EIB684,Davis,2021,EIB77_773_Parks Canada_Results,41412-YT,336,,159,165,181,191,253,269,232,238,89,91,180,180,211,211,129,129,146,152,116,118,175,183,102,98,125,129,103,103,114,120,167,167,229,231,194,194,179,187,108,115,156,158,91,91,90,90,141,141,146,150,87,87,189,191,101,95,162,162,166,168,127,142,166,172,89,89,91,91,167,177,146,150,174,174,110,112,108,108,77,83,260,262,103,93,143,143,124,132,228,238,154,154,130,132,252,252,142,142,153,155,134,136,145,151,,,,,,,,,,,,,,,,,,,,,,,,,,,,,,,,,,,,,,,,,,,,,,,,,,,,,,,,,
AISH,wood,EIB685,Davis,2021,EIB77_773_Parks Canada_Results,41416-YT,337,,165,173,181,181,253,271,232,252,89,89,180,184,205,215,129,129,152,152,118,118,175,183,102,92,125,125,103,103,120,120,167,167,227,231,194,194,181,181,108,113,156,158,89,89,90,90,141,141,150,150,87,89,191,191,101,103,147,158,158,158,127,127,170,176,83,89,91,95,177,177,140,150,178,178,112,112,108,108,77,83,260,260,103,93,143,143,124,124,236,238,154,154,130,130,252,252,142,142,155,155,134,136,149,151,,,,,,,,,,,,,,,,,,,,,,,,,,,,,,,,,,,,,,,,,,,,,,,,,,,,,,,,,
AISH,wood,EIB686,Davis,2021,EIB77_773_Parks Canada_Results,41418-YT,338,,161,167,177,191,253,253,238,238,81,89,180,196,205,207,129,149,146,154,118,118,175,179,102,92,125,125,103,103,118,120,167,167,225,227,188,190,181,187,115,115,156,158,89,91,90,90,135,141,150,150,87,87,189,191,103,95,158,161,166,168,127,142,166,166,89,89,91,95,177,177,150,150,172,176,112,112,100,108,77,77,260,262,93,97,143,143,124,124,224,228,154,160,130,130,246,252,138,142,155,155,134,140,147,149,,,,,,,,,,,,,,,,,,,,,,,,,,,,,,,,,,,,,,,,,,,,,,,,,,,,,,,,,
AISH,wood,EIB687,Davis,2021,EIB77_773_Parks Canada_Results,41420-YT,339,,165,165,191,191,253,253,232,238,85,91,180,184,205,211,129,141,146,152,116,116,175,179,102,92,123,125,103,103,120,120,167,167,227,229,194,194,181,181,113,113,156,158,89,89,90,90,141,141,150,150,87,87,191,195,101,95,158,162,144,168,127,142,172,172,89,89,91,91,173,177,146,150,174,176,106,112,108,108,77,83,262,262,103,93,143,143,124,132,236,238,152,160,130,130,252,252,142,142,155,157,136,136,145,151,,,,,,,,,,,,,,,,,,,,,,,,,,,,,,,,,,,,,,,,,,,,,,,,,,,,,,,,,
AISH,wood,EIB688,Davis,2021,EIB77_773_Parks Canada_Results,41422-YT,340,,161,161,181,191,249,253,232,238,85,89,180,184,205,207,141,149,152,152,116,116,175,183,104,96,125,129,103,103,114,114,167,167,229,231,194,194,181,181,115,115,158,158,91,91,102,90,135,141,150,150,89,89,191,191,101,103,158,161,144,158,142,146,172,176,89,95,91,92,173,173,150,150,174,178,112,112,108,108,83,85,260,262,103,89,143,143,126,132,228,228,152,154,114,130,252,252,142,142,155,155,136,138,149,149,,,,,,,,,,,,,,,,,,,,,,,,,,,,,,,,,,,,,,,,,,,,,,,,,,,,,,,,,
AISH,wood,EIB689,Davis,2021,EIB77_773_Parks Canada_Results,41424-YT,341,,161,165,181,191,253,269,232,238,87,89,180,196,205,205,129,129,152,152,116,116,175,175,102,104,125,125,103,104,120,120,167,167,227,229,188,190,181,187,115,115,156,158,89,91,90,90,141,145,146,148,87,87,189,195,101,101,158,158,142,168,142,146,172,172,89,95,92,95,167,177,146,146,174,176,110,112,100,108,81,83,262,262,103,93,143,143,124,132,228,228,144,152,114,130,250,252,138,142,155,155,136,136,145,147,,,,,,,,,,,,,,,,,,,,,,,,,,,,,,,,,,,,,,,,,,,,,,,,,,,,,,,,,
AISH,wood,EIB690,Davis,2021,EIB77_773_Parks Canada_Results,41435-YT,342,,169,173,181,191,253,253,238,254,87,89,180,184,205,211,141,141,146,152,116,118,175,183,96,98,125,129,103,103,120,120,167,167,229,233,194,194,179,187,115,115,156,158,89,91,102,90,141,141,150,150,87,89,191,195,103,95,160,161,158,166,146,146,170,172,89,95,91,92,167,173,148,150,172,174,110,110,104,108,77,83,260,262,91,93,143,143,132,132,238,238,144,154,130,130,252,252,142,142,155,155,134,134,145,151,,,,,,,,,,,,,,,,,,,,,,,,,,,,,,,,,,,,,,,,,,,,,,,,,,,,,,,,,
AISH,wood,EIB691,Davis,2021,EIB77_773_Parks Canada_Results,41443-YT,343,,165,173,181,191,253,269,238,252,89,89,180,194,205,205,129,149,146,154,118,118,175,179,102,98,125,129,103,103,114,120,167,167,225,225,190,190,179,187,113,113,158,160,89,89,102,102,145,145,150,150,87,87,191,195,101,95,147,158,142,166,140,148,170,172,85,89,91,95,173,177,150,150,172,176,106,112,104,106,77,83,256,262,103,97,143,143,132,132,228,238,144,154,130,132,250,252,142,142,155,157,136,138,149,153,,,,,,,,,,,,,,,,,,,,,,,,,,,,,,,,,,,,,,,,,,,,,,,,,,,,,,,,,
AISH,wood,EIB692,Davis,2021,EIB77_773_Parks Canada_Results,41444-YT,344,,165,165,181,181,253,253,238,252,89,89,180,196,205,211,129,141,152,152,116,118,183,183,102,102,125,129,103,103,104,104,167,167,229,229,190,194,187,187,108,113,156,158,89,91,102,90,141,141,150,150,87,89,191,191,95,95,158,158,144,166,140,148,166,166,85,89,91,92,167,173,150,150,172,172,112,112,108,108,83,83,262,262,103,91,143,143,124,126,224,228,160,160,130,130,252,252,138,142,155,157,138,138,153,153,,,,,,,,,,,,,,,,,,,,,,,,,,,,,,,,,,,,,,,,,,,,,,,,,,,,,,,,,
AISH,wood,EIB693,Davis,2021,EIB77_773_Parks Canada_Results,41447-YT,345,,161,173,181,191,253,269,238,238,81,89,180,180,205,211,141,141,146,152,116,118,175,183,92,96,125,129,103,103,118,120,167,167,231,233,194,194,179,179,115,115,156,158,91,91,90,90,135,141,150,150,87,89,189,191,101,95,160,161,158,166,142,146,170,172,85,89,92,95,173,173,140,148,172,172,110,112,108,108,77,83,260,262,103,93,143,143,132,132,224,238,144,160,130,130,250,252,142,142,155,155,134,136,145,153,,,,,,,,,,,,,,,,,,,,,,,,,,,,,,,,,,,,,,,,,,,,,,,,,,,,,,,,,
AISH,wood,EIB694,Davis,2021,EIB77_773_Parks Canada_Results,41453-YT,346,,161,173,181,181,253,271,232,238,81,91,180,184,201,205,129,129,146,154,116,118,183,183,102,98,129,129,103,103,114,114,167,167,229,229,190,194,179,187,113,115,156,158,89,89,90,90,141,141,150,150,87,87,189,191,101,103,158,162,158,168,127,142,166,172,89,89,91,92,167,173,146,146,174,176,110,112,108,108,83,83,260,262,103,85,143,143,124,124,228,228,154,154,128,132,250,252,142,142,155,155,134,136,149,153,,,,,,,,,,,,,,,,,,,,,,,,,,,,,,,,,,,,,,,,,,,,,,,,,,,,,,,,,
AISH,wood,EIB695,Davis,2021,EIB77_773_Parks Canada_Results,41454-YT,347,,161,165,181,181,253,253,232,238,81,89,180,180,205,205,129,129,152,152,116,118,183,183,102,102,125,129,103,103,120,120,167,167,229,233,188,190,179,179,113,113,154,158,89,89,90,90,135,147,150,150,87,87,191,191,103,103,158,162,158,166,140,148,172,172,85,89,91,91,167,173,146,150,172,174,106,110,108,108,77,83,262,262,85,93,143,143,132,132,228,236,154,160,130,130,252,252,142,142,155,155,134,136,153,153,,,,,,,,,,,,,,,,,,,,,,,,,,,,,,,,,,,,,,,,,,,,,,,,,,,,,,,,,
AISH,wood,EIB696,Davis,2021,EIB77_773_Parks Canada_Results,41460-YT,348,,159,161,181,191,253,253,232,252,87,89,180,196,205,211,129,129,146,146,116,118,175,183,104,92,125,125,103,103,104,118,167,167,227,229,190,194,187,187,115,115,158,160,89,89,102,90,141,147,150,150,87,89,189,191,101,95,158,158,166,168,127,140,172,172,89,95,91,91,167,177,150,150,172,172,112,112,104,104,83,83,262,262,103,93,143,143,132,132,228,238,154,154,130,130,252,252,142,142,155,155,138,138,149,153,,,,,,,,,,,,,,,,,,,,,,,,,,,,,,,,,,,,,,,,,,,,,,,,,,,,,,,,,
AISH,wood,EIB697,Davis,2021,EIB77_773_Parks Canada_Results,41468-YT,349,,161,161,181,191,253,253,232,238,89,89,180,196,205,211,129,129,152,154,116,118,183,183,102,104,125,129,103,103,114,114,161,167,227,227,194,194,181,187,108,108,158,158,89,91,90,90,135,141,150,150,87,89,191,195,101,99,147,162,144,168,142,142,176,176,85,89,91,91,173,177,150,150,172,178,112,112,108,108,77,77,262,262,103,97,143,143,124,132,238,238,144,154,128,132,252,252,138,142,155,159,134,136,149,151,,,,,,,,,,,,,,,,,,,,,,,,,,,,,,,,,,,,,,,,,,,,,,,,,,,,,,,,,
AISH,wood,EIB698,Davis,2021,EIB77_773_Parks Canada_Results,41471-YT,350,,161,161,181,181,253,253,238,254,89,89,180,180,205,211,129,149,146,152,118,118,175,175,104,98,125,129,103,103,114,114,167,167,225,227,194,194,187,187,115,115,156,158,91,91,90,90,141,145,148,150,87,89,189,191,101,95,158,162,142,166,142,146,170,172,85,89,91,92,167,167,150,150,172,174,110,112,108,108,77,77,260,260,103,103,143,143,124,132,224,238,154,160,130,132,252,252,142,142,151,159,134,136,149,153,,,,,,,,,,,,,,,,,,,,,,,,,,,,,,,,,,,,,,,,,,,,,,,,,,,,,,,,,
AISH,wood,EIB699,Davis,2021,EIB77_773_Parks Canada_Results,41479-YT,351,,161,173,181,181,253,253,232,252,89,89,180,184,205,211,129,129,146,154,108,116,175,183,102,102,129,129,103,103,104,104,167,167,229,229,188,194,187,187,115,115,158,160,89,89,90,90,135,141,150,150,87,87,191,191,101,101,158,162,144,168,142,142,172,176,89,89,91,91,173,173,140,146,172,174,110,112,100,100,77,83,260,262,103,93,143,143,124,132,236,238,154,154,130,132,252,252,142,142,155,159,136,138,151,151,,,,,,,,,,,,,,,,,,,,,,,,,,,,,,,,,,,,,,,,,,,,,,,,,,,,,,,,,
AISH,wood,EIB700,Davis,2021,EIB77_773_Parks Canada_Results,41480-YT,352,,161,161,181,181,253,253,238,238,81,91,180,180,211,215,129,149,152,152,116,116,165,183,98,98,125,129,103,103,114,118,167,167,227,229,190,190,179,179,115,115,156,158,89,91,102,90,141,141,150,150,87,87,191,195,101,99,158,158,166,166,140,142,170,172,89,95,92,94,167,173,150,150,174,174,110,112,108,108,77,83,262,262,85,93,143,143,124,124,228,238,160,160,114,128,252,252,142,142,155,159,134,140,145,149,,,,,,,,,,,,,,,,,,,,,,,,,,,,,,,,,,,,,,,,,,,,,,,,,,,,,,,,,
AISH,wood,EIB701,Davis,2021,EIB77_773_Parks Canada_Results,41483-YT,353,,173,173,191,191,241,269,232,238,89,89,180,196,201,211,129,129,146,146,108,116,183,183,102,98,125,129,103,103,114,114,167,167,227,229,194,194,179,181,108,113,156,156,89,91,102,88,135,141,150,150,87,89,191,191,103,95,158,158,166,168,142,142,170,172,83,85,92,92,173,173,150,150,172,176,106,110,108,108,81,81,256,262,97,97,143,143,124,132,224,238,154,160,128,130,252,252,138,142,155,155,134,138,145,151,,,,,,,,,,,,,,,,,,,,,,,,,,,,,,,,,,,,,,,,,,,,,,,,,,,,,,,,,
AISH,wood,EIB702,Davis,2021,EIB77_773_Parks Canada_Results,41515-YT,354,,165,169,181,181,269,269,238,252,81,89,180,196,205,205,141,141,150,152,116,118,175,175,102,102,129,129,103,103,120,120,167,167,229,229,188,194,181,187,113,115,158,158,91,91,90,90,141,145,150,150,87,87,189,191,103,95,158,162,144,168,140,140,170,172,85,89,91,91,177,177,146,148,174,174,112,112,108,108,81,83,262,262,85,89,143,143,124,132,228,228,154,160,114,130,252,252,138,142,155,155,134,138,147,149,,,,,,,,,,,,,,,,,,,,,,,,,,,,,,,,,,,,,,,,,,,,,,,,,,,,,,,,,
AISH,wood,EIB703,Davis,2021,EIB77_773_Parks Canada_Results,41517-YT,355,,161,161,181,181,253,253,238,238,89,89,180,196,205,205,129,129,146,152,116,118,175,175,102,102,125,125,103,103,114,120,167,167,227,229,190,190,181,181,108,115,158,158,89,89,88,90,141,145,150,150,87,89,189,191,101,101,158,158,142,166,127,140,172,176,89,95,95,95,167,175,140,146,172,176,112,112,104,108,81,83,262,262,91,93,143,143,124,132,228,238,154,156,130,130,252,252,142,142,155,157,134,136,151,153,,,,,,,,,,,,,,,,,,,,,,,,,,,,,,,,,,,,,,,,,,,,,,,,,,,,,,,,,
AISH,wood,EIB704,Davis,2021,EIB77_773_Parks Canada_Results,41522-YT,356,,161,173,177,181,249,271,238,238,85,87,180,184,205,211,129,129,152,152,116,116,183,183,102,98,125,129,103,103,104,104,167,167,227,229,190,190,179,187,113,115,156,158,89,89,90,90,141,141,146,150,87,87,189,191,103,95,158,158,144,168,142,142,170,172,89,89,91,92,167,167,140,150,172,176,106,112,104,104,77,83,262,262,103,97,143,143,132,132,224,238,144,154,130,132,252,252,142,142,155,157,136,138,151,153,,,,,,,,,,,,,,,,,,,,,,,,,,,,,,,,,,,,,,,,,,,,,,,,,,,,,,,,,
AISH,wood,EIB705,Davis,2021,EIB77_773_Parks Canada_Results,41524-YT,357,,161,165,181,181,249,253,238,252,89,89,180,180,201,207,129,129,152,154,116,118,183,183,104,104,125,125,103,103,114,114,167,167,227,231,194,194,181,181,113,113,156,158,89,91,90,90,141,141,150,150,87,87,191,191,101,103,147,158,144,158,127,142,166,170,89,89,91,91,173,177,150,150,174,176,110,110,108,108,77,83,262,262,85,97,143,143,0,0,228,238,154,156,128,130,252,252,138,142,155,155,134,134,149,153,,,,,,,,,,,,,,,,,,,,,,,,,,,,,,,,,,,,,,,,,,,,,,,,,,,,,,,,,
AISH,wood,EIB706,Davis,2021,EIB77_773_Parks Canada_Results,41526-YT,358,,161,161,181,181,253,253,238,238,89,89,180,180,205,207,129,129,146,154,118,118,183,183,102,98,125,129,103,103,118,120,167,167,229,229,188,188,179,187,115,115,156,160,89,91,102,102,135,145,146,150,87,89,189,195,101,95,158,160,144,144,140,148,172,176,89,89,91,92,177,177,150,150,172,174,110,112,104,108,83,83,262,262,93,97,143,143,132,132,228,238,154,154,128,130,252,252,142,142,157,159,136,138,145,153,,,,,,,,,,,,,,,,,,,,,,,,,,,,,,,,,,,,,,,,,,,,,,,,,,,,,,,,,
AISH,wood,EIB707,Davis,2021,EIB77_773_Parks Canada_Results,41527-YT,359,,167,169,181,191,253,253,238,238,81,89,180,180,201,215,129,129,146,146,116,118,183,183,102,104,125,129,103,103,104,114,167,167,225,229,194,194,181,187,108,115,158,158,89,91,102,90,141,145,150,150,87,89,191,195,101,101,158,162,142,142,127,142,172,172,83,89,91,92,173,173,150,150,172,178,110,112,104,108,77,83,260,260,93,97,143,143,132,132,224,238,152,154,128,128,252,252,142,142,159,159,136,138,149,153,,,,,,,,,,,,,,,,,,,,,,,,,,,,,,,,,,,,,,,,,,,,,,,,,,,,,,,,,
AISH,wood,EIB708,Davis,2021,EIB77_773_Parks Canada_Results,41538-YT,360,,161,173,181,191,253,253,232,232,87,89,180,180,201,211,129,129,152,152,116,116,175,183,104,98,125,125,103,103,118,118,167,167,227,227,194,194,187,187,108,113,158,160,91,91,90,90,145,145,150,150,87,89,189,191,103,95,160,162,166,166,127,146,170,170,85,89,91,91,167,167,150,150,172,174,112,112,100,100,77,81,260,260,103,103,143,143,124,124,228,238,160,160,130,132,252,252,142,142,155,159,138,138,149,153,,,,,,,,,,,,,,,,,,,,,,,,,,,,,,,,,,,,,,,,,,,,,,,,,,,,,,,,,
AISH,wood,EIB710,Davis,2021,EIB77_773_Parks Canada_Results,41546-YT,361,,161,161,181,191,253,253,238,238,89,89,180,196,205,205,129,143,152,166,116,118,175,183,102,104,125,129,103,103,120,120,161,167,229,229,190,194,181,187,108,115,156,158,89,89,102,90,135,145,150,150,87,89,189,191,101,95,162,170,158,168,127,142,166,172,89,95,91,91,167,177,146,150,172,174,110,110,108,108,77,77,260,262,103,97,143,143,124,132,228,228,144,154,130,130,252,252,142,142,155,155,136,136,149,151,,,,,,,,,,,,,,,,,,,,,,,,,,,,,,,,,,,,,,,,,,,,,,,,,,,,,,,,,
AISH,wood,EIB711,Davis,2021,EIB77_773_Parks Canada_Results,41605-YT,362,,161,165,181,181,241,253,232,238,89,89,180,180,205,205,129,141,146,152,116,116,165,183,102,104,125,125,103,103,104,114,167,167,225,229,194,194,179,181,115,115,160,160,89,89,90,90,135,145,150,150,87,87,191,195,101,95,158,162,166,168,127,142,170,172,83,89,91,91,167,177,150,150,172,176,106,110,104,108,77,83,262,262,103,93,143,143,124,132,228,238,154,154,130,130,252,252,142,142,155,159,138,138,149,151,,,,,,,,,,,,,,,,,,,,,,,,,,,,,,,,,,,,,,,,,,,,,,,,,,,,,,,,,
AISH,wood,EIB712,Davis,2021,EIB77_773_Parks Canada_Results,42941-YT,363,,165,167,177,181,253,269,232,238,87,91,180,180,205,211,129,149,152,152,116,118,183,183,104,98,125,129,103,103,104,114,167,167,227,229,188,190,181,187,113,115,156,158,89,89,90,90,141,141,150,150,87,89,189,189,103,95,147,158,144,168,142,142,166,172,89,95,91,91,167,175,146,150,172,174,106,110,104,108,83,83,262,262,103,97,143,145,124,132,238,238,144,160,128,130,252,252,142,142,155,157,134,138,147,149,,,,,,,,,,,,,,,,,,,,,,,,,,,,,,,,,,,,,,,,,,,,,,,,,,,,,,,,,
AISH,wood,EIB713,Davis,2021,EIB77_773_Parks Canada_Results,43484-YT,364,,159,161,181,191,253,253,232,238,81,87,180,184,205,205,129,149,146,152,116,118,165,183,102,102,125,129,103,103,120,120,167,167,227,227,188,194,179,181,108,115,156,158,89,91,102,102,141,141,146,150,87,87,191,191,101,101,158,160,144,158,140,140,172,172,85,89,91,91,177,177,150,150,172,176,112,112,104,104,81,81,260,262,103,93,143,143,124,124,228,238,154,154,128,132,250,252,142,148,155,155,136,136,145,149,,,,,,,,,,,,,,,,,,,,,,,,,,,,,,,,,,,,,,,,,,,,,,,,,,,,,,,,,
AISH,wood,EIB714,Davis,2021,EIB77_773_Parks Canada_Results,43493-YT,365,,165,173,181,181,253,269,232,238,89,89,180,180,205,207,129,141,146,152,116,116,165,183,102,104,125,125,103,103,118,118,167,167,225,227,194,194,187,187,113,115,158,160,89,89,102,90,135,145,146,150,87,87,195,195,101,95,147,158,166,168,127,127,166,172,83,89,91,91,167,177,150,150,172,172,106,110,108,108,77,83,262,262,103,97,143,143,132,132,228,228,154,160,128,130,252,252,142,142,155,157,136,138,149,149,,,,,,,,,,,,,,,,,,,,,,,,,,,,,,,,,,,,,,,,,,,,,,,,,,,,,,,,,
AISH,wood,EIB715,Davis,2021,EIB77_773_Parks Canada_Results,43889-YT,366,,161,165,181,181,253,269,238,238,89,89,184,196,205,205,129,129,146,152,116,118,175,175,104,98,129,129,103,103,120,120,161,167,227,229,190,194,181,181,113,115,158,158,89,91,90,90,141,141,150,150,87,89,191,191,103,95,158,162,158,166,127,146,170,172,89,89,95,95,167,173,150,150,172,176,110,112,100,108,77,83,260,262,103,103,143,143,124,132,238,238,154,160,130,130,252,252,142,142,155,155,134,136,153,153,,,,,,,,,,,,,,,,,,,,,,,,,,,,,,,,,,,,,,,,,,,,,,,,,,,,,,,,,
AISH,wood,EIB716,Davis,2021,EIB77_773_Parks Canada_Results,43894-YT,367,,161,161,181,181,253,253,238,238,87,91,180,196,205,215,129,149,146,152,116,118,175,183,102,92,125,125,103,103,118,120,167,167,227,229,190,194,179,181,108,108,158,158,89,91,90,90,135,141,150,150,87,89,191,191,101,95,158,162,158,166,142,142,166,172,85,85,91,91,177,177,150,150,174,174,106,90,108,108,77,83,262,262,103,97,143,143,126,132,224,238,144,154,130,132,252,252,142,150,155,155,136,138,147,151,,,,,,,,,,,,,,,,,,,,,,,,,,,,,,,,,,,,,,,,,,,,,,,,,,,,,,,,,
AK,wood,EIB1,Davis,2021,Alaska_EIB1_76_Diversity_Results,PID009,368,,159,161,181,191,249,253,238,238,81,89,180,184,205,211,129,143,152,152,116,118,165,183,102,104,125,129,103,103,120,120,167,167,229,229,194,194,179,187,113,113,158,158,89,91,102,90,141,141,146,150,87,87,191,191,95,95,158,160,142,142,146,146,166,172,85,89,91,95,165,177,150,150,172,178,110,112,108,108,77,83,260,262,103,103,143,143,124,132,228,238,144,154,130,130,252,252,142,142,155,159,136,136,145,151,,,,,,,,,,,,,,,,,,,,,,,,,,,,,,,,,,,,,,,,,,,,,,,,,,,,,,,,,
AK,wood,EIB6,Davis,2021,Alaska_EIB1_76_Diversity_Results,PID014,423,,161,161,181,181,249,253,232,238,89,89,180,180,201,205,129,129,152,152,116,118,183,183,102,104,125,125,103,103,118,120,167,167,229,231,194,194,179,181,113,115,156,158,89,91,102,90,141,141,146,150,87,89,191,195,103,95,158,158,142,158,142,146,166,172,85,95,91,95,165,177,146,150,178,180,106,110,108,108,77,77,260,262,103,103,143,143,124,124,238,238,154,160,130,130,252,252,142,142,159,159,134,136,145,151,,,,,,,,,,,,,,,,,,,,,,,,,,,,,,,,,,,,,,,,,,,,,,,,,,,,,,,,,
AK,wood,EIB36,Davis,2021,Alaska_EIB1_76_Diversity_Results,PID018,397,,161,161,181,191,249,253,238,238,87,89,180,184,205,211,129,143,146,152,116,116,165,183,92,98,125,129,103,104,120,120,167,167,229,231,194,194,179,187,108,113,158,160,89,89,90,90,135,141,146,148,87,87,191,191,101,95,158,158,142,142,142,142,166,170,89,89,91,91,175,177,140,150,180,180,106,110,108,108,83,83,262,262,97,97,143,143,124,132,228,238,154,160,130,130,252,252,142,142,153,155,134,140,145,153,,,,,,,,,,,,,,,,,,,,,,,,,,,,,,,,,,,,,,,,,,,,,,,,,,,,,,,,,
AK,wood,EIB5,Davis,2021,Alaska_EIB1_76_Diversity_Results,PID031,412,,161,161,181,191,249,253,238,238,89,89,180,180,205,215,129,129,152,152,116,116,183,183,102,92,125,129,103,103,114,120,167,167,229,231,194,194,179,179,113,113,156,158,89,89,90,90,141,141,148,150,87,87,191,191,103,95,158,158,142,142,127,142,166,170,89,89,91,91,167,177,150,150,172,180,106,112,108,108,77,83,260,262,103,97,143,143,124,132,238,238,154,160,128,130,252,252,142,148,155,155,136,140,145,153,,,,,,,,,,,,,,,,,,,,,,,,,,,,,,,,,,,,,,,,,,,,,,,,,,,,,,,,,
AK,wood,EIB4,Davis,2021,Alaska_EIB1_76_Diversity_Results,PID035,401,,161,161,181,191,249,253,252,254,81,89,180,196,205,205,141,143,152,152,116,118,165,183,104,92,125,125,103,103,104,104,167,167,227,229,190,194,181,181,113,115,158,160,89,91,102,90,141,145,146,150,87,87,191,195,101,103,147,158,144,168,142,148,166,176,89,89,91,92,165,173,150,150,172,176,106,112,108,108,83,83,260,262,85,89,143,143,124,124,236,238,154,160,128,130,252,252,142,142,155,155,136,136,151,153,,,,,,,,,,,,,,,,,,,,,,,,,,,,,,,,,,,,,,,,,,,,,,,,,,,,,,,,,
AK,wood,EIB35,Davis,2021,Alaska_EIB1_76_Diversity_Results,PID048,396,,161,161,181,181,253,253,232,238,89,89,180,180,201,211,129,141,152,166,116,116,175,183,102,96,125,125,103,103,104,120,167,167,229,229,190,194,179,179,108,115,158,158,91,91,90,90,135,141,146,150,87,91,189,195,103,99,160,170,142,168,140,146,166,176,89,89,92,95,173,177,148,150,174,176,110,112,108,108,77,81,260,262,103,93,143,143,124,126,228,228,154,154,128,130,252,254,142,148,155,157,134,136,153,153,,,,,,,,,,,,,,,,,,,,,,,,,,,,,,,,,,,,,,,,,,,,,,,,,,,,,,,,,
AK,wood,EIB13,Davis,2021,Alaska_EIB1_76_Diversity_Results,PID061,372,,165,165,181,191,253,253,232,238,85,89,180,180,207,211,129,141,146,152,116,118,165,183,104,96,129,129,103,103,120,120,167,167,227,229,194,194,181,187,113,115,154,160,89,91,102,90,141,145,146,150,87,87,191,195,95,95,147,161,158,168,142,142,166,172,85,89,92,95,167,173,146,150,172,172,106,112,104,108,81,83,256,262,103,93,143,143,122,132,228,236,154,154,130,132,250,252,142,148,155,159,136,136,145,153,,,,,,,,,,,,,,,,,,,,,,,,,,,,,,,,,,,,,,,,,,,,,,,,,,,,,,,,,
AK,wood,EIB34,Davis,2021,Alaska_EIB1_76_Diversity_Results,PID092,395,,161,165,181,181,253,269,232,238,89,91,180,180,207,207,129,149,146,152,116,118,165,175,102,96,123,129,103,103,104,120,167,167,229,229,190,190,187,191,113,115,156,158,89,91,90,90,145,145,146,150,87,87,191,195,103,95,158,162,142,168,127,142,170,172,89,89,91,91,167,177,150,150,172,174,112,112,104,108,83,85,262,262,93,97,143,143,132,132,228,228,144,154,130,132,252,252,142,148,155,155,134,136,151,153,,,,,,,,,,,,,,,,,,,,,,,,,,,,,,,,,,,,,,,,,,,,,,,,,,,,,,,,,
AK,wood,EIB33,Davis,2021,Alaska_EIB1_76_Diversity_Results,PID102,394,,159,161,191,191,249,253,232,238,89,89,184,196,205,205,129,141,152,152,116,118,175,183,102,102,123,129,103,103,114,120,167,167,229,229,194,194,179,187,108,115,158,158,89,91,102,102,145,145,150,150,87,89,191,193,101,103,147,162,166,166,138,142,170,172,89,89,91,92,167,177,140,150,174,174,106,112,104,108,81,83,256,260,93,97,143,143,132,132,238,238,156,160,130,132,252,252,142,142,155,155,134,136,151,153,,,,,,,,,,,,,,,,,,,,,,,,,,,,,,,,,,,,,,,,,,,,,,,,,,,,,,,,,
AK,wood,EIB32,Davis,2021,Alaska_EIB1_76_Diversity_Results,PID106,393,,161,169,181,181,253,253,238,238,87,89,180,180,207,211,149,149,152,164,114,116,175,175,92,96,129,129,103,103,104,114,167,167,225,227,194,194,179,179,108,108,158,158,89,91,90,90,135,141,150,150,87,89,189,191,103,95,158,162,144,144,142,142,170,170,89,89,91,92,167,173,150,150,174,174,112,112,108,108,81,83,260,262,93,97,143,143,124,132,228,228,154,154,132,132,252,252,138,142,155,155,134,136,151,151,,,,,,,,,,,,,,,,,,,,,,,,,,,,,,,,,,,,,,,,,,,,,,,,,,,,,,,,,
AK,wood,EIB31,Davis,2021,Alaska_EIB1_76_Diversity_Results,PID112,392,,161,169,181,181,249,253,232,238,89,89,180,180,201,211,129,129,152,164,116,118,179,183,102,96,125,129,103,103,104,120,165,167,231,233,194,194,179,179,113,113,158,158,89,91,90,90,135,141,146,150,87,87,191,191,103,95,158,158,142,142,142,146,166,172,85,89,91,92,173,177,150,150,172,180,110,112,108,108,77,81,260,262,103,89,143,143,124,124,228,238,154,154,128,130,252,252,138,142,155,159,134,136,145,151,,,,,,,,,,,,,,,,,,,,,,,,,,,,,,,,,,,,,,,,,,,,,,,,,,,,,,,,,
AK,wood,EIB66,Davis,2021,Alaska_EIB1_76_Diversity_Results,PID119,430,,161,161,181,181,253,269,238,252,89,89,180,180,205,211,129,149,152,152,116,118,165,175,102,104,125,129,103,103,104,104,167,167,229,231,194,194,179,187,108,115,156,156,89,91,90,90,141,141,146,148,87,87,191,195,103,103,158,162,142,142,127,148,166,170,89,89,91,91,167,173,140,146,172,180,112,112,108,108,83,85,262,262,93,97,143,143,124,132,228,228,154,154,132,132,252,252,142,148,155,155,134,134,151,153,,,,,,,,,,,,,,,,,,,,,,,,,,,,,,,,,,,,,,,,,,,,,,,,,,,,,,,,,
AK,wood,EIB30,Davis,2021,Alaska_EIB1_76_Diversity_Results,PID120,391,,161,165,181,191,249,269,232,252,89,89,180,180,205,205,129,149,152,152,116,118,175,183,104,104,125,125,103,103,104,104,167,167,231,231,194,194,179,179,113,115,156,156,89,89,90,90,141,141,148,150,87,87,191,195,103,103,158,162,142,168,127,127,170,172,89,89,91,91,165,167,140,150,174,178,106,112,100,100,83,85,260,262,103,97,143,143,124,132,228,228,154,154,130,132,252,252,142,142,155,155,134,136,145,151,,,,,,,,,,,,,,,,,,,,,,,,,,,,,,,,,,,,,,,,,,,,,,,,,,,,,,,,,
AK,wood,EIB29,Davis,2021,Alaska_EIB1_76_Diversity_Results,PID121,389,,161,173,177,181,253,253,232,238,89,89,180,198,205,207,129,141,152,152,116,118,175,183,102,104,129,129,103,103,114,114,167,167,227,229,190,190,179,187,113,115,158,158,91,91,90,90,135,141,150,150,87,87,189,191,101,103,158,160,158,166,127,127,166,170,89,89,92,95,173,177,140,150,172,176,110,110,108,108,77,81,260,262,93,93,143,143,132,132,236,238,154,160,130,130,252,252,142,142,153,157,134,136,151,153,,,,,,,,,,,,,,,,,,,,,,,,,,,,,,,,,,,,,,,,,,,,,,,,,,,,,,,,,
AK,wood,EIB28,Davis,2021,Alaska_EIB1_76_Diversity_Results,PID122,388,,159,165,191,191,253,253,238,238,89,89,180,196,205,211,129,143,146,152,116,116,175,183,102,98,125,129,103,104,118,118,161,167,229,233,194,194,187,187,115,115,158,160,89,91,102,90,141,145,150,150,87,87,191,191,95,95,160,162,142,166,142,148,170,172,89,89,91,91,165,167,150,150,176,178,110,112,108,108,83,83,260,262,103,85,143,143,132,132,228,238,144,156,132,132,252,252,142,142,155,157,136,138,151,153,,,,,,,,,,,,,,,,,,,,,,,,,,,,,,,,,,,,,,,,,,,,,,,,,,,,,,,,,
AK,wood,EIB65,Davis,2021,Alaska_EIB1_76_Diversity_Results,PID131,429,,161,161,181,181,253,253,238,238,87,89,184,194,211,215,129,143,146,152,116,116,175,179,102,98,129,129,103,103,114,114,161,167,229,231,194,194,187,187,113,115,158,158,89,89,90,90,135,141,148,150,87,87,191,191,101,101,147,158,168,168,140,142,166,172,89,89,91,92,167,173,140,140,176,180,106,112,108,108,83,83,260,262,103,93,143,143,124,124,228,228,154,154,128,132,252,252,142,148,153,155,134,140,145,153,,,,,,,,,,,,,,,,,,,,,,,,,,,,,,,,,,,,,,,,,,,,,,,,,,,,,,,,,
AK,wood,EIB64,Davis,2021,Alaska_EIB1_76_Diversity_Results,PID135,428,,165,165,181,181,253,271,232,252,89,91,180,180,207,211,149,149,146,154,116,118,175,183,104,92,123,125,103,103,104,104,167,167,229,233,188,194,179,191,108,113,156,158,89,91,90,90,135,141,150,150,87,89,189,195,101,101,158,158,142,166,127,127,170,172,89,89,91,91,167,167,140,150,172,174,112,112,108,108,85,85,262,262,93,97,143,143,124,132,228,228,154,154,114,132,252,252,142,142,155,155,136,138,145,151,,,,,,,,,,,,,,,,,,,,,,,,,,,,,,,,,,,,,,,,,,,,,,,,,,,,,,,,,
AK,wood,EIB63,Davis,2021,Alaska_EIB1_76_Diversity_Results,PID136,427,,161,165,181,181,249,269,232,252,89,89,180,198,205,207,129,149,152,152,118,118,175,183,104,104,125,129,103,103,104,118,167,167,229,233,194,194,187,191,113,115,156,156,89,89,90,90,141,141,150,150,87,87,191,195,103,103,158,162,142,158,142,142,170,172,89,95,91,91,167,167,140,150,174,178,106,112,104,108,83,83,260,262,103,93,143,143,124,132,228,238,154,160,130,130,252,252,142,148,155,155,138,138,145,151,,,,,,,,,,,,,,,,,,,,,,,,,,,,,,,,,,,,,,,,,,,,,,,,,,,,,,,,,
AK,wood,EIB62,Davis,2021,Alaska_EIB1_76_Diversity_Results,PID137,426,,165,165,177,181,253,253,232,252,87,89,180,184,205,207,129,149,152,152,116,118,175,183,102,98,125,129,103,103,120,120,167,167,227,231,190,194,179,187,108,113,156,158,91,93,90,90,135,141,146,150,87,87,191,191,103,95,160,162,142,166,127,140,166,178,85,89,91,95,173,177,146,150,174,174,110,110,108,108,83,83,260,262,103,97,143,143,124,124,236,238,154,160,130,130,252,252,142,142,155,157,136,136,145,151,,,,,,,,,,,,,,,,,,,,,,,,,,,,,,,,,,,,,,,,,,,,,,,,,,,,,,,,,
AK,wood,EIB61,Davis,2021,Alaska_EIB1_76_Diversity_Results,PID139,425,,161,165,181,181,253,269,232,252,89,89,180,180,205,207,129,141,152,152,118,118,175,183,104,92,125,129,103,103,120,120,167,167,227,229,190,194,181,181,113,113,158,158,89,91,90,90,135,141,146,150,87,87,191,191,95,95,147,162,142,166,148,148,166,178,89,89,91,95,173,173,146,150,176,176,110,112,104,104,83,83,262,262,89,97,143,143,124,124,228,228,154,154,130,130,252,252,142,142,155,157,136,136,153,153,,,,,,,,,,,,,,,,,,,,,,,,,,,,,,,,,,,,,,,,,,,,,,,,,,,,,,,,,
AK,wood,EIB60,Davis,2021,Alaska_EIB1_76_Diversity_Results,PID140,424,,161,165,181,181,253,271,232,238,85,89,180,198,207,211,141,149,146,152,116,118,175,183,102,104,123,129,103,103,104,120,167,167,229,229,190,194,179,181,115,115,154,156,89,91,102,90,141,145,146,150,87,87,195,195,103,95,161,162,158,168,142,142,166,170,85,89,91,95,167,167,140,146,172,172,106,106,104,108,81,83,262,262,93,97,143,143,122,132,228,228,154,154,130,132,252,252,142,142,155,155,136,138,145,151,,,,,,,,,,,,,,,,,,,,,,,,,,,,,,,,,,,,,,,,,,,,,,,,,,,,,,,,,
AK,wood,EIB59,Davis,2021,Alaska_EIB1_76_Diversity_Results,PID144,422,,161,169,181,181,249,271,232,252,87,91,180,180,207,207,143,149,146,152,116,116,165,175,104,104,123,129,103,103,118,118,167,167,229,231,194,194,179,191,113,113,156,158,89,89,90,90,141,145,146,150,87,87,191,195,101,103,162,170,142,168,142,146,170,172,89,89,91,91,167,167,150,150,174,174,106,112,108,108,77,83,260,262,103,93,143,143,132,132,228,228,144,154,130,132,250,252,138,142,155,155,134,136,151,153,,,,,,,,,,,,,,,,,,,,,,,,,,,,,,,,,,,,,,,,,,,,,,,,,,,,,,,,,
AK,wood,EIB58,Davis,2021,Alaska_EIB1_76_Diversity_Results,PID145,421,,161,165,181,181,253,253,238,238,89,89,180,184,201,207,141,141,152,166,116,118,175,175,104,96,125,129,103,103,104,104,167,167,229,229,190,194,179,181,108,115,158,158,91,91,90,90,135,135,146,150,87,91,191,195,103,95,160,170,142,166,127,146,166,172,89,89,92,95,177,177,148,150,174,176,110,112,108,108,81,83,260,262,93,93,143,143,126,132,228,228,154,154,128,130,252,252,142,142,155,157,136,136,153,153,,,,,,,,,,,,,,,,,,,,,,,,,,,,,,,,,,,,,,,,,,,,,,,,,,,,,,,,,
AK,wood,EIB57,Davis,2021,Alaska_EIB1_76_Diversity_Results,PID150,420,,161,169,181,191,249,253,238,252,81,89,180,184,205,211,143,149,146,152,116,118,165,183,102,104,125,129,103,104,118,120,167,167,229,231,194,194,187,187,113,115,158,160,89,89,90,90,141,141,146,150,87,87,191,191,103,95,160,170,166,168,140,142,172,172,89,89,91,91,165,177,150,150,174,174,106,112,108,108,77,83,262,262,103,103,143,143,132,132,228,238,154,154,130,132,252,252,142,148,155,155,136,136,145,145,,,,,,,,,,,,,,,,,,,,,,,,,,,,,,,,,,,,,,,,,,,,,,,,,,,,,,,,,
AK,wood,EIB40,Davis,2021,Alaska_EIB1_76_Diversity_Results,PID151,402,,161,161,181,191,249,253,252,252,89,89,180,184,211,215,129,149,146,152,118,118,183,183,104,104,125,125,103,104,104,104,167,167,229,231,194,194,179,181,113,115,156,158,89,89,90,90,141,141,148,148,87,87,191,191,103,95,158,158,142,166,127,142,166,172,89,89,91,92,165,177,150,150,172,178,106,112,100,100,83,83,256,262,103,97,143,143,124,132,228,238,152,154,128,130,250,252,142,142,155,159,134,136,145,151,,,,,,,,,,,,,,,,,,,,,,,,,,,,,,,,,,,,,,,,,,,,,,,,,,,,,,,,,
AK,wood,EIB39,Davis,2021,Alaska_EIB1_76_Diversity_Results,PID152,400,,159,173,181,181,253,253,238,252,81,87,184,196,205,207,129,143,152,152,116,116,165,165,102,104,125,125,103,103,120,120,167,167,227,229,194,194,181,187,108,113,156,160,89,91,90,90,135,141,150,150,87,89,189,191,101,95,160,162,142,144,140,146,170,174,83,89,91,91,167,173,150,150,174,178,112,112,108,108,83,83,260,262,103,103,143,143,126,132,228,228,144,156,114,130,252,252,142,148,155,157,136,136,145,153,,,,,,,,,,,,,,,,,,,,,,,,,,,,,,,,,,,,,,,,,,,,,,,,,,,,,,,,,
AK,wood,EIB38,Davis,2021,Alaska_EIB1_76_Diversity_Results,PID154,399,,161,161,181,181,249,271,238,238,89,89,180,198,205,205,129,149,146,152,116,118,175,183,102,104,123,125,103,103,120,120,167,167,229,229,194,194,179,179,113,115,156,156,89,91,90,90,141,145,146,146,87,87,191,195,103,95,158,158,158,168,142,142,170,172,89,95,91,91,165,167,146,150,174,180,106,112,108,108,77,83,260,262,103,93,143,143,124,132,228,238,154,160,130,132,252,252,142,148,155,159,134,134,145,151,,,,,,,,,,,,,,,,,,,,,,,,,,,,,,,,,,,,,,,,,,,,,,,,,,,,,,,,,
AK,wood,EIB37,Davis,2021,Alaska_EIB1_76_Diversity_Results,PID156,398,,161,161,177,181,249,253,238,252,89,89,180,180,205,205,129,149,146,146,116,118,165,183,102,104,129,129,103,103,104,104,167,167,227,231,194,194,181,187,115,115,156,158,89,91,102,90,141,141,148,150,87,87,189,191,95,95,158,170,166,166,142,142,172,176,89,89,91,91,167,177,150,150,172,180,106,112,108,108,77,77,262,262,103,93,143,143,124,132,238,238,144,154,130,130,250,252,142,142,155,155,134,136,145,151,,,,,,,,,,,,,,,,,,,,,,,,,,,,,,,,,,,,,,,,,,,,,,,,,,,,,,,,,
AK,wood,EIB76,Davis,2021,Alaska_EIB1_76_Diversity_Results,PID158,441,,161,161,181,191,253,253,238,252,87,89,180,184,205,211,129,143,146,152,116,116,175,183,104,98,125,129,103,103,120,120,161,167,229,231,194,194,179,187,108,113,156,158,89,89,102,90,135,141,146,148,87,87,191,191,101,103,158,158,142,168,127,142,166,172,89,89,91,92,173,175,140,150,178,180,106,112,108,108,77,83,260,262,103,103,143,143,124,132,228,228,154,154,128,132,252,252,142,142,153,159,134,138,145,145,,,,,,,,,,,,,,,,,,,,,,,,,,,,,,,,,,,,,,,,,,,,,,,,,,,,,,,,,
AK,wood,EIB75,Davis,2021,Alaska_EIB1_76_Diversity_Results,PID159,440,,161,165,181,191,253,253,238,254,87,89,180,196,211,215,129,141,146,152,116,116,183,183,102,98,123,125,103,103,118,118,161,167,227,229,190,194,181,187,115,115,158,158,89,91,90,90,135,141,150,150,87,89,189,195,101,101,158,160,142,166,127,146,174,176,89,95,91,92,173,177,150,150,172,174,110,112,100,100,77,83,260,262,103,103,143,143,124,132,228,238,154,154,128,130,252,252,142,142,155,155,136,136,153,153,,,,,,,,,,,,,,,,,,,,,,,,,,,,,,,,,,,,,,,,,,,,,,,,,,,,,,,,,
AK,wood,EIB12,Davis,2021,Alaska_EIB1_76_Diversity_Results,PID160,371,,161,165,181,181,269,269,232,252,81,89,180,184,201,205,129,129,146,152,108,118,165,175,104,96,125,129,103,103,114,114,161,167,229,233,188,190,179,187,115,115,158,158,89,91,90,90,141,147,148,150,87,89,189,191,101,95,158,158,144,158,127,142,166,174,85,89,91,92,167,173,140,150,174,176,106,112,100,100,77,77,262,262,103,97,143,143,124,132,224,228,152,154,114,132,252,252,142,142,155,155,136,136,145,151,,,,,,,,,,,,,,,,,,,,,,,,,,,,,,,,,,,,,,,,,,,,,,,,,,,,,,,,,
AK,wood,EIB74,Davis,2021,Alaska_EIB1_76_Diversity_Results,PID163,439,,161,161,181,191,253,253,238,238,87,89,180,184,201,205,129,149,146,152,116,116,165,175,104,98,125,129,103,104,114,114,161,161,227,229,194,194,179,187,108,113,158,158,89,91,90,90,141,141,146,150,87,87,189,191,95,95,158,160,144,168,142,142,166,170,89,89,91,91,173,175,140,150,172,180,112,112,108,108,83,85,262,262,97,97,143,143,132,132,228,228,144,154,130,132,252,252,142,148,153,155,136,138,145,149,,,,,,,,,,,,,,,,,,,,,,,,,,,,,,,,,,,,,,,,,,,,,,,,,,,,,,,,,
AK,wood,EIB73,Davis,2021,Alaska_EIB1_76_Diversity_Results,PID164,438,,161,169,181,191,249,253,238,252,87,89,180,184,205,207,129,143,152,152,116,116,175,183,104,92,125,129,103,103,120,120,167,167,229,231,194,194,179,187,113,115,156,158,89,89,90,90,141,141,146,148,87,87,191,191,95,95,158,160,142,142,127,140,166,174,89,89,91,91,167,177,150,150,174,180,106,112,108,108,83,83,262,262,93,97,143,143,132,132,224,238,154,160,130,132,250,252,142,148,155,155,136,140,145,153,,,,,,,,,,,,,,,,,,,,,,,,,,,,,,,,,,,,,,,,,,,,,,,,,,,,,,,,,
AK,wood,EIB72,Davis,2021,Alaska_EIB1_76_Diversity_Results,PID165,437,,161,165,177,181,253,253,232,238,87,89,180,184,207,207,129,141,152,152,118,118,175,183,102,104,129,129,103,103,120,120,167,167,227,229,190,194,181,187,113,115,158,158,91,91,90,90,135,135,150,150,87,87,189,191,103,95,147,160,166,166,127,148,166,172,89,89,95,95,173,177,150,150,174,176,110,110,108,108,77,83,260,262,93,97,143,143,124,132,228,236,154,160,130,130,248,252,142,142,155,157,136,136,145,153,,,,,,,,,,,,,,,,,,,,,,,,,,,,,,,,,,,,,,,,,,,,,,,,,,,,,,,,,
AK,wood,EIB71,Davis,2021,Alaska_EIB1_76_Diversity_Results,PID167,436,,159,165,181,191,249,253,238,238,89,89,180,196,205,211,129,129,146,152,116,116,175,183,102,98,129,129,103,103,120,120,167,167,229,229,194,194,187,187,108,115,158,158,89,89,102,102,141,145,150,150,87,87,191,191,103,95,160,162,166,166,142,148,170,170,83,89,91,92,167,167,150,150,174,176,106,112,104,104,81,83,260,262,85,93,143,143,124,132,238,238,154,156,130,132,252,252,142,142,155,157,136,138,151,153,,,,,,,,,,,,,,,,,,,,,,,,,,,,,,,,,,,,,,,,,,,,,,,,,,,,,,,,,
AK,wood,EIB70,Davis,2021,Alaska_EIB1_76_Diversity_Results,PID171,435,,161,165,181,181,253,253,238,252,87,89,180,194,205,205,129,129,152,152,116,116,175,183,102,98,125,129,103,103,120,120,167,167,229,229,190,194,179,187,108,113,158,158,89,89,90,90,141,141,146,148,87,89,191,191,103,103,158,161,142,158,127,142,166,166,89,89,91,91,167,167,140,150,172,174,112,112,108,108,77,85,260,262,97,97,143,143,124,124,228,238,154,154,128,132,252,252,142,148,155,155,136,136,145,153,,,,,,,,,,,,,,,,,,,,,,,,,,,,,,,,,,,,,,,,,,,,,,,,,,,,,,,,,
AK,wood,EIB2,Davis,2021,Alaska_EIB1_76_Diversity_Results,PID172,379,,161,169,181,191,253,253,232,238,85,89,196,196,205,211,129,149,146,152,114,116,175,183,102,102,125,129,103,103,118,120,167,167,225,227,188,190,181,187,108,115,156,158,89,91,102,90,135,141,148,150,87,87,191,191,101,101,158,158,166,166,142,142,172,176,89,89,91,92,173,177,150,150,174,176,112,112,104,108,83,85,260,260,103,93,143,143,124,132,238,238,144,156,130,130,252,252,142,142,155,157,136,136,153,153,,,,,,,,,,,,,,,,,,,,,,,,,,,,,,,,,,,,,,,,,,,,,,,,,,,,,,,,,
AK,wood,EIB69,Davis,2021,Alaska_EIB1_76_Diversity_Results,PID176,433,,161,161,181,191,253,253,238,238,87,87,180,198,205,207,129,141,152,166,116,116,175,183,102,102,125,129,103,104,118,120,161,167,229,229,190,194,179,187,108,115,158,160,91,91,90,90,141,141,150,150,87,91,189,191,101,95,158,160,142,144,140,148,166,166,85,89,91,91,165,177,150,150,174,178,110,110,108,108,81,83,260,262,97,97,143,143,126,132,228,238,154,160,130,132,252,252,142,148,155,155,134,136,151,153,,,,,,,,,,,,,,,,,,,,,,,,,,,,,,,,,,,,,,,,,,,,,,,,,,,,,,,,,
AK,wood,EIB68,Davis,2021,Alaska_EIB1_76_Diversity_Results,PID179,432,,161,165,181,181,253,269,238,238,89,89,184,196,205,207,143,149,152,154,108,116,179,183,102,104,129,129,103,103,120,120,167,167,229,233,194,194,179,187,115,115,156,158,91,91,90,90,135,145,150,150,87,91,189,191,95,95,158,160,142,144,127,142,172,176,89,89,91,91,167,177,150,150,174,176,110,110,104,104,81,83,260,262,103,97,143,143,132,132,236,238,144,154,130,132,252,252,142,148,155,157,136,138,145,153,,,,,,,,,,,,,,,,,,,,,,,,,,,,,,,,,,,,,,,,,,,,,,,,,,,,,,,,,
AK,wood,EIB67,Davis,2021,Alaska_EIB1_76_Diversity_Results,PID180,431,,159,165,181,181,249,253,252,252,87,87,184,194,205,207,129,149,146,146,116,116,165,183,102,98,129,129,103,104,104,120,167,167,229,229,188,194,179,187,108,113,158,158,91,91,102,90,135,141,146,146,87,89,191,191,101,103,158,158,142,158,127,140,166,172,89,89,91,94,167,167,140,150,176,180,110,110,108,108,83,85,262,262,93,93,143,143,124,124,228,228,152,154,114,130,252,252,142,148,155,155,136,136,153,153,,,,,,,,,,,,,,,,,,,,,,,,,,,,,,,,,,,,,,,,,,,,,,,,,,,,,,,,,
AK,wood,EIB55,Davis,2021,Alaska_EIB1_76_Diversity_Results,PID183,418,,161,161,181,191,253,253,232,238,85,87,180,198,207,215,129,141,152,166,116,116,175,175,102,102,129,129,103,103,120,120,161,167,229,229,190,194,179,179,108,115,158,158,91,91,102,90,141,141,146,146,89,89,189,195,103,99,147,158,142,142,140,140,166,166,85,89,92,94,173,177,150,150,172,174,106,110,100,108,81,81,256,262,97,97,143,143,126,126,238,238,154,154,128,130,250,252,142,148,155,155,134,134,151,153,,,,,,,,,,,,,,,,,,,,,,,,,,,,,,,,,,,,,,,,,,,,,,,,,,,,,,,,,
AK,wood,EIB54,Davis,2021,Alaska_EIB1_76_Diversity_Results,PID184,417,,161,169,181,191,253,253,238,252,89,89,180,180,205,207,129,129,152,166,116,118,165,165,102,102,125,129,103,103,104,104,167,167,227,229,188,194,187,187,113,115,158,158,89,89,90,90,141,141,150,150,87,87,191,191,95,95,160,170,142,166,142,142,172,172,89,89,91,91,177,177,150,150,172,174,110,112,108,108,77,83,262,262,89,93,143,143,124,132,224,228,154,154,130,132,252,252,138,142,155,157,136,136,145,145,,,,,,,,,,,,,,,,,,,,,,,,,,,,,,,,,,,,,,,,,,,,,,,,,,,,,,,,,
AK,wood,EIB53,Davis,2021,Alaska_EIB1_76_Diversity_Results,PID185,416,,161,165,181,181,249,253,238,252,89,89,180,180,205,205,129,129,152,152,116,118,183,183,102,98,129,129,103,103,114,120,165,167,227,231,194,194,179,179,108,115,156,160,89,91,90,90,135,141,148,148,87,87,191,191,103,95,160,162,142,142,140,148,166,178,83,85,91,91,173,177,150,150,174,180,110,110,104,108,81,83,262,262,93,93,143,143,122,132,228,236,152,154,130,130,252,252,138,148,157,159,136,138,153,153,,,,,,,,,,,,,,,,,,,,,,,,,,,,,,,,,,,,,,,,,,,,,,,,,,,,,,,,,
AK,wood,EIB52,Davis,2021,Alaska_EIB1_76_Diversity_Results,PID186,415,,161,165,181,191,253,253,238,252,89,89,180,196,205,211,143,143,152,152,108,116,183,183,102,104,125,129,103,103,104,104,165,167,227,231,194,194,179,179,115,115,158,158,91,91,90,90,141,141,148,148,89,91,191,195,103,95,158,160,142,166,127,148,166,166,89,89,91,91,177,177,150,150,172,176,106,110,108,108,81,83,260,262,103,93,143,143,132,132,228,228,154,160,130,132,252,252,138,142,157,159,136,136,153,153,,,,,,,,,,,,,,,,,,,,,,,,,,,,,,,,,,,,,,,,,,,,,,,,,,,,,,,,,
AK,wood,EIB51,Davis,2021,Alaska_EIB1_76_Diversity_Results,PID191,414,,159,161,177,181,253,269,238,252,85,89,180,180,205,211,129,149,152,152,116,118,165,175,92,98,129,129,103,104,114,114,161,167,227,231,194,194,179,187,113,115,156,158,89,89,90,90,141,141,150,150,87,87,189,191,103,95,158,162,166,168,142,142,170,178,85,89,91,92,173,177,146,150,174,180,112,112,108,108,77,83,260,262,93,93,143,143,132,132,228,228,144,154,130,130,252,252,142,148,155,155,134,136,151,151,,,,,,,,,,,,,,,,,,,,,,,,,,,,,,,,,,,,,,,,,,,,,,,,,,,,,,,,,
AK,wood,EIB47,Davis,2021,Alaska_EIB1_76_Diversity_Results,PID192,409,,161,169,181,181,253,253,232,238,89,91,180,196,205,207,129,129,152,166,108,116,175,183,102,98,129,129,103,103,104,104,167,167,229,229,190,190,179,179,115,115,158,158,91,93,90,90,141,145,146,148,87,91,189,195,101,103,158,160,144,166,140,142,172,176,85,89,94,95,167,173,150,150,172,174,106,110,108,108,81,81,260,262,93,97,143,143,126,132,228,238,154,154,128,130,252,252,142,142,155,155,134,136,151,153,,,,,,,,,,,,,,,,,,,,,,,,,,,,,,,,,,,,,,,,,,,,,,,,,,,,,,,,,
AK,wood,EIB50,Davis,2021,Alaska_EIB1_76_Diversity_Results,PID193,413,,161,161,177,191,253,253,238,252,89,89,180,196,205,207,149,149,152,152,116,116,175,183,104,92,129,129,103,104,104,120,167,167,225,231,188,194,179,181,115,115,156,158,89,89,90,90,141,141,148,150,87,89,191,191,95,95,158,158,142,166,142,142,170,172,89,89,91,91,167,177,150,150,172,172,110,112,104,108,83,83,260,260,89,93,143,143,124,132,228,238,144,154,130,130,252,252,138,142,155,155,134,136,151,151,,,,,,,,,,,,,,,,,,,,,,,,,,,,,,,,,,,,,,,,,,,,,,,,,,,,,,,,,
AK,wood,EIB49,Davis,2021,Alaska_EIB1_76_Diversity_Results,PID194,411,,161,161,181,191,253,253,238,252,89,89,180,180,205,205,129,149,152,166,116,118,175,183,102,102,125,129,103,103,104,120,167,167,229,231,190,194,179,179,108,113,156,158,89,91,102,90,141,145,146,148,87,89,189,191,101,103,158,160,142,142,127,140,172,176,85,89,91,94,167,173,150,150,174,178,106,106,100,108,81,83,260,262,103,97,143,143,124,126,228,228,154,154,130,130,252,252,142,148,155,155,134,136,145,151,,,,,,,,,,,,,,,,,,,,,,,,,,,,,,,,,,,,,,,,,,,,,,,,,,,,,,,,,
AK,wood,EIB45,Davis,2021,Alaska_EIB1_76_Diversity_Results,PID196,407,,161,165,177,181,253,253,232,238,89,89,184,184,205,207,141,149,146,152,116,118,165,165,104,96,129,129,103,103,120,120,167,167,229,231,190,194,187,187,113,113,156,158,89,91,102,90,141,145,150,150,87,87,191,191,103,95,158,158,166,168,127,142,172,172,89,89,92,94,177,177,150,150,172,174,112,112,104,104,77,83,256,262,93,93,143,143,124,132,228,238,144,154,128,130,252,252,138,142,155,155,136,136,151,153,,,,,,,,,,,,,,,,,,,,,,,,,,,,,,,,,,,,,,,,,,,,,,,,,,,,,,,,,
AK,wood,EIB44,Davis,2021,Alaska_EIB1_76_Diversity_Results,PID197,406,,161,161,181,181,253,253,238,252,89,89,180,196,205,205,129,141,152,152,116,118,165,183,102,92,125,125,103,103,118,118,167,167,229,231,190,194,181,181,113,115,158,160,91,91,90,90,141,145,146,146,87,89,191,195,103,103,147,158,142,168,146,148,166,172,89,95,92,95,165,177,150,150,172,180,106,106,108,108,77,83,260,262,103,89,143,143,124,124,236,238,160,160,128,130,252,252,142,142,155,159,136,136,151,153,,,,,,,,,,,,,,,,,,,,,,,,,,,,,,,,,,,,,,,,,,,,,,,,,,,,,,,,,
AK,wood,EIB41,Davis,2021,Alaska_EIB1_76_Diversity_Results,PID198,403,,161,173,181,191,253,253,232,252,87,89,180,180,205,205,129,129,152,152,116,116,183,183,102,102,123,129,103,103,104,104,167,167,229,231,190,194,179,179,108,115,156,158,89,91,90,90,141,145,150,150,87,91,191,195,101,101,147,160,142,142,140,142,166,176,85,89,92,94,165,177,150,150,174,174,106,110,108,108,81,81,260,262,103,103,143,143,124,124,228,238,154,154,130,132,252,252,142,142,155,155,134,136,145,151,,,,,,,,,,,,,,,,,,,,,,,,,,,,,,,,,,,,,,,,,,,,,,,,,,,,,,,,,
AK,wood,EIB48,Davis,2021,Alaska_EIB1_76_Diversity_Results,PID199,410,,161,165,181,191,253,253,232,252,87,89,180,184,205,205,129,129,152,152,116,118,175,183,102,98,125,129,103,103,120,120,167,167,229,229,188,194,179,187,108,115,154,158,91,91,102,90,145,147,146,150,87,89,191,191,101,103,147,158,166,168,127,148,166,176,89,95,91,91,167,177,140,150,174,176,110,110,100,108,83,85,262,262,93,97,143,143,124,132,228,238,154,154,130,132,252,252,142,142,155,159,134,134,145,151,,,,,,,,,,,,,,,,,,,,,,,,,,,,,,,,,,,,,,,,,,,,,,,,,,,,,,,,,
AK,wood,EIB43,Davis,2021,Alaska_EIB1_76_Diversity_Results,PID200,405,,161,161,181,181,249,253,238,252,87,89,180,180,205,205,129,149,152,152,116,118,183,183,102,98,129,129,103,103,104,104,167,167,231,233,194,194,187,187,108,115,156,158,89,91,90,90,141,141,146,150,87,87,191,191,101,95,158,158,142,166,142,142,166,178,89,89,91,92,167,175,146,150,172,180,112,112,108,108,77,81,260,260,103,103,143,143,124,124,228,238,154,154,128,130,252,252,142,148,153,155,136,136,151,153,,,,,,,,,,,,,,,,,,,,,,,,,,,,,,,,,,,,,,,,,,,,,,,,,,,,,,,,,
AK,wood,EIB11,Davis,2021,Alaska_EIB1_76_Diversity_Results,PID201,370,,161,165,181,181,253,253,238,252,87,89,180,194,205,205,129,129,152,152,116,116,165,175,102,104,129,129,103,103,114,114,167,167,229,229,190,190,179,187,108,115,154,158,89,91,90,90,141,147,150,150,87,89,191,191,101,101,158,162,158,158,127,127,166,170,89,89,91,92,167,177,140,150,174,174,110,110,104,104,81,85,262,262,93,93,143,143,124,132,238,238,154,154,130,132,252,252,142,142,153,155,134,136,145,145,,,,,,,,,,,,,,,,,,,,,,,,,,,,,,,,,,,,,,,,,,,,,,,,,,,,,,,,,
AK,wood,EIB42,Davis,2021,Alaska_EIB1_76_Diversity_Results,PID202,404,,161,169,177,181,253,253,238,238,89,89,184,196,205,211,129,149,152,152,114,116,175,183,102,98,125,129,103,104,120,120,167,167,227,231,190,194,181,187,108,115,158,160,89,89,102,90,141,141,148,150,87,87,191,191,101,95,158,158,166,166,142,142,172,176,85,89,91,92,167,173,146,150,176,180,112,112,104,104,77,83,260,260,103,93,143,143,124,132,238,238,144,144,128,130,252,252,142,142,155,157,136,136,151,153,,,,,,,,,,,,,,,,,,,,,,,,,,,,,,,,,,,,,,,,,,,,,,,,,,,,,,,,,
AK,wood,EIB46,Davis,2021,Alaska_EIB1_76_Diversity_Results,PID211,408,,161,161,181,181,253,253,252,254,87,89,180,196,205,205,141,143,146,152,118,118,165,175,104,96,125,125,103,103,104,120,167,167,229,229,190,194,181,187,108,113,158,158,91,91,90,90,141,145,146,150,87,89,189,195,101,103,147,147,142,168,142,142,170,176,89,89,91,92,173,173,146,150,174,176,106,112,100,108,83,83,260,260,85,97,143,143,124,132,228,238,154,154,128,130,252,252,142,142,155,155,136,138,145,151,,,,,,,,,,,,,,,,,,,,,,,,,,,,,,,,,,,,,,,,,,,,,,,,,,,,,,,,,
AK,wood,EIB14,Davis,2021,Alaska_EIB1_76_Diversity_Results,PID212,373,,159,161,181,181,241,253,232,238,81,89,184,196,205,205,129,129,146,166,116,116,165,175,102,104,123,125,103,103,104,104,167,167,227,229,190,194,179,187,113,115,158,160,89,91,102,90,141,141,146,150,87,89,189,191,95,95,158,158,144,144,127,142,166,172,89,89,91,91,167,167,146,150,172,182,110,112,104,104,77,81,262,262,103,93,143,143,126,132,224,238,144,154,114,130,252,252,142,148,155,157,136,136,151,151,,,,,,,,,,,,,,,,,,,,,,,,,,,,,,,,,,,,,,,,,,,,,,,,,,,,,,,,,
AK,wood,EIB9,Davis,2021,Alaska_EIB1_76_Diversity_Results,PID213,443,,159,169,181,191,253,253,238,252,81,87,184,184,207,211,141,143,152,152,116,118,165,175,104,104,129,129,103,104,118,118,167,167,227,229,194,194,187,187,113,115,158,160,89,89,90,90,141,141,146,150,87,87,191,191,101,95,160,170,142,168,140,146,172,174,89,89,91,92,167,177,150,150,172,174,110,112,108,108,83,83,262,262,103,93,143,143,132,132,224,228,144,154,130,132,250,252,142,142,155,155,136,136,145,145,,,,,,,,,,,,,,,,,,,,,,,,,,,,,,,,,,,,,,,,,,,,,,,,,,,,,,,,,
AK,wood,EIB10,Davis,2021,Alaska_EIB1_76_Diversity_Results,PID214,369,,165,165,181,181,253,269,232,252,81,85,180,180,201,211,129,141,146,146,116,118,165,183,104,104,125,129,103,103,114,120,167,167,229,229,188,194,179,187,115,115,158,160,89,91,102,90,141,141,150,150,87,89,189,191,95,95,158,161,158,158,142,142,166,174,85,85,91,92,167,173,140,146,172,176,106,112,100,108,77,81,256,262,93,97,143,143,122,124,228,236,152,154,114,132,252,252,142,142,155,159,136,136,151,153,,,,,,,,,,,,,,,,,,,,,,,,,,,,,,,,,,,,,,,,,,,,,,,,,,,,,,,,,
AK,wood,EIB3,Davis,2021,Alaska_EIB1_76_Diversity_Results,PID216,390,,161,165,181,181,253,269,232,232,85,89,180,180,201,211,129,129,146,152,108,118,175,183,104,104,125,129,103,103,120,120,161,167,227,233,188,194,179,181,113,115,154,158,89,91,102,90,141,147,150,150,87,89,191,195,101,95,147,158,158,158,142,142,172,174,89,89,92,92,167,167,150,150,172,176,112,112,108,108,77,81,256,262,93,97,143,143,132,132,228,236,152,154,132,132,250,252,142,148,155,155,136,136,151,153,,,,,,,,,,,,,,,,,,,,,,,,,,,,,,,,,,,,,,,,,,,,,,,,,,,,,,,,,
AK,wood,EIB8,Davis,2021,Alaska_EIB1_76_Diversity_Results,PID217,442,,161,169,181,181,253,253,232,238,89,89,180,180,201,211,129,149,152,164,116,116,175,183,104,92,125,129,103,103,118,118,167,167,225,231,194,194,179,179,108,113,156,158,89,91,102,90,141,141,150,150,87,89,191,191,95,95,158,158,142,144,142,146,166,172,89,95,91,95,165,167,150,150,172,178,106,112,108,108,77,77,260,262,103,93,143,143,124,132,228,238,154,160,130,132,252,252,142,142,155,159,134,136,145,151,,,,,,,,,,,,,,,,,,,,,,,,,,,,,,,,,,,,,,,,,,,,,,,,,,,,,,,,,
AK,wood,EIB7,Davis,2021,Alaska_EIB1_76_Diversity_Results,PID218,434,,165,169,181,191,253,269,238,252,85,89,180,196,205,205,129,129,146,146,108,114,175,175,102,96,125,125,103,103,114,118,161,167,227,233,190,190,179,187,108,115,156,158,89,89,90,90,135,141,148,150,87,89,189,191,101,101,158,158,158,166,142,142,172,174,85,89,91,91,167,177,140,150,174,176,106,112,100,104,77,83,260,262,103,103,143,143,124,124,228,238,144,154,130,132,252,252,142,142,155,157,136,136,145,153,,,,,,,,,,,,,,,,,,,,,,,,,,,,,,,,,,,,,,,,,,,,,,,,,,,,,,,,,
AK,wood,EIB27,Davis,2021,Alaska_EIB1_76_Diversity_Results,PID219,387,,159,169,181,191,253,253,232,232,85,89,196,196,205,211,129,129,152,166,114,116,165,175,102,104,125,129,103,103,104,120,167,167,227,227,190,190,179,187,108,115,156,160,89,91,102,102,135,141,146,148,87,89,191,191,101,95,158,158,144,166,127,142,166,172,89,89,91,92,167,173,146,150,176,182,112,112,104,108,81,85,260,262,103,93,143,143,124,132,238,238,144,156,114,130,252,252,142,148,155,157,136,136,151,153,,,,,,,,,,,,,,,,,,,,,,,,,,,,,,,,,,,,,,,,,,,,,,,,,,,,,,,,,
AK,wood,EIB26,Davis,2021,Alaska_EIB1_76_Diversity_Results,PID220,386,,161,161,181,191,249,269,232,252,81,89,180,180,205,205,129,129,146,152,116,118,165,183,102,96,125,129,103,103,120,120,161,167,229,231,188,194,179,181,113,115,156,158,89,89,102,90,141,141,148,148,87,87,189,191,101,103,158,158,142,144,127,127,166,172,89,89,91,92,165,167,150,150,176,178,106,112,100,100,77,83,260,262,103,103,143,143,124,124,228,228,152,152,130,132,252,252,142,142,155,159,134,136,145,151,,,,,,,,,,,,,,,,,,,,,,,,,,,,,,,,,,,,,,,,,,,,,,,,,,,,,,,,,
AK,wood,EIB25,Davis,2021,Alaska_EIB1_76_Diversity_Results,PID221,385,,161,161,181,191,249,253,232,252,85,89,196,196,205,211,141,149,152,152,114,118,183,183,102,104,125,129,103,103,104,120,167,167,225,229,190,190,181,181,113,115,158,158,89,91,102,102,141,141,148,150,87,87,191,191,101,89,147,158,166,168,142,142,166,176,89,89,91,92,173,173,150,150,172,174,112,112,108,108,83,85,260,260,103,89,143,143,124,132,236,238,156,160,128,130,252,252,142,142,155,155,136,136,151,153,,,,,,,,,,,,,,,,,,,,,,,,,,,,,,,,,,,,,,,,,,,,,,,,,,,,,,,,,
AK,wood,EIB24,Davis,2021,Alaska_EIB1_76_Diversity_Results,PID222,384,,161,161,181,181,253,253,238,254,89,89,180,180,205,215,129,143,152,152,116,118,165,183,102,92,125,125,103,103,120,120,167,167,227,231,190,194,179,181,113,113,156,160,89,89,102,90,141,145,150,150,87,87,191,191,101,95,147,158,142,144,127,148,166,166,89,89,91,91,165,177,150,150,172,172,106,112,108,108,77,83,262,262,103,85,143,143,124,132,236,238,154,160,128,130,252,252,142,148,155,155,136,136,153,153,,,,,,,,,,,,,,,,,,,,,,,,,,,,,,,,,,,,,,,,,,,,,,,,,,,,,,,,,
AK,wood,EIB23,Davis,2021,Alaska_EIB1_76_Diversity_Results,PID228,383,,161,165,181,191,253,269,232,238,85,89,180,180,205,207,129,129,146,152,118,118,165,175,104,96,125,129,103,103,120,120,167,167,227,229,190,194,187,187,115,115,154,158,89,91,102,90,141,141,146,148,87,89,191,195,95,95,147,158,158,168,127,142,166,174,85,89,91,95,167,173,150,150,172,176,106,106,108,108,77,83,262,262,103,103,143,143,132,132,224,236,152,154,114,132,250,252,142,142,155,155,136,136,145,145,,,,,,,,,,,,,,,,,,,,,,,,,,,,,,,,,,,,,,,,,,,,,,,,,,,,,,,,,
AK,wood,EIB22,Davis,2021,Alaska_EIB1_76_Diversity_Results,PID229,382,,161,165,181,191,253,269,232,238,89,89,180,196,205,205,129,129,146,152,116,118,165,183,102,96,129,129,103,103,120,120,161,167,227,233,188,188,179,187,115,115,156,158,89,91,90,90,141,147,150,150,87,87,191,191,101,95,158,158,144,166,142,142,172,174,85,89,91,92,167,173,140,150,176,176,112,112,108,108,77,83,260,262,103,97,143,143,124,132,224,238,152,156,114,130,252,252,142,142,155,157,136,136,151,153,,,,,,,,,,,,,,,,,,,,,,,,,,,,,,,,,,,,,,,,,,,,,,,,,,,,,,,,,
AK,wood,EIB15,Davis,2021,Alaska_EIB1_76_Diversity_Results,PID230,374,,159,161,181,191,253,269,232,252,85,89,180,196,205,211,129,129,146,152,114,118,165,175,104,96,125,129,103,103,114,120,167,167,227,233,190,190,179,179,108,115,158,160,89,91,102,90,135,141,148,150,89,89,189,191,101,101,158,158,144,166,127,142,172,174,89,89,91,91,167,173,146,150,176,176,112,112,100,108,77,85,262,262,103,103,143,143,132,132,224,238,154,156,130,132,252,252,142,148,155,157,136,136,151,151,,,,,,,,,,,,,,,,,,,,,,,,,,,,,,,,,,,,,,,,,,,,,,,,,,,,,,,,,
AK,wood,EIB20,Davis,2021,Alaska_EIB1_76_Diversity_Results,PID231,380,,165,165,181,181,269,269,252,252,81,89,180,184,201,201,129,141,146,152,116,118,165,183,104,96,125,125,103,103,120,120,161,167,229,233,188,188,179,179,115,115,158,160,89,91,102,90,141,147,150,150,87,89,189,191,101,95,158,161,144,158,127,142,174,174,85,89,91,92,167,173,140,150,174,176,106,106,100,100,77,77,256,262,97,97,143,143,124,132,224,228,152,152,114,114,252,252,142,142,155,159,136,136,145,153,,,,,,,,,,,,,,,,,,,,,,,,,,,,,,,,,,,,,,,,,,,,,,,,,,,,,,,,,
AK,wood,EIB19,Davis,2021,Alaska_EIB1_76_Diversity_Results,PID232,378,,161,165,181,181,253,269,238,252,89,89,180,180,201,201,129,129,146,152,118,118,165,183,104,104,125,125,103,103,114,118,161,167,229,233,188,194,181,187,113,115,156,158,89,89,90,90,141,147,146,150,87,89,191,195,101,103,158,158,158,158,127,142,172,174,85,85,91,95,167,177,140,146,174,178,106,106,100,108,77,77,260,262,103,103,143,143,124,132,228,238,152,160,114,130,252,252,142,142,155,159,136,136,145,151,,,,,,,,,,,,,,,,,,,,,,,,,,,,,,,,,,,,,,,,,,,,,,,,,,,,,,,,,
AK,wood,EIB18,Davis,2021,Alaska_EIB1_76_Diversity_Results,PID233,377,,161,161,181,181,249,269,232,238,81,89,180,180,201,205,129,129,146,152,108,116,165,183,102,96,125,125,103,103,114,114,167,167,229,229,190,194,179,179,113,115,156,158,89,91,90,90,141,147,148,150,87,89,189,191,101,95,158,158,142,144,127,142,166,166,89,89,91,92,167,167,150,150,172,176,106,106,100,108,77,83,260,262,103,97,143,143,124,132,224,238,152,154,130,132,252,252,142,148,155,155,136,136,151,153,,,,,,,,,,,,,,,,,,,,,,,,,,,,,,,,,,,,,,,,,,,,,,,,,,,,,,,,,
AK,wood,EIB56,Davis,2021,Alaska_EIB1_76_Diversity_Results,PID234,419,,161,161,181,181,249,269,232,252,81,89,184,184,201,205,129,129,152,166,108,116,175,175,104,104,125,129,103,103,104,114,161,167,229,233,188,194,179,179,113,115,154,158,89,93,102,90,141,147,150,150,87,87,189,191,101,99,158,158,144,166,127,127,172,174,85,89,91,92,167,173,148,150,172,174,106,112,100,108,77,77,262,262,103,103,143,143,122,132,228,238,152,154,114,130,252,252,142,142,153,155,136,136,145,151,,,,,,,,,,,,,,,,,,,,,,,,,,,,,,,,,,,,,,,,,,,,,,,,,,,,,,,,,
AK,wood,EIB17,Davis,2021,Alaska_EIB1_76_Diversity_Results,PID235,376,,161,161,181,181,249,253,232,254,89,89,180,180,201,205,129,143,152,152,116,116,165,183,104,92,125,125,103,103,120,120,167,167,227,231,194,194,179,181,113,115,156,160,89,91,102,90,141,145,146,150,87,87,191,195,103,95,147,158,142,144,127,142,166,172,85,89,91,91,165,165,150,150,172,178,106,112,108,108,77,83,260,262,103,103,143,143,124,124,236,238,154,160,130,130,252,252,142,148,155,159,136,136,145,153,,,,,,,,,,,,,,,,,,,,,,,,,,,,,,,,,,,,,,,,,,,,,,,,,,,,,,,,,
AK,wood,EIB21,Davis,2021,Alaska_EIB1_76_Diversity_Results,PID236,381,,161,169,181,181,253,253,232,254,89,89,180,196,205,211,129,149,152,152,114,118,175,183,102,102,125,125,103,103,118,118,167,167,227,227,190,190,181,181,108,113,158,160,89,89,102,90,135,145,150,150,87,87,191,191,101,101,147,158,144,166,127,142,166,172,89,89,91,92,165,173,150,150,172,174,112,112,104,104,83,83,260,262,103,93,143,143,124,132,236,238,144,160,128,130,252,252,142,142,155,155,136,136,153,153,,,,,,,,,,,,,,,,,,,,,,,,,,,,,,,,,,,,,,,,,,,,,,,,,,,,,,,,,
AK,wood,EIB16,Davis,2021,Alaska_EIB1_76_Diversity_Results,PID237,375,,159,161,181,191,253,253,232,252,85,89,180,196,205,211,129,129,152,166,114,116,175,175,102,104,125,129,103,103,104,114,167,167,227,229,190,190,179,187,108,115,156,158,89,91,102,90,141,147,148,150,87,89,191,191,101,95,158,162,144,158,127,127,170,172,89,89,92,92,167,173,140,146,174,176,110,112,104,108,81,85,260,262,103,93,143,143,132,132,238,238,144,154,130,132,252,252,142,148,155,155,136,136,145,153,,,,,,,,,,,,,,,,,,,,,,,,,,,,,,,,,,,,,,,,,,,,,,,,,,,,,,,,,
EINPW,wood,EIB129,Davis,2021,EIB77_773_Parks Canada_Results,88,448,,165,173,181,191,241,241,232,252,89,89,184,184,205,207,129,141,146,166,116,116,165,175,102,96,125,125,103,103,118,120,167,167,225,233,190,194,187,187,108,115,158,160,89,91,90,90,141,141,146,150,87,87,191,191,101,103,147,158,144,158,127,142,172,172,89,89,91,91,167,173,150,150,172,176,112,112,104,104,83,83,256,262,93,93,143,143,132,132,228,228,144,154,130,132,252,252,142,142,155,155,136,136,145,151,,,,,,,,,,,,,,,,,,,,,,,,,,,,,,,,,,,,,,,,,,,,,,,,,,,,,,,,,
EINPW,wood,EIB130,Davis,2021,EIB77_773_Parks Canada_Results,89,449,,165,165,181,181,253,269,232,238,87,89,196,196,207,215,129,129,152,166,116,118,165,183,102,104,125,129,103,103,104,118,167,167,225,229,190,194,187,187,113,115,156,158,89,89,102,102,141,147,146,148,87,87,189,189,103,95,158,162,142,144,140,148,170,178,89,89,95,95,167,177,140,146,174,178,112,112,104,108,77,81,260,262,89,97,143,143,124,124,228,228,154,160,130,130,246,252,142,148,155,155,136,140,151,153,,,,,,,,,,,,,,,,,,,,,,,,,,,,,,,,,,,,,,,,,,,,,,,,,,,,,,,,,
EINPW,wood,EIB131,Davis,2021,EIB77_773_Parks Canada_Results,90,450,,165,165,181,191,253,271,232,238,89,89,180,198,205,207,129,141,152,152,116,118,175,183,104,104,123,129,103,103,120,120,167,167,229,229,190,194,179,179,108,115,158,158,89,91,102,90,145,147,150,150,87,89,189,195,101,103,158,162,144,168,127,127,172,176,89,89,91,94,167,173,148,150,174,174,110,110,104,108,77,81,260,262,103,97,143,143,132,132,228,238,154,154,130,132,252,252,142,142,155,155,134,138,145,149,,,,,,,,,,,,,,,,,,,,,,,,,,,,,,,,,,,,,,,,,,,,,,,,,,,,,,,,,
EINPW,wood,EIB132,Davis,2021,EIB77_773_Parks Canada_Results,91,451,,161,161,181,181,253,253,232,252,87,89,180,196,211,211,129,149,152,152,108,118,183,183,102,104,125,125,103,103,104,120,167,167,225,231,190,194,179,179,115,115,156,158,91,93,102,90,135,141,148,150,87,89,189,195,101,95,158,170,166,166,140,142,170,176,89,89,91,91,173,177,150,150,172,174,110,112,108,108,77,81,260,262,93,93,143,143,132,132,224,238,144,154,128,132,252,252,142,142,155,157,134,138,151,151,,,,,,,,,,,,,,,,,,,,,,,,,,,,,,,,,,,,,,,,,,,,,,,,,,,,,,,,,
EINPW,wood,EIB133,Davis,2021,EIB77_773_Parks Canada_Results,92,452,,161,161,181,181,241,253,232,232,85,89,196,196,201,211,129,149,152,152,108,116,175,175,104,98,123,125,103,103,104,114,167,167,229,231,190,190,187,187,115,115,156,158,91,91,102,90,135,145,146,150,87,89,189,191,101,95,158,158,142,166,127,142,172,176,85,89,92,95,167,177,150,150,172,174,106,106,100,104,77,77,260,260,103,97,143,143,132,132,236,238,154,160,114,130,250,250,142,148,155,159,136,136,151,153,,,,,,,,,,,,,,,,,,,,,,,,,,,,,,,,,,,,,,,,,,,,,,,,,,,,,,,,,
EINPW,wood,EIB134,Davis,2021,EIB77_773_Parks Canada_Results,93,453,,161,165,181,191,253,253,232,238,89,89,180,196,205,205,129,149,152,166,108,118,165,175,102,92,125,129,103,103,114,114,167,167,229,231,190,194,181,187,115,115,158,160,89,91,88,90,141,141,150,150,91,91,191,191,101,103,160,162,144,144,142,148,172,176,83,89,91,92,167,173,150,150,174,182,110,112,104,104,83,85,262,262,103,97,143,143,124,124,228,238,144,160,130,130,250,252,142,148,153,159,136,136,145,147,,,,,,,,,,,,,,,,,,,,,,,,,,,,,,,,,,,,,,,,,,,,,,,,,,,,,,,,,
EINPW,wood,EIB135,Davis,2021,EIB77_773_Parks Canada_Results,114,454,,159,165,181,191,253,253,232,238,87,89,196,198,205,215,129,129,146,152,116,116,183,183,102,104,125,125,103,103,104,120,167,167,229,229,188,194,181,187,113,115,158,158,89,89,102,90,135,141,146,146,87,89,189,191,95,99,147,158,166,168,142,146,170,172,85,89,91,92,167,167,140,150,172,174,106,106,100,108,83,85,260,262,103,89,143,143,126,132,228,228,154,154,130,132,244,250,142,142,153,155,136,136,149,151,,,,,,,,,,,,,,,,,,,,,,,,,,,,,,,,,,,,,,,,,,,,,,,,,,,,,,,,,
EINPW,wood,EIB136,Davis,2021,EIB77_773_Parks Canada_Results,115,455,,161,169,181,181,241,253,232,252,81,89,184,196,207,211,141,149,146,154,116,116,175,183,104,92,125,129,103,103,104,104,161,167,225,231,190,194,179,179,113,115,158,160,91,93,90,90,135,141,150,150,87,89,189,195,101,101,158,158,168,168,142,142,170,172,89,95,91,91,177,177,146,150,172,174,112,112,108,108,81,83,260,262,103,89,143,143,122,132,228,228,144,154,130,132,252,252,142,142,155,157,136,138,151,153,,,,,,,,,,,,,,,,,,,,,,,,,,,,,,,,,,,,,,,,,,,,,,,,,,,,,,,,,
EINPW,wood,EIB137,Davis,2021,EIB77_773_Parks Canada_Results,116,456,,165,169,181,181,253,269,238,238,87,89,180,184,205,215,129,143,146,166,118,118,175,175,102,98,123,125,103,103,120,120,167,167,229,233,194,194,179,187,108,115,158,158,89,89,90,90,141,141,146,150,87,89,191,195,103,95,158,162,144,166,127,127,166,172,89,89,91,91,167,173,150,150,172,174,110,110,104,104,77,81,262,262,93,97,143,143,124,132,228,236,154,156,128,130,252,252,142,148,155,159,136,136,149,151,,,,,,,,,,,,,,,,,,,,,,,,,,,,,,,,,,,,,,,,,,,,,,,,,,,,,,,,,
EINPW,wood,EIB139,Davis,2021,EIB77_773_Parks Canada_Results,118,457,,161,169,181,181,249,269,238,238,89,89,184,196,207,211,129,129,152,164,116,118,175,175,102,98,125,125,103,103,120,120,167,167,229,229,190,194,179,179,115,115,156,156,89,91,90,90,135,141,150,150,87,87,191,191,101,95,158,160,158,166,142,148,170,172,85,89,91,92,173,173,150,150,172,174,106,112,104,104,77,83,260,262,85,89,143,143,132,132,228,236,144,160,114,130,252,252,142,142,155,157,134,136,151,153,,,,,,,,,,,,,,,,,,,,,,,,,,,,,,,,,,,,,,,,,,,,,,,,,,,,,,,,,
EINPW,wood,EIB140,Davis,2021,EIB77_773_Parks Canada_Results,119,458,,161,165,181,181,253,269,238,252,89,89,180,196,211,211,129,143,152,152,116,118,179,183,104,98,123,129,103,103,104,104,167,167,229,229,190,190,179,187,115,115,158,158,89,91,90,90,141,141,150,150,87,89,191,191,95,95,147,158,142,166,140,142,170,172,85,89,91,91,165,177,140,150,172,174,110,112,108,108,81,83,260,262,93,97,143,143,132,132,228,236,144,144,114,130,252,252,138,142,155,155,136,140,145,153,,,,,,,,,,,,,,,,,,,,,,,,,,,,,,,,,,,,,,,,,,,,,,,,,,,,,,,,,
EINPW,wood,EIB141,Davis,2021,EIB77_773_Parks Canada_Results,120,459,,161,165,177,191,253,253,232,238,85,89,180,180,211,215,129,143,152,152,116,116,179,179,104,98,125,129,103,103,120,120,167,167,229,229,190,190,181,187,113,115,158,158,89,91,102,90,141,145,148,150,87,89,189,191,101,99,158,160,144,166,127,148,170,176,85,89,91,91,167,173,140,150,172,176,106,112,108,108,83,83,260,262,103,97,143,143,132,132,224,238,154,160,130,130,252,252,142,142,155,157,136,138,151,151,,,,,,,,,,,,,,,,,,,,,,,,,,,,,,,,,,,,,,,,,,,,,,,,,,,,,,,,,
EINPW,wood,EIB142,Davis,2021,EIB77_773_Parks Canada_Results,121,460,,161,165,177,181,253,253,232,238,89,89,180,180,205,207,129,149,152,152,114,116,165,183,102,104,123,123,103,103,120,120,167,167,229,229,194,194,179,187,108,113,158,158,89,91,90,90,135,135,150,150,87,91,191,191,103,95,160,162,142,168,127,142,172,178,89,89,91,94,173,177,150,150,172,174,112,112,108,108,77,83,256,262,103,97,143,143,124,124,228,238,154,160,114,130,252,252,138,142,159,159,136,138,145,149,,,,,,,,,,,,,,,,,,,,,,,,,,,,,,,,,,,,,,,,,,,,,,,,,,,,,,,,,
EINPW,wood,EIB143,Davis,2021,EIB77_773_Parks Canada_Results,122,461,,161,165,181,181,253,253,232,232,89,89,196,196,205,205,129,129,152,166,108,116,175,183,102,102,129,129,103,103,114,120,167,167,233,233,190,194,179,187,113,115,158,160,89,91,90,90,141,141,146,150,87,87,191,191,103,95,160,162,144,166,140,142,166,166,83,89,92,94,167,177,150,150,174,174,110,110,104,108,83,83,262,262,93,97,143,143,132,132,228,228,144,154,130,132,252,252,142,148,155,159,134,136,147,153,,,,,,,,,,,,,,,,,,,,,,,,,,,,,,,,,,,,,,,,,,,,,,,,,,,,,,,,,
EINPW,wood,EIB144,Davis,2021,EIB77_773_Parks Canada_Results,123,462,,161,165,181,181,241,253,232,238,87,89,196,196,205,211,129,141,146,152,118,118,183,183,102,98,125,125,103,103,104,104,165,167,225,229,194,194,181,181,115,115,156,158,89,93,90,90,141,145,148,150,87,87,189,191,101,95,147,158,158,166,140,142,170,172,83,95,91,94,173,173,150,150,172,174,110,112,104,108,77,83,262,262,103,91,143,157,124,132,228,238,154,154,114,128,250,252,142,142,155,157,134,136,149,153,,,,,,,,,,,,,,,,,,,,,,,,,,,,,,,,,,,,,,,,,,,,,,,,,,,,,,,,,
EINPW,wood,EIB145,Davis,2021,EIB77_773_Parks Canada_Results,124,463,,165,169,181,191,253,253,238,252,85,89,184,194,205,211,129,129,146,152,116,118,175,183,96,98,125,129,103,103,118,118,167,167,229,229,188,190,181,187,113,115,158,158,89,91,90,90,141,147,148,150,87,89,191,195,101,103,158,162,166,168,127,148,170,172,85,89,91,94,167,177,140,140,174,176,106,112,108,108,83,85,262,262,93,97,143,143,124,132,228,228,154,154,114,130,252,252,142,142,155,157,136,136,151,153,,,,,,,,,,,,,,,,,,,,,,,,,,,,,,,,,,,,,,,,,,,,,,,,,,,,,,,,,
EINPW,wood,EIB146,Davis,2021,EIB77_773_Parks Canada_Results,125,464,,159,165,181,181,253,269,238,252,85,91,180,180,205,205,129,129,152,152,114,116,165,175,102,104,125,129,103,103,114,114,161,167,227,229,194,194,179,187,108,115,156,156,89,89,90,90,135,141,148,150,87,89,189,191,103,103,158,158,142,168,127,142,166,172,89,89,91,91,173,177,146,150,174,174,112,112,108,108,77,85,260,260,93,97,143,143,132,132,228,228,152,156,128,130,252,252,142,142,155,157,136,138,153,153,,,,,,,,,,,,,,,,,,,,,,,,,,,,,,,,,,,,,,,,,,,,,,,,,,,,,,,,,
EINPW,wood,EIB147,Davis,2021,EIB77_773_Parks Canada_Results,126,465,,161,173,181,191,253,253,238,238,89,89,180,180,205,211,129,149,152,152,116,118,183,183,104,104,125,129,103,103,120,120,167,167,229,229,190,194,187,187,115,115,158,160,89,91,90,90,141,141,146,150,87,89,189,191,101,99,160,160,142,166,127,142,170,176,85,89,91,92,173,177,150,150,172,172,106,112,108,108,77,83,260,262,103,97,143,143,124,124,224,224,158,160,130,132,252,252,142,148,155,155,136,136,151,153,,,,,,,,,,,,,,,,,,,,,,,,,,,,,,,,,,,,,,,,,,,,,,,,,,,,,,,,,
EINPW,wood,EIB148,Davis,2021,EIB77_773_Parks Canada_Results,127,466,,159,165,181,191,249,271,232,238,89,89,196,196,205,211,143,149,146,146,116,116,165,165,102,102,125,125,103,103,120,120,167,167,229,229,190,194,179,187,108,108,158,158,91,91,102,90,141,141,146,150,87,87,189,191,101,101,158,160,142,166,127,148,166,170,89,89,91,91,165,167,140,150,172,174,112,112,104,108,81,83,260,262,85,97,143,143,132,132,228,236,158,160,128,132,250,252,142,142,155,155,136,136,151,153,,,,,,,,,,,,,,,,,,,,,,,,,,,,,,,,,,,,,,,,,,,,,,,,,,,,,,,,,
EINPW,wood,EIB150,Davis,2021,EIB77_773_Parks Canada_Results,129,467,,159,173,181,181,253,253,232,232,89,89,180,194,207,211,129,141,152,152,116,118,165,183,102,102,123,125,103,103,104,104,167,167,227,227,188,188,187,187,113,115,154,158,89,93,102,90,135,145,146,150,87,89,191,195,101,101,147,158,158,166,140,142,172,172,85,95,91,94,167,173,150,150,172,172,112,90,104,104,83,83,260,262,93,93,143,143,124,124,236,236,154,154,130,132,252,252,138,148,157,159,136,136,145,145,,,,,,,,,,,,,,,,,,,,,,,,,,,,,,,,,,,,,,,,,,,,,,,,,,,,,,,,,
EINPW,wood,EIB151,Davis,2021,EIB77_773_Parks Canada_Results,130,468,,161,169,177,181,253,253,232,238,81,89,180,184,205,205,129,141,146,146,116,116,165,175,102,104,125,125,103,103,120,120,167,167,229,229,190,190,179,187,108,115,156,158,89,91,102,90,141,141,148,150,87,89,191,191,101,101,158,160,144,168,142,142,166,172,85,89,91,92,167,177,140,146,174,174,106,110,108,108,81,83,262,262,93,97,143,143,124,132,228,228,154,158,128,132,252,252,142,142,157,157,136,138,145,151,,,,,,,,,,,,,,,,,,,,,,,,,,,,,,,,,,,,,,,,,,,,,,,,,,,,,,,,,
EINPW,wood,EIB152,Davis,2021,EIB77_773_Parks Canada_Results,131,469,,161,165,181,191,253,253,232,238,87,89,180,196,211,211,129,129,152,152,116,118,183,183,104,98,125,129,103,103,104,104,167,167,225,229,190,190,179,187,115,115,156,158,89,93,102,102,141,141,146,150,87,89,195,195,101,99,158,162,166,166,142,142,170,170,85,89,91,91,177,177,140,150,172,172,106,110,108,108,77,83,260,260,103,93,143,143,124,132,224,228,154,160,128,132,252,252,142,142,155,155,134,136,151,151,,,,,,,,,,,,,,,,,,,,,,,,,,,,,,,,,,,,,,,,,,,,,,,,,,,,,,,,,
EINPW,wood,EIB153,Davis,2021,EIB77_773_Parks Canada_Results,132,470,,161,165,177,181,253,253,238,252,89,89,180,198,207,211,129,143,152,152,116,118,165,183,102,104,129,129,103,103,104,120,167,167,231,233,190,190,187,187,115,115,156,158,89,91,102,90,141,145,150,150,89,91,191,195,103,95,162,162,142,166,142,148,170,172,89,89,91,95,167,177,140,140,174,180,112,112,108,108,83,83,256,262,103,93,143,143,132,132,228,238,144,154,114,130,252,252,138,138,155,157,136,140,145,145,,,,,,,,,,,,,,,,,,,,,,,,,,,,,,,,,,,,,,,,,,,,,,,,,,,,,,,,,
EINPW,wood,EIB154,Davis,2021,EIB77_773_Parks Canada_Results,133,471,,161,165,181,181,241,269,232,238,87,89,180,198,205,215,141,141,146,166,116,118,175,183,98,98,125,129,103,103,114,120,167,167,227,229,190,194,179,187,113,115,158,158,89,91,90,90,135,141,150,150,87,89,191,191,101,95,158,158,142,144,127,142,166,170,89,95,91,91,167,177,150,150,172,174,110,112,100,108,77,81,262,262,93,93,143,143,124,132,236,238,154,154,130,130,252,252,142,148,155,157,136,138,151,151,,,,,,,,,,,,,,,,,,,,,,,,,,,,,,,,,,,,,,,,,,,,,,,,,,,,,,,,,
EINPW,wood,EIB155,Davis,2021,EIB77_773_Parks Canada_Results,134,472,,161,165,181,191,253,271,238,238,89,91,196,198,205,211,129,129,146,152,116,116,175,183,102,104,123,129,103,103,104,104,167,167,229,231,190,194,179,179,108,108,158,158,89,91,90,90,145,147,150,150,87,87,189,191,101,99,147,158,168,168,127,127,166,176,85,89,91,94,167,177,146,150,174,174,110,112,104,104,77,81,262,262,97,97,143,143,122,132,228,238,154,154,130,130,250,252,138,142,153,155,136,138,149,151,,,,,,,,,,,,,,,,,,,,,,,,,,,,,,,,,,,,,,,,,,,,,,,,,,,,,,,,,
EINPW,wood,EIB156,Davis,2021,EIB77_773_Parks Canada_Results,135,473,,161,165,177,181,253,271,238,238,89,91,180,198,205,215,129,129,152,152,116,118,175,179,104,98,129,129,103,103,120,120,167,167,229,231,194,194,179,187,108,113,156,160,89,91,102,90,141,145,150,150,87,87,191,195,101,95,147,147,144,168,142,142,166,176,85,95,91,94,173,173,150,150,174,182,106,110,108,108,81,81,262,262,103,93,143,143,124,124,224,238,154,154,130,132,250,252,142,142,155,155,136,138,153,153,,,,,,,,,,,,,,,,,,,,,,,,,,,,,,,,,,,,,,,,,,,,,,,,,,,,,,,,,
EINPW,wood,EIB157,Davis,2021,EIB77_773_Parks Canada_Results,136,474,,165,165,181,181,241,253,232,238,89,89,180,196,205,205,129,129,146,166,116,116,175,183,102,92,125,129,103,103,114,114,167,167,229,233,194,194,181,187,113,115,158,160,89,89,90,90,141,141,150,150,87,91,191,191,103,95,158,162,144,144,127,148,166,172,89,89,91,92,173,177,150,150,174,176,106,110,100,104,77,83,260,260,93,97,143,143,124,132,228,238,154,154,128,132,252,252,142,142,157,159,136,136,147,151,,,,,,,,,,,,,,,,,,,,,,,,,,,,,,,,,,,,,,,,,,,,,,,,,,,,,,,,,
EINPW,wood,EIB158,Davis,2021,EIB77_773_Parks Canada_Results,137,475,,165,165,181,181,253,269,232,238,89,89,180,180,205,211,129,141,146,152,116,118,175,175,102,102,125,125,103,103,114,120,167,167,229,229,194,194,187,187,113,115,156,160,91,91,102,90,135,141,150,150,87,87,189,191,103,95,147,162,142,166,127,142,166,178,89,89,91,95,177,177,140,150,172,172,110,112,108,108,77,83,260,260,103,93,143,143,132,132,228,228,152,154,130,132,246,252,142,148,157,159,136,138,149,151,,,,,,,,,,,,,,,,,,,,,,,,,,,,,,,,,,,,,,,,,,,,,,,,,,,,,,,,,
EINPW,wood,EIB159,Davis,2021,EIB77_773_Parks Canada_Results,138,476,,161,161,181,191,253,271,232,252,89,89,180,184,205,205,129,129,146,146,116,118,175,175,102,96,123,129,103,103,104,104,161,167,227,229,190,194,179,187,113,115,158,158,91,91,90,90,135,145,150,150,87,89,189,195,103,95,158,158,144,144,140,140,166,170,89,89,94,95,167,167,146,150,172,174,110,110,108,108,77,81,260,262,97,97,143,143,124,132,228,228,144,156,130,130,244,252,148,148,155,159,134,138,151,153,,,,,,,,,,,,,,,,,,,,,,,,,,,,,,,,,,,,,,,,,,,,,,,,,,,,,,,,,
EINPW,wood,EIB160,Davis,2021,EIB77_773_Parks Canada_Results,139,477,,159,161,181,191,249,249,232,238,87,89,184,196,205,211,129,149,146,152,114,116,183,183,102,98,125,125,103,103,104,120,167,167,229,229,190,194,179,187,115,115,158,160,91,91,88,90,141,145,150,150,87,87,191,191,101,95,162,170,166,166,127,140,170,170,89,89,91,92,167,167,148,150,174,174,106,112,104,108,77,83,260,260,103,103,143,143,132,132,236,238,154,154,132,132,252,252,142,142,157,157,136,138,151,153,,,,,,,,,,,,,,,,,,,,,,,,,,,,,,,,,,,,,,,,,,,,,,,,,,,,,,,,,
EINPW,wood,EIB161,Davis,2021,EIB77_773_Parks Canada_Results,140,478,,161,169,181,191,253,253,232,232,89,89,196,198,205,205,129,149,152,154,116,118,165,183,102,96,129,129,103,103,114,120,167,167,229,229,194,194,181,187,113,115,158,160,89,91,102,90,141,141,150,150,87,91,191,191,101,101,160,162,144,144,142,148,172,176,89,89,91,94,173,177,150,150,174,176,110,112,104,108,77,85,262,262,103,93,143,143,124,132,228,228,144,160,128,130,252,252,138,142,155,159,134,136,145,153,,,,,,,,,,,,,,,,,,,,,,,,,,,,,,,,,,,,,,,,,,,,,,,,,,,,,,,,,
EINPW,wood,EIB162,Davis,2021,EIB77_773_Parks Canada_Results,141,479,,161,165,181,181,253,269,232,232,89,89,180,180,205,205,129,141,152,166,116,116,175,183,92,98,125,125,103,104,104,120,167,167,227,229,194,194,179,187,108,113,156,160,89,89,102,102,135,141,150,150,87,89,189,191,101,95,162,162,144,166,127,142,170,172,89,89,92,95,167,173,146,150,174,174,110,110,108,108,81,83,260,262,93,93,143,143,124,132,238,238,154,154,130,132,252,252,138,142,153,155,134,138,153,153,,,,,,,,,,,,,,,,,,,,,,,,,,,,,,,,,,,,,,,,,,,,,,,,,,,,,,,,,
EINPW,wood,EIB163,Davis,2021,EIB77_773_Parks Canada_Results,142,480,,161,169,177,181,249,253,238,238,89,89,180,196,211,215,129,149,146,152,116,118,175,183,92,98,125,129,103,103,104,104,167,167,225,227,188,190,187,187,108,115,158,158,89,89,102,90,141,141,150,150,87,87,191,191,101,101,160,160,142,144,138,142,172,176,89,89,91,92,173,173,150,150,176,176,110,112,108,108,81,83,262,262,93,97,143,143,124,124,228,238,154,156,130,132,250,252,142,142,157,157,136,136,153,153,,,,,,,,,,,,,,,,,,,,,,,,,,,,,,,,,,,,,,,,,,,,,,,,,,,,,,,,,
EINPW,wood,EIB164,Davis,2021,EIB77_773_Parks Canada_Results,143,481,,161,161,177,181,249,253,238,238,89,89,180,180,205,205,129,149,166,166,116,118,183,183,102,98,129,129,103,103,104,114,167,167,229,233,194,194,179,179,108,115,154,160,89,91,90,90,141,141,150,150,87,87,191,191,103,103,158,160,166,168,127,127,170,176,85,89,91,91,167,173,140,150,174,176,106,112,104,108,83,83,260,262,103,93,143,143,124,124,228,228,154,160,128,134,252,252,142,148,155,155,134,140,145,151,,,,,,,,,,,,,,,,,,,,,,,,,,,,,,,,,,,,,,,,,,,,,,,,,,,,,,,,,
EINPW,wood,EIB165,Davis,2021,EIB77_773_Parks Canada_Results,144,482,,161,165,181,181,253,253,238,238,89,89,180,184,207,211,129,129,166,166,116,116,179,183,98,98,125,125,103,103,120,120,167,167,229,229,188,194,179,187,108,113,160,160,91,91,102,90,141,141,146,146,87,87,191,191,103,95,158,158,144,158,127,127,170,172,89,89,92,95,173,177,146,150,174,182,110,112,104,104,77,83,262,262,103,93,143,143,124,132,228,228,154,154,128,132,252,254,138,142,155,155,136,138,145,153,,,,,,,,,,,,,,,,,,,,,,,,,,,,,,,,,,,,,,,,,,,,,,,,,,,,,,,,,
EINPW,wood,EIB166,Davis,2021,EIB77_773_Parks Canada_Results,145,483,,161,161,181,191,253,269,238,252,89,89,180,196,201,207,129,129,146,152,116,118,175,183,102,102,125,129,103,103,104,120,167,167,227,231,194,194,179,187,108,108,158,158,93,93,88,90,135,135,150,150,89,89,189,191,101,103,158,158,142,166,140,140,172,178,89,95,92,92,167,177,150,150,172,176,110,110,108,108,81,83,260,262,103,93,143,143,132,132,228,228,154,160,128,130,252,252,142,142,155,155,136,136,151,151,,,,,,,,,,,,,,,,,,,,,,,,,,,,,,,,,,,,,,,,,,,,,,,,,,,,,,,,,
EINPW,wood,EIB167,Davis,2021,EIB77_773_Parks Canada_Results,146,484,,161,165,177,181,253,271,238,238,81,89,180,198,205,215,129,149,152,152,116,118,175,179,102,104,125,129,103,103,104,114,161,167,229,229,194,194,187,187,115,115,156,158,89,89,102,90,135,147,150,150,87,87,189,191,101,103,158,158,144,166,142,142,166,172,85,89,91,94,167,173,150,150,172,174,110,112,104,108,81,85,262,262,93,97,143,143,122,124,228,228,144,154,114,130,250,252,142,150,155,159,134,138,149,153,,,,,,,,,,,,,,,,,,,,,,,,,,,,,,,,,,,,,,,,,,,,,,,,,,,,,,,,,
EINPW,wood,EIB168,Davis,2021,EIB77_773_Parks Canada_Results,147,485,,161,173,191,191,253,253,238,254,89,89,180,180,207,215,129,141,152,152,116,118,183,183,104,98,125,129,103,103,104,114,167,167,229,233,188,190,187,187,113,115,158,160,89,89,102,90,141,141,146,150,87,89,189,195,101,103,158,160,142,166,142,148,170,172,83,95,91,94,167,177,150,150,172,176,106,112,104,108,83,83,260,262,103,91,143,143,124,124,224,228,154,160,130,130,252,252,142,142,153,155,134,138,151,151,,,,,,,,,,,,,,,,,,,,,,,,,,,,,,,,,,,,,,,,,,,,,,,,,,,,,,,,,
EINPW,wood,EIB169,Davis,2021,EIB77_773_Parks Canada_Results,148,486,,161,165,177,181,253,253,232,232,89,89,180,198,205,215,141,149,152,152,116,116,165,165,102,92,125,125,103,103,104,104,167,167,227,229,190,194,179,181,115,115,154,156,91,93,102,90,135,145,148,150,87,87,189,191,101,103,158,160,142,166,127,140,166,170,85,85,91,95,167,175,140,150,176,180,110,112,108,108,83,83,256,260,103,97,143,143,124,132,238,238,154,154,130,130,252,252,142,142,155,155,136,136,145,145,,,,,,,,,,,,,,,,,,,,,,,,,,,,,,,,,,,,,,,,,,,,,,,,,,,,,,,,,
EINPW,wood,EIB170,Davis,2021,EIB77_773_Parks Canada_Results,149,487,,161,165,181,181,253,269,232,238,81,87,180,196,205,207,129,129,146,146,118,118,175,183,98,98,125,125,103,103,104,104,167,167,227,229,194,194,179,181,115,115,158,158,89,89,90,90,141,145,150,150,87,89,191,191,103,95,158,158,142,168,127,148,166,172,89,89,91,92,167,177,140,150,174,176,110,110,108,108,77,85,262,262,89,97,143,143,132,132,236,238,154,156,128,130,252,252,142,142,155,157,136,136,149,151,,,,,,,,,,,,,,,,,,,,,,,,,,,,,,,,,,,,,,,,,,,,,,,,,,,,,,,,,
EINPW,wood,EIB171,Davis,2021,EIB77_773_Parks Canada_Results,85014,488,,173,173,181,181,253,253,232,232,85,89,180,180,205,205,129,129,146,154,116,116,165,175,96,96,123,129,103,103,104,104,167,167,229,233,190,190,179,187,113,115,156,158,89,91,90,90,135,141,150,150,89,89,191,191,101,103,147,162,166,166,142,142,172,172,89,89,92,92,177,177,150,150,174,174,106,110,104,104,77,81,262,262,89,91,143,143,126,132,228,228,144,154,130,130,244,244,138,138,157,157,138,138,145,149,,,,,,,,,,,,,,,,,,,,,,,,,,,,,,,,,,,,,,,,,,,,,,,,,,,,,,,,,
EINPW,wood,EIB172,Davis,2021,EIB77_773_Parks Canada_Results,85026,489,,161,165,181,191,253,269,238,238,89,89,180,180,205,215,129,129,152,152,116,116,175,183,102,98,129,129,103,103,114,120,167,167,225,229,194,194,187,187,113,113,158,158,91,91,90,90,141,145,150,150,87,89,195,195,101,103,162,162,168,168,142,142,166,176,89,89,91,95,167,177,146,150,174,178,112,112,108,108,83,83,260,262,103,103,143,143,124,124,228,238,154,160,114,130,252,252,138,142,153,155,136,140,151,153,,,,,,,,,,,,,,,,,,,,,,,,,,,,,,,,,,,,,,,,,,,,,,,,,,,,,,,,,
EINPW,wood,EIB125,Davis,2021,EIB77_773_Parks Canada_Results,Collar 1,444,,165,169,181,181,253,253,232,238,87,89,180,184,201,205,129,141,146,166,116,116,183,183,92,98,125,129,103,103,104,104,167,167,225,227,188,194,187,187,108,115,158,160,89,89,102,90,135,141,150,150,87,87,191,191,101,103,160,162,144,158,127,138,170,172,89,89,92,95,167,167,150,150,174,174,110,90,106,108,81,83,260,260,93,93,143,143,124,124,236,238,154,154,130,130,252,252,142,142,155,157,134,138,153,153,,,,,,,,,,,,,,,,,,,,,,,,,,,,,,,,,,,,,,,,,,,,,,,,,,,,,,,,,
EINPW,wood,EIB126,Davis,2021,EIB77_773_Parks Canada_Results,Collar 2,445,,161,169,181,191,249,253,238,252,89,89,180,196,205,207,129,141,146,146,116,118,165,175,102,96,123,125,103,103,120,120,167,167,229,233,190,194,179,179,113,115,158,158,89,91,90,90,141,141,150,150,87,87,189,191,95,95,162,162,142,166,127,142,170,170,89,95,91,92,167,173,150,150,174,174,112,112,104,108,81,83,260,260,91,93,143,143,132,132,228,236,156,160,130,132,252,252,142,142,155,157,134,138,151,151,,,,,,,,,,,,,,,,,,,,,,,,,,,,,,,,,,,,,,,,,,,,,,,,,,,,,,,,,
EINPW,wood,EIB127,Davis,2021,EIB77_773_Parks Canada_Results,Collar 3,446,,161,161,181,181,241,253,232,252,89,89,180,196,205,205,129,141,146,146,116,116,175,183,102,104,123,125,103,103,104,104,167,167,227,229,190,194,179,179,113,115,158,158,91,93,90,90,141,145,146,150,89,89,191,195,101,101,158,158,144,168,127,148,166,176,89,95,94,95,167,173,148,150,172,172,110,112,108,108,81,83,256,260,103,103,143,143,124,132,228,238,154,160,130,132,252,252,142,148,155,159,134,136,151,151,,,,,,,,,,,,,,,,,,,,,,,,,,,,,,,,,,,,,,,,,,,,,,,,,,,,,,,,,
EINPW,wood,EIB128,Davis,2021,EIB77_773_Parks Canada_Results,Collar 4,447,,161,161,177,191,253,253,232,232,89,89,180,184,215,215,129,129,152,166,116,118,175,179,102,98,125,129,103,103,104,120,161,167,229,233,194,194,181,187,115,115,158,160,89,91,90,90,141,141,146,150,87,91,191,191,101,101,147,158,142,166,127,127,170,172,89,89,91,95,167,173,150,150,174,174,112,112,104,108,83,83,262,262,93,97,143,143,126,132,228,228,156,156,114,114,250,252,138,142,155,157,136,140,153,153,,,,,,,,,,,,,,,,,,,,,,,,,,,,,,,,,,,,,,,,,,,,,,,,,,,,,,,,,
EINPW,wood,EIB173,Davis,2021,EIB77_773_Parks Canada_Results,L27599,490,,161,165,181,181,253,253,238,252,87,89,180,184,201,207,129,129,146,146,116,118,165,183,102,92,125,129,103,103,120,120,167,167,227,229,188,190,179,181,108,115,154,158,89,89,102,90,135,141,146,150,87,91,189,191,95,95,158,162,158,166,142,148,166,170,89,89,91,91,167,177,148,150,174,176,106,112,108,108,77,81,260,262,103,93,143,143,124,132,236,238,154,158,130,132,250,252,148,148,155,155,136,138,149,153,,,,,,,,,,,,,,,,,,,,,,,,,,,,,,,,,,,,,,,,,,,,,,,,,,,,,,,,,
EINPW,wood,EIB174,Davis,2021,EIB77_773_Parks Canada_Results,R87001,491,,161,173,181,181,269,269,232,232,85,89,180,180,205,205,129,129,146,154,116,118,165,175,102,104,123,129,103,103,104,104,167,167,229,229,194,194,179,179,108,115,156,156,89,89,90,90,141,141,150,150,87,89,189,191,101,103,160,161,168,168,142,148,172,172,85,89,91,95,167,177,148,150,174,182,110,112,108,108,77,83,260,262,103,97,143,143,122,132,228,228,154,154,128,134,244,252,142,148,151,155,134,138,145,153,,,,,,,,,,,,,,,,,,,,,,,,,,,,,,,,,,,,,,,,,,,,,,,,,,,,,,,,,
EINPW,wood,EIB175,Davis,2021,EIB77_773_Parks Canada_Results,R87029,492,,161,161,177,181,253,253,238,238,89,89,196,198,205,211,129,129,150,152,116,118,183,183,102,102,129,129,103,103,120,120,167,167,227,229,190,190,181,187,113,113,158,158,89,93,90,90,141,141,150,150,87,91,189,191,103,103,158,162,142,144,140,142,166,166,89,89,91,92,175,175,140,150,174,174,106,112,100,100,83,83,262,262,97,97,143,143,124,132,228,228,144,154,128,130,252,252,142,142,155,159,134,134,145,149,,,,,,,,,,,,,,,,,,,,,,,,,,,,,,,,,,,,,,,,,,,,,,,,,,,,,,,,,
EINPW,wood,EIB176,Davis,2021,EIB77_773_Parks Canada_Results,W79001,493,,161,161,181,191,253,253,238,252,87,89,180,184,205,207,129,129,152,152,116,118,175,183,102,102,125,129,103,103,114,118,167,167,227,229,190,194,187,187,115,115,158,160,89,89,90,90,141,141,150,150,87,91,189,191,103,95,160,160,142,166,142,148,170,172,89,95,91,92,173,175,150,150,172,174,112,112,104,108,77,83,262,262,103,97,143,143,132,132,228,238,144,160,128,132,252,252,142,142,155,155,134,138,145,145,,,,,,,,,,,,,,,,,,,,,,,,,,,,,,,,,,,,,,,,,,,,,,,,,,,,,,,,,
EINPW,wood,EIB177,Davis,2021,EIB77_773_Parks Canada_Results,W83035,494,,165,173,181,181,253,253,232,238,89,89,196,196,205,205,129,141,152,154,116,116,165,183,102,102,129,129,103,104,114,120,167,167,229,229,188,194,187,187,115,115,158,158,89,91,102,90,141,141,148,150,87,87,191,191,101,95,158,162,142,166,127,148,170,176,89,95,92,95,167,173,148,150,174,174,112,112,104,104,77,81,262,262,103,97,143,143,132,132,228,238,154,154,130,130,252,252,142,148,155,155,136,136,151,153,,,,,,,,,,,,,,,,,,,,,,,,,,,,,,,,,,,,,,,,,,,,,,,,,,,,,,,,,
EINPW,wood,EIB178,Davis,2021,EIB77_773_Parks Canada_Results,W84001,495,,161,161,181,181,253,271,238,238,87,89,184,196,205,205,129,149,146,152,118,118,175,179,98,98,125,129,103,103,104,118,167,167,225,233,194,194,179,187,108,113,156,156,89,91,102,90,141,145,150,150,87,87,191,191,101,95,158,160,144,166,138,142,166,172,85,89,91,91,167,167,150,150,174,174,110,112,104,108,83,83,256,262,103,91,143,143,132,132,236,238,144,154,130,132,252,252,142,148,155,157,136,138,151,151,,,,,,,,,,,,,,,,,,,,,,,,,,,,,,,,,,,,,,,,,,,,,,,,,,,,,,,,,
EINPW,wood,EIB179,Davis,2021,EIB77_773_Parks Canada_Results,W84003,496,,165,169,191,191,253,253,252,252,89,89,180,180,201,207,129,131,146,146,116,116,165,175,104,92,129,129,103,103,118,120,167,167,227,231,188,194,187,187,115,115,154,160,89,91,102,90,141,147,150,150,87,87,195,195,95,95,158,162,158,168,127,142,166,172,89,95,91,95,173,173,150,150,172,174,106,112,104,108,81,83,262,262,101,103,143,143,124,132,228,236,154,154,130,130,250,252,138,142,155,155,136,138,153,153,,,,,,,,,,,,,,,,,,,,,,,,,,,,,,,,,,,,,,,,,,,,,,,,,,,,,,,,,
EINPW,wood,EIB180,Davis,2021,EIB77_773_Parks Canada_Results,WR86013,497,,169,173,181,191,241,253,232,238,87,89,180,180,201,205,129,129,152,152,114,118,165,175,102,98,125,125,103,103,118,120,167,167,225,229,188,194,179,181,108,115,158,160,89,89,90,90,135,145,150,150,87,89,189,191,101,103,147,162,144,158,127,142,172,172,89,89,91,95,167,173,146,150,174,176,106,112,100,108,77,77,262,262,93,93,143,143,124,132,228,238,144,154,114,130,252,252,142,148,155,155,134,136,151,153,,,,,,,,,,,,,,,,,,,,,,,,,,,,,,,,,,,,,,,,,,,,,,,,,,,,,,,,,
EINPW,wood,EIB181,Davis,2021,EIB77_773_Parks Canada_Results,WR86015,498,,161,161,181,181,249,269,232,252,89,91,180,180,205,205,129,149,152,152,116,118,175,175,104,92,123,125,103,103,114,114,167,167,227,227,190,190,181,187,115,115,156,158,89,91,90,90,141,145,146,148,87,87,189,191,103,95,158,160,142,142,127,140,166,172,89,89,91,91,167,173,146,150,174,176,112,112,108,108,83,83,262,262,93,97,143,143,124,132,228,236,154,160,128,130,252,252,142,148,157,157,136,136,151,153,,,,,,,,,,,,,,,,,,,,,,,,,,,,,,,,,,,,,,,,,,,,,,,,,,,,,,,,,
EINPW,wood,EIB182,Davis,2021,EIB77_773_Parks Canada_Results,WR86017,499,,161,165,181,181,253,269,238,238,81,89,180,180,201,211,129,129,152,154,116,118,175,183,102,102,125,129,103,103,114,120,167,167,227,229,190,194,179,187,108,108,158,158,89,89,90,90,145,147,150,150,87,89,191,191,101,101,158,158,142,144,127,142,172,174,85,89,91,94,167,173,150,150,172,174,112,112,108,108,81,85,260,262,103,93,143,143,124,132,228,228,152,154,114,130,250,252,142,142,155,159,136,136,145,151,,,,,,,,,,,,,,,,,,,,,,,,,,,,,,,,,,,,,,,,,,,,,,,,,,,,,,,,,
EINPW,wood,EIB183,Davis,2021,EIB77_773_Parks Canada_Results,WR86024,500,,173,173,181,181,241,249,232,238,89,89,180,180,205,211,129,143,152,152,116,116,179,183,102,92,129,129,103,103,104,120,167,167,229,231,194,194,179,181,113,115,156,158,91,91,102,90,135,141,148,150,89,89,191,191,101,101,158,161,166,168,142,142,166,166,89,89,91,94,167,173,150,150,174,178,112,112,104,108,83,83,262,262,93,93,143,143,124,124,228,228,154,154,132,132,252,252,138,142,153,155,136,136,145,151,,,,,,,,,,,,,,,,,,,,,,,,,,,,,,,,,,,,,,,,,,,,,,,,,,,,,,,,,
EINPW,wood,EIB184,Davis,2021,EIB77_773_Parks Canada_Results,WR86028,501,,161,173,181,191,253,253,232,238,85,89,180,184,205,207,129,129,146,152,116,118,175,183,102,104,123,129,103,103,104,114,167,167,229,233,190,194,179,181,115,115,158,158,89,91,90,90,135,141,146,150,87,89,189,191,103,95,147,158,166,168,142,142,166,172,85,89,91,94,167,177,140,150,174,180,110,110,104,104,81,83,260,262,89,97,143,143,124,132,228,236,154,160,130,130,252,252,138,142,155,157,136,136,145,151,,,,,,,,,,,,,,,,,,,,,,,,,,,,,,,,,,,,,,,,,,,,,,,,,,,,,,,,,
EINPW,wood,EIB185,Davis,2021,EIB77_773_Parks Canada_Results,WR87005,502,,161,173,181,191,253,253,232,252,89,89,194,196,205,205,129,149,152,166,116,118,183,183,104,98,125,129,103,103,104,104,167,167,229,229,190,194,181,187,115,115,158,158,89,89,90,90,145,145,148,150,87,87,189,191,95,95,147,158,144,144,127,146,170,172,89,89,91,92,173,177,150,150,172,174,106,110,104,104,81,83,256,260,97,97,143,143,132,132,228,238,156,160,128,130,250,252,142,142,155,159,136,136,145,153,,,,,,,,,,,,,,,,,,,,,,,,,,,,,,,,,,,,,,,,,,,,,,,,,,,,,,,,,
EINPW,wood,EIB186,Davis,2021,EIB77_773_Parks Canada_Results,WR87006,503,,165,169,177,181,253,253,232,238,85,87,180,180,201,207,129,141,146,152,116,116,175,183,104,96,123,129,103,103,104,120,167,167,229,229,190,190,179,187,113,115,158,158,89,91,90,90,135,141,150,150,89,91,189,191,101,103,147,160,142,166,140,142,170,172,85,89,92,92,177,177,150,150,174,174,110,112,104,108,83,83,262,262,91,93,143,143,126,132,228,228,154,154,130,132,252,252,138,138,155,157,136,136,151,153,,,,,,,,,,,,,,,,,,,,,,,,,,,,,,,,,,,,,,,,,,,,,,,,,,,,,,,,,
EINPW,wood,EIB187,Davis,2021,EIB77_773_Parks Canada_Results,WR87009,504,,161,165,181,181,269,269,232,252,81,87,184,184,205,207,129,149,146,152,118,118,179,183,104,96,125,129,103,104,104,104,161,167,229,233,188,194,179,187,115,115,158,160,89,91,102,90,141,145,146,150,87,87,191,191,101,101,147,158,144,166,127,142,166,170,85,89,92,95,167,173,146,146,174,174,110,112,104,104,83,85,260,262,103,89,143,143,124,132,224,228,154,160,122,130,252,252,148,148,153,155,136,136,145,153,,,,,,,,,,,,,,,,,,,,,,,,,,,,,,,,,,,,,,,,,,,,,,,,,,,,,,,,,
EINPW,wood,EIB188,Davis,2021,EIB77_773_Parks Canada_Results,WR87010,505,,161,165,181,181,249,253,232,232,89,89,184,196,207,211,129,141,152,152,116,116,175,183,104,98,123,129,103,103,120,120,167,167,229,229,190,190,179,187,113,115,158,158,89,91,102,90,141,147,150,150,87,89,189,191,103,95,158,158,142,168,142,142,172,176,89,95,91,91,173,177,146,150,174,174,112,112,104,108,77,83,260,262,93,93,143,143,132,132,228,228,144,154,130,132,252,252,138,142,155,155,136,136,153,153,,,,,,,,,,,,,,,,,,,,,,,,,,,,,,,,,,,,,,,,,,,,,,,,,,,,,,,,,
EINPW,wood,EIB189,Davis,2021,EIB77_773_Parks Canada_Results,WR87012,506,,161,161,181,181,253,253,232,254,87,89,180,184,205,205,129,143,146,152,118,118,175,183,102,102,123,129,103,103,118,120,167,167,229,229,188,194,179,187,113,115,158,158,89,91,88,90,135,141,150,150,87,89,191,195,101,103,160,160,166,168,142,142,170,172,89,89,92,95,173,177,150,150,174,174,110,110,104,104,83,83,260,262,103,93,143,143,132,132,224,228,154,154,130,132,252,252,142,142,153,155,136,138,145,145,,,,,,,,,,,,,,,,,,,,,,,,,,,,,,,,,,,,,,,,,,,,,,,,,,,,,,,,,
EINPW,wood,EIB190,Davis,2021,EIB77_773_Parks Canada_Results,WR87013,507,,165,165,177,191,253,253,232,252,85,87,180,184,205,205,129,143,146,152,116,118,183,183,102,98,125,129,103,103,118,120,161,167,229,229,190,194,187,187,113,115,158,158,91,91,90,90,141,141,150,150,87,89,189,195,95,95,158,160,166,168,142,146,172,172,89,95,91,95,177,177,150,150,172,174,112,112,100,104,81,83,262,262,103,93,143,143,124,132,224,228,154,156,132,132,250,252,138,142,155,155,136,136,153,153,,,,,,,,,,,,,,,,,,,,,,,,,,,,,,,,,,,,,,,,,,,,,,,,,,,,,,,,,
EINPW,wood,EIB191,Davis,2021,EIB77_773_Parks Canada_Results,WR87017,508,,161,165,181,181,253,253,238,252,89,89,184,196,205,205,129,129,152,166,118,118,165,165,102,102,125,129,103,104,120,120,167,167,229,229,194,194,179,187,108,115,154,158,89,89,102,90,141,141,146,150,87,87,191,191,95,95,158,162,166,166,127,142,176,178,89,95,92,92,173,173,146,148,172,174,106,112,104,108,77,81,262,262,93,97,143,143,122,132,238,238,154,154,122,130,252,252,142,148,155,155,136,136,151,153,,,,,,,,,,,,,,,,,,,,,,,,,,,,,,,,,,,,,,,,,,,,,,,,,,,,,,,,,
EINPW,wood,EIB192,Davis,2021,EIB77_773_Parks Canada_Results,WR87018,509,,161,161,177,181,253,253,232,252,87,89,180,184,211,215,129,129,152,152,116,116,165,183,102,102,129,129,103,103,120,120,161,167,229,229,188,194,181,181,113,115,160,160,91,93,90,90,141,141,146,150,89,91,189,195,101,95,158,162,158,166,140,146,172,174,89,89,91,91,167,173,150,150,172,174,110,112,108,108,81,83,262,262,103,85,143,145,132,132,228,238,154,154,114,130,250,252,138,142,155,155,136,140,151,153,,,,,,,,,,,,,,,,,,,,,,,,,,,,,,,,,,,,,,,,,,,,,,,,,,,,,,,,,
EINPW,wood,EIB193,Davis,2021,EIB77_773_Parks Canada_Results,WR87019,510,,165,173,181,181,253,253,232,238,87,91,180,180,211,215,129,141,146,166,116,116,175,183,98,98,123,125,103,103,104,104,167,167,229,231,190,194,179,187,113,113,158,158,89,91,102,90,145,145,150,150,87,87,191,193,101,95,158,158,144,166,140,142,170,172,89,89,91,92,167,177,146,150,174,176,110,112,104,104,77,83,260,262,89,93,143,143,132,132,228,238,152,154,128,130,244,250,142,142,155,157,136,138,151,153,,,,,,,,,,,,,,,,,,,,,,,,,,,,,,,,,,,,,,,,,,,,,,,,,,,,,,,,,
EINPW,wood,EIB194,Davis,2021,EIB77_773_Parks Canada_Results,WR87020,511,,165,169,181,181,253,253,238,238,85,89,196,196,201,211,129,129,146,164,116,116,175,175,102,104,129,129,103,103,104,114,167,167,225,229,188,194,179,179,113,113,158,158,89,91,90,90,135,145,150,150,87,87,189,189,101,95,158,158,142,158,127,142,170,172,89,89,91,91,167,173,150,150,172,172,106,110,108,108,77,83,260,262,93,97,143,143,124,132,228,228,154,156,130,130,252,252,142,142,155,155,134,134,151,153,,,,,,,,,,,,,,,,,,,,,,,,,,,,,,,,,,,,,,,,,,,,,,,,,,,,,,,,,
EINPW,wood,EIB195,Davis,2021,EIB77_773_Parks Canada_Results,WR87023,512,,161,161,181,191,253,271,252,252,89,89,180,194,205,211,129,149,152,152,118,118,175,183,102,98,125,125,103,103,104,104,167,167,231,231,190,194,181,181,108,115,158,158,89,93,90,90,141,141,150,150,87,87,191,191,101,95,158,160,142,144,127,148,166,172,89,89,91,92,167,177,140,150,172,180,106,110,108,108,81,83,256,260,103,97,143,143,132,132,228,236,152,154,128,132,250,252,142,142,155,155,136,136,145,149,,,,,,,,,,,,,,,,,,,,,,,,,,,,,,,,,,,,,,,,,,,,,,,,,,,,,,,,,
EINPW,wood,EIB196,Davis,2021,EIB77_773_Parks Canada_Results,WR87035,513,,161,173,181,181,241,253,232,252,89,89,184,184,205,211,129,143,146,146,116,116,175,179,104,98,125,125,103,103,118,118,167,167,229,229,190,190,187,187,115,115,156,160,89,91,90,90,141,141,150,150,87,87,191,195,101,101,158,162,166,168,140,142,172,172,85,95,91,91,177,177,150,150,174,176,106,106,104,104,83,83,260,262,103,93,143,143,124,132,224,238,156,156,114,132,252,252,142,142,155,155,136,138,149,151,,,,,,,,,,,,,,,,,,,,,,,,,,,,,,,,,,,,,,,,,,,,,,,,,,,,,,,,,
EINPW,wood,EIB197,Davis,2021,EIB77_773_Parks Canada_Results,WR87037,514,,161,165,181,181,253,269,232,238,85,89,180,180,205,215,129,129,152,154,116,116,165,175,98,98,129,129,103,103,114,122,167,167,227,229,194,194,179,187,113,115,156,158,89,91,90,90,141,145,150,150,87,89,191,191,101,101,158,160,166,168,142,148,172,172,85,89,91,91,167,177,150,150,174,174,110,112,108,108,77,83,262,262,103,97,143,143,124,132,228,228,160,160,130,130,252,254,138,142,155,155,136,138,145,153,,,,,,,,,,,,,,,,,,,,,,,,,,,,,,,,,,,,,,,,,,,,,,,,,,,,,,,,,
EINPW,wood,EIB198,Davis,2021,EIB77_773_Parks Canada_Results,WR87039,515,,159,165,181,181,253,253,238,238,85,89,180,194,205,205,129,129,146,150,114,116,165,175,102,102,125,125,103,103,104,104,167,167,225,229,190,194,179,181,108,108,158,158,89,89,90,90,141,141,150,150,87,89,191,191,101,95,158,158,142,168,146,148,172,172,89,89,91,91,167,177,140,150,172,174,106,112,108,108,77,77,262,262,93,93,143,143,132,132,228,238,152,156,130,132,250,252,142,148,155,159,136,136,145,153,,,,,,,,,,,,,,,,,,,,,,,,,,,,,,,,,,,,,,,,,,,,,,,,,,,,,,,,,
EINPW,wood,EIB199,Davis,2021,EIB77_773_Parks Canada_Results,WR87040,516,,161,169,181,191,249,253,232,252,89,89,180,180,207,211,129,149,152,152,116,118,179,183,102,92,123,125,103,103,104,120,167,167,227,227,188,194,179,187,113,115,154,158,89,93,102,90,135,135,148,150,87,87,191,191,101,95,158,158,142,168,140,142,172,172,89,89,91,91,173,173,148,150,172,172,110,112,104,108,83,83,260,262,103,93,143,143,124,132,228,236,154,154,130,132,250,252,142,142,155,155,138,138,145,153,,,,,,,,,,,,,,,,,,,,,,,,,,,,,,,,,,,,,,,,,,,,,,,,,,,,,,,,,
EINPW,wood,EIB201,Davis,2021,EIB77_773_Parks Canada_Results,WR88006,517,,161,161,177,181,253,269,238,252,87,87,180,194,205,205,129,141,152,152,116,116,183,183,102,102,129,129,103,103,114,120,167,167,229,229,190,190,187,187,115,115,158,158,89,91,90,90,141,141,150,150,87,91,189,191,103,95,160,160,142,142,142,148,172,176,89,89,92,92,175,177,140,150,172,174,110,112,100,108,77,77,262,262,97,97,143,143,132,132,238,238,154,160,128,128,252,252,142,142,155,155,134,134,145,153,,,,,,,,,,,,,,,,,,,,,,,,,,,,,,,,,,,,,,,,,,,,,,,,,,,,,,,,,
EINPW,wood,EIB202,Davis,2021,EIB77_773_Parks Canada_Results,WR88012,518,,173,173,181,181,241,253,232,232,89,89,180,180,207,211,129,129,152,154,116,116,175,179,92,96,129,129,103,103,104,120,167,167,229,233,194,194,179,181,113,113,156,158,91,91,102,90,135,135,148,150,89,89,191,191,101,95,147,161,144,166,140,142,166,172,85,89,94,94,173,173,150,150,174,178,110,112,104,104,81,83,262,262,91,93,143,143,124,126,228,228,154,154,130,132,252,252,138,138,153,155,136,138,145,145,,,,,,,,,,,,,,,,,,,,,,,,,,,,,,,,,,,,,,,,,,,,,,,,,,,,,,,,,
EINPW,wood,EIB203,Davis,2021,EIB77_773_Parks Canada_Results,WR88023,519,,161,169,181,181,253,269,232,238,85,89,184,196,207,211,129,129,154,154,114,116,165,183,102,96,123,129,103,103,104,104,165,167,225,233,194,194,179,187,108,115,158,158,89,91,90,90,141,141,150,150,87,89,189,191,101,101,147,158,166,168,142,146,172,172,85,89,91,92,173,177,150,150,172,174,110,112,104,104,77,81,262,262,89,93,143,143,132,132,228,238,144,144,128,130,244,254,138,142,155,155,134,136,151,153,,,,,,,,,,,,,,,,,,,,,,,,,,,,,,,,,,,,,,,,,,,,,,,,,,,,,,,,,
EINPW,wood,EIB205,Davis,2021,EIB77_773_Parks Canada_Results,WR89003,520,,161,161,181,181,253,253,238,238,89,89,180,196,205,207,129,149,146,152,116,118,183,183,102,92,125,129,103,103,118,118,167,167,229,231,190,194,181,187,113,113,156,158,89,89,102,90,141,141,150,150,87,87,191,191,95,95,158,170,144,166,146,146,166,170,85,89,91,92,167,175,150,150,174,176,106,112,108,108,77,81,260,260,103,93,143,143,124,132,228,228,154,160,128,130,252,252,142,142,157,159,134,136,149,149,,,,,,,,,,,,,,,,,,,,,,,,,,,,,,,,,,,,,,,,,,,,,,,,,,,,,,,,,
EINPW,wood,EIB206,Davis,2021,EIB77_773_Parks Canada_Results,WR89012,521,,169,173,181,191,253,253,232,238,89,89,180,196,205,207,129,149,146,152,116,118,183,183,102,104,125,125,103,103,104,118,167,167,231,231,194,194,181,191,108,115,158,158,89,93,90,90,141,141,150,150,87,87,189,191,101,103,158,158,166,168,142,142,166,172,85,89,92,95,167,173,150,150,172,178,106,110,104,108,81,83,260,262,93,93,143,143,124,132,228,228,154,160,130,132,252,252,142,142,153,155,134,136,149,151,,,,,,,,,,,,,,,,,,,,,,,,,,,,,,,,,,,,,,,,,,,,,,,,,,,,,,,,,
EINPW,wood,EIB207,Davis,2021,EIB77_773_Parks Canada_Results,WR89017,522,,169,173,181,181,253,253,238,238,87,89,180,196,205,211,129,129,146,152,118,118,183,183,104,92,129,129,103,103,104,104,167,167,227,227,188,190,179,181,113,113,158,160,89,91,102,90,135,141,148,150,87,89,189,191,101,95,158,158,142,166,127,142,166,170,89,89,91,91,167,173,150,150,172,174,110,110,104,108,81,83,262,262,93,93,143,143,124,132,224,236,154,154,130,132,252,252,142,142,155,157,138,138,151,153,,,,,,,,,,,,,,,,,,,,,,,,,,,,,,,,,,,,,,,,,,,,,,,,,,,,,,,,,
EINPW,wood,EIB208,Davis,2021,EIB77_773_Parks Canada_Results,WR89026,523,,161,167,177,191,249,253,232,238,89,89,180,180,205,215,129,129,152,152,116,116,183,183,98,98,125,129,103,103,104,118,167,167,229,229,190,194,187,187,108,113,156,158,89,89,102,90,141,147,150,150,87,89,191,191,103,95,160,161,166,168,142,146,170,172,89,89,91,92,177,177,150,150,172,172,108,112,106,108,77,83,262,262,103,103,143,143,124,132,228,228,154,154,130,132,252,252,142,142,155,155,136,138,149,153,,,,,,,,,,,,,,,,,,,,,,,,,,,,,,,,,,,,,,,,,,,,,,,,,,,,,,,,,
EINPW,wood,EIB209,Davis,2021,EIB77_773_Parks Canada_Results,WR89030,524,,161,169,181,181,249,253,232,238,89,89,184,196,207,211,129,129,146,152,116,118,175,183,102,102,129,129,103,103,120,120,161,167,227,229,188,190,187,187,115,115,156,158,89,89,102,90,135,141,150,150,87,87,191,191,101,95,147,160,168,170,142,142,172,172,89,89,91,91,173,177,146,150,172,174,112,112,108,108,77,83,260,262,93,93,143,143,132,132,228,236,144,154,114,132,252,252,138,142,157,159,136,136,153,153,,,,,,,,,,,,,,,,,,,,,,,,,,,,,,,,,,,,,,,,,,,,,,,,,,,,,,,,,
EINPW,wood,EIB210,Davis,2021,EIB77_773_Parks Canada_Results,WR89031,525,,161,161,181,191,253,253,238,238,89,89,180,198,205,211,129,141,152,152,116,116,183,183,102,98,129,129,103,103,114,120,167,167,229,229,190,194,187,187,113,115,156,158,89,91,90,90,141,141,150,150,87,91,191,191,103,95,158,160,142,168,127,140,176,176,89,89,92,94,177,177,146,150,174,174,110,112,108,108,77,83,262,262,103,97,143,143,126,132,228,228,154,160,114,130,252,252,138,142,155,155,134,140,145,151,,,,,,,,,,,,,,,,,,,,,,,,,,,,,,,,,,,,,,,,,,,,,,,,,,,,,,,,,
EINPW,wood,EIB211,Davis,2021,EIB77_773_Parks Canada_Results,WR89036,526,,161,161,181,191,241,269,232,238,89,89,184,184,207,215,129,143,152,166,118,118,175,183,92,98,125,129,103,103,104,120,167,167,229,231,194,194,179,179,113,113,156,158,89,89,102,90,141,147,150,150,87,87,189,191,101,99,147,161,158,168,142,142,166,172,85,89,91,91,167,177,146,148,174,176,112,112,104,108,81,81,262,262,93,93,143,143,124,124,228,238,154,160,130,132,246,252,142,142,155,155,136,136,151,153,,,,,,,,,,,,,,,,,,,,,,,,,,,,,,,,,,,,,,,,,,,,,,,,,,,,,,,,,
ETH,wood,EIB578,Davis,2021,EIB77_773_Parks Canada_Results,13-4034,528,,161,165,181,181,241,253,232,232,87,89,180,198,205,207,129,143,146,166,116,116,165,175,102,98,125,129,103,103,120,120,167,167,227,231,190,194,179,179,113,115,158,160,89,89,90,90,141,147,150,150,87,89,189,189,101,103,160,160,142,158,127,142,166,176,85,89,91,92,177,177,146,148,174,176,110,112,108,108,81,83,260,260,103,103,143,143,124,132,236,238,144,154,130,130,246,252,142,142,155,155,136,136,151,153,,,,,,,,,,,,,,,,,,,,,,,,,,,,,,,,,,,,,,,,,,,,,,,,,,,,,,,,,
ETH,wood,EIB581,Davis,2021,EIB77_773_Parks Canada_Results,14-5138,529,,161,161,181,181,241,241,232,238,89,89,184,196,205,207,129,143,166,166,116,118,175,175,102,104,125,129,103,103,120,120,167,167,227,229,190,194,181,187,113,115,158,158,89,93,90,90,145,145,150,150,89,91,191,191,103,99,147,162,142,144,140,142,176,176,89,95,91,92,167,173,146,150,172,176,112,112,108,108,83,83,260,262,93,97,143,143,124,124,228,228,152,154,130,132,252,252,142,148,155,157,136,136,151,151,,,,,,,,,,,,,,,,,,,,,,,,,,,,,,,,,,,,,,,,,,,,,,,,,,,,,,,,,
ETH,wood,EIB585,Davis,2021,EIB77_773_Parks Canada_Results,2009-2234,530,,161,165,181,191,253,253,238,252,89,89,180,180,205,207,129,129,146,146,116,116,175,175,92,98,125,129,103,103,104,120,167,167,227,229,194,194,187,187,115,115,156,160,89,91,102,90,141,141,150,150,87,87,191,195,95,95,158,158,158,166,127,148,166,172,83,95,91,91,173,175,150,150,174,174,110,112,104,108,83,83,260,262,103,93,143,143,124,132,228,228,154,154,128,130,252,252,138,142,155,155,134,138,153,153,,,,,,,,,,,,,,,,,,,,,,,,,,,,,,,,,,,,,,,,,,,,,,,,,,,,,,,,,
ETH,wood,EIB586,Davis,2021,EIB77_773_Parks Canada_Results,2009-2235,531,,161,161,181,181,253,253,232,238,81,85,180,184,207,211,129,143,152,166,116,116,165,183,102,96,125,125,103,103,104,114,167,167,225,229,188,190,179,187,108,113,154,158,89,91,90,90,141,141,150,150,87,91,189,191,103,99,147,158,142,166,140,140,166,170,89,89,92,94,167,167,146,150,172,174,110,112,104,108,81,83,260,262,93,97,143,143,124,132,224,238,144,160,128,128,252,252,138,148,155,155,134,136,151,151,,,,,,,,,,,,,,,,,,,,,,,,,,,,,,,,,,,,,,,,,,,,,,,,,,,,,,,,,
ETH,wood,EIB587,Davis,2021,EIB77_773_Parks Canada_Results,2009-2236,532,,161,169,177,181,241,269,232,232,85,89,180,184,207,211,129,143,152,152,116,116,183,183,102,92,125,129,103,103,104,104,167,167,227,229,188,190,179,179,113,115,158,158,89,91,90,90,135,135,150,150,87,87,189,189,101,103,147,158,142,158,127,140,166,172,85,89,91,92,173,177,146,150,174,174,110,112,104,108,77,83,260,262,103,89,143,143,124,124,228,238,144,154,130,130,252,252,142,142,155,155,136,136,151,151,,,,,,,,,,,,,,,,,,,,,,,,,,,,,,,,,,,,,,,,,,,,,,,,,,,,,,,,,
ETH,wood,EIB588,Davis,2021,EIB77_773_Parks Canada_Results,2009-2237,533,,161,173,177,181,241,253,232,238,89,89,180,198,207,215,141,143,152,152,116,118,175,183,102,102,129,129,103,103,104,120,167,167,227,227,188,190,181,187,113,113,158,158,89,93,90,90,135,141,150,150,87,89,189,191,95,99,160,160,142,166,140,148,172,176,85,89,91,91,173,177,148,150,174,174,106,112,104,104,83,83,260,262,93,97,143,143,124,132,228,238,154,160,130,132,246,252,142,148,155,155,134,136,145,151,,,,,,,,,,,,,,,,,,,,,,,,,,,,,,,,,,,,,,,,,,,,,,,,,,,,,,,,,
ETH,wood,EIB589,Davis,2021,EIB77_773_Parks Canada_Results,2009-2238,534,,161,161,181,191,241,269,232,254,89,89,184,196,205,205,141,143,152,154,116,118,175,183,102,92,125,125,103,103,104,120,167,167,227,227,190,194,179,187,113,113,158,160,89,93,90,90,135,141,150,150,87,87,189,195,101,99,147,158,142,166,140,142,170,176,85,89,91,92,167,177,146,150,172,174,110,112,104,108,83,83,260,262,103,103,143,143,124,124,228,228,154,160,130,132,246,252,142,148,155,155,136,138,145,151,,,,,,,,,,,,,,,,,,,,,,,,,,,,,,,,,,,,,,,,,,,,,,,,,,,,,,,,,
ETH,wood,EIB571,Davis,2021,EIB77_773_Parks Canada_Results,BIBI021110A,527,,161,161,181,191,253,253,238,252,87,89,180,180,205,205,129,149,146,152,116,116,175,179,102,92,125,125,103,103,104,104,167,167,227,227,188,194,187,187,115,115,160,160,89,91,102,88,141,141,150,150,87,87,191,191,101,95,158,158,158,168,142,148,166,176,89,95,91,91,173,175,150,150,174,174,112,112,104,104,81,83,260,262,93,97,143,143,124,132,228,228,154,160,128,132,252,252,138,142,155,159,134,138,149,153,,,,,,,,,,,,,,,,,,,,,,,,,,,,,,,,,,,,,,,,,,,,,,,,,,,,,,,,,
ETH,wood,EIB593,Davis,2021,EIB77_773_Parks Canada_Results,Etthithun 14-006,538,,161,161,177,181,241,241,232,238,81,89,180,196,205,205,143,143,154,166,116,118,183,183,102,98,125,129,103,103,118,120,167,167,227,227,190,194,179,187,113,115,158,158,91,93,90,90,135,147,150,150,87,87,189,191,103,99,147,160,158,166,127,140,170,172,85,89,91,92,177,177,150,150,172,174,112,112,104,108,81,83,260,262,93,93,143,143,132,132,228,238,144,160,130,132,246,252,142,142,155,155,136,136,151,153,,,,,,,,,,,,,,,,,,,,,,,,,,,,,,,,,,,,,,,,,,,,,,,,,,,,,,,,,
ETH,wood,EIB592,Davis,2021,EIB77_773_Parks Canada_Results,Etthithun 14-007,537,,161,173,177,177,253,253,238,238,85,89,180,180,205,205,129,129,146,152,118,118,175,179,104,92,125,129,103,103,104,104,167,167,229,229,190,190,181,187,113,115,156,156,89,91,90,90,135,141,150,150,89,89,189,191,103,95,147,160,158,158,138,142,166,176,85,95,92,94,175,177,150,150,172,172,112,112,108,108,81,83,260,260,103,97,143,143,124,124,224,228,154,160,128,130,252,252,138,138,155,159,136,136,151,151,,,,,,,,,,,,,,,,,,,,,,,,,,,,,,,,,,,,,,,,,,,,,,,,,,,,,,,,,
ETH,wood,EIB597,Davis,2021,EIB77_773_Parks Canada_Results,Etthithun 14-010,540,,161,161,181,191,253,269,232,252,85,89,180,184,205,207,129,143,152,152,116,118,175,183,102,102,125,125,103,103,104,104,167,167,227,233,194,194,187,187,108,115,154,156,89,91,90,90,135,145,146,150,87,87,191,191,101,101,158,162,142,164,127,140,166,172,85,89,92,92,173,177,146,146,172,174,112,112,104,104,81,83,262,262,103,93,143,143,126,132,228,238,144,160,130,132,246,252,142,142,155,155,136,136,151,151,,,,,,,,,,,,,,,,,,,,,,,,,,,,,,,,,,,,,,,,,,,,,,,,,,,,,,,,,
ETH,wood,EIB591,Davis,2021,EIB77_773_Parks Canada_Results,Etthithun 14-011,536,,161,161,181,181,241,253,232,232,89,89,184,198,205,207,141,143,150,154,116,118,165,175,102,98,125,125,103,103,104,104,167,167,227,229,190,190,179,179,113,115,158,160,89,93,90,90,141,141,150,150,87,87,189,195,103,99,147,158,142,168,140,140,170,176,85,89,91,92,167,177,146,150,174,174,112,112,108,108,83,83,260,260,103,93,143,143,124,132,228,228,160,160,132,132,250,252,142,148,155,155,136,136,145,153,,,,,,,,,,,,,,,,,,,,,,,,,,,,,,,,,,,,,,,,,,,,,,,,,,,,,,,,,
ETH,wood,EIB590,Davis,2021,EIB77_773_Parks Canada_Results,Etthithun 14-101,535,,173,173,181,181,253,253,232,238,85,89,180,196,205,205,129,129,146,152,116,118,175,179,92,98,125,129,103,103,114,114,167,167,229,229,194,194,179,179,108,113,156,158,91,91,102,90,135,141,150,150,89,89,189,189,103,103,158,158,158,166,138,146,166,172,85,85,91,91,175,177,150,150,172,174,112,112,108,108,81,81,260,260,103,93,143,143,124,124,228,238,154,160,128,132,252,252,142,148,155,159,134,136,151,153,,,,,,,,,,,,,,,,,,,,,,,,,,,,,,,,,,,,,,,,,,,,,,,,,,,,,,,,,
ETH,wood,EIB596,Davis,2021,EIB77_773_Parks Canada_Results,Etthithun 14-102,539,,161,161,181,181,253,269,238,238,85,89,180,180,205,211,129,149,146,152,116,118,175,183,102,102,129,129,103,103,118,118,167,167,229,231,194,194,179,187,113,113,158,158,91,91,102,90,141,141,150,150,87,87,189,191,101,103,158,160,166,166,140,140,166,176,89,89,91,94,167,167,150,150,172,172,106,112,108,108,81,83,260,262,91,97,143,143,124,124,228,238,160,160,128,130,252,252,138,142,155,157,134,138,151,153,,,,,,,,,,,,,,,,,,,,,,,,,,,,,,,,,,,,,,,,,,,,,,,,,,,,,,,,,
HZ,wood,EIB563,Davis,2021,EIB77_773_Parks Canada_Results,Hay Zama,541,,161,173,181,181,253,253,232,238,89,89,180,180,205,205,129,129,146,154,0,0,183,183,102,102,125,129,103,103,120,120,167,167,227,229,190,194,187,187,113,115,156,158,89,89,102,90,141,141,150,150,87,91,191,191,101,95,158,161,144,166,140,142,172,176,89,89,91,92,167,173,140,150,172,174,106,112,108,108,83,83,260,260,103,97,143,143,124,132,228,236,154,160,128,130,252,252,142,142,155,155,136,138,145,153,,,,,,,,,,,,,,,,,,,,,,,,,,,,,,,,,,,,,,,,,,,,,,,,,,,,,,,,,
MACK,wood,EIB389,Davis,2021,EIB77_773_Parks Canada_Results,M09-01,570,,173,173,181,191,241,253,232,232,91,91,184,184,205,211,129,141,152,152,116,116,175,181,102,96,125,125,103,103,104,104,167,167,229,231,190,194,179,179,113,113,156,158,89,91,90,90,135,141,146,146,87,89,189,191,103,103,158,161,162,166,140,146,172,172,81,89,91,92,173,177,146,150,172,176,106,110,108,108,77,83,256,262,103,103,143,143,124,124,224,238,154,154,130,134,252,254,142,148,155,159,134,134,149,151,,,,,,,,,,,,,,,,,,,,,,,,,,,,,,,,,,,,,,,,,,,,,,,,,,,,,,,,,
MACK,wood,EIB390,Davis,2021,EIB77_773_Parks Canada_Results,M09-02,571,,161,173,191,191,253,269,232,252,87,91,180,184,205,211,129,143,146,152,116,118,165,175,102,104,125,125,103,105,120,120,167,167,231,231,190,190,179,181,108,113,158,158,89,89,90,90,141,145,150,150,87,87,189,191,95,99,161,162,142,158,127,140,170,176,89,89,91,95,167,177,140,150,172,174,106,108,108,108,81,85,260,260,103,103,143,143,124,124,228,238,154,156,114,130,246,250,142,148,155,159,134,138,145,145,,,,,,,,,,,,,,,,,,,,,,,,,,,,,,,,,,,,,,,,,,,,,,,,,,,,,,,,,
MACK,wood,EIB391,Davis,2021,EIB77_773_Parks Canada_Results,M09-03,572,,173,173,181,181,241,253,232,238,81,85,180,196,205,205,129,143,146,152,116,116,165,183,102,92,123,129,103,103,104,104,167,167,231,231,194,200,179,181,108,115,156,156,91,93,90,90,135,135,150,150,87,87,189,195,101,103,161,162,142,158,127,148,170,176,81,89,92,94,173,175,140,150,172,172,110,110,104,104,83,83,262,262,103,103,143,143,124,132,238,238,144,154,134,134,252,252,148,148,155,155,136,136,145,145,,,,,,,,,,,,,,,,,,,,,,,,,,,,,,,,,,,,,,,,,,,,,,,,,,,,,,,,,
MACK,wood,EIB392,Davis,2021,EIB77_773_Parks Canada_Results,M09-04,573,,165,173,177,181,253,269,238,238,81,89,180,180,211,211,129,129,152,152,116,116,165,175,104,92,125,129,103,103,120,120,167,167,227,229,194,194,181,187,108,115,158,158,89,89,90,90,145,145,146,150,87,87,195,195,101,101,162,162,142,162,140,148,170,176,81,81,91,92,167,175,146,150,172,182,106,110,100,100,83,83,256,262,103,97,143,143,122,124,236,238,154,154,130,132,252,252,142,142,155,155,134,136,145,145,,,,,,,,,,,,,,,,,,,,,,,,,,,,,,,,,,,,,,,,,,,,,,,,,,,,,,,,,
MACK,wood,EIB393,Davis,2021,EIB77_773_Parks Canada_Results,M09-05,574,,165,173,181,191,253,253,232,238,87,89,180,180,205,211,143,143,152,166,116,116,175,183,96,98,123,129,103,105,114,118,167,167,229,229,190,194,179,187,113,115,158,158,89,89,90,90,145,145,146,150,89,89,189,195,101,103,162,162,142,168,127,127,174,176,89,89,91,94,165,173,140,150,174,174,106,110,108,108,83,85,260,262,103,89,143,143,122,124,238,238,154,154,130,130,246,252,142,142,157,159,136,136,151,153,,,,,,,,,,,,,,,,,,,,,,,,,,,,,,,,,,,,,,,,,,,,,,,,,,,,,,,,,
MACK,wood,EIB394,Davis,2021,EIB77_773_Parks Canada_Results,M09-06,575,,165,173,181,191,241,253,238,252,91,91,184,192,211,215,129,143,146,146,108,118,183,183,102,102,125,129,103,103,104,104,167,167,231,231,190,194,181,187,115,115,156,160,91,91,102,90,141,141,150,150,87,87,195,195,101,95,147,162,142,142,140,140,166,176,81,89,91,92,175,177,146,146,172,174,106,110,108,108,83,85,262,262,103,85,143,143,124,124,228,238,154,160,114,114,246,252,142,150,155,155,134,142,151,153,,,,,,,,,,,,,,,,,,,,,,,,,,,,,,,,,,,,,,,,,,,,,,,,,,,,,,,,,
MACK,wood,EIB396,Davis,2021,EIB77_773_Parks Canada_Results,M09-08,576,,165,165,181,191,253,269,238,252,87,89,180,184,211,215,129,143,164,166,116,116,175,183,102,104,125,125,103,103,104,104,167,167,231,231,188,200,179,179,115,115,156,156,91,91,90,90,135,135,150,150,87,87,195,195,101,95,161,161,142,158,127,140,170,170,85,89,91,91,177,177,146,148,172,174,106,112,104,108,81,83,262,262,103,83,143,143,124,124,228,240,144,154,130,130,252,252,142,148,157,159,134,136,153,153,,,,,,,,,,,,,,,,,,,,,,,,,,,,,,,,,,,,,,,,,,,,,,,,,,,,,,,,,
MACK,wood,EIB397,Davis,2021,EIB77_773_Parks Canada_Results,M09-09,577,,165,165,181,191,241,269,238,238,85,85,180,196,205,215,129,129,152,162,116,116,165,175,92,92,127,129,103,105,104,104,167,167,231,231,194,200,181,185,115,115,158,158,89,93,102,90,145,145,150,154,87,87,189,195,103,95,143,147,158,168,127,127,170,176,83,89,92,94,167,175,140,146,172,178,106,112,104,104,77,83,262,262,93,93,143,143,124,124,236,238,144,154,130,130,246,252,142,142,155,155,134,136,151,151,,,,,,,,,,,,,,,,,,,,,,,,,,,,,,,,,,,,,,,,,,,,,,,,,,,,,,,,,
MACK,wood,EIB398,Davis,2021,EIB77_773_Parks Canada_Results,M09-10,578,,161,173,181,181,253,253,232,238,81,89,184,192,205,205,143,143,152,152,116,116,165,183,102,102,123,129,103,103,114,114,167,167,227,229,188,194,179,187,108,115,156,158,89,93,102,90,141,145,146,150,87,87,191,191,101,95,158,160,142,158,127,127,170,176,81,89,91,91,167,177,148,150,174,178,106,112,108,108,83,83,262,262,93,97,143,143,122,124,228,240,154,154,130,132,252,252,142,148,155,155,136,142,151,153,,,,,,,,,,,,,,,,,,,,,,,,,,,,,,,,,,,,,,,,,,,,,,,,,,,,,,,,,
MACK,wood,EIB399,Davis,2021,EIB77_773_Parks Canada_Results,M09-11,579,,173,173,181,191,241,253,238,238,81,85,184,196,211,211,129,143,146,158,116,118,165,165,102,98,125,129,103,103,114,114,167,167,231,231,190,194,181,181,113,113,158,158,91,91,102,90,135,145,146,146,87,87,191,195,101,103,158,158,142,168,140,140,170,170,81,89,91,92,165,175,146,150,172,178,106,112,108,108,81,83,260,262,103,97,143,143,124,132,228,236,156,156,114,130,246,252,142,142,155,155,136,136,151,153,,,,,,,,,,,,,,,,,,,,,,,,,,,,,,,,,,,,,,,,,,,,,,,,,,,,,,,,,
MACK,wood,EIB400,Davis,2021,EIB77_773_Parks Canada_Results,M09-12,580,,161,165,181,191,241,253,232,252,81,91,192,196,205,211,129,143,146,152,116,116,175,175,104,92,125,127,103,103,120,120,167,167,229,229,194,194,175,179,115,115,156,158,89,91,90,90,141,145,150,150,87,87,195,195,101,99,158,162,142,142,127,146,170,170,85,89,91,94,167,167,146,150,172,178,110,112,104,104,83,83,260,260,103,93,143,143,124,124,224,228,144,156,130,130,252,252,142,148,155,157,134,138,151,153,,,,,,,,,,,,,,,,,,,,,,,,,,,,,,,,,,,,,,,,,,,,,,,,,,,,,,,,,
MACK,wood,EIB401,Davis,2021,EIB77_773_Parks Canada_Results,M09-13,581,,165,173,181,181,253,269,238,250,89,91,180,180,211,215,129,143,146,152,116,116,175,175,102,102,123,127,103,105,120,120,167,167,229,231,194,194,179,187,108,115,156,160,91,91,90,90,135,141,146,150,87,87,189,195,101,101,158,162,158,166,127,140,170,170,89,89,91,91,175,175,140,150,176,178,106,110,108,108,81,81,260,262,103,91,143,143,122,124,224,238,154,156,130,132,246,246,142,150,155,159,134,136,145,153,,,,,,,,,,,,,,,,,,,,,,,,,,,,,,,,,,,,,,,,,,,,,,,,,,,,,,,,,
MACK,wood,EIB402,Davis,2021,EIB77_773_Parks Canada_Results,M09-14,582,,161,173,191,191,253,269,232,238,81,89,180,196,205,207,129,129,152,166,116,116,175,183,102,104,127,129,103,103,118,118,167,167,229,231,194,194,185,187,113,115,158,160,91,91,102,90,135,135,146,150,87,87,191,191,103,95,161,162,142,162,140,140,176,176,89,89,91,94,165,167,140,150,172,172,106,112,104,104,83,83,260,262,83,93,143,143,124,132,224,238,154,156,130,132,246,252,148,148,155,159,136,136,145,151,,,,,,,,,,,,,,,,,,,,,,,,,,,,,,,,,,,,,,,,,,,,,,,,,,,,,,,,,
MACK,wood,EIB403,Davis,2021,EIB77_773_Parks Canada_Results,M09-15,583,,161,173,181,191,241,269,238,238,81,87,180,184,205,205,129,143,158,166,116,116,165,165,102,104,125,129,103,103,120,120,167,167,227,231,190,194,179,181,113,113,156,160,91,91,102,90,141,147,146,154,87,89,191,195,101,101,147,162,162,168,127,127,170,176,85,89,91,94,177,177,140,150,172,178,106,106,108,108,83,83,260,260,103,103,143,143,124,124,224,238,154,154,130,130,246,252,142,150,155,159,138,138,145,145,,,,,,,,,,,,,,,,,,,,,,,,,,,,,,,,,,,,,,,,,,,,,,,,,,,,,,,,,
MACK,wood,EIB404,Davis,2021,EIB77_773_Parks Canada_Results,M09-16,584,,161,165,181,181,241,253,238,238,85,91,180,184,205,211,129,143,146,152,108,118,165,175,102,102,123,125,103,104,114,114,167,167,229,229,190,194,179,181,113,115,156,158,89,91,90,90,135,145,148,150,87,89,191,191,101,95,158,161,142,142,127,138,170,176,81,89,91,91,167,173,148,150,172,178,110,112,108,108,81,83,260,262,103,103,143,143,122,132,224,228,154,154,130,132,246,252,142,148,157,157,136,136,145,153,,,,,,,,,,,,,,,,,,,,,,,,,,,,,,,,,,,,,,,,,,,,,,,,,,,,,,,,,
MACK,wood,EIB249,Davis,2021,EIB77_773_Parks Canada_Results,Mackenzie Bison Sanctuary 11,547,,161,173,181,181,253,253,238,238,81,89,180,196,205,205,129,143,152,152,116,116,165,183,102,92,127,129,103,103,104,104,167,167,229,231,190,194,181,181,113,115,154,156,91,91,90,90,145,145,148,150,87,87,195,195,101,95,147,162,142,162,127,140,170,172,85,89,91,94,175,175,146,150,178,178,112,112,104,104,83,83,260,262,103,91,143,143,124,124,236,238,154,154,114,130,252,252,142,142,157,159,134,136,145,145,,,,,,,,,,,,,,,,,,,,,,,,,,,,,,,,,,,,,,,,,,,,,,,,,,,,,,,,,
MACK,wood,EIB250,Davis,2021,EIB77_773_Parks Canada_Results,Mackenzie Bison Sanctuary 12,548,,161,173,181,191,241,269,238,252,81,89,184,192,211,211,143,143,150,152,116,116,165,181,104,98,129,129,103,105,114,114,167,167,227,231,190,194,175,179,115,115,156,160,89,91,90,90,141,145,150,150,87,89,189,191,101,99,147,147,142,168,127,140,172,174,83,95,91,91,167,175,140,146,172,174,110,110,108,108,81,83,262,262,103,97,143,143,122,124,228,238,154,154,130,132,246,246,142,150,155,157,136,136,145,153,,,,,,,,,,,,,,,,,,,,,,,,,,,,,,,,,,,,,,,,,,,,,,,,,,,,,,,,,
MACK,wood,EIB251,Davis,2021,EIB77_773_Parks Canada_Results,Mackenzie Bison Sanctuary 13,549,,173,173,191,191,241,253,238,238,81,89,180,184,205,211,129,129,150,152,116,118,175,175,102,104,125,129,103,103,120,120,167,167,225,231,190,200,179,187,108,113,158,160,89,91,102,90,135,145,148,150,87,87,191,195,101,99,147,161,158,168,127,140,166,172,81,89,91,91,173,175,148,150,172,178,110,112,104,104,81,83,260,262,103,93,143,145,122,132,228,228,154,160,114,130,246,252,142,142,157,157,136,138,145,145,,,,,,,,,,,,,,,,,,,,,,,,,,,,,,,,,,,,,,,,,,,,,,,,,,,,,,,,,
MACK,wood,EIB252,Davis,2021,EIB77_773_Parks Canada_Results,Mackenzie Bison Sanctuary 14,550,,161,173,181,191,253,253,238,238,81,91,184,192,205,211,129,143,146,158,116,116,183,183,102,104,125,129,103,103,120,120,167,167,229,231,190,194,187,187,115,115,158,160,89,89,102,90,141,141,150,150,87,87,189,191,101,103,158,162,142,158,140,140,170,174,89,95,91,94,165,173,146,148,174,182,106,106,104,104,81,83,260,262,103,91,143,143,132,132,224,236,154,160,130,130,246,254,142,148,155,157,134,136,151,151,,,,,,,,,,,,,,,,,,,,,,,,,,,,,,,,,,,,,,,,,,,,,,,,,,,,,,,,,
MACK,wood,EIB253,Davis,2021,EIB77_773_Parks Canada_Results,Mackenzie Bison Sanctuary 15,551,,161,161,181,191,253,253,238,252,85,85,184,192,205,215,129,129,146,152,116,118,165,175,92,92,125,127,103,103,114,114,161,167,225,229,190,194,181,187,115,115,154,160,89,91,90,90,135,141,146,146,87,87,191,195,103,95,158,161,162,168,127,140,170,172,85,89,91,94,165,173,146,150,174,176,110,112,108,108,81,83,260,262,103,93,143,143,124,132,228,238,144,144,114,130,252,252,142,142,155,159,134,136,151,153,,,,,,,,,,,,,,,,,,,,,,,,,,,,,,,,,,,,,,,,,,,,,,,,,,,,,,,,,
MACK,wood,EIB254,Davis,2021,EIB77_773_Parks Canada_Results,Mackenzie Bison Sanctuary 16,552,,161,165,181,191,253,253,252,252,85,91,180,180,205,207,129,129,152,152,108,118,175,183,102,102,129,129,103,105,120,120,167,167,233,233,194,194,181,181,115,115,158,158,89,91,90,90,145,145,150,154,87,89,189,191,101,101,147,160,142,162,140,146,166,172,81,89,91,91,173,175,146,150,172,172,106,110,108,108,83,85,262,262,85,93,143,143,122,124,238,238,154,154,118,134,246,252,142,148,155,159,136,142,145,151,,,,,,,,,,,,,,,,,,,,,,,,,,,,,,,,,,,,,,,,,,,,,,,,,,,,,,,,,
MACK,wood,EIB255,Davis,2021,EIB77_773_Parks Canada_Results,Mackenzie Bison Sanctuary 17,553,,165,165,179,191,241,241,238,238,87,89,184,196,205,205,129,149,146,162,114,118,179,179,92,98,131,131,103,105,104,104,167,167,223,231,194,194,175,185,108,113,156,156,93,93,100,90,135,137,146,148,87,87,189,189,95,99,160,165,168,168,127,140,170,174,83,95,91,95,159,175,140,152,174,174,106,110,100,100,83,85,260,262,103,91,143,143,124,124,228,228,144,154,130,134,246,246,148,148,151,155,136,142,143,149,,,,,,,,,,,,,,,,,,,,,,,,,,,,,,,,,,,,,,,,,,,,,,,,,,,,,,,,,
MACK,wood,EIB256,Davis,2021,EIB77_773_Parks Canada_Results,Mackenzie Bison Sanctuary 18,554,,161,161,181,181,253,269,232,238,85,89,180,184,205,207,129,143,146,146,116,116,165,183,104,98,127,129,103,103,114,114,167,167,227,229,188,194,181,181,113,113,158,158,89,91,90,90,141,141,150,150,87,89,195,195,101,103,147,160,162,162,140,140,172,174,89,89,91,94,165,175,146,150,172,178,110,112,104,104,81,83,260,262,103,103,143,145,122,124,228,228,154,154,114,114,246,252,142,148,157,157,134,136,145,151,,,,,,,,,,,,,,,,,,,,,,,,,,,,,,,,,,,,,,,,,,,,,,,,,,,,,,,,,
MACK,wood,EIB257,Davis,2021,EIB77_773_Parks Canada_Results,Mackenzie Bison Sanctuary 19,555,,161,165,181,191,253,269,238,254,85,91,184,184,211,215,129,129,152,152,108,116,175,175,92,96,125,127,103,105,104,104,167,167,229,231,188,190,179,179,113,115,158,158,89,91,90,90,145,145,146,150,87,89,191,191,101,95,147,158,166,168,127,138,170,176,89,89,91,94,167,173,146,148,172,172,110,110,104,104,81,81,262,262,103,83,143,143,124,124,228,238,154,160,128,130,252,252,142,142,157,157,134,134,151,151,,,,,,,,,,,,,,,,,,,,,,,,,,,,,,,,,,,,,,,,,,,,,,,,,,,,,,,,,
MACK,wood,EIB258,Davis,2021,EIB77_773_Parks Canada_Results,Mackenzie Bison Sanctuary 20,556,,161,161,181,191,253,253,238,252,81,91,180,184,205,207,143,143,146,152,116,116,175,183,102,98,125,129,103,103,120,120,167,167,227,231,190,190,179,181,113,115,156,156,89,91,90,90,135,141,146,150,87,87,189,191,103,99,158,162,162,162,127,148,170,170,81,89,91,91,173,175,150,150,178,178,106,110,108,108,81,81,260,262,103,85,143,143,124,132,236,238,154,154,114,114,252,252,142,150,155,159,136,136,151,151,,,,,,,,,,,,,,,,,,,,,,,,,,,,,,,,,,,,,,,,,,,,,,,,,,,,,,,,,
MACK,wood,EIB259,Davis,2021,EIB77_773_Parks Canada_Results,Mackenzie Bison Sanctuary 21,557,,173,173,181,181,253,269,238,238,85,91,180,184,205,205,143,143,146,152,116,116,175,183,102,92,123,127,103,103,104,104,167,167,227,229,194,194,179,181,108,115,156,160,89,91,90,90,141,141,148,150,87,87,191,191,101,95,161,162,142,162,140,146,170,172,89,95,91,91,173,175,140,150,172,178,106,112,108,108,83,85,262,262,103,93,143,143,124,124,228,238,156,156,130,132,246,252,142,142,155,157,136,142,145,145,,,,,,,,,,,,,,,,,,,,,,,,,,,,,,,,,,,,,,,,,,,,,,,,,,,,,,,,,
MACK,wood,EIB260,Davis,2021,EIB77_773_Parks Canada_Results,Mackenzie Bison Sanctuary 35,558,,161,165,181,191,253,269,232,252,91,91,184,192,205,215,129,143,152,164,118,118,165,165,102,102,125,127,103,103,104,118,167,167,227,231,190,194,179,187,113,115,156,158,89,89,102,90,141,145,146,150,87,89,191,195,103,95,158,162,158,164,127,148,170,176,89,89,91,94,173,177,150,150,174,176,106,112,100,104,81,83,260,262,89,93,143,143,124,132,228,238,144,154,130,130,252,252,142,148,155,157,134,134,145,149,,,,,,,,,,,,,,,,,,,,,,,,,,,,,,,,,,,,,,,,,,,,,,,,,,,,,,,,,
MACK,wood,EIB261,Davis,2021,EIB77_773_Parks Canada_Results,Mackenzie Bison Sanctuary 36,559,,161,165,181,191,241,253,232,238,85,91,192,192,205,205,129,141,146,164,116,118,175,183,102,92,129,129,103,103,104,120,167,167,227,229,194,200,179,181,113,115,156,156,91,91,90,90,141,145,150,150,87,89,191,195,101,95,160,161,142,166,127,127,170,172,83,85,91,94,165,173,150,150,174,182,112,112,104,108,83,83,260,262,103,103,143,143,124,124,228,228,144,154,128,130,246,252,142,148,155,157,136,136,151,151,,,,,,,,,,,,,,,,,,,,,,,,,,,,,,,,,,,,,,,,,,,,,,,,,,,,,,,,,
MACK,wood,EIB262,Davis,2021,EIB77_773_Parks Canada_Results,Mackenzie Bison Sanctuary 37,560,,165,173,181,191,241,253,238,252,81,87,180,180,211,215,129,141,152,152,116,116,165,183,102,92,129,129,103,103,120,120,167,167,229,231,194,194,179,181,113,115,156,160,91,93,102,90,141,145,146,154,87,87,191,191,101,103,158,161,158,168,127,127,170,170,83,95,92,92,165,175,146,150,172,176,112,90,100,100,83,83,260,262,103,93,143,143,124,124,228,236,144,154,130,130,252,252,142,150,155,157,134,136,145,151,,,,,,,,,,,,,,,,,,,,,,,,,,,,,,,,,,,,,,,,,,,,,,,,,,,,,,,,,
MACK,wood,EIB263,Davis,2021,EIB77_773_Parks Canada_Results,Mackenzie Bison Sanctuary 39,561,,161,173,181,191,253,253,238,238,85,89,180,184,211,211,129,129,146,152,116,118,165,183,104,104,125,129,103,103,104,104,167,167,229,231,194,194,181,187,113,115,154,158,91,91,88,90,135,141,146,150,87,87,191,191,101,103,158,160,142,158,127,127,170,176,85,89,91,94,175,177,150,150,174,174,106,110,100,108,83,83,260,262,103,103,143,143,122,124,236,238,154,154,128,132,252,254,142,150,159,159,136,138,145,149,,,,,,,,,,,,,,,,,,,,,,,,,,,,,,,,,,,,,,,,,,,,,,,,,,,,,,,,,
MACK,wood,EIB244,Davis,2021,EIB77_773_Parks Canada_Results,Mackenzie Bison Sanctuary 4,542,,173,173,181,181,253,253,238,238,89,91,180,180,201,205,129,143,146,152,116,116,165,183,104,98,125,129,103,103,120,120,167,167,229,231,190,194,179,181,113,113,158,158,89,91,90,90,141,141,146,150,87,87,191,191,101,103,147,161,158,162,127,140,170,174,85,95,92,94,165,167,146,150,172,182,106,106,108,108,83,83,260,262,103,89,143,143,122,124,228,236,154,154,130,134,252,252,148,148,155,157,136,138,145,145,,,,,,,,,,,,,,,,,,,,,,,,,,,,,,,,,,,,,,,,,,,,,,,,,,,,,,,,,
MACK,wood,EIB264,Davis,2021,EIB77_773_Parks Canada_Results,Mackenzie Bison Sanctuary 40,562,,161,161,181,191,253,269,238,252,85,85,184,192,215,215,129,129,150,152,116,116,165,183,102,104,125,129,103,103,104,114,167,167,229,231,190,194,179,185,108,113,158,158,91,91,102,90,141,145,150,150,89,89,189,195,101,103,158,161,142,166,127,127,170,174,81,81,91,94,165,177,140,150,172,174,106,112,108,108,81,83,262,262,103,93,143,143,124,124,228,236,154,156,132,134,252,252,142,148,155,157,136,136,145,145,,,,,,,,,,,,,,,,,,,,,,,,,,,,,,,,,,,,,,,,,,,,,,,,,,,,,,,,,
MACK,wood,EIB265,Davis,2021,EIB77_773_Parks Canada_Results,Mackenzie Bison Sanctuary 41,563,,165,173,181,191,241,253,238,238,89,89,180,184,205,211,129,143,146,158,116,116,175,175,92,98,123,127,103,103,116,120,167,167,227,231,190,194,179,181,108,108,158,158,91,91,90,90,135,141,148,150,87,87,195,195,95,95,161,162,162,168,127,140,170,170,89,89,91,91,173,175,140,140,174,178,106,108,108,108,81,83,260,262,103,93,143,143,122,124,224,238,144,154,130,132,252,254,142,142,157,159,134,136,145,145,,,,,,,,,,,,,,,,,,,,,,,,,,,,,,,,,,,,,,,,,,,,,,,,,,,,,,,,,
MACK,wood,EIB266,Davis,2021,EIB77_773_Parks Canada_Results,Mackenzie Bison Sanctuary 42,564,,165,173,181,191,241,253,238,254,85,91,180,180,205,211,129,141,146,146,118,118,165,183,102,102,129,129,103,105,120,120,167,167,231,231,190,194,179,187,113,115,156,158,89,91,102,90,135,141,146,150,87,89,191,191,103,103,160,162,164,168,138,140,170,176,89,95,91,91,167,173,146,150,172,178,110,110,108,108,83,83,256,262,103,103,143,143,124,124,236,238,144,154,134,134,246,252,142,148,155,155,136,142,145,151,,,,,,,,,,,,,,,,,,,,,,,,,,,,,,,,,,,,,,,,,,,,,,,,,,,,,,,,,
MACK,wood,EIB267,Davis,2021,EIB77_773_Parks Canada_Results,Mackenzie Bison Sanctuary 44,565,,161,173,181,181,253,253,238,254,85,89,180,192,205,205,129,129,146,152,116,116,165,175,92,98,125,129,103,105,114,120,161,167,229,233,194,194,179,187,113,113,156,158,89,91,90,90,145,145,150,150,87,89,195,195,103,95,160,160,158,166,127,140,170,176,89,89,91,91,165,167,146,150,172,176,110,110,100,108,83,85,260,262,103,93,143,143,124,132,228,228,154,154,130,130,246,246,142,142,159,159,134,136,145,151,,,,,,,,,,,,,,,,,,,,,,,,,,,,,,,,,,,,,,,,,,,,,,,,,,,,,,,,,
MACK,wood,EIB268,Davis,2021,EIB77_773_Parks Canada_Results,Mackenzie Bison Sanctuary 45,566,,161,165,181,181,253,253,238,238,85,89,184,192,207,211,129,143,166,166,116,116,175,183,102,96,129,129,103,105,114,114,167,167,225,231,188,194,179,179,113,115,158,158,91,93,102,90,135,145,146,150,87,87,191,195,101,101,143,162,142,142,127,150,170,170,89,89,91,94,165,175,140,140,172,172,106,110,108,108,81,83,260,262,103,103,143,143,132,132,228,228,144,154,114,130,252,252,142,142,157,159,136,140,151,153,,,,,,,,,,,,,,,,,,,,,,,,,,,,,,,,,,,,,,,,,,,,,,,,,,,,,,,,,
MACK,wood,EIB269,Davis,2021,EIB77_773_Parks Canada_Results,Mackenzie Bison Sanctuary 46,567,,161,161,181,191,241,253,252,254,85,89,180,180,205,211,143,145,146,146,116,118,175,183,102,102,127,129,103,103,104,120,167,167,231,231,190,194,181,187,108,115,156,158,91,91,90,90,135,141,146,146,87,87,189,195,103,99,147,162,158,158,138,140,170,176,81,89,91,92,173,175,140,150,176,178,108,112,108,108,81,83,260,260,93,97,143,143,124,124,224,238,144,154,132,134,246,252,142,142,155,155,136,136,145,151,,,,,,,,,,,,,,,,,,,,,,,,,,,,,,,,,,,,,,,,,,,,,,,,,,,,,,,,,
MACK,wood,EIB270,Davis,2021,EIB77_773_Parks Canada_Results,Mackenzie Bison Sanctuary 47,568,,161,165,181,191,253,253,238,252,85,91,180,196,205,205,129,143,152,152,116,118,165,183,104,92,127,129,103,103,114,114,167,167,229,231,194,194,181,181,108,108,158,158,89,91,90,90,141,147,146,154,87,89,189,195,101,101,147,162,142,168,140,140,170,170,89,95,91,92,165,177,146,146,172,174,106,112,108,108,81,83,262,262,103,103,143,143,124,124,228,238,144,154,114,134,252,252,142,142,155,157,134,136,145,149,,,,,,,,,,,,,,,,,,,,,,,,,,,,,,,,,,,,,,,,,,,,,,,,,,,,,,,,,
MACK,wood,EIB271,Davis,2021,EIB77_773_Parks Canada_Results,Mackenzie Bison Sanctuary 48,569,,165,173,181,191,241,269,238,238,87,89,180,180,201,205,129,129,146,166,118,118,175,183,102,104,123,125,103,103,114,118,167,167,227,231,190,194,179,181,113,113,154,158,91,91,90,90,135,145,148,150,87,87,189,191,101,95,158,161,142,158,140,140,170,170,89,89,91,94,165,175,150,150,172,172,110,112,106,108,83,83,262,262,103,97,143,143,124,124,224,228,154,156,130,132,246,252,142,142,157,159,134,136,145,151,,,,,,,,,,,,,,,,,,,,,,,,,,,,,,,,,,,,,,,,,,,,,,,,,,,,,,,,,
MACK,wood,EIB245,Davis,2021,EIB77_773_Parks Canada_Results,Mackenzie Bison Sanctuary 5,543,,161,161,181,191,253,253,232,232,81,89,196,196,205,205,129,143,146,152,116,116,183,183,104,104,129,129,103,103,114,114,161,167,227,229,188,194,179,179,113,113,158,158,89,89,90,90,147,147,150,150,87,87,191,191,101,103,160,161,164,164,146,146,170,176,85,85,91,91,175,175,150,150,174,174,106,106,104,104,83,85,256,262,103,93,143,143,122,122,238,240,154,154,130,134,252,252,142,148,155,157,136,136,151,153,,,,,,,,,,,,,,,,,,,,,,,,,,,,,,,,,,,,,,,,,,,,,,,,,,,,,,,,,
MACK,wood,EIB246,Davis,2021,EIB77_773_Parks Canada_Results,Mackenzie Bison Sanctuary 7,544,,161,173,177,181,241,269,232,252,91,91,180,184,207,215,143,143,152,158,116,116,181,183,102,102,123,129,103,103,120,120,167,167,229,231,194,194,187,187,115,115,160,160,89,89,90,90,141,141,146,150,87,89,191,195,103,95,158,160,158,158,127,140,170,172,89,89,91,91,167,175,140,148,174,182,110,110,104,104,81,83,260,262,85,85,143,143,122,124,228,238,154,156,130,134,246,252,142,142,155,155,134,142,145,151,,,,,,,,,,,,,,,,,,,,,,,,,,,,,,,,,,,,,,,,,,,,,,,,,,,,,,,,,
MACK,wood,EIB247,Davis,2021,EIB77_773_Parks Canada_Results,Mackenzie Bison Sanctuary 8,545,,165,173,181,191,253,269,238,238,89,91,180,196,207,211,141,143,146,166,116,118,175,183,104,98,125,129,103,103,114,114,167,167,229,231,194,194,179,181,113,115,156,158,89,89,88,90,145,147,146,150,87,89,189,191,101,103,158,161,142,164,127,140,170,174,83,95,91,91,167,177,146,146,172,182,106,110,108,108,83,83,260,262,93,97,143,145,132,132,236,238,154,154,130,130,252,252,142,148,155,155,134,138,151,153,,,,,,,,,,,,,,,,,,,,,,,,,,,,,,,,,,,,,,,,,,,,,,,,,,,,,,,,,
MACK,wood,EIB248,Davis,2021,EIB77_773_Parks Canada_Results,Mackenzie Bison Sanctuary 9,546,,161,161,181,191,253,269,232,238,85,89,180,190,211,215,129,129,152,166,116,118,165,175,102,98,125,129,103,103,120,120,167,167,229,231,194,194,179,179,113,115,156,158,89,91,90,90,141,145,150,154,87,87,191,191,103,95,158,158,142,158,127,140,172,176,89,95,91,91,167,167,140,148,174,176,106,112,108,108,81,83,256,260,103,103,143,145,124,132,238,238,144,154,130,132,252,252,142,150,155,159,136,136,145,151,,,,,,,,,,,,,,,,,,,,,,,,,,,,,,,,,,,,,,,,,,,,,,,,,,,,,,,,,
MACK,wood,EIB408,Davis,2021,EIB77_773_Parks Canada_Results,Tag3476,588,,173,173,181,191,241,253,232,238,91,91,180,184,205,211,129,143,152,152,116,118,165,183,102,104,129,129,103,105,114,114,167,167,225,229,190,190,179,181,108,115,154,158,89,91,90,90,135,141,150,150,87,87,195,195,103,95,161,162,142,142,138,140,172,176,89,89,91,94,175,175,150,150,172,182,110,112,108,108,83,83,260,262,103,97,143,145,124,124,228,228,154,154,130,134,254,254,142,150,155,157,136,136,151,153,,,,,,,,,,,,,,,,,,,,,,,,,,,,,,,,,,,,,,,,,,,,,,,,,,,,,,,,,
MACK,wood,EIB409,Davis,2021,EIB77_773_Parks Canada_Results,Tag3477,589,,173,173,181,181,253,269,238,254,87,89,180,184,205,211,129,129,152,164,116,116,183,183,104,104,123,129,103,103,114,118,167,167,227,229,188,194,179,179,108,108,158,158,91,91,90,90,135,141,148,154,87,87,189,191,103,103,147,162,142,158,127,140,170,170,81,95,91,94,165,175,140,150,172,174,106,110,104,108,81,83,260,262,103,93,143,145,132,132,224,228,144,154,130,130,252,252,142,148,155,155,136,138,145,151,,,,,,,,,,,,,,,,,,,,,,,,,,,,,,,,,,,,,,,,,,,,,,,,,,,,,,,,,
MACK,wood,EIB410,Davis,2021,EIB77_773_Parks Canada_Results,Tag3478,590,,165,173,181,191,253,269,238,238,89,91,180,184,205,211,143,143,146,146,0,0,165,183,104,98,123,123,105,105,120,120,167,167,229,229,190,194,179,179,113,115,156,158,91,91,90,90,141,145,146,150,87,87,191,195,101,103,161,161,142,142,127,140,170,170,89,89,91,91,167,173,150,150,178,178,106,110,108,108,81,85,260,262,103,93,143,143,124,132,224,228,154,154,128,132,252,252,138,142,155,159,138,142,149,151,,,,,,,,,,,,,,,,,,,,,,,,,,,,,,,,,,,,,,,,,,,,,,,,,,,,,,,,,
MACK,wood,EIB411,Davis,2021,EIB77_773_Parks Canada_Results,Tag3479,591,,161,173,181,181,253,253,238,238,81,85,192,192,201,205,129,129,158,166,116,116,165,165,102,104,127,127,103,103,104,104,167,167,227,229,194,200,181,181,113,115,158,160,89,91,102,90,141,145,146,150,87,89,195,195,101,99,162,162,142,166,140,150,170,170,83,85,91,91,167,173,140,148,172,174,112,112,104,108,81,83,262,262,103,103,143,143,124,124,228,238,154,156,114,130,246,252,142,148,155,157,136,136,145,153,,,,,,,,,,,,,,,,,,,,,,,,,,,,,,,,,,,,,,,,,,,,,,,,,,,,,,,,,
MACK,wood,EIB412,Davis,2021,EIB77_773_Parks Canada_Results,Tag3481,592,,161,173,181,191,241,253,238,238,85,91,180,180,205,211,129,143,146,146,116,116,165,175,104,96,125,129,103,103,104,120,167,167,225,231,190,194,179,181,115,115,156,160,89,89,90,90,141,141,148,148,87,89,189,195,101,101,158,162,142,158,127,127,170,174,89,95,91,92,173,173,140,140,172,174,106,110,104,104,83,83,260,260,103,103,143,143,124,132,236,238,144,154,114,132,252,252,142,148,157,159,134,136,149,151,,,,,,,,,,,,,,,,,,,,,,,,,,,,,,,,,,,,,,,,,,,,,,,,,,,,,,,,,
MACK,wood,EIB413,Davis,2021,EIB77_773_Parks Canada_Results,Tag3482,593,,161,173,191,191,241,253,232,238,85,91,184,192,201,205,129,143,152,152,108,118,183,183,104,92,127,129,103,103,114,114,167,167,229,231,190,194,179,179,108,115,154,158,89,91,90,90,135,145,146,148,87,89,191,191,101,103,161,161,158,162,140,146,170,174,89,89,91,94,175,175,140,146,172,178,106,112,108,108,81,83,262,262,103,85,143,143,132,132,236,236,144,156,130,132,252,252,142,142,157,157,134,136,145,151,,,,,,,,,,,,,,,,,,,,,,,,,,,,,,,,,,,,,,,,,,,,,,,,,,,,,,,,,
MACK,wood,EIB415,Davis,2021,EIB77_773_Parks Canada_Results,Tag3484,594,,161,165,191,191,253,269,238,252,81,89,180,184,205,215,129,129,152,152,0,0,175,183,102,104,125,129,103,103,120,120,167,167,231,231,194,194,179,179,108,115,156,160,89,91,90,90,135,141,150,150,87,87,195,195,103,95,158,158,162,168,146,148,170,170,89,89,91,92,165,167,146,150,172,178,110,110,108,108,83,83,262,262,103,103,143,143,124,132,224,238,144,154,130,132,252,252,142,148,159,159,136,142,151,151,,,,,,,,,,,,,,,,,,,,,,,,,,,,,,,,,,,,,,,,,,,,,,,,,,,,,,,,,
MACK,wood,EIB416,Davis,2021,EIB77_773_Parks Canada_Results,Tag3486,595,,161,165,181,191,253,253,238,254,85,91,180,180,205,211,143,143,152,158,116,116,165,175,102,98,125,127,103,105,120,120,167,167,229,229,194,194,179,187,113,113,156,158,91,91,102,90,141,145,146,150,87,87,191,191,101,103,162,162,158,162,140,140,166,170,81,83,91,91,167,175,150,150,172,172,112,112,108,108,81,83,260,262,103,103,143,145,124,132,224,228,154,154,130,130,246,252,148,148,157,157,136,142,145,151,,,,,,,,,,,,,,,,,,,,,,,,,,,,,,,,,,,,,,,,,,,,,,,,,,,,,,,,,
MACK,wood,EIB417,Davis,2021,EIB77_773_Parks Canada_Results,Tag3488,596,,161,173,181,181,241,269,238,254,85,91,180,184,207,211,141,143,146,146,0,0,165,175,102,102,123,123,103,103,118,118,167,167,227,229,190,190,181,187,113,113,156,158,89,91,90,90,141,141,146,148,87,87,191,191,101,103,158,162,142,142,140,140,170,176,89,89,92,94,165,167,146,146,172,172,106,110,100,100,81,83,262,262,103,91,143,143,124,132,238,238,154,154,128,130,246,254,142,148,155,157,136,136,149,151,,,,,,,,,,,,,,,,,,,,,,,,,,,,,,,,,,,,,,,,,,,,,,,,,,,,,,,,,
MACK,wood,EIB418,Davis,2021,EIB77_773_Parks Canada_Results,Tag3489,597,,165,173,177,191,253,269,238,238,85,89,180,192,201,205,129,143,146,164,116,116,175,181,104,92,123,125,103,105,114,114,167,167,229,231,194,194,179,187,113,115,156,158,91,91,90,90,145,145,146,150,87,89,189,195,101,99,162,162,142,158,140,146,170,170,83,89,91,92,167,175,146,146,176,178,110,112,106,106,81,83,260,262,103,103,143,143,124,132,238,238,154,154,130,132,252,252,142,142,155,159,136,138,145,151,,,,,,,,,,,,,,,,,,,,,,,,,,,,,,,,,,,,,,,,,,,,,,,,,,,,,,,,,
MACK,wood,EIB419,Davis,2021,EIB77_773_Parks Canada_Results,Tag3490,598,,161,173,181,191,253,253,252,252,81,91,184,196,205,207,129,129,146,164,116,116,175,183,102,104,125,129,103,103,120,120,167,167,227,233,194,194,179,179,113,115,158,158,89,91,90,90,135,147,148,150,87,87,191,195,101,103,147,161,158,158,138,140,170,170,89,89,91,91,165,175,150,150,178,178,106,112,108,108,83,83,260,262,103,85,143,143,122,124,238,238,154,154,114,132,246,254,142,150,157,159,134,136,145,153,,,,,,,,,,,,,,,,,,,,,,,,,,,,,,,,,,,,,,,,,,,,,,,,,,,,,,,,,
MACK,wood,EIB420,Davis,2021,EIB77_773_Parks Canada_Results,Tag3491,599,,161,165,181,191,253,253,232,252,81,85,180,184,205,211,141,141,146,152,116,116,165,183,102,104,129,129,103,103,114,114,161,167,231,231,194,194,179,179,113,115,156,156,91,91,102,90,145,145,150,150,87,87,189,191,103,103,158,162,158,164,140,140,176,176,89,95,91,92,167,173,150,150,174,178,110,90,108,108,83,83,256,262,103,103,143,145,132,132,228,228,154,156,130,132,250,252,142,142,155,157,134,134,145,153,,,,,,,,,,,,,,,,,,,,,,,,,,,,,,,,,,,,,,,,,,,,,,,,,,,,,,,,,
MACK,wood,EIB421,Davis,2021,EIB77_773_Parks Canada_Results,Tag3493,600,,165,173,181,181,269,269,238,238,85,89,184,190,205,205,129,143,146,166,116,116,183,183,102,104,127,129,103,103,118,118,167,167,227,229,194,200,179,181,108,115,156,158,89,91,90,90,141,147,148,150,87,87,191,191,101,95,158,162,158,162,140,140,170,172,89,89,91,91,167,175,140,150,172,172,106,112,104,104,83,83,256,262,103,93,143,143,122,124,0,0,154,156,130,132,252,252,142,142,155,155,134,134,145,149,,,,,,,,,,,,,,,,,,,,,,,,,,,,,,,,,,,,,,,,,,,,,,,,,,,,,,,,,
MACK,wood,EIB406,Davis,2021,EIB77_773_Parks Canada_Results,Tag3640,586,,173,173,181,191,253,271,238,238,85,85,180,196,205,205,143,143,152,152,116,116,165,175,96,98,127,129,103,103,116,116,167,167,227,231,190,194,181,187,113,115,158,158,89,91,90,90,135,145,148,150,87,89,191,195,101,95,162,162,162,166,140,140,170,176,89,89,92,94,173,177,140,150,172,174,110,110,108,108,77,85,262,262,103,93,143,143,124,124,228,238,154,156,128,130,252,252,142,148,157,159,136,136,145,145,,,,,,,,,,,,,,,,,,,,,,,,,,,,,,,,,,,,,,,,,,,,,,,,,,,,,,,,,
MACK,wood,EIB407,Davis,2021,EIB77_773_Parks Canada_Results,Tag3641,587,,173,173,191,191,253,269,238,238,87,91,180,180,201,205,129,143,152,152,116,116,165,175,102,104,125,129,104,105,104,104,167,167,227,227,194,194,179,179,113,113,154,158,89,89,90,90,141,141,150,154,87,89,191,195,101,101,158,162,142,142,127,127,170,176,89,95,91,92,165,173,140,146,182,182,108,110,104,104,81,83,262,262,103,103,143,143,124,124,238,238,154,160,130,134,252,252,142,148,157,157,134,134,149,151,,,,,,,,,,,,,,,,,,,,,,,,,,,,,,,,,,,,,,,,,,,,,,,,,,,,,,,,,
MACK,wood,EIB405,Davis,2021,EIB77_773_Parks Canada_Results,Tag3644,585,,161,173,181,191,241,253,238,252,91,91,180,192,205,215,143,143,152,158,116,116,175,175,102,96,125,129,103,105,120,120,167,167,225,229,188,194,179,179,115,115,154,160,89,91,90,90,135,141,150,150,87,87,191,191,101,95,161,162,142,142,127,148,170,176,89,89,94,94,173,173,140,150,182,182,110,112,104,104,83,85,260,262,89,97,143,145,124,132,236,238,144,156,114,132,246,252,142,150,155,159,136,136,145,153,,,,,,,,,,,,,,,,,,,,,,,,,,,,,,,,,,,,,,,,,,,,,,,,,,,,,,,,,
NAH,wood,EIB584,Davis,2021,EIB77_773_Parks Canada_Results,18-11515,602,,161,173,177,181,247,247,232,238,85,85,184,198,211,211,129,143,152,152,0,0,165,185,92,92,125,131,103,103,118,118,161,161,231,233,194,200,185,185,108,115,154,156,89,93,100,90,137,147,146,150,87,87,195,195,101,99,158,161,142,158,127,150,170,186,83,89,91,91,173,177,152,152,172,178,106,106,104,112,81,83,262,262,89,97,147,147,122,132,236,236,144,156,130,130,250,254,138,138,155,157,134,134,0,0,,,,,,,,,,,,,,,,,,,,,,,,,,,,,,,,,,,,,,,,,,,,,,,,,,,,,,,,,
NAH,wood,EIB583,Davis,2021,EIB77_773_Parks Canada_Results,18-11516,601,,0,0,177,191,247,247,238,238,85,85,0,0,205,211,143,153,152,162,108,118,165,165,0,0,125,127,103,103,114,118,0,0,229,231,200,200,185,187,108,108,154,160,89,93,100,90,0,0,146,150,87,91,189,195,97,99,158,160,142,142,127,127,170,186,89,89,0,0,173,177,140,152,180,180,106,112,104,112,83,83,0,0,89,97,143,147,122,124,236,240,144,154,130,130,246,254,72,73,155,157,134,136,0,0,,,,,,,,,,,,,,,,,,,,,,,,,,,,,,,,,,,,,,,,,,,,,,,,,,,,,,,,,
NORD,wood,EIB564,Davis,2021,EIB77_773_Parks Canada_Results,BIBI100209A,603,,161,169,181,181,253,253,232,252,89,89,180,180,205,207,129,149,152,152,116,116,175,183,104,96,123,129,103,103,104,104,167,167,229,233,190,194,179,187,113,113,156,156,89,91,90,90,135,135,150,150,87,87,191,191,103,95,147,160,144,144,142,142,170,172,85,89,91,91,167,167,150,150,174,174,112,90,108,108,81,83,260,260,91,93,143,143,124,132,228,238,144,154,128,128,252,252,138,148,155,157,138,138,151,153,,,,,,,,,,,,,,,,,,,,,,,,,,,,,,,,,,,,,,,,,,,,,,,,,,,,,,,,,
NORD,wood,EIB565,Davis,2021,EIB77_773_Parks Canada_Results,BIBI100209B,604,,161,161,181,181,253,253,238,252,81,89,180,180,205,205,129,141,152,152,116,116,175,183,102,96,125,129,103,103,114,120,167,167,227,231,194,194,179,187,113,113,154,158,89,91,102,90,145,147,150,150,87,87,191,191,103,95,158,160,166,166,127,142,166,170,89,89,94,94,173,173,150,150,172,172,112,90,104,108,81,81,262,262,93,93,143,143,122,124,228,228,152,154,130,130,252,252,142,142,155,157,138,138,149,153,,,,,,,,,,,,,,,,,,,,,,,,,,,,,,,,,,,,,,,,,,,,,,,,,,,,,,,,,
NORD,wood,EIB568,Davis,2021,EIB77_773_Parks Canada_Results,BIBI121009A2,605,,161,165,181,181,253,253,254,254,87,89,180,180,205,205,129,129,146,146,116,118,179,183,102,98,129,129,103,103,104,104,167,167,227,231,188,194,179,187,108,115,156,158,89,89,90,90,135,145,146,150,87,89,191,191,103,95,161,162,142,144,127,148,166,170,85,89,91,91,173,175,150,150,174,174,110,112,100,100,83,83,260,262,103,93,143,143,126,132,238,238,144,156,130,130,252,252,142,148,155,157,136,138,149,153,,,,,,,,,,,,,,,,,,,,,,,,,,,,,,,,,,,,,,,,,,,,,,,,,,,,,,,,,
NORD,wood,EIB574,Davis,2021,EIB77_773_Parks Canada_Results,BIBI121210A1,607,,161,161,177,181,253,253,232,238,89,89,180,180,205,205,129,149,146,152,116,116,165,165,92,96,123,125,103,103,104,104,161,167,229,233,194,194,179,179,113,115,156,160,89,91,90,90,135,145,150,150,87,87,189,191,103,95,158,162,144,158,127,142,166,172,83,89,91,92,167,177,150,150,174,174,106,112,108,108,77,81,260,262,91,93,143,143,124,124,228,228,144,154,114,130,252,252,142,142,155,159,136,140,151,151,,,,,,,,,,,,,,,,,,,,,,,,,,,,,,,,,,,,,,,,,,,,,,,,,,,,,,,,,
NORD,wood,EIB573,Davis,2021,EIB77_773_Parks Canada_Results,BIBI301110A2,606,,161,169,181,181,253,253,232,232,89,89,180,180,205,207,143,143,146,146,116,116,165,165,96,96,123,125,103,103,104,104,167,167,229,233,190,194,179,179,113,115,156,160,89,91,88,90,135,141,150,150,87,91,191,191,95,95,160,160,144,158,142,142,172,172,83,83,92,92,177,177,146,150,174,174,106,110,104,108,81,81,260,260,91,93,143,143,124,132,228,238,154,154,128,128,252,252,142,148,155,159,134,136,149,151,,,,,,,,,,,,,,,,,,,,,,,,,,,,,,,,,,,,,,,,,,,,,,,,,,,,,,,,,
NORD,wood,EIB595,Davis,2021,EIB77_773_Parks Canada_Results,Nordquist 14-003,609,,165,169,181,191,253,253,232,238,89,89,180,184,205,205,129,129,146,152,116,118,165,175,102,104,125,129,103,103,104,104,167,167,229,231,190,194,179,187,108,113,156,160,89,91,88,90,141,145,148,150,87,91,191,195,95,95,158,160,142,142,127,140,166,172,85,95,91,91,173,177,140,150,174,176,112,112,100,100,81,83,260,262,103,97,143,143,132,132,228,236,144,154,128,130,252,252,142,142,159,159,138,138,149,151,,,,,,,,,,,,,,,,,,,,,,,,,,,,,,,,,,,,,,,,,,,,,,,,,,,,,,,,,
NORD,wood,EIB594,Davis,2021,EIB77_773_Parks Canada_Results,Nordquist 14-004,608,,161,165,181,181,253,253,232,238,89,89,180,196,207,211,129,141,152,154,116,118,175,183,102,102,123,129,103,103,104,104,167,167,227,231,190,190,181,187,113,115,158,158,89,89,102,102,145,145,150,150,87,91,189,191,95,95,147,147,166,166,140,146,170,172,89,95,92,94,173,177,150,150,174,176,106,110,108,108,81,81,262,262,93,93,143,143,124,132,228,238,144,154,130,130,252,252,138,148,155,159,134,136,149,151,,,,,,,,,,,,,,,,,,,,,,,,,,,,,,,,,,,,,,,,,,,,,,,,,,,,,,,,,
WBNPGR,wood,EIB355,Davis,2021,EIB77_773_Parks Canada_Results,Wood Buffalo NP 108,619,,161,165,181,191,241,247,250,254,85,87,180,192,211,215,129,129,152,152,108,116,165,183,104,104,125,129,103,105,104,104,167,167,225,229,190,194,179,187,113,115,158,158,91,91,90,90,135,145,146,148,87,89,189,191,101,95,160,160,142,142,127,140,168,178,85,95,92,94,167,173,140,150,172,172,106,112,100,104,81,83,260,262,103,97,143,143,124,132,224,228,144,156,130,130,252,252,142,150,155,155,134,136,149,151,,,,,,,,,,,,,,,,,,,,,,,,,,,,,,,,,,,,,,,,,,,,,,,,,,,,,,,,,
WBNPGR,wood,EIB292,Davis,2021,EIB77_773_Parks Canada_Results,Wood Buffalo NP 21,610,,161,161,181,191,253,273,252,252,85,91,184,184,205,211,129,143,152,158,116,116,165,179,104,98,129,129,103,103,104,104,167,167,225,227,194,202,185,191,113,113,156,158,89,93,100,90,135,141,146,148,87,89,191,195,101,103,158,162,142,162,127,140,170,174,89,89,95,95,163,173,140,148,172,172,106,112,104,104,81,83,258,260,103,97,143,143,122,124,238,240,154,154,118,130,252,252,142,150,155,159,134,140,149,151,,,,,,,,,,,,,,,,,,,,,,,,,,,,,,,,,,,,,,,,,,,,,,,,,,,,,,,,,
WBNPGR,wood,EIB293,Davis,2021,EIB77_773_Parks Canada_Results,Wood Buffalo NP 22,611,,167,169,181,191,253,253,238,238,81,85,180,196,205,205,129,141,146,152,116,116,165,183,102,104,129,129,103,103,122,122,167,167,227,229,188,194,179,181,113,115,156,158,89,89,102,90,141,145,146,146,89,89,189,191,101,103,158,162,142,142,127,127,170,172,83,89,91,91,173,177,140,150,176,182,112,112,100,100,81,81,262,262,103,97,143,143,124,132,228,238,160,160,130,130,246,252,142,142,155,159,134,136,149,151,,,,,,,,,,,,,,,,,,,,,,,,,,,,,,,,,,,,,,,,,,,,,,,,,,,,,,,,,
WBNPGR,wood,EIB294,Davis,2021,EIB77_773_Parks Canada_Results,Wood Buffalo NP 23,612,,165,165,181,191,253,269,238,250,87,91,196,196,205,211,129,129,146,152,108,116,183,183,102,104,129,129,103,103,114,114,161,167,229,231,194,202,175,187,113,115,156,158,89,89,100,90,135,135,150,150,87,87,189,189,101,99,162,162,142,142,127,142,170,170,83,85,92,95,175,177,150,150,174,176,110,94,104,104,81,81,260,260,103,97,143,143,124,132,228,240,154,154,130,130,248,252,142,148,155,155,136,138,145,149,,,,,,,,,,,,,,,,,,,,,,,,,,,,,,,,,,,,,,,,,,,,,,,,,,,,,,,,,
WBNPGR,wood,EIB295,Davis,2021,EIB77_773_Parks Canada_Results,Wood Buffalo NP 24,613,,169,173,181,181,241,253,232,238,89,89,180,184,205,207,129,143,146,152,116,116,175,183,98,98,125,129,103,103,114,114,165,167,227,229,190,194,179,179,113,115,158,158,89,91,90,90,141,141,146,150,87,87,189,189,101,103,162,170,142,142,127,127,176,176,89,89,91,91,167,173,150,150,172,174,106,106,104,104,83,83,260,260,103,89,143,145,124,124,238,240,144,154,130,130,252,252,150,150,157,157,136,138,149,149,,,,,,,,,,,,,,,,,,,,,,,,,,,,,,,,,,,,,,,,,,,,,,,,,,,,,,,,,
WBNPGR,wood,EIB296,Davis,2021,EIB77_773_Parks Canada_Results,Wood Buffalo NP 25,614,,167,173,191,191,253,269,232,238,89,91,180,196,205,205,129,129,146,146,116,116,181,183,104,104,129,129,103,103,104,120,161,167,227,229,194,194,179,187,115,115,154,158,89,89,90,90,145,145,146,150,87,91,189,189,95,97,160,161,142,164,140,148,172,174,89,89,92,95,167,177,140,140,174,174,108,112,100,112,83,83,260,262,103,93,143,143,124,124,238,238,144,156,128,130,252,252,142,150,155,157,134,136,149,149,,,,,,,,,,,,,,,,,,,,,,,,,,,,,,,,,,,,,,,,,,,,,,,,,,,,,,,,,
WBNPGR,wood,EIB297,Davis,2021,EIB77_773_Parks Canada_Results,Wood Buffalo NP 26,615,,161,165,181,181,241,247,238,250,89,89,180,180,207,211,129,143,152,152,116,116,175,183,102,104,125,129,103,103,114,120,167,167,229,229,188,194,179,181,115,115,158,158,89,89,104,90,145,145,150,150,87,87,189,191,103,103,154,160,142,168,142,142,170,176,83,89,92,95,167,173,146,148,170,174,106,112,100,106,0,0,260,262,103,93,143,143,122,124,228,238,154,156,130,132,244,246,148,150,155,155,134,136,145,151,,,,,,,,,,,,,,,,,,,,,,,,,,,,,,,,,,,,,,,,,,,,,,,,,,,,,,,,,
WBNPGR,wood,EIB298,Davis,2021,EIB77_773_Parks Canada_Results,Wood Buffalo NP 27,616,,161,161,181,181,253,269,232,238,89,89,192,196,205,207,129,141,150,152,116,116,165,165,104,92,129,129,103,103,104,104,167,167,229,229,194,200,179,181,113,113,158,160,89,93,90,90,135,145,150,154,87,87,191,195,101,95,160,170,158,168,127,146,172,174,85,89,91,92,173,173,146,150,174,174,108,112,108,108,81,83,260,260,83,99,143,143,124,124,228,240,154,154,130,132,252,252,142,148,155,155,138,138,145,149,,,,,,,,,,,,,,,,,,,,,,,,,,,,,,,,,,,,,,,,,,,,,,,,,,,,,,,,,
WBNPGR,wood,EIB299,Davis,2021,EIB77_773_Parks Canada_Results,Wood Buffalo NP 28,617,,167,173,179,191,269,271,232,254,85,87,196,198,205,211,129,143,146,152,116,118,179,179,104,104,123,129,103,103,114,114,167,167,225,225,194,200,179,187,113,113,156,158,89,91,102,90,135,141,150,150,87,89,189,189,103,97,143,160,142,168,146,146,168,172,89,89,92,92,167,175,140,150,172,174,110,110,108,108,83,83,260,262,103,103,143,143,124,124,228,238,154,156,114,134,250,254,142,148,155,159,136,140,149,149,,,,,,,,,,,,,,,,,,,,,,,,,,,,,,,,,,,,,,,,,,,,,,,,,,,,,,,,,
WBNPGR,wood,EIB331,Davis,2021,EIB77_773_Parks Canada_Results,Wood Buffalo NP 62,618,,165,173,177,181,241,249,232,238,81,85,180,192,211,215,129,129,152,158,108,116,165,179,104,98,125,125,103,103,104,104,167,167,227,229,190,194,185,187,115,115,156,158,91,93,100,90,135,145,146,150,87,87,191,191,101,95,160,162,142,158,127,148,176,178,83,85,91,91,165,173,150,150,174,174,108,112,108,108,83,83,262,262,93,93,143,143,124,126,228,238,154,154,114,130,250,252,148,150,157,159,134,136,149,153,,,,,,,,,,,,,,,,,,,,,,,,,,,,,,,,,,,,,,,,,,,,,,,,,,,,,,,,,
WBNPHC,wood,EIB602,Davis,2021,EIB77_773_Parks Canada_Results,BSN-04,644,,161,173,181,181,253,271,232,238,89,89,184,192,201,205,129,129,152,152,0,0,165,165,102,104,129,129,103,103,104,104,161,167,229,229,188,194,181,181,108,115,158,158,89,91,90,90,145,145,146,146,87,89,189,191,103,103,158,160,142,166,127,127,170,172,85,89,91,91,167,173,150,152,174,174,106,112,104,104,81,83,260,262,93,97,143,143,132,132,228,238,154,154,128,130,252,252,142,142,155,157,134,138,149,149,,,,,,,,,,,,,,,,,,,,,,,,,,,,,,,,,,,,,,,,,,,,,,,,,,,,,,,,,
WBNPHC,wood,EIB604,Davis,2021,EIB77_773_Parks Canada_Results,BSN-06,645,,161,173,179,181,241,253,238,238,81,89,180,192,205,205,129,129,146,158,116,116,165,179,104,92,125,129,103,103,114,114,161,167,229,229,194,194,181,187,115,115,158,158,89,91,102,90,141,141,150,150,87,87,189,191,103,97,143,147,168,168,138,148,174,174,89,89,95,95,159,177,140,146,174,176,106,110,100,108,83,85,260,262,105,97,143,143,124,124,238,238,144,154,134,134,252,252,142,142,155,159,136,136,145,151,,,,,,,,,,,,,,,,,,,,,,,,,,,,,,,,,,,,,,,,,,,,,,,,,,,,,,,,,
WBNPHC,wood,EIB605,Davis,2021,EIB77_773_Parks Canada_Results,BSN-07,646,,161,165,179,181,0,0,238,252,89,91,184,192,203,205,143,149,146,152,0,0,175,181,102,96,125,129,103,103,104,114,167,167,225,231,194,194,181,181,113,115,158,158,89,89,102,90,141,145,150,150,89,89,191,191,101,101,161,162,158,164,140,142,170,170,89,95,91,92,165,175,146,150,174,174,112,112,100,108,83,85,0,0,91,97,143,145,124,124,0,0,154,154,130,132,252,252,138,142,155,155,136,136,0,0,,,,,,,,,,,,,,,,,,,,,,,,,,,,,,,,,,,,,,,,,,,,,,,,,,,,,,,,,
WBNPHC,wood,EIB619,Davis,2021,EIB77_773_Parks Canada_Results,BSN-49,647,,161,165,181,181,247,253,232,238,89,89,180,184,205,207,129,143,146,158,118,118,165,175,104,104,123,125,103,105,104,104,167,167,229,229,194,194,181,187,113,115,158,158,89,91,102,90,135,141,150,154,87,87,189,189,101,95,158,158,166,168,140,150,170,174,89,89,91,91,165,177,140,146,172,182,106,106,104,104,83,83,260,262,103,89,143,143,124,124,236,238,144,154,130,132,252,252,142,142,155,159,134,138,145,151,,,,,,,,,,,,,,,,,,,,,,,,,,,,,,,,,,,,,,,,,,,,,,,,,,,,,,,,,
WBNPHC,wood,EIB620,Davis,2021,EIB77_773_Parks Canada_Results,BSN-50,648,,161,169,181,181,269,271,232,238,81,89,184,192,211,211,129,149,152,158,0,0,175,183,102,96,125,125,103,103,120,120,161,167,229,229,194,200,181,187,108,115,158,160,89,91,90,90,141,145,146,146,87,91,189,191,101,95,158,170,142,158,148,148,168,172,85,89,91,95,165,177,146,150,176,182,108,112,104,104,81,85,262,262,89,97,143,145,132,132,228,236,154,154,128,130,252,252,138,150,155,155,136,138,149,151,,,,,,,,,,,,,,,,,,,,,,,,,,,,,,,,,,,,,,,,,,,,,,,,,,,,,,,,,
WBNPHC,wood,EIB624,Davis,2021,EIB77_773_Parks Canada_Results,BSN-54,649,,161,165,181,181,269,269,238,252,85,89,180,192,201,205,129,149,146,152,116,116,175,175,102,104,123,129,103,103,104,104,161,167,227,229,190,194,175,181,115,115,154,156,89,89,102,90,145,145,150,150,87,87,195,195,103,95,160,162,142,142,140,140,166,172,89,89,91,91,173,175,146,150,172,174,110,112,108,108,83,83,260,262,103,93,143,143,124,124,228,236,154,160,130,130,252,252,142,148,153,155,140,142,149,153,,,,,,,,,,,,,,,,,,,,,,,,,,,,,,,,,,,,,,,,,,,,,,,,,,,,,,,,,
WBNPHC,wood,EIB625,Davis,2021,EIB77_773_Parks Canada_Results,BSN-55,650,,161,173,181,191,253,253,238,238,89,89,184,192,211,215,129,149,146,152,116,116,183,183,104,104,123,127,103,103,120,120,161,167,227,229,190,200,181,181,115,115,158,160,89,91,88,90,141,141,146,148,87,87,189,191,101,99,149,162,142,158,140,142,170,172,85,89,91,95,165,177,140,148,172,174,112,90,108,108,81,83,262,262,89,93,143,143,124,132,228,228,154,154,128,130,252,252,142,142,155,157,134,138,151,153,,,,,,,,,,,,,,,,,,,,,,,,,,,,,,,,,,,,,,,,,,,,,,,,,,,,,,,,,
WBNPHC,wood,EIB626,Davis,2021,EIB77_773_Parks Canada_Results,BSN-57,651,,173,173,177,181,253,269,238,238,89,89,196,196,205,207,141,143,146,152,116,116,175,179,104,96,125,129,103,105,118,118,167,167,229,229,194,194,181,187,115,115,158,158,89,89,102,90,135,135,150,154,87,87,189,191,103,95,158,161,166,166,142,142,174,174,89,89,91,92,173,177,150,150,172,172,106,112,104,104,81,83,260,262,83,85,143,145,132,132,228,238,154,154,128,128,252,252,142,150,155,159,138,138,149,149,,,,,,,,,,,,,,,,,,,,,,,,,,,,,,,,,,,,,,,,,,,,,,,,,,,,,,,,,
WBNPHC,wood,EIB629,Davis,2021,EIB77_773_Parks Canada_Results,BSN-60,652,,165,173,181,191,253,269,238,252,87,91,180,184,205,205,129,129,142,152,116,118,165,179,104,98,123,125,103,103,114,118,167,167,225,229,194,200,181,187,108,109,158,158,89,89,90,90,141,141,146,150,87,87,189,191,103,95,158,160,142,168,127,127,168,172,83,89,92,92,163,177,150,150,172,176,106,108,108,108,83,83,260,262,103,93,143,143,124,132,238,240,154,156,128,130,244,252,142,142,155,157,134,136,145,149,,,,,,,,,,,,,,,,,,,,,,,,,,,,,,,,,,,,,,,,,,,,,,,,,,,,,,,,,
WBNPHC,wood,EIB630,Davis,2021,EIB77_773_Parks Canada_Results,BSN-61,653,,169,173,179,191,253,269,238,252,81,91,180,180,205,205,129,133,146,152,116,116,183,183,104,104,127,127,103,103,104,104,167,167,229,229,190,200,179,185,115,115,158,158,89,89,102,88,141,145,146,148,85,87,189,191,103,99,160,162,142,158,140,150,170,174,85,89,92,94,177,177,146,146,172,174,110,112,104,104,83,83,260,262,103,97,143,143,124,124,228,228,154,154,130,130,246,252,142,142,155,157,134,136,149,149,,,,,,,,,,,,,,,,,,,,,,,,,,,,,,,,,,,,,,,,,,,,,,,,,,,,,,,,,
WBNPHC,wood,EIB631,Davis,2021,EIB77_773_Parks Canada_Results,BSN-62,654,,161,173,181,191,241,253,238,238,85,89,192,192,201,205,129,129,146,152,116,118,175,183,102,104,129,129,103,103,114,118,167,167,229,229,194,200,179,187,113,115,156,160,89,91,102,102,141,141,150,150,87,87,189,189,101,95,160,162,142,158,146,148,172,174,89,89,91,92,173,177,150,150,172,182,106,110,100,104,77,83,260,262,103,93,143,143,124,124,228,240,154,160,118,130,252,252,142,150,157,159,134,138,149,153,,,,,,,,,,,,,,,,,,,,,,,,,,,,,,,,,,,,,,,,,,,,,,,,,,,,,,,,,
WBNPHC,wood,EIB632,Davis,2021,EIB77_773_Parks Canada_Results,BSN-63,655,,161,165,181,191,253,253,238,238,89,89,180,184,205,211,129,143,146,152,116,118,183,183,102,98,127,129,103,105,116,118,161,161,229,229,194,200,179,181,108,113,158,158,91,91,90,90,135,141,150,150,87,87,189,189,103,103,158,162,142,142,127,140,172,174,81,83,91,92,173,177,150,152,172,172,112,112,100,108,81,81,260,262,103,91,143,147,124,132,228,238,144,154,130,132,246,252,142,150,155,159,138,138,149,149,,,,,,,,,,,,,,,,,,,,,,,,,,,,,,,,,,,,,,,,,,,,,,,,,,,,,,,,,
WBNPHC,wood,EIB633,Davis,2021,EIB77_773_Parks Canada_Results,BSN-64,656,,161,173,181,191,241,269,238,238,85,87,180,192,205,211,129,129,150,152,116,118,165,175,104,104,127,129,103,103,116,118,167,167,225,229,194,200,179,187,113,113,158,160,91,91,102,90,135,141,150,150,87,87,189,189,101,103,160,160,142,158,148,148,172,172,89,89,92,92,177,177,140,150,172,174,106,112,100,108,81,83,260,262,89,93,143,143,122,124,228,236,154,160,130,130,252,252,142,150,153,159,134,138,149,151,,,,,,,,,,,,,,,,,,,,,,,,,,,,,,,,,,,,,,,,,,,,,,,,,,,,,,,,,
WBNPHC,wood,EIB634,Davis,2021,EIB77_773_Parks Canada_Results,BSN-65,657,,159,167,181,181,253,253,232,238,81,89,180,192,205,211,143,149,146,150,116,118,175,175,102,102,123,129,103,104,114,118,161,167,231,233,188,200,179,179,113,113,158,158,89,91,102,90,135,141,146,150,87,87,189,191,95,95,143,162,142,166,127,127,172,176,89,89,91,92,175,177,146,150,172,174,106,106,108,112,81,83,260,262,83,97,143,143,124,132,228,238,154,156,128,130,250,252,142,150,155,155,132,138,145,149,,,,,,,,,,,,,,,,,,,,,,,,,,,,,,,,,,,,,,,,,,,,,,,,,,,,,,,,,
WBNPHC,wood,EIB635,Davis,2021,EIB77_773_Parks Canada_Results,BSN-66,658,,165,165,181,181,241,253,238,238,81,91,180,184,205,207,129,133,150,162,0,0,165,183,102,92,123,129,103,103,114,116,167,167,227,227,188,190,179,181,108,113,154,158,89,93,102,90,135,145,150,150,87,89,189,195,103,103,158,158,142,142,127,142,172,176,89,89,91,92,173,173,146,150,172,174,108,112,104,112,83,83,260,260,103,103,143,143,124,136,228,228,154,154,130,134,252,252,142,148,155,155,132,140,149,151,,,,,,,,,,,,,,,,,,,,,,,,,,,,,,,,,,,,,,,,,,,,,,,,,,,,,,,,,
WBNPHC,wood,EIB636,Davis,2021,EIB77_773_Parks Canada_Results,BSN-67,659,,161,169,181,181,241,253,232,238,85,89,180,190,207,211,129,129,146,152,116,116,179,183,102,104,125,129,103,103,114,114,167,167,225,227,188,200,175,179,115,115,158,158,89,91,90,90,141,145,150,150,87,89,189,189,95,99,160,162,142,144,127,146,170,174,81,81,91,92,173,173,150,150,174,182,106,110,104,104,77,81,260,262,93,93,143,143,124,124,228,238,154,154,128,128,252,254,142,148,155,159,136,138,145,149,,,,,,,,,,,,,,,,,,,,,,,,,,,,,,,,,,,,,,,,,,,,,,,,,,,,,,,,,
WBNPHC,wood,EIB638,Davis,2021,EIB77_773_Parks Canada_Results,BSN-69,660,,165,165,181,193,241,253,238,238,89,89,180,184,205,207,129,143,152,152,116,116,165,165,104,98,129,129,103,103,118,118,161,167,229,229,190,194,179,181,113,115,156,158,89,91,90,90,145,145,146,146,87,87,189,189,101,99,149,162,142,142,127,148,172,174,89,89,91,91,173,177,150,150,172,178,112,112,108,112,81,83,260,260,103,91,143,143,124,132,238,238,144,154,130,132,246,252,142,142,155,159,134,138,149,153,,,,,,,,,,,,,,,,,,,,,,,,,,,,,,,,,,,,,,,,,,,,,,,,,,,,,,,,,
WBNPHC,wood,EIB639,Davis,2021,EIB77_773_Parks Canada_Results,BSN-70,661,,165,165,181,181,241,253,238,252,85,91,180,180,205,215,129,143,152,152,108,116,179,179,104,104,125,129,103,103,104,120,161,167,229,229,190,194,179,187,108,115,158,158,89,91,102,102,145,145,146,146,87,89,191,191,95,99,160,162,142,162,140,146,168,174,85,89,91,95,167,173,146,150,172,174,108,110,100,108,81,81,256,262,103,93,143,143,120,122,228,238,154,154,130,132,246,252,142,150,155,155,138,138,147,151,,,,,,,,,,,,,,,,,,,,,,,,,,,,,,,,,,,,,,,,,,,,,,,,,,,,,,,,,
WBNPHC,wood,EIB351,Davis,2021,EIB77_773_Parks Canada_Results,Wood Buffalo NP 104,640,,169,173,181,181,241,253,232,248,89,91,180,180,205,205,129,129,152,152,116,116,183,183,102,104,129,131,103,103,114,114,167,167,229,231,194,194,187,187,115,115,154,158,89,91,102,90,141,141,148,150,87,87,189,191,101,103,160,162,168,168,127,142,172,176,89,89,91,94,167,173,140,146,172,174,110,112,112,112,81,83,260,262,103,83,143,143,132,132,238,238,154,154,130,130,252,252,142,150,155,157,134,136,149,153,,,,,,,,,,,,,,,,,,,,,,,,,,,,,,,,,,,,,,,,,,,,,,,,,,,,,,,,,
WBNPHC,wood,EIB352,Davis,2021,EIB77_773_Parks Canada_Results,Wood Buffalo NP 105,641,,169,169,177,191,253,269,238,248,89,89,192,196,207,207,129,129,152,152,116,116,165,183,102,104,125,129,103,103,104,104,167,167,229,229,194,194,179,181,108,113,158,158,89,89,100,102,145,147,146,146,87,87,189,195,95,95,170,170,168,168,127,138,174,178,81,89,91,92,167,177,146,150,172,182,106,112,108,108,81,83,260,262,103,97,143,143,124,132,228,228,154,154,130,130,252,252,142,142,155,155,134,138,149,153,,,,,,,,,,,,,,,,,,,,,,,,,,,,,,,,,,,,,,,,,,,,,,,,,,,,,,,,,
WBNPHC,wood,EIB353,Davis,2021,EIB77_773_Parks Canada_Results,Wood Buffalo NP 106,642,,161,161,181,193,269,269,232,238,91,91,180,192,205,207,129,143,148,158,108,116,175,183,102,92,121,125,102,103,114,114,161,167,229,229,188,194,179,187,108,115,156,160,89,91,90,90,135,145,150,150,87,87,189,191,103,99,158,160,168,168,127,127,170,172,81,95,91,95,163,163,146,152,172,182,106,94,108,108,81,83,260,262,103,93,143,143,124,124,238,240,154,154,130,130,252,254,142,150,155,157,134,136,145,151,,,,,,,,,,,,,,,,,,,,,,,,,,,,,,,,,,,,,,,,,,,,,,,,,,,,,,,,,
WBNPHC,wood,EIB354,Davis,2021,EIB77_773_Parks Canada_Results,Wood Buffalo NP 107,643,,165,173,181,183,241,253,238,238,89,89,180,184,205,205,129,143,146,152,108,116,175,175,104,96,125,129,103,103,104,104,167,167,225,229,190,194,179,187,108,115,156,156,89,91,88,90,135,141,146,150,87,89,189,189,101,95,158,170,142,162,127,140,174,178,89,89,91,94,167,175,140,150,172,178,106,110,104,104,83,83,260,260,93,93,143,143,124,124,238,238,144,154,128,130,252,252,142,148,155,157,134,136,145,149,,,,,,,,,,,,,,,,,,,,,,,,,,,,,,,,,,,,,,,,,,,,,,,,,,,,,,,,,
WBNPHC,wood,EIB300,Davis,2021,EIB77_773_Parks Canada_Results,Wood Buffalo NP 29,620,,173,173,177,181,239,241,238,252,89,91,180,198,207,211,129,143,152,158,116,118,183,183,102,98,129,129,103,103,114,118,167,167,229,229,194,200,181,187,113,115,156,158,89,91,102,90,135,135,146,150,87,87,189,191,103,103,158,160,158,170,127,127,170,172,83,89,92,92,167,173,146,146,174,174,108,112,100,108,83,83,256,262,89,91,143,143,132,132,228,238,154,160,130,130,246,252,142,142,151,155,138,138,149,151,,,,,,,,,,,,,,,,,,,,,,,,,,,,,,,,,,,,,,,,,,,,,,,,,,,,,,,,,
WBNPHC,wood,EIB301,Davis,2021,EIB77_773_Parks Canada_Results,Wood Buffalo NP 30,621,,161,165,179,181,269,271,238,252,87,89,180,180,205,205,129,129,146,146,118,118,179,181,102,104,123,125,103,103,114,114,167,167,225,227,188,200,179,191,108,115,156,156,91,91,90,90,141,145,154,154,87,89,189,189,103,95,162,162,142,166,140,140,172,174,85,85,91,91,173,173,150,150,172,174,106,106,108,108,81,81,262,262,103,97,143,143,124,124,228,238,144,154,130,134,252,252,142,142,153,155,134,136,145,153,,,,,,,,,,,,,,,,,,,,,,,,,,,,,,,,,,,,,,,,,,,,,,,,,,,,,,,,,
WBNPHC,wood,EIB302,Davis,2021,EIB77_773_Parks Canada_Results,Wood Buffalo NP 31,622,,169,173,181,189,253,253,238,254,87,89,180,192,205,215,141,143,152,162,116,118,181,183,104,104,127,129,103,103,114,114,167,167,225,229,188,194,181,187,115,115,156,158,89,93,90,90,145,145,146,146,87,87,191,191,103,95,160,160,142,144,146,148,172,172,81,89,91,91,175,175,146,146,172,172,112,112,108,108,81,83,260,262,93,97,143,145,122,136,238,238,154,154,130,134,252,252,142,150,153,159,134,134,151,153,,,,,,,,,,,,,,,,,,,,,,,,,,,,,,,,,,,,,,,,,,,,,,,,,,,,,,,,,
WBNPHC,wood,EIB303,Davis,2021,EIB77_773_Parks Canada_Results,Wood Buffalo NP 32,623,,161,173,181,181,241,253,238,238,89,91,180,192,205,211,129,143,146,146,114,116,165,175,104,104,123,129,103,103,114,114,167,167,231,231,194,194,187,187,115,115,156,158,89,89,90,90,135,145,150,150,87,89,189,189,101,99,158,161,156,168,140,146,170,176,89,89,91,92,175,177,140,150,174,176,112,90,104,104,77,83,260,262,93,97,143,145,124,132,238,238,154,154,128,130,246,252,138,148,155,155,136,136,149,151,,,,,,,,,,,,,,,,,,,,,,,,,,,,,,,,,,,,,,,,,,,,,,,,,,,,,,,,,
WBNPHC,wood,EIB304,Davis,2021,EIB77_773_Parks Canada_Results,Wood Buffalo NP 33,624,,161,161,177,181,241,253,238,252,89,91,180,184,205,205,129,149,146,166,116,116,179,183,104,104,129,129,103,103,104,104,161,167,229,229,190,194,179,179,115,115,160,160,89,91,102,90,141,145,146,146,87,87,189,191,101,103,162,162,156,158,140,142,174,176,83,85,92,95,173,173,148,150,174,176,106,106,104,104,77,77,262,262,93,93,143,143,124,132,240,240,144,152,130,132,252,254,142,142,157,159,136,138,149,153,,,,,,,,,,,,,,,,,,,,,,,,,,,,,,,,,,,,,,,,,,,,,,,,,,,,,,,,,
WBNPHC,wood,EIB313,Davis,2021,EIB77_773_Parks Canada_Results,Wood Buffalo NP 42,625,,165,169,181,181,241,253,238,248,89,89,180,192,205,205,129,143,152,164,116,118,175,183,102,102,125,129,103,103,114,114,167,167,229,229,194,194,181,187,115,115,156,158,89,93,90,90,141,145,150,150,87,87,191,191,103,103,160,162,142,166,142,148,170,174,89,89,92,95,165,173,146,150,174,178,110,112,108,108,77,81,260,260,103,103,143,143,122,132,238,238,144,154,130,130,248,252,142,148,155,157,132,136,149,151,,,,,,,,,,,,,,,,,,,,,,,,,,,,,,,,,,,,,,,,,,,,,,,,,,,,,,,,,
WBNPHC,wood,EIB314,Davis,2021,EIB77_773_Parks Canada_Results,Wood Buffalo NP 43,626,,161,165,181,181,241,249,232,252,85,89,180,184,205,205,129,129,146,152,116,118,165,165,102,104,125,129,103,103,104,104,165,167,225,231,194,194,179,187,113,115,154,160,91,99,90,90,135,141,146,146,87,87,189,189,95,99,158,162,158,166,127,140,170,176,83,89,91,91,173,173,146,148,172,174,110,112,108,108,83,85,260,262,93,93,143,143,122,122,228,242,154,154,130,130,246,252,148,150,155,155,138,138,149,149,,,,,,,,,,,,,,,,,,,,,,,,,,,,,,,,,,,,,,,,,,,,,,,,,,,,,,,,,
WBNPHC,wood,EIB315,Davis,2021,EIB77_773_Parks Canada_Results,Wood Buffalo NP 44,627,,161,169,191,191,241,253,238,238,85,85,184,184,207,211,129,129,152,166,116,118,165,165,102,104,125,129,103,103,114,114,167,167,203,227,194,200,179,185,115,115,158,160,89,89,90,90,135,135,150,150,87,89,191,191,101,101,162,162,142,142,127,140,170,174,85,85,91,91,167,173,150,150,172,172,106,112,108,108,81,83,260,262,103,93,143,143,124,124,224,238,144,154,114,130,252,252,138,150,155,155,134,134,145,151,,,,,,,,,,,,,,,,,,,,,,,,,,,,,,,,,,,,,,,,,,,,,,,,,,,,,,,,,
WBNPHC,wood,EIB316,Davis,2021,EIB77_773_Parks Canada_Results,Wood Buffalo NP 45,628,,165,173,181,181,253,269,232,238,89,91,180,192,211,211,129,149,146,148,114,116,175,175,102,104,125,129,102,103,120,120,167,167,229,229,194,194,179,181,108,113,158,160,89,91,100,90,141,141,150,150,87,89,189,189,103,95,160,162,166,166,127,146,174,176,89,95,95,95,163,167,150,150,172,172,110,112,100,100,77,77,260,262,103,89,143,143,124,124,228,238,154,154,130,130,252,252,142,148,155,157,134,136,145,151,,,,,,,,,,,,,,,,,,,,,,,,,,,,,,,,,,,,,,,,,,,,,,,,,,,,,,,,,
WBNPHC,wood,EIB317,Davis,2021,EIB77_773_Parks Canada_Results,Wood Buffalo NP 46,629,,161,173,181,181,247,253,238,250,89,91,192,192,205,205,129,143,162,162,116,116,181,183,104,104,129,129,103,103,104,122,161,167,225,229,194,202,179,179,113,115,154,156,89,91,90,90,141,145,146,148,87,87,189,191,101,103,158,160,162,166,138,148,170,172,81,89,91,92,165,167,150,150,172,182,108,112,102,108,81,83,258,262,83,83,143,143,122,124,228,240,154,154,130,134,252,252,142,150,155,157,134,134,149,149,,,,,,,,,,,,,,,,,,,,,,,,,,,,,,,,,,,,,,,,,,,,,,,,,,,,,,,,,
WBNPHC,wood,EIB318,Davis,2021,EIB77_773_Parks Canada_Results,Wood Buffalo NP 47,630,,161,167,181,181,241,253,232,232,89,91,180,192,205,205,129,129,146,150,108,118,183,183,102,104,129,129,103,103,104,104,167,167,229,229,194,194,181,187,113,115,156,158,89,91,90,90,135,141,146,150,87,87,191,195,101,101,158,162,158,168,127,140,172,172,83,85,91,91,173,177,150,150,174,174,108,112,108,108,83,83,260,260,103,97,143,145,124,132,238,240,154,156,130,130,252,252,138,142,153,155,134,138,145,153,,,,,,,,,,,,,,,,,,,,,,,,,,,,,,,,,,,,,,,,,,,,,,,,,,,,,,,,,
WBNPHC,wood,EIB319,Davis,2021,EIB77_773_Parks Canada_Results,Wood Buffalo NP 48,631,,161,161,181,191,247,253,238,238,87,89,180,198,207,207,143,143,152,152,108,118,175,183,102,104,125,131,103,105,114,114,167,167,229,229,194,194,179,181,113,115,160,160,89,91,102,88,145,145,150,150,87,87,189,195,101,99,158,170,158,158,142,146,170,172,85,89,91,95,167,173,146,150,172,182,110,110,100,100,83,83,260,260,103,103,143,143,122,124,238,238,154,154,130,130,252,252,142,142,155,155,138,138,149,153,,,,,,,,,,,,,,,,,,,,,,,,,,,,,,,,,,,,,,,,,,,,,,,,,,,,,,,,,
WBNPHC,wood,EIB320,Davis,2021,EIB77_773_Parks Canada_Results,Wood Buffalo NP 49,632,,169,173,181,191,271,271,238,238,85,89,184,184,205,207,129,129,152,152,108,116,175,183,92,98,123,129,103,103,104,116,161,167,229,231,194,194,175,187,108,108,156,158,89,89,90,90,141,147,146,154,87,87,189,191,101,103,158,161,158,166,127,127,170,172,85,89,92,95,165,167,146,150,172,176,106,94,104,108,81,81,258,260,103,97,143,143,124,132,228,228,156,156,130,130,252,252,142,148,155,155,136,140,145,151,,,,,,,,,,,,,,,,,,,,,,,,,,,,,,,,,,,,,,,,,,,,,,,,,,,,,,,,,
WBNPHC,wood,EIB321,Davis,2021,EIB77_773_Parks Canada_Results,Wood Buffalo NP 50,633,,161,169,183,191,247,271,238,238,85,85,180,192,205,215,129,141,146,166,116,116,175,181,104,104,125,129,103,104,114,114,167,167,225,227,194,194,179,187,115,115,156,156,89,91,102,90,135,145,146,150,87,87,189,195,101,101,134,162,142,142,142,142,170,172,89,89,91,95,177,177,140,150,172,178,108,112,104,104,81,83,260,262,93,97,143,143,126,132,228,228,154,156,114,132,252,252,142,142,155,155,132,134,153,153,,,,,,,,,,,,,,,,,,,,,,,,,,,,,,,,,,,,,,,,,,,,,,,,,,,,,,,,,
WBNPHC,wood,EIB322,Davis,2021,EIB77_773_Parks Canada_Results,Wood Buffalo NP 51,634,,165,173,181,191,247,269,232,232,89,91,180,184,205,205,129,143,152,164,116,118,175,183,104,92,125,129,103,103,114,114,161,167,229,231,188,194,175,179,108,113,158,160,89,99,102,90,135,141,150,150,87,87,189,195,103,103,158,160,142,166,140,142,172,174,85,89,91,94,173,177,140,146,172,174,112,112,112,112,83,83,260,262,103,103,143,143,124,132,228,238,158,160,130,132,252,252,148,150,155,159,134,136,149,151,,,,,,,,,,,,,,,,,,,,,,,,,,,,,,,,,,,,,,,,,,,,,,,,,,,,,,,,,
WBNPHC,wood,EIB323,Davis,2021,EIB77_773_Parks Canada_Results,Wood Buffalo NP 52,635,,161,161,181,193,269,269,232,238,91,91,180,192,205,207,129,143,148,158,108,116,175,183,102,92,121,125,102,103,114,114,161,167,229,229,188,194,179,187,108,115,156,160,89,91,90,90,135,145,150,150,87,87,189,191,103,99,158,160,166,168,127,127,170,172,81,95,91,95,163,163,146,152,172,182,106,94,108,108,81,83,260,262,103,93,143,143,124,124,238,240,154,154,130,130,252,254,142,150,155,157,134,136,145,151,,,,,,,,,,,,,,,,,,,,,,,,,,,,,,,,,,,,,,,,,,,,,,,,,,,,,,,,,
WBNPHC,wood,EIB324,Davis,2021,EIB77_773_Parks Canada_Results,Wood Buffalo NP 53,636,,165,173,181,193,247,253,238,238,85,87,180,180,205,207,129,129,146,152,116,118,165,183,104,104,127,129,103,103,118,118,167,167,231,231,190,190,181,185,115,115,156,158,89,89,90,90,135,145,146,150,87,87,189,195,95,99,158,160,156,162,127,150,170,170,89,89,91,92,165,175,146,150,172,172,106,90,100,100,81,83,262,262,0,0,143,145,122,126,228,240,144,158,114,130,250,252,138,142,151,155,132,134,149,149,,,,,,,,,,,,,,,,,,,,,,,,,,,,,,,,,,,,,,,,,,,,,,,,,,,,,,,,,
WBNPHC,wood,EIB325,Davis,2021,EIB77_773_Parks Canada_Results,Wood Buffalo NP 54,637,,161,165,181,191,241,269,232,238,81,87,190,196,207,215,129,129,150,152,114,116,165,165,104,98,125,127,103,103,114,114,165,167,229,231,194,194,187,187,115,115,158,158,89,91,100,102,141,141,146,146,89,91,189,191,101,99,158,162,142,166,140,140,170,176,85,89,91,95,173,177,146,150,170,174,108,94,104,104,81,81,260,262,103,93,143,143,124,124,228,236,144,154,130,130,246,254,148,150,157,157,132,136,151,151,,,,,,,,,,,,,,,,,,,,,,,,,,,,,,,,,,,,,,,,,,,,,,,,,,,,,,,,,
WBNPHC,wood,EIB327,Davis,2021,EIB77_773_Parks Canada_Results,Wood Buffalo NP 57,638,,165,169,181,181,253,269,232,238,81,89,184,192,205,215,129,133,152,152,116,118,175,181,102,92,127,129,103,103,104,104,167,167,225,229,194,202,179,187,115,115,158,158,91,99,90,90,141,141,146,150,87,89,189,191,101,103,158,158,158,162,127,142,170,176,89,89,91,92,177,177,146,150,170,172,108,110,100,108,77,77,260,262,103,103,143,143,132,132,238,238,144,160,114,128,252,252,142,142,155,155,136,138,145,151,,,,,,,,,,,,,,,,,,,,,,,,,,,,,,,,,,,,,,,,,,,,,,,,,,,,,,,,,
WBNPHC,wood,EIB333,Davis,2021,EIB77_773_Parks Canada_Results,Wood Buffalo NP 67,639,,161,173,181,191,241,253,238,238,85,89,180,196,205,215,129,129,146,152,118,118,175,183,102,102,125,129,103,103,114,114,167,167,229,233,194,200,187,187,115,115,158,158,89,91,90,90,141,145,146,150,87,87,191,195,103,99,160,160,142,158,138,142,166,174,83,95,91,92,167,177,148,150,172,174,110,112,100,100,81,81,260,262,93,93,143,143,124,132,238,238,144,154,130,134,250,252,142,148,155,157,138,140,153,153,,,,,,,,,,,,,,,,,,,,,,,,,,,,,,,,,,,,,,,,,,,,,,,,,,,,,,,,,
WBNPNY,wood,EIB603,Davis,2021,EIB77_773_Parks Canada_Results,BSN-05,675,,161,173,181,191,241,269,238,252,89,89,180,196,205,207,129,129,146,152,116,116,175,175,102,104,123,129,103,103,104,104,167,167,227,229,188,194,181,187,115,115,156,158,89,91,90,90,145,145,146,150,87,87,195,195,101,103,158,160,142,166,127,140,166,174,89,89,91,91,173,173,146,150,172,182,106,112,100,100,83,83,262,262,83,93,143,143,124,132,228,238,154,160,128,130,252,252,142,148,153,155,138,142,145,153,,,,,,,,,,,,,,,,,,,,,,,,,,,,,,,,,,,,,,,,,,,,,,,,,,,,,,,,,
WBNPNY,wood,EIB606,Davis,2021,EIB77_773_Parks Canada_Results,BSN-08,676,,169,173,181,191,269,269,238,238,89,91,184,192,205,211,129,129,152,152,116,116,175,175,102,92,123,129,103,103,104,118,167,167,225,229,190,194,181,181,108,113,158,160,89,91,104,90,135,145,150,150,87,87,189,195,101,101,158,162,142,158,127,150,172,172,89,89,91,92,173,177,140,146,172,174,106,112,108,112,81,83,256,264,103,103,143,147,124,132,228,238,154,154,130,130,252,252,142,142,157,159,140,142,149,153,,,,,,,,,,,,,,,,,,,,,,,,,,,,,,,,,,,,,,,,,,,,,,,,,,,,,,,,,
WBNPNY,wood,EIB607,Davis,2021,EIB77_773_Parks Canada_Results,BSN-09,677,,161,173,181,181,241,253,232,238,85,85,180,192,205,211,129,143,162,166,108,116,175,183,102,104,129,129,103,103,104,114,167,167,225,231,194,194,179,181,108,115,156,158,89,91,90,90,145,145,146,146,87,89,189,189,103,95,160,161,158,162,138,140,166,168,89,89,91,91,173,175,140,150,174,176,106,90,102,108,83,83,256,260,103,103,143,143,122,124,228,240,154,154,114,132,244,252,142,148,153,159,134,136,145,149,,,,,,,,,,,,,,,,,,,,,,,,,,,,,,,,,,,,,,,,,,,,,,,,,,,,,,,,,
WBNPNY,wood,EIB609,Davis,2021,EIB77_773_Parks Canada_Results,BSN-12,678,,161,161,181,191,253,269,232,238,89,89,180,180,201,205,129,129,146,152,114,116,175,175,104,96,129,129,103,103,114,118,167,167,229,229,190,194,175,185,115,115,158,158,91,93,90,90,135,145,146,146,87,87,189,189,103,99,160,161,142,142,127,140,172,174,85,89,91,92,175,177,140,150,172,174,108,112,104,108,81,83,260,262,103,97,143,143,124,124,228,238,154,154,130,132,252,252,142,142,155,157,138,138,145,149,,,,,,,,,,,,,,,,,,,,,,,,,,,,,,,,,,,,,,,,,,,,,,,,,,,,,,,,,
WBNPNY,wood,EIB610,Davis,2021,EIB77_773_Parks Canada_Results,BSN-13,679,,161,165,181,181,241,253,232,238,89,89,192,196,201,205,129,143,146,152,116,116,165,175,104,104,123,129,103,103,104,104,167,167,225,233,194,194,179,179,113,113,156,158,91,91,102,90,145,145,146,150,87,87,189,195,101,99,160,162,142,168,146,150,170,172,85,95,92,92,167,173,146,150,172,174,108,110,100,104,81,81,260,262,103,93,143,143,124,132,238,238,154,154,130,130,252,252,138,142,155,157,134,142,149,149,,,,,,,,,,,,,,,,,,,,,,,,,,,,,,,,,,,,,,,,,,,,,,,,,,,,,,,,,
WBNPNY,wood,EIB612,Davis,2021,EIB77_773_Parks Canada_Results,BSN-42,680,,161,169,177,183,253,269,238,240,89,91,190,196,205,205,129,129,152,166,118,118,165,179,102,102,125,129,103,103,114,118,167,167,227,229,188,188,181,185,115,115,158,158,89,91,102,90,135,147,146,146,87,89,191,191,101,103,160,160,142,168,140,146,166,170,89,95,92,92,173,177,150,150,174,174,106,112,104,104,83,83,260,264,91,93,143,143,124,132,0,0,152,154,130,134,248,252,138,142,159,159,136,138,149,151,,,,,,,,,,,,,,,,,,,,,,,,,,,,,,,,,,,,,,,,,,,,,,,,,,,,,,,,,
WBNPNY,wood,EIB613,Davis,2021,EIB77_773_Parks Canada_Results,BSN-43,681,,161,173,181,181,241,269,238,238,85,89,180,180,205,205,129,129,146,166,116,116,165,179,104,96,129,129,103,103,104,120,161,167,229,233,194,196,175,179,113,115,156,158,91,93,102,90,141,145,146,148,87,89,189,191,103,99,0,0,142,144,127,148,170,172,89,89,92,92,173,175,150,150,174,174,106,112,104,104,81,83,260,260,93,97,143,143,124,132,0,0,154,154,130,130,252,252,142,142,155,159,138,138,153,153,,,,,,,,,,,,,,,,,,,,,,,,,,,,,,,,,,,,,,,,,,,,,,,,,,,,,,,,,
WBNPNY,wood,EIB614,Davis,2021,EIB77_773_Parks Canada_Results,BSN-44,682,,161,173,181,181,253,253,238,238,85,87,192,196,201,205,129,129,152,152,116,116,165,183,102,104,129,129,103,104,104,104,161,167,225,225,190,194,179,185,115,115,156,158,89,91,90,90,145,145,146,150,89,89,189,189,95,99,159,170,158,168,140,146,170,172,85,95,92,92,173,175,150,150,172,176,106,108,104,104,77,85,260,262,89,93,143,143,124,124,228,228,154,154,130,130,252,252,142,148,155,157,134,140,145,149,,,,,,,,,,,,,,,,,,,,,,,,,,,,,,,,,,,,,,,,,,,,,,,,,,,,,,,,,
WBNPNY,wood,EIB615,Davis,2021,EIB77_773_Parks Canada_Results,BSN-45,683,,161,165,177,191,241,269,238,252,89,89,192,196,205,207,143,143,146,152,116,116,165,183,104,96,129,129,103,103,114,114,167,167,227,229,194,200,179,179,113,115,156,160,89,91,90,90,135,141,150,150,87,89,191,191,101,101,158,170,144,156,140,148,174,174,81,85,91,95,177,177,140,140,174,174,106,108,108,108,81,83,262,262,89,91,143,143,122,132,228,228,154,154,118,132,252,254,142,150,157,159,134,138,149,153,,,,,,,,,,,,,,,,,,,,,,,,,,,,,,,,,,,,,,,,,,,,,,,,,,,,,,,,,
WBNPNY,wood,EIB616,Davis,2021,EIB77_773_Parks Canada_Results,BSN-46,684,,165,173,181,181,253,253,238,238,89,89,184,192,207,211,129,143,142,152,108,116,165,183,102,104,123,123,103,103,104,104,161,167,227,229,190,190,175,181,113,115,158,158,89,91,90,90,145,145,150,150,87,91,189,195,101,101,160,162,142,168,127,127,170,174,89,95,91,92,173,177,150,150,172,178,106,112,108,108,83,83,260,262,103,103,143,143,132,132,228,238,144,144,128,130,246,252,142,148,155,157,134,138,149,153,,,,,,,,,,,,,,,,,,,,,,,,,,,,,,,,,,,,,,,,,,,,,,,,,,,,,,,,,
WBNPNY,wood,EIB621,Davis,2021,EIB77_773_Parks Canada_Results,BSN-51,685,,173,173,181,191,247,253,238,238,87,89,196,196,205,205,129,149,146,152,116,118,179,183,102,104,129,129,103,103,114,114,167,167,227,229,194,194,181,185,113,115,158,158,91,91,90,90,145,145,146,150,87,87,189,195,103,99,160,161,142,142,140,150,170,172,83,85,92,92,173,177,146,150,172,174,108,112,112,112,81,83,260,262,103,89,143,143,132,132,238,240,154,154,128,130,252,252,142,142,155,157,138,138,149,153,,,,,,,,,,,,,,,,,,,,,,,,,,,,,,,,,,,,,,,,,,,,,,,,,,,,,,,,,
WBNPNY,wood,EIB622,Davis,2021,EIB77_773_Parks Canada_Results,BSN-52,686,,169,173,181,191,253,269,238,238,85,89,196,196,205,207,129,149,152,152,108,118,175,179,102,104,129,129,103,104,120,120,167,167,227,229,190,194,179,185,113,115,158,158,91,91,102,90,135,145,146,150,87,87,189,189,101,103,159,159,158,164,140,146,170,186,89,89,91,92,167,173,146,150,172,172,106,112,104,104,81,81,260,262,103,89,143,143,124,132,228,238,154,154,130,132,252,252,142,142,157,159,138,142,149,151,,,,,,,,,,,,,,,,,,,,,,,,,,,,,,,,,,,,,,,,,,,,,,,,,,,,,,,,,
WBNPNY,wood,EIB623,Davis,2021,EIB77_773_Parks Canada_Results,BSN-53,687,,165,165,181,181,247,269,232,238,89,91,196,196,205,207,143,149,146,152,116,118,165,175,104,104,123,129,103,103,104,104,167,167,225,229,190,194,179,181,115,115,156,158,89,89,90,90,141,141,150,150,87,89,191,195,101,101,162,170,142,144,140,142,172,174,85,85,92,92,177,177,146,150,174,174,106,106,108,108,81,83,260,260,91,93,143,143,122,122,228,238,154,154,130,132,254,254,142,148,155,159,134,138,149,153,,,,,,,,,,,,,,,,,,,,,,,,,,,,,,,,,,,,,,,,,,,,,,,,,,,,,,,,,
WBNPNY,wood,EIB627,Davis,2021,EIB77_773_Parks Canada_Results,BSN-58,688,,161,173,181,191,253,253,238,238,85,89,180,180,207,207,129,129,146,152,118,118,175,183,104,104,123,123,103,103,120,120,161,167,229,229,190,200,175,179,113,115,156,158,89,91,90,90,141,145,146,146,87,87,189,191,103,103,147,161,142,142,127,140,170,174,89,89,92,92,173,173,150,150,172,172,106,112,104,104,83,83,260,260,89,89,143,143,122,132,228,228,144,154,128,130,246,252,142,150,155,157,134,138,145,149,,,,,,,,,,,,,,,,,,,,,,,,,,,,,,,,,,,,,,,,,,,,,,,,,,,,,,,,,
WBNPNY,wood,EIB628,Davis,2021,EIB77_773_Parks Canada_Results,BSN-59,689,,169,173,181,181,241,269,232,238,85,89,184,184,205,205,129,143,146,152,116,116,165,175,102,102,125,129,103,103,118,118,161,167,227,233,194,194,181,187,113,115,158,160,91,91,90,90,135,145,146,152,87,89,191,195,103,99,160,161,142,142,127,140,170,172,89,89,91,92,167,173,146,150,172,174,106,110,108,108,83,85,260,262,93,97,143,143,122,132,228,238,144,160,130,134,252,252,142,142,155,159,134,138,149,151,,,,,,,,,,,,,,,,,,,,,,,,,,,,,,,,,,,,,,,,,,,,,,,,,,,,,,,,,
WBNPNY,wood,EIB349,Davis,2021,EIB77_773_Parks Canada_Results,Wood Buffalo NP 102,670,,165,173,177,191,253,253,232,238,91,91,180,196,205,205,143,145,142,152,116,116,175,175,104,104,129,129,103,103,104,118,167,167,227,229,194,194,179,187,108,113,158,158,89,93,102,90,145,145,146,150,87,87,189,195,101,101,158,158,166,166,127,140,172,178,89,95,92,95,167,175,150,150,172,172,106,112,104,104,83,83,260,260,103,93,143,143,124,132,228,228,154,154,118,130,252,252,142,142,155,159,134,136,145,149,,,,,,,,,,,,,,,,,,,,,,,,,,,,,,,,,,,,,,,,,,,,,,,,,,,,,,,,,
WBNPNY,wood,EIB350,Davis,2021,EIB77_773_Parks Canada_Results,Wood Buffalo NP 103,671,,161,165,181,191,253,253,238,238,89,89,180,192,207,211,129,143,152,152,116,116,183,185,104,92,125,129,103,103,116,118,161,167,229,233,188,194,179,187,113,115,158,158,91,93,100,90,145,145,150,150,87,91,189,189,101,103,160,162,144,158,127,148,172,174,85,85,91,95,167,167,150,150,172,172,108,110,100,108,81,81,256,262,83,83,143,143,124,132,228,238,154,154,130,134,252,252,142,148,155,155,138,140,149,151,,,,,,,,,,,,,,,,,,,,,,,,,,,,,,,,,,,,,,,,,,,,,,,,,,,,,,,,,
WBNPNY,wood,EIB356,Davis,2021,EIB77_773_Parks Canada_Results,Wood Buffalo NP 109,672,,165,165,177,181,253,269,238,238,85,89,180,196,205,211,141,149,152,152,116,116,175,175,102,104,123,129,103,103,118,118,167,167,229,229,188,200,179,187,113,115,158,158,89,89,102,88,135,145,146,150,87,87,195,195,103,103,158,161,142,142,138,140,172,172,83,83,91,95,167,177,146,146,172,172,106,112,100,104,81,83,260,264,93,93,143,143,124,124,228,228,154,160,128,130,252,252,138,142,155,155,134,138,145,145,,,,,,,,,,,,,,,,,,,,,,,,,,,,,,,,,,,,,,,,,,,,,,,,,,,,,,,,,
WBNPNY,wood,EIB357,Davis,2021,EIB77_773_Parks Canada_Results,Wood Buffalo NP 110,673,,161,173,181,181,253,269,238,238,81,89,184,192,205,207,129,143,152,152,108,116,165,183,102,96,129,129,103,103,114,118,161,167,227,229,190,194,179,181,113,115,160,160,89,93,102,88,135,145,150,150,87,87,189,189,103,95,149,158,142,158,148,148,172,172,89,89,91,92,173,175,150,150,172,174,106,106,108,112,77,83,260,262,103,97,143,143,124,124,228,238,154,154,114,130,252,252,142,142,155,159,134,136,151,153,,,,,,,,,,,,,,,,,,,,,,,,,,,,,,,,,,,,,,,,,,,,,,,,,,,,,,,,,
WBNPNY,wood,EIB358,Davis,2021,EIB77_773_Parks Canada_Results,Wood Buffalo NP 111,674,,161,169,181,191,253,253,238,252,89,89,180,184,201,211,129,149,146,158,114,116,175,183,102,98,129,129,103,103,114,118,167,167,225,227,194,194,179,187,113,115,156,158,91,91,90,90,141,141,146,150,87,87,189,195,101,103,147,170,144,158,146,150,170,172,89,89,91,92,167,167,140,140,172,172,106,108,104,108,83,85,260,260,103,103,143,143,124,132,240,240,154,160,130,130,244,252,142,142,153,157,136,140,145,149,,,,,,,,,,,,,,,,,,,,,,,,,,,,,,,,,,,,,,,,,,,,,,,,,,,,,,,,,
WBNPNY,wood,EIB329,Davis,2021,EIB77_773_Parks Canada_Results,Wood Buffalo NP 60,662,,173,175,181,181,253,269,238,238,85,85,180,184,205,211,129,129,152,152,116,116,165,165,102,104,129,129,103,103,114,114,161,167,227,227,194,200,181,191,108,115,158,160,89,89,102,90,141,145,146,150,87,89,189,195,101,101,158,160,142,142,138,140,170,172,85,89,91,95,167,167,140,150,172,172,110,90,108,108,81,83,260,260,83,97,143,143,124,124,228,228,144,144,128,134,246,246,142,142,155,157,134,134,145,149,,,,,,,,,,,,,,,,,,,,,,,,,,,,,,,,,,,,,,,,,,,,,,,,,,,,,,,,,
WBNPNY,wood,EIB330,Davis,2021,EIB77_773_Parks Canada_Results,Wood Buffalo NP 61,663,,173,175,181,181,253,269,232,238,89,89,180,184,205,207,129,129,152,152,116,118,165,175,102,102,129,129,103,103,114,114,161,167,227,229,190,194,175,181,113,115,156,158,89,89,90,90,145,145,146,150,87,87,189,195,101,101,159,160,142,166,127,140,166,172,89,89,91,91,173,173,140,150,172,172,112,112,108,108,81,83,260,260,103,83,143,143,124,132,238,240,144,144,128,132,246,252,142,142,157,159,134,134,149,151,,,,,,,,,,,,,,,,,,,,,,,,,,,,,,,,,,,,,,,,,,,,,,,,,,,,,,,,,
WBNPNY,wood,EIB332,Davis,2021,EIB77_773_Parks Canada_Results,Wood Buffalo NP 66,664,,161,173,181,181,253,269,232,232,81,89,180,180,205,205,133,143,146,152,114,116,175,183,104,104,125,129,103,103,120,120,161,167,225,227,194,194,175,185,113,115,158,160,91,93,90,90,135,145,150,150,87,87,189,189,101,101,158,170,142,158,140,140,170,170,89,89,91,95,173,177,146,150,172,176,108,110,104,104,83,83,256,260,93,97,143,143,124,124,228,238,154,156,130,130,246,252,142,148,155,155,134,136,143,151,,,,,,,,,,,,,,,,,,,,,,,,,,,,,,,,,,,,,,,,,,,,,,,,,,,,,,,,,
WBNPNY,wood,EIB334,Davis,2021,EIB77_773_Parks Canada_Results,Wood Buffalo NP 81,665,,161,169,177,181,241,269,232,238,89,89,192,192,201,207,129,129,146,166,116,116,165,165,102,102,129,129,103,103,114,114,167,167,229,229,194,194,179,187,113,115,152,158,89,91,102,90,145,145,146,150,87,87,189,195,101,95,147,149,156,158,148,150,172,174,89,89,91,91,167,173,148,150,174,176,110,112,104,104,77,81,256,260,93,97,143,143,132,132,238,238,154,160,114,132,252,252,142,142,157,157,136,140,153,153,,,,,,,,,,,,,,,,,,,,,,,,,,,,,,,,,,,,,,,,,,,,,,,,,,,,,,,,,
WBNPNY,wood,EIB335,Davis,2021,EIB77_773_Parks Canada_Results,Wood Buffalo NP 82,666,,161,161,181,181,253,253,232,238,85,89,180,184,205,207,129,143,146,158,116,116,165,183,102,98,123,129,103,103,104,114,167,167,225,229,194,194,181,187,108,113,158,160,89,91,90,90,141,141,146,150,87,87,189,191,101,95,160,162,144,166,140,142,166,174,85,89,92,95,165,173,150,152,172,172,112,112,104,108,81,83,260,260,93,93,143,143,124,132,228,236,144,154,128,132,252,252,142,150,155,157,134,136,145,153,,,,,,,,,,,,,,,,,,,,,,,,,,,,,,,,,,,,,,,,,,,,,,,,,,,,,,,,,
WBNPNY,wood,EIB336,Davis,2021,EIB77_773_Parks Canada_Results,Wood Buffalo NP 89,667,,161,169,181,191,241,253,232,232,81,89,180,192,201,205,129,143,152,158,116,116,175,179,104,98,123,129,103,103,116,116,167,167,227,229,190,194,185,187,108,113,158,160,89,91,90,90,141,145,150,150,87,89,189,189,103,103,160,162,144,168,140,146,172,174,89,89,91,91,177,177,150,150,172,182,106,108,104,104,81,83,260,262,103,93,143,143,120,132,228,238,144,154,130,132,252,254,148,150,153,157,134,138,149,151,,,,,,,,,,,,,,,,,,,,,,,,,,,,,,,,,,,,,,,,,,,,,,,,,,,,,,,,,
WBNPNY,wood,EIB337,Davis,2021,EIB77_773_Parks Canada_Results,Wood Buffalo NP 90,668,,161,173,181,181,253,269,238,252,85,91,180,192,205,207,129,129,142,158,116,116,165,165,104,104,129,129,103,103,104,118,167,167,227,229,200,200,179,191,108,113,156,158,91,93,90,90,135,141,150,150,87,89,191,191,101,103,158,160,142,144,127,127,166,172,89,95,91,91,173,177,146,150,174,176,106,112,102,108,77,83,260,260,103,103,143,143,124,132,228,228,156,160,128,130,246,252,138,150,155,157,134,136,145,149,,,,,,,,,,,,,,,,,,,,,,,,,,,,,,,,,,,,,,,,,,,,,,,,,,,,,,,,,
WBNPNY,wood,EIB338,Davis,2021,EIB77_773_Parks Canada_Results,Wood Buffalo NP 91,669,,161,173,181,181,253,253,232,238,85,89,180,192,205,205,129,129,152,158,116,116,165,175,102,104,125,129,103,103,104,104,167,167,227,227,190,200,179,191,113,115,158,160,89,93,102,90,141,145,150,150,87,87,191,195,101,101,160,162,142,166,138,146,172,178,89,89,91,95,167,173,146,150,172,172,106,110,104,104,77,83,262,262,103,83,143,143,124,124,228,238,144,156,130,134,252,252,138,142,153,157,134,136,149,149,,,,,,,,,,,,,,,,,,,,,,,,,,,,,,,,,,,,,,,,,,,,,,,,,,,,,,,,,
WBNPPAD,wood,EIB645,Davis,2021,EIB77_773_Parks Canada_Results,20,719,,161,161,191,191,241,253,252,254,85,89,180,196,205,207,129,133,146,152,116,116,165,183,104,92,125,125,103,105,114,114,167,167,229,231,194,194,181,187,108,113,154,158,89,91,90,90,141,145,146,150,87,87,189,189,101,103,158,158,142,164,127,140,170,170,81,89,91,91,177,177,150,150,172,174,106,112,108,108,77,83,260,262,97,97,133,143,124,132,228,236,154,156,130,134,246,252,142,142,155,157,134,134,149,153,,,,,,,,,,,,,,,,,,,,,,,,,,,,,,,,,,,,,,,,,,,,,,,,,,,,,,,,,
WBNPPAD,wood,EIB646,Davis,2021,EIB77_773_Parks Canada_Results,69,720,,173,173,177,181,241,269,238,238,87,89,180,192,205,211,129,129,146,152,116,116,183,183,104,104,129,129,103,103,104,104,167,167,225,229,194,194,179,181,108,113,158,160,89,91,102,90,145,145,148,150,87,89,189,189,103,103,147,160,156,164,127,138,172,186,83,89,91,91,173,177,146,150,172,172,112,112,104,104,81,83,260,260,103,103,143,143,124,132,238,238,144,154,118,132,252,252,142,142,155,157,138,138,145,151,,,,,,,,,,,,,,,,,,,,,,,,,,,,,,,,,,,,,,,,,,,,,,,,,,,,,,,,,
WBNPPAD,wood,EIB647,Davis,2021,EIB77_773_Parks Canada_Results,99,721,,161,161,181,191,269,273,232,238,89,91,180,180,211,211,129,143,152,152,108,114,175,183,102,92,123,125,103,105,114,114,161,167,225,231,188,196,187,187,113,113,156,158,89,93,90,90,141,145,150,150,87,89,189,191,101,99,160,161,142,142,127,150,170,176,89,89,91,95,175,175,146,150,172,174,106,106,100,100,83,83,262,262,89,93,143,143,132,132,238,238,154,156,130,130,254,254,138,142,155,159,136,136,149,149,,,,,,,,,,,,,,,,,,,,,,,,,,,,,,,,,,,,,,,,,,,,,,,,,,,,,,,,,
WBNPPAD,wood,EIB648,Davis,2021,EIB77_773_Parks Canada_Results,130,722,,165,165,181,191,249,269,232,238,85,89,180,184,211,215,129,143,152,166,116,118,157,179,104,104,123,127,103,107,104,104,167,167,227,229,188,194,181,187,108,108,158,158,89,89,102,90,141,145,146,150,87,89,189,189,101,103,158,160,142,166,127,140,172,172,81,85,91,92,173,173,140,146,172,174,110,112,102,102,81,83,260,262,83,93,143,143,122,126,228,238,154,154,130,136,252,252,142,148,155,157,134,136,149,149,,,,,,,,,,,,,,,,,,,,,,,,,,,,,,,,,,,,,,,,,,,,,,,,,,,,,,,,,
WBNPPAD,wood,EIB649,Davis,2021,EIB77_773_Parks Canada_Results,150,723,,173,173,181,181,247,253,232,238,81,89,180,196,211,215,143,143,152,166,108,116,175,183,104,104,125,125,103,103,104,104,167,167,227,229,194,194,181,187,113,113,156,158,89,91,90,90,135,145,146,150,87,87,191,191,101,103,160,162,168,168,127,142,174,174,89,95,91,92,177,177,146,150,174,176,106,110,104,104,81,83,260,260,93,97,143,143,122,124,240,240,156,160,130,130,252,252,142,142,155,155,0,0,145,151,,,,,,,,,,,,,,,,,,,,,,,,,,,,,,,,,,,,,,,,,,,,,,,,,,,,,,,,,
WBNPPAD,wood,EIB650,Davis,2021,EIB77_773_Parks Canada_Results,160,724,,165,165,177,181,241,253,232,232,85,89,180,192,0,0,129,143,146,152,118,118,0,0,102,104,129,129,103,103,0,0,167,167,229,231,0,0,179,179,113,113,158,160,89,93,90,90,137,141,146,150,87,87,0,0,101,99,158,160,0,0,140,142,170,174,89,91,91,95,167,173,140,150,172,176,106,106,104,104,81,83,262,262,89,91,143,143,122,124,0,0,154,154,132,134,246,252,138,142,155,157,0,0,147,149,,,,,,,,,,,,,,,,,,,,,,,,,,,,,,,,,,,,,,,,,,,,,,,,,,,,,,,,,
WBNPPAD,wood,EIB651,Davis,2021,EIB77_773_Parks Canada_Results,170,725,,161,169,181,191,269,269,232,238,81,85,180,198,201,207,129,133,152,152,116,116,181,183,104,92,125,127,103,103,118,118,161,167,229,229,194,194,175,187,108,113,158,158,89,91,102,90,135,141,150,150,87,87,189,189,95,95,158,161,166,166,127,146,170,176,83,85,91,92,173,173,150,150,172,174,106,112,108,108,77,85,262,262,103,89,143,143,132,132,0,0,144,154,130,130,252,252,142,148,155,157,0,0,151,153,,,,,,,,,,,,,,,,,,,,,,,,,,,,,,,,,,,,,,,,,,,,,,,,,,,,,,,,,
WBNPPAD,wood,EIB652,Davis,2021,EIB77_773_Parks Canada_Results,180,726,,161,165,181,191,241,269,232,238,89,91,198,198,202,205,129,129,152,152,116,116,165,183,104,96,123,125,104,104,122,122,167,167,229,229,190,194,187,187,108,113,154,158,89,91,100,90,145,145,146,150,87,87,189,191,95,99,158,160,0,0,127,140,172,172,83,89,95,95,177,177,146,146,172,172,106,110,108,108,81,83,260,262,103,103,143,143,124,124,228,240,156,160,128,130,248,252,142,142,155,155,0,0,149,149,,,,,,,,,,,,,,,,,,,,,,,,,,,,,,,,,,,,,,,,,,,,,,,,,,,,,,,,,
WBNPPAD,wood,EIB653,Davis,2021,EIB77_773_Parks Canada_Results,200,727,,165,169,181,191,253,253,238,248,89,89,180,180,207,211,129,129,152,152,116,118,165,179,104,104,123,125,103,103,118,118,167,167,225,229,194,200,181,181,108,108,158,160,91,91,102,90,141,147,150,150,87,89,189,191,103,99,162,170,166,168,138,140,174,174,83,89,92,92,167,177,146,150,172,174,112,112,104,104,81,83,256,264,83,97,143,145,124,124,228,238,154,154,130,130,252,254,142,142,153,157,0,0,145,149,,,,,,,,,,,,,,,,,,,,,,,,,,,,,,,,,,,,,,,,,,,,,,,,,,,,,,,,,
WBNPPAD,wood,EIB654,Davis,2021,EIB77_773_Parks Canada_Results,230,728,,161,165,177,181,241,241,238,238,81,81,184,184,211,211,141,143,152,152,116,116,165,175,104,96,123,129,102,103,116,116,161,167,229,231,194,194,179,181,108,108,156,158,89,91,90,90,145,145,150,154,87,87,189,191,101,95,160,161,158,158,140,140,170,172,83,85,91,95,175,177,146,150,172,174,106,110,104,104,81,81,256,260,91,93,143,143,120,132,228,228,144,154,134,134,252,252,142,148,155,157,134,138,149,149,,,,,,,,,,,,,,,,,,,,,,,,,,,,,,,,,,,,,,,,,,,,,,,,,,,,,,,,,
WBNPPAD,wood,EIB655,Davis,2021,EIB77_773_Parks Canada_Results,280,729,,155,161,177,191,253,253,232,238,85,89,180,180,202,211,129,129,146,152,116,116,165,183,102,104,123,127,103,103,120,120,167,167,229,231,194,194,179,181,113,115,158,158,89,91,90,90,141,145,146,150,87,89,191,195,103,95,158,160,142,142,127,140,170,176,89,89,92,95,177,177,146,146,174,176,112,112,104,104,81,81,256,260,97,97,143,143,124,132,228,240,144,144,132,134,252,252,142,150,155,157,138,138,149,149,,,,,,,,,,,,,,,,,,,,,,,,,,,,,,,,,,,,,,,,,,,,,,,,,,,,,,,,,
WBNPPAD,wood,EIB656,Davis,2021,EIB77_773_Parks Canada_Results,320,730,,167,173,191,191,253,253,248,254,85,85,180,192,205,205,129,129,158,162,108,118,175,175,102,104,125,129,103,103,110,114,167,167,229,231,194,194,187,187,113,115,158,158,89,91,88,88,135,145,146,150,87,87,189,189,103,103,158,160,166,166,127,127,170,172,85,89,92,94,165,173,140,148,172,174,110,110,100,100,81,81,256,260,103,91,143,143,124,132,236,238,144,154,130,130,250,252,142,150,155,155,0,0,151,153,,,,,,,,,,,,,,,,,,,,,,,,,,,,,,,,,,,,,,,,,,,,,,,,,,,,,,,,,
WBNPPAD,wood,EIB657,Davis,2021,EIB77_773_Parks Canada_Results,900,731,,161,173,181,181,241,271,232,238,89,89,180,180,205,207,129,129,146,146,114,118,175,175,104,92,125,125,103,103,114,114,161,167,225,231,194,202,187,187,113,115,156,158,89,91,90,90,145,147,150,154,87,87,189,195,101,101,158,161,168,168,127,148,172,174,83,83,91,92,167,173,140,150,174,174,106,112,100,100,81,83,262,262,103,89,143,143,124,132,228,228,154,154,114,130,246,252,148,148,155,157,138,140,151,153,,,,,,,,,,,,,,,,,,,,,,,,,,,,,,,,,,,,,,,,,,,,,,,,,,,,,,,,,
WBNPPAD,wood,EIB748,Davis,2021,EIB77_773_Parks Canada_Results,37499,740,,161,173,191,191,269,269,238,238,81,91,180,196,205,211,129,141,152,152,118,118,165,165,102,104,123,127,103,104,104,104,167,167,229,229,194,200,185,187,113,115,158,158,89,89,90,90,135,145,146,150,87,89,189,195,95,95,160,160,142,164,140,142,166,172,85,95,91,94,163,175,146,150,172,172,108,112,104,112,83,83,260,262,103,93,143,143,124,124,228,238,154,160,130,134,252,252,142,148,155,155,134,140,145,151,,,,,,,,,,,,,,,,,,,,,,,,,,,,,,,,,,,,,,,,,,,,,,,,,,,,,,,,,
WBNPPAD,wood,EIB744,Davis,2021,EIB77_773_Parks Canada_Results,37500,736,,161,161,181,191,253,265,238,238,81,91,180,196,205,205,129,143,148,152,116,116,165,183,104,98,125,129,103,103,114,118,161,167,225,225,194,200,181,187,113,115,156,158,91,91,90,90,135,145,150,154,87,87,189,189,95,99,160,161,168,170,127,138,168,172,85,89,91,91,175,177,140,146,172,182,108,108,100,104,81,83,256,260,103,103,143,143,124,124,228,228,144,156,128,130,250,252,142,148,155,157,134,136,151,151,,,,,,,,,,,,,,,,,,,,,,,,,,,,,,,,,,,,,,,,,,,,,,,,,,,,,,,,,
WBNPPAD,wood,EIB747,Davis,2021,EIB77_773_Parks Canada_Results,37501,739,,161,173,181,181,269,269,238,238,89,89,180,180,205,211,129,129,146,158,116,116,183,183,102,92,125,129,103,103,120,120,161,167,229,231,194,200,187,191,113,113,158,158,89,93,100,90,135,141,146,148,87,87,191,191,101,95,162,162,142,168,140,140,172,176,89,89,92,95,167,173,146,150,172,178,108,112,104,108,83,83,260,260,103,103,143,143,132,132,228,238,144,154,128,132,250,252,142,142,155,159,138,138,145,151,,,,,,,,,,,,,,,,,,,,,,,,,,,,,,,,,,,,,,,,,,,,,,,,,,,,,,,,,
WBNPPAD,wood,EIB740,Davis,2021,EIB77_773_Parks Canada_Results,37502,732,,161,165,181,191,253,253,252,252,85,89,184,184,205,205,143,143,152,158,116,116,183,183,102,102,129,131,103,103,118,120,167,167,225,227,194,194,179,179,113,115,158,158,89,91,100,90,135,141,146,150,87,87,189,191,101,101,158,158,158,158,146,148,170,170,81,89,92,95,167,177,146,150,172,174,106,112,108,112,83,85,262,262,103,97,143,143,124,132,228,238,154,154,130,130,252,252,148,150,155,155,136,138,145,149,,,,,,,,,,,,,,,,,,,,,,,,,,,,,,,,,,,,,,,,,,,,,,,,,,,,,,,,,
WBNPPAD,wood,EIB749,Davis,2021,EIB77_773_Parks Canada_Results,37503,741,,161,161,181,181,269,273,238,238,85,89,184,196,205,211,143,149,146,146,116,118,175,183,104,104,125,127,103,105,104,114,161,167,225,233,190,194,191,191,108,115,154,158,89,99,100,102,141,141,146,150,87,89,189,191,101,97,158,161,142,142,140,146,172,174,85,89,91,91,173,173,150,150,172,182,112,112,106,108,81,83,262,262,103,103,143,145,124,132,228,228,154,156,128,130,250,252,142,148,159,159,138,140,151,153,,,,,,,,,,,,,,,,,,,,,,,,,,,,,,,,,,,,,,,,,,,,,,,,,,,,,,,,,
WBNPPAD,wood,EIB741,Davis,2021,EIB77_773_Parks Canada_Results,37504,733,,161,173,181,181,241,253,250,252,89,89,180,180,207,211,129,143,146,152,116,118,175,179,102,104,129,129,103,103,104,120,167,167,229,229,194,200,179,187,113,113,156,158,89,89,90,90,145,145,150,150,87,89,189,189,103,95,162,162,158,158,127,140,168,172,85,85,91,95,167,173,140,140,172,178,108,112,106,108,81,83,260,262,103,91,143,143,124,124,238,238,144,154,128,130,252,252,148,150,155,155,136,138,149,153,,,,,,,,,,,,,,,,,,,,,,,,,,,,,,,,,,,,,,,,,,,,,,,,,,,,,,,,,
WBNPPAD,wood,EIB743,Davis,2021,EIB77_773_Parks Canada_Results,37505,735,,161,165,181,181,247,253,236,238,89,89,180,196,205,205,129,143,152,152,116,116,175,183,104,92,125,125,103,103,104,118,161,167,229,229,190,194,179,187,108,115,156,158,89,91,88,90,145,145,150,150,87,91,189,189,101,99,143,160,158,162,127,148,170,170,83,85,92,95,159,177,140,150,174,182,106,108,100,104,83,83,260,260,89,93,143,143,124,124,228,238,144,154,130,130,252,252,142,142,157,157,136,138,145,147,,,,,,,,,,,,,,,,,,,,,,,,,,,,,,,,,,,,,,,,,,,,,,,,,,,,,,,,,
WBNPPAD,wood,EIB742,Davis,2021,EIB77_773_Parks Canada_Results,37506,734,,161,165,181,181,253,271,238,238,81,85,184,196,205,205,129,129,152,166,108,116,175,175,102,98,125,125,103,103,104,120,167,167,227,229,194,194,175,179,113,115,158,158,89,89,90,90,141,141,150,150,87,87,189,191,101,95,160,161,142,144,140,142,170,170,83,91,91,95,167,177,148,150,172,172,108,110,100,108,81,83,260,262,91,97,143,145,124,132,228,238,154,154,130,130,252,252,138,148,153,155,136,136,149,149,,,,,,,,,,,,,,,,,,,,,,,,,,,,,,,,,,,,,,,,,,,,,,,,,,,,,,,,,
WBNPPAD,wood,EIB745,Davis,2021,EIB77_773_Parks Canada_Results,37507,737,,161,161,181,191,247,253,238,248,85,85,180,180,205,211,129,129,152,158,116,116,165,181,104,92,125,129,103,103,104,118,161,167,227,229,190,194,181,187,115,115,156,158,89,91,88,90,141,145,146,150,87,87,189,189,103,99,162,170,158,166,127,148,174,174,85,89,91,94,165,173,140,150,174,176,106,112,104,104,81,85,260,262,103,97,143,143,124,124,228,238,154,154,130,130,248,254,142,150,155,155,134,138,149,149,,,,,,,,,,,,,,,,,,,,,,,,,,,,,,,,,,,,,,,,,,,,,,,,,,,,,,,,,
WBNPPAD,wood,EIB746,Davis,2021,EIB77_773_Parks Canada_Results,37508,738,,161,173,179,181,253,273,232,238,81,81,192,192,211,211,149,149,146,146,114,118,181,183,104,104,125,125,103,103,104,120,161,167,229,229,190,194,179,185,108,113,154,156,89,93,102,88,135,141,150,150,89,89,189,191,101,99,162,162,142,162,127,140,172,176,85,89,91,95,173,177,140,146,178,182,108,90,100,104,81,83,256,260,103,89,143,143,126,132,238,238,144,154,130,130,252,252,142,148,155,155,136,138,151,151,,,,,,,,,,,,,,,,,,,,,,,,,,,,,,,,,,,,,,,,,,,,,,,,,,,,,,,,,
WBNPPAD,wood,EIB599,Davis,2021,EIB77_773_Parks Canada_Results,BSN-01,715,,173,173,179,181,253,253,252,254,89,91,192,198,205,205,143,149,146,158,116,118,165,175,104,92,125,129,103,104,104,114,167,167,229,231,194,194,185,191,113,115,156,158,89,99,102,88,141,145,150,150,87,87,191,191,103,95,161,162,142,162,146,148,166,172,85,89,91,92,167,173,140,150,172,180,110,112,108,108,83,83,260,262,103,83,143,143,132,132,228,236,154,154,130,130,252,252,142,148,155,159,136,138,149,153,,,,,,,,,,,,,,,,,,,,,,,,,,,,,,,,,,,,,,,,,,,,,,,,,,,,,,,,,
WBNPPAD,wood,EIB600,Davis,2021,EIB77_773_Parks Canada_Results,BSN-02,716,,165,173,179,179,253,253,238,252,81,89,180,198,205,205,143,149,146,166,108,118,165,175,104,92,123,125,103,104,114,114,167,167,229,233,194,194,179,185,113,113,156,156,91,99,88,90,141,141,146,150,87,89,191,191,103,103,162,170,142,162,127,146,172,172,89,89,91,91,173,175,140,150,174,180,112,112,108,108,81,83,260,260,103,83,143,143,124,132,228,238,154,154,130,130,252,252,142,148,153,155,134,138,149,153,,,,,,,,,,,,,,,,,,,,,,,,,,,,,,,,,,,,,,,,,,,,,,,,,,,,,,,,,
WBNPPAD,wood,EIB601,Davis,2021,EIB77_773_Parks Canada_Results,BSN-03,717,,161,165,181,181,241,253,238,252,87,89,180,180,205,207,143,143,146,152,116,116,175,183,102,104,127,131,103,103,120,120,167,167,225,229,190,194,181,185,113,113,154,158,89,91,102,90,141,145,146,150,87,87,189,191,101,97,158,160,144,168,142,150,166,174,81,89,91,92,173,177,146,150,172,172,106,112,104,104,83,85,262,262,103,97,143,143,124,132,236,238,154,154,118,130,252,252,142,148,155,155,138,138,145,149,,,,,,,,,,,,,,,,,,,,,,,,,,,,,,,,,,,,,,,,,,,,,,,,,,,,,,,,,
WBNPPAD,wood,EIB611,Davis,2021,EIB77_773_Parks Canada_Results,BSN-25,718,,165,173,181,181,241,271,252,254,85,89,180,180,205,211,129,149,152,152,116,116,175,175,104,92,123,129,103,104,104,114,167,167,225,227,188,194,181,181,115,115,158,158,89,91,88,90,141,141,150,150,87,87,191,191,103,97,158,160,158,166,142,150,170,178,85,89,92,92,173,173,146,146,172,172,106,106,100,104,81,83,260,262,103,85,143,147,124,132,228,238,154,156,130,130,252,252,142,148,155,157,134,136,149,153,,,,,,,,,,,,,,,,,,,,,,,,,,,,,,,,,,,,,,,,,,,,,,,,,,,,,,,,,
WBNPPAD,wood,EIB272,Davis,2021,EIB77_773_Parks Canada_Results,Wood Buffalo NP 1,690,,165,173,181,191,247,253,232,238,89,91,196,196,205,205,129,129,146,152,114,116,175,183,104,96,129,129,103,103,118,118,167,167,229,229,194,200,181,185,108,115,154,160,89,91,100,90,135,135,148,150,89,89,189,189,95,95,158,161,158,168,138,140,170,176,83,85,91,94,167,173,146,150,172,180,108,112,104,104,77,81,256,260,103,89,143,143,124,132,228,228,156,160,130,130,246,250,142,148,155,157,134,140,145,149,,,,,,,,,,,,,,,,,,,,,,,,,,,,,,,,,,,,,,,,,,,,,,,,,,,,,,,,,
WBNPPAD,wood,EIB281,Davis,2021,EIB77_773_Parks Canada_Results,Wood Buffalo NP 10,698,,161,165,181,191,253,273,238,238,87,89,180,180,207,211,129,143,156,162,116,118,183,183,92,96,125,129,103,105,104,114,161,165,229,231,188,200,181,187,113,113,156,158,89,91,90,90,135,135,146,150,87,87,189,189,97,99,143,149,142,142,140,148,166,170,81,89,91,92,167,177,150,152,172,172,112,90,102,108,83,83,260,262,85,93,143,143,122,122,236,238,154,160,130,134,250,252,142,148,155,159,138,138,145,151,,,,,,,,,,,,,,,,,,,,,,,,,,,,,,,,,,,,,,,,,,,,,,,,,,,,,,,,,
WBNPPAD,wood,EIB282,Davis,2021,EIB77_773_Parks Canada_Results,Wood Buffalo NP 11,699,,161,173,181,191,241,271,238,254,81,91,180,192,201,205,129,143,152,166,116,116,165,179,104,96,125,129,103,103,116,116,167,167,229,231,190,194,181,185,113,115,156,158,89,89,100,90,135,145,146,150,87,87,189,191,97,99,143,162,164,168,140,146,168,170,83,83,91,91,165,167,140,150,172,174,106,106,106,106,81,83,260,262,103,91,143,143,124,132,236,240,154,156,114,134,250,252,142,142,155,157,134,134,149,153,,,,,,,,,,,,,,,,,,,,,,,,,,,,,,,,,,,,,,,,,,,,,,,,,,,,,,,,,
WBNPPAD,wood,EIB283,Davis,2021,EIB77_773_Parks Canada_Results,Wood Buffalo NP 12,700,,161,173,181,181,253,253,252,254,91,91,184,196,207,211,129,129,152,158,114,118,165,183,104,96,127,129,103,103,120,120,161,161,229,231,198,200,179,181,110,113,156,158,89,91,88,90,135,147,146,146,87,87,195,195,101,101,158,162,168,170,127,140,170,172,83,89,92,95,173,173,140,148,176,176,106,108,108,108,83,83,262,262,103,89,143,143,122,126,238,238,154,154,130,130,250,252,142,150,155,155,134,136,151,153,,,,,,,,,,,,,,,,,,,,,,,,,,,,,,,,,,,,,,,,,,,,,,,,,,,,,,,,,
WBNPPAD,wood,EIB284,Davis,2021,EIB77_773_Parks Canada_Results,Wood Buffalo NP 13,701,,165,173,181,191,247,253,232,238,85,89,180,190,205,205,129,129,152,158,116,118,175,183,92,92,121,125,103,103,114,114,167,167,225,229,188,194,179,187,113,115,158,158,91,93,90,90,135,145,146,150,87,89,189,189,103,103,162,170,168,168,127,138,172,176,89,89,95,95,163,177,146,146,170,174,110,112,104,104,81,83,260,260,103,97,143,143,122,124,228,240,156,156,114,130,252,254,142,148,155,155,136,136,149,153,,,,,,,,,,,,,,,,,,,,,,,,,,,,,,,,,,,,,,,,,,,,,,,,,,,,,,,,,
WBNPPAD,wood,EIB285,Davis,2021,EIB77_773_Parks Canada_Results,Wood Buffalo NP 14,702,,161,165,181,191,241,253,232,232,85,89,180,184,205,211,129,143,146,158,116,116,175,179,92,92,127,129,103,103,120,120,167,167,225,229,194,194,179,179,115,115,158,158,89,93,90,90,145,145,150,150,87,87,189,189,101,95,158,162,142,142,140,148,168,170,89,89,91,95,167,167,146,150,172,182,106,110,104,104,81,83,262,262,103,97,143,143,124,124,228,240,154,154,114,130,252,252,142,150,155,159,140,140,153,153,,,,,,,,,,,,,,,,,,,,,,,,,,,,,,,,,,,,,,,,,,,,,,,,,,,,,,,,,
WBNPPAD,wood,EIB286,Davis,2021,EIB77_773_Parks Canada_Results,Wood Buffalo NP 15,703,,173,173,181,181,241,253,238,238,85,89,184,196,207,211,141,143,150,158,116,116,165,179,102,104,125,129,103,103,118,118,161,167,227,231,194,194,179,181,108,113,156,156,89,91,90,90,135,135,146,150,87,87,191,191,101,101,160,162,162,168,127,140,170,172,89,89,91,92,165,165,140,150,172,172,106,112,108,108,81,83,260,262,93,97,143,143,124,132,238,238,144,160,130,130,252,254,142,148,159,159,134,138,149,149,,,,,,,,,,,,,,,,,,,,,,,,,,,,,,,,,,,,,,,,,,,,,,,,,,,,,,,,,
WBNPPAD,wood,EIB287,Davis,2021,EIB77_773_Parks Canada_Results,Wood Buffalo NP 16,704,,161,173,181,181,241,241,232,238,81,85,180,192,205,207,129,143,152,166,116,118,175,183,92,92,125,129,103,103,118,118,161,167,225,229,188,200,187,187,113,115,158,158,89,91,102,90,135,141,146,150,87,89,189,191,103,95,160,162,162,164,140,140,170,172,83,89,91,92,167,173,146,150,172,176,110,110,108,108,83,83,262,262,93,93,143,143,132,132,228,236,156,156,130,134,250,250,142,148,155,155,136,140,147,149,,,,,,,,,,,,,,,,,,,,,,,,,,,,,,,,,,,,,,,,,,,,,,,,,,,,,,,,,
WBNPPAD,wood,EIB288,Davis,2021,EIB77_773_Parks Canada_Results,Wood Buffalo NP 17,705,,165,173,181,191,241,253,238,238,85,89,180,184,205,211,129,149,152,152,108,116,165,165,104,98,125,129,103,105,104,104,167,167,213,229,194,194,185,187,113,113,154,156,91,91,88,90,135,145,146,150,87,87,189,191,103,99,160,162,158,170,142,148,168,168,83,89,91,92,173,177,146,150,172,178,110,112,100,100,83,83,260,260,89,97,143,143,124,124,236,238,154,156,130,130,252,252,142,148,155,155,134,136,149,149,,,,,,,,,,,,,,,,,,,,,,,,,,,,,,,,,,,,,,,,,,,,,,,,,,,,,,,,,
WBNPPAD,wood,EIB289,Davis,2021,EIB77_773_Parks Canada_Results,Wood Buffalo NP 18,706,,173,173,181,191,241,253,238,238,89,91,180,196,205,205,129,141,146,150,108,116,175,183,104,104,125,129,103,103,104,114,167,167,229,231,194,194,175,187,108,115,156,158,89,89,100,102,135,141,146,154,87,87,191,195,101,103,154,162,142,166,142,142,170,176,89,95,91,91,167,175,140,150,176,176,106,108,104,108,81,83,256,262,97,97,143,143,124,132,228,238,154,154,118,134,252,252,148,150,155,155,136,142,145,149,,,,,,,,,,,,,,,,,,,,,,,,,,,,,,,,,,,,,,,,,,,,,,,,,,,,,,,,,
WBNPPAD,wood,EIB290,Davis,2021,EIB77_773_Parks Canada_Results,Wood Buffalo NP 19,707,,161,161,181,191,247,271,238,238,85,89,180,198,205,205,129,129,146,152,116,116,175,179,104,104,127,131,103,103,114,114,161,161,227,227,194,200,181,187,108,115,156,158,89,89,90,90,141,145,146,150,87,87,189,191,101,95,161,162,142,162,140,150,166,172,89,89,91,91,167,175,146,150,172,172,110,112,100,100,81,83,260,262,103,89,143,143,122,126,228,240,154,160,130,134,252,252,142,142,155,157,136,136,151,151,,,,,,,,,,,,,,,,,,,,,,,,,,,,,,,,,,,,,,,,,,,,,,,,,,,,,,,,,
WBNPPAD,wood,EIB273,Davis,2021,EIB77_773_Parks Canada_Results,Wood Buffalo NP 2,691,,169,173,0,0,0,0,238,252,81,85,184,184,209,213,129,129,152,162,0,0,165,165,104,104,125,127,0,0,114,114,167,167,225,227,188,194,187,187,113,115,158,158,89,89,88,90,135,141,146,150,87,87,191,195,103,95,158,160,142,142,127,140,168,174,81,89,92,95,173,177,146,146,176,180,106,112,106,106,81,83,0,0,0,0,0,0,124,124,238,238,154,154,118,134,246,254,142,150,155,157,134,136,0,0,,,,,,,,,,,,,,,,,,,,,,,,,,,,,,,,,,,,,,,,,,,,,,,,,,,,,,,,,
WBNPPAD,wood,EIB291,Davis,2021,EIB77_773_Parks Canada_Results,Wood Buffalo NP 20,708,,165,167,181,191,253,269,238,238,89,89,180,180,207,211,129,143,146,158,116,118,175,181,102,98,125,129,103,103,104,104,167,167,225,231,190,194,179,185,108,115,158,158,89,91,102,90,135,145,148,150,87,87,191,195,103,99,160,160,142,142,148,150,168,168,89,89,91,91,167,177,150,150,172,182,110,112,104,104,81,81,260,262,103,89,143,143,124,124,228,238,156,160,130,134,252,252,142,142,155,155,138,138,145,153,,,,,,,,,,,,,,,,,,,,,,,,,,,,,,,,,,,,,,,,,,,,,,,,,,,,,,,,,
WBNPPAD,wood,EIB275,Davis,2021,EIB77_773_Parks Canada_Results,Wood Buffalo NP 4,692,,161,169,181,181,253,269,238,238,85,89,180,196,205,207,129,143,152,164,116,118,165,165,104,92,123,129,103,103,114,114,161,165,229,233,194,202,187,187,115,115,154,158,89,89,90,90,135,141,150,150,85,87,189,191,101,101,158,161,158,168,140,142,168,176,83,89,91,92,173,177,146,150,172,172,110,112,104,104,81,83,260,260,93,93,143,143,124,124,228,240,154,154,114,130,252,252,142,148,155,157,134,140,143,145,,,,,,,,,,,,,,,,,,,,,,,,,,,,,,,,,,,,,,,,,,,,,,,,,,,,,,,,,
WBNPPAD,wood,EIB276,Davis,2021,EIB77_773_Parks Canada_Results,Wood Buffalo NP 5,693,,161,169,181,191,253,269,232,238,85,89,180,196,205,205,129,129,152,152,114,118,165,179,104,92,129,129,103,103,120,120,161,167,229,229,194,194,179,187,113,115,158,158,89,91,90,90,135,141,146,148,89,89,189,189,101,103,160,162,168,168,127,146,170,172,85,85,92,95,173,177,150,150,172,178,106,112,108,108,83,85,260,262,103,103,143,143,132,132,228,228,154,154,130,130,252,252,138,142,155,159,136,138,153,153,,,,,,,,,,,,,,,,,,,,,,,,,,,,,,,,,,,,,,,,,,,,,,,,,,,,,,,,,
WBNPPAD,wood,EIB277,Davis,2021,EIB77_773_Parks Canada_Results,Wood Buffalo NP 6,694,,161,161,181,191,253,269,238,250,85,89,180,180,205,211,129,143,152,158,114,116,175,179,102,104,123,129,103,103,114,118,161,167,229,231,188,194,175,187,113,113,156,158,89,89,90,90,145,145,146,154,87,89,195,195,103,95,149,160,156,168,140,140,168,170,89,89,91,95,173,175,140,148,172,174,108,112,104,112,81,83,260,262,103,97,143,145,124,124,240,240,154,154,118,134,246,254,138,142,153,155,134,138,145,149,,,,,,,,,,,,,,,,,,,,,,,,,,,,,,,,,,,,,,,,,,,,,,,,,,,,,,,,,
WBNPPAD,wood,EIB278,Davis,2021,EIB77_773_Parks Canada_Results,Wood Buffalo NP 7,695,,161,173,191,191,247,253,238,238,85,89,180,192,205,207,129,133,152,158,108,118,183,183,96,98,129,129,103,103,104,114,161,167,227,227,194,194,175,179,113,115,158,160,89,91,100,88,135,145,150,150,87,87,189,195,101,101,160,170,164,168,140,140,170,178,89,89,91,91,167,175,140,140,176,182,106,108,100,108,81,81,262,262,89,93,143,147,124,124,228,240,154,154,130,130,252,252,138,150,151,159,136,140,145,145,,,,,,,,,,,,,,,,,,,,,,,,,,,,,,,,,,,,,,,,,,,,,,,,,,,,,,,,,
WBNPPAD,wood,EIB279,Davis,2021,EIB77_773_Parks Canada_Results,Wood Buffalo NP 8,696,,161,173,181,191,253,269,238,238,85,91,184,196,207,211,143,143,152,158,116,116,165,175,92,98,127,129,103,103,104,116,161,161,231,231,188,194,185,185,115,115,156,158,89,91,90,90,135,137,146,150,87,89,193,195,101,103,160,161,142,164,127,127,168,172,85,85,91,91,175,177,146,150,176,176,108,90,102,104,83,83,260,262,97,99,143,143,124,124,228,228,156,160,118,132,252,252,138,142,155,155,134,136,149,153,,,,,,,,,,,,,,,,,,,,,,,,,,,,,,,,,,,,,,,,,,,,,,,,,,,,,,,,,
WBNPPAD,wood,EIB280,Davis,2021,EIB77_773_Parks Canada_Results,Wood Buffalo NP 9,697,,161,165,181,181,253,253,238,238,89,91,180,196,205,211,129,129,146,156,116,116,165,175,102,102,129,129,103,103,104,114,161,167,229,229,188,194,179,187,115,115,156,158,89,91,100,90,141,145,146,150,87,87,191,195,95,95,160,160,142,162,140,142,174,174,85,89,91,95,167,173,140,150,172,174,106,106,100,100,83,83,260,262,103,103,143,143,124,132,228,228,154,154,130,134,244,252,142,142,159,159,136,138,151,153,,,,,,,,,,,,,,,,,,,,,,,,,,,,,,,,,,,,,,,,,,,,,,,,,,,,,,,,,
WBNPPAD,wood,EIB339,Davis,2021,EIB77_773_Parks Canada_Results,Wood Buffalo NP 92,709,,165,173,177,189,245,269,238,254,85,89,184,184,205,207,129,129,152,152,108,116,183,183,104,98,125,125,103,103,118,118,167,167,225,229,188,188,179,185,113,113,158,158,89,91,102,90,135,141,150,150,87,87,189,191,101,99,160,160,158,166,142,146,172,172,81,85,92,92,173,177,146,150,172,172,108,110,100,100,81,81,260,260,91,97,143,157,124,132,228,238,144,156,132,134,246,252,148,148,155,155,136,138,153,153,,,,,,,,,,,,,,,,,,,,,,,,,,,,,,,,,,,,,,,,,,,,,,,,,,,,,,,,,
WBNPPAD,wood,EIB340,Davis,2021,EIB77_773_Parks Canada_Results,Wood Buffalo NP 93,710,,161,161,181,181,241,253,238,238,89,89,180,184,205,215,129,141,146,152,116,116,183,183,102,104,129,129,103,103,120,120,161,167,229,231,188,190,179,187,108,115,156,158,89,91,100,90,135,141,146,150,87,87,189,191,101,103,158,162,142,158,127,142,166,176,89,89,91,92,173,177,150,150,174,182,106,110,104,104,81,81,262,262,103,97,143,143,124,124,238,238,144,154,118,132,252,252,142,148,153,159,136,138,153,153,,,,,,,,,,,,,,,,,,,,,,,,,,,,,,,,,,,,,,,,,,,,,,,,,,,,,,,,,
WBNPPAD,wood,EIB341,Davis,2021,EIB77_773_Parks Canada_Results,Wood Buffalo NP 94,711,,173,173,181,191,241,249,238,238,87,89,180,180,205,215,129,129,146,164,116,116,175,183,104,104,125,129,103,105,104,104,167,167,227,229,194,194,181,187,113,115,158,158,89,91,90,90,135,145,146,150,87,87,191,195,101,101,161,162,142,158,127,140,168,172,85,89,91,91,173,175,146,150,172,182,106,110,102,102,81,81,260,262,83,89,143,143,122,132,228,238,154,156,134,134,252,252,142,150,155,157,134,138,149,149,,,,,,,,,,,,,,,,,,,,,,,,,,,,,,,,,,,,,,,,,,,,,,,,,,,,,,,,,
WBNPPAD,wood,EIB342,Davis,2021,EIB77_773_Parks Canada_Results,Wood Buffalo NP 95,712,,161,165,181,191,253,253,232,252,85,89,180,184,207,207,143,143,152,166,116,116,165,183,104,92,125,129,103,103,104,104,161,167,225,229,194,194,181,181,113,113,154,158,89,91,90,90,135,145,150,150,87,87,189,191,101,103,158,161,158,170,140,146,170,172,89,95,91,92,163,177,148,150,172,182,106,110,104,112,77,81,260,262,93,97,143,143,124,132,228,236,144,154,114,130,250,252,148,150,155,157,138,138,149,151,,,,,,,,,,,,,,,,,,,,,,,,,,,,,,,,,,,,,,,,,,,,,,,,,,,,,,,,,
WBNPPAD,wood,EIB343,Davis,2021,EIB77_773_Parks Canada_Results,Wood Buffalo NP 96,713,,161,161,181,191,269,271,252,252,87,87,180,198,205,205,129,143,146,166,112,118,165,181,102,104,123,129,103,103,114,114,161,167,227,229,194,200,179,191,108,115,156,156,91,91,90,90,141,145,150,154,89,91,189,189,103,99,160,162,142,158,140,142,170,174,85,89,91,92,167,173,146,150,172,180,106,110,108,108,81,81,262,262,105,97,143,143,124,124,228,238,154,154,130,134,252,252,142,148,153,157,134,138,145,153,,,,,,,,,,,,,,,,,,,,,,,,,,,,,,,,,,,,,,,,,,,,,,,,,,,,,,,,,
WBNPPAD,wood,EIB344,Davis,2021,EIB77_773_Parks Canada_Results,Wood Buffalo NP 97,714,,161,161,181,181,241,269,238,250,85,87,184,196,205,205,129,149,148,152,116,118,175,183,92,98,125,127,103,103,114,114,167,167,225,233,194,200,175,185,108,115,154,158,89,91,90,90,137,141,150,150,87,87,189,191,95,95,160,162,142,168,127,150,170,176,85,91,91,95,177,177,146,150,172,180,106,106,108,108,83,83,260,260,103,89,143,143,124,124,238,238,144,154,130,130,252,254,138,148,155,155,136,138,151,153,,,,,,,,,,,,,,,,,,,,,,,,,,,,,,,,,,,,,,,,,,,,,,,,,,,,,,,,,
WBNPSRL,wood,EIB617,Davis,2021,EIB77_773_Parks Canada_Results,BSN-47,753,,165,169,181,181,253,253,238,238,85,89,180,184,205,211,129,129,146,146,116,116,165,175,102,104,123,127,103,104,114,118,161,167,229,229,190,194,175,179,113,115,158,160,89,91,102,90,141,141,150,150,87,87,191,191,103,95,149,158,142,166,127,150,166,170,89,89,91,91,173,177,146,150,174,182,110,112,102,108,83,85,256,262,103,97,143,143,124,124,238,240,154,154,130,132,250,252,138,142,155,155,134,138,149,149,,,,,,,,,,,,,,,,,,,,,,,,,,,,,,,,,,,,,,,,,,,,,,,,,,,,,,,,,
WBNPSRL,wood,EIB618,Davis,2021,EIB77_773_Parks Canada_Results,BSN-48,754,,161,173,181,181,253,269,238,238,81,89,196,198,207,215,129,143,146,152,116,116,165,165,102,92,123,125,103,103,114,114,165,167,229,229,188,194,179,181,113,115,158,158,89,91,102,90,135,145,146,150,87,89,189,191,101,103,160,161,142,166,127,146,170,174,89,89,91,91,167,173,146,150,176,176,108,110,104,104,77,81,262,262,103,93,143,143,124,132,228,236,144,154,130,132,252,252,142,150,155,157,134,136,153,153,,,,,,,,,,,,,,,,,,,,,,,,,,,,,,,,,,,,,,,,,,,,,,,,,,,,,,,,,
WBNPSRL,wood,EIB347,Davis,2021,EIB77_773_Parks Canada_Results,Wood Buffalo NP 100,751,,165,173,181,191,253,269,238,238,89,89,180,196,201,211,129,143,146,158,116,116,165,183,104,98,123,125,103,105,114,114,167,167,229,231,188,200,181,181,108,115,156,158,89,91,100,90,135,141,148,150,89,89,189,189,101,103,158,162,142,166,140,150,168,170,85,89,92,92,167,167,150,150,172,174,112,112,108,108,83,85,260,262,85,93,143,143,124,132,238,238,154,156,130,134,252,252,142,142,159,159,136,136,149,151,,,,,,,,,,,,,,,,,,,,,,,,,,,,,,,,,,,,,,,,,,,,,,,,,,,,,,,,,
WBNPSRL,wood,EIB348,Davis,2021,EIB77_773_Parks Canada_Results,Wood Buffalo NP 101,752,,161,161,191,191,265,269,238,238,87,89,184,184,205,205,129,129,146,158,108,116,165,175,102,98,125,127,103,103,104,114,167,167,229,229,188,188,179,187,113,115,158,158,89,93,100,90,135,145,146,150,87,87,191,195,101,95,154,160,142,144,127,142,170,172,85,89,91,92,173,177,150,152,172,172,106,110,100,104,81,83,260,262,103,103,143,143,124,132,228,238,154,154,130,132,250,252,142,142,155,155,136,136,149,153,,,,,,,,,,,,,,,,,,,,,,,,,,,,,,,,,,,,,,,,,,,,,,,,,,,,,,,,,
WBNPSRL,wood,EIB305,Davis,2021,EIB77_773_Parks Canada_Results,Wood Buffalo NP 34,742,,161,165,181,181,269,269,238,238,85,91,192,196,205,211,129,143,152,152,108,116,165,179,102,102,123,129,103,103,114,114,167,167,227,229,194,194,179,185,115,115,158,160,91,93,100,90,145,145,150,150,87,89,189,195,103,95,147,160,142,168,127,140,168,172,81,89,91,92,167,173,140,150,176,176,106,106,108,108,81,81,260,262,103,93,143,143,124,124,238,240,154,154,114,130,246,252,148,150,155,155,134,136,145,149,,,,,,,,,,,,,,,,,,,,,,,,,,,,,,,,,,,,,,,,,,,,,,,,,,,,,,,,,
WBNPSRL,wood,EIB306,Davis,2021,EIB77_773_Parks Canada_Results,Wood Buffalo NP 35,743,,165,169,191,191,253,253,238,252,89,89,180,196,205,211,129,129,146,146,118,120,165,183,104,98,125,129,103,105,104,112,167,167,231,231,188,188,179,181,108,115,156,158,91,93,100,90,141,145,150,150,87,89,189,189,101,101,158,162,166,166,127,150,170,172,85,89,91,92,167,173,150,150,174,174,112,112,100,100,77,83,260,262,101,85,143,147,122,124,238,238,0,0,0,0,252,252,142,142,159,159,134,136,151,151,,,,,,,,,,,,,,,,,,,,,,,,,,,,,,,,,,,,,,,,,,,,,,,,,,,,,,,,,
WBNPSRL,wood,EIB307,Davis,2021,EIB77_773_Parks Canada_Results,Wood Buffalo NP 36,744,,161,173,191,191,247,253,238,238,89,89,192,196,202,205,129,129,152,158,116,116,165,183,102,102,125,125,103,103,114,114,167,167,225,229,188,194,179,187,113,115,156,158,89,91,100,90,135,145,150,150,87,87,189,191,101,103,158,160,166,166,140,140,168,172,89,89,91,92,167,175,150,150,172,172,106,106,100,100,83,83,262,262,103,85,143,143,132,132,238,238,144,154,130,134,246,252,142,142,155,157,134,138,145,151,,,,,,,,,,,,,,,,,,,,,,,,,,,,,,,,,,,,,,,,,,,,,,,,,,,,,,,,,
WBNPSRL,wood,EIB308,Davis,2021,EIB77_773_Parks Canada_Results,Wood Buffalo NP 37,745,,165,173,179,179,241,271,238,238,85,87,184,192,205,211,129,143,152,152,118,118,175,179,102,104,129,129,103,103,104,114,167,167,229,229,200,200,179,185,115,115,156,158,89,91,102,90,135,135,148,150,89,91,189,191,101,95,160,162,142,158,140,150,170,186,85,85,91,91,167,173,148,150,172,172,112,112,100,104,77,81,262,262,103,85,143,143,0,0,228,238,144,154,128,130,252,252,142,142,155,159,138,138,145,145,,,,,,,,,,,,,,,,,,,,,,,,,,,,,,,,,,,,,,,,,,,,,,,,,,,,,,,,,
WBNPSRL,wood,EIB309,Davis,2021,EIB77_773_Parks Canada_Results,Wood Buffalo NP 38,746,,173,173,181,191,241,253,232,238,89,89,192,192,207,211,129,143,152,166,116,116,165,181,104,92,129,131,103,103,114,114,167,167,227,229,190,194,179,181,113,115,156,156,89,89,100,90,145,145,150,150,87,87,189,191,101,101,158,158,158,168,127,140,170,172,89,89,91,92,167,173,146,150,174,176,112,112,108,108,77,83,260,262,103,97,143,143,124,132,228,228,144,154,130,134,252,252,142,148,155,157,136,138,149,149,,,,,,,,,,,,,,,,,,,,,,,,,,,,,,,,,,,,,,,,,,,,,,,,,,,,,,,,,
WBNPSRL,wood,EIB310,Davis,2021,EIB77_773_Parks Canada_Results,Wood Buffalo NP 39,747,,161,165,179,191,241,253,238,252,81,89,180,184,205,211,143,143,152,152,108,116,165,183,102,104,123,125,103,103,104,104,167,167,227,229,194,194,179,187,115,115,158,158,89,89,90,90,145,145,146,150,87,87,189,191,103,95,161,162,142,166,140,142,168,174,85,85,91,94,173,175,140,150,172,174,108,112,108,108,83,83,260,262,89,97,0,0,124,132,238,238,154,154,114,134,246,252,142,150,155,157,136,138,145,153,,,,,,,,,,,,,,,,,,,,,,,,,,,,,,,,,,,,,,,,,,,,,,,,,,,,,,,,,
WBNPSRL,wood,EIB312,Davis,2021,EIB77_773_Parks Canada_Results,Wood Buffalo NP 41,748,,161,161,181,181,253,253,238,238,85,87,180,184,207,211,127,129,152,164,116,118,175,183,104,98,125,129,103,103,114,114,167,167,231,231,194,194,179,179,108,115,156,160,89,91,90,90,145,145,146,146,87,89,189,189,103,95,160,161,158,166,127,150,176,176,89,89,91,94,177,177,150,150,172,178,106,108,100,100,81,83,262,262,103,97,143,143,124,132,238,240,144,144,128,130,250,252,142,148,155,155,138,138,145,151,,,,,,,,,,,,,,,,,,,,,,,,,,,,,,,,,,,,,,,,,,,,,,,,,,,,,,,,,
WBNPSRL,wood,EIB345,Davis,2021,EIB77_773_Parks Canada_Results,Wood Buffalo NP 98,749,,173,173,181,191,253,253,238,238,85,89,180,196,205,211,129,143,146,152,116,116,183,183,102,104,123,123,103,103,120,120,167,167,231,231,190,200,179,181,113,115,158,158,89,93,102,88,145,145,146,154,87,87,191,191,103,95,160,162,142,166,138,140,168,170,83,89,91,92,167,167,146,150,174,174,106,108,108,108,81,83,260,260,103,103,143,143,124,126,228,228,154,154,130,130,252,252,142,148,155,155,136,136,149,153,,,,,,,,,,,,,,,,,,,,,,,,,,,,,,,,,,,,,,,,,,,,,,,,,,,,,,,,,
WBNPSRL,wood,EIB346,Davis,2021,EIB77_773_Parks Canada_Results,Wood Buffalo NP 99,750,,167,173,181,181,253,269,232,238,81,89,180,180,205,205,129,129,152,152,116,116,179,183,104,92,129,129,103,103,104,104,161,167,229,231,188,194,179,185,115,115,158,158,89,89,90,90,145,145,146,148,87,87,191,195,103,95,147,161,144,144,140,140,168,174,83,83,91,94,167,167,150,150,172,182,106,112,106,108,81,81,260,262,103,93,143,143,124,124,240,240,154,154,114,118,246,254,142,142,153,159,136,136,149,153,,,,,,,,,,,,,,,,,,,,,,,,,,,,,,,,,,,,,,,,,,,,,,,,,,,,,,,,,
Banff National Park,plains,,Trent,2024-06-13,Bison_2024_Genotypes_ClientCopy,24BNP_001,,Fecal,161,165,//,//,247,249,238,238,//,//,180,198,211,215,129,149,158,158,//,//,179,185,96,98,123,125,103,104,,,161,167,227,229,194,200,181,187,113,115,154,158,89,91,88,88,135,141,146,150,91,91,189,191,//,//,141,160,142,168,127,150,168,172,89,89,92,92,163,165,146,150,172,180,108,108,104,104,81,83,262,262,93,101,143,145,124,124,//,//,154,156,130,130,246,254,142,148,155,155,136,140,//,//,X,X,,,,,,,,,,,,,,,,,,,,,,,,,,,,,,,,,,,,,,,,,,,,,,,,,,,,,,,
Banff National Park,plains,,Trent,2024-06-13,Bison_2024_Genotypes_ClientCopy,24BNP_002,,Fecal,161,173,181,191,247,253,238,254,87,89,180,180,205,211,129,149,152,158,114,118,181,185,92,96,125,131,103,103,,,161,161,229,231,194,200,175,187,108,115,156,158,89,91,88,90,135,135,146,146,87,87,189,195,99,99,160,160,//,//,127,150,168,168,83,89,92,92,167,175,140,146,176,176,//,//,102,104,81,83,262,262,89,93,143,143,122,124,240,240,156,158,118,134,250,250,142,142,155,159,134,136,149,151,X,X,,,,,,,,,,,,,,,,,,,,,,,,,,,,,,,,,,,,,,,,,,,,,,,,,,,,,,,
Banff National Park,plains,,Trent,2024-06-13,Bison_2024_Genotypes_ClientCopy,24BNP_003,,Fecal,165,173,191,191,241,249,238,238,87,89,180,198,211,211,127,149,158,162,116,118,165,179,92,104,125,127,103,103,,,167,167,229,229,190,200,181,187,113,113,158,158,91,91,88,100,135,141,146,146,91,91,189,191,95,103,143,161,158,168,127,150,170,170,89,89,92,95,165,173,146,150,172,178,108,108,102,102,81,83,262,262,89,89,143,145,122,124,224,228,144,156,118,130,254,254,138,142,155,155,136,140,149,149,Y,X,,,,,,,,,,,,,,,,,,,,,,,,,,,,,,,,,,,,,,,,,,,,,,,,,,,,,,,
Banff National Park,plains,,Trent,2024-06-13,Bison_2024_Genotypes_ClientCopy,24BNP_005,,Fecal,161,161,191,191,241,271,238,238,87,91,180,180,211,211,149,149,150,162,114,118,179,181,92,98,125,129,103,103,,,161,167,229,231,190,200,175,175,115,115,154,158,91,91,88,90,135,135,146,148,85,89,191,191,99,101,161,161,142,158,127,127,168,172,83,83,92,92,165,175,140,150,172,172,106,110,102,102,83,83,262,262,89,105,145,147,124,124,228,240,156,156,130,130,246,254,142,142,155,159,136,138,149,153,X,X,,,,,,,,,,,,,,,,,,,,,,,,,,,,,,,,,,,,,,,,,,,,,,,,,,,,,,,
Banff National Park,plains,,Trent,2024-06-13,Bison_2024_Genotypes_ClientCopy,24BNP_006,,Fecal,161,161,177,191,241,247,238,238,89,91,180,192,207,211,127,127,152,164,114,118,183,185,96,98,123,131,103,104,,,161,167,231,231,194,200,187,187,108,115,156,158,89,89,88,88,135,141,146,148,85,89,191,195,101,101,143,160,158,170,140,150,168,168,89,89,91,92,175,175,140,150,172,172,108,108,106,106,83,83,262,262,91,105,145,147,122,124,236,240,156,156,130,130,254,254,142,142,155,155,136,136,149,149,Y,X,,,,,,,,,,,,,,,,,,,,,,,,,,,,,,,,,,,,,,,,,,,,,,,,,,,,,,,
Banff National Park,plains,,Trent,2024-06-13,Bison_2024_Genotypes_ClientCopy,24BNP_007,,Fecal,161,161,177,191,241,245,238,238,85,89,180,180,211,215,129,143,142,162,//,//,165,179,92,104,123,125,103,103,,,161,161,229,229,190,190,185,187,108,113,156,158,89,89,88,90,135,141,148,150,85,87,189,191,95,101,160,160,158,162,127,148,168,172,89,89,92,92,163,173,140,148,180,180,108,108,104,106,83,83,256,262,//,//,143,143,122,124,228,240,//,//,130,130,246,254,142,150,155,155,136,136,149,149,X,X,,,,,,,,,,,,,,,,,,,,,,,,,,,,,,,,,,,,,,,,,,,,,,,,,,,,,,,
Banff National Park,plains,,Trent,2024-06-13,Bison_2024_Genotypes_ClientCopy,24BNP_008,,Fecal,173,173,191,191,249,253,238,254,87,91,192,192,201,205,129,143,142,162,//,//,179,185,92,92,125,125,103,105,,,161,161,229,231,194,200,181,185,113,115,158,158,89,89,88,90,135,141,146,146,91,91,189,191,95,101,160,160,156,162,127,140,168,174,85,89,95,95,167,175,140,140,//,//,108,108,102,104,81,83,260,262,93,97,143,143,122,122,240,240,144,154,118,130,246,250,148,150,155,157,136,136,149,149,X,X,,,,,,,,,,,,,,,,,,,,,,,,,,,,,,,,,,,,,,,,,,,,,,,,,,,,,,,
Banff National Park,plains,,Trent,2024-06-13,Bison_2024_Genotypes_ClientCopy,24BNP_009,,Fecal,161,173,181,191,253,271,238,238,//,//,180,198,205,211,149,149,150,150,114,114,181,183,92,96,127,131,103,103,,,161,167,229,231,200,202,181,187,113,115,158,158,91,93,88,90,135,137,146,146,87,91,189,195,101,103,160,160,//,//,150,150,168,172,89,89,92,92,165,165,140,150,//,//,106,110,104,104,83,83,262,262,97,101,143,143,122,124,238,240,//,//,118,134,254,254,142,142,155,155,136,138,149,151,Y,X,,,,,,,,,,,,,,,,,,,,,,,,,,,,,,,,,,,,,,,,,,,,,,,,,,,,,,,
Banff National Park,plains,,Trent,2024-06-13,Bison_2024_Genotypes_ClientCopy,24BNP_011,,Fecal,161,173,181,191,241,271,232,238,83,91,180,184,211,211,129,149,150,158,116,118,179,179,98,104,123,131,104,105,,,161,161,231,231,194,200,175,175,108,115,156,158,91,91,88,90,135,135,146,150,85,87,195,195,101,101,143,160,//,//,127,127,168,170,83,83,92,92,175,175,140,150,172,178,106,110,104,104,81,83,262,262,91,93,143,147,122,122,228,236,154,156,118,134,250,254,142,148,155,155,136,136,149,149,Y,X,,,,,,,,,,,,,,,,,,,,,,,,,,,,,,,,,,,,,,,,,,,,,,,,,,,,,,,
Banff National Park,plains,,Trent,2024-06-13,Bison_2024_Genotypes_ClientCopy,24BNP_013,,Fecal,161,161,177,191,241,271,238,238,89,89,180,180,211,215,143,149,150,162,116,118,179,185,92,104,123,131,105,105,,,161,167,231,231,190,194,175,175,113,115,154,158,89,91,88,90,135,135,148,148,87,89,189,191,99,101,143,143,158,158,127,150,168,168,89,89,92,92,163,173,146,148,172,172,108,110,102,106,81,83,262,262,91,101,143,147,124,124,//,//,156,156,130,134,250,250,142,148,155,155,136,136,149,149,X,X,,,,,,,,,,,,,,,,,,,,,,,,,,,,,,,,,,,,,,,,,,,,,,,,,,,,,,,
Banff National Park,plains,,Trent,2024-06-13,Bison_2024_Genotypes_ClientCopy,24BNP_015,,Fecal,161,161,181,191,245,271,238,238,87,87,192,198,211,215,149,149,158,164,114,118,181,183,92,98,129,131,103,104,,,165,165,229,229,200,200,175,187,115,115,158,158,91,91,88,100,135,141,146,150,91,91,189,191,95,95,161,161,//,//,127,150,170,170,89,91,92,92,163,163,150,150,172,180,108,108,104,104,83,83,262,262,89,89,145,145,124,124,240,240,154,156,130,130,254,254,138,148,155,159,136,136,149,149,X,X,,,,,,,,,,,,,,,,,,,,,,,,,,,,,,,,,,,,,,,,,,,,,,,,,,,,,,,
Dan Fox / Blood,plains,,Trent,2023,Bison_Genotypes_2023_230319,0124 000 300 931 364,,Hair,161,165,179,191,241,269,232,238,85,89,180,192,201,207,129,143,146,162,114,118,179,181,90,98,129,129,103,107,,,161,167,229,231,200,202,181,187,113,115,156,158,89,91,100,104,135,141,146,150,87,87,189,191,95,99,158,160,142,158,140,140,168,170,83,89,91,91,177,177,146,152,172,180,90,108,104,112,83,83,260,262,91,93,143,147,122,124,228,240,156,160,128,130,246,252,148,148,155,157,136,138,149,151,X,X,,,,,,,,,,,,,,,,,,,,,,,,,,,,,,,,,,,,,,,,,,,,,,,,,,,,,,,
Dan Fox / Blood,plains,,Trent,2023,Bison_Genotypes_2023_230319,0124 000 300 931 365,,Hair,161,165,179,181,241,253,238,252,85,87,180,180,201,207,129,143,162,162,114,118,183,183,90,92,125,129,103,103,,,161,167,229,231,194,202,181,187,113,115,154,158,89,91,88,90,135,137,146,150,87,87,191,191,99,103,158,160,158,168,127,148,168,172,83,89,92,94,173,175,140,148,174,174,108,108,104,106,83,85,258,262,103,105,143,147,122,124,238,240,154,156,130,130,246,254,148,148,151,157,136,136,149,149,X,X,,,,,,,,,,,,,,,,,,,,,,,,,,,,,,,,,,,,,,,,,,,,,,,,,,,,,,,
Dan Fox / Blood,plains,,Trent,2023,Bison_Genotypes_2023_230319,0124 000 300 931 366,,Hair,169,173,177,193,249,253,232,238,85,89,180,184,201,201,143,149,148,162,114,118,183,183,98,104,129,129,103,107,,,161,167,229,231,194,196,187,187,113,115,154,156,89,93,100,104,135,147,146,146,87,87,191,191,99,101,158,160,166,168,146,148,168,168,83,89,91,92,173,177,146,146,174,174,106,106,100,104,83,85,262,262,91,103,143,145,122,124,228,240,154,156,130,132,246,246,148,148,155,155,136,136,145,149,X,X,,,,,,,,,,,,,,,,,,,,,,,,,,,,,,,,,,,,,,,,,,,,,,,,,,,,,,,
Dan Fox / Blood,plains,,Trent,2023,Bison_Genotypes_2023_230319,0124 000 300 931 367,,Hair,165,173,179,191,253,271,238,252,85,89,180,190,201,207,129,149,162,162,116,118,165,183,90,92,123,129,103,107,,,165,167,225,231,196,202,179,187,113,115,156,158,91,91,100,104,135,147,146,150,87,91,191,191,95,99,160,170,142,142,140,148,174,178,83,83,92,94,173,175,140,148,172,174,106,120,104,104,81,83,260,262,97,103,147,147,124,124,240,240,154,160,114,134,246,252,142,148,157,159,136,136,147,149,X,X,,,,,,,,,,,,,,,,,,,,,,,,,,,,,,,,,,,,,,,,,,,,,,,,,,,,,,,
Dan Fox / Blood,plains,,Trent,2023,Bison_Genotypes_2023_230319,0124 000 300 931 374,,Hair,161,161,179,181,253,253,238,238,85,85,180,192,201,211,143,149,158,162,114,116,175,183,98,104,125,129,103,105,,,167,167,229,229,194,196,185,187,115,115,154,156,91,93,88,90,135,135,146,148,87,87,189,191,99,101,151,161,142,158,140,148,172,178,83,89,91,95,167,173,146,148,174,180,106,106,104,104,81,83,260,262,91,103,145,147,124,124,238,240,154,160,134,134,246,246,148,148,157,157,136,140,149,149,X,X,,,,,,,,,,,,,,,,,,,,,,,,,,,,,,,,,,,,,,,,,,,,,,,,,,,,,,,
Dan Fox / Blood,plains,,Trent,2023,Bison_Genotypes_2023_230319,0124 000 300 931 375,,Hair,161,165,179,191,241,253,238,252,85,85,180,190,201,205,129,149,150,162,116,118,183,183,92,98,125,125,103,103,,,161,167,225,231,194,202,179,187,115,115,154,158,89,91,90,90,135,135,146,146,87,87,189,191,99,99,160,160,142,168,140,142,170,178,83,89,91,94,173,175,146,148,172,174,106,120,104,104,83,85,262,262,97,103,143,147,124,124,228,240,156,160,130,130,246,250,148,148,155,157,134,136,149,149,X,X,,,,,,,,,,,,,,,,,,,,,,,,,,,,,,,,,,,,,,,,,,,,,,,,,,,,,,,
Dan Fox / Blood,plains,,Trent,2023,Bison_Genotypes_2023_230319,0124 000 300 931 376,,Hair,173,173,177,191,241,241,238,238,85,85,180,180,201,211,129,149,162,164,116,118,173,183,92,98,129,131,107,107,,,167,167,229,229,194,196,175,187,115,115,156,158,89,91,90,100,135,135,146,146,87,87,189,191,99,99,151,160,142,158,140,148,168,178,83,83,92,92,173,173,148,148,172,174,106,108,104,104,81,83,262,262,93,103,143,147,122,124,228,240,156,160,128,130,254,254,142,148,155,155,134,136,149,149,Y,X,,,,,,,,,,,,,,,,,,,,,,,,,,,,,,,,,,,,,,,,,,,,,,,,,,,,,,,
Dan Fox / Blood,plains,,Trent,2023,Bison_Genotypes_2023_230319,0124 000 300 931 377,,Hair,165,173,179,191,241,271,238,238,85,89,180,190,201,215,129,135,162,164,118,118,165,179,92,98,125,129,103,103,,,161,167,229,229,194,202,185,187,115,115,154,158,89,91,86,90,135,137,146,146,87,87,191,195,99,99,160,170,158,168,127,148,174,178,83,89,91,91,175,177,140,148,174,180,106,108,104,104,81,83,256,262,93,103,143,143,122,122,240,240,154,154,118,130,246,250,148,148,155,155,136,140,149,149,Y,X,,,,,,,,,,,,,,,,,,,,,,,,,,,,,,,,,,,,,,,,,,,,,,,,,,,,,,,
Dan Fox / Blood,plains,,Trent,2023,Bison_Genotypes_2023_230319,0124 000 300 931 378,,Hair,169,173,177,179,241,241,238,252,85,85,180,184,201,207,129,143,152,162,116,118,165,183,90,98,125,129,103,103,,,167,167,229,229,188,196,187,187,115,115,154,160,89,89,90,100,135,135,146,146,87,87,191,195,95,99,149,160,142,168,140,146,168,178,83,89,91,92,173,177,148,150,174,174,90,106,100,100,83,85,262,262,89,93,133,147,122,122,228,240,144,154,130,130,244,254,142,148,151,157,134,136,139,149,Y,X,,,,,,,,,,,,,,,,,,,,,,,,,,,,,,,,,,,,,,,,,,,,,,,,,,,,,,,
Dan Fox / Blood,plains,,Trent,2023,Bison_Genotypes_2023_230319,0124 000 300 931 379,,Hair,161,161,179,191,241,241,238,238,85,89,180,198,201,205,127,129,158,162,108,118,165,179,90,104,125,125,103,103,,,161,167,225,231,194,202,181,187,115,115,154,156,91,93,90,90,135,147,146,146,87,91,189,191,99,99,151,160,142,168,148,148,168,174,83,83,91,92,173,173,140,148,172,180,106,108,104,104,83,83,256,262,97,103,143,147,122,124,236,240,154,154,130,134,254,254,148,148,155,157,136,136,147,149,Y,X,,,,,,,,,,,,,,,,,,,,,,,,,,,,,,,,,,,,,,,,,,,,,,,,,,,,,,,
Dan Fox / Blood,plains,,Trent,2023,Bison_Genotypes_2023_230319,0124 000 300 931 380,,Hair,161,165,177,193,241,241,238,238,85,89,180,180,201,207,129,129,146,162,116,118,165,183,98,104,125,129,103,107,,,161,167,225,231,194,202,185,187,113,115,154,156,89,89,88,90,135,135,146,146,87,87,189,191,99,101,149,160,168,168,140,148,168,178,83,89,91,91,167,173,146,146,174,174,106,106,100,100,83,85,260,262,91,93,143,145,122,124,228,240,156,160,130,130,246,250,142,148,149,155,134,136,149,151,Y,X,,,,,,,,,,,,,,,,,,,,,,,,,,,,,,,,,,,,,,,,,,,,,,,,,,,,,,,
Dan Fox / Blood,plains,,Trent,2023,Bison_Genotypes_2023_230319,0124 000 300 931 381,,Hair,161,165,177,191,241,241,238,252,85,91,180,184,201,201,129,143,148,162,114,118,183,183,90,98,129,129,103,103,,,161,167,227,229,194,202,187,187,110,115,154,156,89,91,90,100,135,147,146,146,87,87,191,195,99,101,151,160,142,168,140,140,170,178,83,89,91,95,173,177,146,146,174,174,90,108,100,100,83,85,260,262,93,103,143,143,124,124,228,240,154,160,130,130,246,254,148,150,153,155,136,136,149,149,Y,X,,,,,,,,,,,,,,,,,,,,,,,,,,,,,,,,,,,,,,,,,,,,,,,,,,,,,,,
Dan Fox / Blood,plains,,Trent,2023,Bison_Genotypes_2023_230319,0124 000 300 931 382,,Hair,161,165,177,179,241,241,238,252,85,85,180,180,201,211,129,149,162,164,116,118,173,179,90,98,129,131,103,103,,,167,167,229,231,196,196,181,187,115,115,156,156,89,91,104,104,135,135,146,146,87,87,189,191,99,99,151,151,142,168,127,148,178,178,83,89,92,92,173,177,148,150,174,180,106,108,104,104,83,83,260,262,97,103,143,147,122,124,228,240,154,154,134,134,250,254,148,148,155,155,136,136,149,149,Y,X,,,,,,,,,,,,,,,,,,,,,,,,,,,,,,,,,,,,,,,,,,,,,,,,,,,,,,,
Dan Fox / Blood,plains,,Trent,2023,Bison_Genotypes_2023_230319,124 000 300 684 696 2020,,Hair,161,173,177,191,241,253,238,252,89,89,180,198,205,215,129,149,162,164,118,118,179,183,90,92,125,129,103,103,,,167,167,229,229,194,194,187,187,115,115,156,156,93,93,90,100,135,135,146,146,87,87,191,197,99,99,151,151,142,168,127,142,168,168,83,89,92,92,173,175,140,146,172,174,106,108,104,104,81,83,256,262,97,97,147,147,124,124,240,240,154,160,130,134,254,254,148,148,155,157,136,136,149,149,Y,X,,,,,,,,,,,,,,,,,,,,,,,,,,,,,,,,,,,,,,,,,,,,,,,,,,,,,,,
Dan Fox / Blood,plains,,Trent,2023,Bison_Genotypes_2023_230319,124 000 300 684 697 2020,,Hair,165,173,177,193,253,253,238,238,89,91,180,180,201,205,149,149,148,162,116,118,179,183,90,98,125,129,103,105,,,167,167,225,231,194,202,185,187,113,115,156,158,89,91,100,104,135,135,146,146,87,91,191,191,99,99,143,160,142,168,140,142,168,168,83,89,92,94,177,177,146,148,180,180,106,106,112,112,83,83,256,264,97,105,145,147,124,124,238,240,156,160,128,134,244,250,148,148,155,157,136,136,149,153,Y,X,,,,,,,,,,,,,,,,,,,,,,,,,,,,,,,,,,,,,,,,,,,,,,,,,,,,,,,
Dan Fox / Blood,plains,,Trent,2023,Bison_Genotypes_2023_230319,124 000 300 703 245 2019,,Hair,165,173,177,179,253,253,238,238,85,89,196,198,201,211,145,149,148,150,118,118,179,183,90,104,127,129,103,105,,,165,167,225,231,194,194,185,187,115,115,156,158,89,91,90,90,135,137,146,146,87,87,191,195,95,99,151,161,142,168,142,148,168,170,83,83,91,94,175,175,146,146,174,180,108,108,104,104,83,85,262,264,97,105,133,143,122,124,228,240,154,160,130,130,244,250,148,148,155,157,136,136,149,149,X,X,,,,,,,,,,,,,,,,,,,,,,,,,,,,,,,,,,,,,,,,,,,,,,,,,,,,,,,
Dan Fox / Blood,plains,,Trent,2023,Bison_Genotypes_2023_230319,124 000 300 931 368 2020,,Hair,165,173,177,179,253,253,238,238,85,89,180,198,201,205,129,129,162,162,118,118,179,183,90,92,123,129,103,103,,,161,167,229,229,194,196,187,187,115,115,156,156,89,91,90,104,135,135,146,146,87,91,189,191,99,99,143,160,142,168,140,140,168,178,83,83,92,92,173,177,146,148,172,174,106,108,104,104,83,85,262,262,93,103,143,147,122,124,228,240,154,160,130,130,250,254,148,148,155,157,136,136,149,149,X,X,,,,,,,,,,,,,,,,,,,,,,,,,,,,,,,,,,,,,,,,,,,,,,,,,,,,,,,
Dan Fox / Blood,plains,,Trent,2023,Bison_Genotypes_2023_230319,124 000 300 931 369 2020,,Hair,165,173,177,193,241,253,252,252,85,89,196,198,201,211,129,143,146,150,114,118,179,179,90,96,129,129,103,103,,,167,167,225,229,194,202,181,187,113,115,156,158,89,93,90,90,135,135,146,150,87,91,191,191,99,99,143,161,166,168,127,142,168,174,83,89,91,91,167,175,146,150,174,176,106,108,100,104,81,83,260,262,97,97,143,143,124,124,240,240,154,156,130,134,246,254,142,148,153,157,134,136,149,155,X,X,,,,,,,,,,,,,,,,,,,,,,,,,,,,,,,,,,,,,,,,,,,,,,,,,,,,,,,
Dan Fox / Blood,plains,,Trent,2023,Bison_Genotypes_2023_230319,124 000 300 931 370 2020,,Hair,161,165,177,191,241,241,238,252,85,89,198,198,205,205,143,149,152,162,116,118,181,183,104,104,123,129,103,105,,,167,167,225,229,196,202,179,187,115,115,156,160,93,93,88,104,135,135,146,146,87,87,191,191,95,99,143,151,156,168,127,142,170,174,83,89,92,95,163,177,148,150,174,178,108,108,104,104,81,83,256,260,91,97,145,147,124,126,228,240,154,160,118,134,250,254,148,148,155,155,136,142,149,155,X,X,,,,,,,,,,,,,,,,,,,,,,,,,,,,,,,,,,,,,,,,,,,,,,,,,,,,,,,
Dan Fox / Blood,plains,,Trent,2023,Bison_Genotypes_2023_230319,124 000 300 931 371 2020,,Hair,161,165,177,193,241,241,252,252,85,87,180,198,201,201,129,143,146,162,116,118,183,183,90,104,125,129,103,103,,,167,167,225,229,194,194,181,187,115,115,156,160,93,93,90,104,135,135,146,154,87,87,191,195,95,99,151,158,142,142,142,148,170,170,83,83,91,91,159,175,146,146,174,178,90,106,104,104,81,83,256,260,93,97,143,145,124,126,240,240,156,160,130,134,244,250,148,150,153,155,136,136,149,155,X,X,,,,,,,,,,,,,,,,,,,,,,,,,,,,,,,,,,,,,,,,,,,,,,,,,,,,,,,
Dan Fox / Blood,plains,,Trent,2023,Bison_Genotypes_2023_230319,124 000 300 931 372 2020,,Hair,165,173,177,181,253,269,254,254,89,89,180,192,201,201,149,149,146,150,118,118,179,181,98,104,125,129,103,105,,,167,167,229,229,196,202,187,187,115,115,156,156,89,91,90,104,135,135,146,146,87,91,191,191,95,99,151,158,168,168,140,142,170,170,83,89,91,91,177,177,146,146,180,180,106,108,100,104,83,83,256,262,93,93,143,145,124,124,228,240,160,160,128,130,252,254,148,148,155,157,136,136,149,149,X,X,,,,,,,,,,,,,,,,,,,,,,,,,,,,,,,,,,,,,,,,,,,,,,,,,,,,,,,
Dan Fox / Blood,plains,,Trent,2023,Bison_Genotypes_2023_230319,124 000 300 931 373,,Hair,161,169,177,181,241,253,238,238,85,89,184,198,205,207,129,143,146,162,114,118,183,183,90,98,129,129,103,105,,,165,167,225,231,194,194,181,187,108,115,156,158,89,93,90,104,135,135,146,154,87,87,191,191,95,99,151,161,142,142,140,140,170,172,83,83,91,91,173,177,148,148,174,176,106,106,100,100,83,83,262,262,89,97,143,147,118,124,228,240,154,156,134,134,250,252,142,148,157,157,136,136,149,149,Y,X,,,,,,,,,,,,,,,,,,,,,,,,,,,,,,,,,,,,,,,,,,,,,,,,,,,,,,,
Dan Fox / Blood,plains,,Trent,2023,Bison_Genotypes_2023_230319,DFox246-2019,,Hair,165,173,177,181,241,253,238,238,89,89,180,184,201,207,129,143,146,162,116,118,179,183,98,104,125,129,103,105,,,167,167,225,229,194,194,181,187,115,115,156,158,89,91,104,104,135,135,146,154,87,87,191,191,99,99,151,160,142,158,140,140,168,170,89,89,91,92,159,177,148,150,180,180,96,108,100,104,81,83,260,262,89,97,145,147,118,124,228,240,154,156,130,130,252,254,142,148,155,155,136,136,149,155,X,X,,,,,,,,,,,,,,,,,,,,,,,,,,,,,,,,,,,,,,,,,,,,,,,,,,,,,,,
Grasslands National Park,plains,,Trent,2024-06-13,Bison_2024_Genotypes_ClientCopy,124000300955494,,hair,161,161,179,191,241,271,238,238,89,91,180,184,207,211,129,149,158,162,116,118,181,183,96,96,125,131,103,105,,,161,161,229,231,194,194,179,191,113,113,158,158,89,91,88,90,135,135,146,154,87,91,189,189,95,99,143,160,142,158,127,140,168,176,83,89,92,92,165,175,146,150,180,180,108,108,104,104,81,83,262,262,93,101,145,145,122,124,228,240,154,158,130,134,246,250,142,148,153,155,136,138,149,149,Y,X,,,,,,,,,,,,,,,,,,,,,,,,,,,,,,,,,,,,,,,,,,,,,,,,,,,,,,,
Grasslands National Park,plains,,Trent,2024-06-13,Bison_2024_Genotypes_ClientCopy,124000301008024,,hair,161,161,179,191,241,247,238,238,87,89,184,198,207,215,143,143,158,158,118,118,179,181,98,104,131,131,105,105,,,167,167,229,231,194,202,175,179,108,115,154,158,89,89,88,90,135,135,146,146,87,89,191,191,95,97,143,170,168,170,140,140,174,186,91,91,92,95,175,175,140,150,172,172,106,108,104,104,81,81,260,262,93,105,143,143,122,124,240,240,144,158,130,130,250,254,148,150,155,157,136,138,151,151,Y,X,,,,,,,,,,,,,,,,,,,,,,,,,,,,,,,,,,,,,,,,,,,,,,,,,,,,,,,
Grasslands National Park,plains,,Trent,2024-06-13,Bison_2024_Genotypes_ClientCopy,124000301008026,,hair,161,173,177,191,247,271,238,238,87,87,180,180,205,205,129,149,150,158,114,116,181,183,96,98,123,131,103,103,,,161,161,231,233,194,194,175,179,108,115,154,158,89,91,88,88,147,147,146,146,91,91,191,191,95,99,143,160,142,164,142,150,168,170,89,89,91,95,159,165,140,148,172,176,108,108,102,102,81,83,262,262,89,93,143,143,124,124,236,240,144,154,130,130,250,250,142,148,153,155,136,136,149,149,Y,X,,,,,,,,,,,,,,,,,,,,,,,,,,,,,,,,,,,,,,,,,,,,,,,,,,,,,,,
Grasslands National Park,plains,,Trent,2024-06-13,Bison_2024_Genotypes_ClientCopy,124000301008028,,hair,161,173,191,193,247,271,238,250,87,89,180,192,205,211,143,149,158,158,114,118,179,181,98,98,125,127,103,104,,,161,161,229,229,200,202,175,187,115,115,158,158,89,91,88,90,141,147,146,150,87,89,191,191,95,101,143,160,162,162,127,140,168,168,89,91,92,94,159,173,140,146,172,178,106,110,104,104,81,83,262,262,89,105,143,147,124,124,240,240,154,156,130,130,252,254,142,142,155,159,134,136,//,//,Y,X,,,,,,,,,,,,,,,,,,,,,,,,,,,,,,,,,,,,,,,,,,,,,,,,,,,,,,,
Grasslands National Park,plains,,Trent,2024-06-13,Bison_2024_Genotypes_ClientCopy,124000301008032,,hair,161,161,181,191,241,241,238,238,87,89,198,198,205,211,129,143,150,150,108,108,179,183,92,92,125,127,103,105,,,161,161,229,229,194,200,175,185,108,113,158,158,91,91,88,90,141,141,146,146,87,87,191,195,95,95,143,143,144,158,127,127,170,186,89,89,91,95,175,177,146,148,172,180,108,110,102,102,81,83,262,262,101,105,143,143,122,124,228,228,144,154,130,130,254,254,138,142,151,155,138,138,//,//,X,X,,,,,,,,,,,,,,,,,,,,,,,,,,,,,,,,,,,,,,,,,,,,,,,,,,,,,,,
Grasslands National Park,plains,,Trent,2024-06-13,Bison_2024_Genotypes_ClientCopy,124000301008034,,hair,161,173,177,191,241,245,232,238,85,89,180,192,205,207,129,149,150,150,108,118,179,185,92,104,127,127,103,107,,,161,167,229,231,194,200,185,185,115,115,158,158,91,91,88,90,135,147,146,148,87,87,189,195,95,99,161,161,168,170,127,148,170,170,83,89,94,95,175,175,140,146,172,172,106,108,102,102,81,81,262,262,93,97,143,143,124,124,236,240,144,154,130,130,246,246,142,150,155,155,136,138,149,149,Y,X,,,,,,,,,,,,,,,,,,,,,,,,,,,,,,,,,,,,,,,,,,,,,,,,,,,,,,,
Grasslands National Park,plains,,Trent,2024-06-13,Bison_2024_Genotypes_ClientCopy,124000301008039,,hair,161,173,//,//,241,245,238,238,87,87,180,180,201,205,143,149,150,164,114,118,179,183,92,98,131,131,103,107,,,161,167,229,231,194,200,175,187,108,108,154,158,91,93,88,90,135,135,146,150,89,91,195,195,95,101,158,160,144,170,140,148,168,170,83,89,91,95,173,175,140,146,180,180,108,110,112,112,81,81,256,262,89,91,143,147,122,124,228,228,144,144,130,130,246,254,142,142,153,155,138,138,149,149,Y,X,,,,,,,,,,,,,,,,,,,,,,,,,,,,,,,,,,,,,,,,,,,,,,,,,,,,,,,
Grasslands National Park,plains,,Trent,2024-06-13,Bison_2024_Genotypes_ClientCopy,124000301008040,,hair,161,161,179,191,241,253,238,238,87,87,180,184,205,211,143,143,158,158,118,118,179,185,98,104,125,131,103,103,,,161,167,229,229,190,200,185,187,108,115,158,160,89,91,90,90,135,135,150,150,87,89,189,195,95,97,158,161,162,170,140,150,168,170,89,89,92,95,175,175,146,150,172,180,106,108,100,104,81,83,260,262,89,93,143,147,122,124,240,240,//,//,130,130,250,252,142,150,153,157,136,136,//,//,X,X,,,,,,,,,,,,,,,,,,,,,,,,,,,,,,,,,,,,,,,,,,,,,,,,,,,,,,,
Grasslands National Park,plains,,Trent,2024-06-13,Bison_2024_Genotypes_ClientCopy,124000301008044,,hair,165,165,181,191,241,249,238,252,87,91,190,192,207,211,149,149,142,158,116,116,179,179,92,104,129,129,103,103,,,161,167,231,233,194,200,187,187,113,115,154,158,89,91,90,90,135,135,146,150,87,89,189,191,95,99,160,160,168,170,140,150,170,186,89,89,91,92,173,175,146,146,172,180,108,108,102,102,83,83,260,260,93,97,143,145,122,124,240,240,144,156,130,130,250,252,142,150,155,159,134,136,//,//,Y,X,,,,,,,,,,,,,,,,,,,,,,,,,,,,,,,,,,,,,,,,,,,,,,,,,,,,,,,
Grasslands National Park,plains,,Trent,2024-06-13,Bison_2024_Genotypes_ClientCopy,124000301008050,,hair,161,161,177,191,241,241,238,238,87,87,180,184,201,205,129,143,158,162,114,114,181,183,98,98,127,131,103,104,,,167,167,231,233,194,200,175,187,115,115,154,154,91,91,88,90,141,147,146,146,87,91,191,195,99,99,160,170,142,144,140,150,168,186,83,89,92,92,165,167,146,148,172,172,108,108,104,104,83,83,262,262,93,93,143,147,122,124,228,240,156,156,118,130,254,254,142,148,153,155,136,136,//,//,X,X,,,,,,,,,,,,,,,,,,,,,,,,,,,,,,,,,,,,,,,,,,,,,,,,,,,,,,,
Grasslands National Park,plains,,Trent,2024-06-13,Bison_2024_Genotypes_ClientCopy,124000301008052,,hair,165,165,181,191,241,245,238,238,87,87,180,184,205,205,143,149,142,158,114,118,165,179,92,104,131,131,103,105,,,161,161,231,231,194,194,187,191,113,113,156,158,89,91,90,102,135,141,146,146,91,91,189,191,99,101,158,158,158,158,140,148,168,174,89,89,92,95,167,175,146,146,172,172,108,108,102,102,81,83,262,262,89,93,143,143,122,124,228,240,144,158,130,134,246,254,142,150,155,157,134,136,//,//,X,X,,,,,,,,,,,,,,,,,,,,,,,,,,,,,,,,,,,,,,,,,,,,,,,,,,,,,,,
Grasslands National Park,plains,,Trent,2024-06-13,Bison_2024_Genotypes_ClientCopy,124000301008057,,hair,161,173,191,191,253,253,252,252,87,87,184,184,205,211,129,129,158,164,114,118,179,183,92,98,131,131,103,105,,,161,165,231,231,200,200,187,187,115,115,158,160,91,91,88,90,141,147,146,150,89,91,195,195,95,95,143,158,168,170,140,140,168,176,89,89,92,92,163,163,146,146,172,172,106,108,104,104,81,83,260,262,91,93,143,143,124,124,238,240,144,156,130,130,250,254,142,148,155,155,136,136,//,//,X,X,,,,,,,,,,,,,,,,,,,,,,,,,,,,,,,,,,,,,,,,,,,,,,,,,,,,,,,
Grasslands National Park,plains,,Trent,2024-06-13,Bison_2024_Genotypes_ClientCopy,124000301008059,,hair,161,173,179,191,249,249,238,238,87,91,184,192,205,205,127,143,162,162,118,118,165,181,98,104,127,131,103,103,,,167,167,229,231,194,194,185,187,113,115,158,158,89,91,88,90,135,141,146,146,87,89,191,191,95,95,143,158,162,164,140,150,168,170,89,91,95,95,163,175,146,150,172,172,106,108,102,104,83,83,262,262,91,105,143,143,122,124,236,240,144,158,130,130,246,250,142,142,151,155,136,138,//,//,X,X,,,,,,,,,,,,,,,,,,,,,,,,,,,,,,,,,,,,,,,,,,,,,,,,,,,,,,,
Grasslands National Park,plains,,Trent,2024-06-13,Bison_2024_Genotypes_ClientCopy,124000301008062,,hair,161,161,191,191,241,241,232,238,87,87,180,198,207,211,129,129,150,158,116,118,179,181,98,98,127,131,103,107,,,167,167,231,231,194,202,179,185,115,115,158,158,89,91,100,102,135,147,146,146,87,89,191,195,95,95,160,160,142,144,140,150,172,172,83,89,92,95,159,167,146,146,172,178,106,108,104,104,83,83,262,262,89,105,143,143,124,124,228,240,144,156,130,134,250,252,142,148,151,155,136,138,//,//,Y,X,,,,,,,,,,,,,,,,,,,,,,,,,,,,,,,,,,,,,,,,,,,,,,,,,,,,,,,
Grasslands National Park,plains,,Trent,2024-06-13,Bison_2024_Genotypes_ClientCopy,124000301008064,,hair,165,173,181,191,245,249,238,238,85,87,180,190,205,211,143,143,150,150,108,118,165,181,96,98,127,131,103,103,,,161,167,229,229,194,194,187,187,113,115,158,158,89,89,100,102,135,135,146,146,87,91,191,195,95,99,158,158,162,170,140,148,168,168,89,91,92,92,163,175,146,150,172,180,108,108,104,104,83,83,262,262,91,93,143,143,124,124,228,240,156,158,130,134,246,250,142,142,155,155,136,136,//,//,X,X,,,,,,,,,,,,,,,,,,,,,,,,,,,,,,,,,,,,,,,,,,,,,,,,,,,,,,,
Grasslands National Park,plains,,Trent,2024-06-13,Bison_2024_Genotypes_ClientCopy,124000301008065,,hair,161,161,191,191,241,249,232,232,87,89,192,198,211,211,129,143,150,158,108,114,179,179,92,96,127,131,103,105,,,167,167,229,231,200,200,185,187,113,115,158,158,89,91,88,90,135,135,146,150,87,91,191,191,95,99,160,160,170,170,140,142,170,186,89,89,92,92,175,177,140,146,180,180,108,108,104,104,83,83,262,262,89,89,143,143,124,124,228,238,154,156,130,134,//,//,138,142,155,159,136,140,149,149,Y,X,,,,,,,,,,,,,,,,,,,,,,,,,,,,,,,,,,,,,,,,,,,,,,,,,,,,,,,
Grasslands National Park,plains,,Trent,2024-06-13,Bison_2024_Genotypes_ClientCopy,124000301008083,,hair,161,165,179,191,241,253,232,238,89,91,184,184,211,211,129,149,//,//,118,118,179,183,92,98,129,131,103,105,,,161,165,231,231,194,200,175,185,115,115,154,160,89,91,88,90,135,147,146,150,89,91,191,195,97,99,158,161,168,170,127,142,168,186,83,83,92,95,165,175,140,146,172,172,106,108,104,104,81,83,262,262,93,93,143,143,122,124,240,240,156,158,130,130,246,250,142,148,157,159,136,138,//,//,Y,X,,,,,,,,,,,,,,,,,,,,,,,,,,,,,,,,,,,,,,,,,,,,,,,,,,,,,,,
Grasslands National Park,plains,,Trent,2024-06-13,Bison_2024_Genotypes_ClientCopy,124000301008097,,hair,161,173,181,191,241,241,232,250,87,87,180,198,205,211,129,143,150,150,116,118,179,183,98,104,127,131,103,105,,,161,167,229,231,190,194,175,187,108,115,154,158,89,91,88,90,135,147,146,146,91,91,191,195,95,99,143,160,158,162,127,150,168,168,89,89,92,92,165,173,146,148,172,172,108,108,102,102,81,83,260,262,93,101,143,145,124,124,240,240,144,156,130,130,250,254,142,142,155,157,134,136,149,151,Y,X,,,,,,,,,,,,,,,,,,,,,,,,,,,,,,,,,,,,,,,,,,,,,,,,,,,,,,,
Grasslands National Park,plains,,Trent,2024-06-13,Bison_2024_Genotypes_ClientCopy,124000301008110,,hair,161,161,191,191,241,249,232,238,85,89,180,198,205,211,143,143,//,//,114,118,179,179,92,96,127,127,103,103,,,161,167,231,231,194,194,187,187,113,113,158,160,91,91,90,102,135,135,146,148,87,89,191,191,95,95,160,160,158,170,140,140,168,186,83,89,91,95,163,163,140,146,172,180,108,108,104,104,81,81,256,262,89,91,143,147,124,124,228,238,154,156,130,130,250,254,148,150,153,155,136,138,//,//,Y,X,,,,,,,,,,,,,,,,,,,,,,,,,,,,,,,,,,,,,,,,,,,,,,,,,,,,,,,
Grasslands National Park,plains,,Trent,2024-06-13,Bison_2024_Genotypes_ClientCopy,124000301008117,,hair,165,173,191,191,245,247,238,238,87,89,180,180,205,211,143,149,158,164,108,116,183,183,96,98,131,131,103,105,,,161,161,229,229,194,200,175,185,108,113,154,160,89,91,88,90,135,135,146,146,91,91,189,195,99,99,143,158,164,170,142,148,168,170,83,89,94,95,159,177,140,146,172,174,108,108,102,104,81,83,262,262,93,101,143,147,124,124,240,240,144,156,130,134,250,250,142,150,153,155,136,136,//,//,X,X,,,,,,,,,,,,,,,,,,,,,,,,,,,,,,,,,,,,,,,,,,,,,,,,,,,,,,,
Grasslands National Park,plains,,Trent,2024-06-13,Bison_2024_Genotypes_ClientCopy,124000301008118,,hair,161,173,179,191,247,247,238,238,85,89,180,198,205,207,143,149,150,162,114,116,181,183,96,98,125,125,103,103,,,161,167,231,231,194,202,175,175,115,115,156,158,91,91,90,100,135,135,146,146,85,87,191,191,101,101,143,160,156,170,150,150,172,186,89,89,91,92,165,167,140,150,172,178,110,112,102,102,83,83,262,262,89,89,143,143,124,124,228,240,154,156,130,130,246,250,138,148,155,159,136,138,143,151,Y,X,,,,,,,,,,,,,,,,,,,,,,,,,,,,,,,,,,,,,,,,,,,,,,,,,,,,,,,
Grasslands National Park,plains,,Trent,2024-06-13,Bison_2024_Genotypes_ClientCopy,124000301008122,,hair,161,161,191,191,241,249,238,238,87,89,184,198,201,211,129,129,//,//,114,118,181,183,92,96,127,127,103,105,,,167,167,229,229,194,200,175,185,113,113,158,158,91,91,88,102,135,135,146,146,87,87,191,191,95,99,160,160,158,170,140,148,168,186,83,89,92,92,167,175,140,150,172,172,108,108,104,104,83,83,262,262,89,93,143,143,124,124,240,240,154,154,130,134,250,254,142,148,155,155,134,136,149,151,X,X,,,,,,,,,,,,,,,,,,,,,,,,,,,,,,,,,,,,,,,,,,,,,,,,,,,,,,,
Grasslands National Park,plains,,Trent,2024-06-13,Bison_2024_Genotypes_ClientCopy,124000301008128,,hair,161,161,191,191,241,271,238,238,89,91,180,180,211,211,143,143,150,158,116,118,183,185,92,92,127,129,103,103,,,167,167,231,231,194,202,175,187,108,108,154,158,91,91,90,90,135,135,146,154,87,91,189,191,95,99,143,158,162,162,140,148,168,186,89,95,94,94,163,175,140,140,172,172,108,110,102,102,81,83,262,262,97,97,143,145,124,126,236,236,156,156,130,134,246,250,138,138,155,155,136,138,//,//,Y,X,,,,,,,,,,,,,,,,,,,,,,,,,,,,,,,,,,,,,,,,,,,,,,,,,,,,,,,
Grasslands National Park,plains,,Trent,2024-06-13,Bison_2024_Genotypes_ClientCopy,124000301008141,,hair,161,165,191,191,241,253,232,238,89,89,192,192,211,211,129,143,156,162,114,114,181,181,96,104,131,131,105,105,,,165,167,229,231,194,200,181,187,113,115,158,158,91,91,90,100,135,137,146,150,87,87,191,195,95,99,160,161,158,168,140,150,168,168,83,89,91,92,163,175,140,146,172,180,108,108,104,104,81,83,260,262,89,105,143,147,124,132,236,238,154,156,130,130,250,250,142,150,155,159,136,136,151,151,Y,X,,,,,,,,,,,,,,,,,,,,,,,,,,,,,,,,,,,,,,,,,,,,,,,,,,,,,,,
Grasslands National Park,plains,,Trent,2024-06-13,Bison_2024_Genotypes_ClientCopy,124000301008145,,hair,173,173,177,191,241,249,238,254,87,89,180,180,205,205,143,143,150,162,114,118,181,183,92,96,127,127,103,103,,,161,167,229,231,194,194,187,187,115,115,154,156,89,89,90,90,135,141,146,146,87,91,195,195,95,99,143,170,162,168,140,140,168,172,89,89,92,95,167,175,146,150,172,180,108,108,104,104,83,83,262,262,89,93,143,143,124,124,238,240,154,160,130,130,246,250,142,150,155,155,136,136,149,151,Y,X,,,,,,,,,,,,,,,,,,,,,,,,,,,,,,,,,,,,,,,,,,,,,,,,,,,,,,,
Grasslands National Park,plains,,Trent,2024-06-13,Bison_2024_Genotypes_ClientCopy,124000301008151,,hair,161,173,191,191,245,249,238,252,87,89,198,198,205,211,143,149,158,158,114,118,165,179,96,98,131,131,103,105,,,161,167,229,231,200,200,187,187,113,115,158,158,91,91,88,102,135,147,146,146,87,89,191,195,95,95,160,161,158,162,140,140,168,186,83,89,91,92,163,173,146,146,172,172,108,108,102,102,81,83,260,262,89,101,143,147,124,126,228,240,154,156,130,130,246,250,142,150,155,159,136,136,149,149,Y,X,,,,,,,,,,,,,,,,,,,,,,,,,,,,,,,,,,,,,,,,,,,,,,,,,,,,,,,
Grasslands National Park,plains,,Trent,2024-06-13,Bison_2024_Genotypes_ClientCopy,124000301008154,,hair,161,173,191,191,241,245,238,238,87,89,180,184,201,205,149,149,164,164,108,118,179,181,92,98,127,127,104,105,,,161,167,231,231,194,200,185,187,113,115,156,158,91,91,88,90,135,147,146,150,87,87,191,195,95,95,161,161,158,164,140,140,168,170,83,89,95,95,163,173,146,146,172,172,106,106,102,104,81,81,262,262,93,93,143,147,122,124,228,238,154,158,130,130,246,250,150,150,155,155,136,136,//,//,X,X,,,,,,,,,,,,,,,,,,,,,,,,,,,,,,,,,,,,,,,,,,,,,,,,,,,,,,,
Grasslands National Park,plains,,Trent,2024-06-13,Bison_2024_Genotypes_ClientCopy,124000301008164,,hair,173,173,191,191,241,245,238,238,87,87,180,192,205,211,129,129,//,//,114,118,179,179,98,104,127,131,103,105,,,161,167,229,231,194,194,179,187,108,115,154,156,89,93,90,90,135,147,148,150,89,89,195,195,95,101,160,160,144,158,140,148,168,170,83,89,92,95,173,175,146,150,172,178,108,110,104,104,81,83,260,262,89,105,143,147,122,124,228,238,144,156,130,130,246,250,148,150,153,155,136,138,149,149,Y,X,,,,,,,,,,,,,,,,,,,,,,,,,,,,,,,,,,,,,,,,,,,,,,,,,,,,,,,
Grasslands National Park,plains,,Trent,2024-06-13,Bison_2024_Genotypes_ClientCopy,124000301008173,,hair,161,161,191,191,253,271,238,238,87,91,180,192,205,211,129,143,158,158,108,118,183,183,96,98,125,131,103,105,,,161,167,229,233,194,194,185,187,108,115,154,154,89,91,90,102,135,141,146,150,87,87,189,191,95,95,160,170,166,166,140,150,168,170,89,91,92,92,163,165,140,150,172,172,108,108,106,106,81,83,256,262,91,97,143,143,124,124,228,240,154,156,130,130,250,250,138,148,155,155,134,138,149,149,Y,X,,,,,,,,,,,,,,,,,,,,,,,,,,,,,,,,,,,,,,,,,,,,,,,,,,,,,,,
Grasslands National Park,plains,,Trent,2024-06-13,Bison_2024_Genotypes_ClientCopy,124000301008179,,hair,161,165,191,191,245,253,238,252,87,89,180,198,211,215,143,143,150,152,108,116,181,181,92,98,129,131,103,105,,,161,161,231,231,194,194,187,187,113,115,154,156,89,89,88,90,135,135,146,150,87,91,191,195,95,103,158,158,164,168,127,140,168,176,89,91,92,95,175,175,146,146,172,172,106,108,102,102,83,83,262,262,93,93,143,143,122,124,238,240,144,160,130,130,246,250,142,142,155,155,136,136,149,151,Y,X,,,,,,,,,,,,,,,,,,,,,,,,,,,,,,,,,,,,,,,,,,,,,,,,,,,,,,,
Grasslands National Park,plains,,Trent,2024-06-13,Bison_2024_Genotypes_ClientCopy,124000301008184,,hair,161,161,181,191,249,253,238,238,87,89,192,198,211,211,143,149,//,//,114,116,181,183,96,96,125,131,103,103,,,167,167,231,231,194,194,175,185,113,115,158,158,91,91,90,102,135,135,146,154,87,87,189,191,99,99,160,170,158,164,140,150,168,186,83,89,92,95,163,175,146,150,172,180,106,108,106,106,81,83,262,262,89,97,143,143,124,124,238,240,144,154,130,130,250,250,142,148,159,159,136,136,//,//,Y,X,,,,,,,,,,,,,,,,,,,,,,,,,,,,,,,,,,,,,,,,,,,,,,,,,,,,,,,
Grasslands National Park,plains,,Trent,2024-06-13,Bison_2024_Genotypes_ClientCopy,124000301008190,,hair,161,161,179,191,241,271,238,238,87,89,180,184,211,211,143,149,150,164,116,118,165,179,96,98,129,131,103,103,,,161,167,229,231,190,202,175,187,113,115,154,154,89,91,90,90,135,135,146,146,87,87,191,195,99,103,154,160,162,168,148,148,168,168,89,89,92,92,175,175,146,146,172,172,106,106,112,112,81,83,256,260,91,93,143,143,124,124,228,228,158,158,130,130,246,250,142,150,153,155,136,136,//,//,Y,X,,,,,,,,,,,,,,,,,,,,,,,,,,,,,,,,,,,,,,,,,,,,,,,,,,,,,,,
Grasslands National Park,plains,,Trent,2024-06-13,Bison_2024_Genotypes_ClientCopy,124000301008193,,hair,161,165,191,191,241,253,238,238,87,89,192,198,205,211,129,149,//,//,114,118,179,181,96,96,127,131,103,105,,,165,167,233,233,194,194,185,187,113,115,154,158,91,91,88,88,135,135,146,146,87,87,191,191,95,95,143,154,144,158,140,140,172,186,83,89,92,92,159,175,140,148,172,180,108,112,104,104,81,83,260,262,89,91,143,143,124,124,240,240,154,156,130,134,246,250,148,150,153,155,136,140,149,151,X,X,,,,,,,,,,,,,,,,,,,,,,,,,,,,,,,,,,,,,,,,,,,,,,,,,,,,,,,
Grasslands National Park,plains,,Trent,2024-06-13,Bison_2024_Genotypes_ClientCopy,124000301008197,,hair,161,173,177,191,241,245,238,238,87,91,184,198,205,211,129,143,150,150,114,114,179,181,92,98,131,131,103,105,,,161,167,229,231,194,200,175,187,115,115,154,160,89,89,90,90,141,147,146,146,87,91,191,195,95,101,160,161,142,162,140,150,168,168,83,89,92,92,163,177,140,148,172,172,108,108,104,104,83,83,262,262,93,93,143,143,122,124,236,240,144,144,130,130,250,250,142,142,155,155,136,138,//,//,X,X,,,,,,,,,,,,,,,,,,,,,,,,,,,,,,,,,,,,,,,,,,,,,,,,,,,,,,,
Grasslands National Park,plains,,Trent,2024-06-13,Bison_2024_Genotypes_ClientCopy,124000301008207,,hair,161,173,191,191,241,249,238,238,85,87,180,184,207,211,143,143,150,158,108,116,179,179,96,104,127,129,103,107,,,161,161,229,231,194,194,175,187,108,115,156,158,91,91,88,90,135,141,146,154,87,91,189,191,95,101,158,160,162,162,148,150,168,174,83,89,95,95,167,175,140,146,172,172,106,106,104,104,81,83,260,262,91,105,143,143,122,124,228,240,156,158,130,130,250,254,142,148,155,155,136,138,//,//,Y,X,,,,,,,,,,,,,,,,,,,,,,,,,,,,,,,,,,,,,,,,,,,,,,,,,,,,,,,
Grasslands National Park,plains,,Trent,2024-06-13,Bison_2024_Genotypes_ClientCopy,124000301008209,,hair,173,173,179,191,249,253,238,252,87,89,190,192,211,215,129,149,142,150,116,118,179,179,98,98,127,131,103,103,,,161,167,229,231,200,200,179,187,108,115,154,158,91,91,88,90,135,135,146,146,87,91,191,195,95,99,160,160,142,144,140,142,168,186,83,83,92,92,175,175,140,146,172,178,108,108,100,104,83,83,260,262,89,105,143,143,124,124,238,240,154,154,130,134,250,250,142,148,155,159,134,136,//,//,X,X,,,,,,,,,,,,,,,,,,,,,,,,,,,,,,,,,,,,,,,,,,,,,,,,,,,,,,,
Grasslands National Park,plains,,Trent,2024-06-13,Bison_2024_Genotypes_ClientCopy,124000301008233,,hair,161,165,191,191,241,249,238,238,87,87,180,192,207,207,143,149,142,152,108,116,179,181,96,96,125,129,103,105,,,161,167,231,233,194,200,175,187,113,115,158,158,91,91,88,100,135,135,146,146,91,91,191,195,97,99,160,160,142,158,140,150,168,186,83,89,94,95,163,175,140,146,172,172,108,108,104,104,81,83,262,262,91,93,143,147,124,124,240,240,154,158,130,130,250,250,142,142,155,155,136,136,//,//,Y,X,,,,,,,,,,,,,,,,,,,,,,,,,,,,,,,,,,,,,,,,,,,,,,,,,,,,,,,
Grasslands National Park,plains,,Trent,2024-06-13,Bison_2024_Genotypes_ClientCopy,124000301008236,,hair,161,161,191,191,249,253,238,238,87,87,180,192,211,211,143,149,150,152,108,116,179,181,96,98,129,131,103,105,,,161,167,229,231,194,194,175,187,108,115,154,158,91,91,90,100,135,135,146,146,91,91,191,195,95,97,161,161,158,164,140,150,168,170,83,89,95,95,163,175,140,146,172,172,108,108,104,104,81,83,260,262,93,101,143,145,122,124,238,240,158,158,118,130,250,250,142,148,155,155,136,138,151,151,X,X,,,,,,,,,,,,,,,,,,,,,,,,,,,,,,,,,,,,,,,,,,,,,,,,,,,,,,,
Grasslands National Park,plains,,Trent,2024-06-13,Bison_2024_Genotypes_ClientCopy,124000301008246,,hair,161,161,191,191,271,271,238,254,87,91,180,198,201,207,129,149,158,162,108,114,179,183,98,98,131,131,103,104,,,161,167,229,229,194,200,179,187,115,115,158,158,91,91,88,90,135,141,146,146,85,87,195,195,95,95,158,161,170,170,140,150,168,176,89,89,92,95,175,175,146,146,172,176,108,108,102,104,83,83,256,260,89,97,143,143,124,124,228,240,144,144,130,134,244,250,138,148,151,155,136,136,149,149,X,X,,,,,,,,,,,,,,,,,,,,,,,,,,,,,,,,,,,,,,,,,,,,,,,,,,,,,,,
Grasslands National Park,plains,,Trent,2024-06-13,Bison_2024_Genotypes_ClientCopy,124000301008253,,hair,161,173,191,191,241,241,238,238,87,91,180,198,205,211,129,143,142,158,114,118,179,185,92,92,129,131,103,103,,,167,167,229,231,194,194,187,191,115,115,154,158,89,91,88,90,135,135,146,150,85,91,191,195,95,101,143,158,158,168,127,150,168,168,83,89,92,92,165,167,146,146,172,172,106,108,102,104,83,83,260,262,93,101,143,143,124,126,238,240,154,156,130,134,250,254,142,142,155,157,136,138,149,149,X,X,,,,,,,,,,,,,,,,,,,,,,,,,,,,,,,,,,,,,,,,,,,,,,,,,,,,,,,
Grasslands National Park,plains,,Trent,2024-06-13,Bison_2024_Genotypes_ClientCopy,124000301071927,,hair,161,161,181,191,241,241,232,238,85,85,180,184,205,215,143,143,150,158,116,116,179,185,92,98,125,127,103,107,,,161,167,231,231,194,200,175,185,115,115,154,158,91,91,88,90,135,147,146,154,87,91,189,195,95,95,160,161,162,170,142,148,170,186,83,91,94,95,163,177,146,150,180,180,106,110,100,102,81,83,262,262,89,97,143,145,124,124,228,240,154,156,130,130,246,246,142,148,155,155,136,138,149,149,X,X,,,,,,,,,,,,,,,,,,,,,,,,,,,,,,,,,,,,,,,,,,,,,,,,,,,,,,,
Grasslands National Park,plains,,Trent,2024-06-13,Bison_2024_Genotypes_ClientCopy,124000301071929,,hair,161,161,191,191,271,271,238,238,87,89,180,192,205,211,129,143,150,152,116,118,179,183,92,98,131,131,103,105,,,167,167,229,231,194,194,175,179,108,108,154,154,89,91,90,100,135,135,146,146,87,87,191,195,95,97,158,160,170,170,140,150,170,170,89,89,92,95,175,177,140,146,172,180,108,108,104,106,81,83,262,262,93,101,143,143,122,124,240,240,156,156,118,118,250,252,142,148,155,155,134,136,149,149,X,X,,,,,,,,,,,,,,,,,,,,,,,,,,,,,,,,,,,,,,,,,,,,,,,,,,,,,,,
Grasslands National Park,plains,,Trent,2024-06-13,Bison_2024_Genotypes_ClientCopy,124000301071930,,hair,161,165,179,179,241,241,232,238,85,87,192,196,211,211,129,149,158,162,114,116,183,183,96,104,131,131,103,105,,,161,167,229,231,200,200,175,187,108,115,156,158,91,91,88,88,141,141,146,146,87,89,191,195,99,101,160,160,164,168,127,140,168,170,83,89,91,92,175,175,140,140,172,172,108,108,104,104,83,83,260,262,89,97,143,143,124,124,236,240,154,158,130,130,250,250,142,150,151,159,136,136,149,149,Y,X,,,,,,,,,,,,,,,,,,,,,,,,,,,,,,,,,,,,,,,,,,,,,,,,,,,,,,,
Grasslands National Park,plains,,Trent,2024-06-13,Bison_2024_Genotypes_ClientCopy,124000301071931,,hair,161,161,179,191,241,245,238,238,85,87,184,198,207,215,143,143,158,158,118,118,181,185,92,104,125,127,103,105,,,161,161,229,231,200,200,187,187,108,113,154,158,89,91,90,90,135,135,154,154,89,89,189,195,99,101,143,143,168,168,140,140,168,170,89,89,92,95,163,177,140,146,180,180,106,106,100,106,81,83,260,262,89,93,143,143,122,124,240,240,154,158,130,130,250,250,142,142,155,155,136,136,149,149,X,X,,,,,,,,,,,,,,,,,,,,,,,,,,,,,,,,,,,,,,,,,,,,,,,,,,,,,,,
Grasslands National Park,plains,,Trent,2024-06-13,Bison_2024_Genotypes_ClientCopy,124000301071932,,hair,161,173,//,//,241,253,238,238,87,87,180,192,211,211,143,143,150,158,114,118,165,165,96,96,127,131,103,105,,,161,167,229,231,194,200,175,179,113,115,154,158,89,91,88,90,135,135,146,154,87,89,191,195,95,95,158,160,144,170,140,148,170,176,83,89,91,95,163,163,146,146,172,172,108,110,102,106,83,83,262,262,89,91,143,143,124,124,238,240,154,154,130,134,250,250,142,150,155,155,136,136,149,151,X,X,,,,,,,,,,,,,,,,,,,,,,,,,,,,,,,,,,,,,,,,,,,,,,,,,,,,,,,
Grasslands National Park,plains,,Trent,2024-06-13,Bison_2024_Genotypes_ClientCopy,124000301071933,,hair,161,173,179,191,241,241,238,238,89,91,190,192,205,211,129,129,142,162,118,118,179,179,92,104,125,127,103,103,,,161,167,229,231,194,200,187,187,115,115,154,158,89,91,88,88,135,135,146,150,89,91,191,195,95,99,160,160,160,170,127,140,170,186,89,89,91,95,165,175,140,146,172,172,106,108,104,104,81,83,260,262,93,93,143,143,124,126,228,236,154,156,130,130,254,254,142,150,155,159,134,136,145,149,Y,X,,,,,,,,,,,,,,,,,,,,,,,,,,,,,,,,,,,,,,,,,,,,,,,,,,,,,,,
Grasslands National Park,plains,,Trent,2024-06-13,Bison_2024_Genotypes_ClientCopy,124000301071934,,hair,161,161,181,191,247,271,238,238,89,91,180,184,205,207,129,143,158,164,108,118,183,183,92,98,131,131,103,105,,,161,167,229,229,200,200,175,187,115,115,154,158,89,91,88,90,135,141,146,146,85,87,189,195,95,95,143,160,142,162,140,140,168,168,83,89,92,95,175,177,146,146,172,180,108,108,102,104,83,83,256,262,89,97,143,143,124,124,228,240,144,156,130,134,250,252,142,150,153,155,136,138,149,149,X,X,,,,,,,,,,,,,,,,,,,,,,,,,,,,,,,,,,,,,,,,,,,,,,,,,,,,,,,
Grasslands National Park,plains,,Trent,2024-06-13,Bison_2024_Genotypes_ClientCopy,124000301071935,,hair,161,173,181,191,249,249,238,238,87,87,184,198,205,211,129,143,158,158,118,118,179,181,92,104,127,129,103,103,,,161,167,229,231,194,202,175,179,113,115,154,154,89,91,88,88,135,147,146,146,87,91,191,195,95,101,143,160,162,162,140,148,168,168,83,89,92,92,167,175,146,146,172,178,108,108,102,102,83,83,260,262,93,101,143,147,122,124,228,238,156,160,130,130,250,254,148,150,155,155,136,138,145,149,X,X,,,,,,,,,,,,,,,,,,,,,,,,,,,,,,,,,,,,,,,,,,,,,,,,,,,,,,,
Grasslands National Park,plains,,Trent,2024-06-13,Bison_2024_Genotypes_ClientCopy,124000301071936,,hair,161,173,191,191,249,271,//,//,87,89,180,198,211,215,129,143,162,162,116,118,165,185,98,104,127,129,103,103,,,161,167,229,233,194,200,175,179,108,115,154,158,89,91,88,88,135,147,146,146,91,91,191,195,95,101,143,160,142,158,140,150,168,170,83,89,92,92,165,173,140,140,172,178,108,108,102,104,83,83,256,262,91,91,143,145,124,124,238,240,154,156,130,134,250,252,142,142,155,155,134,136,149,151,X,X,,,,,,,,,,,,,,,,,,,,,,,,,,,,,,,,,,,,,,,,,,,,,,,,,,,,,,,
Grasslands National Park,plains,,Trent,2024-06-13,Bison_2024_Genotypes_ClientCopy,124000301071939,,hair,165,165,181,191,241,253,232,232,87,89,180,198,205,211,129,143,142,150,114,118,179,179,92,96,127,131,103,107,,,161,167,229,229,194,200,185,185,115,115,154,158,89,91,88,88,135,137,146,146,87,91,195,195,99,99,143,160,158,158,127,140,168,172,83,89,92,92,163,175,140,146,172,172,108,108,104,104,81,83,262,262,89,93,143,147,124,124,236,238,144,154,130,130,246,254,142,148,155,159,//,//,//,//,X,X,,,,,,,,,,,,,,,,,,,,,,,,,,,,,,,,,,,,,,,,,,,,,,,,,,,,,,,
Grasslands National Park,plains,,Trent,2024-06-13,Bison_2024_Genotypes_ClientCopy,124000301071940,,hair,161,165,191,191,241,241,238,238,89,91,180,184,205,211,143,149,156,158,108,116,181,183,96,98,127,127,103,103,,,161,161,229,229,194,194,185,185,113,113,154,158,89,91,88,100,141,141,146,146,87,87,189,195,95,101,158,161,158,170,127,127,172,176,89,89,91,92,175,177,140,150,172,180,106,108,104,104,83,83,256,262,91,101,143,143,124,124,228,240,158,158,118,130,246,250,142,150,153,155,136,136,//,//,Y,X,,,,,,,,,,,,,,,,,,,,,,,,,,,,,,,,,,,,,,,,,,,,,,,,,,,,,,,
Grasslands National Park,plains,,Trent,2024-06-13,Bison_2024_Genotypes_ClientCopy,124000301071941,,hair,161,161,181,191,241,253,238,238,87,87,180,198,205,211,129,143,150,150,114,118,165,179,92,96,127,131,103,107,,,161,161,229,229,190,194,187,187,113,113,154,160,89,91,88,90,135,135,150,150,91,91,189,191,95,99,160,160,162,170,127,140,168,172,89,89,91,94,163,175,140,150,172,172,106,108,104,112,83,83,262,262,97,101,143,143,124,124,228,240,154,154,130,130,250,254,142,150,155,159,136,138,//,//,X,X,,,,,,,,,,,,,,,,,,,,,,,,,,,,,,,,,,,,,,,,,,,,,,,,,,,,,,,
Grasslands National Park,plains,,Trent,2024-06-13,Bison_2024_Genotypes_ClientCopy,124000301071945,,hair,161,173,181,191,241,249,238,238,87,89,180,198,205,211,129,129,150,156,114,118,179,179,92,104,127,127,103,103,,,161,161,231,231,194,194,179,187,115,115,154,158,89,91,88,102,135,135,146,148,89,91,191,191,95,95,143,160,144,168,140,142,170,172,83,89,92,95,167,175,146,146,172,172,108,108,102,102,81,83,260,262,89,89,143,143,124,126,238,238,144,156,130,134,246,250,142,148,155,155,136,136,149,149,Y,X,,,,,,,,,,,,,,,,,,,,,,,,,,,,,,,,,,,,,,,,,,,,,,,,,,,,,,,
Grasslands National Park,plains,,Trent,2024-06-13,Bison_2024_Genotypes_ClientCopy,124000301071947,,hair,161,165,191,191,249,271,//,//,87,87,184,198,207,211,129,129,156,162,114,114,179,181,98,98,127,127,103,103,,,161,167,229,231,200,200,175,179,115,115,154,156,89,91,90,90,135,135,148,148,87,91,191,195,95,99,143,160,144,170,150,150,168,186,83,89,91,92,167,167,140,146,172,178,108,108,102,102,81,83,260,262,89,101,143,147,122,122,238,238,154,156,130,130,250,250,142,142,155,159,136,136,//,//,X,X,,,,,,,,,,,,,,,,,,,,,,,,,,,,,,,,,,,,,,,,,,,,,,,,,,,,,,,
Grasslands National Park,plains,,Trent,2024-06-13,Bison_2024_Genotypes_ClientCopy,124000301071949,,hair,161,161,191,191,241,241,238,238,85,87,180,192,211,211,143,149,152,158,116,118,179,179,92,98,127,129,103,107,,,167,167,229,229,194,194,175,187,108,115,156,158,91,91,88,90,141,147,146,154,87,87,189,195,97,99,160,161,162,164,140,150,170,170,89,89,94,95,163,177,140,146,172,178,106,108,102,104,81,83,262,262,91,91,143,143,122,122,240,240,158,158,130,130,250,250,142,148,157,159,136,138,143,149,X,X,,,,,,,,,,,,,,,,,,,,,,,,,,,,,,,,,,,,,,,,,,,,,,,,,,,,,,,
Grasslands National Park,plains,,Trent,2024-06-13,Bison_2024_Genotypes_ClientCopy,124000301071950,,hair,165,165,181,191,249,249,//,//,87,89,184,192,211,211,129,143,156,164,114,114,165,181,96,98,127,131,103,103,,,167,167,231,231,194,200,185,185,115,115,158,158,91,91,88,102,135,147,146,150,87,89,191,191,99,99,143,160,170,170,140,150,168,168,89,89,91,92,163,163,140,146,172,176,108,108,102,102,83,83,260,262,89,93,143,145,124,124,238,240,144,154,130,134,250,250,142,150,157,159,136,136,//,//,Y,X,,,,,,,,,,,,,,,,,,,,,,,,,,,,,,,,,,,,,,,,,,,,,,,,,,,,,,,
Grasslands National Park,plains,,Trent,2024-06-13,Bison_2024_Genotypes_ClientCopy,124000301071959,,hair,165,173,181,191,241,245,238,252,87,91,184,198,205,211,129,149,158,162,118,118,179,181,96,98,125,131,103,103,,,161,167,231,231,194,200,187,187,113,115,158,158,91,91,88,90,135,135,146,148,87,87,191,195,101,101,143,161,164,168,127,140,168,168,89,89,92,92,163,175,146,146,172,180,108,108,102,102,81,83,262,262,101,101,143,147,122,126,228,228,156,158,130,134,246,250,142,150,153,155,136,138,149,149,Y,X,,,,,,,,,,,,,,,,,,,,,,,,,,,,,,,,,,,,,,,,,,,,,,,,,,,,,,,
Grasslands National Park,plains,,Trent,2024-06-13,Bison_2024_Genotypes_ClientCopy,124000301071960,,hair,173,173,191,191,249,253,238,238,87,87,180,198,205,205,143,149,150,158,108,114,179,181,92,98,127,127,103,105,,,161,167,229,229,194,194,185,185,113,115,154,158,89,91,88,90,135,135,146,146,87,91,195,195,95,99,143,158,162,170,140,140,168,170,89,89,92,95,163,175,146,146,172,178,108,108,104,104,81,83,262,262,93,97,143,147,124,126,238,240,154,158,130,134,250,254,142,148,155,155,136,138,149,149,Y,X,,,,,,,,,,,,,,,,,,,,,,,,,,,,,,,,,,,,,,,,,,,,,,,,,,,,,,,
Grasslands National Park,plains,,Trent,2024-06-13,Bison_2024_Genotypes_ClientCopy,124000301071962,,hair,161,173,181,191,241,245,232,232,87,87,184,198,205,205,129,149,158,162,116,118,165,179,92,98,127,131,103,105,,,161,167,229,231,194,200,175,175,113,113,156,160,91,91,88,90,135,135,146,146,87,87,195,195,95,99,160,161,158,170,140,150,168,170,89,89,92,92,167,173,146,146,172,172,106,108,104,104,83,83,262,262,89,93,143,143,122,124,228,240,154,158,130,134,250,254,150,150,153,155,134,134,149,149,X,X,,,,,,,,,,,,,,,,,,,,,,,,,,,,,,,,,,,,,,,,,,,,,,,,,,,,,,,
Grasslands National Park,plains,,Trent,2024-06-13,Bison_2024_Genotypes_ClientCopy,124000301071964,,hair,165,173,191,191,241,271,238,238,87,87,196,198,205,211,129,143,158,158,//,//,165,179,92,98,127,131,103,103,,,161,167,229,231,194,200,179,187,113,115,154,158,91,91,90,102,135,147,146,148,85,91,191,195,95,101,158,161,142,162,127,140,168,168,89,89,92,92,173,173,140,146,172,172,108,108,102,102,81,83,262,262,91,93,143,147,124,124,238,240,154,158,118,130,246,254,142,148,155,155,136,136,149,149,X,X,,,,,,,,,,,,,,,,,,,,,,,,,,,,,,,,,,,,,,,,,,,,,,,,,,,,,,,
Grasslands National Park,plains,,Trent,2024-06-13,Bison_2024_Genotypes_ClientCopy,124000301071965,,hair,161,173,181,191,241,241,252,252,87,87,180,192,205,211,143,149,150,158,118,118,181,181,96,104,127,127,103,103,,,161,167,229,229,194,200,187,187,108,108,154,158,89,89,88,90,135,147,146,146,87,91,191,195,95,95,143,160,158,162,140,140,186,186,83,89,91,92,175,175,140,146,172,178,108,108,102,104,81,81,260,262,101,105,143,147,124,124,240,240,154,158,130,134,246,250,142,150,153,155,138,138,149,149,X,X,,,,,,,,,,,,,,,,,,,,,,,,,,,,,,,,,,,,,,,,,,,,,,,,,,,,,,,
Grasslands National Park,plains,,Trent,2024-06-13,Bison_2024_Genotypes_ClientCopy,124000301071966,,hair,161,173,181,191,271,271,254,254,87,87,180,184,205,207,129,149,158,158,114,118,179,183,96,98,127,129,103,103,,,167,167,229,229,194,200,185,187,115,115,156,158,91,91,88,88,135,141,146,150,87,91,191,191,95,101,160,161,156,158,127,150,170,172,89,89,91,95,163,175,140,148,172,180,106,108,106,106,81,81,262,262,91,93,145,147,122,122,238,240,154,158,130,130,244,246,148,150,155,157,136,138,149,149,Y,X,,,,,,,,,,,,,,,,,,,,,,,,,,,,,,,,,,,,,,,,,,,,,,,,,,,,,,,
Grasslands National Park,plains,,Trent,2024-06-13,Bison_2024_Genotypes_ClientCopy,124000301071967,,hair,161,173,177,191,241,247,238,238,85,87,180,198,205,205,143,149,158,162,118,118,181,183,92,96,127,131,103,103,,,161,161,229,231,194,200,175,187,108,113,154,158,91,91,88,88,135,141,146,146,87,91,189,191,95,101,143,158,162,164,127,148,168,170,89,89,92,94,173,175,140,148,172,174,108,108,102,102,81,83,260,260,93,97,143,145,122,124,228,236,158,158,118,134,246,250,142,148,153,155,136,138,145,149,X,X,,,,,,,,,,,,,,,,,,,,,,,,,,,,,,,,,,,,,,,,,,,,,,,,,,,,,,,
Grasslands National Park,plains,,Trent,2024-06-13,Bison_2024_Genotypes_ClientCopy,124000301071969,,hair,161,165,191,191,241,241,238,238,89,91,180,198,207,211,143,143,158,158,118,118,179,183,92,98,127,131,103,103,,,161,167,231,231,194,200,175,179,113,115,154,154,89,91,88,102,135,135,146,154,87,89,191,195,99,101,143,170,168,170,140,140,170,174,89,91,92,95,167,175,146,150,172,180,106,108,102,104,81,83,256,262,89,93,143,147,124,124,228,236,144,156,130,130,246,254,148,150,155,157,138,138,//,//,//,//,,,,,,,,,,,,,,,,,,,,,,,,,,,,,,,,,,,,,,,,,,,,,,,,,,,,,,,
Grasslands National Park,plains,,Trent,2024-06-13,Bison_2024_Genotypes_ClientCopy,124000301071974,,hair,161,173,179,191,241,253,238,238,85,87,184,198,205,205,127,143,156,164,116,118,181,183,96,104,123,127,103,103,,,161,161,229,231,194,194,175,179,108,115,154,158,89,91,88,88,135,135,146,146,87,87,189,191,95,99,143,158,162,164,140,140,170,172,83,89,91,92,173,175,140,146,172,174,108,108,104,104,81,83,260,262,97,101,143,147,122,124,238,240,158,160,130,130,250,250,142,150,155,155,136,138,//,//,Y,X,,,,,,,,,,,,,,,,,,,,,,,,,,,,,,,,,,,,,,,,,,,,,,,,,,,,,,,
Grasslands National Park,plains,,Trent,2024-06-13,Bison_2024_Genotypes_ClientCopy,124000301071975,,hair,161,165,181,191,241,249,238,238,87,89,180,198,205,211,129,149,//,//,114,114,181,181,96,98,125,127,103,105,,,161,167,229,231,200,200,175,185,113,115,154,158,91,91,90,102,135,135,146,148,87,87,191,195,99,101,160,160,144,158,140,142,168,168,89,89,92,92,159,175,146,146,172,180,108,108,104,104,83,83,256,262,89,89,143,147,124,124,240,240,154,156,130,130,250,254,142,142,153,159,136,136,149,151,Y,X,,,,,,,,,,,,,,,,,,,,,,,,,,,,,,,,,,,,,,,,,,,,,,,,,,,,,,,
Grasslands National Park,plains,,Trent,2024-06-13,Bison_2024_Genotypes_ClientCopy,124000301071976,,hair,161,173,181,191,241,271,238,238,85,87,180,184,211,211,143,149,150,162,114,118,179,179,98,98,129,129,103,103,,,167,167,225,229,194,200,175,185,108,115,158,160,89,91,90,90,135,137,146,146,87,87,195,195,95,99,160,161,142,144,127,150,170,176,89,89,92,95,175,175,140,146,172,172,108,108,104,104,83,83,256,262,89,93,143,143,122,124,240,240,144,158,130,134,250,250,142,150,155,155,138,138,149,151,Y,X,,,,,,,,,,,,,,,,,,,,,,,,,,,,,,,,,,,,,,,,,,,,,,,,,,,,,,,
Grasslands National Park,plains,,Trent,2024-06-13,Bison_2024_Genotypes_ClientCopy,124000301071977,,hair,161,165,191,191,241,241,238,238,85,89,192,198,205,211,129,129,158,162,114,118,179,179,98,104,127,131,103,107,,,161,161,229,229,200,200,187,187,115,115,154,158,89,89,90,90,135,147,146,146,87,91,195,195,97,99,160,161,168,170,127,142,168,170,83,89,92,95,163,175,140,150,172,180,108,108,104,104,83,85,262,262,89,93,143,147,124,124,236,240,144,144,130,130,246,250,138,142,155,159,136,136,149,149,X,X,,,,,,,,,,,,,,,,,,,,,,,,,,,,,,,,,,,,,,,,,,,,,,,,,,,,,,,
Grasslands National Park,plains,,Trent,2024-06-13,Bison_2024_Genotypes_ClientCopy,124000301071979,,hair,161,173,191,191,241,241,238,238,87,91,198,198,207,211,129,143,158,164,//,//,179,183,98,104,127,131,103,103,,,167,167,229,231,194,200,187,187,115,115,154,158,89,91,90,90,135,141,146,146,87,87,191,195,95,95,158,158,142,170,140,148,168,168,89,91,92,92,173,175,140,146,172,172,108,108,102,102,83,83,256,262,91,97,143,147,124,124,228,240,144,158,134,134,250,250,148,150,153,159,138,138,149,149,X,X,,,,,,,,,,,,,,,,,,,,,,,,,,,,,,,,,,,,,,,,,,,,,,,,,,,,,,,
Grasslands National Park,plains,,Trent,2024-06-13,Bison_2024_Genotypes_ClientCopy,124000301071981,,hair,161,161,181,191,241,271,238,250,87,87,180,184,207,207,149,149,142,158,114,118,165,179,92,104,127,127,103,103,,,161,161,229,231,194,194,187,191,115,115,154,158,91,91,90,90,135,135,146,150,87,89,189,191,95,99,160,161,158,168,140,150,168,172,89,89,92,95,163,163,140,146,172,174,106,108,104,104,81,83,262,262,89,97,143,147,122,122,228,240,154,158,130,130,254,254,142,148,155,155,136,136,149,151,Y,X,,,,,,,,,,,,,,,,,,,,,,,,,,,,,,,,,,,,,,,,,,,,,,,,,,,,,,,
Grasslands National Park,plains,,Trent,2024-06-13,Bison_2024_Genotypes_ClientCopy,124000301071983,,hair,161,161,177,191,241,241,238,238,85,89,184,198,205,207,129,143,158,158,108,116,179,179,92,104,131,131,103,105,,,167,167,229,231,200,202,175,187,115,115,154,156,89,91,88,88,135,141,146,154,87,87,191,195,95,99,160,161,168,168,127,150,170,174,83,83,95,95,167,175,140,140,172,176,106,108,104,104,81,83,260,262,93,93,143,143,122,122,228,240,156,156,130,134,250,254,138,150,155,155,138,138,//,//,X,X,,,,,,,,,,,,,,,,,,,,,,,,,,,,,,,,,,,,,,,,,,,,,,,,,,,,,,,
Grasslands National Park,plains,,Trent,2024-06-13,Bison_2024_Genotypes_ClientCopy,124000301071985,,hair,161,165,177,193,247,249,238,238,87,87,180,184,205,215,129,149,//,//,118,118,179,181,96,98,131,131,103,105,,,167,167,229,229,200,202,175,187,108,115,156,158,89,91,90,100,135,147,146,146,87,89,191,195,99,101,160,160,162,170,140,150,172,186,83,89,92,95,163,175,146,146,172,178,106,108,100,100,83,83,260,262,93,105,143,143,124,124,240,240,154,154,118,130,250,254,142,150,155,159,136,138,//,//,Y,Y,,,,,,,,,,,,,,,,,,,,,,,,,,,,,,,,,,,,,,,,,,,,,,,,,,,,,,,
Grasslands National Park,plains,,Trent,2024-06-13,Bison_2024_Genotypes_ClientCopy,124000301071987,,hair,161,165,191,193,241,253,238,238,87,89,184,198,//,//,143,149,150,158,116,118,183,185,92,96,125,131,103,107,,,161,167,229,229,194,202,185,187,108,113,158,158,89,89,88,100,135,135,146,150,87,87,189,191,95,101,158,160,158,170,140,140,168,176,89,89,94,95,175,175,140,146,172,172,106,108,102,104,83,83,256,262,89,89,143,143,124,124,240,240,154,158,130,130,246,246,142,142,153,153,138,138,145,149,X,X,,,,,,,,,,,,,,,,,,,,,,,,,,,,,,,,,,,,,,,,,,,,,,,,,,,,,,,
Grasslands National Park,plains,,Trent,2024-06-13,Bison_2024_Genotypes_ClientCopy,214000301008268,,hair,173,173,191,191,241,249,238,254,87,87,180,198,205,207,143,149,150,158,114,114,165,179,98,98,131,131,103,103,,,161,167,229,231,194,200,179,187,115,115,158,158,89,91,90,90,135,135,150,150,87,89,191,195,95,99,158,161,160,162,140,140,172,176,89,89,92,95,163,163,140,146,172,174,106,108,102,104,81,81,262,262,91,93,143,147,124,124,240,240,144,156,130,130,244,250,142,148,153,155,136,136,149,151,X,X,,,,,,,,,,,,,,,,,,,,,,,,,,,,,,,,,,,,,,,,,,,,,,,,,,,,,,,
Grasslands National Park,plains,,Trent,2024-06-13,Bison_2024_Genotypes_ClientCopy,214000301008274,,hair,161,165,177,177,241,245,252,252,87,91,180,184,211,211,127,149,158,158,108,114,179,181,96,98,131,131,103,103,,,167,167,229,231,190,194,187,187,108,113,154,160,89,89,88,90,135,135,146,150,87,91,189,195,99,99,160,161,158,170,140,150,176,186,83,89,91,95,163,177,146,146,172,172,108,110,104,104,81,83,260,262,93,97,143,147,124,124,240,240,144,158,130,134,250,254,142,142,155,155,136,136,//,//,Y,X,,,,,,,,,,,,,,,,,,,,,,,,,,,,,,,,,,,,,,,,,,,,,,,,,,,,,,,
Grasslands National Park,plains,,Trent,2024-06-13,Bison_2024_Genotypes_ClientCopy,214000301008275,,hair,161,161,181,191,249,249,238,252,85,87,180,190,211,211,143,149,156,164,114,118,179,181,92,104,125,129,103,103,,,161,167,229,231,194,200,185,187,108,115,154,158,89,91,88,88,135,135,146,150,89,91,191,195,99,101,161,161,168,170,150,150,186,186,89,89,91,92,173,175,146,146,172,178,108,108,104,104,83,83,260,260,93,93,145,147,124,132,228,240,156,158,130,130,250,254,148,150,155,157,136,136,//,//,X,X,,,,,,,,,,,,,,,,,,,,,,,,,,,,,,,,,,,,,,,,,,,,,,,,,,,,,,,
Grasslands National Park,plains,,Trent,2024-06-13,Bison_2024_Genotypes_ClientCopy,214000301008280,,hair,161,161,179,191,241,241,238,238,89,89,184,198,205,211,129,129,158,162,114,114,179,179,92,98,125,127,103,103,,,161,161,231,231,200,200,175,187,108,113,158,158,89,91,88,90,135,147,146,148,87,91,191,195,95,99,143,161,142,144,127,140,168,170,89,89,92,94,175,175,148,150,172,172,108,108,102,102,81,83,262,262,89,93,143,143,122,124,228,228,154,154,130,130,250,254,138,148,155,157,136,136,//,//,Y,X,,,,,,,,,,,,,,,,,,,,,,,,,,,,,,,,,,,,,,,,,,,,,,,,,,,,,,,
Grasslands National Park,plains,,Trent,2024-06-13,Bison_2024_Genotypes_ClientCopy,214000301008290,,hair,161,165,191,191,241,241,238,238,85,87,180,198,207,211,149,149,150,152,114,118,165,179,92,96,127,131,103,105,,,167,167,229,231,200,202,175,187,115,115,154,158,89,93,88,90,135,147,146,146,87,89,191,191,95,101,143,160,142,144,140,150,168,176,89,91,92,94,163,173,146,146,172,172,108,108,104,104,83,83,260,260,93,93,143,143,124,124,228,228,154,158,130,130,250,250,142,142,155,159,134,138,//,//,X,X,,,,,,,,,,,,,,,,,,,,,,,,,,,,,,,,,,,,,,,,,,,,,,,,,,,,,,,
Grasslands National Park,plains,,Trent,2024-06-13,Bison_2024_Genotypes_ClientCopy,214000301008296,,hair,161,161,191,191,247,253,232,238,85,87,184,192,205,211,129,149,158,164,116,116,179,183,96,98,127,131,103,104,,,161,167,229,231,194,194,175,179,108,115,154,156,91,91,88,88,135,141,146,146,87,89,189,191,95,99,158,161,158,164,127,142,168,170,83,89,94,95,173,175,140,150,172,176,108,108,102,102,81,81,256,262,93,93,143,143,124,124,240,240,156,156,134,134,250,254,148,148,155,155,136,138,//,//,Y,X,,,,,,,,,,,,,,,,,,,,,,,,,,,,,,,,,,,,,,,,,,,,,,,,,,,,,,,
McCusker River,plains,,Trent,2024-06-13,Bison_2024_Genotypes_ClientCopy,24_McCR_001,,Fecal,161,161,177,191,241,245,232,232,85,87,192,192,205,207,143,149,142,158,114,116,179,185,92,92,127,127,103,105,,,161,161,229,231,190,194,185,187,108,113,154,154,89,89,90,100,135,137,146,146,87,89,191,195,95,97,143,160,162,164,127,140,168,176,89,89,91,92,165,165,140,140,172,180,106,108,106,106,83,83,262,262,91,101,143,143,122,124,228,228,154,156,130,130,246,254,142,142,155,155,138,140,149,153,Y,X,,,,,,,,,,,,,,,,,,,,,,,,,,,,,,,,,,,,,,,,,,,,,,,,,,,,,,,
McCusker River,plains,,Trent,2024-06-13,Bison_2024_Genotypes_ClientCopy,24_McCR_002,,Fecal,165,165,177,191,241,241,238,238,87,91,192,192,201,201,149,149,//,//,114,116,179,185,92,92,127,131,103,103,,,161,167,231,231,194,194,175,185,113,115,156,156,89,91,90,90,135,135,146,146,87,87,195,195,97,99,160,162,158,164,127,148,172,172,89,89,//,//,165,175,140,140,172,172,106,108,106,106,81,81,256,262,97,101,143,147,122,124,228,230,156,156,130,130,246,246,148,150,155,155,136,136,149,149,Y,X,,,,,,,,,,,,,,,,,,,,,,,,,,,,,,,,,,,,,,,,,,,,,,,,,,,,,,,
McCusker River,plains,,Trent,2024-06-13,Bison_2024_Genotypes_ClientCopy,24_McCR_003,,Fecal,165,165,177,191,241,241,232,238,87,91,180,192,201,201,149,149,156,158,114,114,181,185,92,92,127,131,103,103,,,161,161,231,231,194,200,179,185,108,115,154,156,89,89,90,90,135,135,146,146,87,87,195,195,97,99,154,160,164,164,127,140,172,172,83,89,92,92,165,175,140,140,172,172,106,108,104,106,81,83,256,262,97,105,147,147,122,124,228,228,156,156,130,130,246,246,148,150,153,155,136,136,149,149,X,X,,,,,,,,,,,,,,,,,,,,,,,,,,,,,,,,,,,,,,,,,,,,,,,,,,,,,,,
McCusker River,plains,,Trent,2024-06-13,Bison_2024_Genotypes_ClientCopy,24_McCR_004,,Fecal,161,165,191,191,241,245,232,238,87,87,184,192,201,207,149,149,156,158,114,116,165,179,92,92,125,127,103,103,,,161,167,231,231,194,194,175,185,113,113,154,156,91,91,90,100,135,141,146,146,87,87,195,195,95,97,154,160,158,158,127,148,172,186,89,89,91,92,167,175,140,140,172,172,106,106,104,104,81,83,256,256,101,101,143,147,122,122,228,228,156,156,130,130,246,254,142,148,155,159,136,138,149,153,Y,X,,,,,,,,,,,,,,,,,,,,,,,,,,,,,,,,,,,,,,,,,,,,,,,,,,,,,,,
McCusker River,plains,,Trent,2024-06-13,Bison_2024_Genotypes_ClientCopy,24_McCR_009,,Fecal,161,165,177,191,241,245,232,238,87,87,180,184,207,207,143,149,156,158,114,116,179,183,92,92,125,127,103,103,,,161,167,229,231,194,194,175,175,113,115,154,156,91,91,90,100,137,141,146,146,87,87,191,195,95,95,154,158,142,158,127,140,168,172,83,89,91,91,165,167,140,140,172,180,106,108,102,104,81,83,256,262,97,101,145,147,122,124,228,228,156,156,130,130,246,246,148,150,155,159,136,138,149,149,X,X,,,,,,,,,,,,,,,,,,,,,,,,,,,,,,,,,,,,,,,,,,,,,,,,,,,,,,,
McCusker River,plains,,Trent,2024-06-13,Bison_2024_Genotypes_ClientCopy,24_McCR_010,,Fecal,165,165,177,177,241,245,238,238,87,87,180,192,207,207,143,143,158,158,116,116,183,185,92,92,127,127,103,103,,,161,161,229,231,194,194,175,185,113,115,154,158,89,91,90,90,137,137,146,146,87,87,191,195,95,97,158,160,142,164,140,148,168,170,83,89,91,91,165,175,140,146,172,180,106,108,102,106,81,83,256,262,97,101,145,147,124,124,228,228,154,156,130,130,246,246,142,150,151,155,136,138,149,149,X,X,,,,,,,,,,,,,,,,,,,,,,,,,,,,,,,,,,,,,,,,,,,,,,,,,,,,,,,
Sturgeon River,plains,,Trent,2023,Bison_Genotypes_2023_230319,10-273,,Fecal swab,161,161,191,191,245,253,238,238,89,89,180,198,207,207,149,149,158,162,114,114,179,179,96,104,129,129,103,103,,,161,161,231,231,194,198,187,187,113,115,154,154,91,91,88,90,135,135,146,146,87,91,195,195,95,95,160,170,162,168,127,148,170,186,89,89,94,95,175,175,148,148,172,172,108,108,106,106,81,85,262,262,105,105,143,143,124,124,240,240,156,156,130,130,250,254,142,150,159,159,142,142,149,149,X,X,,,,,,,,,,,,,,,,,,,,,,,,,,,,,,,,,,,,,,,,,,,,,,,,,,,,,,,
Sturgeon River,plains,,Trent,2023,Bison_Genotypes_2023_230319,11-272,,Fecal swab,161,161,191,191,241,253,238,238,89,89,180,198,207,211,149,149,158,158,114,116,165,179,92,104,125,129,103,103,,,161,161,231,233,194,198,187,187,113,113,158,158,91,91,88,90,135,141,146,146,91,91,195,195,103,103,161,161,168,170,127,148,176,186,89,89,91,95,163,165,140,140,172,172,106,106,106,106,83,83,262,262,93,105,143,143,122,124,240,240,144,156,130,130,250,250,142,142,155,159,138,142,149,149,Y,X,,,,,,,,,,,,,,,,,,,,,,,,,,,,,,,,,,,,,,,,,,,,,,,,,,,,,,,
Sturgeon River,plains,,Trent,2023,Bison_Genotypes_2023_230319,12-273,,Fecal swab,161,161,191,191,239,239,238,238,85,89,180,198,207,211,149,149,158,158,114,116,165,179,92,104,125,129,101,103,,,161,161,231,231,194,194,187,187,113,113,154,154,91,91,88,90,135,141,146,146,91,91,195,195,95,103,160,170,142,168,127,127,186,186,89,89,91,91,165,175,140,148,172,180,108,108,106,106,81,83,262,262,105,105,143,143,124,124,240,240,156,156,130,130,250,250,142,150,155,159,136,142,149,149,Y,X,,,,,,,,,,,,,,,,,,,,,,,,,,,,,,,,,,,,,,,,,,,,,,,,,,,,,,,
Sturgeon River,plains,,Trent,2023,Bison_Genotypes_2023_230319,1-268,,Fecal swab,161,161,191,191,239,253,238,238,85,87,180,198,207,207,149,149,158,162,//,//,165,165,92,96,127,127,101,103,,,167,167,231,233,194,198,185,187,113,113,154,154,91,91,90,90,135,135,146,146,87,91,195,195,101,103,161,161,142,168,127,127,170,186,89,89,94,95,165,165,148,148,172,172,106,108,106,106,81,85,262,262,93,105,143,143,124,124,240,240,144,156,130,130,250,250,142,150,155,155,136,136,149,149,Y,X,,,,,,,,,,,,,,,,,,,,,,,,,,,,,,,,,,,,,,,,,,,,,,,,,,,,,,,
Sturgeon River,plains,,Trent,2023,Bison_Genotypes_2023_230319,1-273,,Fecal swab,161,161,191,191,241,245,250,250,89,89,180,198,211,211,149,149,158,162,114,114,165,165,92,96,129,129,103,103,,,161,167,231,231,194,194,187,187,115,115,154,160,89,91,90,90,135,141,146,146,91,91,195,195,95,95,161,161,162,168,127,127,170,170,89,89,94,95,163,165,140,140,172,172,108,108,104,106,83,83,260,262,105,105,143,143,122,124,228,240,144,156,130,130,250,250,142,142,153,159,136,136,149,149,X,X,,,,,,,,,,,,,,,,,,,,,,,,,,,,,,,,,,,,,,,,,,,,,,,,,,,,,,,
Sturgeon River,plains,,Trent,2023,Bison_Genotypes_2023_230319,13-273,,Fecal swab,161,161,191,191,239,241,250,250,85,87,180,180,207,207,149,149,158,162,114,114,179,179,92,92,125,129,103,103,,,161,161,231,233,194,198,187,187,113,115,154,158,91,91,90,90,135,135,146,146,87,91,195,195,95,103,160,160,162,170,127,127,170,186,89,89,94,94,163,175,140,140,172,180,108,108,106,106,81,81,262,262,93,105,143,143,122,122,238,240,156,156,130,130,250,254,150,150,153,155,142,142,149,149,Y,X,,,,,,,,,,,,,,,,,,,,,,,,,,,,,,,,,,,,,,,,,,,,,,,,,,,,,,,
Sturgeon River,plains,,Trent,2023,Bison_Genotypes_2023_230319,16-272,,Fecal swab,161,161,191,191,239,239,238,250,87,89,180,198,207,211,149,149,158,162,116,118,179,179,92,104,125,127,101,103,,,167,167,231,233,194,198,185,187,113,115,158,160,91,91,90,90,135,135,146,146,91,91,189,195,103,103,170,170,162,162,127,127,176,186,89,89,94,95,163,165,140,148,172,178,108,108,106,106,83,85,262,262,93,105,143,145,124,124,240,240,156,156,130,130,250,250,142,142,159,159,136,136,149,149,Y,X,,,,,,,,,,,,,,,,,,,,,,,,,,,,,,,,,,,,,,,,,,,,,,,,,,,,,,,
Sturgeon River,plains,,Trent,2023,Bison_Genotypes_2023_230319,2-273,,Fecal swab,161,161,191,191,239,253,238,238,89,89,180,180,207,207,149,149,156,158,114,116,165,179,92,96,125,129,103,103,,,161,161,231,233,194,194,185,187,113,115,154,154,91,91,88,90,135,141,146,146,87,87,195,195,95,95,160,160,162,162,127,127,170,186,89,89,94,94,165,175,140,148,172,172,108,108,106,106,83,85,262,262,105,105,143,143,124,124,240,240,156,156,130,130,254,254,142,142,159,159,136,142,149,149,Y,X,,,,,,,,,,,,,,,,,,,,,,,,,,,,,,,,,,,,,,,,,,,,,,,,,,,,,,,
Sturgeon River,plains,,Trent,2023,Bison_Genotypes_2023_230319,23-273,,Fecal swab,161,161,191,191,239,241,250,250,89,89,180,180,207,211,149,149,158,158,114,114,165,165,96,104,125,127,103,103,,,161,167,231,233,194,194,185,187,113,113,154,158,89,91,88,90,135,141,146,146,91,91,195,195,103,103,161,161,168,170,127,148,186,186,89,89,94,95,165,175,140,140,172,172,108,108,106,106,81,83,262,262,93,105,143,143,124,124,238,240,144,156,130,130,250,254,142,150,153,155,136,136,149,149,X,X,,,,,,,,,,,,,,,,,,,,,,,,,,,,,,,,,,,,,,,,,,,,,,,,,,,,,,,
Sturgeon River,plains,,Trent,2023,Bison_Genotypes_2023_230319,24-273,,Fecal swab,161,161,191,191,239,253,238,238,89,89,180,198,207,207,149,149,158,162,112,112,165,179,92,96,125,129,103,103,,,161,161,231,233,194,194,187,187,113,115,154,158,91,91,90,90,135,141,146,146,87,91,195,195,95,103,160,161,162,168,127,127,186,186,89,89,91,95,163,175,140,148,172,180,106,108,106,106,83,85,262,262,93,105,143,143,124,124,238,240,156,156,130,130,250,250,142,150,159,159,142,142,149,149,Y,X,,,,,,,,,,,,,,,,,,,,,,,,,,,,,,,,,,,,,,,,,,,,,,,,,,,,,,,
Sturgeon River,plains,,Trent,2023,Bison_Genotypes_2023_230319,26-273,,Fecal swab,161,161,191,191,239,239,238,238,87,89,180,180,207,211,149,149,158,158,114,114,165,179,96,96,129,129,101,103,,,161,161,231,233,194,198,187,187,113,113,154,160,91,91,90,90,135,135,146,146,91,91,195,195,95,95,160,161,142,168,127,127,170,186,89,89,95,95,165,175,148,148,172,172,108,108,106,106,81,81,262,262,93,105,143,145,122,124,240,240,156,156,130,130,250,254,142,150,159,159,136,136,149,149,Y,X,,,,,,,,,,,,,,,,,,,,,,,,,,,,,,,,,,,,,,,,,,,,,,,,,,,,,,,
Sturgeon River,plains,,Trent,2023,Bison_Genotypes_2023_230319,28-273,,Fecal swab,161,161,191,191,239,239,238,238,87,89,180,198,207,207,149,149,158,158,116,118,165,179,92,104,125,127,103,103,,,161,167,231,231,198,198,185,185,113,113,154,158,91,91,90,90,135,141,146,146,87,91,195,195,95,95,170,170,142,142,127,148,170,170,89,89,95,95,165,175,148,148,172,172,106,108,106,106,81,81,262,262,93,105,143,145,124,124,240,240,156,156,130,130,250,250,142,142,155,159,136,136,149,149,X,X,,,,,,,,,,,,,,,,,,,,,,,,,,,,,,,,,,,,,,,,,,,,,,,,,,,,,,,
Sturgeon River,plains,,Trent,2023,Bison_Genotypes_2023_230319,31-270,,Fecal swab,161,161,191,191,241,245,250,252,87,89,180,180,207,211,149,149,158,158,114,116,165,165,104,104,125,129,103,103,,,161,167,231,233,194,194,187,187,113,113,154,158,89,89,90,90,135,141,146,146,87,91,195,195,95,95,160,170,170,170,127,148,170,186,89,89,91,94,165,175,148,148,172,172,108,108,104,106,83,83,262,262,105,105,143,143,122,124,240,240,144,156,130,130,250,250,142,150,159,159,136,136,149,149,Y,X,,,,,,,,,,,,,,,,,,,,,,,,,,,,,,,,,,,,,,,,,,,,,,,,,,,,,,,
Sturgeon River,plains,,Trent,2023,Bison_Genotypes_2023_230319,32-270,,Fecal swab,161,161,191,191,239,241,238,250,89,89,180,198,207,211,149,149,158,158,114,114,179,179,92,104,127,129,101,103,,,161,167,231,231,194,194,187,187,113,115,154,158,91,91,90,90,135,135,146,146,91,91,195,195,95,103,160,170,168,170,148,148,186,186,89,89,91,95,175,175,140,148,172,172,106,108,106,106,81,83,262,262,89,105,143,143,124,124,240,240,156,156,130,130,250,254,142,150,155,159,136,136,149,149,Y,X,,,,,,,,,,,,,,,,,,,,,,,,,,,,,,,,,,,,,,,,,,,,,,,,,,,,,,,
Sturgeon River,plains,,Trent,2023,Bison_Genotypes_2023_230319,34-270,,Fecal swab,161,161,191,191,241,241,//,//,85,87,180,180,205,207,149,149,156,158,114,114,165,179,92,104,125,127,101,103,,,161,161,231,233,194,198,187,187,113,113,154,158,91,91,90,90,135,141,146,146,91,91,195,195,103,103,160,170,142,168,127,127,186,186,89,89,91,94,165,175,140,140,172,178,106,108,104,106,81,83,262,262,105,105,143,143,122,124,240,240,156,156,130,130,250,250,142,142,153,159,136,136,149,149,X,X,,,,,,,,,,,,,,,,,,,,,,,,,,,,,,,,,,,,,,,,,,,,,,,,,,,,,,,
Sturgeon River,plains,,Trent,2023,Bison_Genotypes_2023_230319,36-270,,Fecal swab,161,161,191,191,239,241,238,250,85,87,180,192,205,207,149,149,158,158,114,114,165,165,92,92,125,129,103,103,,,161,167,231,233,198,198,187,187,113,113,158,158,91,91,88,90,135,141,146,146,87,91,195,195,95,95,161,170,142,162,127,127,170,170,89,89,94,95,165,175,148,148,172,172,106,108,106,106,83,83,262,262,93,105,143,143,124,124,240,240,156,156,130,130,250,254,142,150,153,159,136,136,149,149,Y,X,,,,,,,,,,,,,,,,,,,,,,,,,,,,,,,,,,,,,,,,,,,,,,,,,,,,,,,
Sturgeon River,plains,,Trent,2023,Bison_Genotypes_2023_230319,41-270,,Fecal swab,161,161,189,191,241,241,250,250,87,89,180,180,207,207,149,149,156,158,116,116,165,179,92,104,125,129,103,103,,,161,167,231,231,194,194,185,185,113,115,154,158,89,91,88,90,135,135,146,146,87,87,189,195,95,95,160,161,162,162,127,148,170,186,89,89,91,95,163,175,140,148,172,172,106,108,106,106,83,83,262,262,93,105,143,143,124,124,240,240,156,156,130,130,250,254,142,150,155,159,142,142,149,149,X,X,,,,,,,,,,,,,,,,,,,,,,,,,,,,,,,,,,,,,,,,,,,,,,,,,,,,,,,
Sturgeon River,plains,,Trent,2023,Bison_Genotypes_2023_230319,50-270,,Fecal swab,161,161,191,191,241,241,238,250,87,89,180,180,207,207,149,149,158,158,114,114,165,179,92,104,125,129,101,103,,,161,167,231,231,194,194,185,187,113,115,154,158,91,91,88,90,135,135,146,146,87,87,195,195,95,95,160,161,162,162,127,148,170,170,89,89,91,95,163,175,140,148,172,172,106,108,106,106,83,83,260,262,93,105,143,143,124,124,240,240,156,156,130,130,250,254,142,150,155,155,142,142,149,149,X,X,,,,,,,,,,,,,,,,,,,,,,,,,,,,,,,,,,,,,,,,,,,,,,,,,,,,,,,
Sturgeon River,plains,,Trent,2023,Bison_Genotypes_2023_230319,52-47,,Fecal swab,161,161,191,191,241,241,250,250,85,85,180,198,207,211,149,149,150,158,114,118,165,179,104,104,129,129,103,107,,,161,161,231,231,194,194,185,185,113,115,154,158,91,91,90,90,135,141,146,146,87,91,189,195,95,95,160,160,142,170,127,148,170,172,89,89,91,95,163,165,140,148,172,180,106,108,106,106,81,83,262,262,93,93,143,143,122,124,240,240,156,156,130,130,250,250,142,142,153,155,142,142,149,149,X,X,,,,,,,,,,,,,,,,,,,,,,,,,,,,,,,,,,,,,,,,,,,,,,,,,,,,,,,
Sturgeon River,plains,,Trent,2023,Bison_Genotypes_2023_230319,55-47,,Fecal swab,161,161,191,191,239,241,238,238,87,89,198,198,207,211,149,149,158,158,114,114,165,179,92,104,125,129,103,103,,,161,167,231,231,194,198,187,187,113,115,158,158,91,91,90,90,135,141,146,146,91,91,195,195,95,103,160,160,168,170,127,127,170,186,89,89,94,95,175,175,140,140,172,178,108,108,106,106,83,85,262,262,93,105,143,143,122,124,240,240,156,156,130,130,250,254,142,150,159,159,136,142,149,149,Y,X,,,,,,,,,,,,,,,,,,,,,,,,,,,,,,,,,,,,,,,,,,,,,,,,,,,,,,,
Sturgeon River,plains,,Trent,2023,Bison_Genotypes_2023_230319,57-47,,Fecal swab,161,161,191,191,239,245,238,238,85,89,198,198,211,211,149,149,158,158,116,116,165,165,92,96,125,129,103,103,,,161,167,231,233,194,194,187,187,113,115,154,154,91,91,90,90,135,141,146,146,87,91,195,195,95,95,160,161,142,170,127,127,186,186,89,89,91,91,165,165,140,140,172,180,108,108,106,106,81,83,262,262,93,105,143,143,122,124,240,240,156,156,130,130,250,250,142,150,155,159,136,142,149,149,X,X,,,,,,,,,,,,,,,,,,,,,,,,,,,,,,,,,,,,,,,,,,,,,,,,,,,,,,,
Sturgeon River,plains,,Trent,2023,Bison_Genotypes_2023_230319,58-47,,Fecal swab,161,161,191,191,241,241,250,250,87,87,180,198,207,211,149,149,156,158,114,118,165,165,92,104,125,129,103,103,,,161,161,231,233,194,194,185,187,113,115,154,154,89,91,90,90,135,135,146,146,87,91,189,195,95,95,160,160,162,168,127,127,170,186,89,89,95,95,163,175,140,140,172,172,106,108,106,112,81,83,260,262,105,105,143,143,124,124,240,240,156,156,130,130,250,250,142,150,155,159,142,142,149,149,X,X,,,,,,,,,,,,,,,,,,,,,,,,,,,,,,,,,,,,,,,,,,,,,,,,,,,,,,,
Waterton Lakes,plains,,Trent,2024-06-13,Bison_2024_Genotypes_ClientCopy,WLNP02,,Fecal,161,161,//,//,241,245,238,254,89,91,190,192,205,215,149,149,158,158,114,118,179,181,92,98,127,127,103,104,,,161,161,231,231,194,194,179,185,108,115,156,160,89,91,88,88,135,141,146,146,87,87,191,191,95,99,158,160,164,164,127,150,168,168,83,83,92,95,167,175,146,150,172,180,108,108,104,106,81,83,262,262,91,97,143,143,124,124,228,240,144,158,//,//,246,250,148,148,153,153,136,140,149,149,//,//,,,,,,,,,,,,,,,,,,,,,,,,,,,,,,,,,,,,,,,,,,,,,,,,,,,,,,,
Waterton Lakes,plains,,Trent,2024-06-13,Bison_2024_Genotypes_ClientCopy,WLNP03,,Fecal,161,173,//,//,//,//,232,254,87,87,//,//,205,211,//,//,160,162,114,118,183,183,92,96,131,131,103,103,,,167,167,225,225,194,200,187,187,108,113,154,158,89,91,88,100,135,147,146,146,85,87,//,//,95,95,143,161,162,168,140,150,170,176,89,89,91,92,175,175,150,150,180,180,108,108,104,104,83,83,//,//,93,93,143,145,122,124,//,//,//,//,118,130,246,250,142,142,153,153,134,134,//,//,X,X,,,,,,,,,,,,,,,,,,,,,,,,,,,,,,,,,,,,,,,,,,,,,,,,,,,,,,,
Waterton Lakes,plains,,Trent,2024-06-13,Bison_2024_Genotypes_ClientCopy,WLNP07,,Fecal,161,173,//,//,241,253,//,//,//,//,184,198,205,211,143,143,158,162,114,114,185,185,92,92,131,131,103,103,,,167,167,225,225,194,200,187,187,108,113,154,158,89,91,100,100,135,147,150,150,87,87,189,189,95,95,143,160,//,//,140,150,170,176,89,89,92,92,175,175,140,150,//,//,108,108,104,104,83,83,262,262,91,93,143,145,122,122,//,//,144,156,118,130,246,250,142,142,153,155,134,134,//,//,//,//,,,,,,,,,,,,,,,,,,,,,,,,,,,,,,,,,,,,,,,,,,,,,,,,,,,,,,,
Waterton Lakes,plains,,Trent,2024-06-13,Bison_2024_Genotypes_ClientCopy,WLNP08,,Fecal,161,161,//,//,241,241,238,252,//,//,//,//,205,205,149,149,142,164,114,118,183,183,96,98,129,129,103,103,,,//,//,233,233,194,200,179,191,115,115,154,154,89,91,102,102,135,147,146,154,91,91,191,191,95,95,158,160,168,168,127,150,168,168,89,89,92,94,175,175,146,146,178,180,112,112,102,104,77,83,256,262,//,//,//,//,124,124,228,228,//,//,118,130,250,254,148,148,153,155,136,136,//,//,X,X,,,,,,,,,,,,,,,,,,,,,,,,,,,,,,,,,,,,,,,,,,,,,,,,,,,,,,,
Waterton Lakes,plains,,Trent,2024-06-13,Bison_2024_Genotypes_ClientCopy,WLNP10,,Fecal,165,165,191,191,241,271,238,238,//,//,180,184,201,211,127,129,158,162,//,//,183,185,92,98,129,131,104,104,,,161,165,229,231,190,200,175,187,108,113,158,160,91,91,90,90,141,147,146,150,91,91,191,191,95,95,160,161,144,168,127,127,168,168,89,89,91,95,163,173,140,150,180,180,106,108,104,104,83,83,256,262,91,97,143,143,124,124,228,236,156,156,130,134,250,250,142,148,153,159,136,136,149,149,Y,X,,,,,,,,,,,,,,,,,,,,,,,,,,,,,,,,,,,,,,,,,,,,,,,,,,,,,,,
Waterton Lakes,plains,,Trent,2024-06-13,Bison_2024_Genotypes_ClientCopy,WLNP306,,Tissue,161,173,177,177,241,253,232,252,85,89,180,184,207,211,143,149,156,158,114,116,179,185,98,98,127,131,103,103,,,161,167,229,231,200,200,185,185,113,115,154,158,89,89,100,102,135,141,148,150,87,87,189,195,95,101,160,160,142,158,127,127,172,172,83,89,92,95,163,175,140,150,172,180,108,110,102,102,83,83,262,262,//,//,143,145,122,124,228,228,154,156,134,134,246,250,142,148,153,153,136,138,149,149,X,X,,,,,,,,,,,,,,,,,,,,,,,,,,,,,,,,,,,,,,,,,,,,,,,,,,,,,,,
Waterton Lakes,plains,,Trent,2024-06-13,Bison_2024_Genotypes_ClientCopy,WLNP308,,Tissue,161,173,191,191,241,253,238,250,85,89,180,184,205,205,149,149,142,158,118,118,165,179,92,104,127,129,103,105,,,161,161,229,233,194,200,175,187,115,115,154,158,89,91,90,90,135,135,146,146,87,91,191,195,101,101,160,160,156,158,127,140,168,170,89,91,92,95,175,175,146,150,172,180,106,108,102,104,81,81,262,262,93,97,143,145,122,124,238,240,154,156,128,128,246,250,138,142,155,157,138,142,149,151,X,X,,,,,,,,,,,,,,,,,,,,,,,,,,,,,,,,,,,,,,,,,,,,,,,,,,,,,,,
Waterton Lakes,plains,,Trent,2024-06-13,Bison_2024_Genotypes_ClientCopy,WLNP309,,Tissue,161,173,191,191,241,271,238,238,85,89,180,198,205,207,129,143,158,158,114,118,179,181,92,96,127,129,103,104,,,161,165,229,231,200,200,185,187,108,113,154,158,89,91,88,100,135,141,146,150,87,87,195,195,95,95,160,170,164,168,127,140,168,170,89,89,91,92,163,165,140,146,172,178,108,108,104,104,81,83,262,262,89,101,143,143,124,124,228,240,156,158,130,130,246,254,142,150,155,155,134,136,149,151,Y,X,,,,,,,,,,,,,,,,,,,,,,,,,,,,,,,,,,,,,,,,,,,,,,,,,,,,,,,
Waterton Lakes,plains,,Trent,2024-06-13,Bison_2024_Genotypes_ClientCopy,WLNP316,,Tissue,165,173,191,191,247,271,238,238,81,81,184,198,211,215,129,129,162,164,116,116,183,185,96,98,127,129,103,104,,,167,167,229,229,194,200,185,187,113,113,154,156,91,91,88,100,135,141,146,150,87,87,189,191,95,101,160,160,160,164,127,127,170,170,89,89,92,95,165,173,140,146,172,180,106,108,104,104,83,83,262,262,97,97,143,143,122,124,236,240,154,156,118,130,246,250,142,148,157,157,136,136,149,149,Y,X,,,,,,,,,,,,,,,,,,,,,,,,,,,,,,,,,,,,,,,,,,,,,,,,,,,,,,,
Waterton Lakes,plains,,Trent,2024-06-13,Bison_2024_Genotypes_ClientCopy,WLNP320,,Tissue,161,161,181,181,241,249,238,238,89,91,192,198,205,207,129,143,150,158,114,114,181,183,92,96,131,131,103,105,,,161,165,225,233,194,194,175,187,108,115,156,158,//,//,88,90,135,135,146,150,89,91,189,195,99,99,//,//,158,170,127,127,168,170,83,89,91,94,163,167,140,150,172,172,106,108,100,104,81,81,260,262,89,101,145,147,122,124,240,240,154,156,130,130,246,246,142,150,155,159,134,134,145,149,X,X,,,,,,,,,,,,,,,,,,,,,,,,,,,,,,,,,,,,,,,,,,,,,,,,,,,,,,,
Chinchaga,wood,,Trent,2023,ParksCanadaBisonProject_15Jan2023_Genotypes_Updated,chinchaga 1,,DNA,161,169,181,191,241,253,232,252,89,89,180,180,207,211,141,149,152,152,116,116,175,175,92,102,123,125,103,103,,,167,167,227,233,190,194,187,187,113,115,156,158,89,91,90,90,135,141,150,150,87,89,195,195,101,103,147,158,144,166,140,146,166,176,83,89,91,91,173,177,148,150,172,172,112,112,100,108,83,83,260,262,97,103,143,143,124,132,228,228,144,152,114,132,252,252,142,142,155,155,136,138,145,147,X,X,,,,,,,,,,,,,,,,,,,,,,,,,,,,,,,,,,,,,,,,,,,,,,,,,,,,,,,
Chinchaga,wood,,Trent,2023,ParksCanadaBisonProject_15Jan2023_Genotypes_Updated,chinchaga 2,,DNA,161,165,177,181,253,253,238,252,89,89,180,180,211,215,129,143,152,152,116,118,165,175,102,102,125,129,103,103,,,167,167,227,227,188,194,187,187,108,115,158,158,89,89,90,90,141,141,150,150,87,87,195,195,95,99,147,147,142,166,140,146,170,176,89,89,91,91,177,177,140,148,174,174,112,112,104,104,81,81,260,260,93,103,143,143,124,124,228,238,144,154,132,132,252,252,142,148,155,155,134,138,147,153,Y,X,,,,,,,,,,,,,,,,,,,,,,,,,,,,,,,,,,,,,,,,,,,,,,,,,,,,,,,
Chitek Lake,wood,,Trent,2024-06-13,Bison_2024_Genotypes_ClientCopy,MAN391,,Fecal,161,165,181,181,253,269,238,238,89,89,180,184,205,205,141,149,152,152,116,118,183,183,102,104,125,129,103,103,,,167,167,225,229,190,194,181,187,113,113,158,160,91,91,90,90,141,141,150,150,87,87,191,191,101,101,158,162,142,142,127,127,166,166,85,89,91,92,173,175,140,146,172,174,112,112,104,104,77,83,262,262,93,93,143,143,124,132,228,238,160,160,130,130,252,252,142,142,155,155,134,136,149,153,Y,X,,,,,,,,,,,,,,,,,,,,,,,,,,,,,,,,,,,,,,,,,,,,,,,,,,,,,,,
Chitek Lake,wood,,Trent,2024-06-13,Bison_2024_Genotypes_ClientCopy,MAN392,,Fecal,161,161,181,181,253,253,238,252,87,91,180,180,205,205,129,143,146,152,116,118,175,183,92,104,125,125,103,103,,,167,167,225,227,190,194,179,181,108,115,156,158,93,93,90,90,135,147,150,150,87,89,191,191,95,101,158,158,168,168,142,146,172,172,85,89,91,92,165,177,146,150,174,176,110,112,100,108,83,83,260,262,93,103,143,145,124,132,228,228,154,154,130,130,252,252,142,148,155,155,136,140,149,151,//,//,,,,,,,,,,,,,,,,,,,,,,,,,,,,,,,,,,,,,,,,,,,,,,,,,,,,,,,
Chitek Lake,wood,,Trent,2024-06-13,Bison_2024_Genotypes_ClientCopy,MAN394,,Fecal,161,169,181,181,241,269,238,238,89,91,180,184,205,205,129,149,152,152,116,118,183,183,98,104,125,129,103,103,,,167,167,225,229,190,190,187,187,108,115,158,158,89,89,90,90,141,141,146,150,87,87,191,195,101,101,147,158,144,166,142,146,172,172,85,89,92,92,167,177,150,150,172,174,110,112,100,100,81,83,260,262,93,103,143,143,126,132,228,238,154,158,130,130,252,252,142,148,155,155,136,138,151,153,Y,X,,,,,,,,,,,,,,,,,,,,,,,,,,,,,,,,,,,,,,,,,,,,,,,,,,,,,,,
Chitek Lake,wood,,Trent,2024-06-13,Bison_2024_Genotypes_ClientCopy,MAN395,,Fecal,159,161,181,181,253,269,232,238,83,89,196,196,205,211,129,129,152,154,116,116,183,183,98,102,129,129,103,103,,,167,167,229,229,190,190,179,187,115,115,158,160,89,89,102,102,141,145,150,150,87,89,191,191,95,99,158,160,142,168,142,142,166,172,89,89,91,92,173,173,150,150,174,176,110,112,100,108,83,83,260,262,91,103,143,143,132,132,228,238,154,154,130,130,252,252,138,142,155,155,136,138,145,153,X,X,,,,,,,,,,,,,,,,,,,,,,,,,,,,,,,,,,,,,,,,,,,,,,,,,,,,,,,
Chitek Lake,wood,,Trent,2024-06-13,Bison_2024_Genotypes_ClientCopy,MAN399,,Fecal,161,173,181,181,253,269,238,252,87,91,180,198,205,211,129,143,152,152,116,116,183,183,102,102,129,129,103,103,,,161,167,227,231,190,190,187,187,108,115,//,//,89,91,90,90,141,147,150,150,87,89,191,195,101,103,158,162,144,166,127,142,166,172,85,89,92,92,167,173,146,150,174,176,110,110,100,100,83,83,260,260,103,103,143,145,132,132,228,238,154,154,130,134,252,252,142,142,155,155,134,140,153,153,Y,X,,,,,,,,,,,,,,,,,,,,,,,,,,,,,,,,,,,,,,,,,,,,,,,,,,,,,,,
Chitek Lake,wood,,Trent,2024-06-13,Bison_2024_Genotypes_ClientCopy,MAN400,,Fecal,161,173,181,191,253,253,238,252,89,89,196,196,205,205,129,141,152,152,116,118,183,183,98,102,125,129,103,103,,,167,167,227,229,190,194,181,187,115,115,154,156,89,89,90,90,135,141,148,150,89,89,189,191,95,101,147,158,142,168,142,146,166,172,89,89,91,95,173,177,150,150,174,174,110,112,108,108,81,83,262,262,103,103,143,143,132,132,228,238,154,154,130,130,252,252,142,142,155,155,136,136,149,153,Y,X,,,,,,,,,,,,,,,,,,,,,,,,,,,,,,,,,,,,,,,,,,,,,,,,,,,,,,,
Chitek Lake,wood,,Trent,2024-06-13,Bison_2024_Genotypes_ClientCopy,MAN402,,Fecal,169,173,181,181,269,269,232,238,87,91,180,198,205,205,129,129,152,152,116,118,183,183,102,104,129,129,103,103,,,161,167,225,227,190,190,187,187,115,115,156,156,89,89,90,102,141,141,150,150,87,89,191,191,95,101,158,162,142,166,138,142,166,166,89,89,92,92,167,177,146,150,174,174,110,110,100,100,83,83,260,260,103,103,143,143,124,132,228,228,154,154,130,130,252,252,142,148,155,155,134,136,149,153,X,X,,,,,,,,,,,,,,,,,,,,,,,,,,,,,,,,,,,,,,,,,,,,,,,,,,,,,,,
Chitek Lake,wood,,Trent,2024-06-13,Bison_2024_Genotypes_ClientCopy,MAN403,,Fecal,161,169,181,181,253,253,238,238,87,91,184,184,205,205,129,149,152,152,116,118,175,183,102,102,129,129,103,103,,,167,167,225,229,190,194,181,187,115,115,158,160,89,89,90,102,135,141,150,150,87,89,191,191,101,101,160,162,142,166,142,142,172,172,83,89,91,92,167,173,146,150,174,174,110,110,100,108,77,83,260,260,93,103,143,143,124,132,228,228,154,160,130,130,252,252,138,138,155,155,136,138,145,145,X,X,,,,,,,,,,,,,,,,,,,,,,,,,,,,,,,,,,,,,,,,,,,,,,,,,,,,,,,
Chitek Lake,wood,,Trent,2024-06-13,Bison_2024_Genotypes_ClientCopy,MAN404,,Fecal,169,173,181,181,253,269,238,238,87,91,180,196,205,205,129,129,152,152,116,118,175,183,102,102,129,129,103,103,,,167,167,225,227,190,194,187,187,108,115,158,160,89,91,90,90,145,145,150,150,87,87,191,195,101,103,162,162,144,168,142,146,166,166,83,89,92,95,173,173,150,150,172,174,110,110,108,108,77,83,260,260,103,103,143,143,124,132,228,238,154,160,130,130,252,252,138,138,155,155,136,138,149,153,Y,X,,,,,,,,,,,,,,,,,,,,,,,,,,,,,,,,,,,,,,,,,,,,,,,,,,,,,,,
Chitek Lake,wood,,Trent,2024-06-13,Bison_2024_Genotypes_ClientCopy,MAN405,,Fecal,159,161,181,181,253,269,238,238,91,91,184,196,205,205,129,149,152,152,118,118,183,183,98,102,125,129,103,103,,,161,167,229,229,190,190,179,187,115,115,156,158,89,93,90,102,145,147,150,150,87,87,191,191,101,101,147,158,168,168,146,146,166,166,85,89,92,92,173,173,140,150,172,174,110,112,104,104,81,83,260,262,97,103,143,143,124,132,228,238,154,154,130,130,252,252,142,142,155,155,136,138,149,153,Y,X,,,,,,,,,,,,,,,,,,,,,,,,,,,,,,,,,,,,,,,,,,,,,,,,,,,,,,,
Chitek Lake,wood,,Trent,2024-06-13,Bison_2024_Genotypes_ClientCopy,MAN406,,Fecal,169,169,181,181,253,253,232,238,89,91,180,196,205,205,129,149,146,152,118,118,183,183,102,102,125,129,103,103,,,161,167,227,227,190,194,179,187,115,115,156,158,89,91,90,90,135,141,150,150,87,89,189,191,101,101,147,158,142,168,142,146,170,172,89,89,91,92,173,173,150,150,174,174,110,112,100,108,83,83,260,260,93,103,143,143,126,132,228,228,144,154,130,130,252,252,138,148,153,155,136,138,149,153,X,X,,,,,,,,,,,,,,,,,,,,,,,,,,,,,,,,,,,,,,,,,,,,,,,,,,,,,,,
Chitek Lake,wood,,Trent,2024-06-13,Bison_2024_Genotypes_ClientCopy,MAN409,,Fecal,161,169,181,181,241,253,238,254,89,91,180,196,205,211,129,129,152,152,116,118,175,183,98,104,125,129,103,103,,,167,167,225,227,194,194,187,187,108,115,158,158,89,89,90,90,135,145,150,150,87,87,189,195,101,103,158,160,166,166,138,146,176,176,89,89,91,92,167,177,146,150,174,176,108,112,108,108,83,83,//,//,93,103,143,143,132,132,228,238,154,160,114,130,//,//,142,142,155,155,138,138,145,153,X,X,,,,,,,,,,,,,,,,,,,,,,,,,,,,,,,,,,,,,,,,,,,,,,,,,,,,,,,
Chitek Lake,wood,,Trent,2024-06-13,Bison_2024_Genotypes_ClientCopy,MAN410,,Fecal,169,173,181,181,269,269,232,232,85,87,180,196,205,205,129,129,152,152,116,116,175,183,104,106,125,129,103,103,,,167,167,225,225,194,194,181,187,115,115,156,158,89,91,90,102,135,147,150,150,87,89,191,195,99,101,158,160,142,144,138,142,166,174,89,89,91,95,165,175,146,150,172,176,110,112,108,108,83,83,262,262,93,103,143,143,126,132,228,238,154,154,130,130,252,252,142,142,155,155,138,138,145,153,Y,X,,,,,,,,,,,,,,,,,,,,,,,,,,,,,,,,,,,,,,,,,,,,,,,,,,,,,,,
Chitek Lake,wood,,Trent,2024-06-13,Bison_2024_Genotypes_ClientCopy,MAN411,,Fecal,161,169,181,181,253,269,232,238,85,89,184,196,205,211,129,129,152,152,116,118,183,183,98,104,123,125,103,103,,,167,167,225,229,188,190,179,187,115,115,158,160,89,91,90,90,141,141,146,150,87,89,191,195,101,103,158,160,142,168,127,142,166,172,85,89,91,92,167,167,146,150,172,176,110,110,108,108,81,83,260,260,93,103,143,143,124,132,228,228,144,144,114,130,252,252,138,142,155,155,134,136,153,153,X,X,,,,,,,,,,,,,,,,,,,,,,,,,,,,,,,,,,,,,,,,,,,,,,,,,,,,,,,
Chitek Lake,wood,,Trent,2024-06-13,Bison_2024_Genotypes_ClientCopy,MAN412,,Fecal,161,161,181,181,269,269,238,238,87,89,180,184,205,205,129,149,152,152,116,118,183,183,102,104,129,129,103,103,,,167,167,229,233,194,194,187,187,115,115,158,158,91,93,90,102,141,141,148,150,87,89,189,191,101,101,158,158,142,144,140,146,166,176,89,95,92,92,167,173,146,150,172,172,110,112,100,100,83,83,260,262,93,103,143,143,124,124,228,238,154,154,130,130,252,252,142,142,155,155,138,138,145,153,Y,X,,,,,,,,,,,,,,,,,,,,,,,,,,,,,,,,,,,,,,,,,,,,,,,,,,,,,,,
Chitek Lake,wood,,Trent,2024-06-13,Bison_2024_Genotypes_ClientCopy,MAN413,,Fecal,161,173,181,181,253,269,238,238,89,89,180,194,201,205,129,129,152,152,//,//,175,183,102,104,129,129,103,103,,,167,167,225,227,190,194,181,187,113,115,156,160,89,89,90,90,141,147,150,150,89,89,191,195,101,103,158,162,166,166,142,142,166,172,85,89,92,95,175,177,146,146,172,176,110,110,104,104,77,83,260,260,//,//,143,143,124,132,228,228,154,154,130,130,252,252,138,142,155,155,138,138,149,153,X,X,,,,,,,,,,,,,,,,,,,,,,,,,,,,,,,,,,,,,,,,,,,,,,,,,,,,,,,
Chitek Lake,wood,,Trent,2024-06-13,Bison_2024_Genotypes_ClientCopy,MAN414,,Fecal,161,161,181,181,269,269,238,238,89,89,184,196,205,211,141,149,152,152,116,116,183,183,92,96,125,129,103,103,,,167,167,225,229,190,194,187,187,115,115,156,160,89,93,90,102,141,145,150,150,87,89,189,191,101,103,158,162,168,168,146,146,166,172,85,89,92,92,173,173,140,150,174,176,110,110,100,100,81,83,260,262,93,103,143,143,124,132,228,228,154,154,130,130,252,252,138,142,155,155,136,136,145,153,Y,X,,,,,,,,,,,,,,,,,,,,,,,,,,,,,,,,,,,,,,,,,,,,,,,,,,,,,,,
Chitek Lake,wood,,Trent,2024-06-13,Bison_2024_Genotypes_ClientCopy,MAN416,,Fecal,161,161,181,181,253,269,238,238,87,91,184,196,205,211,129,129,152,152,116,116,183,183,102,102,125,129,103,103,,,167,167,229,233,190,194,181,187,115,115,154,158,89,91,90,90,141,147,148,150,87,89,189,195,95,99,160,160,142,168,127,142,172,172,83,89,91,92,167,173,146,150,174,174,110,110,100,104,81,83,260,260,91,97,143,143,126,132,228,228,154,154,114,134,252,252,138,142,155,155,136,136,149,153,X,X,,,,,,,,,,,,,,,,,,,,,,,,,,,,,,,,,,,,,,,,,,,,,,,,,,,,,,,
Chitek Lake,wood,,Trent,2024-06-13,Bison_2024_Genotypes_ClientCopy,MAN417,,Fecal,161,169,181,181,253,253,238,252,85,89,180,196,205,207,129,143,152,152,116,118,183,183,98,102,129,129,103,103,,,167,167,227,231,190,194,187,187,108,113,158,158,89,93,90,90,145,147,150,150,87,87,195,195,101,103,160,162,144,166,127,146,172,176,85,89,92,95,165,167,146,150,174,176,108,110,100,108,83,83,260,262,103,103,143,143,132,132,228,238,154,154,130,130,244,252,142,142,155,155,138,140,153,153,X,X,,,,,,,,,,,,,,,,,,,,,,,,,,,,,,,,,,,,,,,,,,,,,,,,,,,,,,,
Chitek Lake,wood,,Trent,2024-06-13,Bison_2024_Genotypes_ClientCopy,MAN420,,Fecal,161,161,181,181,241,253,238,238,89,89,194,194,205,207,129,129,152,152,116,118,183,183,98,102,125,129,103,103,,,161,167,225,229,190,190,179,187,115,115,156,160,89,91,90,102,135,141,150,150,89,89,191,191,101,103,160,160,142,168,142,146,172,172,85,89,92,95,167,173,140,150,172,176,90,90,100,100,83,83,260,260,103,103,143,143,124,124,228,228,154,160,130,130,244,252,138,142,155,155,134,136,149,149,//,//,,,,,,,,,,,,,,,,,,,,,,,,,,,,,,,,,,,,,,,,,,,,,,,,,,,,,,,
Etthithun,wood,,Trent,2023,Bison_Genotypes_2023_230319,2,,Biopsy,161,165,177,181,241,241,232,238,89,89,180,180,205,207,129,141,152,154,116,118,183,183,104,104,129,129,103,103,,,167,167,227,229,190,190,187,187,108,113,158,158,89,89,90,102,141,145,148,150,87,89,189,191,103,103,147,158,142,166,140,142,176,176,89,95,92,92,167,177,146,150,172,174,110,112,104,104,81,81,260,262,93,103,143,143,124,124,228,228,144,154,114,130,250,252,138,142,155,155,134,136,153,153,X,X,,,,,,,,,,,,,,,,,,,,,,,,,,,,,,,,,,,,,,,,,,,,,,,,,,,,,,,
Etthithun,wood,,Trent,2023,Bison_Genotypes_2023_230319,3,,Biopsy,161,161,181,181,253,253,232,238,89,89,180,184,205,215,129,149,146,166,116,116,175,183,92,102,123,129,103,103,,,161,167,229,233,190,190,187,187,108,115,160,160,89,93,90,90,135,147,146,150,89,91,191,191,101,103,158,158,144,158,140,140,172,176,85,89,91,91,177,177,150,150,174,174,106,112,100,104,81,81,260,262,103,103,143,143,132,132,228,238,154,154,128,132,250,252,138,142,155,155,136,136,151,153,X,X,,,,,,,,,,,,,,,,,,,,,,,,,,,,,,,,,,,,,,,,,,,,,,,,,,,,,,,
Etthithun,wood,,Trent,2023,Bison_Genotypes_2023_230319,5,,Biopsy,165,169,181,181,253,271,232,238,81,89,198,198,207,211,129,143,152,152,116,118,175,175,102,104,125,129,103,104,,,167,167,227,229,188,194,187,187,108,115,156,158,89,89,90,90,135,147,150,150,87,89,191,191,95,99,147,147,142,158,140,142,166,166,89,89,91,94,167,177,150,150,174,174,106,112,104,104,83,83,260,262,93,103,143,143,124,124,228,228,144,152,130,132,246,252,138,148,155,159,136,136,145,151,X,X,,,,,,,,,,,,,,,,,,,,,,,,,,,,,,,,,,,,,,,,,,,,,,,,,,,,,,,
Etthithun,wood,,Trent,2023,Bison_Genotypes_2023_230319,7,,Biopsy,161,165,177,181,253,269,232,238,89,89,180,180,207,215,129,129,152,154,116,118,175,183,102,102,125,129,103,103,,,167,167,227,229,190,190,187,187,108,115,156,158,93,93,90,90,141,147,150,150,87,87,189,195,101,103,147,158,166,168,142,146,170,174,89,89,92,92,167,177,140,150,172,174,112,112,104,104,83,83,260,262,93,103,143,143,124,132,228,228,154,154,132,132,250,252,138,142,153,155,134,136,153,153,X,X,,,,,,,,,,,,,,,,,,,,,,,,,,,,,,,,,,,,,,,,,,,,,,,,,,,,,,,
Etthithun,wood,,Trent,2023,Bison_Genotypes_2023_230319,9,,Biopsy,161,161,177,181,253,253,238,252,87,89,180,194,211,215,143,149,152,152,118,118,179,183,92,104,129,129,103,103,,,167,167,233,233,190,194,187,187,115,115,158,160,91,93,88,88,141,145,150,150,89,91,189,191,101,101,158,162,158,166,140,142,166,170,83,85,91,92,173,175,146,150,174,174,112,112,108,108,81,83,262,262,93,103,143,143,124,124,228,238,154,160,130,130,252,252,142,142,155,159,134,136,153,153,X,X,,,,,,,,,,,,,,,,,,,,,,,,,,,,,,,,,,,,,,,,,,,,,,,,,,,,,,,
Etthithun,wood,,Trent,2023,Bison_Genotypes_2023_230319,12,,Biopsy,161,165,177,181,241,253,232,252,89,89,184,184,205,205,129,143,152,152,116,116,175,183,102,102,123,129,103,103,,,161,167,227,233,194,194,187,187,115,115,156,158,89,91,90,90,135,141,150,150,87,89,191,195,95,101,158,160,142,142,140,142,170,176,89,89,91,92,177,177,146,146,172,174,110,112,108,108,81,83,260,262,93,103,143,143,124,132,228,228,144,154,130,132,252,252,138,142,155,155,136,136,151,151,X,X,,,,,,,,,,,,,,,,,,,,,,,,,,,,,,,,,,,,,,,,,,,,,,,,,,,,,,,
Etthithun,wood,,Trent,2023,Bison_Genotypes_2023_230319,21,,Biopsy,165,173,177,181,253,253,238,238,89,89,180,196,205,207,129,141,152,154,116,118,183,183,98,102,125,129,103,103,,,167,167,225,229,190,190,179,179,108,115,158,160,89,91,90,102,141,145,150,150,87,89,189,191,101,103,158,162,144,168,140,140,172,176,89,89,91,92,167,177,150,150,172,174,112,112,104,104,77,83,262,262,103,103,143,143,132,132,228,228,144,144,130,132,252,252,142,148,155,159,136,136,149,153,X,X,,,,,,,,,,,,,,,,,,,,,,,,,,,,,,,,,,,,,,,,,,,,,,,,,,,,,,,
Etthithun,wood,,Trent,2023,Bison_Genotypes_2023_230319,22,,Biopsy,161,169,177,181,241,271,238,252,89,89,180,196,201,207,129,141,152,166,116,118,165,183,98,104,129,129,103,103,,,167,167,227,229,188,194,179,181,113,113,158,158,89,91,90,90,135,145,150,150,87,89,189,191,95,99,158,162,158,156,140,142,170,172,89,89,91,95,177,177,148,150,172,174,112,112,108,108,83,83,260,260,89,97,143,143,124,124,228,228,152,154,132,132,252,252,138,142,155,155,136,136,149,151,X,X,,,,,,,,,,,,,,,,,,,,,,,,,,,,,,,,,,,,,,,,,,,,,,,,,,,,,,,
Etthithun,wood,,Trent,2023,Bison_Genotypes_2023_230319,23,,Biopsy,161,169,181,181,253,253,232,252,87,89,180,194,211,215,129,143,146,152,114,116,183,183,92,102,125,129,103,103,,,167,167,229,233,188,194,187,187,113,115,156,158,91,93,90,90,141,145,150,150,87,87,191,191,95,103,158,162,144,164,127,142,172,176,83,89,91,91,177,177,146,150,172,174,112,112,108,108,81,81,262,262,93,103,143,143,124,124,228,238,144,160,130,132,252,252,142,148,155,155,136,136,151,151,X,X,,,,,,,,,,,,,,,,,,,,,,,,,,,,,,,,,,,,,,,,,,,,,,,,,,,,,,,
Etthithun,wood,,Trent,2023,Bison_Genotypes_2023_230319,24,,Biopsy,165,169,177,181,253,253,238,238,85,89,196,198,205,207,143,143,146,166,114,116,175,183,92,102,125,129,103,103,,,167,167,227,233,194,194,179,179,113,113,158,160,91,91,90,90,135,141,150,150,87,89,189,191,99,103,147,160,142,158,138,142,176,176,89,89,91,92,173,177,146,148,174,174,110,112,108,108,83,83,260,262,93,103,143,143,124,124,228,238,144,156,130,132,252,252,142,142,155,155,136,136,151,153,X,X,,,,,,,,,,,,,,,,,,,,,,,,,,,,,,,,,,,,,,,,,,,,,,,,,,,,,,,
Etthithun,wood,,Trent,2023,Bison_Genotypes_2023_230319,25,,Biopsy,161,169,177,191,249,253,232,238,85,85,180,198,205,207,129,141,146,152,116,116,183,183,96,102,129,129,103,103,,,167,167,227,227,188,194,179,187,113,115,158,158,91,91,90,90,135,147,150,150,89,89,191,191,101,103,158,160,158,166,140,142,172,176,83,85,91,94,167,177,150,150,172,174,110,112,108,108,83,83,262,262,93,97,143,143,124,132,228,228,154,160,130,130,252,252,138,142,155,155,134,138,149,149,X,X,,,,,,,,,,,,,,,,,,,,,,,,,,,,,,,,,,,,,,,,,,,,,,,,,,,,,,,
Etthithun,wood,,Trent,2023,Bison_Genotypes_2023_230319,26,,Biopsy,161,161,181,181,241,253,232,238,85,87,180,180,205,211,129,149,146,152,116,118,183,183,102,102,129,129,103,103,,,167,167,227,231,190,194,179,187,115,115,158,158,89,91,90,90,135,141,150,150,87,87,189,191,103,103,147,158,158,166,127,142,166,172,89,89,92,92,167,177,146,150,172,174,112,112,100,104,83,83,260,262,89,93,143,143,124,132,228,228,154,154,130,130,252,252,138,142,155,155,136,136,149,151,X,X,,,,,,,,,,,,,,,,,,,,,,,,,,,,,,,,,,,,,,,,,,,,,,,,,,,,,,,
Etthithun,wood,,Trent,2023,Bison_Genotypes_2023_230319,27,,Biopsy,159,161,177,181,241,241,232,238,89,89,184,194,205,205,129,143,146,152,116,118,175,183,92,102,125,129,103,103,,,167,167,225,229,194,194,179,187,108,115,158,158,89,93,90,90,135,141,150,150,87,87,189,189,95,103,147,160,158,168,142,142,166,176,85,89,91,91,177,177,146,150,174,174,112,112,100,108,81,83,262,262,93,93,143,143,132,132,228,238,152,160,130,132,246,252,142,142,155,155,136,136,151,151,X,X,,,,,,,,,,,,,,,,,,,,,,,,,,,,,,,,,,,,,,,,,,,,,,,,,,,,,,,
Etthithun,wood,,Trent,2023,Bison_Genotypes_2023_230319,28,,Biopsy,173,173,177,181,253,271,232,238,85,89,180,180,207,211,129,129,152,152,116,116,175,183,98,102,125,125,103,103,,,167,167,229,233,188,190,179,187,115,115,156,160,89,91,90,90,135,141,146,150,87,89,189,191,101,101,147,158,144,158,140,142,172,172,85,89,91,91,167,177,150,150,172,176,110,110,104,108,83,83,260,262,97,103,143,143,124,132,228,228,154,156,128,128,246,252,138,138,155,155,134,134,145,145,X,X,,,,,,,,,,,,,,,,,,,,,,,,,,,,,,,,,,,,,,,,,,,,,,,,,,,,,,,
Etthithun,wood,,Trent,2023,Bison_Genotypes_2023_230319,29,,Biopsy,161,165,181,191,241,269,232,238,89,89,180,196,205,211,141,143,152,166,116,118,179,183,98,104,125,125,103,103,,,161,167,231,231,190,190,179,187,113,115,156,158,91,91,90,90,135,135,150,150,87,89,189,191,101,101,158,162,142,166,140,140,170,170,89,89,91,91,173,177,148,150,172,174,112,112,108,108,77,83,260,262,89,89,143,143,124,124,228,228,154,154,128,130,246,252,138,142,155,159,136,138,145,151,X,X,,,,,,,,,,,,,,,,,,,,,,,,,,,,,,,,,,,,,,,,,,,,,,,,,,,,,,,
Etthithun,wood,,Trent,2023,Bison_Genotypes_2023_230319,1 GP1,,Fecal swab,161,173,181,181,253,269,238,238,91,91,180,180,211,211,129,129,146,152,116,116,175,183,98,104,125,129,103,103,,,167,167,229,229,190,194,179,181,113,115,156,156,89,91,90,90,141,141,150,150,87,89,189,191,101,101,158,158,158,168,127,142,166,170,85,89,91,94,167,177,150,150,174,174,110,110,104,108,77,83,260,262,97,97,143,143,124,132,228,228,144,156,130,130,252,252,142,148,155,155,136,138,151,151,X,X,,,,,,,,,,,,,,,,,,,,,,,,,,,,,,,,,,,,,,,,,,,,,,,,,,,,,,,
Etthithun,wood,,Trent,2023,Bison_Genotypes_2023_230319,10 GP2,,Fecal swab,165,173,181,181,253,253,238,238,85,89,180,180,205,205,129,129,152,152,116,116,175,183,102,104,129,129,103,103,,,167,167,227,229,188,190,179,187,115,115,156,160,89,91,90,102,135,141,150,150,87,89,191,191,95,103,147,158,142,142,127,138,172,176,83,95,91,94,177,177,146,150,172,174,110,112,104,104,83,83,260,262,97,97,143,143,124,124,224,228,154,156,128,130,252,252,142,142,155,155,136,138,149,151,Y,X,,,,,,,,,,,,,,,,,,,,,,,,,,,,,,,,,,,,,,,,,,,,,,,,,,,,,,,
Etthithun,wood,,Trent,2023,Bison_Genotypes_2023_230319,11 GP1,,Fecal swab,161,165,177,181,241,241,238,238,89,89,180,184,205,205,141,143,152,166,116,118,175,175,92,98,123,129,103,103,,,161,167,227,227,190,190,187,187,108,115,158,158,91,93,90,90,135,141,150,150,87,87,191,195,95,101,147,160,142,168,140,142,176,176,85,85,91,92,173,177,150,150,174,174,112,112,104,104,81,81,262,262,97,103,143,143,124,124,228,228,154,160,130,132,252,252,142,142,155,155,134,136,145,151,X,X,,,,,,,,,,,,,,,,,,,,,,,,,,,,,,,,,,,,,,,,,,,,,,,,,,,,,,,
Etthithun,wood,,Trent,2023,Bison_Genotypes_2023_230319,12 GP1,,Fecal swab,161,161,181,191,253,253,238,238,89,89,180,180,205,211,129,141,146,152,//,//,183,183,102,104,125,125,103,103,,,167,167,229,229,194,194,179,179,108,115,156,156,89,91,90,90,135,141,150,150,87,89,189,191,//,//,158,158,142,166,140,142,172,176,85,89,91,91,167,177,146,150,174,176,106,110,104,108,81,83,262,262,93,97,143,143,124,132,228,228,144,154,130,130,252,252,142,148,155,159,136,140,145,151,X,X,,,,,,,,,,,,,,,,,,,,,,,,,,,,,,,,,,,,,,,,,,,,,,,,,,,,,,,
Etthithun,wood,,Trent,2023,Bison_Genotypes_2023_230319,13 GP1,,Fecal swab,161,165,181,181,253,253,232,238,85,91,184,198,205,207,129,143,152,166,116,118,175,183,98,102,125,129,103,103,,,167,171,229,229,188,194,179,187,113,115,158,158,89,93,90,90,141,147,150,150,87,87,191,191,95,103,158,158,144,168,127,140,166,172,89,89,92,92,173,177,150,150,172,174,110,112,100,108,77,81,260,262,93,97,143,143,124,126,228,238,160,160,130,130,246,252,142,148,155,155,134,134,151,151,X,X,,,,,,,,,,,,,,,,,,,,,,,,,,,,,,,,,,,,,,,,,,,,,,,,,,,,,,,
Etthithun,wood,,Trent,2023,Bison_Genotypes_2023_230319,14 GP1,,Fecal swab,161,165,177,191,253,253,232,232,87,89,180,184,205,207,129,129,152,152,116,118,183,183,102,102,125,129,103,103,,,161,167,229,229,194,194,179,187,115,115,156,156,89,89,90,90,141,147,150,150,87,89,189,191,95,101,158,158,142,168,138,142,170,176,89,89,91,92,177,177,150,150,174,174,106,112,104,108,81,83,260,262,97,103,143,143,124,132,228,238,144,154,130,132,246,252,142,148,155,159,136,138,149,151,X,X,,,,,,,,,,,,,,,,,,,,,,,,,,,,,,,,,,,,,,,,,,,,,,,,,,,,,,,
Etthithun,wood,,Trent,2023,Bison_Genotypes_2023_230319,15 GP1,,Fecal swab,161,165,177,177,253,253,232,252,89,89,180,184,205,207,129,141,152,152,//,//,179,183,102,104,125,129,103,103,,,167,167,227,229,190,194,187,187,115,115,156,156,89,93,90,90,135,147,150,150,87,89,191,191,95,103,158,158,142,142,138,142,170,176,85,89,92,92,175,177,140,150,174,174,112,112,108,108,83,83,260,260,89,103,143,143,124,124,228,238,144,154,130,130,246,252,142,142,155,155,136,138,149,153,X,X,,,,,,,,,,,,,,,,,,,,,,,,,,,,,,,,,,,,,,,,,,,,,,,,,,,,,,,
Etthithun,wood,,Trent,2023,Bison_Genotypes_2023_230319,150_020,,Hair,161,165,181,181,253,253,232,238,89,89,180,196,205,205,129,141,146,152,116,118,175,183,102,102,129,129,103,103,,,167,167,227,229,190,194,179,187,113,113,158,158,91,91,90,90,135,135,150,150,87,89,189,191,99,103,158,158,158,166,140,142,172,176,85,89,91,94,167,177,148,148,174,174,110,112,104,104,83,83,260,262,93,97,143,143,124,124,224,228,154,156,130,132,252,252,142,142,155,155,136,136,151,153,X,X,,,,,,,,,,,,,,,,,,,,,,,,,,,,,,,,,,,,,,,,,,,,,,,,,,,,,,,
Etthithun,wood,,Trent,2023,Bison_Genotypes_2023_230319,150_060,,Fecal swab,161,161,181,181,253,253,238,252,87,89,180,184,205,207,129,141,152,154,116,116,165,175,92,98,125,129,103,103,,,167,167,227,229,188,190,179,187,113,115,156,158,89,89,90,90,141,141,150,150,87,87,191,191,95,101,147,158,144,158,127,142,166,172,89,89,91,92,173,177,150,150,174,174,112,112,104,108,81,83,262,262,97,103,143,143,124,126,228,228,144,152,128,130,250,252,142,148,155,159,136,140,151,153,X,X,,,,,,,,,,,,,,,,,,,,,,,,,,,,,,,,,,,,,,,,,,,,,,,,,,,,,,,
Etthithun,wood,,Trent,2023,Bison_Genotypes_2023_230319,150_070,,Hair,161,173,177,181,241,249,232,232,89,89,180,184,205,207,143,149,146,152,116,116,175,175,92,98,125,129,103,103,,,161,167,227,229,190,194,179,187,115,115,158,158,89,91,90,102,135,145,150,150,87,87,191,191,99,101,147,160,142,144,140,142,166,172,85,89,91,92,173,177,148,150,174,174,110,112,104,104,83,83,260,262,93,97,143,143,124,124,238,238,156,160,130,132,252,252,142,142,155,157,136,138,151,153,X,X,,,,,,,,,,,,,,,,,,,,,,,,,,,,,,,,,,,,,,,,,,,,,,,,,,,,,,,
Etthithun,wood,,Trent,2023,Bison_Genotypes_2023_230319,150_080,,Fecal swab,161,165,181,181,241,253,232,252,87,89,180,198,205,205,129,143,152,166,114,118,165,183,96,102,129,129,103,103,,,167,167,227,229,188,190,179,187,113,113,158,160,89,93,90,90,141,147,150,150,87,87,191,195,103,103,160,161,142,158,142,148,166,176,85,89,91,91,177,177,146,150,174,176,106,112,104,108,83,83,260,260,103,103,143,143,124,124,238,238,144,154,130,132,246,250,138,148,155,155,134,136,149,151,X,X,,,,,,,,,,,,,,,,,,,,,,,,,,,,,,,,,,,,,,,,,,,,,,,,,,,,,,,
Etthithun,wood,,Trent,2023,Bison_Genotypes_2023_230319,150_100,,Fecal swab,161,173,181,191,253,271,238,238,85,89,180,180,205,207,129,129,152,152,116,116,175,183,102,104,125,129,103,103,,,167,167,229,229,190,194,179,179,113,113,154,156,91,91,90,102,141,141,150,150,87,87,191,191,95,101,158,160,142,168,127,140,166,172,85,85,91,91,167,167,148,150,172,176,106,110,108,108,77,83,262,262,97,103,143,143,124,132,228,228,154,154,128,130,252,252,138,138,155,155,134,140,151,151,X,X,,,,,,,,,,,,,,,,,,,,,,,,,,,,,,,,,,,,,,,,,,,,,,,,,,,,,,,
Etthithun,wood,,Trent,2023,Bison_Genotypes_2023_230319,150_130,,Hair,161,161,181,191,241,253,232,238,89,89,198,198,205,205,129,143,146,152,114,116,183,183,92,102,125,125,103,103,,,167,167,229,229,190,194,179,187,113,115,158,160,89,91,90,90,141,145,150,150,89,91,189,191,95,101,147,158,158,158,142,146,170,172,89,89,91,92,177,177,146,150,172,174,112,112,104,108,81,83,260,262,93,103,143,143,124,132,228,228,160,160,128,130,252,252,142,142,155,155,134,134,149,151,X,X,,,,,,,,,,,,,,,,,,,,,,,,,,,,,,,,,,,,,,,,,,,,,,,,,,,,,,,
Etthithun,wood,,Trent,2023,Bison_Genotypes_2023_230319,17 GP1,,Fecal swab,161,161,177,181,253,253,232,238,89,89,184,198,207,211,129,129,146,152,114,116,165,183,92,98,125,125,103,103,,,167,167,227,229,190,194,179,187,113,115,158,158,89,91,90,102,135,141,150,150,87,91,189,191,95,103,147,158,144,158,142,146,166,170,85,89,91,92,177,177,140,150,172,174,110,112,104,104,81,83,260,262,97,103,143,143,124,132,224,238,144,160,130,132,246,252,142,142,155,155,136,140,151,151,Y,X,,,,,,,,,,,,,,,,,,,,,,,,,,,,,,,,,,,,,,,,,,,,,,,,,,,,,,,
Etthithun,wood,,Trent,2023,Bison_Genotypes_2023_230319,18 GP2,,Fecal swab,161,161,181,181,253,269,238,238,87,89,180,180,201,205,129,129,152,152,116,118,165,183,92,102,125,129,103,103,,,167,167,227,231,194,194,187,187,113,115,156,158,89,93,90,102,135,141,146,150,87,89,191,195,95,101,158,158,166,168,142,146,170,172,89,89,91,94,173,177,150,150,172,172,106,112,104,104,77,77,262,262,97,103,143,143,132,132,228,238,154,154,130,132,252,252,142,148,159,159,134,138,153,153,X,X,,,,,,,,,,,,,,,,,,,,,,,,,,,,,,,,,,,,,,,,,,,,,,,,,,,,,,,
Etthithun,wood,,Trent,2023,Bison_Genotypes_2023_230319,2 GP1,,Fecal swab,161,169,177,181,253,253,232,238,85,89,180,180,207,215,129,143,146,152,116,118,179,183,96,102,125,129,103,103,,,167,167,227,229,190,194,187,187,113,115,160,160,91,91,90,90,135,141,150,150,89,91,191,191,101,103,162,162,144,158,138,142,166,176,83,95,92,92,167,177,150,150,174,174,110,112,108,108,81,83,260,262,93,97,143,143,124,132,228,238,154,160,130,132,252,252,138,142,155,159,136,138,151,153,Y,X,,,,,,,,,,,,,,,,,,,,,,,,,,,,,,,,,,,,,,,,,,,,,,,,,,,,,,,
Etthithun,wood,,Trent,2023,Bison_Genotypes_2023_230319,20 GP2,,Fecal swab,161,173,181,181,253,253,232,238,89,91,184,198,205,207,129,141,//,//,116,116,165,175,102,102,125,129,103,103,,,167,167,227,229,188,194,179,187,113,115,158,158,89,93,90,90,135,147,150,150,87,91,189,191,99,101,147,158,142,166,127,140,166,170,89,89,91,92,167,173,150,150,172,174,112,112,104,104,77,81,260,262,89,93,141,143,124,126,228,238,154,160,128,130,246,252,142,148,155,155,136,138,149,151,Y,X,,,,,,,,,,,,,,,,,,,,,,,,,,,,,,,,,,,,,,,,,,,,,,,,,,,,,,,
Etthithun,wood,,Trent,2023,Bison_Genotypes_2023_230319,21 GP2,,Fecal swab,161,165,181,181,253,253,238,238,87,87,180,198,205,211,129,143,152,152,118,118,175,183,102,104,125,129,103,103,,,167,167,227,229,194,194,187,187,115,115,156,158,89,89,90,90,135,147,150,150,87,89,189,191,99,101,147,158,142,168,140,142,166,172,89,89,91,94,177,177,150,150,174,174,106,112,104,104,81,83,262,262,93,103,143,143,124,132,228,238,144,152,130,132,246,252,138,142,155,159,136,138,151,153,X,X,,,,,,,,,,,,,,,,,,,,,,,,,,,,,,,,,,,,,,,,,,,,,,,,,,,,,,,
Etthithun,wood,,Trent,2023,Bison_Genotypes_2023_230319,22 GP2,,Fecal swab,161,161,177,181,249,253,238,252,89,91,180,180,207,211,129,143,146,146,116,116,175,175,102,102,125,129,103,103,,,167,167,229,231,194,194,179,187,115,115,156,160,89,93,90,102,135,141,150,150,87,91,191,191,99,101,158,158,158,158,127,140,172,176,85,89,91,91,173,177,146,150,174,174,110,112,104,104,77,81,262,262,97,103,143,143,124,132,228,238,160,160,128,132,252,252,138,148,155,155,134,134,145,153,X,X,,,,,,,,,,,,,,,,,,,,,,,,,,,,,,,,,,,,,,,,,,,,,,,,,,,,,,,
Etthithun,wood,,Trent,2023,Bison_Genotypes_2023_230319,23 GP2,,Fecal swab,161,169,181,181,253,253,238,238,85,89,180,196,207,215,129,143,146,146,116,118,183,183,102,102,123,125,101,103,,,167,167,227,233,188,190,187,187,115,115,158,160,91,91,90,90,135,141,150,150,87,89,189,191,101,101,158,162,144,158,127,142,170,174,89,89,91,92,167,177,150,150,172,172,110,112,104,104,81,83,262,262,97,103,143,143,124,126,228,228,144,144,130,132,252,252,142,142,155,155,136,136,153,153,Y,X,,,,,,,,,,,,,,,,,,,,,,,,,,,,,,,,,,,,,,,,,,,,,,,,,,,,,,,
Etthithun,wood,,Trent,2023,Bison_Genotypes_2023_230319,26 GP2,,Fecal swab,165,169,177,181,253,253,232,232,89,89,180,180,207,215,143,149,152,152,116,116,175,175,102,102,123,125,103,103,,,161,167,227,229,190,194,179,187,108,115,156,158,89,89,90,90,141,147,150,150,87,87,191,195,101,103,147,147,166,168,142,146,166,172,89,89,91,91,177,177,140,150,174,174,112,112,104,104,81,83,260,262,91,103,143,143,124,132,228,228,154,156,130,130,252,252,142,148,155,155,134,136,151,153,X,X,,,,,,,,,,,,,,,,,,,,,,,,,,,,,,,,,,,,,,,,,,,,,,,,,,,,,,,
Etthithun,wood,,Trent,2023,ParksCanadaBisonProject_15Jan2023_Genotypes_Updated,31GP3,,Fecal (Pre-Swabbed),169,173,181,181,253,253,232,238,85,89,180,196,205,215,129,143,146,146,116,118,183,183,102,102,125,129,103,103,,,167,167,227,229,188,194,179,187,113,115,158,158,91,91,90,90,135,145,150,150,89,91,189,191,101,101,158,162,158,164,136,142,166,170,89,89,91,92,167,177,150,150,172,174,110,112,104,108,83,83,260,262,97,103,143,143,124,124,228,228,144,154,130,130,246,252,142,142,155,155,136,136,151,153,Y,X,,,,,,,,,,,,,,,,,,,,,,,,,,,,,,,,,,,,,,,,,,,,,,,,,,,,,,,
Etthithun,wood,,Trent,2023,ParksCanadaBisonProject_15Jan2023_Genotypes_Updated,33GP3,,Fecal (Pre-Swabbed),161,161,181,181,253,253,238,238,83,85,180,196,205,207,129,143,146,152,114,118,175,183,96,102,125,129,103,103,,,167,167,225,229,188,194,179,187,108,113,154,154,91,91,90,90,141,141,150,150,87,89,189,189,99,103,158,158,142,142,140,142,170,176,85,89,91,94,167,167,150,150,172,174,110,112,104,108,81,85,260,262,93,97,143,143,124,124,228,238,160,160,128,132,252,252,142,148,155,159,136,136,151,153,Y,X,,,,,,,,,,,,,,,,,,,,,,,,,,,,,,,,,,,,,,,,,,,,,,,,,,,,,,,
Etthithun,wood,,Trent,2023,ParksCanadaBisonProject_15Jan2023_Genotypes_Updated,34GP3,,Fecal (Pre-Swabbed),161,165,181,181,253,253,238,238,89,89,180,196,205,205,129,129,146,146,114,118,183,183,98,102,129,129,103,103,,,167,167,227,233,188,194,179,187,113,113,156,158,91,91,90,90,141,141,150,150,87,89,189,191,101,103,158,162,144,158,140,142,166,176,89,95,91,91,167,167,148,150,172,172,110,112,104,104,81,83,260,262,93,97,143,143,124,124,228,228,154,158,130,132,252,252,142,148,155,159,136,138,151,153,Y,X,,,,,,,,,,,,,,,,,,,,,,,,,,,,,,,,,,,,,,,,,,,,,,,,,,,,,,,
Etthithun,wood,,Trent,2023,ParksCanadaBisonProject_15Jan2023_Genotypes_Updated,35GP3,,Fecal (Pre-Swabbed),173,173,177,181,253,253,232,238,89,93,180,180,205,205,129,129,146,166,116,118,179,183,98,102,125,129,103,103,,,167,167,227,229,188,194,179,179,113,113,156,158,91,91,90,90,135,135,150,150,89,91,189,191,95,103,160,160,142,142,138,142,176,176,89,95,91,91,167,177,150,150,172,172,110,112,108,108,85,85,260,262,93,103,143,143,124,126,228,238,144,160,128,132,252,252,142,148,159,159,136,140,151,153,X,X,,,,,,,,,,,,,,,,,,,,,,,,,,,,,,,,,,,,,,,,,,,,,,,,,,,,,,,
Etthithun,wood,,Trent,2023,ParksCanadaBisonProject_15Jan2023_Genotypes_Updated,36GP3,,Fecal (Pre-Swabbed),159,161,181,191,241,253,232,252,89,89,184,194,205,205,129,129,146,152,116,118,183,183,102,102,125,129,103,103,,,167,167,225,227,190,194,181,187,//,//,156,158,89,91,90,90,135,141,150,150,//,//,189,191,101,101,158,162,164,168,127,142,166,172,89,89,91,92,167,175,146,148,174,174,112,112,104,104,81,83,262,262,93,103,143,143,124,126,228,238,154,160,130,132,246,252,142,142,155,155,136,136,151,153,X,X,,,,,,,,,,,,,,,,,,,,,,,,,,,,,,,,,,,,,,,,,,,,,,,,,,,,,,,
Etthithun,wood,,Trent,2023,ParksCanadaBisonProject_15Jan2023_Genotypes_Updated,39GP3,,Fecal (Pre-Swabbed),161,165,177,181,241,269,232,238,89,89,184,198,201,205,143,143,146,152,116,118,165,183,92,102,123,125,103,103,,,167,167,231,231,194,194,179,181,108,115,156,160,89,91,90,90,141,147,150,150,87,87,191,191,101,103,147,158,158,166,140,142,166,172,89,89,91,94,167,167,146,146,172,172,106,112,104,108,81,83,262,262,93,103,143,143,124,132,228,228,154,160,130,132,252,252,138,148,155,157,136,138,151,151,X,X,,,,,,,,,,,,,,,,,,,,,,,,,,,,,,,,,,,,,,,,,,,,,,,,,,,,,,,
Etthithun,wood,,Trent,2023,ParksCanadaBisonProject_15Jan2023_Genotypes_Updated,43GP3,,Fecal (Pre-Swabbed),161,161,181,181,241,253,238,238,85,89,180,180,205,207,129,149,152,152,116,118,175,183,102,104,123,125,103,103,,,167,167,227,229,190,190,179,187,115,115,158,158,91,93,90,102,135,135,150,150,87,87,191,191,99,101,158,160,158,168,127,138,176,176,89,89,92,92,167,177,150,150,172,174,112,112,104,108,81,83,260,262,97,97,143,143,124,126,228,238,144,160,130,132,252,252,142,142,155,157,136,136,151,153,X,X,,,,,,,,,,,,,,,,,,,,,,,,,,,,,,,,,,,,,,,,,,,,,,,,,,,,,,,
Etthithun,wood,,Trent,2023,ParksCanadaBisonProject_15Jan2023_Genotypes_Updated,44GP3,,Fecal (Pre-Swabbed),165,165,181,181,253,269,238,238,89,91,180,196,207,207,129,141,152,152,116,118,175,183,98,102,125,129,103,103,,,167,167,225,229,190,190,179,187,112,112,158,158,89,91,90,90,135,141,150,150,87,87,189,191,101,101,158,162,142,166,127,140,170,176,83,95,91,92,175,177,150,150,172,172,110,112,104,108,81,83,260,262,89,89,143,143,124,132,228,228,154,160,114,132,252,252,138,148,155,155,134,136,151,153,X,X,,,,,,,,,,,,,,,,,,,,,,,,,,,,,,,,,,,,,,,,,,,,,,,,,,,,,,,
Etthithun,wood,,Trent,2023,ParksCanadaBisonProject_15Jan2023_Genotypes_Updated,45GP3,,Fecal (Pre-Swabbed),161,161,181,191,253,253,238,238,85,91,194,198,205,211,129,149,154,166,116,116,183,183,92,92,125,125,103,103,,,167,167,231,233,190,194,179,187,113,113,156,158,91,91,90,90,141,145,148,150,87,87,189,191,101,101,147,158,144,166,127,140,170,176,89,89,91,91,167,177,146,150,172,174,112,112,104,104,81,83,260,262,103,103,143,143,124,124,228,228,154,160,132,132,246,252,138,142,155,155,134,138,151,153,X,X,,,,,,,,,,,,,,,,,,,,,,,,,,,,,,,,,,,,,,,,,,,,,,,,,,,,,,,
Etthithun,wood,,Trent,2023,ParksCanadaBisonProject_15Jan2023_Genotypes_Updated,46GP3,,Fecal (Pre-Swabbed),161,165,177,181,253,253,232,238,89,89,180,184,211,215,141,143,146,146,116,116,183,183,92,104,125,125,103,103,,,167,167,227,229,190,194,187,187,108,113,158,158,91,91,90,90,135,135,150,150,87,87,191,191,101,103,162,162,164,166,127,142,166,166,83,89,91,92,167,177,140,150,174,174,112,112,108,108,83,83,260,262,//,//,143,143,124,124,228,228,160,160,130,130,252,252,142,148,155,155,136,138,151,151,X,X,,,,,,,,,,,,,,,,,,,,,,,,,,,,,,,,,,,,,,,,,,,,,,,,,,,,,,,
Etthithun,wood,,Trent,2023,ParksCanadaBisonProject_15Jan2023_Genotypes_Updated,47GP3,,Fecal (Pre-Swabbed),165,165,181,181,253,253,238,238,81,85,180,196,207,211,129,129,152,152,116,118,179,183,98,102,129,129,103,103,,,167,167,227,233,188,194,179,179,108,115,158,158,91,91,90,90,135,141,150,150,89,89,191,191,103,103,158,162,142,166,127,140,166,176,89,89,94,94,177,177,140,150,174,174,112,112,108,108,81,81,262,262,93,97,143,143,124,124,228,228,154,160,128,132,252,252,138,142,155,155,136,136,145,153,Y,X,,,,,,,,,,,,,,,,,,,,,,,,,,,,,,,,,,,,,,,,,,,,,,,,,,,,,,,
Etthithun,wood,,Trent,2023,ParksCanadaBisonProject_15Jan2023_Genotypes_Updated,49GP3,,Fecal (Pre-Swabbed),161,173,181,181,241,253,238,238,89,89,180,184,207,207,143,143,152,152,116,118,175,179,102,104,125,129,103,103,,,167,167,227,227,190,190,185,187,113,115,158,158,89,91,90,90,135,141,150,150,87,87,189,189,99,103,158,160,158,166,140,148,172,176,85,85,91,92,175,177,150,150,172,174,112,112,104,108,81,83,260,262,97,97,143,143,124,132,228,228,154,160,130,132,246,246,138,142,155,155,134,136,151,153,X,X,,,,,,,,,,,,,,,,,,,,,,,,,,,,,,,,,,,,,,,,,,,,,,,,,,,,,,,
Etthithun,wood,,Trent,2023,ParksCanadaBisonProject_15Jan2023_Genotypes_Updated,4GP1,,Fecal (Pre-Swabbed),161,161,177,177,253,253,232,252,85,89,180,180,207,207,129,141,146,152,116,118,175,183,96,104,125,129,103,103,,,167,167,227,229,190,190,187,187,115,115,156,158,91,91,90,90,141,145,150,150,87,91,189,191,103,103,158,162,142,158,140,140,170,176,83,95,91,92,175,177,150,150,174,174,112,112,108,108,83,83,260,260,91,97,143,143,124,124,228,228,154,160,130,132,252,252,138,142,157,159,136,138,153,153,X,X,,,,,,,,,,,,,,,,,,,,,,,,,,,,,,,,,,,,,,,,,,,,,,,,,,,,,,,
Etthithun,wood,,Trent,2023,ParksCanadaBisonProject_15Jan2023_Genotypes_Updated,50GP3,,Fecal (Pre-Swabbed),165,165,181,181,253,253,238,238,81,85,180,196,207,211,129,129,152,152,116,118,179,183,98,102,129,129,103,103,,,167,167,225,227,188,194,179,179,108,115,158,158,91,91,90,90,135,141,150,150,89,89,189,191,103,103,158,162,142,166,127,127,166,176,89,89,94,94,177,177,140,150,174,174,112,112,108,108,81,81,262,262,91,97,143,143,124,124,228,228,154,160,128,132,252,252,138,142,155,155,136,136,145,151,X,X,,,,,,,,,,,,,,,,,,,,,,,,,,,,,,,,,,,,,,,,,,,,,,,,,,,,,,,
Etthithun,wood,,Trent,2023,ParksCanadaBisonProject_15Jan2023_Genotypes_Updated,51GP3,,Fecal (Pre-Swabbed),165,169,177,181,253,253,232,238,81,89,180,198,205,207,129,149,146,152,116,118,165,183,102,102,123,129,103,103,,,167,167,229,233,194,194,181,187,108,115,158,158,89,91,90,90,135,141,150,150,87,87,189,191,95,103,147,158,144,158,142,148,166,172,85,89,91,91,177,177,150,150,172,174,110,112,104,108,81,83,262,262,91,93,143,143,124,124,228,238,154,154,130,132,252,252,142,142,155,155,134,138,145,151,X,X,,,,,,,,,,,,,,,,,,,,,,,,,,,,,,,,,,,,,,,,,,,,,,,,,,,,,,,
Etthithun,wood,,Trent,2023,ParksCanadaBisonProject_15Jan2023_Genotypes_Updated,52GP3,,Fecal (Pre-Swabbed),161,169,181,181,253,253,232,232,89,91,184,196,205,205,129,143,152,154,116,116,175,183,92,92,125,125,103,103,,,167,167,227,227,188,194,179,187,113,115,156,160,91,91,90,90,145,147,150,150,87,87,191,191,101,101,160,162,142,166,127,148,166,172,89,89,91,92,167,177,148,150,172,172,110,112,100,108,77,83,262,262,97,103,141,143,124,132,228,228,160,160,130,132,252,252,148,148,155,155,136,136,151,151,X,X,,,,,,,,,,,,,,,,,,,,,,,,,,,,,,,,,,,,,,,,,,,,,,,,,,,,,,,
Etthithun,wood,,Trent,2023,ParksCanadaBisonProject_15Jan2023_Genotypes_Updated,53GP3,,Fecal (Pre-Swabbed),161,165,177,177,253,253,238,238,89,89,180,198,205,207,129,143,152,152,116,118,175,183,98,98,125,125,103,103,,,167,167,229,231,190,190,179,187,113,115,156,160,91,91,90,90,135,145,150,150,87,87,189,191,103,103,158,152,158,168,127,142,166,172,85,89,91,92,177,177,140,150,172,174,112,112,108,108,83,83,260,260,97,103,143,143,124,124,228,228,154,160,128,128,252,252,138,142,155,159,134,138,151,151,Y,X,,,,,,,,,,,,,,,,,,,,,,,,,,,,,,,,,,,,,,,,,,,,,,,,,,,,,,,
Etthithun,wood,,Trent,2023,ParksCanadaBisonProject_15Jan2023_Genotypes_Updated,54GP3,,Fecal (Pre-Swabbed),161,173,181,181,241,253,238,238,89,89,180,198,205,207,143,149,146,152,116,118,165,179,102,102,125,125,103,103,,,167,167,227,231,190,194,187,187,113,113,156,158,89,91,90,90,141,141,150,150,87,87,189,191,99,103,147,160,158,166,140,148,172,172,85,85,91,92,173,175,150,150,172,174,106,112,108,108,81,81,260,262,91,97,143,143,132,132,228,228,160,160,130,132,246,246,138,142,155,155,136,136,151,151,X,X,,,,,,,,,,,,,,,,,,,,,,,,,,,,,,,,,,,,,,,,,,,,,,,,,,,,,,,
Etthithun,wood,,Trent,2023,ParksCanadaBisonProject_15Jan2023_Genotypes_Updated,55GP3,,Fecal (Pre-Swabbed),161,161,181,181,241,241,232,238,85,89,180,180,205,207,129,129,152,152,//,//,175,179,102,104,125,129,103,103,,,167,167,227,227,190,190,187,187,113,115,156,158,91,93,90,90,135,145,150,150,87,89,189,191,101,103,147,160,142,168,140,140,166,176,85,89,92,92,177,177,140,146,172,172,112,112,108,108,81,81,260,262,103,103,141,143,124,124,228,228,154,160,//,//,246,252,138,138,155,159,134,136,151,151,X,X,,,,,,,,,,,,,,,,,,,,,,,,,,,,,,,,,,,,,,,,,,,,,,,,,,,,,,,
Etthithun,wood,,Trent,2023,ParksCanadaBisonProject_15Jan2023_Genotypes_Updated,56GP3,,Fecal (Pre-Swabbed),161,161,181,181,253,253,238,252,//,//,180,184,205,207,129,149,146,146,116,118,183,183,92,102,125,129,101,103,,,167,167,227,231,190,194,179,187,115,115,158,158,89,89,90,90,135,145,150,150,87,87,189,189,101,103,158,162,144,158,127,142,166,170,89,89,92,92,167,173,146,150,174,174,112,116,104,104,81,83,260,262,89,103,143,143,124,124,228,228,152,154,130,130,246,252,138,142,155,155,136,136,149,153,Y,X,,,,,,,,,,,,,,,,,,,,,,,,,,,,,,,,,,,,,,,,,,,,,,,,,,,,,,,
Etthithun,wood,,Trent,2023,ParksCanadaBisonProject_15Jan2023_Genotypes_Updated,58GP3,,Fecal (Pre-Swabbed),161,161,177,181,253,271,232,232,89,91,180,180,211,215,129,141,152,166,116,118,175,183,98,98,129,129,103,103,,,161,167,231,231,188,194,181,187,108,113,158,158,89,91,90,90,135,141,148,150,89,89,189,191,101,101,162,162,158,158,142,148,166,172,89,89,91,94,177,177,148,148,172,172,112,112,108,108,77,77,260,262,93,103,143,143,124,124,228,228,152,160,132,132,252,252,142,148,155,159,136,136,151,151,Y,X,,,,,,,,,,,,,,,,,,,,,,,,,,,,,,,,,,,,,,,,,,,,,,,,,,,,,,,
Etthithun,wood,,Trent,2023,ParksCanadaBisonProject_15Jan2023_Genotypes_Updated,5GP1,,Fecal (Pre-Swabbed),161,165,181,181,253,253,252,252,87,89,180,180,205,205,129,129,152,152,116,118,179,183,98,102,123,129,103,103,,,167,167,227,229,188,188,181,187,113,115,158,160,89,93,90,102,141,147,150,150,87,89,191,191,101,103,158,158,142,142,127,148,166,166,89,89,91,92,177,177,150,150,174,176,106,112,108,108,81,83,262,262,97,103,143,143,132,132,228,228,152,154,130,132,252,252,138,142,155,159,136,136,149,151,//,//,,,,,,,,,,,,,,,,,,,,,,,,,,,,,,,,,,,,,,,,,,,,,,,,,,,,,,,
Etthithun,wood,,Trent,2023,ParksCanadaBisonProject_15Jan2023_Genotypes_Updated,61GP3,,Fecal (Pre-Swabbed),161,161,181,181,253,253,238,252,85,87,180,184,205,207,129,149,146,146,116,116,183,183,92,102,125,129,103,103,,,167,167,227,231,190,194,179,187,108,115,158,158,89,89,90,90,135,145,150,150,87,87,189,189,101,103,162,162,144,158,127,142,166,170,89,89,92,92,167,173,146,150,174,174,112,112,104,104,81,81,260,262,89,103,143,143,124,124,228,228,154,154,130,132,246,246,138,142,155,155,136,136,149,153,Y,X,,,,,,,,,,,,,,,,,,,,,,,,,,,,,,,,,,,,,,,,,,,,,,,,,,,,,,,
Etthithun,wood,,Trent,2023,ParksCanadaBisonProject_15Jan2023_Genotypes_Updated,62GP3,,Fecal (Pre-Swabbed),161,161,177,181,253,253,232,238,85,89,180,184,205,207,129,129,152,152,116,118,175,183,92,102,123,125,103,103,,,167,167,225,227,186,194,187,187,113,115,158,160,91,91,90,90,135,141,150,150,87,91,191,191,101,101,160,162,144,158,127,127,174,176,89,89,92,92,175,175,146,150,172,174,110,112,104,104,83,83,260,262,93,97,143,143,124,126,228,238,154,154,130,130,252,252,142,142,155,155,136,136,151,153,Y,X,,,,,,,,,,,,,,,,,,,,,,,,,,,,,,,,,,,,,,,,,,,,,,,,,,,,,,,
Etthithun,wood,,Trent,2023,ParksCanadaBisonProject_15Jan2023_Genotypes_Updated,63GP3,,Fecal (Pre-Swabbed),161,161,181,181,253,253,238,238,89,89,180,180,205,205,129,149,146,152,116,118,183,183,92,98,123,129,101,103,,,167,167,229,233,190,194,187,187,113,113,158,158,91,91,90,90,141,141,150,150,87,87,191,191,101,101,158,162,144,166,127,140,166,176,89,89,91,92,167,167,148,148,172,174,106,110,104,104,81,83,262,262,97,97,143,143,124,126,228,228,144,158,130,132,252,252,142,142,155,155,136,138,151,151,X,X,,,,,,,,,,,,,,,,,,,,,,,,,,,,,,,,,,,,,,,,,,,,,,,,,,,,,,,
Etthithun,wood,,Trent,2023,ParksCanadaBisonProject_15Jan2023_Genotypes_Updated,64/84GP5,,Fecal (Pre-Swabbed),161,161,181,181,253,253,238,238,89,89,184,184,205,205,129,143,164,166,116,116,183,183,102,102,125,129,103,103,,,167,167,229,233,188,194,179,187,115,115,158,160,91,91,90,90,141,145,150,150,87,87,189,189,103,103,158,160,142,158,140,140,170,176,85,89,92,92,177,177,146,146,174,174,112,112,108,108,83,83,260,260,103,103,143,143,124,124,228,228,144,154,130,130,246,252,142,142,155,159,136,136,151,153,X,X,,,,,,,,,,,,,,,,,,,,,,,,,,,,,,,,,,,,,,,,,,,,,,,,,,,,,,,
Etthithun,wood,,Trent,2023,ParksCanadaBisonProject_15Jan2023_Genotypes_Updated,65GP5,,Fecal (Pre-Swabbed),159,173,181,181,253,253,238,238,83,89,180,180,211,215,143,149,152,152,116,116,175,183,92,102,123,129,103,103,,,167,167,227,231,194,194,179,187,113,115,158,158,89,93,90,90,141,147,150,150,87,87,189,195,101,103,147,158,142,166,140,140,170,176,89,89,91,95,167,177,146,146,172,174,112,112,104,108,81,81,260,262,89,89,143,143,124,124,228,228,144,154,132,132,252,252,138,148,155,155,134,134,147,153,X,X,,,,,,,,,,,,,,,,,,,,,,,,,,,,,,,,,,,,,,,,,,,,,,,,,,,,,,,
Etthithun,wood,,Trent,2023,ParksCanadaBisonProject_15Jan2023_Genotypes_Updated,66GP5,,Fecal (Pre-Swabbed),161,165,181,181,253,253,232,238,89,91,180,180,211,211,129,143,152,152,116,118,175,175,92,102,125,125,103,103,,,167,167,225,231,190,190,179,179,113,113,158,158,89,89,90,102,141,141,150,150,87,89,189,191,103,103,158,160,158,168,140,142,170,172,85,89,94,95,167,175,146,150,172,174,112,112,108,108,85,85,260,262,97,97,143,143,124,124,228,228,160,160,114,132,250,252,142,148,155,155,134,140,151,155,X,X,,,,,,,,,,,,,,,,,,,,,,,,,,,,,,,,,,,,,,,,,,,,,,,,,,,,,,,
Etthithun,wood,,Trent,2023,ParksCanadaBisonProject_15Jan2023_Genotypes_Updated,67GP5,,Fecal (Pre-Swabbed),161,173,181,181,253,271,238,252,85,89,180,198,211,215,129,143,146,152,116,116,165,175,102,102,125,125,103,103,,,167,167,229,229,194,194,179,181,113,115,156,158,91,93,90,90,141,147,150,150,87,89,191,191,99,101,147,158,142,168,140,140,166,172,85,89,91,91,167,177,146,150,180,180,112,112,104,108,81,83,260,262,97,103,143,143,124,132,228,238,152,154,130,130,252,252,142,148,155,159,134,136,145,151,X,X,,,,,,,,,,,,,,,,,,,,,,,,,,,,,,,,,,,,,,,,,,,,,,,,,,,,,,,
Etthithun,wood,,Trent,2023,ParksCanadaBisonProject_15Jan2023_Genotypes_Updated,68GP5,,Fecal (Pre-Swabbed),161,165,181,181,241,253,238,238,85,89,196,198,205,215,141,143,146,152,116,118,175,183,96,102,125,129,103,103,,,167,167,227,229,194,194,179,187,113,113,158,158,89,91,90,90,141,147,150,150,87,89,189,191,101,103,147,158,144,158,142,142,166,176,85,89,91,92,167,167,148,150,172,172,110,112,100,108,83,85,260,260,93,103,143,143,124,126,224,228,160,160,130,130,252,252,138,148,155,159,134,138,151,153,**,**,,,,,,,,,,,,,,,,,,,,,,,,,,,,,,,,,,,,,,,,,,,,,,,,,,,,,,,
Etthithun,wood,,Trent,2023,ParksCanadaBisonProject_15Jan2023_Genotypes_Updated,6GP1,,Fecal (Pre-Swabbed),161,165,181,181,253,253,238,238,89,91,180,184,205,205,129,129,152,166,114,118,175,175,102,102,125,129,103,103,,,161,167,227,229,188,194,179,187,115,115,156,158,89,89,90,90,141,141,150,150,87,89,191,191,101,101,158,158,//,//,127,142,166,172,89,89,91,92,173,177,148,150,174,174,112,112,104,108,81,81,260,262,97,97,143,143,126,132,228,238,154,160,130,130,246,252,142,142,155,159,134,136,//,//,X,X,,,,,,,,,,,,,,,,,,,,,,,,,,,,,,,,,,,,,,,,,,,,,,,,,,,,,,,
Etthithun,wood,,Trent,2023,ParksCanadaBisonProject_15Jan2023_Genotypes_Updated,70GP5,,Fecal (Pre-Swabbed),161,161,181,181,241,241,232,238,87,89,196,198,205,205,143,143,152,152,118,118,165,183,92,102,129,129,103,103,,,167,167,227,231,194,194,181,187,108,108,158,158,91,91,90,102,147,147,148,150,87,87,191,191,101,103,147,158,142,142,140,140,166,176,85,89,91,91,173,177,148,150,172,174,112,112,104,104,81,81,262,262,93,103,143,143,124,124,228,228,160,160,130,132,246,246,148,148,155,155,136,136,151,151,X,X,,,,,,,,,,,,,,,,,,,,,,,,,,,,,,,,,,,,,,,,,,,,,,,,,,,,,,,
Etthithun,wood,,Trent,2023,ParksCanadaBisonProject_15Jan2023_Genotypes_Updated,72GP5,,Fecal (Pre-Swabbed),161,173,177,181,241,253,232,252,89,89,180,184,205,211,129,143,164,166,116,118,165,165,92,92,125,129,103,103,,,167,167,229,229,190,194,179,187,113,113,158,160,91,91,90,102,147,147,150,150,87,87,189,191,99,101,147,162,158,166,140,142,176,176,85,89,91,91,167,177,150,150,174,174,112,112,104,108,81,83,260,260,95,103,143,143,124,124,224,238,160,160,130,130,252,252,142,148,155,155,136,138,147,151,X,X,,,,,,,,,,,,,,,,,,,,,,,,,,,,,,,,,,,,,,,,,,,,,,,,,,,,,,,
Etthithun,wood,,Trent,2023,ParksCanadaBisonProject_15Jan2023_Genotypes_Updated,73GP5,,Fecal (Pre-Swabbed),161,169,181,181,253,253,238,238,89,89,184,198,205,205,129,143,164,166,116,116,183,183,102,102,125,129,103,103,,,167,167,229,233,188,194,179,187,113,115,158,160,89,91,90,90,141,145,150,150,87,87,189,189,103,103,158,160,142,158,138,140,170,176,85,89,92,92,177,177,146,146,174,176,112,112,108,108,83,83,260,260,101,103,143,143,124,124,228,228,144,154,130,130,246,252,142,142,155,159,136,136,151,153,X,X,,,,,,,,,,,,,,,,,,,,,,,,,,,,,,,,,,,,,,,,,,,,,,,,,,,,,,,
Etthithun,wood,,Trent,2023,ParksCanadaBisonProject_15Jan2023_Genotypes_Updated,75GP5,,Fecal (Pre-Swabbed),161,165,181,181,241,253,232,238,89,89,180,184,205,211,129,143,152,152,116,116,175,183,92,102,125,129,103,103,,,161,167,225,229,190,190,179,179,113,115,158,158,89,91,90,102,135,141,150,150,87,89,189,191,99,103,147,158,142,158,140,140,166,172,89,89,91,94,177,177,150,150,174,174,110,112,104,104,81,83,260,262,93,97,143,143,124,124,228,238,144,156,130,132,252,252,138,142,155,157,134,138,151,153,Y,Y,,,,,,,,,,,,,,,,,,,,,,,,,,,,,,,,,,,,,,,,,,,,,,,,,,,,,,,
Etthithun,wood,,Trent,2023,ParksCanadaBisonProject_15Jan2023_Genotypes_Updated,77GP5,,Fecal (Pre-Swabbed),161,165,181,181,241,253,232,232,87,89,184,184,205,205,129,141,152,152,116,118,165,175,92,98,125,129,103,103,,,167,167,229,231,194,194,181,187,113,113,158,160,89,91,90,90,141,147,150,150,87,87,189,191,99,101,158,160,142,142,140,142,176,176,85,89,91,92,175,177,148,150,174,174,112,112,104,104,83,83,260,260,93,103,143,143,126,132,228,238,160,160,130,132,246,252,142,148,155,155,136,136,151,151,Y,X,,,,,,,,,,,,,,,,,,,,,,,,,,,,,,,,,,,,,,,,,,,,,,,,,,,,,,,
Etthithun,wood,,Trent,2023,ParksCanadaBisonProject_15Jan2023_Genotypes_Updated,78GP5,,Fecal (Pre-Swabbed),161,173,177,181,253,269,252,252,85,89,196,198,205,215,129,143,154,166,116,116,165,175,92,92,125,129,103,103,,,167,167,229,231,190,194,179,187,108,115,158,160,93,93,90,90,141,145,148,150,87,89,189,191,101,103,160,162,144,166,127,138,166,176,89,89,91,92,173,177,148,150,172,172,110,112,108,108,81,85,262,262,97,103,143,143,124,124,228,228,144,154,130,132,246,252,138,142,155,159,136,136,147,153,Y,X,,,,,,,,,,,,,,,,,,,,,,,,,,,,,,,,,,,,,,,,,,,,,,,,,,,,,,,
Etthithun,wood,,Trent,2023,ParksCanadaBisonProject_15Jan2023_Genotypes_Updated,79GP5,,Fecal (Pre-Swabbed),161,165,181,181,241,253,232,232,87,89,184,184,201,205,129,141,152,162,116,116,165,175,92,98,125,129,103,109,,,167,167,229,231,194,194,181,187,113,113,158,160,89,91,90,90,141,147,150,150,87,87,189,191,99,101,160,166,142,142,136,142,176,176,85,89,91,92,173,177,148,150,172,174,112,112,104,104,83,83,260,260,93,103,143,157,126,132,228,238,160,160,130,132,246,252,142,148,155,155,136,136,149,151,Y,X,,,,,,,,,,,,,,,,,,,,,,,,,,,,,,,,,,,,,,,,,,,,,,,,,,,,,,,
Etthithun,wood,,Trent,2023,ParksCanadaBisonProject_15Jan2023_Genotypes_Updated,80GP5,,Fecal (Pre-Swabbed),165,173,177,181,253,253,238,238,89,89,180,196,205,207,129,141,152,154,116,118,183,183,98,102,125,129,103,103,,,167,167,225,229,190,190,179,179,108,115,160,160,91,91,90,102,141,145,150,150,87,89,191,191,101,103,158,162,144,168,140,140,172,176,89,89,91,92,167,177,150,150,172,174,112,112,104,104,77,83,262,262,101,103,143,143,132,132,228,228,144,144,130,132,252,252,142,148,155,159,136,136,149,153,Y,X,,,,,,,,,,,,,,,,,,,,,,,,,,,,,,,,,,,,,,,,,,,,,,,,,,,,,,,
Etthithun,wood,,Trent,2023,ParksCanadaBisonProject_15Jan2023_Genotypes_Updated,81GP5,,Fecal (Pre-Swabbed),161,165,181,191,241,271,232,238,89,89,180,180,201,211,129,141,146,166,114,118,175,183,98,102,125,129,103,103,,,161,167,227,229,194,194,181,187,113,115,154,160,89,91,90,90,141,141,150,150,87,87,189,195,99,103,147,158,144,168,127,140,166,166,89,89,91,92,167,177,148,150,174,176,110,112,108,108,81,81,260,260,97,103,143,143,132,132,228,228,154,160,114,132,252,252,148,148,155,159,136,136,151,151,Y,Y,,,,,,,,,,,,,,,,,,,,,,,,,,,,,,,,,,,,,,,,,,,,,,,,,,,,,,,
Etthithun,wood,,Trent,2023,ParksCanadaBisonProject_15Jan2023_Genotypes_Updated,82GP5,,Fecal (Pre-Swabbed),161,165,181,181,253,279,232,238,89,89,198,198,205,207,129,129,152,154,116,116,165,183,92,102,125,129,103,103,,,167,167,227,233,188,190,179,187,108,115,156,158,89,93,90,102,135,141,150,150,87,87,189,189,95,103,158,158,144,168,146,148,166,170,89,89,91,92,167,177,140,150,172,172,106,106,104,104,81,83,262,262,93,93,143,143,132,132,228,228,152,154,130,132,252,252,138,142,153,157,134,138,149,149,X,X,,,,,,,,,,,,,,,,,,,,,,,,,,,,,,,,,,,,,,,,,,,,,,,,,,,,,,,
Etthithun,wood,,Trent,2023,ParksCanadaBisonProject_15Jan2023_Genotypes_Updated,85GP5,,Fecal (Pre-Swabbed),169,173,181,181,241,253,232,238,89,89,184,196,205,215,129,129,146,152,114,116,183,183,92,104,123,125,103,103,,,167,167,229,229,194,194,187,187,113,115,158,158,89,91,90,90,135,141,150,150,87,89,191,191,101,103,158,158,144,144,127,140,166,176,83,89,91,91,167,177,146,150,172,174,110,112,100,100,81,81,260,262,93,103,143,143,124,132,228,228,154,154,130,132,246,252,142,148,155,159,136,138,151,151,Y,X,,,,,,,,,,,,,,,,,,,,,,,,,,,,,,,,,,,,,,,,,,,,,,,,,,,,,,,
Etthithun,wood,,Trent,2023,ParksCanadaBisonProject_15Jan2023_Genotypes_Updated,8GP1,,Fecal (Pre-Swabbed),161,165,181,191,253,253,238,238,85,89,180,180,205,211,129,129,146,152,116,118,183,183,92,104,129,129,103,103,,,167,167,229,229,188,188,179,187,115,115,158,160,89,91,90,90,141,141,150,150,87,89,191,191,95,95,158,158,142,158,127,140,172,176,83,85,91,94,177,177,150,150,172,174,110,110,104,108,83,83,260,262,97,97,143,143,124,124,224,228,156,156,128,128,252,252,138,142,155,155,134,138,151,151,X,X,,,,,,,,,,,,,,,,,,,,,,,,,,,,,,,,,,,,,,,,,,,,,,,,,,,,,,,
Etthithun,wood,,Trent,2023,ParksCanadaBisonProject_15Jan2023_Genotypes_Updated,9GP1,,Fecal (Pre-Swabbed),161,161,177,181,253,253,232,238,83,89,184,198,207,211,129,129,146,152,116,116,165,183,92,98,125,125,103,103,,,167,167,227,229,186,194,179,187,113,115,158,158,89,91,90,102,135,141,150,150,87,91,189,191,103,103,147,158,144,158,142,146,166,170,89,89,92,92,177,177,140,150,172,174,110,112,104,104,81,83,260,262,97,103,143,143,124,132,224,238,144,160,130,132,246,252,142,142,155,155,136,136,151,151,Y,X,,,,,,,,,,,,,,,,,,,,,,,,,,,,,,,,,,,,,,,,,,,,,,,,,,,,,,,
Hay Zama,wood,,Trent,2023,ParksCanadaBisonProject_15Jan2023_Genotypes_Updated,4,,DNA,161,169,177,181,249,249,238,238,87,93,180,184,205,215,129,141,152,152,116,116,175,183,102,102,125,129,103,103,,,167,167,227,229,190,194,179,191,113,115,158,158,89,91,90,102,141,145,148,150,87,87,191,191,95,101,158,161,144,158,127,146,170,172,85,89,91,91,167,177,148,150,172,172,110,110,108,108,81,83,260,262,85,93,143,143,132,132,228,238,154,160,128,130,252,254,142,142,153,157,138,138,145,149,Y,X,,,,,,,,,,,,,,,,,,,,,,,,,,,,,,,,,,,,,,,,,,,,,,,,,,,,,,,
Hay Zama,wood,,Trent,2023,ParksCanadaBisonProject_15Jan2023_Genotypes_Updated,28,,DNA,161,169,181,181,253,253,232,238,87,89,180,180,205,205,129,129,146,152,116,118,165,183,104,104,129,129,103,103,,,161,161,227,231,190,194,181,191,108,113,158,160,89,93,90,90,141,141,150,150,87,89,191,195,101,103,158,162,144,168,142,146,166,172,89,89,91,95,173,173,148,150,172,172,112,112,108,108,81,83,260,262,85,103,143,143,132,132,228,236,144,160,130,130,250,254,138,142,153,153,136,138,153,153,X,X,,,,,,,,,,,,,,,,,,,,,,,,,,,,,,,,,,,,,,,,,,,,,,,,,,,,,,,
Hay Zama,wood,,Trent,2023,ParksCanadaBisonProject_15Jan2023_Genotypes_Updated,33,,DNA,161,169,181,181,235,253,232,232,87,87,184,196,205,211,129,149,146,152,116,116,165,179,96,104,129,129,103,103,,,167,167,227,229,190,194,179,191,113,113,156,156,89,93,90,102,135,135,150,150,87,87,191,191,95,95,158,160,166,168,142,146,172,172,89,89,91,94,173,175,150,150,172,174,110,110,108,108,81,81,262,262,85,85,143,143,124,132,228,238,144,154,130,130,250,252,142,142,153,155,138,140,153,153,Y,X,,,,,,,,,,,,,,,,,,,,,,,,,,,,,,,,,,,,,,,,,,,,,,,,,,,,,,,
Hay Zama,wood,,Trent,2023,ParksCanadaBisonProject_15Jan2023_Genotypes_Updated,36,,DNA,161,161,177,181,253,269,232,238,87,89,180,196,201,211,129,129,152,152,116,118,179,183,96,102,125,129,103,103,,,167,167,227,229,188,194,179,191,113,113,156,160,89,93,90,102,141,145,150,150,87,87,191,195,101,103,158,160,142,168,127,146,166,166,89,89,91,91,167,167,150,150,172,172,110,112,108,108,77,81,260,262,85,103,143,145,132,132,228,238,144,160,114,130,252,254,142,142,153,157,136,140,153,153,X,X,,,,,,,,,,,,,,,,,,,,,,,,,,,,,,,,,,,,,,,,,,,,,,,,,,,,,,,
Hay Zama,wood,,Trent,2023,ParksCanadaBisonProject_15Jan2023_Genotypes_Updated,38,,DNA,161,169,181,181,253,253,232,238,87,87,180,180,205,211,129,141,152,158,114,116,165,183,98,102,129,129,103,103,,,161,167,229,231,194,194,187,191,108,113,158,160,89,89,90,90,141,145,148,150,87,89,189,195,95,95,162,162,158,166,138,142,172,172,85,89,91,91,173,177,150,150,174,174,110,112,104,104,83,83,260,262,93,103,143,145,124,132,228,228,154,154,122,122,252,252,142,142,155,157,138,138,145,153,Y,X,,,,,,,,,,,,,,,,,,,,,,,,,,,,,,,,,,,,,,,,,,,,,,,,,,,,,,,
Hay Zama,wood,,Trent,2023,ParksCanadaBisonProject_15Jan2023_Genotypes_Updated,41,,DNA,165,169,181,181,249,253,232,238,89,91,180,180,205,215,141,141,152,158,114,116,165,175,102,102,129,129,103,104,,,161,167,225,233,194,194,179,187,113,113,158,158,89,89,90,102,135,141,148,150,87,89,189,191,95,95,162,162,158,158,142,146,172,172,85,89,91,91,167,175,148,150,172,172,110,110,104,104,83,83,260,262,93,97,143,143,124,132,228,228,154,154,114,128,246,252,138,142,155,159,138,138,149,153,Y,X,,,,,,,,,,,,,,,,,,,,,,,,,,,,,,,,,,,,,,,,,,,,,,,,,,,,,,,
Hay Zama,wood,,Trent,2023,ParksCanadaBisonProject_15Jan2023_Genotypes_Updated,45,,DNA,161,161,181,191,253,253,232,238,87,89,180,180,201,205,143,149,152,152,114,116,165,183,92,102,123,129,103,103,,,167,167,229,233,194,194,187,187,113,115,156,160,89,91,90,102,141,145,150,150,89,91,189,195,95,101,158,161,142,168,127,142,166,172,89,89,91,94,167,173,150,150,172,178,112,112,108,108,81,83,260,262,97,103,143,143,124,132,228,238,144,160,128,132,252,252,142,148,153,157,134,136,145,145,X,X,,,,,,,,,,,,,,,,,,,,,,,,,,,,,,,,,,,,,,,,,,,,,,,,,,,,,,,
Hay Zama,wood,,Trent,2023,ParksCanadaBisonProject_15Jan2023_Genotypes_Updated,48,,DNA,161,173,177,191,249,253,232,232,87,89,180,184,205,211,129,149,152,158,116,118,165,183,102,104,125,129,103,103,,,167,167,229,229,190,194,179,187,113,115,156,158,89,91,90,90,135,141,150,150,89,91,189,195,95,101,161,164,142,158,127,142,172,172,89,95,91,92,167,173,140,150,172,172,110,110,108,108,81,83,260,262,103,103,143,143,124,124,228,238,154,160,128,128,252,252,142,142,155,157,138,140,145,153,Y,X,,,,,,,,,,,,,,,,,,,,,,,,,,,,,,,,,,,,,,,,,,,,,,,,,,,,,,,
Hay Zama,wood,,Trent,2023,ParksCanadaBisonProject_15Jan2023_Genotypes_Updated,52,,DNA,161,169,181,181,249,253,232,238,91,95,180,180,211,215,129,141,152,152,116,116,183,183,102,104,125,129,103,103,,,167,167,229,233,190,194,187,187,113,115,156,158,89,89,90,102,135,141,150,150,87,87,189,191,95,101,158,162,142,144,142,142,172,172,89,89,91,91,173,177,150,150,172,172,112,112,108,108,77,83,260,262,93,103,143,143,122,124,238,238,154,154,130,130,250,252,142,142,155,157,138,138,149,153,Y,Y,,,,,,,,,,,,,,,,,,,,,,,,,,,,,,,,,,,,,,,,,,,,,,,,,,,,,,,
Hay Zama,wood,,Trent,2023,ParksCanadaBisonProject_15Jan2023_Genotypes_Updated,54,,DNA,161,165,181,181,249,253,232,238,87,89,180,180,201,215,129,129,146,152,116,116,179,183,102,102,125,125,103,103,,,167,167,225,229,194,194,179,179,115,115,158,160,89,89,90,102,141,141,146,150,87,87,191,195,101,101,158,158,168,168,138,142,166,166,89,89,91,92,167,167,146,150,174,176,112,112,108,108,81,83,260,262,97,103,143,143,122,132,228,228,154,160,128,128,250,250,142,148,155,157,136,140,151,153,Y,X,,,,,,,,,,,,,,,,,,,,,,,,,,,,,,,,,,,,,,,,,,,,,,,,,,,,,,,
Hay Zama,wood,,Trent,2023,ParksCanadaBisonProject_15Jan2023_Genotypes_Updated,55,,DNA,161,161,177,177,253,253,238,238,87,87,180,184,201,205,141,149,152,152,118,118,183,183,92,102,123,129,103,107,,,167,167,229,233,190,194,187,187,108,115,158,158,89,89,90,102,141,141,150,150,87,91,191,191,95,95,161,162,158,168,127,127,166,172,89,89,91,91,167,173,150,150,172,172,112,112,108,108,83,83,262,262,93,97,143,143,124,124,228,238,154,160,128,130,252,254,138,148,155,155,134,136,145,145,Y,Y,,,,,,,,,,,,,,,,,,,,,,,,,,,,,,,,,,,,,,,,,,,,,,,,,,,,,,,
Hay Zama,wood,,Trent,2023,ParksCanadaBisonProject_15Jan2023_Genotypes_Updated,57,,DNA,165,165,191,191,249,253,232,238,91,91,180,184,211,215,129,141,152,152,114,118,183,183,102,102,125,125,103,103,,,167,167,229,233,194,194,179,187,113,115,156,158,89,89,90,90,141,145,150,150,87,87,191,191,95,101,158,158,142,158,142,146,166,166,89,89,91,91,173,175,150,150,172,174,106,110,108,108,81,81,260,262,97,103,143,143,124,124,228,238,144,160,128,130,252,252,142,142,157,157,136,136,145,153,Y,X,,,,,,,,,,,,,,,,,,,,,,,,,,,,,,,,,,,,,,,,,,,,,,,,,,,,,,,
Hay Zama,wood,,Trent,2023,ParksCanadaBisonProject_15Jan2023_Genotypes_Updated,68,,DNA,161,165,181,181,253,269,232,238,89,93,180,180,211,211,129,143,146,152,116,116,183,183,98,104,125,125,103,103,,,161,167,227,229,190,194,179,187,108,113,156,158,89,93,90,90,141,141,150,150,87,87,191,191,95,105,158,158,144,166,138,146,172,172,89,89,91,94,167,173,150,150,172,176,110,112,108,108,83,83,262,262,93,103,143,143,124,124,228,236,152,154,130,132,252,252,138,142,155,155,136,138,145,153,X,X,,,,,,,,,,,,,,,,,,,,,,,,,,,,,,,,,,,,,,,,,,,,,,,,,,,,,,,
Hay Zama,wood,,Trent,2023,ParksCanadaBisonProject_15Jan2023_Genotypes_Updated,71,,DNA,165,167,181,181,253,253,232,232,89,91,180,180,205,211,129,141,152,152,114,118,183,183,92,102,125,129,103,103,,,167,167,227,229,190,194,179,187,108,113,156,158,89,93,90,90,141,145,150,150,87,89,191,191,95,103,158,162,158,168,127,146,170,172,89,89,91,94,167,173,146,146,172,172,110,112,108,108,81,81,262,262,85,93,143,143,126,132,228,228,154,154,130,130,252,254,142,142,155,155,138,140,153,153,Y,X,,,,,,,,,,,,,,,,,,,,,,,,,,,,,,,,,,,,,,,,,,,,,,,,,,,,,,,
Hay Zama,wood,,Trent,2023,ParksCanadaBisonProject_15Jan2023_Genotypes_Updated,79,,DNA,161,173,//,//,//,//,238,238,89,89,180,180,205,207,129,149,146,146,114,116,181,183,102,102,125,129,//,//,,,161,167,231,231,194,194,187,187,108,115,156,156,89,91,90,90,135,141,150,150,87,89,191,195,95,101,158,160,144,144,//,//,172,172,89,89,94,94,173,177,150,150,172,172,106,110,108,108,83,83,//,//,103,103,143,143,124,132,//,//,154,154,128,132,252,252,142,142,//,//,//,//,145,153,Y,Y,,,,,,,,,,,,,,,,,,,,,,,,,,,,,,,,,,,,,,,,,,,,,,,,,,,,,,,
Hay Zama,wood,,Trent,2023,ParksCanadaBisonProject_15Jan2023_Genotypes_Updated,88,,DNA,165,165,183,183,253,269,//,//,89,93,180,180,205,207,129,129,146,152,116,120,165,183,102,102,123,129,103,104,,,//,//,//,//,//,//,185,187,115,115,154,154,89,89,90,102,143,145,150,150,87,89,191,195,95,95,158,158,142,142,127,142,166,172,85,89,91,92,167,173,150,150,174,176,106,112,108,108,81,81,262,262,93,103,143,143,124,132,238,238,160,160,114,132,//,//,142,142,155,155,136,140,145,145,Y?,X,,,,,,,,,,,,,,,,,,,,,,,,,,,,,,,,,,,,,,,,,,,,,,,,,,,,,,,
Hay Zama,wood,,Trent,2023,ParksCanadaBisonProject_15Jan2023_Genotypes_Updated,89,,DNA,161,165,//,//,251,251,232,232,87,91,196,196,211,215,129,141,152,164,116,116,165,165,102,102,125,125,103,104,,,167,167,229,229,//,//,179,187,113,115,156,156,89,93,90,90,141,145,150,150,89,89,191,191,95,103,158,158,142,158,127,146,166,172,95,95,92,94,167,167,150,150,172,172,110,112,108,108,81,83,260,262,97,97,141,143,124,124,//,//,144,160,128,130,252,252,142,144,153,153,138,140,//,//,//,//,,,,,,,,,,,,,,,,,,,,,,,,,,,,,,,,,,,,,,,,,,,,,,,,,,,,,,,
Hay Zama,wood,,Trent,2023,ParksCanadaBisonProject_15Jan2023_Genotypes_Updated,90,,DNA,161,165,177,181,253,253,232,238,89,93,180,196,207,207,129,149,152,158,116,118,165,183,98,102,129,129,103,103,,,167,167,229,233,188,190,179,187,115,115,158,158,89,93,90,90,143,145,148,150,89,91,189,191,95,101,158,164,158,166,127,142,172,172,89,89,92,94,173,177,150,150,172,172,110,110,108,108,81,83,260,262,93,93,143,143,124,132,228,238,154,160,130,132,252,254,142,142,155,157,138,140,145,145,Y,Y,,,,,,,,,,,,,,,,,,,,,,,,,,,,,,,,,,,,,,,,,,,,,,,,,,,,,,,
Hay Zama,wood,,Trent,2023,ParksCanadaBisonProject_15Jan2023_Genotypes_Updated,92,,DNA,161,173,181,191,249,253,232,232,81,87,180,180,201,211,149,149,146,152,114,116,165,179,102,102,125,125,103,103,,,167,167,227,233,194,194,179,179,115,115,156,158,89,89,90,102,145,145,150,150,87,91,189,191,95,101,147,158,142,166,127,142,166,166,89,89,91,91,167,167,150,150,174,180,112,112,104,108,81,83,262,262,89,97,143,143,124,132,228,238,154,160,128,130,252,254,142,142,155,155,136,138,145,151,X,X,,,,,,,,,,,,,,,,,,,,,,,,,,,,,,,,,,,,,,,,,,,,,,,,,,,,,,,
Hay Zama,wood,,Trent,2023,ParksCanadaBisonProject_15Jan2023_Genotypes_Updated,95,,DNA,165,165,177,181,253,269,232,238,81,89,180,184,205,211,129,129,152,152,116,116,183,183,98,104,125,129,103,103,,,167,167,227,229,190,194,191,191,115,115,156,160,89,89,90,90,141,145,150,150,87,87,189,191,95,101,158,160,158,166,142,142,172,172,85,89,91,95,167,173,150,150,172,172,110,110,108,108,83,83,262,262,85,103,143,143,124,124,228,246,154,160,130,130,252,252,142,142,153,155,136,136,153,153,Y,X,,,,,,,,,,,,,,,,,,,,,,,,,,,,,,,,,,,,,,,,,,,,,,,,,,,,,,,
Hay Zama,wood,,Trent,2023,ParksCanadaBisonProject_15Jan2023_Genotypes_Updated,96,,DNA,161,161,181,181,267,269,238,240,81,89,180,180,211,211,129,141,146,152,114,116,183,183,96,104,125,129,104,104,,,161,167,227,229,190,194,179,187,108,113,156,158,89,89,90,102,141,145,150,150,87,87,191,191,95,101,158,160,144,166,138,142,172,172,89,89,91,94,167,173,150,150,176,176,110,112,108,108,81,83,262,262,93,103,143,143,124,124,236,236,152,154,130,132,252,252,138,142,155,155,136,138,145,153,Y,X,,,,,,,,,,,,,,,,,,,,,,,,,,,,,,,,,,,,,,,,,,,,,,,,,,,,,,,
Hay Zama,wood,,Trent,2023,ParksCanadaBisonProject_15Jan2023_Genotypes_Updated,98,,DNA,161,167,181,181,241,253,232,238,87,89,180,180,205,211,129,129,146,152,114,118,183,183,92,98,129,129,103,103,,,167,167,227,231,194,194,187,191,113,115,156,156,89,89,90,90,135,147,150,150,87,89,189,191,95,95,158,158,144,166,142,146,170,172,85,89,91,94,173,177,150,150,172,172,106,112,108,108,81,83,262,262,85,93,143,143,124,124,228,228,144,154,130,130,252,252,142,142,155,155,136,138,153,153,Y,X,,,,,,,,,,,,,,,,,,,,,,,,,,,,,,,,,,,,,,,,,,,,,,,,,,,,,,,
Hay Zama,wood,,Trent,2023,ParksCanadaBisonProject_15Jan2023_Genotypes_Updated,100,,DNA,161,169,181,181,249,253,232,238,87,89,180,180,207,211,129,141,154,158,116,116,165,183,96,104,125,125,103,103,,,167,167,227,233,190,194,187,187,108,113,158,158,89,93,90,90,141,141,150,150,87,91,191,195,95,103,162,162,144,166,127,127,172,176,89,89,91,91,167,177,140,150,172,176,110,112,104,104,81,81,260,262,93,97,143,143,124,132,224,228,154,160,122,130,250,252,142,142,157,157,136,140,145,153,Y,X,,,,,,,,,,,,,,,,,,,,,,,,,,,,,,,,,,,,,,,,,,,,,,,,,,,,,,,
Hay Zama,wood,,Trent,2023,ParksCanadaBisonProject_15Jan2023_Genotypes_Updated,135,,DNA,161,161,191,191,249,249,232,238,87,91,180,184,201,211,141,141,152,152,116,116,179,183,102,104,123,123,103,103,,,155,167,229,229,194,194,187,187,115,115,154,160,89,89,90,102,141,145,146,150,87,91,189,191,101,103,158,162,142,158,142,142,166,166,89,89,91,91,167,167,146,146,172,174,112,112,108,108,83,83,260,262,103,103,143,143,124,124,228,228,160,160,128,128,252,254,142,142,157,157,134,136,145,151,//,//,,,,,,,,,,,,,,,,,,,,,,,,,,,,,,,,,,,,,,,,,,,,,,,,,,,,,,,
Hay Zama,wood,,Trent,2023,ParksCanadaBisonProject_15Jan2023_Genotypes_Updated,136,,DNA,161,165,181,191,249,253,232,238,89,93,180,180,207,211,129,149,146,152,116,116,175,183,102,104,125,129,103,103,,,161,167,229,231,194,194,179,187,115,115,154,156,89,89,90,102,141,145,150,154,87,87,191,195,95,103,147,160,158,166,127,127,166,172,89,89,91,91,173,173,150,150,172,172,112,112,108,108,83,83,260,262,85,93,143,143,124,132,228,228,144,156,114,130,252,252,138,142,155,159,138,140,153,153,Y,Y,,,,,,,,,,,,,,,,,,,,,,,,,,,,,,,,,,,,,,,,,,,,,,,,,,,,,,,
Hay Zama,wood,,Trent,2023,ParksCanadaBisonProject_15Jan2023_Genotypes_Updated,154,,DNA,165,165,191,191,253,253,232,252,87,87,180,180,201,211,129,149,146,152,116,116,165,183,102,102,125,125,103,103,,,167,167,227,227,194,194,179,181,115,115,156,158,89,91,90,102,141,145,150,150,87,91,189,191,95,95,147,158,142,144,127,127,166,172,89,95,91,92,167,167,150,150,174,174,112,112,104,104,81,83,262,262,97,103,143,143,132,132,228,228,144,154,128,130,252,252,142,142,155,159,134,136,145,153,X,Y,,,,,,,,,,,,,,,,,,,,,,,,,,,,,,,,,,,,,,,,,,,,,,,,,,,,,,,
Hay Zama,wood,,Trent,2023,ParksCanadaBisonProject_15Jan2023_Genotypes_Updated,155,,DNA,161,161,181,181,249,253,238,238,89,89,180,184,205,211,129,129,146,152,116,116,165,183,104,104,129,129,103,103,,,167,167,227,229,190,194,187,191,108,113,154,160,89,91,90,102,141,145,150,150,87,87,191,195,95,103,158,158,144,168,142,146,172,172,89,89,91,92,169,173,146,150,172,176,110,112,104,104,81,83,262,262,93,103,143,145,126,132,228,228,144,154,130,130,252,254,142,142,155,157,136,138,153,153,Y,X,,,,,,,,,,,,,,,,,,,,,,,,,,,,,,,,,,,,,,,,,,,,,,,,,,,,,,,
Hay Zama,wood,,Trent,2023,ParksCanadaBisonProject_15Jan2023_Genotypes_Updated,170,,DNA,161,169,181,181,253,253,232,238,87,89,180,196,205,207,129,129,146,154,118,118,183,183,98,104,125,129,103,103,,,161,167,227,229,190,194,187,187,113,113,156,158,93,93,90,90,135,145,148,150,87,91,189,191,95,95,158,158,144,168,127,146,172,176,89,89,91,92,167,167,140,150,176,176,110,112,108,108,81,83,262,262,97,103,143,143,124,132,228,238,152,154,130,130,250,252,142,142,155,155,136,136,153,153,Y,X,,,,,,,,,,,,,,,,,,,,,,,,,,,,,,,,,,,,,,,,,,,,,,,,,,,,,,,
Hay Zama,wood,,Trent,2023,ParksCanadaBisonProject_15Jan2023_Genotypes_Updated,174,,DNA,165,165,177,191,249,253,238,254,91,95,180,184,205,211,129,149,146,166,114,114,183,183,102,104,125,129,103,103,,,167,167,227,229,194,194,187,187,115,115,156,156,89,91,90,90,135,145,150,150,87,87,191,191,101,103,147,158,158,166,127,142,170,176,89,89,92,95,167,173,150,150,174,176,110,112,108,108,77,83,260,262,93,103,143,143,124,126,228,228,144,154,114,130,252,252,142,150,153,155,136,136,145,151,X,X,,,,,,,,,,,,,,,,,,,,,,,,,,,,,,,,,,,,,,,,,,,,,,,,,,,,,,,
Hay Zama,wood,,Trent,2023,ParksCanadaBisonProject_15Jan2023_Genotypes_Updated,177,,DNA,165,169,181,181,249,249,232,254,85,91,180,180,205,215,129,141,158,158,114,116,175,183,102,104,125,129,103,103,,,167,167,225,227,194,194,187,191,113,115,158,158,89,91,90,102,135,141,148,150,87,87,189,191,95,95,158,162,166,168,142,146,170,172,89,89,91,91,167,177,148,150,172,172,110,110,104,104,77,83,262,262,93,103,143,143,132,132,224,238,154,154,114,130,252,252,138,142,155,155,138,138,149,153,X,X,,,,,,,,,,,,,,,,,,,,,,,,,,,,,,,,,,,,,,,,,,,,,,,,,,,,,,,
Hay Zama,wood,,Trent,2023,ParksCanadaBisonProject_15Jan2023_Genotypes_Updated,178,,DNA,161,173,181,181,249,253,232,238,87,87,184,196,205,211,129,129,146,166,116,118,183,183,98,104,129,129,103,103,,,167,167,227,229,190,194,179,191,115,115,156,158,89,89,90,102,141,141,148,150,87,87,189,195,95,103,158,158,158,168,127,142,166,170,89,95,92,95,167,173,150,150,172,176,110,110,104,104,77,83,260,260,93,103,143,143,124,126,228,228,144,160,114,130,252,252,142,142,155,159,136,136,153,153,Y,Y,,,,,,,,,,,,,,,,,,,,,,,,,,,,,,,,,,,,,,,,,,,,,,,,,,,,,,,
Hay Zama,wood,,Trent,2023,ParksCanadaBisonProject_15Jan2023_Genotypes_Updated,180,,DNA,161,165,181,181,249,269,232,232,89,93,180,184,201,207,129,141,146,152,114,116,165,183,92,102,125,129,103,104,,,167,167,225,231,190,190,179,187,108,115,156,156,89,89,90,90,141,145,150,150,87,91,189,191,95,103,162,162,144,168,127,142,166,172,89,89,91,91,167,173,150,150,172,174,110,110,104,104,81,83,260,262,85,93,143,143,124,132,238,238,154,154,114,132,252,254,142,142,155,155,136,138,151,153,Y,Y,,,,,,,,,,,,,,,,,,,,,,,,,,,,,,,,,,,,,,,,,,,,,,,,,,,,,,,
Hay Zama,wood,,Trent,2023,Bison_Genotypes_2023_230319,150_000,,Hair,161,165,181,181,249,253,238,238,89,89,180,180,211,211,129,149,152,152,116,116,183,183,96,102,125,129,103,103,,,167,167,227,227,188,194,187,187,113,115,156,158,89,93,90,90,145,145,150,150,87,89,189,189,95,95,158,158,144,166,127,146,166,172,85,89,91,92,167,173,146,150,172,172,110,112,104,108,81,83,260,262,93,93,143,143,124,124,228,238,160,160,130,132,248,252,138,142,155,155,136,138,149,151,X,X,,,,,,,,,,,,,,,,,,,,,,,,,,,,,,,,,,,,,,,,,,,,,,,,,,,,,,,
Hay Zama,wood,,Trent,2023,Bison_Genotypes_2023_230319,150_320,,Hair,161,161,181,191,253,253,238,238,81,91,180,184,207,215,129,129,146,146,116,116,175,183,102,104,125,129,103,103,,,167,167,227,233,190,194,187,187,115,115,156,158,89,91,90,102,145,145,150,150,87,87,191,195,95,95,158,158,158,158,127,127,166,176,89,95,91,92,167,173,146,150,172,172,110,112,108,108,81,83,262,262,85,97,143,143,124,126,228,228,144,160,128,130,250,252,142,142,153,155,136,136,153,153,X,X,,,,,,,,,,,,,,,,,,,,,,,,,,,,,,,,,,,,,,,,,,,,,,,,,,,,,,,
Hay Zama,wood,,Trent,2023,Bison_Genotypes_2023_230319,150_400,,Hair,161,165,181,181,249,249,232,232,89,91,180,184,207,207,129,129,146,158,114,118,165,183,102,102,125,129,103,103,,,161,167,227,229,188,190,187,191,115,115,158,160,89,89,90,102,135,141,150,150,87,91,191,195,95,101,158,158,166,168,142,146,166,172,89,89,91,91,173,177,150,150,172,176,110,110,104,108,81,81,260,260,93,97,143,143,124,124,238,238,154,154,114,130,250,254,142,142,153,155,136,140,145,149,X,X,,,,,,,,,,,,,,,,,,,,,,,,,,,,,,,,,,,,,,,,,,,,,,,,,,,,,,,
Hay Zama,wood,,Trent,2023,Bison_Genotypes_2023_230319,150_490,,Hair,161,169,181,191,249,253,238,238,87,89,180,196,205,211,129,129,152,152,116,116,175,183,92,96,125,129,103,103,,,167,167,229,231,190,194,187,187,113,115,156,158,89,89,90,90,135,145,148,150,87,87,189,191,95,103,158,158,158,168,127,146,172,172,89,89,91,94,173,177,150,150,172,174,106,112,108,108,81,83,262,262,93,103,143,143,124,124,228,228,144,154,130,130,252,252,142,142,155,159,136,138,145,153,X,X,,,,,,,,,,,,,,,,,,,,,,,,,,,,,,,,,,,,,,,,,,,,,,,,,,,,,,,
Hay Zama,wood,,Trent,2023,Bison_Genotypes_2023_230319,150_510,,Hair,161,173,191,191,253,269,232,238,89,89,180,196,205,211,129,141,152,152,116,118,183,183,102,102,125,129,103,103,,,161,167,231,233,190,194,187,187,113,115,158,158,89,91,90,90,135,141,150,150,87,91,189,191,95,101,158,161,144,166,140,146,166,172,89,89,91,91,173,177,150,150,172,174,106,112,108,108,81,83,262,262,93,97,143,143,132,132,228,236,144,160,130,130,252,252,138,138,157,159,138,140,145,151,X,X,,,,,,,,,,,,,,,,,,,,,,,,,,,,,,,,,,,,,,,,,,,,,,,,,,,,,,,
Hay Zama,wood,,Trent,2023,Bison_Genotypes_2023_230319,150_610,,Hair,161,165,181,181,253,253,232,238,87,91,180,180,211,215,129,141,152,152,116,116,183,183,102,102,129,129,103,103,,,167,167,229,233,188,190,179,187,108,113,160,160,89,89,90,90,145,145,148,150,87,87,189,195,95,103,158,160,158,166,127,142,172,172,89,89,91,92,167,177,150,150,172,174,112,112,108,108,81,83,260,260,85,97,143,143,124,132,228,228,152,160,128,128,252,254,142,142,155,157,136,138,145,145,X,X,,,,,,,,,,,,,,,,,,,,,,,,,,,,,,,,,,,,,,,,,,,,,,,,,,,,,,,
Hay Zama,wood,,Trent,2023,Bison_Genotypes_2023_230319,150_620,,Fecal swab,161,161,181,181,253,253,232,238,81,89,180,180,201,205,129,149,152,152,116,118,165,183,92,98,129,129,103,104,,,167,167,227,229,194,194,187,191,113,115,156,158,89,91,90,90,145,145,148,150,87,91,189,195,101,103,158,158,144,168,142,142,172,172,85,89,91,94,173,173,146,150,172,172,110,110,104,108,81,83,262,262,89,97,143,143,124,132,228,238,144,154,130,130,248,252,138,148,155,155,138,138,145,145,X,X,,,,,,,,,,,,,,,,,,,,,,,,,,,,,,,,,,,,,,,,,,,,,,,,,,,,,,,
Hay Zama,wood,,Trent,2023,Bison_Genotypes_2023_230319,150_680,,Hair,161,161,181,181,249,253,238,238,81,81,180,184,211,211,129,129,152,158,116,118,175,183,92,104,129,129,103,103,,,167,167,227,229,190,194,179,179,113,113,158,158,89,89,102,102,141,145,150,150,87,89,193,195,95,103,158,158,142,144,142,142,166,172,89,89,91,91,167,173,150,150,172,174,110,110,108,108,81,81,260,260,97,103,143,143,124,124,224,238,152,160,114,128,252,252,138,138,153,155,136,136,145,153,X,X,,,,,,,,,,,,,,,,,,,,,,,,,,,,,,,,,,,,,,,,,,,,,,,,,,,,,,,
Hay Zama,wood,,Trent,2023,Bison_Genotypes_2023_230319,150_790,,Fecal swab,161,173,181,191,253,269,232,238,85,89,180,196,205,211,129,141,152,158,116,116,165,183,98,102,125,129,103,103,,,167,167,227,233,190,194,187,191,113,113,156,160,89,91,90,90,141,141,148,150,87,87,191,191,101,101,158,162,144,166,140,142,172,172,89,89,91,91,167,177,150,150,172,176,110,110,104,108,81,83,262,262,97,97,143,143,126,132,224,236,154,160,130,132,252,252,138,142,155,159,136,138,145,153,X,X,,,,,,,,,,,,,,,,,,,,,,,,,,,,,,,,,,,,,,,,,,,,,,,,,,,,,,,
Hay Zama,wood,,Trent,2023,Bison_Genotypes_2023_230319,150_820,,Hair,161,169,177,181,253,269,238,238,89,89,180,180,207,207,129,143,146,152,116,116,165,179,102,102,129,129,103,103,,,167,167,229,233,190,190,179,187,113,115,158,158,89,91,90,102,141,147,150,150,87,91,191,195,95,103,158,158,144,166,127,127,170,172,85,85,91,91,167,177,146,150,176,178,110,112,108,108,81,83,262,262,93,103,143,145,124,132,224,228,144,154,130,130,252,254,142,142,155,155,138,140,149,153,X,X,,,,,,,,,,,,,,,,,,,,,,,,,,,,,,,,,,,,,,,,,,,,,,,,,,,,,,,
Hay Zama,wood,,Trent,2023,Bison_Genotypes_2023_230319,151_060,,Hair,161,161,181,181,253,253,232,232,87,89,180,180,205,211,129,143,146,154,116,118,183,183,98,104,125,129,103,103,,,161,161,229,231,190,194,181,187,113,113,156,158,89,89,90,90,141,141,148,150,87,87,189,195,101,101,158,162,144,144,142,142,172,176,89,89,95,95,167,177,148,150,172,178,112,112,108,108,83,83,262,262,93,103,143,143,124,132,228,228,154,154,130,132,252,252,142,142,155,159,136,136,151,153,X,X,,,,,,,,,,,,,,,,,,,,,,,,,,,,,,,,,,,,,,,,,,,,,,,,,,,,,,,
Hay Zama,wood,,Trent,2023,Bison_Genotypes_2023_230319,151_220,,Hair,161,161,177,181,249,249,232,238,87,89,180,180,211,215,141,149,152,166,116,116,165,183,104,104,125,125,103,103,,,161,167,227,229,190,190,179,187,108,115,158,160,93,93,90,102,141,145,148,150,87,87,189,191,101,101,158,162,158,166,138,142,166,172,85,89,91,94,167,173,146,150,172,180,112,112,108,108,81,83,260,260,93,103,143,143,124,132,228,228,154,154,114,130,250,252,142,142,157,159,136,140,145,153,X,X,,,,,,,,,,,,,,,,,,,,,,,,,,,,,,,,,,,,,,,,,,,,,,,,,,,,,,,
Hay Zama,wood,,Trent,2023,Bison_Genotypes_2023_230319,151_310,,Hair,165,169,181,181,249,249,232,238,87,89,196,196,205,211,129,129,152,152,116,118,165,183,96,96,129,129,103,103,,,167,167,227,227,190,194,179,187,113,115,158,160,89,89,90,90,135,141,150,150,87,89,189,195,103,103,158,160,144,144,138,142,170,172,89,89,91,91,167,173,150,150,172,172,112,112,108,108,77,83,262,262,93,93,143,143,122,132,228,238,154,154,130,130,250,252,142,142,155,155,136,136,149,149,X,X,,,,,,,,,,,,,,,,,,,,,,,,,,,,,,,,,,,,,,,,,,,,,,,,,,,,,,,
Hay Zama,wood,,Trent,2023,Bison_Genotypes_2023_230319,151_390,,Hair,165,169,177,181,253,269,232,232,81,87,180,180,211,211,129,143,152,152,116,118,165,165,102,104,125,129,103,103,,,167,167,229,233,194,194,187,187,108,115,156,158,89,91,90,90,141,145,150,150,87,87,195,195,95,95,158,158,168,168,142,146,166,172,89,89,91,92,167,177,150,150,172,172,112,112,108,108,81,83,262,262,93,93,143,143,124,132,238,238,152,160,130,130,252,254,142,142,153,155,138,138,153,153,X,X,,,,,,,,,,,,,,,,,,,,,,,,,,,,,,,,,,,,,,,,,,,,,,,,,,,,,,,
Hay Zama,wood,,Trent,2023,Bison_Genotypes_2023_230319,151_410,,Hair,161,169,181,181,253,253,238,238,89,89,180,180,207,211,129,149,152,152,116,116,165,183,102,102,129,129,103,103,,,167,167,227,233,194,194,187,187,113,115,158,158,89,89,90,102,141,145,150,150,87,89,189,189,95,95,161,162,158,166,127,127,172,172,89,89,91,91,173,177,146,150,172,172,90,112,108,108,81,83,260,260,93,93,143,143,124,124,228,228,154,160,130,130,252,254,142,148,155,157,136,138,145,151,X,X,,,,,,,,,,,,,,,,,,,,,,,,,,,,,,,,,,,,,,,,,,,,,,,,,,,,,,,
Mackenzie,wood,,Trent,2023,ParksCanadaBisonProject_15Jan2023_Genotypes_Updated,2161,,DNA,161,165,191,191,253,269,238,252,85,89,192,196,205,211,141,143,146,152,108,114,165,175,104,104,129,129,103,103,,,167,167,229,231,190,194,179,179,113,113,156,158,89,93,90,102,135,145,146,146,87,87,191,195,95,95,158,161,142,166,140,150,172,176,85,89,91,91,167,177,150,150,172,174,106,110,108,108,81,81,260,262,97,103,143,143,124,132,228,240,154,156,130,130,246,246,138,142,157,157,134,136,145,153,Y,Y,,,,,,,,,,,,,,,,,,,,,,,,,,,,,,,,,,,,,,,,,,,,,,,,,,,,,,,
Mackenzie,wood,,Trent,2023,ParksCanadaBisonProject_15Jan2023_Genotypes_Updated,2162,,DNA,161,173,181,191,253,253,232,238,91,93,192,196,205,205,129,143,158,166,114,118,165,175,94,104,127,129,103,103,,,167,167,229,231,194,194,179,181,113,115,158,158,91,91,90,102,141,147,150,154,87,89,195,195,95,101,158,160,162,164,127,140,170,170,81,81,91,92,171,175,146,150,172,182,106,110,100,100,81,83,262,262,89,103,143,145,124,124,228,228,154,154,130,130,246,250,142,150,155,155,136,142,149,149,Y,Y,,,,,,,,,,,,,,,,,,,,,,,,,,,,,,,,,,,,,,,,,,,,,,,,,,,,,,,
Mackenzie,wood,,Trent,2023,ParksCanadaBisonProject_15Jan2023_Genotypes_Updated,2163,,DNA,173,173,181,191,253,253,238,238,89,91,180,180,201,207,129,143,152,152,114,116,183,183,102,104,129,129,103,103,,,167,167,229,231,190,194,179,187,108,113,156,156,89,91,90,90,141,141,146,150,87,89,191,191,101,103,162,162,142,158,140,140,170,176,89,95,91,91,167,175,140,146,172,172,106,112,108,108,83,83,256,260,93,103,145,145,124,132,228,236,154,154,114,132,252,252,142,148,155,157,136,138,149,153,Y,X,,,,,,,,,,,,,,,,,,,,,,,,,,,,,,,,,,,,,,,,,,,,,,,,,,,,,,,
Mackenzie,wood,,Trent,2023,ParksCanadaBisonProject_15Jan2023_Genotypes_Updated,2165,,DNA,161,165,181,191,253,253,232,238,85,91,184,184,205,207,129,129,152,152,114,116,165,175,102,104,125,127,103,103,,,167,167,231,231,194,194,179,181,108,113,158,158,89,91,90,90,141,145,150,154,87,89,189,195,101,103,147,162,158,158,127,140,170,176,89,89,92,92,173,175,140,140,182,182,112,112,106,108,81,83,262,262,85,85,143,143,124,132,228,238,154,154,120,130,252,252,148,150,157,159,136,142,151,151,Y,X,,,,,,,,,,,,,,,,,,,,,,,,,,,,,,,,,,,,,,,,,,,,,,,,,,,,,,,
Mackenzie,wood,,Trent,2023,ParksCanadaBisonProject_15Jan2023_Genotypes_Updated,2166,,DNA,161,165,181,191,253,253,232,238,85,93,192,192,205,205,129,129,152,164,114,116,165,175,100,104,129,129,103,103,,,167,167,227,229,194,200,179,179,113,115,156,156,91,91,90,90,145,145,150,150,87,89,191,191,101,101,161,161,164,166,127,138,170,172,83,89,91,94,165,165,150,150,172,182,110,112,104,108,81,83,260,260,97,103,143,143,124,132,228,238,154,154,128,128,246,252,148,148,155,159,136,138,151,153,X,X,,,,,,,,,,,,,,,,,,,,,,,,,,,,,,,,,,,,,,,,,,,,,,,,,,,,,,,
Mackenzie,wood,,Trent,2023,ParksCanadaBisonProject_15Jan2023_Genotypes_Updated,2171,,DNA,173,173,191,191,241,253,238,254,85,87,180,192,211,211,129,129,146,152,114,116,175,183,96,102,129,129,103,104,,,167,167,225,231,190,194,179,179,113,115,156,158,89,91,90,102,145,145,146,148,87,89,189,191,103,103,158,162,142,142,127,140,170,176,85,89,91,92,165,175,148,150,172,182,106,108,106,108,77,81,262,262,83,103,143,143,124,132,238,238,154,154,130,132,246,254,142,148,155,155,134,134,145,149,Y,X,,,,,,,,,,,,,,,,,,,,,,,,,,,,,,,,,,,,,,,,,,,,,,,,,,,,,,,
Mackenzie,wood,,Trent,2023,ParksCanadaBisonProject_15Jan2023_Genotypes_Updated,2176,,DNA,161,165,181,191,241,253,232,238,85,91,180,184,205,215,129,129,152,158,108,116,175,183,102,104,125,129,103,105,,,167,167,229,231,190,194,179,187,115,115,156,158,91,91,90,102,135,145,146,150,87,87,189,195,95,101,158,160,162,168,127,140,170,172,89,89,91,91,171,173,146,150,182,182,106,110,104,108,81,83,260,262,103,103,143,143,132,132,228,228,154,160,118,130,252,254,142,142,157,157,136,142,145,151,X,X,,,,,,,,,,,,,,,,,,,,,,,,,,,,,,,,,,,,,,,,,,,,,,,,,,,,,,,
Mackenzie,wood,,Trent,2023,ParksCanadaBisonProject_15Jan2023_Genotypes_Updated,2177,,DNA,173,173,181,181,253,253,252,252,81,89,180,192,205,215,141,143,152,152,114,118,165,183,102,104,125,129,103,105,,,167,167,225,231,190,194,179,181,115,115,158,158,89,91,102,102,141,145,146,150,87,89,189,191,103,103,158,161,142,166,127,127,166,170,83,89,91,91,167,175,140,150,178,178,106,112,104,104,77,83,260,262,93,103,143,143,124,124,228,238,144,154,130,134,246,252,142,148,157,157,134,136,151,153,X,X,,,,,,,,,,,,,,,,,,,,,,,,,,,,,,,,,,,,,,,,,,,,,,,,,,,,,,,
Mackenzie,wood,,Trent,2023,ParksCanadaBisonProject_15Jan2023_Genotypes_Updated,2182,,DNA,173,173,181,191,253,253,238,252,91,93,190,192,205,211,129,143,146,152,114,116,165,183,98,102,125,129,103,103,,,161,167,229,231,194,194,179,181,108,115,156,160,91,93,90,90,145,145,146,150,87,87,191,195,95,95,147,158,142,158,127,140,170,176,81,89,91,91,167,173,150,150,172,178,90,106,108,108,83,83,260,260,103,103,143,143,124,132,224,238,154,154,132,134,252,252,148,148,155,157,134,138,151,151,Y,Y,,,,,,,,,,,,,,,,,,,,,,,,,,,,,,,,,,,,,,,,,,,,,,,,,,,,,,,
Mackenzie,wood,,Trent,2023,ParksCanadaBisonProject_15Jan2023_Genotypes_Updated,2187,,DNA,161,173,181,181,253,253,238,252,81,85,180,180,205,215,141,143,152,152,114,118,183,183,102,102,125,129,103,103,,,167,167,231,231,190,194,179,181,108,115,158,160,89,89,90,102,135,141,150,154,87,89,191,191,95,101,158,158,142,164,127,140,170,170,85,85,91,92,177,177,150,150,174,182,110,110,108,108,83,83,262,262,103,103,143,143,124,132,238,238,144,144,114,134,246,252,142,142,155,159,134,138,145,151,Y,Y,,,,,,,,,,,,,,,,,,,,,,,,,,,,,,,,,,,,,,,,,,,,,,,,,,,,,,,
Mackenzie,wood,,Trent,2023,ParksCanadaBisonProject_15Jan2023_Genotypes_Updated,2188,,DNA,165,173,181,191,269,269,232,238,81,89,180,180,211,215,129,143,152,166,114,116,183,183,94,104,125,129,103,103,,,161,167,229,231,188,194,179,179,113,115,156,160,89,89,90,90,135,141,146,150,89,89,191,191,103,103,158,162,142,166,127,140,172,172,89,89,91,92,167,173,146,150,172,174,106,106,108,108,83,83,256,260,103,103,143,143,124,132,238,238,160,160,128,134,252,252,142,148,155,159,134,134,145,145,Y,X,,,,,,,,,,,,,,,,,,,,,,,,,,,,,,,,,,,,,,,,,,,,,,,,,,,,,,,
Mackenzie,wood,,Trent,2023,ParksCanadaBisonProject_15Jan2023_Genotypes_Updated,2190,,DNA,173,173,181,191,253,253,238,238,89,93,180,196,211,215,129,143,146,152,114,116,165,175,102,102,125,129,103,103,,,167,167,231,231,188,194,179,179,108,113,156,156,89,89,90,90,141,147,146,150,87,89,189,191,101,103,143,158,142,164,140,148,170,176,85,89,91,94,165,173,146,150,172,174,110,110,108,108,81,83,260,260,103,103,143,143,124,132,240,240,154,154,114,114,250,252,142,148,155,157,136,136,149,151,Y,X,,,,,,,,,,,,,,,,,,,,,,,,,,,,,,,,,,,,,,,,,,,,,,,,,,,,,,,
Mackenzie,wood,,Trent,2023,ParksCanadaBisonProject_15Jan2023_Genotypes_Updated,2196,,DNA,161,165,177,191,241,241,252,252,89,91,180,196,205,215,143,143,152,152,116,116,165,181,102,102,123,129,103,105,,,167,167,229,229,194,194,179,187,113,115,158,160,89,89,90,90,135,141,150,150,87,87,191,195,95,103,160,161,142,158,140,140,170,170,83,89,91,91,167,175,140,140,172,182,110,110,106,106,83,83,260,260,85,103,143,143,122,124,228,240,144,154,130,130,252,252,142,148,155,159,134,136,149,151,Y,X,,,,,,,,,,,,,,,,,,,,,,,,,,,,,,,,,,,,,,,,,,,,,,,,,,,,,,,
Mackenzie,wood,,Trent,2023,ParksCanadaBisonProject_15Jan2023_Genotypes_Updated,2198,,DNA,161,173,191,191,241,269,238,252,81,89,184,196,205,205,143,143,152,162,114,118,165,165,102,104,123,129,103,105,,,167,167,229,231,190,194,179,187,113,113,154,158,89,91,90,102,135,145,146,146,87,89,189,195,95,103,147,147,142,156,127,127,170,176,89,89,91,92,167,167,140,140,172,178,112,112,108,108,83,83,262,262,91,103,143,143,124,132,224,228,154,154,130,134,252,254,142,150,155,157,134,134,151,151,Y,X,,,,,,,,,,,,,,,,,,,,,,,,,,,,,,,,,,,,,,,,,,,,,,,,,,,,,,,
Mackenzie,wood,,Trent,2023,ParksCanadaBisonProject_15Jan2023_Genotypes_Updated,2272,,DNA,161,173,181,191,253,253,232,238,87,91,184,190,205,205,129,143,152,152,116,118,165,183,102,102,129,129,103,103,,,167,167,229,231,194,194,179,179,115,115,156,160,89,89,90,90,141,145,150,150,87,87,189,191,95,95,160,162,158,166,127,146,170,176,83,89,91,91,167,173,146,150,172,174,90,106,108,108,81,83,256,260,93,103,143,145,122,124,224,238,144,154,130,130,246,246,142,142,155,157,134,134,151,151,Y,Y,,,,,,,,,,,,,,,,,,,,,,,,,,,,,,,,,,,,,,,,,,,,,,,,,,,,,,,
Mackenzie,wood,,Trent,2023,ParksCanadaBisonProject_15Jan2023_Genotypes_Updated,2276,,DNA,161,161,181,181,253,269,238,238,87,91,180,196,205,211,129,129,152,166,116,118,175,175,98,104,125,127,103,103,,,167,167,231,231,194,194,175,179,113,113,154,156,91,91,90,90,141,145,146,150,87,89,191,195,101,103,158,158,142,166,127,146,170,170,81,89,91,91,163,173,148,150,172,174,110,110,108,108,77,85,262,262,103,103,143,143,124,124,228,228,154,156,119,132,252,252,142,142,155,159,136,136,149,151,Y,Y,,,,,,,,,,,,,,,,,,,,,,,,,,,,,,,,,,,,,,,,,,,,,,,,,,,,,,,
Mackenzie,wood,,Trent,2023,ParksCanadaBisonProject_15Jan2023_Genotypes_Updated,2277,,DNA,161,173,191,191,253,269,238,238,91,91,184,192,205,207,129,141,146,152,118,118,165,175,104,104,123,125,103,103,,,167,167,225,231,194,194,175,187,115,115,156,156,89,89,90,90,135,141,146,146,87,87,195,195,101,103,158,162,158,166,127,140,166,176,89,89,91,94,165,177,148,150,174,176,106,110,108,108,81,83,262,262,93,97,143,143,124,124,238,238,154,154,114,134,250,252,148,150,155,157,136,136,145,153,Y,Y,,,,,,,,,,,,,,,,,,,,,,,,,,,,,,,,,,,,,,,,,,,,,,,,,,,,,,,
Mackenzie,wood,,Trent,2023,ParksCanadaBisonProject_15Jan2023_Genotypes_Updated,2283,,DNA,161,165,181,191,253,269,232,232,85,91,180,184,211,215,129,129,152,166,114,114,165,165,102,102,125,125,103,105,,,161,167,229,231,194,194,181,187,115,115,158,160,89,91,90,102,141,141,146,154,87,87,189,191,95,101,162,162,158,168,127,127,176,176,89,89,91,94,165,177,140,150,174,178,110,112,108,108,81,83,262,262,103,103,143,143,124,132,224,224,144,154,130,132,246,252,142,142,155,159,136,136,145,153,Y,X,,,,,,,,,,,,,,,,,,,,,,,,,,,,,,,,,,,,,,,,,,,,,,,,,,,,,,,
Mackenzie,wood,,Trent,2023,ParksCanadaBisonProject_15Jan2023_Genotypes_Updated,2289,,DNA,161,173,191,191,253,253,238,254,85,89,180,180,207,211,129,143,152,166,114,116,175,183,102,104,125,125,103,103,,,167,167,229,231,190,194,175,181,108,115,156,156,89,91,90,90,135,145,150,150,87,87,191,195,95,101,158,162,166,168,127,138,170,176,89,89,91,94,167,175,140,148,172,178,106,112,108,108,83,83,262,262,93,103,143,143,132,132,228,238,144,156,114,130,250,252,142,142,155,159,136,136,145,153,Y,X,,,,,,,,,,,,,,,,,,,,,,,,,,,,,,,,,,,,,,,,,,,,,,,,,,,,,,,
Mackenzie,wood,,Trent,2023,ParksCanadaBisonProject_15Jan2023_Genotypes_Updated,2295,,DNA,161,173,181,181,253,253,238,252,81,85,192,192,211,211,141,143,146,152,116,118,165,165,98,104,125,129,103,103,,,167,167,225,231,194,194,179,181,113,115,158,158,89,91,90,90,141,145,146,150,87,87,189,191,101,103,158,161,142,162,138,146,172,176,85,85,91,92,175,175,146,150,182,182,106,110,104,104,77,83,262,262,97,103,143,143,124,124,228,236,154,154,130,132,252,252,148,148,155,157,134,138,149,153,Y,X,,,,,,,,,,,,,,,,,,,,,,,,,,,,,,,,,,,,,,,,,,,,,,,,,,,,,,,
Mackenzie,wood,,Trent,2023,ParksCanadaBisonProject_15Jan2023_Genotypes_Updated,2296,,DNA,161,173,181,191,253,253,252,254,89,91,184,192,205,205,141,141,146,152,114,118,165,165,100,102,125,129,103,103,,,167,167,227,231,194,194,179,181,113,113,156,156,91,91,90,90,135,141,146,146,87,87,189,195,97,101,162,162,158,168,138,140,174,176,81,89,91,94,165,165,146,150,182,182,106,110,108,108,77,83,262,262,91,103,143,143,124,124,238,238,154,156,132,134,244,252,148,148,155,157,136,138,145,153,Y,X,,,,,,,,,,,,,,,,,,,,,,,,,,,,,,,,,,,,,,,,,,,,,,,,,,,,,,,
Mackenzie,wood,,Trent,2023,ParksCanadaBisonProject_15Jan2023_Genotypes_Updated,2310,,DNA,161,173,181,187,253,253,238,238,85,89,180,180,207,211,129,129,146,146,114,114,165,165,98,98,129,129,103,103,,,167,167,227,229,194,194,181,181,108,115,158,158,89,91,102,102,141,141,150,150,87,89,191,195,101,103,147,158,162,168,140,140,170,174,89,89,91,94,167,175,146,150,172,174,108,108,108,108,81,83,260,262,89,103,143,143,122,132,228,238,154,154,114,130,246,254,142,142,155,157,136,136,149,151,Y,Y,,,,,,,,,,,,,,,,,,,,,,,,,,,,,,,,,,,,,,,,,,,,,,,,,,,,,,,
Nahanni,wood,,Trent,2023,Bison_Genotypes_2023_230319,1,,Biopsy,161,165,181,181,241,253,232,238,87,89,180,180,205,205,129,143,146,166,116,116,165,179,92,102,125,129,103,103,,,161,167,229,229,188,190,187,187,115,115,160,160,91,91,90,102,135,141,150,150,87,87,189,191,101,101,147,147,144,166,127,127,166,176,89,95,92,92,167,177,146,150,174,174,110,110,104,104,77,85,260,262,89,93,143,143,124,126,228,236,154,154,130,130,252,252,142,142,157,159,136,136,151,151,X,X,,,,,,,,,,,,,,,,,,,,,,,,,,,,,,,,,,,,,,,,,,,,,,,,,,,,,,,
Nahanni,wood,,Trent,2024-06-13,Bison_2024_Genotypes_ClientCopy,Nahanni-1,,Fecal,161,161,181,181,253,269,238,252,89,89,180,180,205,211,129,143,146,152,116,116,165,175,102,102,125,125,103,104,,,167,167,229,229,188,194,179,187,108,113,158,158,91,91,90,90,135,141,146,150,87,89,191,191,95,99,160,160,//,//,127,127,166,172,89,89,91,91,165,175,146,150,172,174,110,112,104,104,83,83,260,262,103,103,143,145,122,124,228,228,154,154,130,130,250,252,138,138,157,159,136,136,149,151,Y,X,,,,,,,,,,,,,,,,,,,,,,,,,,,,,,,,,,,,,,,,,,,,,,,,,,,,,,,
Nahanni,wood,,Trent,2024-06-13,Bison_2024_Genotypes_ClientCopy,Nahanni-10,,Fecal,161,161,181,191,253,253,232,252,87,89,180,184,205,211,129,129,152,152,116,116,165,183,102,102,123,125,103,103,,,167,167,229,229,194,194,181,187,115,115,156,156,89,89,90,90,135,141,150,150,87,87,191,195,101,101,158,160,142,144,142,146,170,172,89,89,91,95,177,177,140,146,180,180,106,112,108,108,77,77,260,262,91,103,143,157,122,132,238,238,154,154,130,132,252,252,138,138,157,159,136,136,151,151,X,X,,,,,,,,,,,,,,,,,,,,,,,,,,,,,,,,,,,,,,,,,,,,,,,,,,,,,,,
Nahanni,wood,,Trent,2024-06-13,Bison_2024_Genotypes_ClientCopy,Nahanni-4,,Fecal,161,161,181,181,253,253,232,252,89,89,180,180,205,211,129,149,146,152,116,116,165,165,98,102,123,125,103,103,,,167,167,229,229,188,194,179,187,115,115,156,158,89,91,90,90,135,135,146,150,87,89,189,191,101,101,160,162,144,168,127,146,170,170,89,89,95,95,173,177,146,150,172,174,112,112,108,108,77,77,260,262,103,103,143,143,122,132,228,238,154,154,130,130,252,252,138,142,157,159,136,136,151,153,Y,X,,,,,,,,,,,,,,,,,,,,,,,,,,,,,,,,,,,,,,,,,,,,,,,,,,,,,,,
Nahanni,wood,,Trent,2024-06-13,Bison_2024_Genotypes_ClientCopy,Nahanni-6,,Fecal,161,173,181,181,253,269,232,252,81,89,180,194,211,215,129,143,146,152,116,116,165,175,98,102,125,129,103,103,,,167,167,227,227,194,194,179,187,115,115,156,158,89,91,88,90,141,141,146,150,87,89,189,191,95,95,160,160,144,166,127,142,172,172,89,89,91,95,173,173,146,150,172,172,106,112,104,106,77,77,260,262,93,103,143,143,124,124,228,228,154,160,130,132,250,252,142,142,155,159,136,136,147,149,Y,X,,,,,,,,,,,,,,,,,,,,,,,,,,,,,,,,,,,,,,,,,,,,,,,,,,,,,,,
Nahanni,wood,,Trent,2024-06-13,Bison_2024_Genotypes_ClientCopy,Nahanni-7,,Fecal,161,161,181,191,253,253,238,252,87,89,180,184,211,211,143,143,146,152,116,116,183,183,98,102,125,125,103,103,,,167,167,229,229,194,194,179,187,115,115,158,158,89,89,90,102,135,141,150,150,87,87,189,195,99,99,160,162,142,166,127,127,170,172,89,89,91,95,173,177,140,150,172,176,90,106,100,106,77,83,260,262,93,103,143,143,124,132,238,238,154,154,130,132,252,252,142,142,155,157,134,136,149,151,Y,X,,,,,,,,,,,,,,,,,,,,,,,,,,,,,,,,,,,,,,,,,,,,,,,,,,,,,,,
Nahanni,wood,,Trent,2024-06-13,Bison_2024_Genotypes_ClientCopy,Nahanni-8,,Fecal,173,173,181,181,241,269,238,252,81,91,180,198,201,215,129,129,146,152,116,116,175,179,92,102,125,129,103,104,,,167,167,227,229,188,194,179,187,115,115,158,160,89,91,90,90,135,141,146,150,87,89,189,191,95,99,160,162,144,158,127,142,172,172,89,89,//,//,165,177,148,150,172,172,90,106,104,108,77,81,260,262,93,93,143,145,124,124,228,228,154,160,130,130,250,252,142,142,155,155,136,136,149,151,X,X,,,,,,,,,,,,,,,,,,,,,,,,,,,,,,,,,,,,,,,,,,,,,,,,,,,,,,,
Nordquist,wood,,Trent,2023,Bison_Genotypes_2023_230319,31,,Biopsy,161,169,181,181,249,253,232,238,89,89,180,184,205,205,129,143,146,152,116,118,165,175,96,102,125,125,103,103,,,167,167,227,229,188,194,179,187,108,113,158,160,89,91,88,90,135,141,150,150,87,89,191,195,101,103,158,162,144,166,127,142,170,172,85,89,91,91,167,173,140,148,174,176,106,106,108,108,77,81,260,262,93,103,143,143,132,132,228,236,154,154,130,130,252,252,148,148,155,155,134,138,145,151,X,X,,,,,,,,,,,,,,,,,,,,,,,,,,,,,,,,,,,,,,,,,,,,,,,,,,,,,,,
Nordquist,wood,,Trent,2023,Bison_Genotypes_2023_230319,32,,Biopsy,161,173,181,191,249,253,252,254,89,91,180,180,205,205,129,129,146,152,116,118,165,179,98,104,125,125,103,103,,,167,167,227,229,188,194,187,187,115,115,156,158,89,89,90,102,141,147,150,150,87,89,191,191,95,95,147,162,142,166,140,142,172,178,89,95,91,91,173,173,140,150,174,174,106,112,108,108,77,83,260,260,89,103,143,143,124,132,228,236,144,154,114,130,252,252,142,148,153,155,136,140,153,153,X,X,,,,,,,,,,,,,,,,,,,,,,,,,,,,,,,,,,,,,,,,,,,,,,,,,,,,,,,
Nordquist,wood,,Trent,2023,Bison_Genotypes_2023_230319,33,,Biopsy,161,169,181,181,253,253,232,252,89,89,180,196,205,211,129,129,146,146,116,118,165,183,96,96,125,125,103,103,,,161,167,229,229,188,194,187,187,108,108,156,160,89,89,90,90,141,145,150,150,87,89,191,191,101,103,147,162,142,168,142,142,170,176,83,89,91,92,167,173,140,150,174,174,110,112,104,108,81,83,260,260,89,93,143,143,132,132,228,238,154,154,128,130,252,252,138,142,157,159,136,140,153,153,X,X,,,,,,,,,,,,,,,,,,,,,,,,,,,,,,,,,,,,,,,,,,,,,,,,,,,,,,,
Nordquist,wood,,Trent,2023,Bison_Genotypes_2023_230319,34,,Biopsy,165,173,181,181,253,271,232,252,87,89,180,184,205,205,129,129,152,152,114,116,175,175,102,102,129,129,103,103,,,167,167,227,227,188,194,187,187,108,113,154,154,91,91,90,102,145,145,150,150,87,89,191,191,95,101,158,162,166,166,127,127,166,172,85,89,92,94,167,177,150,150,174,176,106,108,104,104,83,83,262,262,89,93,143,143,132,132,228,228,152,154,128,130,250,252,142,148,155,155,136,138,153,153,X,X,,,,,,,,,,,,,,,,,,,,,,,,,,,,,,,,,,,,,,,,,,,,,,,,,,,,,,,
Nordquist,wood,,Trent,2023,Bison_Genotypes_2023_230319,35,,Biopsy,161,169,181,181,253,253,232,232,89,89,196,196,205,207,143,149,152,152,114,116,183,183,96,104,123,129,103,103,,,167,167,229,229,188,190,179,179,113,115,158,158,89,91,90,102,141,141,150,150,87,89,189,191,95,95,147,147,166,166,142,146,166,170,85,89,92,92,167,173,140,150,174,174,90,106,108,108,77,81,262,262,89,93,143,143,124,132,228,238,154,154,128,130,252,252,138,148,155,155,138,140,149,151,X,X,,,,,,,,,,,,,,,,,,,,,,,,,,,,,,,,,,,,,,,,,,,,,,,,,,,,,,,
Nordquist/Liard,wood,,Trent,2023,Bison_Genotypes_2023_230319,4,,Biopsy,161,161,181,181,253,253,238,238,89,89,180,196,205,205,129,129,152,152,118,118,175,175,102,104,129,129,103,103,,,167,167,227,229,194,194,179,187,115,115,158,160,89,89,90,102,141,141,150,150,87,89,191,195,95,101,147,147,168,168,127,140,176,176,89,89,91,92,167,173,148,150,172,174,106,106,104,108,77,81,260,260,93,93,143,143,124,132,238,238,154,160,130,130,252,252,142,142,153,155,134,134,149,151,X,X,,,,,,,,,,,,,,,,,,,,,,,,,,,,,,,,,,,,,,,,,,,,,,,,,,,,,,,
Nordquist/Liard,wood,,Trent,2023,Bison_Genotypes_2023_230319,6,,Biopsy,165,173,181,181,253,253,252,252,87,91,180,180,201,205,129,129,146,152,116,118,175,183,96,102,125,129,103,103,,,167,167,227,229,188,188,181,187,108,115,156,156,89,91,90,102,141,141,146,150,87,87,189,191,101,103,158,162,166,166,127,142,170,172,85,95,91,92,167,173,140,150,172,174,110,110,100,108,81,83,262,262,89,103,143,143,132,132,228,228,154,154,114,130,252,252,138,142,155,159,136,136,153,153,X,X,,,,,,,,,,,,,,,,,,,,,,,,,,,,,,,,,,,,,,,,,,,,,,,,,,,,,,,
Nordquist/Liard,wood,,Trent,2023,Bison_Genotypes_2023_230319,8,,Biopsy,161,173,181,181,249,253,232,238,89,89,180,180,205,205,129,129,146,152,116,116,165,183,96,98,129,129,103,103,,,161,167,229,231,194,194,181,187,108,115,158,160,89,89,90,90,135,141,146,150,87,87,189,191,101,103,158,162,144,166,142,142,166,170,83,89,91,91,167,167,140,148,172,174,110,112,108,108,77,83,262,262,93,103,143,143,132,132,228,228,144,154,130,132,252,252,138,142,155,159,136,140,145,151,X,X,,,,,,,,,,,,,,,,,,,,,,,,,,,,,,,,,,,,,,,,,,,,,,,,,,,,,,,
Nordquist/Liard,wood,,Trent,2023,Bison_Genotypes_2023_230319,10,,Biopsy,165,169,181,181,253,253,238,252,89,89,180,184,205,207,129,143,146,146,116,116,165,175,96,104,125,125,103,103,,,167,167,229,229,188,194,181,187,115,115,158,160,89,91,88,90,141,141,150,150,89,91,191,191,95,103,158,162,142,144,142,148,172,172,83,89,91,91,167,167,140,150,174,174,90,106,104,104,81,83,262,262,93,103,143,143,132,132,228,236,154,158,114,128,252,252,138,142,153,157,136,140,149,151,X,X,,,,,,,,,,,,,,,,,,,,,,,,,,,,,,,,,,,,,,,,,,,,,,,,,,,,,,,
Nordquist/Liard,wood,,Trent,2023,Bison_Genotypes_2023_230319,11,,Biopsy,165,169,181,181,253,253,238,238,89,89,180,196,205,211,129,129,146,152,116,116,165,175,102,104,129,129,103,103,,,167,167,229,231,190,194,187,187,108,115,156,158,89,91,90,102,141,141,150,150,87,87,191,195,95,101,158,158,166,168,127,142,172,176,89,95,91,91,167,167,148,150,172,176,110,112,104,108,77,83,260,262,93,103,143,143,132,132,228,236,154,154,114,130,250,252,142,142,153,159,136,138,147,149,X,X,,,,,,,,,,,,,,,,,,,,,,,,,,,,,,,,,,,,,,,,,,,,,,,,,,,,,,,
Nordquist/Liard,wood,,Trent,2023,Bison_Genotypes_2023_230319,13,,Biopsy,169,169,181,181,253,253,232,238,89,89,180,196,205,205,129,143,146,152,116,116,183,183,96,102,//,//,103,103,,,167,167,229,233,188,194,179,179,115,115,158,160,89,91,90,102,141,141,150,150,87,89,189,191,95,95,147,162,158,168,142,146,170,172,85,95,92,94,167,173,140,150,174,174,106,106,108,108,81,81,262,262,89,93,143,143,132,132,228,228,154,154,130,130,252,252,148,148,155,155,134,138,145,149,X,X,,,,,,,,,,,,,,,,,,,,,,,,,,,,,,,,,,,,,,,,,,,,,,,,,,,,,,,
Nordquist/Liard,wood,,Trent,2023,Bison_Genotypes_2023_230319,14,,Biopsy,165,169,181,181,253,253,232,232,87,89,184,196,205,205,129,129,146,152,116,116,175,175,104,104,123,125,103,103,,,167,167,229,231,190,194,181,187,108,115,156,158,89,91,90,90,135,141,148,150,87,87,189,195,95,103,158,160,142,166,140,148,166,170,85,85,91,91,173,177,140,140,174,174,112,112,100,108,77,81,260,262,103,103,143,143,132,132,228,238,154,154,128,130,250,252,142,142,155,159,138,138,149,151,X,X,,,,,,,,,,,,,,,,,,,,,,,,,,,,,,,,,,,,,,,,,,,,,,,,,,,,,,,
Nordquist/Liard,wood,,Trent,2023,Bison_Genotypes_2023_230319,15,,Biopsy,169,169,181,181,249,253,232,252,89,89,184,184,205,205,129,143,146,146,116,118,165,165,96,96,125,129,103,103,,,167,167,229,229,188,194,187,187,108,115,156,160,89,91,88,90,141,141,150,150,89,89,191,191,99,103,162,162,142,166,142,142,170,172,83,85,91,92,167,177,140,140,174,174,106,106,104,108,81,81,260,262,93,93,143,143,132,132,228,236,154,154,128,130,244,252,142,148,155,157,138,140,145,149,X,X,,,,,,,,,,,,,,,,,,,,,,,,,,,,,,,,,,,,,,,,,,,,,,,,,,,,,,,
Nordquist/Liard,wood,,Trent,2023,Bison_Genotypes_2023_230319,16,,Biopsy,161,165,181,181,253,253,232,252,89,89,196,196,205,205,129,149,152,152,116,116,175,183,96,102,123,129,103,103,,,167,167,231,231,190,194,179,181,113,115,154,158,89,91,90,90,141,145,150,150,87,91,189,191,95,103,147,160,144,144,146,148,172,176,85,89,91,94,167,177,140,150,174,174,106,112,104,104,77,85,262,262,97,103,143,143,132,132,228,228,154,154,128,130,250,252,142,148,155,157,138,138,149,151,X,X,,,,,,,,,,,,,,,,,,,,,,,,,,,,,,,,,,,,,,,,,,,,,,,,,,,,,,,
Nordquist/Liard,wood,,Trent,2023,Bison_Genotypes_2023_230319,17,,Biopsy,169,173,181,181,249,253,232,232,91,91,180,184,205,205,129,129,146,146,116,116,165,165,96,98,125,129,103,103,,,167,167,229,229,188,194,187,187,108,115,158,160,89,89,88,90,141,141,150,150,87,89,191,191,95,103,162,162,142,166,142,142,170,172,83,89,91,92,167,177,140,146,174,174,110,110,108,108,81,83,262,262,93,93,143,143,132,132,228,228,154,154,130,130,244,252,138,142,155,157,134,140,145,149,X,X,,,,,,,,,,,,,,,,,,,,,,,,,,,,,,,,,,,,,,,,,,,,,,,,,,,,,,,
Nordquist/Liard,wood,,Trent,2023,Bison_Genotypes_2023_230319,18,,Biopsy,165,173,181,181,253,253,232,232,87,89,180,196,205,207,129,149,146,152,116,116,175,175,102,104,125,125,103,103,,,167,167,227,231,190,190,181,181,108,113,156,158,91,91,90,90,135,141,148,150,87,87,191,195,95,103,158,162,166,166,140,148,166,176,85,89,91,91,173,177,140,150,174,174,90,112,100,108,81,83,262,262,93,103,143,143,132,132,228,238,144,154,128,130,252,252,142,142,159,159,138,138,151,151,X,X,,,,,,,,,,,,,,,,,,,,,,,,,,,,,,,,,,,,,,,,,,,,,,,,,,,,,,,
Nordquist/Liard,wood,,Trent,2023,Bison_Genotypes_2023_230319,19,,Biopsy,161,161,177,181,253,253,232,232,89,89,180,196,205,207,149,149,146,152,112,116,183,183,98,104,125,125,103,103,,,167,167,229,229,190,194,179,181,113,113,156,158,89,91,90,90,135,135,150,150,87,87,191,191,95,103,147,147,144,144,127,142,166,172,89,89,91,91,167,177,140,150,174,174,110,112,104,108,83,83,260,262,93,103,143,143,124,124,228,238,144,144,128,130,252,252,138,142,155,159,138,138,151,153,X,X,,,,,,,,,,,,,,,,,,,,,,,,,,,,,,,,,,,,,,,,,,,,,,,,,,,,,,,
Rainbow Lake,wood,,Trent,2023,ParksCanadaBisonProject_15Jan2023_Genotypes_Updated,rainbow lake 1,,DNA,161,161,181,181,253,269,232,232,89,89,184,198,205,205,129,129,152,166,116,118,175,175,102,102,125,129,103,103,,,167,167,225,229,194,194,179,187,113,113,158,158,91,93,90,90,135,147,146,150,87,89,189,191,101,103,158,158,142,166,138,146,166,172,85,95,91,92,167,177,146,148,174,174,110,112,104,104,81,85,260,262,93,93,143,143,124,124,238,238,154,160,132,132,246,246,142,142,155,159,136,136,151,151,Y,X,,,,,,,,,,,,,,,,,,,,,,,,,,,,,,,,,,,,,,,,,,,,,,,,,,,,,,,
Ronald Lake,wood,,Trent,2023,Bison_Genotypes_2023_230319,35462,,serum,161,161,181,181,247,247,232,232,87,91,180,184,205,207,129,143,146,152,116,118,175,175,102,102,129,129,103,103,,,161,167,225,229,194,202,185,191,108,113,156,160,89,91,90,102,135,145,146,146,87,89,189,189,95,103,160,160,142,158,148,150,170,172,85,89,95,95,163,173,140,146,174,176,106,110,104,104,83,83,260,262,97,97,133,143,122,132,240,240,154,160,118,130,246,252,142,142,151,155,134,138,145,145,Y,X,,,,,,,,,,,,,,,,,,,,,,,,,,,,,,,,,,,,,,,,,,,,,,,,,,,,,,,
Ronald Lake,wood,,Trent,2023,Bison_Genotypes_2023_230319,35463,,serum,161,173,181,181,247,253,238,254,85,87,180,184,205,211,129,129,146,156,116,116,175,175,102,104,123,129,103,103,,,161,167,225,225,190,194,185,187,108,113,156,160,89,91,90,90,145,147,150,150,87,87,191,191,95,103,160,162,142,144,148,150,170,172,85,89,95,95,173,175,146,148,174,174,106,108,104,104,83,83,260,262,93,103,143,143,124,132,228,238,144,154,128,130,252,252,142,142,155,155,134,136,145,145,Y,X,,,,,,,,,,,,,,,,,,,,,,,,,,,,,,,,,,,,,,,,,,,,,,,,,,,,,,,
Ronald Lake,wood,,Trent,2023,Bison_Genotypes_2023_230319,35464,,serum,173,173,181,191,247,253,254,254,85,85,180,180,207,211,129,129,156,162,//,//,183,183,98,102,129,129,103,103,,,167,167,229,231,188,194,185,185,113,115,158,160,89,89,90,102,135,145,146,150,89,91,189,191,95,101,160,162,142,158,150,150,170,172,89,89,92,95,163,177,146,148,176,176,106,106,104,104,77,83,260,262,103,103,143,143,132,132,228,240,154,160,130,130,250,252,142,150,155,155,134,136,145,145,Y,X,,,,,,,,,,,,,,,,,,,,,,,,,,,,,,,,,,,,,,,,,,,,,,,,,,,,,,,
Ronald Lake,wood,,Trent,2023,Bison_Genotypes_2023_230319,35465,,serum,161,165,181,181,241,247,238,254,81,87,180,180,205,211,129,129,156,156,116,118,183,183,102,104,129,129,103,103,,,161,167,229,229,194,202,181,187,115,115,154,158,91,93,90,102,135,145,150,150,87,87,189,189,95,101,158,160,142,166,146,150,172,172,85,89,91,92,163,167,140,150,172,174,106,106,108,108,83,83,260,262,93,103,143,143,124,132,236,236,144,160,130,132,252,252,142,148,155,155,134,134,145,145,Y,X,,,,,,,,,,,,,,,,,,,,,,,,,,,,,,,,,,,,,,,,,,,,,,,,,,,,,,,
Ronald Lake,wood,,Trent,2023,Bison_Genotypes_2023_230319,35466,,serum,161,161,181,181,253,253,248,254,89,91,180,198,205,205,129,143,146,158,116,116,175,183,102,104,123,129,103,103,,,167,167,225,225,194,194,185,191,113,115,158,158,91,93,90,102,141,145,150,150,83,87,189,191,103,103,160,162,142,166,140,150,172,172,83,89,92,92,163,177,146,150,172,174,106,108,104,104,83,83,262,262,93,103,143,147,124,124,236,240,144,144,118,118,252,254,142,150,151,155,134,138,145,149,Y,X,,,,,,,,,,,,,,,,,,,,,,,,,,,,,,,,,,,,,,,,,,,,,,,,,,,,,,,
Ronald Lake,wood,,Trent,2023,Bison_Genotypes_2023_230319,37488,,serum,161,161,181,181,247,247,238,238,85,89,180,180,207,211,129,129,152,156,//,//,175,175,102,104,123,129,103,103,,,167,167,229,231,194,194,185,187,108,113,158,160,89,91,90,90,147,147,150,150,87,87,191,191,95,95,160,160,142,142,150,150,170,172,83,89,92,95,175,177,148,150,172,176,106,106,104,104,83,83,256,260,103,103,143,143,124,124,228,240,144,144,130,130,252,252,142,150,151,155,134,136,145,149,X,X,,,,,,,,,,,,,,,,,,,,,,,,,,,,,,,,,,,,,,,,,,,,,,,,,,,,,,,
Ronald Lake,wood,,Trent,2023,Bison_Genotypes_2023_230319,37489,,serum,173,173,181,181,247,253,232,254,85,89,180,180,207,215,129,129,146,156,114,118,175,181,104,104,129,129,103,103,,,167,167,229,231,194,194,185,185,113,115,156,156,89,89,90,102,135,135,150,150,87,89,189,191,95,103,160,160,142,166,127,148,170,170,83,89,92,92,173,177,140,146,172,176,106,106,104,108,77,83,262,262,91,103,143,143,124,132,236,236,144,154,128,130,250,252,142,150,151,155,134,136,145,145,X,X,,,,,,,,,,,,,,,,,,,,,,,,,,,,,,,,,,,,,,,,,,,,,,,,,,,,,,,
Ronald Lake,wood,,Trent,2023,Bison_Genotypes_2023_230319,37490,,serum,161,161,181,181,247,253,232,254,81,91,180,198,205,207,129,129,152,162,116,116,175,175,98,102,129,129,99,103,,,167,167,229,231,188,202,185,191,113,115,156,160,89,89,90,90,135,147,146,150,89,89,189,189,95,103,160,160,142,158,148,150,170,172,83,89,92,92,167,175,146,146,172,176,106,112,104,104,77,83,256,262,97,103,143,143,124,132,240,240,144,156,118,132,252,252,142,150,155,155,134,138,145,145,X,X,,,,,,,,,,,,,,,,,,,,,,,,,,,,,,,,,,,,,,,,,,,,,,,,,,,,,,,
Ronald Lake,wood,,Trent,2023,Bison_Genotypes_2023_230319,37491,,serum,165,173,181,181,241,253,254,254,85,87,180,184,205,215,129,129,156,156,116,116,175,183,102,104,123,129,103,103,,,161,167,225,229,190,194,185,187,108,113,154,156,89,91,90,102,145,147,150,150,87,89,191,191,95,101,160,162,144,144,140,148,172,172,85,89,92,95,175,175,148,148,172,174,106,108,104,108,83,83,260,260,93,103,143,143,124,124,228,238,144,144,128,130,252,252,142,142,155,155,134,136,145,145,X,X,,,,,,,,,,,,,,,,,,,,,,,,,,,,,,,,,,,,,,,,,,,,,,,,,,,,,,,
Ronald Lake,wood,,Trent,2023,Bison_Genotypes_2023_230319,37495,,serum,173,173,181,181,247,247,238,238,81,81,180,184,205,205,129,141,152,156,118,118,183,183,102,104,129,129,103,103,,,167,167,229,229,194,194,185,191,113,115,156,156,89,91,90,90,135,141,150,150,87,89,189,191,95,95,160,160,142,168,146,146,172,172,83,89,92,95,167,177,148,150,174,176,106,108,104,108,83,83,262,262,91,103,143,143,132,132,236,240,144,154,118,118,252,252,142,142,155,155,138,138,145,149,X,X,,,,,,,,,,,,,,,,,,,,,,,,,,,,,,,,,,,,,,,,,,,,,,,,,,,,,,,
Ronald Lake,wood,,Trent,2023,Bison_Genotypes_2023_230319,37496,,serum,173,173,181,191,253,269,232,252,85,89,180,180,205,215,129,129,152,158,116,118,175,183,104,104,129,129,103,103,,,161,167,229,231,188,188,185,187,113,115,156,158,91,93,90,90,135,141,146,150,87,91,189,191,101,103,160,160,144,168,146,150,172,174,83,89,95,95,163,175,148,148,172,178,106,106,104,108,83,83,262,262,91,103,143,143,124,124,228,236,144,144,130,130,252,252,142,142,151,155,134,134,145,145,X,X,,,,,,,,,,,,,,,,,,,,,,,,,,,,,,,,,,,,,,,,,,,,,,,,,,,,,,,
Ronald Lake,wood,,Trent,2023,Bison_Genotypes_2023_230319,37497,,serum,173,173,181,181,247,247,254,254,87,87,180,180,211,211,129,129,146,162,116,116,175,175,104,104,123,129,103,103,,,161,167,225,229,190,190,185,187,108,115,156,158,89,91,90,90,135,145,148,150,87,91,189,191,95,103,160,162,142,144,146,150,170,172,89,89,95,95,173,175,146,148,174,174,106,108,104,104,83,83,260,262,103,103,143,143,124,132,228,240,144,154,130,130,250,252,142,142,155,155,136,136,145,149,X,X,,,,,,,,,,,,,,,,,,,,,,,,,,,,,,,,,,,,,,,,,,,,,,,,,,,,,,,
Ronald Lake,wood,,Trent,2023,ParksCanadaBisonProject_15Jan2023_Genotypes_Updated,12-09,,DNA,173,173,181,181,253,269,232,238,85,91,180,180,205,211,129,143,152,152,116,116,175,183,102,102,125,125,103,103,,,167,167,229,231,190,194,187,191,113,115,156,158,89,91,90,102,135,145,150,150,89,89,189,195,95,95,160,160,166,166,148,150,170,172,85,89,92,95,163,167,140,140,174,174,106,106,108,108,83,83,256,262,93,103,133,143,132,132,236,240,144,160,118,132,246,252,142,142,151,155,134,136,145,145,Y,X,,,,,,,,,,,,,,,,,,,,,,,,,,,,,,,,,,,,,,,,,,,,,,,,,,,,,,,
Ronald Lake,wood,,Trent,2023,ParksCanadaBisonProject_15Jan2023_Genotypes_Updated,12-10,,DNA,165,173,181,181,247,253,238,254,87,87,180,180,211,215,129,143,152,152,116,118,183,183,102,102,129,129,103,103,,,167,167,231,231,194,194,181,185,115,115,154,158,89,89,90,102,135,147,146,146,87,91,189,189,103,103,158,160,142,166,148,150,170,170,85,89,95,95,175,177,146,150,172,174,96,106,108,108,83,83,260,260,91,97,143,143,124,132,236,236,144,154,130,130,250,252,150,150,155,155,134,136,145,145,Y,Y,,,,,,,,,,,,,,,,,,,,,,,,,,,,,,,,,,,,,,,,,,,,,,,,,,,,,,,
Ronald Lake,wood,,Trent,2023,ParksCanadaBisonProject_15Jan2023_Genotypes_Updated,12-11,,DNA,173,173,181,181,253,269,238,252,87,91,180,198,207,207,141,149,150,150,116,118,175,183,100,104,129,129,103,103,,,167,167,229,231,188,194,187,191,115,115,156,158,91,91,102,102,135,141,150,150,87,87,189,191,95,103,160,160,158,168,127,150,170,172,85,89,95,95,161,175,146,146,172,176,106,112,108,108,83,83,262,262,97,103,143,143,124,124,228,236,144,144,118,132,252,252,142,142,151,157,136,138,145,145,Y,Y,,,,,,,,,,,,,,,,,,,,,,,,,,,,,,,,,,,,,,,,,,,,,,,,,,,,,,,
Ronald Lake,wood,,Trent,2023,ParksCanadaBisonProject_15Jan2023_Genotypes_Updated,12-12,,DNA,161,161,181,181,253,269,238,254,89,91,180,192,207,207,129,129,156,162,116,118,165,183,104,104,129,129,103,103,,,167,167,229,231,188,202,187,191,113,113,156,156,89,91,90,102,135,145,150,150,87,89,189,191,95,97,160,162,142,166,140,148,172,172,89,89,95,95,173,173,146,150,174,176,106,106,100,108,83,83,260,262,97,97,143,143,132,132,236,236,144,144,130,130,252,252,142,148,151,155,136,136,149,149,Y,X,,,,,,,,,,,,,,,,,,,,,,,,,,,,,,,,,,,,,,,,,,,,,,,,,,,,,,,
Ronald Lake,wood,,Trent,2023,ParksCanadaBisonProject_15Jan2023_Genotypes_Updated,12-13,,DNA,173,173,181,181,241,253,232,238,85,85,180,180,207,211,127,141,146,152,116,118,175,183,104,104,125,129,103,103,,,167,167,229,231,194,202,185,187,113,113,156,156,89,91,90,102,135,141,150,150,87,89,189,191,95,103,160,162,158,166,127,146,170,170,89,89,92,92,163,177,150,150,172,174,106,106,104,104,83,83,262,262,97,103,143,143,124,124,228,236,154,160,132,132,246,252,142,148,155,155,136,136,145,149,X,X,,,,,,,,,,,,,,,,,,,,,,,,,,,,,,,,,,,,,,,,,,,,,,,,,,,,,,,
Ronald Lake,wood,,Trent,2023,ParksCanadaBisonProject_15Jan2023_Genotypes_Updated,12-14,,DNA,161,173,181,181,247,253,252,254,81,81,180,180,205,205,129,143,146,162,116,118,183,183,102,102,125,129,102,102,,,161,167,225,229,194,194,187,187,113,115,158,158,91,91,90,102,135,145,150,150,87,87,189,191,101,101,160,160,168,168,146,150,170,170,89,89,92,92,163,167,140,146,174,176,106,106,100,108,83,83,256,262,91,93,143,143,132,132,236,236,144,160,130,132,246,254,142,142,155,155,134,136,145,149,X,X,,,,,,,,,,,,,,,,,,,,,,,,,,,,,,,,,,,,,,,,,,,,,,,,,,,,,,,
Ronald Lake,wood,,Trent,2023,ParksCanadaBisonProject_15Jan2023_Genotypes_Updated,12-15,,DNA,161,161,181,189,241,247,232,252,81,91,180,192,205,215,129,143,152,156,108,118,183,183,102,102,123,129,102,102,,,167,167,229,231,194,202,191,191,113,115,158,158,89,89,90,90,135,141,146,146,89,91,191,191,103,103,162,162,158,166,146,148,172,172,89,89,92,92,167,177,146,146,172,174,96,106,104,108,83,83,262,262,83,97,143,147,124,132,236,236,144,160,132,132,246,246,150,150,151,151,136,136,145,149,X,X,,,,,,,,,,,,,,,,,,,,,,,,,,,,,,,,,,,,,,,,,,,,,,,,,,,,,,,
Ronald Lake,wood,,Trent,2023,ParksCanadaBisonProject_15Jan2023_Genotypes_Updated,12-16,,DNA,173,173,181,181,247,247,232,252,85,91,180,180,207,207,129,143,152,152,116,116,183,183,98,104,125,129,103,103,,,167,167,229,231,194,194,187,187,113,115,156,158,89,89,90,90,135,147,146,146,87,87,191,191,95,101,160,162,142,166,127,150,170,170,89,89,92,95,163,167,148,150,174,176,106,106,104,108,83,83,256,262,91,103,143,143,132,132,236,236,144,154,118,118,246,252,142,150,151,155,136,136,145,153,X,X,,,,,,,,,,,,,,,,,,,,,,,,,,,,,,,,,,,,,,,,,,,,,,,,,,,,,,,
Ronald Lake,wood,,Trent,2023,ParksCanadaBisonProject_15Jan2023_Genotypes_Updated,12-17,,DNA,161,173,181,181,247,253,232,252,85,91,180,192,207,207,129,129,152,152,118,118,183,183,98,102,129,129,103,103,,,167,167,229,231,190,194,187,187,113,115,156,158,89,89,90,90,135,147,146,146,87,87,191,191,95,95,160,162,142,142,148,150,170,170,89,89,91,95,163,167,146,148,174,176,106,106,104,108,83,83,262,262,91,103,143,143,132,132,228,236,144,144,118,118,252,254,150,150,151,151,134,136,145,145,X,X,,,,,,,,,,,,,,,,,,,,,,,,,,,,,,,,,,,,,,,,,,,,,,,,,,,,,,,
Ronald Lake,wood,,Trent,2023,ParksCanadaBisonProject_15Jan2023_Genotypes_Updated,12-18,,DNA,173,173,181,181,247,253,232,252,85,91,180,198,207,215,141,149,152,152,118,118,175,183,102,104,129,129,103,103,,,167,167,231,231,188,194,187,187,113,113,158,158,89,91,90,102,135,135,146,150,87,89,189,189,95,95,160,162,158,168,127,150,170,170,89,89,92,95,163,177,146,148,172,174,106,110,104,108,83,83,256,262,97,103,143,143,124,132,228,236,144,154,132,132,252,252,142,142,155,157,134,136,145,145,Y,X,,,,,,,,,,,,,,,,,,,,,,,,,,,,,,,,,,,,,,,,,,,,,,,,,,,,,,,
Ronald Lake,wood,,Trent,2023,ParksCanadaBisonProject_15Jan2023_Genotypes_Updated,12-19,,DNA,161,173,181,181,241,253,232,254,81,87,180,180,207,207,129,143,146,158,114,116,175,183,102,102,125,125,103,103,,,167,167,229,231,194,194,185,187,113,115,156,158,89,89,90,102,135,147,150,150,87,89,189,191,95,103,160,160,158,160,127,150,170,172,85,89,91,95,163,163,146,150,174,174,108,112,108,108,83,83,256,260,93,97,133,143,124,132,236,236,154,154,130,132,246,252,142,142,151,155,136,136,153,153,Y,X,,,,,,,,,,,,,,,,,,,,,,,,,,,,,,,,,,,,,,,,,,,,,,,,,,,,,,,
Ronald Lake,wood,,Trent,2023,ParksCanadaBisonProject_15Jan2023_Genotypes_Updated,12-14B,,DNA,161,169,181,181,247,253,254,254,81,89,180,192,205,205,129,143,146,152,116,116,183,183,98,102,125,125,103,103,,,167,167,225,229,194,194,175,187,115,115,158,158,89,91,90,102,135,137,146,150,87,87,189,189,101,101,160,160,142,168,142,150,170,170,85,89,92,92,163,167,140,146,172,174,106,112,100,100,81,83,260,262,91,103,143,143,132,132,228,240,154,160,130,130,246,252,142,142,155,155,134,136,145,151,Y,X,,,,,,,,,,,,,,,,,,,,,,,,,,,,,,,,,,,,,,,,,,,,,,,,,,,,,,,
Ronald Lake,wood,,Trent,2023,ParksCanadaBisonProject_15Jan2023_Genotypes_Updated,12-17B,,DNA,161,173,181,181,247,253,232,232,85,91,180,192,207,207,129,129,152,156,114,118,165,183,102,104,129,129,103,103,,,167,167,229,231,188,190,187,191,113,115,154,156,89,89,90,90,135,147,146,146,87,89,191,191,95,103,160,162,142,166,148,150,170,172,89,89,92,95,167,173,146,148,174,176,106,106,108,108,83,83,260,262,97,103,143,143,124,132,236,236,144,144,118,130,252,252,142,150,151,155,134,136,145,149,X,X,,,,,,,,,,,,,,,,,,,,,,,,,,,,,,,,,,,,,,,,,,,,,,,,,,,,,,,
Ronald Lake,wood,,Trent,2023,Bison_Genotypes_2023_230319,6345-207459,,serum,161,173,181,181,247,269,232,238,87,91,180,198,205,211,141,143,146,152,116,116,181,183,102,104,129,129,103,103,,,167,167,225,231,190,194,185,185,113,115,156,156,89,91,90,102,141,147,150,150,87,91,191,195,95,101,160,162,166,166,140,150,172,174,85,85,95,95,177,177,146,148,174,174,106,112,104,108,83,83,262,262,103,103,143,143,124,124,228,236,144,154,130,130,250,252,142,142,151,157,134,138,145,145,X,X,,,,,,,,,,,,,,,,,,,,,,,,,,,,,,,,,,,,,,,,,,,,,,,,,,,,,,,
Ronald Lake,wood,,Trent,2023,Bison_Genotypes_2023_230319,6346-207496,,serum,165,173,181,181,241,253,248,254,85,87,180,192,205,205,129,143,146,156,114,118,183,183,98,102,127,129,103,103,,,167,167,225,229,194,194,181,187,108,115,154,158,91,93,90,90,147,147,148,150,87,89,189,189,95,103,158,162,144,166,148,150,172,172,85,89,91,95,175,175,148,150,172,172,106,106,100,104,83,83,260,262,97,103,143,143,124,132,228,228,144,156,130,130,252,254,142,148,155,155,134,134,145,149,X,X,,,,,,,,,,,,,,,,,,,,,,,,,,,,,,,,,,,,,,,,,,,,,,,,,,,,,,,
Ronald Lake,wood,,Trent,2023,Bison_Genotypes_2023_230319,6347-207497,,serum,161,173,181,181,241,269,238,254,81,85,180,180,205,211,129,129,152,156,118,118,175,183,104,104,127,129,103,103,,,161,167,229,229,190,202,187,187,108,115,156,156,89,91,90,90,141,145,146,150,89,89,189,191,101,103,160,160,142,168,148,150,170,172,83,89,92,95,173,173,148,150,174,176,106,110,104,104,83,83,262,262,103,103,143,143,124,132,228,238,144,154,130,130,250,252,142,150,151,155,134,134,145,145,X,X,,,,,,,,,,,,,,,,,,,,,,,,,,,,,,,,,,,,,,,,,,,,,,,,,,,,,,,
Ronald Lake,wood,,Trent,2023,Bison_Genotypes_2023_230319,6349-207499,,serum,161,161,181,181,241,253,238,248,85,91,184,192,205,207,141,143,156,156,116,118,175,175,98,104,123,129,103,103,,,161,167,225,231,190,194,185,191,113,115,154,156,89,89,90,90,145,145,146,150,87,87,189,191,103,103,160,160,142,166,140,146,172,172,83,85,91,92,167,173,146,146,172,176,106,106,108,108,83,83,260,262,103,103,147,147,124,132,236,238,144,144,130,130,252,252,142,142,155,155,136,136,149,149,X,X,,,,,,,,,,,,,,,,,,,,,,,,,,,,,,,,,,,,,,,,,,,,,,,,,,,,,,,
Ronald Lake,wood,,Trent,2023,Bison_Genotypes_2023_230319,6350-207500,,serum,173,173,181,189,241,253,238,254,85,87,180,180,205,211,129,129,152,158,116,118,175,183,102,102,129,129,103,103,,,167,167,225,229,194,194,185,187,113,113,156,160,89,91,90,90,135,147,146,150,87,87,191,191,95,103,162,162,166,166,146,150,170,172,89,89,91,95,175,177,148,150,174,174,106,106,104,104,83,83,262,262,93,97,143,143,132,132,228,236,144,160,118,130,246,252,142,148,151,155,134,136,145,145,X,X,,,,,,,,,,,,,,,,,,,,,,,,,,,,,,,,,,,,,,,,,,,,,,,,,,,,,,,
Ronald Lake,wood,,Trent,2023,Bison_Genotypes_2023_230319,6351-207501,,serum,161,161,181,191,241,247,232,248,85,85,180,180,205,205,129,141,152,152,116,118,175,183,102,104,129,129,103,103,,,167,167,229,229,190,194,185,185,108,108,154,156,89,89,90,90,135,145,150,150,87,89,189,191,95,101,160,162,142,166,140,146,172,176,85,85,92,92,175,175,148,150,172,176,96,110,104,108,83,83,260,262,103,103,143,143,124,132,236,238,144,144,130,130,252,254,142,142,155,155,136,138,145,149,X,X,,,,,,,,,,,,,,,,,,,,,,,,,,,,,,,,,,,,,,,,,,,,,,,,,,,,,,,
Ronald Lake,wood,,Trent,2023,Bison_Genotypes_2023_230319,RL21-01,,Biopsy,173,173,181,181,247,253,238,238,85,87,180,180,205,207,141,141,152,156,116,118,175,181,102,102,129,129,103,103,,,167,167,229,231,188,190,185,185,113,115,156,156,89,89,90,90,135,135,150,150,87,89,191,195,95,103,160,160,166,166,146,150,170,172,89,89,92,92,163,163,148,150,174,174,106,106,100,108,83,83,256,262,103,103,143,143,124,132,236,240,144,144,130,130,252,252,142,150,151,151,134,136,145,149,X,X,,,,,,,,,,,,,,,,,,,,,,,,,,,,,,,,,,,,,,,,,,,,,,,,,,,,,,,
Ronald Lake,wood,,Trent,2023,Bison_Genotypes_2023_230319,RL21-02,,Biopsy,173,173,181,181,253,253,238,254,85,85,180,198,205,211,129,129,152,156,116,116,183,183,98,102,129,129,101,103,,,167,167,231,231,190,194,185,191,113,113,158,160,89,91,90,90,141,145,150,150,87,91,189,191,95,103,162,162,142,168,140,150,170,172,89,89,92,95,177,177,148,150,174,176,106,106,104,104,83,83,260,262,97,103,143,147,124,132,236,240,144,160,130,130,252,252,142,150,155,155,134,138,145,149,X,X,,,,,,,,,,,,,,,,,,,,,,,,,,,,,,,,,,,,,,,,,,,,,,,,,,,,,,,
Ronald Lake,wood,,Trent,2023,Bison_Genotypes_2023_230319,RL21-03,,Biopsy,161,173,181,181,247,253,232,254,81,85,180,180,207,215,129,141,146,162,118,118,165,183,104,104,129,129,103,103,,,167,167,231,231,194,202,185,187,115,115,154,156,89,91,90,102,135,147,146,150,87,89,189,191,103,103,160,160,166,166,140,150,170,172,89,89,92,95,163,177,140,146,174,176,106,106,104,104,83,83,262,262,91,103,143,143,124,124,236,240,144,154,118,130,250,252,142,150,151,155,136,138,145,153,X,X,,,,,,,,,,,,,,,,,,,,,,,,,,,,,,,,,,,,,,,,,,,,,,,,,,,,,,,
Ronald Lake,wood,,Trent,2023,Bison_Genotypes_2023_230319,RL21-05,,Biopsy,165,173,181,181,247,253,232,238,85,85,180,192,205,211,129,129,152,162,116,118,181,183,104,104,129,129,103,103,,,167,167,229,231,188,202,185,185,113,115,156,158,89,91,90,90,141,145,150,150,87,89,191,195,95,101,160,162,158,168,140,150,172,174,89,89,95,95,173,177,150,150,174,178,106,106,100,108,83,83,260,262,103,103,143,147,124,124,240,240,144,144,130,130,252,252,142,150,151,151,134,134,145,149,X,X,,,,,,,,,,,,,,,,,,,,,,,,,,,,,,,,,,,,,,,,,,,,,,,,,,,,,,,
Ronald Lake,wood,,Trent,2023,Bison_Genotypes_2023_230319,RL21-06,,Biopsy,161,173,181,181,253,269,232,254,85,91,180,180,205,207,129,141,146,152,116,118,175,183,102,102,129,129,103,103,,,167,167,225,225,190,194,187,191,108,113,156,156,89,91,90,90,141,145,146,150,87,89,191,191,95,101,160,160,142,144,127,148,170,172,85,89,95,95,163,173,146,150,174,176,108,108,104,104,83,83,260,262,97,103,133,143,124,132,228,240,144,160,130,130,252,252,142,142,155,155,134,136,145,145,X,X,,,,,,,,,,,,,,,,,,,,,,,,,,,,,,,,,,,,,,,,,,,,,,,,,,,,,,,
Ronald Lake,wood,,Trent,2023,Bison_Genotypes_2023_230319,RL21-07,,Biopsy,161,165,181,181,253,253,232,232,85,89,180,192,207,215,129,143,152,156,118,118,175,183,102,102,123,125,103,103,,,167,167,227,231,188,202,185,191,113,113,154,156,89,89,90,102,135,147,146,150,87,89,189,191,101,103,160,160,158,168,150,150,172,172,83,83,95,95,163,167,146,150,172,176,106,108,104,108,83,83,260,262,97,97,133,143,124,132,236,236,144,154,118,118,246,252,142,150,155,155,136,138,149,149,X,X,,,,,,,,,,,,,,,,,,,,,,,,,,,,,,,,,,,,,,,,,,,,,,,,,,,,,,,
Ronald Lake,wood,,Trent,2023,Bison_Genotypes_2023_230319,RL21-09,,Biopsy,161,173,181,181,247,253,232,232,91,91,192,192,207,211,129,149,156,156,118,118,175,183,102,102,129,129,103,103,,,167,167,225,231,194,202,187,191,113,115,154,156,89,89,90,102,135,135,146,150,89,91,189,191,95,101,160,161,142,144,127,148,170,172,85,89,92,92,165,167,148,150,172,176,96,106,100,104,83,83,256,260,91,97,143,143,124,132,240,240,144,160,130,130,250,252,142,142,155,155,134,136,145,149,X,X,,,,,,,,,,,,,,,,,,,,,,,,,,,,,,,,,,,,,,,,,,,,,,,,,,,,,,,
Ronald Lake,wood,,Trent,2023,Bison_Genotypes_2023_230319,RL21-10,,Biopsy,161,165,181,181,247,269,238,238,85,87,180,192,211,211,129,143,152,156,116,118,175,183,102,102,129,129,103,103,,,167,167,229,231,190,194,181,185,113,115,154,160,89,89,90,102,141,147,146,146,87,89,189,191,95,103,160,160,142,142,148,148,170,172,85,89,95,95,163,175,150,150,172,176,106,106,104,108,83,83,260,262,91,91,143,143,124,132,228,236,154,154,130,130,252,252,142,148,151,155,136,138,145,145,X,X,,,,,,,,,,,,,,,,,,,,,,,,,,,,,,,,,,,,,,,,,,,,,,,,,,,,,,,
Ronald Lake,wood,,Trent,2023,Bison_Genotypes_2023_230319,RL21-11,,Biopsy,161,173,181,191,241,253,248,254,81,85,180,180,205,215,129,129,152,158,116,118,175,183,102,102,129,129,103,103,,,167,167,229,229,188,190,185,187,108,115,156,156,89,89,90,90,135,145,146,150,87,87,191,191,95,101,160,160,158,166,140,150,172,174,83,85,91,92,173,175,150,150,172,172,96,110,104,108,83,83,260,260,103,103,143,143,124,132,236,238,144,154,130,130,252,254,142,142,155,155,136,136,145,149,X,X,,,,,,,,,,,,,,,,,,,,,,,,,,,,,,,,,,,,,,,,,,,,,,,,,,,,,,,
Ronald Lake,wood,,Trent,2023,Bison_Genotypes_2023_230319,RL21-12,,Biopsy,161,173,181,189,241,253,232,238,85,91,180,192,207,211,129,129,152,156,116,118,175,183,102,104,123,129,103,103,,,167,167,225,231,188,194,185,191,113,113,154,160,89,89,90,90,147,147,146,150,87,87,191,191,95,103,160,162,166,166,146,148,172,172,83,89,91,95,167,175,146,148,174,176,106,106,104,108,83,83,260,262,93,97,143,147,132,132,228,236,144,144,118,130,246,250,142,148,151,155,136,136,145,149,X,X,,,,,,,,,,,,,,,,,,,,,,,,,,,,,,,,,,,,,,,,,,,,,,,,,,,,,,,
Ronald Lake,wood,,Trent,2023,Bison_Genotypes_2023_230319,RL21-13,,Biopsy,161,173,181,181,253,253,238,252,85,91,180,192,205,211,129,129,156,158,116,116,175,175,104,104,127,129,103,103,,,161,167,225,231,188,194,181,191,108,113,156,158,91,93,90,102,135,145,148,150,89,89,189,191,95,103,160,160,142,166,146,146,172,172,83,89,91,92,167,173,146,146,172,176,106,110,100,104,83,83,260,262,91,97,143,143,132,132,228,240,144,144,130,130,252,254,142,142,155,155,134,136,145,149,X,X,,,,,,,,,,,,,,,,,,,,,,,,,,,,,,,,,,,,,,,,,,,,,,,,,,,,,,,
Ronald Lake,wood,,Trent,2023,Bison_Genotypes_2023_230319,RL21-14,,Biopsy,161,165,181,191,253,269,232,238,85,91,184,192,205,211,129,129,152,156,116,118,165,183,102,102,129,129,103,103,,,161,167,231,231,188,202,187,191,113,113,156,158,89,91,90,102,147,147,146,146,87,87,189,189,95,103,160,162,142,158,148,150,170,172,83,85,91,95,163,173,146,148,176,176,106,106,100,108,83,83,260,260,97,97,143,147,124,124,236,236,144,154,130,130,252,252,142,142,155,155,136,136,145,149,X,X,,,,,,,,,,,,,,,,,,,,,,,,,,,,,,,,,,,,,,,,,,,,,,,,,,,,,,,
Ronald Lake,wood,,Trent,2023,Bison_Genotypes_2023_230319,RL21-15,,Biopsy,161,173,181,191,247,253,232,254,81,89,180,198,205,207,143,143,152,158,116,118,165,175,98,104,129,129,103,103,,,167,167,229,231,194,202,187,191,113,113,156,158,89,89,90,102,135,147,146,146,89,89,189,189,95,103,160,162,144,166,140,146,170,170,83,89,92,95,163,175,146,146,176,176,106,112,104,104,83,83,262,262,97,103,143,147,124,132,236,240,144,144,130,130,252,252,142,150,151,155,136,136,145,149,X,X,,,,,,,,,,,,,,,,,,,,,,,,,,,,,,,,,,,,,,,,,,,,,,,,,,,,,,,
Ronald Lake,wood,,Trent,2023,Bison_Genotypes_2023_230319,RL21-17,,Biopsy,161,173,181,181,241,253,238,248,85,85,180,180,211,215,141,141,146,156,116,118,183,183,98,104,127,129,103,103,,,167,167,229,231,194,194,185,187,108,113,154,154,89,91,90,102,147,147,146,150,87,89,189,191,95,95,160,162,166,166,140,148,172,172,85,89,92,92,163,173,140,146,172,176,106,106,108,108,83,83,260,262,97,103,143,147,124,124,236,238,144,160,130,130,252,254,142,142,155,155,134,136,145,149,Y,X,,,,,,,,,,,,,,,,,,,,,,,,,,,,,,,,,,,,,,,,,,,,,,,,,,,,,,,
Ronald Lake,wood,,Trent,2023,Bison_Genotypes_2023_230319,RL21-20,,Biopsy,173,173,181,181,253,253,238,254,85,91,180,180,205,207,141,143,152,158,118,118,175,183,102,102,129,129,103,103,,,161,167,229,229,194,194,181,185,113,113,158,158,91,91,90,90,145,145,150,150,87,89,189,191,95,103,160,160,166,166,146,150,170,172,83,85,91,92,163,163,146,148,174,178,106,106,104,104,83,83,260,262,91,103,143,143,132,132,228,236,144,144,130,130,252,252,142,150,151,155,134,136,145,145,Y,X,,,,,,,,,,,,,,,,,,,,,,,,,,,,,,,,,,,,,,,,,,,,,,,,,,,,,,,
Ronald Lake,wood,,Trent,2023,Bison_Genotypes_2023_230319,RL21-25,,Biopsy,161,173,181,181,247,253,232,238,85,91,180,192,205,211,129,141,146,152,116,118,175,183,102,104,127,129,103,103,,,167,167,225,229,194,202,185,185,108,113,156,160,89,89,90,102,145,147,150,150,87,89,191,191,95,101,160,160,142,166,148,150,170,172,89,89,92,92,163,173,146,146,172,176,106,106,108,108,77,83,260,262,93,97,143,147,124,132,236,236,154,160,132,132,250,252,142,142,155,155,134,136,145,149,Y,X,,,,,,,,,,,,,,,,,,,,,,,,,,,,,,,,,,,,,,,,,,,,,,,,,,,,,,,
Ronald Lake,wood,,Trent,2023,ParksCanadaBisonProject_15Jan2023_Genotypes_Updated,ronald lake fetus,,DNA,161,173,181,181,247,253,238,254,87,91,180,180,205,215,129,129,146,156,108,116,183,183,102,104,123,125,103,103,,,167,167,231,231,194,202,187,191,113,115,156,156,89,89,90,90,135,141,146,150,87,91,189,191,103,103,160,160,158,158,127,148,170,170,89,89,92,95,163,167,146,150,174,174,96,112,108,108,83,83,256,262,83,93,133,143,124,132,236,236,144,160,130,132,246,246,142,142,151,155,136,138,145,149,Y,X,,,,,,,,,,,,,,,,,,,,,,,,,,,,,,,,,,,,,,,,,,,,,,,,,,,,,,,
Wabasca,wood,,Trent,2023,ParksCanadaBisonProject_15Jan2023_Genotypes_Updated,11-04,,DNA,167,173,179,181,241,249,238,254,85,87,180,180,201,205,131,143,148,150,108,116,165,179,92,102,127,129,103,103,,,167,167,231,233,200,202,181,187,108,113,156,158,91,99,90,90,135,145,146,150,87,87,189,189,97,103,160,160,156,168,127,140,170,170,89,91,92,92,173,177,140,150,172,172,90,110,102,102,81,83,262,262,93,93,143,145,120,124,228,228,144,144,114,130,250,250,142,148,155,155,138,138,149,149,Y,X,,,,,,,,,,,,,,,,,,,,,,,,,,,,,,,,,,,,,,,,,,,,,,,,,,,,,,,
Wabasca,wood,,Trent,2023,ParksCanadaBisonProject_15Jan2023_Genotypes_Updated,11-05,,DNA,167,167,181,181,253,253,238,254,87,87,180,184,201,201,129,143,152,166,116,118,165,165,92,98,127,127,103,103,,,161,167,227,233,194,194,187,187,108,113,156,158,91,99,90,100,135,135,150,150,87,89,189,191,99,103,143,162,162,162,127,140,168,170,89,89,91,91,177,177,140,140,172,172,106,110,102,102,81,81,262,262,91,93,143,143,120,120,228,238,144,144,114,114,250,250,148,148,151,155,138,138,145,151,X,X,,,,,,,,,,,,,,,,,,,,,,,,,,,,,,,,,,,,,,,,,,,,,,,,,,,,,,,
Wabasca,wood,,Trent,2023,ParksCanadaBisonProject_15Jan2023_Genotypes_Updated,11-06,,DNA,167,173,179,181,253,269,238,254,87,87,180,180,201,205,129,143,146,148,116,118,165,179,102,102,127,129,103,103,,,167,167,227,231,194,200,187,187,108,115,158,158,91,91,100,100,135,145,146,150,87,87,189,191,97,99,143,160,158,162,140,140,168,170,85,85,91,91,173,177,140,140,172,172,90,106,102,102,83,83,262,262,97,105,143,145,120,132,228,240,144,154,114,114,250,250,142,148,155,157,138,138,145,149,X,X,,,,,,,,,,,,,,,,,,,,,,,,,,,,,,,,,,,,,,,,,,,,,,,,,,,,,,,
Wabasca,wood,,Trent,2023,ParksCanadaBisonProject_15Jan2023_Genotypes_Updated,12-01,,DNA,167,173,181,181,269,269,232,254,87,87,180,180,205,205,129,143,146,152,116,118,165,165,98,98,127,129,103,103,,,167,167,225,231,194,194,187,187,108,113,156,158,91,99,90,100,135,145,150,150,87,87,189,191,97,99,160,160,162,164,127,140,168,168,85,85,91,95,173,177,140,140,172,172,90,106,102,102,83,83,260,262,97,97,143,143,132,132,228,228,144,144,114,118,246,250,142,148,155,155,138,138,149,149,Y,X,,,,,,,,,,,,,,,,,,,,,,,,,,,,,,,,,,,,,,,,,,,,,,,,,,,,,,,
Wabasca,wood,,Trent,2023,ParksCanadaBisonProject_15Jan2023_Genotypes_Updated,12-02,,DNA,167,173,179,181,239,269,238,254,85,87,180,184,201,201,129,143,148,148,108,118,179,179,96,98,127,127,103,103,,,167,167,227,231,194,194,187,187,113,115,156,156,91,91,90,100,135,135,146,146,87,87,189,191,97,97,160,162,156,162,140,140,170,170,89,91,91,91,175,177,140,150,172,172,90,108,102,102,83,83,262,262,93,105,143,145,120,124,228,236,144,154,114,134,250,252,148,148,155,157,138,138,145,145,Y,X,,,,,,,,,,,,,,,,,,,,,,,,,,,,,,,,,,,,,,,,,,,,,,,,,,,,,,,
Wabasca,wood,,Trent,2023,ParksCanadaBisonProject_15Jan2023_Genotypes_Updated,12-03,,DNA,161,167,181,191,253,253,232,238,87,87,180,180,201,207,127,143,148,166,116,116,165,183,98,102,127,129,103,103,,,161,167,231,233,194,194,181,187,113,113,158,158,89,99,90,100,135,135,150,150,89,89,191,195,95,103,143,143,162,162,127,140,168,168,91,91,91,95,177,177,140,140,172,174,106,110,102,102,81,83,262,262,91,93,143,143,120,124,228,242,144,144,114,134,250,250,148,148,153,155,138,138,145,151,X,X,,,,,,,,,,,,,,,,,,,,,,,,,,,,,,,,,,,,,,,,,,,,,,,,,,,,,,,
Wabasca,wood,,Trent,2023,ParksCanadaBisonProject_15Jan2023_Genotypes_Updated,12-05,,DNA,165,167,179,181,249,269,254,254,87,87,180,180,205,211,131,143,148,148,116,118,179,183,92,102,127,129,103,103,,,167,167,227,231,200,202,187,187,113,113,156,158,91,91,100,100,135,135,146,150,87,87,195,195,99,99,160,160,158,158,127,127,170,170,85,85,91,91,167,177,140,140,172,180,108,108,100,100,83,83,260,262,91,105,143,145,120,132,228,242,154,154,114,134,250,250,142,148,155,155,138,138,149,149,Y,X,,,,,,,,,,,,,,,,,,,,,,,,,,,,,,,,,,,,,,,,,,,,,,,,,,,,,,,
Wabasca,wood,,Trent,2023,ParksCanadaBisonProject_15Jan2023_Genotypes_Updated,12-06,,DNA,173,173,179,181,239,269,254,254,87,87,180,180,211,211,129,131,152,152,114,118,179,183,96,98,127,127,103,103,,,167,167,227,231,194,200,187,187,108,108,156,156,91,91,90,100,135,135,146,150,87,87,189,191,99,99,160,162,156,166,127,140,168,170,89,91,91,91,173,175,140,150,172,172,90,110,102,104,83,83,260,262,93,93,145,145,120,124,238,242,144,154,114,134,250,250,148,148,155,157,138,138,145,149,X,X,,,,,,,,,,,,,,,,,,,,,,,,,,,,,,,,,,,,,,,,,,,,,,,,,,,,,,,
Wabasca,wood,,Trent,2023,ParksCanadaBisonProject_15Jan2023_Genotypes_Updated,12-07,,DNA,167,169,181,191,253,253,238,254,87,87,184,184,201,205,129,129,148,166,116,118,165,179,92,96,127,127,103,103,,,161,161,227,229,194,194,187,187,108,108,154,158,99,99,90,100,135,135,150,154,87,89,189,191,103,103,143,160,166,166,127,140,168,170,91,91,90,91,175,177,140,140,172,172,106,110,102,102,81,81,262,262,91,91,143,143,120,124,236,238,144,144,114,134,248,252,148,148,155,157,138,138,145,151,X,X,,,,,,,,,,,,,,,,,,,,,,,,,,,,,,,,,,,,,,,,,,,,,,,,,,,,,,,
Wabasca,wood,,Trent,2023,ParksCanadaBisonProject_15Jan2023_Genotypes_Updated,12-08,,DNA,173,173,179,179,253,269,232,232,85,91,180,180,201,201,129,131,146,152,108,116,179,183,102,104,125,129,103,103,,,167,167,227,231,194,194,181,187,108,113,154,156,93,99,90,90,135,135,146,150,87,87,189,191,97,97,160,162,162,168,127,127,168,170,85,91,91,91,177,177,140,140,172,172,90,106,102,102,81,81,262,262,91,97,143,143,124,124,228,236,144,144,118,134,250,250,148,148,155,157,136,138,145,149,X,X,,,,,,,,,,,,,,,,,,,,,,,,,,,,,,,,,,,,,,,,,,,,,,,,,,,,,,,
Wabasca,wood,,Trent,2023,Bison_Genotypes_2023_230319,150_190,,Hair,161,161,181,181,253,269,232,238,85,87,180,180,201,211,127,143,150,152,116,116,165,179,102,102,121,127,103,103,,,161,161,227,233,194,194,181,187,113,113,156,158,91,91,90,100,145,145,150,150,87,87,189,195,95,99,143,160,156,168,127,140,168,170,85,89,91,92,173,177,140,140,172,172,90,90,102,106,83,83,262,262,93,93,143,143,124,124,228,236,144,154,114,134,250,252,148,148,153,155,136,138,145,151,X,X,,,,,,,,,,,,,,,,,,,,,,,,,,,,,,,,,,,,,,,,,,,,,,,,,,,,,,,
Wabasca,wood,,Trent,2023,Bison_Genotypes_2023_230319,150_230,,Hair,173,173,181,181,253,269,232,254,85,91,180,180,201,201,129,143,148,152,//,//,179,179,96,98,127,129,103,103,,,167,167,227,231,194,194,187,187,108,113,156,156,91,99,90,90,135,145,146,146,87,87,189,191,99,99,160,162,156,156,127,140,168,170,85,89,91,95,175,177,140,150,172,174,106,110,102,104,81,83,262,262,93,97,143,145,124,132,236,236,144,154,114,118,246,252,148,148,155,155,138,138,145,145,X,X,,,,,,,,,,,,,,,,,,,,,,,,,,,,,,,,,,,,,,,,,,,,,,,,,,,,,,,
Wabasca,wood,,Trent,2023,Bison_Genotypes_2023_230319,150_250,,Hair,161,169,179,179,241,253,238,254,87,91,180,180,201,201,143,143,146,148,108,118,165,165,92,102,127,127,103,103,,,161,167,227,231,194,194,187,187,108,113,156,158,91,99,90,100,135,135,146,146,87,87,191,195,97,103,143,161,156,162,127,127,168,170,85,85,91,91,175,175,140,140,172,180,90,90,102,102,81,83,262,262,93,97,143,143,132,132,228,228,144,144,114,114,250,254,148,148,155,155,138,138,145,149,X,X,,,,,,,,,,,,,,,,,,,,,,,,,,,,,,,,,,,,,,,,,,,,,,,,,,,,,,,
Wabasca,wood,,Trent,2023,Bison_Genotypes_2023_230319,150_300,,Hair,169,173,181,191,253,269,254,254,87,87,184,184,205,205,131,143,152,166,108,118,183,183,98,102,125,127,103,103,,,161,167,229,231,194,194,187,187,113,113,156,156,91,99,90,100,135,145,146,150,87,87,189,195,99,103,160,160,156,168,127,127,168,170,89,91,91,95,167,175,140,140,172,172,90,106,102,102,83,83,262,262,91,93,143,145,120,124,228,238,154,154,114,134,250,252,142,148,155,157,138,138,145,149,X,X,,,,,,,,,,,,,,,,,,,,,,,,,,,,,,,,,,,,,,,,,,,,,,,,,,,,,,,
Wabasca,wood,,Trent,2024-06-13,Bison_2024_Genotypes_ClientCopy,24Wab_001,,Fecal,161,169,//,//,253,253,232,254,87,87,180,184,205,211,143,143,//,//,116,118,165,183,98,102,127,127,103,103,,,161,167,231,231,194,194,181,187,113,113,154,156,91,91,90,90,135,145,150,150,87,87,189,191,99,103,160,160,//,//,127,127,170,170,85,91,91,95,167,177,140,140,//,//,90,90,102,102,81,83,262,262,91,93,143,145,120,120,228,228,//,//,134,134,250,252,142,148,//,//,136,138,//,//,Y,X,,,,,,,,,,,,,,,,,,,,,,,,,,,,,,,,,,,,,,,,,,,,,,,,,,,,,,,
Wabasca,wood,,Trent,2024-06-13,Bison_2024_Genotypes_ClientCopy,24Wab_0010,,Fecal,161,165,179,181,241,269,238,238,87,87,180,180,205,211,143,143,148,152,116,118,179,183,98,102,127,129,103,103,,,167,167,225,231,194,194,187,187,108,113,156,156,91,91,90,100,135,145,146,146,87,87,189,195,97,99,160,160,156,156,127,140,168,170,85,89,91,92,173,175,140,140,172,180,108,110,102,102,83,83,262,262,93,93,143,143,120,120,228,228,144,144,114,118,246,250,142,148,151,157,138,138,145,149,X,X,,,,,,,,,,,,,,,,,,,,,,,,,,,,,,,,,,,,,,,,,,,,,,,,,,,,,,,
Wabasca,wood,,Trent,2024-06-13,Bison_2024_Genotypes_ClientCopy,24Wab_0011,,Fecal,169,173,181,191,253,269,254,254,87,87,184,184,205,205,131,143,152,166,//,//,183,183,98,102,125,127,103,103,,,161,167,229,231,194,194,187,187,113,113,156,156,91,99,90,100,135,145,146,150,87,87,189,195,99,103,160,160,156,168,127,127,168,170,89,91,91,95,167,175,140,140,//,//,90,106,102,102,83,83,262,262,93,93,143,145,120,124,228,238,154,154,114,114,250,252,142,148,155,157,138,138,145,149,X,X,,,,,,,,,,,,,,,,,,,,,,,,,,,,,,,,,,,,,,,,,,,,,,,,,,,,,,,
Wabasca,wood,,Trent,2024-06-13,Bison_2024_Genotypes_ClientCopy,24Wab_002,,Fecal,161,165,181,193,241,253,238,254,87,87,180,180,211,211,143,143,148,152,116,116,165,183,102,102,125,129,103,104,,,161,167,225,225,194,194,181,187,108,113,154,156,91,91,100,100,135,135,146,150,87,87,195,195,97,99,160,160,156,156,140,140,168,170,85,89,91,95,175,177,140,140,172,172,90,108,102,102,83,83,262,262,93,93,143,143,120,124,228,228,144,144,130,130,246,252,148,148,151,155,136,138,145,151,X,X,,,,,,,,,,,,,,,,,,,,,,,,,,,,,,,,,,,,,,,,,,,,,,,,,,,,,,,
Wabasca,wood,,Trent,2024-06-13,Bison_2024_Genotypes_ClientCopy,24Wab_003,,Fecal,161,165,179,193,241,269,238,238,87,87,180,180,205,211,143,143,148,152,//,//,179,183,98,102,127,129,103,104,,,167,167,225,231,194,194,187,187,108,113,156,156,91,91,90,100,135,145,146,146,87,87,189,195,97,99,160,160,156,156,127,140,168,170,85,89,91,92,173,175,140,140,180,180,108,110,102,102,83,83,258,262,93,93,143,143,120,120,228,228,144,144,//,//,246,250,142,148,151,157,138,138,//,//,X,X,,,,,,,,,,,,,,,,,,,,,,,,,,,,,,,,,,,,,,,,,,,,,,,,,,,,,,,
Wabasca,wood,,Trent,2024-06-13,Bison_2024_Genotypes_ClientCopy,24Wab_005,,Fecal,169,173,181,193,253,269,254,254,87,87,184,184,205,205,131,143,152,166,114,118,183,183,98,102,125,127,103,104,,,161,167,229,231,194,194,187,187,113,113,156,156,91,99,90,100,135,145,146,150,87,87,189,195,99,103,160,160,156,168,127,127,168,170,89,91,91,95,167,175,140,140,172,172,90,106,102,102,83,83,262,262,91,93,143,145,120,124,228,238,154,154,114,130,250,252,142,148,155,157,138,138,145,149,X,X,,,,,,,,,,,,,,,,,,,,,,,,,,,,,,,,,,,,,,,,,,,,,,,,,,,,,,,
Wabasca,wood,,Trent,2024-06-13,Bison_2024_Genotypes_ClientCopy,24Wab_006,,Fecal,161,165,181,191,241,253,238,254,87,87,180,180,211,211,143,143,148,152,116,116,165,183,102,102,125,129,103,104,,,161,167,225,225,194,194,181,187,108,113,154,156,91,91,100,100,135,135,146,150,87,87,195,195,97,99,160,160,156,156,140,140,168,170,85,89,91,95,175,177,140,140,172,172,90,108,102,102,83,83,262,262,93,93,143,143,120,124,228,228,144,144,114,130,246,252,148,148,151,155,136,138,//,//,X,X,,,,,,,,,,,,,,,,,,,,,,,,,,,,,,,,,,,,,,,,,,,,,,,,,,,,,,,
WBNP,wood,,Trent,2023,Bison_Genotypes_2023_230319,658,,blood,165,169,181,181,253,269,238,238,87,89,180,196,207,211,131,143,152,158,108,114,165,183,102,104,125,125,103,105,,,167,167,225,231,188,194,181,187,113,115,158,158,89,89,88,90,141,145,146,150,87,89,191,191,95,101,158,160,158,168,127,140,170,174,89,89,91,92,173,175,140,150,172,172,108,112,104,108,77,81,260,260,85,97,143,143,122,124,228,240,144,154,128,130,252,252,142,150,153,155,134,138,145,149,X,X,,,,,,,,,,,,,,,,,,,,,,,,,,,,,,,,,,,,,,,,,,,,,,,,,,,,,,,
WBNP,wood,,Trent,2023,Bison_Genotypes_2023_230319,88209,,Hair,161,169,181,181,241,269,238,252,89,89,180,192,211,211,129,129,152,158,114,118,165,175,98,104,125,125,103,103,,,167,167,229,231,190,194,179,187,115,115,158,160,89,89,90,100,135,141,150,150,89,89,189,191,101,101,160,160,142,142,127,140,170,174,81,89,91,91,173,173,150,150,174,178,106,106,100,108,77,81,256,262,93,103,143,143,124,124,228,238,154,154,128,130,252,252,148,150,155,159,136,136,147,149,X,X,,,,,,,,,,,,,,,,,,,,,,,,,,,,,,,,,,,,,,,,,,,,,,,,,,,,,,,
WBNP,wood,,Trent,2023,Bison_Genotypes_2023_230319,659602,,blood,161,173,181,181,253,253,238,238,89,89,180,192,201,205,129,129,146,164,116,116,165,165,96,102,123,129,103,104,,,167,167,229,229,194,194,181,191,113,113,158,158,89,89,102,102,145,147,146,150,87,87,189,195,99,103,158,158,142,144,142,146,170,174,89,89,91,92,167,175,140,140,176,176,108,110,100,108,83,83,256,260,91,97,145,145,132,132,228,228,154,154,130,130,252,252,148,148,151,151,134,136,143,149,X,X,,,,,,,,,,,,,,,,,,,,,,,,,,,,,,,,,,,,,,,,,,,,,,,,,,,,,,,
WBNP,wood,,Trent,2024-06-13,Bison_2024_Genotypes_ClientCopy,BSN-01,,Tissue - Ear,173,173,179,181,253,253,252,254,89,91,192,198,205,205,143,149,146,158,116,118,165,175,92,104,125,129,103,104,,,167,167,229,231,194,194,185,191,113,115,156,158,89,99,88,102,141,145,150,150,87,87,191,191,95,103,161,162,142,162,146,148,166,172,85,89,91,92,167,173,140,150,172,180,110,112,108,108,83,83,260,262,83,103,143,143,132,132,228,236,154,154,130,130,252,252,142,148,155,159,136,138,149,153,X,X,,,,,,,,,,,,,,,,,,,,,,,,,,,,,,,,,,,,,,,,,,,,,,,,,,,,,,,
WBNP,wood,,Trent,2024-06-13,Bison_2024_Genotypes_ClientCopy,BSN-02,,Tissue - Ear,165,173,179,179,253,253,238,252,81,89,180,198,205,205,143,149,146,166,108,118,165,175,92,104,123,125,103,104,,,167,167,229,233,194,194,179,185,113,113,156,156,91,99,88,90,141,141,146,150,87,89,191,191,103,103,162,170,142,162,127,146,172,172,89,89,91,91,173,175,140,150,174,180,112,112,108,108,81,83,260,260,83,103,143,143,124,132,228,238,154,154,130,130,252,252,142,148,153,155,134,138,149,153,Y,X,,,,,,,,,,,,,,,,,,,,,,,,,,,,,,,,,,,,,,,,,,,,,,,,,,,,,,,
WBNP,wood,,Trent,2024-06-13,Bison_2024_Genotypes_ClientCopy,BSN-03,,Tissue - Ear,161,165,181,181,241,253,238,252,87,89,180,180,205,207,143,143,146,152,116,116,175,183,102,104,127,131,103,103,,,167,167,225,229,190,194,181,185,113,113,154,158,89,91,90,102,141,145,146,150,87,87,189,191,97,101,158,160,144,168,142,150,166,174,81,89,91,92,173,177,146,150,172,172,106,112,104,104,83,85,262,262,97,103,143,143,124,132,236,238,154,154,118,130,252,252,142,148,155,155,138,138,145,149,Y,X,,,,,,,,,,,,,,,,,,,,,,,,,,,,,,,,,,,,,,,,,,,,,,,,,,,,,,,
WBNP,wood,,Trent,2024-06-13,Bison_2024_Genotypes_ClientCopy,BSN-04,,Tissue - Ear,161,173,181,181,253,253,232,238,89,89,184,192,205,205,129,129,146,152,116,118,165,165,102,104,129,129,103,103,,,161,167,229,229,190,194,181,181,108,115,158,158,89,91,90,90,145,145,146,150,87,89,189,191,103,103,158,160,142,166,127,150,170,172,85,89,91,91,167,167,150,152,174,174,106,112,104,104,81,83,260,262,93,97,143,143,132,132,228,238,154,154,128,130,252,252,142,142,155,157,134,138,149,149,Y,X,,,,,,,,,,,,,,,,,,,,,,,,,,,,,,,,,,,,,,,,,,,,,,,,,,,,,,,
WBNP,wood,,Trent,2024-06-13,Bison_2024_Genotypes_ClientCopy,BSN-05,,Tissue - Ear,161,173,181,191,241,269,238,252,89,89,180,196,205,207,129,129,146,152,116,116,175,175,102,104,123,129,103,103,,,167,167,227,229,188,194,181,187,115,115,156,158,89,91,90,90,145,145,146,150,87,87,195,195,101,103,158,160,142,166,127,140,166,174,89,89,91,91,173,173,146,150,172,182,106,112,100,100,83,83,262,262,83,93,143,143,124,132,228,238,154,160,128,130,252,252,142,148,153,155,138,142,145,153,Y,X,,,,,,,,,,,,,,,,,,,,,,,,,,,,,,,,,,,,,,,,,,,,,,,,,,,,,,,
WBNP,wood,,Trent,2024-06-13,Bison_2024_Genotypes_ClientCopy,BSN-07,,Tissue - Ear,161,165,179,181,241,241,238,252,89,91,184,192,205,211,143,149,146,152,116,118,175,181,96,102,125,129,103,103,,,167,167,225,231,194,194,179,181,113,115,158,158,89,89,90,102,141,145,150,150,89,89,191,195,101,101,161,162,158,164,140,142,170,170,89,95,91,92,175,175,146,150,174,174,112,112,100,108,83,85,260,262,91,97,143,145,124,124,228,238,154,154,130,132,252,252,138,142,155,155,136,136,151,153,X,X,,,,,,,,,,,,,,,,,,,,,,,,,,,,,,,,,,,,,,,,,,,,,,,,,,,,,,,
WBNP,wood,,Trent,2024-06-13,Bison_2024_Genotypes_ClientCopy,BSN-08,,Tissue - Ear,169,173,181,191,269,269,238,238,89,91,184,192,205,211,129,129,152,152,108,116,175,175,92,102,123,129,103,103,,,167,167,225,229,190,194,181,181,108,113,158,160,89,91,90,104,135,145,150,150,87,87,189,195,101,101,158,162,142,158,127,150,172,172,89,89,91,92,173,177,140,146,172,174,106,112,108,112,81,83,256,264,103,103,143,147,124,132,228,238,154,154,130,130,252,252,142,142,157,159,140,142,149,153,X,X,,,,,,,,,,,,,,,,,,,,,,,,,,,,,,,,,,,,,,,,,,,,,,,,,,,,,,,
WBNP,wood,,Trent,2024-06-13,Bison_2024_Genotypes_ClientCopy,BSN-25,,Tissue - Ear,165,173,181,181,241,271,252,254,85,89,180,180,205,211,129,149,152,152,116,116,175,175,92,104,123,129,103,104,,,167,167,225,227,188,194,181,181,115,115,158,158,89,91,88,90,141,141,150,150,87,87,191,191,97,103,158,160,158,166,142,150,170,178,85,89,92,92,173,173,146,146,172,172,106,106,100,104,81,83,260,262,85,103,143,147,124,132,228,238,154,156,130,130,252,252,142,148,155,157,134,136,149,153,X,X,,,,,,,,,,,,,,,,,,,,,,,,,,,,,,,,,,,,,,,,,,,,,,,,,,,,,,,
WBNP,wood,,Trent,2024-06-13,Bison_2024_Genotypes_ClientCopy,BSN-43,,Tissue - Ear,161,173,181,181,241,269,238,238,85,89,180,180,205,205,129,129,146,166,116,116,165,179,96,104,129,129,103,103,,,161,167,229,233,194,194,175,179,113,115,156,158,91,93,90,102,141,145,146,148,87,89,189,191,99,103,149,162,142,144,127,148,170,172,89,89,92,92,173,175,150,150,172,174,106,112,104,104,81,83,260,260,93,97,143,143,124,132,228,238,154,154,130,130,252,252,142,142,155,159,138,138,153,153,X,X,,,,,,,,,,,,,,,,,,,,,,,,,,,,,,,,,,,,,,,,,,,,,,,,,,,,,,,
WBNP,wood,,Trent,2024-06-13,Bison_2024_Genotypes_ClientCopy,BSN-46,,Tissue - Ear,165,173,181,181,253,253,238,238,89,89,184,192,207,211,129,143,142,152,108,116,165,183,102,104,123,123,103,103,,,161,167,227,229,190,190,175,181,113,115,158,158,89,91,90,90,145,145,150,150,87,91,189,195,101,101,160,162,142,168,127,127,170,174,89,95,91,92,173,177,150,150,172,178,106,112,108,108,83,83,260,262,103,103,143,143,132,132,228,238,144,144,128,130,246,252,142,148,155,157,134,138,149,153,Y,X,,,,,,,,,,,,,,,,,,,,,,,,,,,,,,,,,,,,,,,,,,,,,,,,,,,,,,,
WBNP,wood,,Trent,2024-06-13,Bison_2024_Genotypes_ClientCopy,BSN-47,,Tissue - Ear,165,169,181,181,253,253,238,238,85,89,180,184,205,211,129,129,146,146,116,116,165,175,102,104,123,127,103,104,,,161,167,229,229,190,194,175,179,113,115,158,160,89,91,90,102,141,141,150,150,87,87,191,191,95,103,149,158,142,166,127,150,166,170,89,89,91,92,173,177,146,150,174,182,110,112,102,108,83,85,256,262,97,103,143,143,124,124,238,240,154,154,130,132,250,252,138,142,155,155,134,138,149,149,X,X,,,,,,,,,,,,,,,,,,,,,,,,,,,,,,,,,,,,,,,,,,,,,,,,,,,,,,,
WBNP,wood,,Trent,2024-06-13,Bison_2024_Genotypes_ClientCopy,BSN-51,,Tissue - Ear,173,173,181,191,247,253,238,238,87,89,196,196,205,205,129,149,146,152,116,118,179,183,102,104,129,129,103,103,,,167,167,227,229,194,194,181,185,113,115,158,158,91,91,90,90,145,145,146,150,87,87,189,195,99,103,160,161,142,142,140,150,170,172,83,85,92,92,173,177,146,150,172,174,108,112,112,112,81,83,260,262,89,103,143,143,132,132,238,240,154,154,128,130,252,252,142,142,155,157,138,138,149,153,Y,X,,,,,,,,,,,,,,,,,,,,,,,,,,,,,,,,,,,,,,,,,,,,,,,,,,,,,,,
WBNP,wood,,Trent,2024-06-13,Bison_2024_Genotypes_ClientCopy,BSN-52,,Tissue - Ear,169,173,181,191,253,269,238,238,85,89,196,196,205,207,129,149,152,152,108,118,175,179,102,104,129,129,103,104,,,167,167,227,229,190,194,179,185,113,115,158,158,91,91,90,102,135,145,146,150,87,87,189,189,101,103,159,159,158,164,140,146,170,186,89,89,91,92,167,173,146,150,172,172,106,112,104,104,81,81,260,262,89,103,143,143,124,132,228,238,154,154,130,132,252,252,142,142,157,159,138,142,149,151,Y,X,,,,,,,,,,,,,,,,,,,,,,,,,,,,,,,,,,,,,,,,,,,,,,,,,,,,,,,
WBNP,wood,,Trent,2024-06-13,Bison_2024_Genotypes_ClientCopy,BSN-55,,Tissue - Ear,161,173,181,191,253,253,238,238,89,89,184,192,211,215,129,149,146,152,116,116,183,183,104,104,123,127,103,103,,,161,167,227,229,190,200,181,181,115,115,158,160,89,91,88,90,141,141,146,148,87,87,189,191,99,101,149,162,142,158,140,142,170,172,85,89,91,95,165,177,140,148,172,174,90,112,108,108,81,83,262,262,89,93,143,143,124,132,228,228,154,154,128,130,252,252,142,142,155,157,134,138,151,153,Y,X,,,,,,,,,,,,,,,,,,,,,,,,,,,,,,,,,,,,,,,,,,,,,,,,,,,,,,,
WBNP,wood,,Trent,2024-06-13,Bison_2024_Genotypes_ClientCopy,BSN-62,,Tissue - Ear,161,173,181,191,241,253,238,238,85,89,192,192,201,205,129,129,146,152,116,118,175,183,102,104,129,129,103,103,,,167,167,229,229,194,200,179,187,113,115,156,160,89,91,102,102,141,141,150,150,87,87,189,189,95,101,160,162,142,158,146,148,172,174,89,89,91,92,173,177,150,150,172,182,106,110,100,104,77,83,260,262,93,103,143,143,124,124,228,240,154,160,118,130,252,252,142,150,157,159,134,138,149,153,X,X,,,,,,,,,,,,,,,,,,,,,,,,,,,,,,,,,,,,,,,,,,,,,,,,,,,,,,,
WBNP,wood,,Trent,2024-06-13,Bison_2024_Genotypes_ClientCopy,BSN-63,,Tissue - Ear,161,165,181,191,253,253,238,238,89,89,180,184,205,211,129,143,146,152,116,118,183,183,98,102,127,129,103,105,,,161,161,229,229,194,200,179,181,108,113,158,158,91,91,90,90,135,141,150,150,87,87,189,189,103,103,158,162,142,142,127,140,172,174,81,83,91,92,173,177,150,152,172,172,112,112,100,108,81,81,260,262,91,103,143,147,124,132,228,238,144,154,130,132,246,252,142,150,155,159,138,138,149,149,//,//,,,,,,,,,,,,,,,,,,,,,,,,,,,,,,,,,,,,,,,,,,,,,,,,,,,,,,,
WBNP,wood,,Trent,2024-06-13,Bison_2024_Genotypes_ClientCopy,BSN-64,,Tissue - Ear,161,173,181,191,241,269,238,238,85,87,180,192,205,211,129,129,152,152,116,118,165,175,104,104,127,129,103,103,,,167,167,225,229,194,200,179,187,113,113,158,160,91,91,90,102,135,141,150,150,87,87,189,189,101,103,160,160,142,158,148,148,172,172,89,89,92,92,177,177,140,150,172,174,106,112,100,108,81,83,260,262,89,93,143,143,122,124,228,236,154,160,130,130,252,252,142,150,153,159,134,138,//,//,X,X,,,,,,,,,,,,,,,,,,,,,,,,,,,,,,,,,,,,,,,,,,,,,,,,,,,,,,,
WBNP,wood,,Trent,2024-06-13,Bison_2024_Genotypes_ClientCopy,BSN-65,,Tissue - Ear,159,167,181,181,253,253,232,238,81,89,180,192,205,211,143,149,146,150,116,118,175,175,102,102,123,129,103,104,,,161,167,231,233,188,200,179,179,113,113,158,158,89,91,90,102,135,141,146,150,87,87,189,191,95,95,143,162,142,166,127,150,172,176,89,89,91,92,175,177,146,150,172,174,106,106,108,112,81,83,260,262,83,97,143,143,124,132,228,238,154,156,128,130,250,252,142,150,155,155,132,138,145,149,X,X,,,,,,,,,,,,,,,,,,,,,,,,,,,,,,,,,,,,,,,,,,,,,,,,,,,,,,,
WBNP,wood,,Trent,2024-06-13,Bison_2024_Genotypes_ClientCopy,BSN-66,,Tissue - Ear,165,165,181,181,241,253,238,238,81,91,180,184,205,207,129,133,150,162,116,116,165,183,92,102,123,129,103,103,,,167,167,227,227,188,190,179,181,108,113,154,158,89,93,90,102,135,145,150,150,87,89,189,195,103,103,158,158,142,142,127,142,172,176,89,89,91,92,173,173,146,150,172,174,108,112,104,112,83,83,260,260,103,103,143,143,124,136,228,228,154,154,130,134,252,252,142,148,155,155,132,140,149,151,X,X,,,,,,,,,,,,,,,,,,,,,,,,,,,,,,,,,,,,,,,,,,,,,,,,,,,,,,,
WBNP,wood,,Trent,2024-06-13,Bison_2024_Genotypes_ClientCopy,BSN-67,,Tissue - Ear,161,169,181,181,241,253,232,238,85,89,180,190,207,211,129,129,146,152,116,116,179,183,102,104,125,129,103,103,,,167,167,225,227,188,200,175,179,115,115,158,158,89,91,90,90,141,145,150,150,87,89,189,189,95,99,160,162,142,144,127,146,170,174,81,81,91,92,173,173,150,150,174,182,106,110,104,104,77,81,260,262,93,93,143,143,124,124,228,238,154,154,128,128,252,254,142,148,155,159,136,138,145,149,Y,X,,,,,,,,,,,,,,,,,,,,,,,,,,,,,,,,,,,,,,,,,,,,,,,,,,,,,,,
WBNP,wood,,Trent,2024-06-13,Bison_2024_Genotypes_ClientCopy,BSN-68,,Tissue - Ear,165,173,181,191,253,269,238,252,87,91,180,184,205,205,129,129,142,152,116,118,165,179,98,104,123,125,103,103,,,167,167,225,229,194,200,181,187,108,109,158,158,89,89,90,90,141,141,146,150,87,87,189,191,95,103,158,160,142,168,127,127,168,172,83,89,92,92,163,177,150,150,172,176,106,108,108,108,83,83,260,262,93,103,143,143,124,132,238,240,154,156,128,130,244,252,142,142,155,157,134,136,145,149,X,X,,,,,,,,,,,,,,,,,,,,,,,,,,,,,,,,,,,,,,,,,,,,,,,,,,,,,,,
WBNP,wood,,Trent,2024-06-13,Bison_2024_Genotypes_ClientCopy,BSN-69,,Tissue - Ear,165,165,181,193,241,253,238,238,89,89,180,184,205,207,129,143,152,152,116,116,165,165,98,104,129,129,103,103,,,161,167,229,229,190,194,179,181,113,115,156,158,89,91,90,90,145,145,146,146,87,87,189,189,99,101,149,162,142,142,127,148,172,174,89,89,91,91,173,177,150,150,172,178,112,112,108,112,81,83,260,260,91,103,143,143,124,132,238,238,144,154,130,132,246,252,142,142,155,159,134,138,149,153,X,X,,,,,,,,,,,,,,,,,,,,,,,,,,,,,,,,,,,,,,,,,,,,,,,,,,,,,,,
WBNP,wood,,Trent,2024-06-13,Bison_2024_Genotypes_ClientCopy,BSN-70,,Tissue - Ear,165,165,181,181,241,253,238,252,85,91,180,180,205,215,129,143,152,152,108,116,179,179,104,104,125,129,103,103,,,161,167,229,229,190,194,179,187,108,115,158,158,89,91,102,102,145,145,146,146,87,89,191,191,95,99,160,162,142,162,140,146,168,174,85,89,91,95,167,173,146,150,172,174,108,110,100,108,81,81,256,262,93,103,143,143,120,122,228,238,154,154,130,132,246,252,142,150,155,155,138,138,147,151,X,X,,,,,,,,,,,,,,,,,,,,,,,,,,,,,,,,,,,,,,,,,,,,,,,,,,,,,,,
WBNP,wood,,Trent,2024-06-13,Bison_2024_Genotypes_ClientCopy,BSN-95,,Tissue - Ear,169,173,177,181,253,269,232,238,81,85,192,192,201,211,129,145,146,152,108,116,175,175,102,104,123,125,103,103,,,167,167,227,229,194,194,187,187,113,115,158,158,89,91,90,100,145,145,146,150,87,87,189,195,101,103,160,162,158,166,127,140,170,178,89,95,92,94,167,177,146,150,172,174,106,106,104,104,81,83,260,262,103,103,143,143,124,124,238,238,154,154,130,130,252,252,142,148,155,159,134,134,145,149,Y,X,,,,,,,,,,,,,,,,,,,,,,,,,,,,,,,,,,,,,,,,,,,,,,,,,,,,,,,
WBNP,wood,,Trent,2023,Bison_Genotypes_2023_230319,UKNWN (*NO SAMPLE ID*,,Ear Tissue,161,165,181,191,241,241,238,238,85,89,180,184,207,215,129,129,152,152,116,118,165,175,104,104,125,129,103,103,,,167,167,227,229,194,194,181,187,115,115,158,158,89,91,90,90,141,145,150,150,87,87,191,195,95,103,158,160,142,158,127,140,168,172,83,85,91,92,167,175,146,146,174,174,106,108,104,108,81,81,260,262,93,97,143,143,124,132,228,232,160,160,128,130,252,252,142,150,153,157,134,138,145,153,X,X,,,,,,,,,,,,,,,,,,,,,,,,,,,,,,,,,,,,,,,,,,,,,,,,,,,,,,,
WBNP,wood,,Trent,2024-06-13,Bison_2024_Genotypes_ClientCopy,WBNP152,,Fecal,161,165,181,191,247,253,238,238,89,91,180,180,205,211,129,143,152,152,//,//,165,165,92,92,123,129,103,103,,,167,167,229,229,194,194,175,179,113,115,156,156,89,91,90,90,145,145,146,150,87,87,189,189,101,101,158,162,142,170,142,142,170,174,85,89,91,95,167,173,146,150,//,//,106,112,104,104,81,83,262,262,//,//,143,143,124,124,228,228,156,156,130,130,252,252,142,142,155,155,136,136,//,//,Y,X,,,,,,,,,,,,,,,,,,,,,,,,,,,,,,,,,,,,,,,,,,,,,,,,,,,,,,,
WBNP,wood,,Trent,2024-06-13,Bison_2024_Genotypes_ClientCopy,WBNP159,,Fecal,161,173,//,//,253,253,238,238,85,89,196,196,205,205,129,149,152,152,//,//,165,175,//,//,125,129,//,//,,,165,165,227,229,188,194,179,185,115,115,158,158,89,91,90,102,145,145,146,150,87,89,191,191,95,95,162,162,158,162,127,146,172,172,89,89,91,95,173,177,140,140,172,180,108,108,104,108,81,83,260,262,//,//,143,143,124,132,228,238,//,//,130,130,244,252,138,150,157,157,134,134,//,//,X,X,,,,,,,,,,,,,,,,,,,,,,,,,,,,,,,,,,,,,,,,,,,,,,,,,,,,,,,
WBNP,wood,,Trent,2024-06-13,Bison_2024_Genotypes_ClientCopy,WBNP165,,Fecal,165,169,//,//,247,247,238,238,85,87,184,198,205,205,143,143,150,152,//,//,165,183,98,104,123,125,103,103,,,167,167,229,231,190,200,179,187,113,115,156,158,89,91,90,90,135,135,150,154,87,87,189,189,95,101,//,//,162,166,140,146,174,176,85,89,92,95,163,163,148,150,//,//,90,110,104,104,83,83,260,262,97,103,143,145,124,132,238,238,156,160,112,112,252,254,142,142,155,155,134,136,//,//,X,X,,,,,,,,,,,,,,,,,,,,,,,,,,,,,,,,,,,,,,,,,,,,,,,,,,,,,,,
WBNP,wood,,Trent,2024-06-13,Bison_2024_Genotypes_ClientCopy,WBNP166,,Fecal,155,173,181,191,241,271,248,252,81,91,180,192,205,207,129,143,150,152,116,116,165,179,96,98,127,129,103,103,,,167,167,227,231,188,194,181,187,113,115,154,160,89,89,88,90,135,141,146,148,87,91,189,191,101,103,154,160,142,168,142,148,172,178,85,89,92,92,159,167,140,150,174,176,108,112,106,106,81,81,256,256,93,97,143,143,124,132,228,240,154,156,130,130,252,252,142,142,157,159,134,136,145,149,Y,X,,,,,,,,,,,,,,,,,,,,,,,,,,,,,,,,,,,,,,,,,,,,,,,,,,,,,,,
WBNP,wood,,Trent,2024-06-13,Bison_2024_Genotypes_ClientCopy,WBNP170,,Fecal,161,161,181,181,253,253,232,238,89,89,180,192,205,205,129,131,//,//,//,//,175,179,98,104,129,129,103,103,,,167,167,229,231,190,194,179,185,113,113,156,160,89,89,90,90,141,145,150,150,87,87,189,189,101,103,149,161,142,142,138,140,172,176,85,89,91,91,173,175,150,150,//,//,108,112,108,108,81,83,//,//,83,103,143,143,124,132,228,238,//,//,118,130,252,252,142,142,155,159,134,140,//,//,Y,X,,,,,,,,,,,,,,,,,,,,,,,,,,,,,,,,,,,,,,,,,,,,,,,,,,,,,,,
WBNP,wood,,Trent,2024-06-13,Bison_2024_Genotypes_ClientCopy,WBNP188,,Fecal,161,165,181,181,241,253,238,238,81,89,180,184,201,215,129,129,146,152,114,116,165,179,104,104,123,127,103,103,,,167,167,227,227,194,200,181,187,113,113,158,158,89,91,90,90,141,141,146,146,87,87,189,189,101,103,160,162,142,158,127,140,166,172,83,89,//,//,167,173,140,146,172,174,110,112,108,108,81,81,262,262,//,//,143,145,124,132,228,228,144,154,128,130,252,252,142,142,153,155,134,138,153,153,X,X,,,,,,,,,,,,,,,,,,,,,,,,,,,,,,,,,,,,,,,,,,,,,,,,,,,,,,,
WBNP,wood,,Trent,2024-06-13,Bison_2024_Genotypes_ClientCopy,WBNP189,,Fecal,161,161,//,//,253,253,232,232,85,89,180,184,//,//,143,149,146,158,//,//,165,165,92,104,123,123,103,103,,,167,167,229,229,200,200,179,187,113,115,156,158,89,89,90,102,135,145,146,150,87,87,189,189,101,101,161,170,144,144,140,148,176,176,81,85,91,92,175,177,140,140,//,//,112,112,104,104,77,77,260,262,97,103,143,143,124,124,236,236,156,156,128,134,252,252,148,150,155,155,138,138,//,//,X,X,,,,,,,,,,,,,,,,,,,,,,,,,,,,,,,,,,,,,,,,,,,,,,,,,,,,,,,
WBNP,wood,,Trent,2024-06-13,Bison_2024_Genotypes_ClientCopy,WBNP210,,Fecal,161,161,181,191,253,253,238,238,87,87,180,184,//,//,129,143,146,152,//,//,175,175,96,104,123,129,103,107,,,167,167,229,229,194,194,179,181,108,108,154,158,89,91,90,102,145,147,150,150,87,89,189,195,95,101,160,160,142,164,127,127,168,170,81,89,91,95,173,173,146,146,//,//,110,112,108,108,81,83,//,//,97,103,143,143,132,132,228,228,156,156,130,130,254,254,142,148,155,155,136,138,//,//,Y,X,,,,,,,,,,,,,,,,,,,,,,,,,,,,,,,,,,,,,,,,,,,,,,,,,,,,,,,
WBNP,wood,,Trent,2024-06-13,Bison_2024_Genotypes_ClientCopy,WBNP962,,Fecal,//,//,181,191,//,//,//,//,87,89,192,192,207,207,//,//,146,146,//,//,183,183,92,102,123,129,103,103,,,167,167,227,227,194,194,179,179,115,115,152,156,89,91,102,102,141,145,150,150,87,87,//,//,95,95,162,162,142,158,127,146,174,174,89,89,91,91,173,173,150,150,182,182,110,110,104,104,77,81,260,260,//,//,143,143,124,132,240,240,//,//,118,118,252,252,142,150,157,157,//,//,153,153,Y,X,,,,,,,,,,,,,,,,,,,,,,,,,,,,,,,,,,,,,,,,,,,,,,,,,,,,,,,
WBNP,wood,,Trent,2024-06-13,Bison_2024_Genotypes_ClientCopy,WBNP963,,Fecal,165,169,177,181,253,269,238,238,89,91,180,190,201,205,129,129,146,152,116,116,165,175,102,102,123,129,103,103,,,161,167,227,229,194,200,179,185,113,115,158,160,89,89,90,90,145,145,150,150,87,89,189,189,103,103,162,170,142,168,140,146,174,174,83,89,91,95,173,177,140,150,172,174,106,112,108,108,81,85,260,260,89,93,143,143,124,124,238,238,144,144,130,132,252,254,142,148,155,157,134,138,153,153,Y,X,,,,,,,,,,,,,,,,,,,,,,,,,,,,,,,,,,,,,,,,,,,,,,,,,,,,,,,
WBNP,wood,,Trent,2024-06-13,Bison_2024_Genotypes_ClientCopy,WBNP964,,Fecal,161,169,191,191,253,269,232,238,81,89,180,180,205,205,143,143,146,158,//,//,175,183,92,104,123,129,103,103,,,167,167,227,227,188,194,185,187,113,115,156,160,91,93,90,90,135,145,150,150,87,87,191,191,101,103,160,170,142,142,142,150,178,178,89,89,91,92,167,177,146,146,182,182,108,112,104,104,83,83,260,260,93,103,145,147,132,132,228,228,//,//,130,132,252,252,138,142,155,159,134,138,151,151,Y,X,,,,,,,,,,,,,,,,,,,,,,,,,,,,,,,,,,,,,,,,,,,,,,,,,,,,,,,
WBNP,wood,,Trent,2024-06-13,Bison_2024_Genotypes_ClientCopy,WBNP-972-Fe,,Fecal,161,173,//,//,247,253,//,//,87,89,196,196,205,211,129,143,146,152,//,//,175,175,//,//,129,129,103,104,,,167,167,225,227,190,190,187,187,113,115,156,158,89,91,90,90,141,145,150,152,87,87,189,195,101,103,158,161,142,166,142,150,172,172,83,85,91,91,167,177,150,150,//,//,106,110,100,108,81,83,//,//,//,//,143,143,124,132,//,//,154,154,130,130,252,252,142,150,155,159,134,138,//,//,//,//,,,,,,,,,,,,,,,,,,,,,,,,,,,,,,,,,,,,,,,,,,,,,,,,,,,,,,,
WBNP,wood,,Trent,2024-06-13,Bison_2024_Genotypes_ClientCopy,WBNP-973-Fe,,Fecal,165,175,181,193,253,253,238,238,89,89,180,184,205,207,129,129,152,152,116,116,165,183,98,104,123,129,103,103,,,161,167,229,229,188,190,179,181,113,115,158,158,89,91,90,90,145,145,150,150,87,87,189,195,99,103,158,162,162,166,127,127,172,172,89,89,91,91,173,173,150,152,172,174,106,108,104,108,81,83,260,262,93,103,143,143,124,132,228,240,144,144,128,128,252,254,142,142,155,159,134,140,149,153,X,X,,,,,,,,,,,,,,,,,,,,,,,,,,,,,,,,,,,,,,,,,,,,,,,,,,,,,,,
WBNP,wood,,Trent,2024-06-13,Bison_2024_Genotypes_ClientCopy,WBNP-974-Fe,,Fecal,165,173,181,193,241,253,232,232,89,89,180,180,205,205,143,143,146,158,116,116,175,175,104,104,129,131,103,103,,,167,167,227,229,194,194,181,185,113,115,158,158,89,89,90,102,141,141,146,150,87,89,191,195,101,101,160,170,//,//,140,150,166,172,85,95,92,95,173,177,140,150,//,//,106,112,112,112,81,83,260,262,93,103,143,147,132,132,228,228,154,160,130,134,252,252,142,142,155,159,138,138,149,149,Y,X,,,,,,,,,,,,,,,,,,,,,,,,,,,,,,,,,,,,,,,,,,,,,,,,,,,,,,,
WBNP,wood,,Trent,2024-06-13,Bison_2024_Genotypes_ClientCopy,WBNP-975-Fe,,Fecal,169,173,181,191,253,253,238,238,85,89,192,196,205,205,143,143,150,152,116,116,165,175,102,104,127,129,103,103,,,167,167,225,229,194,200,185,187,113,115,154,156,89,91,100,102,141,141,150,150,87,87,189,189,95,103,162,170,142,142,140,148,170,172,89,89,//,//,167,177,140,150,172,174,106,112,108,112,81,83,262,262,103,103,143,143,124,124,228,238,154,154,128,128,252,252,142,148,155,159,136,142,149,151,X,X,,,,,,,,,,,,,,,,,,,,,,,,,,,,,,,,,,,,,,,,,,,,,,,,,,,,,,,
WBNP,wood,,Trent,2024-06-13,Bison_2024_Genotypes_ClientCopy,WBNP-976-Fe,,Fecal,161,161,181,181,269,269,232,238,//,//,180,180,207,207,143,143,152,152,//,//,175,183,104,104,123,129,103,103,,,167,167,229,229,188,194,175,179,115,115,156,156,89,91,90,90,141,141,150,152,87,87,191,195,95,101,149,149,142,142,140,142,166,174,85,89,92,95,173,173,140,146,//,//,106,112,108,108,81,81,260,260,93,93,143,143,122,132,228,228,154,154,130,130,252,254,138,142,//,//,134,138,//,//,Y,X,,,,,,,,,,,,,,,,,,,,,,,,,,,,,,,,,,,,,,,,,,,,,,,,,,,,,,,
WBNP,wood,,Trent,2024-06-13,Bison_2024_Genotypes_ClientCopy,WBNP-977-Fe,,Fecal,165,165,181,181,253,269,232,238,89,89,180,180,205,215,129,129,152,152,116,118,165,165,102,102,129,129,103,103,,,167,167,227,229,194,194,175,181,113,115,152,158,89,91,90,90,145,145,150,150,87,87,189,195,103,103,158,160,162,166,127,150,168,172,85,89,91,91,173,177,148,150,174,174,108,112,108,108,81,85,260,266,103,103,143,143,122,124,228,238,144,144,118,130,252,252,142,142,155,155,138,138,149,151,Y,X,,,,,,,,,,,,,,,,,,,,,,,,,,,,,,,,,,,,,,,,,,,,,,,,,,,,,,,
WBNP,wood,,Trent,2024-06-13,Bison_2024_Genotypes_ClientCopy,WBNP-978-Fe,,Fecal,161,161,191,191,253,253,238,238,85,85,184,192,205,205,129,129,146,152,116,116,165,183,104,104,127,129,103,103,,,165,167,227,227,188,194,181,187,113,113,156,156,89,91,90,90,135,141,150,150,87,87,189,195,95,103,158,160,142,166,127,150,172,172,83,83,91,92,173,173,140,150,172,174,106,112,104,108,81,85,260,260,93,103,143,143,124,124,228,240,154,160,118,130,244,252,138,138,155,157,134,142,149,151,X,X,,,,,,,,,,,,,,,,,,,,,,,,,,,,,,,,,,,,,,,,,,,,,,,,,,,,,,,
WBNP,wood,,Trent,2024-06-13,Bison_2024_Genotypes_ClientCopy,WBNP-982-Fe,,Fecal,165,173,181,191,249,253,232,238,89,91,180,192,205,207,129,129,152,152,116,116,165,165,92,104,125,127,103,104,,,161,167,227,229,188,194,175,179,113,115,158,160,89,91,90,90,141,147,146,150,87,87,191,191,103,103,160,160,142,168,140,140,172,172,85,89,91,92,167,175,146,146,172,172,108,108,108,108,83,83,260,262,97,103,143,145,132,132,232,238,144,154,130,132,246,252,142,142,153,155,132,134,149,151,Y,X,,,,,,,,,,,,,,,,,,,,,,,,,,,,,,,,,,,,,,,,,,,,,,,,,,,,,,,
WBNP,wood,,Trent,2024-06-13,Bison_2024_Genotypes_ClientCopy,WBNP-983-Fe,,Fecal,173,173,191,191,247,271,238,238,89,91,180,180,211,211,129,143,146,166,//,//,165,175,98,104,129,129,103,103,,,167,167,225,229,188,194,179,187,115,115,158,160,89,91,88,90,135,141,150,152,87,87,195,195,101,103,160,162,142,142,146,148,168,172,85,89,91,95,173,177,146,150,174,176,90,106,108,108,81,81,260,262,93,103,143,143,124,132,228,238,156,158,130,134,252,252,142,150,155,157,134,138,149,149,X,X,,,,,,,,,,,,,,,,,,,,,,,,,,,,,,,,,,,,,,,,,,,,,,,,,,,,,,,
WBNP,wood,,Trent,2024-06-13,Bison_2024_Genotypes_ClientCopy,WBNP-984-Fe,,Fecal,161,173,191,191,253,253,238,238,85,89,180,192,205,205,129,129,146,152,116,118,175,183,102,104,129,129,102,103,,,167,167,225,227,188,200,179,187,108,115,156,158,91,91,90,102,145,145,146,150,89,89,189,189,95,95,160,162,142,142,127,127,172,172,85,89,95,95,167,177,146,146,172,174,90,106,104,104,81,85,262,262,103,103,143,145,122,132,228,238,154,156,118,130,252,252,142,148,155,157,136,138,145,149,Y,X,,,,,,,,,,,,,,,,,,,,,,,,,,,,,,,,,,,,,,,,,,,,,,,,,,,,,,,
WBNP,wood,,Trent,2024-06-13,Bison_2024_Genotypes_ClientCopy,WPNB967,,Fecal,161,173,181,181,253,253,232,232,89,91,184,196,205,215,129,143,146,158,116,116,181,183,92,104,123,125,103,103,,,167,167,229,229,194,194,175,179,113,115,160,160,91,91,90,90,141,145,146,150,87,87,189,195,101,103,143,170,144,158,127,127,174,176,85,85,92,94,173,175,150,150,172,176,106,112,104,108,77,81,260,262,83,93,//,//,124,132,228,238,154,154,128,130,252,252,142,142,159,159,134,136,//,//,X,X,,,,,,,,,,,,,,,,,,,,,,,,,,,,,,,,,,,,,,,,,,,,,,,,,,,,,,,
WBNP,wood,,Trent,2024-06-13,Bison_2024_Genotypes_ClientCopy,WPNB968,,Fecal,173,173,181,181,269,269,//,//,89,91,184,184,205,205,129,129,//,//,//,//,175,175,104,104,129,129,103,103,,,167,167,//,//,194,194,181,187,108,115,158,158,89,91,102,104,145,145,150,150,87,87,189,189,101,103,162,162,142,156,140,150,170,172,89,89,91,91,173,175,140,150,//,//,106,108,104,104,81,83,260,262,//,//,143,147,124,124,228,228,154,154,//,//,252,252,142,142,155,159,138,140,//,//,Y,X,,,,,,,,,,,,,,,,,,,,,,,,,,,,,,,,,,,,,,,,,,,,,,,,,,,,,,,
WBNP,wood,,Trent,2024-06-13,Bison_2024_Genotypes_ClientCopy,WPNB969,,Fecal,161,165,191,191,247,253,232,232,89,89,192,196,207,207,129,129,152,152,//,//,165,165,96,98,123,125,103,104,,,//,//,225,233,194,194,179,179,113,113,156,158,91,91,90,90,135,145,150,150,87,87,189,195,//,//,143,158,142,166,127,140,176,176,89,89,91,95,167,167,146,146,176,176,108,108,106,108,81,81,260,260,91,91,143,147,124,132,//,//,144,156,130,130,246,252,142,150,155,155,134,138,//,//,X,X,,,,,,,,,,,,,,,,,,,,,,,,,,,,,,,,,,,,,,,,,,,,,,,,,,,,,,,
WBNP/Garden River,wood,,Trent,2023,Bison_Genotypes_2023_230319,20,,Hair,173,173,191,191,247,269,232,238,85,89,180,184,207,211,129,129,146,166,116,118,165,183,92,92,125,125,103,103,,,167,167,227,229,188,188,179,179,115,115,158,158,89,91,90,90,145,145,150,150,89,89,189,191,95,103,154,162,142,168,127,142,168,170,83,89,91,94,173,177,140,146,174,176,106,112,102,104,81,83,260,262,85,89,143,143,124,124,228,240,154,160,130,130,252,252,148,148,155,157,136,136,149,149,X,X,,,,,,,,,,,,,,,,,,,,,,,,,,,,,,,,,,,,,,,,,,,,,,,,,,,,,,,
WBNP/Garden River,wood,,Trent,2023,Bison_Genotypes_2023_230319,40,,Hair,165,173,181,183,247,253,232,238,81,89,180,180,205,215,129,129,146,152,116,118,183,183,98,104,129,129,103,103,,,161,167,225,229,188,190,187,191,115,115,156,158,89,89,90,90,145,147,146,150,87,87,191,191,99,103,149,162,142,162,127,140,166,170,85,91,91,92,173,175,150,150,172,174,108,112,100,106,83,83,256,262,97,97,143,143,124,124,238,238,154,154,130,134,252,252,142,142,155,159,138,138,145,153,X,X,,,,,,,,,,,,,,,,,,,,,,,,,,,,,,,,,,,,,,,,,,,,,,,,,,,,,,,
WBNP/Garden River,wood,,Trent,2023,Bison_Genotypes_2023_230319,60,,Hair,161,169,191,191,269,269,238,238,89,91,192,196,211,211,143,149,146,158,116,116,183,183,104,104,125,129,103,103,,,167,167,231,231,194,194,179,187,113,113,154,154,89,89,90,90,135,135,150,150,87,87,189,191,99,103,162,162,142,158,140,142,176,178,81,83,95,95,159,173,140,146,174,182,106,112,104,106,83,83,258,262,89,103,143,143,124,132,228,238,144,158,128,130,252,254,142,148,153,155,138,138,145,153,X,X,,,,,,,,,,,,,,,,,,,,,,,,,,,,,,,,,,,,,,,,,,,,,,,,,,,,,,,
WBNP/Garden River,wood,,Trent,2023,Bison_Genotypes_2023_230319,80,,Hair,161,173,179,181,253,253,238,238,81,81,180,192,205,207,143,149,158,162,116,116,179,183,92,104,125,129,103,103,,,165,167,229,229,194,194,179,181,113,115,158,160,89,89,88,102,135,141,150,150,87,89,191,191,99,101,158,158,142,158,127,140,170,172,89,89,91,92,177,177,140,146,174,176,106,110,100,102,81,83,260,262,91,91,143,145,124,132,228,228,144,154,118,128,246,250,142,148,155,157,134,134,149,151,X,X,,,,,,,,,,,,,,,,,,,,,,,,,,,,,,,,,,,,,,,,,,,,,,,,,,,,,,,
WBNP/Garden River,wood,,Trent,2023,Bison_Genotypes_2023_230319,100,,Hair,161,165,191,191,253,253,238,250,85,91,180,180,205,205,129,143,146,158,116,118,183,183,104,104,129,131,103,103,,,161,167,229,229,188,194,187,187,108,113,160,160,89,91,88,90,145,145,150,150,87,89,189,191,99,99,158,160,158,158,127,140,170,172,89,89,91,92,159,173,146,150,172,174,112,112,104,112,81,81,262,262,97,103,143,145,124,132,240,240,154,154,130,132,252,252,142,142,155,155,136,140,145,153,X,X,,,,,,,,,,,,,,,,,,,,,,,,,,,,,,,,,,,,,,,,,,,,,,,,,,,,,,,
WBNP/Garden River,wood,,Trent,2023,Bison_Genotypes_2023_230319,120,,Hair,167,173,181,181,245,269,232,238,87,87,180,196,205,205,141,141,146,152,116,116,165,183,102,104,123,131,103,103,,,167,167,229,229,188,188,175,181,108,113,158,158,89,89,90,102,135,145,148,150,87,87,189,191,95,101,158,158,164,168,148,150,170,170,83,83,92,95,175,177,140,150,174,174,90,108,104,108,81,83,260,262,97,103,143,143,124,124,228,228,154,156,132,134,252,252,142,142,155,159,132,138,149,149,X,X,,,,,,,,,,,,,,,,,,,,,,,,,,,,,,,,,,,,,,,,,,,,,,,,,,,,,,,
WBNP/Garden River,wood,,Trent,2023,Bison_Genotypes_2023_230319,140,,Hair,161,173,181,191,247,253,232,238,87,89,180,184,205,205,129,143,152,162,116,118,175,183,96,102,127,131,103,105,,,161,167,231,231,194,194,179,187,115,115,156,158,89,89,90,100,135,145,146,146,87,89,189,195,101,101,154,162,142,158,140,148,170,172,81,89,92,95,173,175,146,148,172,172,110,112,108,108,81,83,262,262,93,103,143,143,124,124,228,238,158,160,128,130,252,252,142,148,155,155,136,138,149,151,X,X,,,,,,,,,,,,,,,,,,,,,,,,,,,,,,,,,,,,,,,,,,,,,,,,,,,,,,,
WBNP/Garden River,wood,,Trent,2023,Bison_Genotypes_2023_230319,160,,Hair,161,161,183,191,249,253,238,238,85,89,180,184,205,211,129,143,158,162,114,118,175,183,102,102,127,129,103,105,,,167,167,229,233,194,194,179,179,115,115,156,158,89,93,90,100,141,145,150,150,87,87,189,191,101,103,162,170,142,156,127,150,172,176,81,89,91,91,173,177,150,150,172,178,106,112,100,104,83,83,260,262,97,103,143,143,122,124,238,238,154,154,130,130,246,252,142,150,155,157,134,136,149,151,X,X,,,,,,,,,,,,,,,,,,,,,,,,,,,,,,,,,,,,,,,,,,,,,,,,,,,,,,,
WBNP/Garden River,wood,,Trent,2023,Bison_Genotypes_2023_230319,180,,Hair,161,165,181,191,253,253,232,238,89,91,180,180,201,207,129,133,152,166,108,116,175,175,104,104,129,131,103,103,,,167,167,227,229,190,194,179,187,115,115,158,158,91,91,88,102,141,145,150,154,87,89,191,191,101,103,147,158,142,142,142,150,170,172,81,89,92,92,173,173,150,150,172,180,112,112,104,112,83,85,260,260,93,103,143,143,124,124,228,238,144,154,128,134,252,252,150,150,155,157,132,138,145,153,X,X,,,,,,,,,,,,,,,,,,,,,,,,,,,,,,,,,,,,,,,,,,,,,,,,,,,,,,,
WBNP/Garden River,wood,,Trent,2023,Bison_Genotypes_2023_230319,200,,Hair,165,165,181,181,253,269,238,238,85,89,184,184,205,205,129,143,152,166,116,118,165,183,92,104,125,129,105,105,,,167,167,229,231,194,194,179,185,113,113,156,160,89,89,90,100,135,141,146,150,87,87,189,189,101,103,147,160,158,168,140,140,170,170,89,89,91,92,177,177,146,150,172,172,108,112,104,108,81,83,260,262,93,103,143,143,124,132,228,238,154,156,118,130,252,252,142,142,155,157,134,138,153,153,X,X,,,,,,,,,,,,,,,,,,,,,,,,,,,,,,,,,,,,,,,,,,,,,,,,,,,,,,,
WBNP/Garden River,wood,,Trent,2023,Bison_Genotypes_2023_230319,220,,Hair,161,173,179,191,241,253,238,254,85,91,180,180,205,211,129,129,146,152,116,116,181,183,104,104,123,125,103,105,,,167,167,225,233,188,194,175,181,113,115,154,156,89,91,90,90,145,145,150,150,87,87,191,195,95,95,160,162,144,166,138,140,172,174,89,89,92,92,173,177,150,150,174,176,106,112,104,104,81,83,262,262,93,97,143,143,124,124,238,238,154,156,130,132,252,252,148,148,151,157,136,136,145,145,X,X,,,,,,,,,,,,,,,,,,,,,,,,,,,,,,,,,,,,,,,,,,,,,,,,,,,,,,,
WBNP/Garden River,wood,,Trent,2023,Bison_Genotypes_2023_230319,240,,Hair,161,173,181,191,253,271,238,238,87,91,190,192,205,211,129,143,146,146,116,118,165,175,102,102,123,127,103,103,,,167,167,227,229,194,194,175,187,115,115,158,158,89,89,90,90,145,145,146,150,87,87,189,195,95,101,147,162,144,144,140,146,172,174,89,89,91,92,173,175,140,150,172,172,106,112,104,108,81,83,260,262,93,103,143,143,122,124,228,238,144,156,132,134,250,252,148,150,159,159,136,138,151,153,X,X,,,,,,,,,,,,,,,,,,,,,,,,,,,,,,,,,,,,,,,,,,,,,,,,,,,,,,,
WBNP/Garden River,wood,,Trent,2023,Bison_Genotypes_2023_230319,260,,blood,165,165,181,181,253,253,232,252,89,91,180,180,205,215,129,143,152,162,116,116,175,183,102,104,125,129,103,103,,,161,167,229,231,188,188,179,187,108,113,156,158,89,93,90,90,145,145,146,150,87,89,189,189,101,101,147,162,142,168,127,148,166,170,85,89,91,92,175,177,146,150,172,182,110,112,104,104,83,83,262,262,85,89,143,143,124,124,238,238,154,154,130,134,246,252,142,148,155,155,136,136,145,151,X,X,,,,,,,,,,,,,,,,,,,,,,,,,,,,,,,,,,,,,,,,,,,,,,,,,,,,,,,
WBNP/Garden River,wood,,Trent,2023,Bison_Genotypes_2023_230319,280,,Hair,161,173,181,181,253,269,238,252,85,89,180,184,211,211,143,149,146,152,116,118,165,183,104,104,123,129,103,103,,,167,167,229,229,194,200,179,181,108,115,156,158,89,91,90,102,141,145,146,150,87,87,189,195,99,103,158,158,162,164,138,146,172,176,89,89,91,92,167,175,140,140,174,182,110,112,100,104,81,83,260,262,83,89,143,143,124,124,228,240,154,156,118,130,252,252,150,150,151,155,136,138,149,151,X,X,,,,,,,,,,,,,,,,,,,,,,,,,,,,,,,,,,,,,,,,,,,,,,,,,,,,,,,
WBNP/Garden River,wood,,Trent,2023,Bison_Genotypes_2023_230319,300,,Hair,173,173,181,181,253,253,238,238,81,85,184,192,205,205,129,129,146,162,116,118,165,183,102,104,129,129,103,105,,,161,165,229,229,188,194,187,187,108,115,156,160,91,91,90,90,145,145,146,150,87,89,191,191,99,103,158,170,142,158,140,146,170,172,83,85,92,95,159,163,146,150,174,174,110,112,104,108,81,83,260,262,97,105,143,143,120,132,228,236,154,154,130,130,252,252,142,148,155,159,136,140,153,153,X,X,,,,,,,,,,,,,,,,,,,,,,,,,,,,,,,,,,,,,,,,,,,,,,,,,,,,,,,
WBNP/Garden River,wood,,Trent,2023,Bison_Genotypes_2023_230319,320,,Hair,161,165,181,191,247,253,232,238,89,89,184,198,201,211,129,141,158,162,116,118,165,183,104,104,125,129,103,103,,,167,167,229,229,188,194,175,187,115,115,158,158,91,93,88,90,135,145,150,150,87,89,189,189,95,101,162,162,158,158,138,140,170,172,81,83,95,95,167,167,150,150,172,172,106,106,104,104,81,83,260,262,93,103,143,143,132,132,228,238,154,156,114,132,252,252,148,150,153,155,136,136,149,149,X,X,,,,,,,,,,,,,,,,,,,,,,,,,,,,,,,,,,,,,,,,,,,,,,,,,,,,,,,
WBNP/Garden River,wood,,Trent,2023,Bison_Genotypes_2023_230319,340,,Hair,155,173,191,191,241,241,232,238,85,91,180,192,205,211,129,129,152,152,116,116,175,183,98,104,125,129,103,103,,,161,167,225,229,194,194,187,187,113,115,154,158,89,93,90,90,141,145,148,150,87,87,189,195,95,103,147,170,142,142,140,148,170,174,89,89,91,94,159,167,150,152,172,172,112,112,108,112,81,81,260,262,93,97,143,143,124,124,228,236,154,154,114,130,252,252,142,148,155,155,134,138,145,153,X,X,,,,,,,,,,,,,,,,,,,,,,,,,,,,,,,,,,,,,,,,,,,,,,,,,,,,,,,
WBNP/Garden River,wood,,Trent,2023,Bison_Genotypes_2023_230319,360,,Hair,161,161,181,191,253,253,232,238,85,91,184,196,207,207,129,129,152,152,116,116,181,183,102,102,129,129,102,103,,,167,177,227,229,194,194,187,191,115,115,158,158,89,89,90,102,145,145,150,150,87,89,189,191,95,101,160,162,168,168,127,140,170,174,89,89,91,92,167,177,146,150,172,172,108,108,104,108,81,83,260,262,97,97,143,143,132,132,228,236,144,160,130,130,252,252,148,150,153,159,136,138,145,149,X,X,,,,,,,,,,,,,,,,,,,,,,,,,,,,,,,,,,,,,,,,,,,,,,,,,,,,,,,
WBNP/Garden River,wood,,Trent,2023,Bison_Genotypes_2023_230319,380,,Hair,161,173,181,191,241,271,238,238,81,81,184,192,205,205,129,143,162,164,116,118,179,179,104,104,125,129,103,103,,,167,167,227,231,188,194,179,185,115,115,158,158,89,91,90,90,141,141,146,146,87,89,189,189,103,103,161,162,142,142,148,150,172,178,89,89,91,91,167,173,150,150,172,182,106,112,100,104,81,83,260,262,93,103,143,143,124,132,228,228,154,154,128,130,252,252,142,148,155,159,136,138,145,145,X,X,,,,,,,,,,,,,,,,,,,,,,,,,,,,,,,,,,,,,,,,,,,,,,,,,,,,,,,
WBNP/Hay Camp,wood,,Trent,2023,Bison_Genotypes_2023_230319,BSN-107 (Yearling Female),,Ear Tissue,165,173,181,181,247,253,238,252,85,89,192,198,215,215,129,129,146,150,116,118,165,175,104,104,129,129,103,103,,,161,167,227,229,194,200,179,187,115,115,156,158,89,89,90,90,135,145,146,146,91,91,189,191,101,101,158,162,142,158,140,146,170,172,89,89,91,92,173,173,150,150,172,174,106,106,100,108,83,85,260,262,83,103,143,143,124,132,238,240,154,154,118,130,252,252,142,148,155,159,138,138,149,153,X,X,,,,,,,,,,,,,,,,,,,,,,,,,,,,,,,,,,,,,,,,,,,,,,,,,,,,,,,
WBNP/Hay Camp,wood,,Trent,2023,Bison_Genotypes_2023_230319,BSN-49,,Ear Tissue,161,165,181,181,247,253,232,238,89,89,180,184,205,207,129,143,146,158,116,118,165,175,104,104,123,125,103,105,,,167,167,229,229,194,194,181,187,113,115,158,158,89,91,90,102,135,141,150,154,87,87,189,189,95,101,158,158,166,168,140,150,170,174,89,89,91,91,165,177,140,146,172,182,106,106,104,104,83,83,260,262,89,103,143,143,124,124,236,238,144,154,130,132,252,252,142,142,155,159,134,138,145,151,//,//,,,,,,,,,,,,,,,,,,,,,,,,,,,,,,,,,,,,,,,,,,,,,,,,,,,,,,,
WBNP/Hay Camp,wood,,Trent,2023,Bison_Genotypes_2023_230319,BSN-50,,Ear Tissue,161,169,181,181,269,271,232,238,81,89,184,192,211,211,129,149,152,158,108,118,175,183,96,102,125,125,103,103,,,161,167,229,229,194,200,181,187,108,115,158,160,89,91,90,90,141,145,146,146,87,91,189,191,95,101,158,170,142,158,148,148,168,172,85,89,91,95,165,177,146,150,176,182,108,112,104,104,81,85,262,262,89,97,143,145,132,132,228,236,154,154,128,130,252,252,138,150,155,155,136,138,149,151,Y,X,,,,,,,,,,,,,,,,,,,,,,,,,,,,,,,,,,,,,,,,,,,,,,,,,,,,,,,
WBNP/Hay Camp,wood,,Trent,2023,Bison_Genotypes_2023_230319,BSN-57,,Ear Tissue,173,173,177,181,253,269,238,238,89,89,196,196,205,207,141,143,146,152,116,116,175,179,96,104,125,129,103,105,,,167,167,227,229,194,194,181,187,115,115,156,158,89,89,90,102,135,135,150,154,87,87,189,191,95,103,158,161,166,166,142,142,174,174,89,89,91,92,173,177,150,150,172,172,106,112,104,104,81,83,260,262,83,85,143,145,132,132,228,238,154,154,128,128,252,252,142,150,155,159,138,138,149,149,Y,X,,,,,,,,,,,,,,,,,,,,,,,,,,,,,,,,,,,,,,,,,,,,,,,,,,,,,,,
WBNP/Hay Camp,wood,,Trent,2023,Bison_Genotypes_2023_230319,BSN-60,,Ear Tissue,165,173,181,191,253,269,238,252,87,91,180,184,205,205,129,129,142,152,116,118,165,179,98,104,123,125,103,104,,,167,167,225,229,194,200,181,187,108,109,158,158,89,89,90,90,141,141,146,150,87,87,189,191,95,103,158,160,142,168,127,127,168,172,83,89,92,92,163,177,150,150,172,176,106,108,108,108,83,83,260,262,93,103,143,143,124,132,238,240,154,156,128,130,244,252,142,142,155,157,134,136,145,149,X,X,,,,,,,,,,,,,,,,,,,,,,,,,,,,,,,,,,,,,,,,,,,,,,,,,,,,,,,
WBNP/Hay Camp,wood,,Trent,2023,Bison_Genotypes_2023_230319,BSN-61,,Ear Tissue,169,173,179,191,253,269,238,252,81,91,180,180,205,205,129,133,146,152,116,116,183,183,104,104,127,127,103,103,,,167,167,229,229,190,200,179,185,115,115,158,158,89,89,88,102,141,145,146,148,85,87,189,191,99,103,160,162,142,158,140,150,170,174,85,89,92,94,177,177,146,146,172,174,110,112,104,104,83,83,260,262,97,103,143,143,124,124,228,228,154,154,130,130,246,252,142,142,155,157,136,136,149,149,Y,X,,,,,,,,,,,,,,,,,,,,,,,,,,,,,,,,,,,,,,,,,,,,,,,,,,,,,,,
WBNP/Hay Camp,wood,,Trent,2023,Bison_Genotypes_2023_230319,BSN71,,Biopsy,165,169,181,181,253,269,232,232,89,91,180,184,205,205,129,129,146,164,114,118,165,175,102,102,125,129,103,103,,,161,167,229,231,188,188,185,187,108,115,156,156,89,91,88,90,145,145,146,150,87,87,189,189,101,103,160,160,142,164,140,140,170,172,81,83,92,92,167,177,146,148,172,172,106,112,104,104,81,83,260,262,97,103,133,143,132,132,238,240,154,154,128,130,252,252,142,142,153,153,134,138,151,153,Y,X,,,,,,,,,,,,,,,,,,,,,,,,,,,,,,,,,,,,,,,,,,,,,,,,,,,,,,,
WBNP/Hay Camp,wood,,Trent,2023,Bison_Genotypes_2023_230319,BSN81,,Biopsy,161,173,181,181,241,247,232,238,89,89,184,196,205,205,129,149,146,152,116,118,165,175,104,104,125,127,103,103,,,161,161,229,229,188,194,181,181,108,115,154,158,89,91,90,90,141,145,146,150,87,89,189,191,99,103,161,170,144,168,140,148,170,174,85,89,92,94,173,177,140,148,172,172,106,112,104,104,83,83,260,262,83,97,143,147,122,124,238,240,144,154,130,134,252,252,142,148,153,155,134,136,149,151,Y,X,,,,,,,,,,,,,,,,,,,,,,,,,,,,,,,,,,,,,,,,,,,,,,,,,,,,,,,
WBNP/Hay Camp,wood,,Trent,2023,Bison_Genotypes_2023_230319,BSN82,,Biopsy,161,161,181,181,241,253,232,238,85,89,184,192,201,211,129,129,152,152,108,118,165,183,96,98,129,129,103,103,,,161,167,229,229,194,194,181,187,108,115,156,158,89,91,90,90,141,145,146,150,87,87,189,191,101,101,160,160,164,168,127,142,170,176,89,89,91,92,167,173,146,150,172,182,108,112,108,108,83,85,262,262,85,103,143,143,124,132,228,238,156,156,130,132,252,252,142,148,157,159,134,136,149,151,Y,X,,,,,,,,,,,,,,,,,,,,,,,,,,,,,,,,,,,,,,,,,,,,,,,,,,,,,,,
WBNP/Hay Camp,wood,,Trent,2023,Bison_Genotypes_2023_230319,BSN83,,Biopsy,161,173,181,191,253,269,232,236,85,89,180,192,201,205,143,143,146,152,116,118,183,183,104,104,121,125,103,103,,,167,167,225,229,194,194,187,191,108,115,156,158,89,91,90,90,145,145,146,150,87,87,189,191,103,103,158,160,142,166,140,148,170,172,81,89,91,91,163,167,146,150,172,172,106,112,100,100,81,83,262,262,93,103,143,143,124,132,228,240,154,154,128,130,252,252,142,142,151,157,134,134,149,151,Y,X,,,,,,,,,,,,,,,,,,,,,,,,,,,,,,,,,,,,,,,,,,,,,,,,,,,,,,,
WBNP/Hay Camp,wood,,Trent,2023,Bison_Genotypes_2023_230319,BSN84,,Biopsy,161,173,181,191,253,269,238,238,87,89,180,180,205,211,129,129,152,152,116,118,175,183,102,104,129,131,103,103,,,167,167,229,229,194,200,187,187,113,113,158,160,91,91,90,102,135,147,146,150,87,87,189,189,101,103,158,160,142,158,142,148,172,174,89,89,91,91,173,177,140,150,174,176,106,110,100,100,83,83,256,260,89,89,143,143,122,124,228,236,154,160,128,130,252,252,142,142,157,159,134,138,151,151,Y,X,,,,,,,,,,,,,,,,,,,,,,,,,,,,,,,,,,,,,,,,,,,,,,,,,,,,,,,
WBNP/Hay Camp,wood,,Trent,2023,Bison_Genotypes_2023_230319,BSN86,,Biopsy,165,165,181,191,253,253,238,238,87,91,180,192,205,215,129,143,146,152,116,118,175,179,102,102,129,131,103,105,,,161,167,227,229,194,194,179,187,113,115,158,158,89,91,102,102,141,145,150,150,87,87,189,189,101,103,160,162,142,158,127,146,172,172,89,95,92,95,175,175,140,150,172,174,106,108,100,100,83,83,260,262,93,93,143,143,124,132,228,240,154,154,130,130,252,252,142,142,155,155,138,140,153,153,Y,X,,,,,,,,,,,,,,,,,,,,,,,,,,,,,,,,,,,,,,,,,,,,,,,,,,,,,,,
WBNP/Hay Camp,wood,,Trent,2023,Bison_Genotypes_2023_230319,BSN87,,Biopsy,161,173,181,181,247,253,232,252,87,89,184,192,211,215,129,143,146,152,116,118,175,183,104,104,127,129,103,103,,,161,167,229,229,188,188,175,187,115,115,154,156,89,91,90,100,145,145,150,150,87,87,189,189,99,101,158,162,142,166,127,142,170,172,89,89,94,94,173,175,148,150,174,180,106,106,108,108,81,83,260,262,93,103,143,145,124,132,238,240,144,156,130,134,252,252,142,148,155,157,134,142,149,153,Y,X,,,,,,,,,,,,,,,,,,,,,,,,,,,,,,,,,,,,,,,,,,,,,,,,,,,,,,,
WBNP/Hay Camp,wood,,Trent,2023,Bison_Genotypes_2023_230319,BSN97,,Biopsy,169,173,181,181,241,253,238,252,85,89,184,184,207,207,129,143,152,156,108,116,175,183,102,104,123,129,103,103,,,167,167,225,229,188,194,181,185,113,115,156,158,91,93,90,102,135,135,146,152,87,87,189,189,103,103,158,158,142,166,142,142,178,186,89,89,92,92,173,177,146,150,180,182,106,112,108,108,81,85,260,262,97,97,143,143,124,124,228,228,144,160,130,132,250,250,138,142,155,159,138,138,149,151,Y,X,,,,,,,,,,,,,,,,,,,,,,,,,,,,,,,,,,,,,,,,,,,,,,,,,,,,,,,
WBNP/Hay Camp,wood,,Trent,2023,Bison_Genotypes_2023_230319,BSN98,,Biopsy,161,177,179,181,253,253,232,238,89,89,180,196,201,215,129,129,152,152,116,118,179,183,98,104,129,129,103,103,,,161,167,227,229,200,200,181,187,108,113,158,158,89,91,88,90,141,145,146,150,87,87,189,189,101,103,161,162,168,168,140,142,174,176,89,89,91,95,163,167,146,150,172,174,106,110,108,108,81,83,260,262,93,103,143,143,124,124,228,238,156,160,118,130,250,252,142,142,155,157,134,138,145,147,Y,X,,,,,,,,,,,,,,,,,,,,,,,,,,,,,,,,,,,,,,,,,,,,,,,,,,,,,,,
WBNP/Hay Camp,wood,,Trent,2023,Bison_Genotypes_2023_230319,BSN99,,Biopsy,155,173,191,191,253,253,232,238,85,87,180,196,205,211,129,149,152,152,114,116,165,175,92,104,125,129,103,103,,,161,161,231,231,190,194,179,181,108,113,156,158,89,91,90,90,145,145,148,150,87,87,189,191,95,103,158,162,142,164,127,148,170,178,83,89,92,95,167,167,140,146,172,172,108,110,108,108,83,83,256,260,103,103,143,147,124,124,238,238,154,160,130,130,252,252,142,148,155,157,138,138,151,153,Y,X,,,,,,,,,,,,,,,,,,,,,,,,,,,,,,,,,,,,,,,,,,,,,,,,,,,,,,,
WBNP/Nyarling,wood,,Trent,2023,Bison_Genotypes_2023_230319,BlueDart4,,Biopsy,161,161,181,191,253,253,232,238,89,89,180,196,205,205,143,149,146,152,114,116,175,183,98,102,125,129,103,105,,,161,167,229,229,194,200,181,187,108,115,158,158,89,91,90,102,141,141,150,150,87,89,189,191,95,99,160,161,166,168,127,142,166,172,89,89,91,91,173,177,150,150,172,174,106,112,100,104,81,83,262,262,89,93,143,147,124,132,228,228,144,156,128,134,252,252,142,142,155,157,136,138,151,153,X,X,,,,,,,,,,,,,,,,,,,,,,,,,,,,,,,,,,,,,,,,,,,,,,,,,,,,,,,
WBNP/Nyarling,wood,,Trent,2023,Bison_Genotypes_2023_230319,BSN-08,,Ear Tissue,161,173,181,191,269,271,238,238,85,89,184,192,205,211,129,143,152,166,//,//,175,175,98,104,123,129,103,103,,,167,167,229,229,190,194,181,187,113,115,160,160,91,91,88,90,141,145,150,150,87,87,189,195,101,101,158,162,142,142,//,//,172,176,89,89,91,95,173,177,//,//,174,176,106,112,108,108,81,83,//,//,97,103,143,147,124,132,228,238,154,158,114,130,252,254,142,150,157,159,136,140,151,153,//,//,,,,,,,,,,,,,,,,,,,,,,,,,,,,,,,,,,,,,,,,,,,,,,,,,,,,,,,
WBNP/Nyarling,wood,,Trent,2023,Bison_Genotypes_2023_230319,BSN-107 (Adult Male),,Ear Tissue,169,173,181,181,253,269,238,238,81,85,180,184,205,207,129,149,152,166,114,116,165,165,102,104,125,129,103,103,,,167,167,229,233,188,194,179,187,115,115,158,160,89,91,90,90,135,145,150,150,87,89,191,195,99,103,160,161,142,166,127,127,170,172,85,89,91,95,173,175,148,150,174,176,106,108,104,104,77,81,260,260,85,97,143,145,124,132,236,238,154,154,130,134,246,254,142,150,155,155,136,142,153,153,Y,X,,,,,,,,,,,,,,,,,,,,,,,,,,,,,,,,,,,,,,,,,,,,,,,,,,,,,,,
WBNP/Nyarling,wood,,Trent,2023,Bison_Genotypes_2023_230319,BSN-108,,Ear Tissue,169,173,181,181,241,269,238,238,85,85,184,184,205,205,129,143,152,152,108,108,175,183,102,102,123,129,103,103,,,167,167,227,229,188,190,181,185,108,115,156,156,89,93,90,90,135,145,146,150,87,87,189,191,103,103,158,158,142,142,140,142,172,186,85,89,91,92,173,173,140,150,172,180,106,106,100,108,81,85,260,262,97,103,143,143,124,124,228,228,154,160,130,132,250,252,138,142,159,159,134,138,149,151,X,X,,,,,,,,,,,,,,,,,,,,,,,,,,,,,,,,,,,,,,,,,,,,,,,,,,,,,,,
WBNP/Nyarling,wood,,Trent,2023,Bison_Genotypes_2023_230319,BSN-117,,Ear Tissue,161,165,181,181,253,269,238,238,81,81,180,180,205,205,141,143,152,152,118,118,175,183,102,104,129,129,103,104,,,161,167,227,229,188,194,179,179,113,113,158,158,89,91,102,102,141,145,146,150,87,87,195,195,95,103,162,162,142,142,138,140,168,172,89,89,91,94,163,177,146,146,172,174,108,112,104,108,81,81,256,260,103,103,143,143,124,124,228,238,154,154,130,132,252,252,138,142,153,159,134,142,145,149,X,X,,,,,,,,,,,,,,,,,,,,,,,,,,,,,,,,,,,,,,,,,,,,,,,,,,,,,,,
WBNP/Nyarling,wood,,Trent,2023,Bison_Genotypes_2023_230319,BSN-43,,Ear Tissue,161,173,181,181,241,269,238,238,85,89,180,180,205,205,129,129,146,166,116,116,165,179,96,104,129,129,103,103,,,161,167,229,233,194,194,175,179,113,115,156,158,91,93,90,102,141,145,146,148,87,89,189,191,99,103,149,162,142,144,127,148,170,172,89,89,92,92,173,175,150,150,172,174,106,112,104,104,81,83,260,260,93,97,143,143,124,132,228,238,154,154,130,130,252,252,142,142,155,159,138,138,153,153,X,X,,,,,,,,,,,,,,,,,,,,,,,,,,,,,,,,,,,,,,,,,,,,,,,,,,,,,,,
WBNP/Nyarling,wood,,Trent,2023,Bison_Genotypes_2023_230319,BSN-44,,Ear Tissue,161,173,181,181,253,253,238,238,85,87,192,196,201,205,129,129,152,152,116,116,165,183,102,104,129,129,103,104,,,161,167,225,225,190,194,179,185,115,115,156,158,89,91,90,90,145,145,146,150,89,89,189,189,95,99,159,170,158,168,140,146,170,172,85,95,92,92,173,175,150,150,172,176,106,108,104,104,77,85,260,262,89,93,143,143,124,124,228,228,154,154,130,130,252,252,142,148,155,157,134,140,145,149,Y,X,,,,,,,,,,,,,,,,,,,,,,,,,,,,,,,,,,,,,,,,,,,,,,,,,,,,,,,
WBNP/Nyarling,wood,,Trent,2023,Bison_Genotypes_2023_230319,BSN-58,,Ear Tissue,161,173,181,191,253,253,238,238,85,89,180,180,207,207,129,129,146,152,118,118,175,183,104,104,123,123,103,103,,,161,167,229,229,190,200,175,179,113,115,156,158,89,91,90,90,141,145,146,146,87,87,189,191,103,103,147,161,142,142,127,140,170,174,89,89,92,92,173,173,150,150,172,172,106,112,104,104,83,83,260,260,89,89,143,143,124,132,228,228,144,154,128,130,246,252,142,150,155,157,134,138,145,149,Y,X,,,,,,,,,,,,,,,,,,,,,,,,,,,,,,,,,,,,,,,,,,,,,,,,,,,,,,,
WBNP/Nyarling,wood,,Trent,2023,Bison_Genotypes_2023_230319,BSN-59,,Ear Tissue,169,173,181,181,241,269,232,238,85,89,184,184,205,205,129,143,146,152,116,116,165,175,102,102,125,129,103,103,,,161,167,227,233,194,194,181,187,113,115,158,160,91,91,90,90,135,145,146,152,87,89,191,195,99,103,160,161,142,142,127,140,170,172,89,89,91,92,167,173,146,150,172,174,106,110,108,108,83,85,260,262,93,97,143,143,122,132,228,238,144,160,130,134,252,252,142,142,155,159,134,138,149,151,Y,X,,,,,,,,,,,,,,,,,,,,,,,,,,,,,,,,,,,,,,,,,,,,,,,,,,,,,,,
WBNP/Nyarling,wood,,Trent,2023,Bison_Genotypes_2023_230319,BSN72,,Biopsy,165,173,181,181,253,269,232,238,85,85,192,196,207,211,129,129,152,152,116,116,175,183,98,102,129,129,103,103,,,167,167,229,229,188,190,179,187,113,115,158,158,89,91,90,90,145,145,146,150,87,87,191,195,101,101,149,161,142,164,140,140,170,172,85,89,91,91,173,177,146,150,172,174,106,112,100,100,83,83,262,262,85,97,143,147,122,124,228,240,144,156,130,132,252,252,142,148,153,153,134,138,145,153,Y,X,,,,,,,,,,,,,,,,,,,,,,,,,,,,,,,,,,,,,,,,,,,,,,,,,,,,,,,
WBNP/Nyarling,wood,,Trent,2023,Bison_Genotypes_2023_230319,BSN90,,Biopsy,165,173,181,181,241,269,232,238,89,89,184,184,205,211,129,129,152,152,116,116,175,183,92,104,129,129,103,103,,,167,167,227,229,194,194,179,181,108,113,158,158,89,91,102,102,145,145,150,150,87,91,191,195,101,101,147,161,142,158,127,150,170,172,89,89,92,92,173,173,146,150,174,178,108,112,108,112,77,81,262,264,97,103,143,147,124,124,228,228,154,154,130,132,252,252,142,142,157,159,138,138,149,153,X,X,,,,,,,,,,,,,,,,,,,,,,,,,,,,,,,,,,,,,,,,,,,,,,,,,,,,,,,
WBNP/Nyarling,wood,,Trent,2023,Bison_Genotypes_2023_230319,BSN91,,Biopsy,165,169,181,191,241,269,238,238,89,91,180,190,201,207,129,129,146,152,116,116,165,175,104,104,129,129,103,103,,,167,167,227,229,194,200,187,187,108,113,158,160,91,91,90,102,145,145,146,150,87,87,189,189,103,103,158,161,142,142,127,140,170,174,83,89,92,95,167,173,146,150,172,172,106,108,104,104,77,81,256,262,89,93,143,143,124,124,228,240,154,160,130,132,252,252,142,150,157,159,134,138,149,151,X,X,,,,,,,,,,,,,,,,,,,,,,,,,,,,,,,,,,,,,,,,,,,,,,,,,,,,,,,
WBNP/Nyarling,wood,,Trent,2023,Bison_Genotypes_2023_230319,BSN92,,Biopsy,173,173,181,191,241,253,238,238,87,89,192,192,201,207,129,149,146,146,114,116,179,183,92,102,123,129,103,103,,,167,167,227,229,194,194,179,179,115,115,152,156,89,91,102,102,141,145,150,150,87,87,189,189,95,95,162,162,142,158,127,146,174,174,89,89,91,91,167,173,146,150,182,182,110,110,104,104,77,81,260,260,103,103,143,143,124,132,238,240,144,154,118,118,252,252,142,150,157,157,136,138,145,153,Y,X,,,,,,,,,,,,,,,,,,,,,,,,,,,,,,,,,,,,,,,,,,,,,,,,,,,,,,,
WBNP/Nyarling,wood,,Trent,2023,Bison_Genotypes_2023_230319,dart4-03,,Biopsy,165,173,181,181,269,269,238,238,85,85,192,196,207,211,129,129,152,152,116,116,175,183,98,102,129,129,103,103,,,167,167,229,229,188,190,179,187,113,115,158,158,89,89,90,90,145,145,146,150,87,87,191,195,101,101,149,161,142,142,140,140,170,172,85,89,91,91,173,177,146,150,172,174,106,106,100,100,83,83,262,262,85,97,143,147,122,124,228,240,144,156,130,132,252,252,142,148,153,153,134,138,145,153,Y,X,,,,,,,,,,,,,,,,,,,,,,,,,,,,,,,,,,,,,,,,,,,,,,,,,,,,,,,
WBNP/Slave River Lowlands,wood,,Trent,2023,Bison_Genotypes_2023_230319,BSN-102,,Ear Tissue,165,173,181,191,253,253,232,238,85,91,180,184,205,205,129,129,152,156,116,116,165,183,104,104,129,129,103,103,,,167,167,229,233,194,194,179,187,113,115,156,158,89,91,90,90,145,145,150,150,87,89,191,195,95,103,160,162,142,166,127,127,170,172,85,95,91,92,173,173,140,146,172,176,106,106,108,108,81,83,262,262,89,97,143,143,124,132,228,238,144,154,118,128,252,254,142,142,155,157,138,138,149,153,Y,X,,,,,,,,,,,,,,,,,,,,,,,,,,,,,,,,,,,,,,,,,,,,,,,,,,,,,,,
WBNP/Slave River Lowlands,wood,,Trent,2023,Bison_Genotypes_2023_230319,BSN-103,,Ear Tissue,169,173,181,181,253,253,238,238,85,89,180,184,205,205,129,143,152,152,116,116,175,183,102,102,123,129,103,103,,,161,165,227,233,194,200,179,181,115,115,156,158,89,91,90,102,141,145,146,150,87,89,189,191,103,103,162,162,166,166,127,150,166,174,83,95,91,92,175,177,146,150,172,174,106,110,104,112,81,83,260,260,93,93,143,145,122,132,228,238,154,154,128,130,252,252,142,142,155,155,134,134,149,151,X,X,,,,,,,,,,,,,,,,,,,,,,,,,,,,,,,,,,,,,,,,,,,,,,,,,,,,,,,
WBNP/Slave River Lowlands,wood,,Trent,2023,Bison_Genotypes_2023_230319,BSN-104,,Ear Tissue,165,175,181,181,253,269,232,238,85,89,184,196,205,205,129,129,146,152,116,116,165,183,92,102,129,129,103,103,,,167,167,227,229,188,194,181,181,113,115,156,160,89,89,90,102,135,145,146,150,87,89,191,195,101,103,150,160,142,142,138,140,170,172,85,89,91,91,173,173,140,150,172,172,112,112,108,108,81,83,260,260,93,97,143,145,124,124,228,228,154,160,128,132,250,252,142,150,155,159,134,138,149,153,Y,X,,,,,,,,,,,,,,,,,,,,,,,,,,,,,,,,,,,,,,,,,,,,,,,,,,,,,,,
WBNP/Slave River Lowlands,wood,,Trent,2023,Bison_Genotypes_2023_230319,BSN-105,,Ear Tissue,161,173,181,191,247,271,238,238,85,89,184,192,205,211,143,143,152,166,112,116,175,175,98,104,129,129,103,103,,,167,167,229,229,190,194,181,187,113,115,158,160,91,91,88,90,141,145,150,150,87,87,189,195,101,101,162,162,142,168,140,146,172,176,89,89,91,95,173,177,148,150,174,176,112,112,108,108,81,81,260,262,97,103,143,143,124,124,228,228,154,158,114,130,252,254,150,150,157,159,136,140,151,153,Y,X,,,,,,,,,,,,,,,,,,,,,,,,,,,,,,,,,,,,,,,,,,,,,,,,,,,,,,,
WBNP/Slave River Lowlands,wood,,Trent,2023,Bison_Genotypes_2023_230319,BSN-106,,Ear Tissue,161,173,177,181,241,253,238,238,89,89,184,190,205,207,129,129,152,152,108,118,179,183,102,104,123,125,103,103,,,167,167,227,229,188,190,181,187,115,115,158,158,89,89,90,102,135,145,146,150,87,89,189,191,95,103,160,161,142,142,146,150,166,172,89,89,92,92,173,177,140,150,172,174,106,112,104,112,81,83,260,262,93,103,143,147,124,132,228,238,154,154,130,134,252,252,138,142,159,159,136,140,151,153,X,X,,,,,,,,,,,,,,,,,,,,,,,,,,,,,,,,,,,,,,,,,,,,,,,,,,,,,,,
WBNP/Slave River Lowlands,wood,,Trent,2023,Bison_Genotypes_2023_230319,BSN-112,,Ear Tissue,161,175,181,181,241,253,238,238,81,89,184,184,205,205,129,129,146,146,116,118,175,183,92,104,129,129,103,103,,,167,167,227,227,188,194,175,181,115,115,156,160,89,99,90,90,145,145,146,150,87,87,189,195,101,103,158,162,142,166,148,150,172,172,89,89,91,91,173,177,140,146,174,182,106,112,108,108,83,83,260,264,89,103,143,145,124,124,228,238,154,160,128,132,252,252,142,150,157,159,138,138,153,153,Y,X,,,,,,,,,,,,,,,,,,,,,,,,,,,,,,,,,,,,,,,,,,,,,,,,,,,,,,,
WBNP/Slave River Lowlands,wood,,Trent,2023,Bison_Genotypes_2023_230319,BSN-113,,Ear Tissue,161,161,181,181,253,253,238,252,89,89,184,192,205,205,129,129,146,152,116,116,165,175,104,104,123,129,103,103,,,167,167,225,227,194,200,175,179,108,115,158,158,89,89,90,102,135,141,150,150,87,87,189,189,95,103,147,160,142,142,127,148,172,172,89,89,91,92,173,173,140,150,172,178,106,112,108,108,77,81,260,260,93,103,143,143,122,122,236,238,144,154,130,130,252,252,150,150,153,159,138,142,149,153,Y,X,,,,,,,,,,,,,,,,,,,,,,,,,,,,,,,,,,,,,,,,,,,,,,,,,,,,,,,
WBNP/Slave River Lowlands,wood,,Trent,2023,Bison_Genotypes_2023_230319,BSN-114,,Ear Tissue,165,173,181,191,253,269,238,238,89,89,180,196,205,207,129,141,152,152,114,116,175,183,104,104,129,131,103,103,,,165,167,225,227,188,194,175,187,108,115,158,160,89,91,102,102,141,145,150,150,87,87,189,191,95,101,161,162,144,166,142,146,170,174,85,89,91,92,167,173,150,150,172,172,110,112,104,104,81,81,260,260,89,93,143,143,122,132,228,228,144,154,128,134,252,254,148,150,155,159,134,138,149,149,Y,X,,,,,,,,,,,,,,,,,,,,,,,,,,,,,,,,,,,,,,,,,,,,,,,,,,,,,,,
WBNP/Slave River Lowlands,wood,,Trent,2023,Bison_Genotypes_2023_230319,BSN-115,,Ear Tissue,161,161,181,191,253,253,232,238,81,89,180,184,205,215,129,129,146,146,116,116,179,183,104,104,123,129,103,103,,,161,167,227,227,194,200,175,181,113,115,158,158,91,99,90,90,135,141,146,150,87,87,191,191,101,101,161,162,142,158,127,142,166,170,89,89,91,95,167,177,140,150,174,174,106,112,100,108,81,81,262,262,93,103,143,143,124,132,228,228,154,154,130,134,252,252,142,142,155,155,134,138,153,153,X,X,,,,,,,,,,,,,,,,,,,,,,,,,,,,,,,,,,,,,,,,,,,,,,,,,,,,,,,
WBNP/Slave River Lowlands,wood,,Trent,2023,Bison_Genotypes_2023_230319,BSN-116,,Ear Tissue,161,165,181,181,253,253,238,238,89,91,180,180,201,211,129,143,146,152,116,116,165,183,102,104,125,129,103,103,,,167,167,229,229,190,194,181,187,113,115,158,160,91,91,90,90,135,145,146,152,87,87,189,191,95,103,158,160,142,166,127,140,172,178,89,89,91,92,173,173,146,146,172,182,112,112,104,104,81,83,262,262,83,89,143,143,124,124,228,238,154,154,128,134,246,252,142,150,155,157,136,142,145,149,Y,X,,,,,,,,,,,,,,,,,,,,,,,,,,,,,,,,,,,,,,,,,,,,,,,,,,,,,,,
WBNP/Slave River Lowlands,wood,,Trent,2023,Bison_Genotypes_2023_230319,BSN-118,,Ear Tissue,161,173,181,181,253,253,238,238,81,89,192,192,205,205,129,143,152,152,116,116,165,183,102,104,129,129,103,103,,,161,167,229,229,190,200,179,185,113,115,158,160,89,89,88,90,141,141,148,148,87,87,189,191,99,99,149,162,142,142,140,146,166,174,89,89,92,95,165,177,146,152,172,172,112,112,104,104,83,83,260,260,89,93,143,143,124,124,224,228,160,160,130,134,246,250,142,150,155,157,134,134,149,151,X,X,,,,,,,,,,,,,,,,,,,,,,,,,,,,,,,,,,,,,,,,,,,,,,,,,,,,,,,
WBNP/Slave River Lowlands,wood,,Trent,2023,Bison_Genotypes_2023_230319,BSN-119,,Ear Tissue,161,173,181,181,253,253,238,238,85,89,184,184,205,211,131,149,146,146,116,116,175,183,102,104,129,129,103,103,,,167,167,225,229,194,194,181,191,113,113,156,158,89,89,90,90,141,145,146,150,87,87,191,191,101,103,160,160,142,166,140,150,166,170,89,89,91,92,163,173,140,150,172,172,106,112,104,104,83,85,260,260,103,103,143,145,132,132,228,238,154,160,128,132,250,252,142,150,155,155,134,134,153,153,Y,X,,,,,,,,,,,,,,,,,,,,,,,,,,,,,,,,,,,,,,,,,,,,,,,,,,,,,,,
WBNP/Slave River Lowlands,wood,,Trent,2023,Bison_Genotypes_2023_230319,BSN-47,,Ear Tissue,165,169,181,181,253,253,238,238,85,89,180,184,205,211,129,129,146,146,116,116,165,175,102,104,123,127,103,104,,,161,167,229,229,190,194,175,179,113,115,160,160,89,91,90,102,141,141,150,150,87,87,191,191,95,103,150,158,142,166,127,150,166,170,89,89,91,92,173,177,146,150,174,182,110,112,102,108,83,85,256,262,97,103,143,143,124,124,240,240,154,154,130,132,250,252,138,142,155,155,134,138,149,149,X,X,,,,,,,,,,,,,,,,,,,,,,,,,,,,,,,,,,,,,,,,,,,,,,,,,,,,,,,
WBNP/Slave River Lowlands,wood,,Trent,2023,Bison_Genotypes_2023_230319,BSN-48,,Ear Tissue,161,173,181,181,253,269,238,238,81,89,196,198,207,215,129,143,146,152,116,116,165,165,92,102,123,125,103,103,,,165,167,229,229,188,194,179,181,113,115,158,158,89,91,90,102,135,145,146,150,87,89,189,191,101,103,160,161,142,166,127,146,170,174,89,89,91,91,167,173,146,150,176,176,108,110,104,104,77,81,262,262,93,103,143,143,124,132,228,236,144,154,130,132,252,252,142,150,155,157,134,136,153,153,//,//,,,,,,,,,,,,,,,,,,,,,,,,,,,,,,,,,,,,,,,,,,,,,,,,,,,,,,,
WBNP/Slave River Lowlands,wood,,Trent,2023,Bison_Genotypes_2023_230319,BSN73,,Biopsy,161,165,181,181,241,269,238,252,85,89,180,196,205,211,129,129,152,166,116,116,183,183,98,104,125,129,103,103,,,161,167,227,231,188,190,179,181,113,115,156,158,89,89,90,90,141,145,146,154,87,91,191,191,95,101,160,162,142,144,127,127,170,172,85,89,91,91,173,177,146,146,172,174,106,112,104,104,83,83,262,262,93,97,143,145,124,124,228,238,144,160,128,130,246,252,138,148,155,159,136,138,145,151,Y,X,,,,,,,,,,,,,,,,,,,,,,,,,,,,,,,,,,,,,,,,,,,,,,,,,,,,,,,
WBNP/Slave River Lowlands,wood,,Trent,2023,Bison_Genotypes_2023_230319,BSN75,,Biopsy,165,173,177,181,247,269,232,232,89,89,192,192,205,207,129,149,152,152,116,118,165,175,102,104,129,129,103,103,,,167,167,229,229,194,200,175,187,115,115,158,158,89,91,90,90,141,145,146,150,87,87,189,195,101,103,158,160,166,166,127,140,166,174,83,89,92,92,173,175,150,150,172,174,108,112,108,108,83,83,260,260,83,93,143,143,124,124,228,238,144,154,128,132,252,252,142,142,155,157,138,142,149,153,Y,X,,,,,,,,,,,,,,,,,,,,,,,,,,,,,,,,,,,,,,,,,,,,,,,,,,,,,,,
WBNP/Slave River Lowlands,wood,,Trent,2023,Bison_Genotypes_2023_230319,BSN76-1,,Biopsy,161,173,181,191,253,269,238,238,81,89,180,192,205,211,129,149,146,152,116,116,165,183,102,104,127,129,103,103,,,167,167,229,229,190,200,179,181,115,115,158,160,89,89,88,102,141,141,148,150,87,87,189,191,99,99,149,160,142,142,140,140,172,174,85,89,95,95,165,177,146,148,172,172,90,112,104,104,83,83,260,262,89,97,143,143,124,124,224,228,154,160,128,130,246,252,142,150,155,157,134,134,149,151,Y,X,,,,,,,,,,,,,,,,,,,,,,,,,,,,,,,,,,,,,,,,,,,,,,,,,,,,,,,
WBNP/Slave River Lowlands,wood,,Trent,2023,Bison_Genotypes_2023_230319,BSN76-2,,Biopsy,161,161,181,181,247,253,238,238,81,89,184,192,205,207,129,129,162,166,116,118,175,175,104,104,129,129,103,103,,,167,167,225,229,190,194,175,187,108,113,156,160,89,91,90,90,141,145,146,150,87,87,191,195,99,103,158,162,142,142,127,140,172,178,89,89,91,95,173,177,140,140,172,182,106,112,108,108,77,81,256,260,103,103,143,143,124,132,228,240,144,154,130,130,252,252,142,148,155,157,138,142,149,153,Y,X,,,,,,,,,,,,,,,,,,,,,,,,,,,,,,,,,,,,,,,,,,,,,,,,,,,,,,,
WBNP/Sweetgrass,wood,,Trent,2023,Bison_Genotypes_2023_230319,88210,,Hair,167,173,191,191,253,269,232,254,81,89,180,198,205,211,129,141,152,158,108,116,179,183,104,104,127,129,103,103,,,161,161,229,231,194,194,181,187,113,115,158,158,89,91,90,90,135,145,150,150,89,89,189,191,103,103,154,170,158,166,127,140,168,170,89,89,91,91,175,177,148,150,172,174,108,108,104,104,81,81,256,262,97,103,143,143,132,132,238,238,154,154,130,130,250,252,142,142,151,155,134,136,149,149,X,X,,,,,,,,,,,,,,,,,,,,,,,,,,,,,,,,,,,,,,,,,,,,,,,,,,,,,,,
WBNP/Sweetgrass,wood,,Trent,2023,Bison_Genotypes_2023_230319,88211,,Hair,173,173,191,191,253,273,238,238,89,91,184,192,201,201,143,149,146,152,116,116,183,183,92,104,125,129,103,105,,,167,167,229,229,190,194,185,187,108,115,156,158,89,91,88,90,135,145,146,150,87,89,189,195,101,101,158,162,158,164,127,150,168,174,85,89,91,92,167,177,140,146,172,178,106,106,100,108,83,83,262,262,89,89,133,143,124,124,238,240,154,154,118,130,252,252,138,142,155,159,136,140,143,147,X,X,,,,,,,,,,,,,,,,,,,,,,,,,,,,,,,,,,,,,,,,,,,,,,,,,,,,,,,
WBNP/Sweetgrass,wood,,Trent,2023,Bison_Genotypes_2023_230319,88212,,Hair,161,173,181,181,253,253,238,238,89,89,180,192,201,205,129,129,152,164,116,116,165,165,96,102,123,129,103,104,,,167,167,229,229,194,200,181,191,113,113,158,158,89,89,102,102,145,147,146,150,87,87,189,195,99,103,158,158,142,144,142,146,170,174,89,89,91,92,167,175,140,140,174,176,108,110,100,108,83,83,256,260,91,97,145,145,124,132,228,228,154,154,130,130,252,252,148,148,151,155,134,136,143,149,X,X,,,,,,,,,,,,,,,,,,,,,,,,,,,,,,,,,,,,,,,,,,,,,,,,,,,,,,,
WBNP/Sweetgrass,wood,,Trent,2023,Bison_Genotypes_2023_230319,88213,,Hair,165,165,179,181,247,253,238,238,89,89,180,192,205,211,129,143,152,166,116,116,165,175,92,102,123,129,103,103,,,161,167,225,229,190,194,185,187,115,115,158,158,89,89,90,90,135,135,148,150,87,89,189,191,99,101,158,164,156,166,140,148,174,176,83,95,92,94,175,177,150,150,172,174,108,108,104,112,81,81,260,260,85,103,143,143,124,136,228,238,154,160,114,132,246,252,138,138,155,157,134,138,149,151,X,X,,,,,,,,,,,,,,,,,,,,,,,,,,,,,,,,,,,,,,,,,,,,,,,,,,,,,,,
WBNP/Sweetgrass,wood,,Trent,2023,Bison_Genotypes_2023_230319,88214,,Hair,155,165,181,181,241,253,238,254,85,85,180,196,205,207,129,143,164,166,116,118,175,183,102,104,123,125,103,103,,,161,167,229,229,188,190,179,185,113,115,158,158,91,91,90,102,145,145,146,154,87,87,189,191,95,101,158,160,158,164,127,148,176,176,81,89,91,91,177,177,140,150,172,178,106,112,104,108,77,81,262,264,83,91,143,143,124,132,228,238,156,156,130,134,252,252,150,150,155,155,136,136,149,149,X,X,,,,,,,,,,,,,,,,,,,,,,,,,,,,,,,,,,,,,,,,,,,,,,,,,,,,,,,
WBNP/Sweetgrass,wood,,Trent,2023,Bison_Genotypes_2023_230319,88216,,Hair,161,165,181,181,241,269,252,252,89,91,180,180,205,205,129,129,152,162,116,116,175,181,92,102,129,131,103,103,,,167,167,229,229,190,194,175,179,113,115,156,156,91,91,90,90,135,145,146,146,87,87,189,191,95,99,162,162,142,164,140,142,170,174,81,89,92,95,167,173,150,150,172,172,112,112,108,108,81,85,262,264,93,103,143,143,124,124,238,238,154,154,130,130,252,252,148,150,155,157,134,138,145,153,X,X,,,,,,,,,,,,,,,,,,,,,,,,,,,,,,,,,,,,,,,,,,,,,,,,,,,,,,,
WBNP/Sweetgrass,wood,,Trent,2023,Bison_Genotypes_2023_230319,88217,,Hair,161,161,179,181,253,269,238,238,85,91,192,192,205,211,149,149,152,162,108,118,179,183,102,102,125,129,101,103,,,167,167,229,229,190,194,179,187,108,115,158,158,89,89,90,102,141,145,150,154,87,89,189,189,101,103,154,161,142,158,138,140,174,176,83,89,91,94,175,177,146,148,172,176,106,110,106,108,77,81,260,262,89,93,143,143,132,132,228,238,144,154,128,134,252,252,142,150,159,159,136,140,145,149,X,X,,,,,,,,,,,,,,,,,,,,,,,,,,,,,,,,,,,,,,,,,,,,,,,,,,,,,,,
WBNP/Sweetgrass,wood,,Trent,2023,Bison_Genotypes_2023_230319,88218,,Hair,165,165,181,191,253,269,232,238,85,89,180,180,205,205,129,129,158,166,114,116,175,183,98,98,123,129,103,103,,,167,167,225,227,194,194,179,185,115,115,158,158,89,93,90,90,141,145,146,148,87,87,195,195,95,101,147,160,158,168,127,127,170,176,81,89,91,94,173,173,140,150,172,182,106,112,100,108,77,83,262,262,93,97,143,143,124,126,228,238,154,156,130,130,250,252,142,150,153,155,136,138,153,153,X,X,,,,,,,,,,,,,,,,,,,,,,,,,,,,,,,,,,,,,,,,,,,,,,,,,,,,,,,
WBNP/Sweetgrass,wood,,Trent,2023,Bison_Genotypes_2023_230319,88219,,Hair,161,173,181,181,247,253,238,252,87,89,180,180,205,211,129,129,152,162,108,116,165,165,92,104,123,129,103,103,,,161,167,229,231,190,194,179,181,108,115,158,158,89,91,90,90,135,147,150,150,87,89,189,189,101,103,162,162,158,158,127,127,170,172,83,89,91,91,173,175,140,150,172,182,112,112,104,104,81,85,260,262,91,103,143,145,132,132,228,236,160,160,130,134,246,250,142,148,151,157,134,138,145,151,X,X,,,,,,,,,,,,,,,,,,,,,,,,,,,,,,,,,,,,,,,,,,,,,,,,,,,,,,,
WBNP/Sweetgrass,wood,,Trent,2023,Bison_Genotypes_2023_230319,88220,,Hair,161,161,181,181,253,269,232,238,85,91,180,180,205,207,129,129,152,158,116,116,175,183,92,98,127,129,103,103,,,161,161,229,229,194,200,187,187,113,115,156,158,89,91,90,102,141,141,146,150,87,87,189,189,95,101,160,161,166,168,127,146,172,176,83,89,91,92,163,173,140,150,174,182,112,112,100,108,77,81,260,262,89,91,143,143,132,136,224,228,144,154,130,130,252,252,142,150,155,155,136,136,151,153,X,X,,,,,,,,,,,,,,,,,,,,,,,,,,,,,,,,,,,,,,,,,,,,,,,,,,,,,,,
WBNP/Sweetgrass,wood,,Trent,2023,Bison_Genotypes_2023_230319,88221,,Hair,161,165,181,191,253,271,238,238,85,85,196,198,215,215,127,129,146,146,116,116,175,183,102,104,125,131,103,103,,,167,167,227,229,194,194,175,187,113,115,158,158,89,89,102,102,135,141,146,150,87,87,189,189,101,101,158,160,144,156,140,142,170,172,91,95,94,95,165,173,146,150,172,180,106,108,108,108,81,83,260,262,85,97,143,143,124,124,238,238,154,154,114,128,254,254,142,148,155,159,134,134,149,149,X,X,,,,,,,,,,,,,,,,,,,,,,,,,,,,,,,,,,,,,,,,,,,,,,,,,,,,,,,
WBNP/Sweetgrass,wood,,Trent,2023,Bison_Genotypes_2023_230319,88222,,Hair,161,165,191,191,241,269,238,248,81,87,184,196,207,207,141,143,148,166,116,116,165,181,98,104,125,129,102,103,,,161,167,229,231,188,194,175,187,113,115,156,156,91,91,90,102,135,145,150,150,87,89,189,191,101,101,158,161,142,158,127,138,172,172,81,89,91,92,175,177,146,150,172,174,90,106,104,108,81,85,260,262,93,93,143,143,124,126,238,238,146,146,128,134,246,252,150,150,155,159,136,136,151,153,X,X,,,,,,,,,,,,,,,,,,,,,,,,,,,,,,,,,,,,,,,,,,,,,,,,,,,,,,,
WBNP/Sweetgrass,wood,,Trent,2023,Bison_Genotypes_2023_230319,88223,,Hair,161,161,179,191,247,253,232,232,89,89,180,192,205,205,129,143,152,166,108,116,165,179,104,104,125,129,103,103,,,167,167,229,233,188,190,179,187,113,115,156,158,89,93,102,102,135,145,146,146,87,87,189,191,99,101,149,162,158,166,127,142,170,172,85,89,91,94,159,177,140,150,172,172,110,110,108,108,81,83,258,260,93,97,143,145,124,124,228,238,154,156,130,134,252,252,142,142,155,155,132,136,145,153,X,X,,,,,,,,,,,,,,,,,,,,,,,,,,,,,,,,,,,,,,,,,,,,,,,,,,,,,,,
WBNP/Sweetgrass,wood,,Trent,2023,Bison_Genotypes_2023_230319,88224,,Hair,165,165,181,191,241,269,232,238,81,89,180,184,211,211,129,129,152,166,116,116,183,183,96,102,125,125,103,103,,,161,161,229,229,194,194,181,187,113,115,160,160,89,89,90,90,135,141,146,146,87,87,189,189,101,103,143,154,166,168,127,140,172,176,83,89,91,91,177,177,140,150,174,178,108,110,104,108,83,83,260,260,89,93,143,145,122,132,224,238,154,160,130,130,250,250,142,150,155,155,136,136,145,149,X,X,,,,,,,,,,,,,,,,,,,,,,,,,,,,,,,,,,,,,,,,,,,,,,,,,,,,,,,
WBNP/Sweetgrass,wood,,Trent,2023,Bison_Genotypes_2023_230319,88225,,Hair,161,165,177,181,253,253,232,238,89,89,180,192,205,207,129,143,158,166,114,118,181,183,102,104,125,129,103,103,,,161,167,225,229,188,194,181,181,113,115,158,160,89,89,100,102,135,145,146,146,87,87,189,191,95,103,158,160,158,168,140,140,170,170,89,89,92,92,159,163,140,150,172,180,110,112,104,108,81,81,260,262,83,97,143,147,122,124,228,238,154,158,130,134,252,252,142,148,155,159,136,136,145,149,X,X,,,,,,,,,,,,,,,,,,,,,,,,,,,,,,,,,,,,,,,,,,,,,,,,,,,,,,,
WBNP/Sweetgrass,wood,,Trent,2023,Bison_Genotypes_2023_230319,88226,,Hair,161,169,181,181,253,253,232,238,87,89,184,192,205,205,143,143,146,158,114,116,175,179,104,104,123,129,103,103,,,167,167,229,229,194,194,187,187,108,108,156,156,89,89,90,90,135,137,150,150,87,91,189,191,95,99,160,161,142,158,127,140,170,176,83,89,91,95,173,177,146,146,172,182,106,110,104,104,81,83,262,262,93,103,143,145,124,124,238,238,154,156,130,132,252,254,138,150,155,155,136,138,149,151,X,X,,,,,,,,,,,,,,,,,,,,,,,,,,,,,,,,,,,,,,,,,,,,,,,,,,,,,,,
WBNP/Sweetgrass,wood,,Trent,2023,Bison_Genotypes_2023_230319,88227,,Hair,161,167,177,181,247,253,232,254,89,89,180,180,205,207,129,143,152,166,108,116,175,175,102,104,125,129,103,103,,,167,167,227,229,188,194,181,181,113,115,154,154,89,89,88,102,141,145,146,150,87,87,189,189,95,103,158,158,142,142,127,142,158,170,83,95,92,92,173,173,140,150,172,172,108,112,104,108,83,85,258,262,85,93,143,143,124,124,228,238,154,160,130,130,252,252,142,142,155,155,136,136,145,149,X,X,,,,,,,,,,,,,,,,,,,,,,,,,,,,,,,,,,,,,,,,,,,,,,,,,,,,,,,
WBNP/Sweetgrass,wood,,Trent,2023,Bison_Genotypes_2023_230319,88228,,Hair,161,165,181,191,253,253,232,238,85,89,180,180,205,205,129,141,152,152,114,118,175,183,102,102,125,129,103,103,,,165,167,227,229,190,194,175,185,115,115,156,156,89,91,90,90,145,145,146,150,87,87,189,195,95,103,160,160,166,168,140,146,170,170,89,95,91,91,173,175,140,148,172,174,106,108,106,108,81,83,260,262,103,103,143,143,124,124,240,240,154,154,130,130,252,252,142,142,157,159,136,138,145,153,X,X,,,,,,,,,,,,,,,,,,,,,,,,,,,,,,,,,,,,,,,,,,,,,,,,,,,,,,,
WBNP/Sweetgrass,wood,,Trent,2023,Bison_Genotypes_2023_230319,88251,,Hair,161,173,177,181,253,253,232,250,87,89,198,198,205,205,129,129,152,152,114,118,175,175,92,102,131,131,104,104,,,167,167,229,229,188,202,181,187,113,115,156,158,89,89,90,90,145,147,146,150,87,91,191,195,95,101,161,170,142,142,142,150,170,172,85,89,94,95,165,167,146,150,176,176,112,112,104,108,81,85,262,262,83,93,143,143,122,122,236,240,144,154,118,130,252,254,142,142,155,155,136,138,145,153,X,X,,,,,,,,,,,,,,,,,,,,,,,,,,,,,,,,,,,,,,,,,,,,,,,,,,,,,,,
Wentzel,wood,,Trent,2023,ParksCanadaBisonProject_15Jan2023_Genotypes_Updated,11-01,,DNA,161,173,181,181,253,269,232,232,85,89,180,192,205,205,129,129,146,162,108,116,165,183,102,104,125,125,103,103,,,167,167,227,229,188,194,187,187,115,115,158,158,89,91,90,102,145,145,150,150,87,91,191,195,95,95,160,162,158,166,127,138,172,172,83,85,94,95,165,173,146,150,172,174,106,106,108,108,83,83,260,262,103,103,143,143,124,132,228,238,144,154,128,134,252,252,148,150,153,157,136,138,149,153,Y,Y,,,,,,,,,,,,,,,,,,,,,,,,,,,,,,,,,,,,,,,,,,,,,,,,,,,,,,,
Wentzel,wood,,Trent,2023,ParksCanadaBisonProject_15Jan2023_Genotypes_Updated,11-02,,DNA,165,173,181,181,247,269,232,252,89,89,180,192,207,207,129,143,164,166,108,116,183,183,98,106,129,129,103,103,,,161,167,229,229,188,194,187,187,115,115,156,156,93,93,90,102,141,141,150,150,87,87,191,191,95,95,160,162,166,168,142,146,168,174,83,83,91,91,167,167,150,150,172,174,106,106,108,108,81,83,260,260,103,103,143,143,132,132,228,228,154,156,130,134,254,254,142,148,155,155,132,136,149,153,Y,Y,,,,,,,,,,,,,,,,,,,,,,,,,,,,,,,,,,,,,,,,,,,,,,,,,,,,,,,
Wentzel,wood,,Trent,2023,ParksCanadaBisonProject_15Jan2023_Genotypes_Updated,11-08,,DNA,161,173,181,191,253,269,238,238,89,91,180,192,205,207,129,143,152,158,116,116,165,175,104,104,129,131,103,103,,,167,167,221,227,194,194,175,179,108,108,158,158,89,93,90,102,145,145,150,150,87,89,189,189,95,101,160,160,142,158,138,140,170,172,89,95,95,95,167,175,146,150,172,174,106,112,104,104,81,83,262,264,97,97,143,143,132,136,228,228,154,160,128,130,246,252,142,142,153,155,134,136,149,149,Y,X,,,,,,,,,,,,,,,,,,,,,,,,,,,,,,,,,,,,,,,,,,,,,,,,,,,,,,,
Wentzel,wood,,Trent,2023,ParksCanadaBisonProject_15Jan2023_Genotypes_Updated,11-10,,DNA,161,173,181,181,253,253,238,252,87,91,192,192,205,211,129,143,152,158,108,116,183,183,102,104,123,125,103,105,,,167,167,225,229,188,194,187,187,115,115,158,158,89,89,90,102,141,141,146,150,87,89,189,191,95,95,158,162,142,142,127,127,172,172,89,89,91,95,175,177,150,150,174,176,106,106,108,108,81,81,260,260,93,103,143,143,122,124,238,238,144,160,122,132,252,252,142,148,153,155,140,140,145,149,Y,X,,,,,,,,,,,,,,,,,,,,,,,,,,,,,,,,,,,,,,,,,,,,,,,,,,,,,,,
Wentzel,wood,,Trent,2023,ParksCanadaBisonProject_15Jan2023_Genotypes_Updated,11-11,,DNA,161,173,181,181,253,269,238,250,89,91,180,180,201,207,129,129,152,166,108,116,183,183,102,104,125,129,103,103,,,167,167,227,229,194,194,187,187,115,115,158,160,91,93,90,102,135,141,146,146,87,89,189,191,101,103,162,162,142,166,138,140,170,172,83,89,91,95,167,177,150,150,172,182,108,110,108,112,81,83,262,262,97,97,143,143,122,124,228,238,154,160,128,130,252,252,142,148,155,155,136,140,149,149,Y,X,,,,,,,,,,,,,,,,,,,,,,,,,,,,,,,,,,,,,,,,,,,,,,,,,,,,,,,
Population,Subspecies,,,,,Sample ID,,Sample Type,AGLA232,,BL1036F,,BM1225F,,BM1706F,,BM17132F,,BM1824,,BM1862,,BM2113F,,BM2830,,BM4028F,,BM4107F,,BM4311F,,BM4440F,,BM47F,,BM6017,,BM711F,,BM720R,,BM757,,BMC4214F,,BMS1001R,,BMS1074R,,BMS1117F,,BMS1172,,BMS1315F,,bms1355,,BMS1675R,,BMS1716F,,BMS1747F,,BMS1857R,,BMS1862,,BMS2258,,BMS2639,,BMS410,,BMS510,,BMS527,,BMS528F,,BMS601R,,BMS812,,BMS911F,,BMS941F,,HUJ246F,,IL4F,,ILSTS102R,,INRA037F,,INRA133F,,INRA194,,RM372F,,SPS115,,TGLA122bF,,TGLA44F,,TGLA53F,,URB011,,Se4748F,,,,,,,,,,,,,,,,,,,,,,,,,,,,,,,,,,,,,,,,,,,,,,,,,,,,,,,,
,,,,,,,,,,,,,,,,,,,,,,,,,,,,,,,,,,,,,,,,,,,,,,,,,,,,,,,,,,,,,,,,,,,,,,,,,,,,,,,,,,,,,,,,,,,,,,,,,,,,,,,,,,,,,,,,,,,,,,,,,,,,,,,,,,,,,,,,,,,,,,,,,,,,,,,,,,,,,,,,,,,,,,,,,
,,,,,,,,,,,,,,,,,,,,,,,,,,,,,,,,,,,,,,,,,,,,,,,,,,,,,,,,,,,,,,,,,,,,,,,,,,,,,,,,,,,,,,,,,,,,,,,,,,,,,,,,,,,,,,,,,,,,,,,,,,,,,,,,,,,,,,,,,,,,,,,,,,,,,,,,,,,,,,,,,,,,,,,,,
,,,,,,,,,,,,,,,,,,,,,,,,,,,,,,,,,,,,,,,,,,,,,,,,,,,,,,,,,,,,,,,,,,,,,,,,,,,,,,,,,,,,,,,,,,,,,,,,,,,,,,,,,,,,,,,,,,,,,,,,,,,,,,,,,,,,,,,,,,,,,,,,,,,,,,,,,,,,,,,,,,,,,,,,,
