1 2 3 4 5 6 7 8 9 10 11 12 13 14 15 16 17 18 19 20 21 22 23 24 25 26 27 28 29 30 31 32 33 34 35 36 37 38 39 40 41 42 43 44 45 46 47 48
1408	1	089	136	181	241	103	135	093	129	191	238	087	154	113	231	143	156	090	140	194	250	163	150	144	083	124	165	150	260	140	125	155	092	146	180	108	186	085	161	087	161	228	130	092	097	181	211	162	149
1408	1	091	138	187	241	105	135	099	143	195	238	091	160	115	233	143	160	090	150	200	250	167	158	144	085	124	183	150	262	146	127	155	095	150	180	108	186	089	161	087	167	228	134	098	099	191	211	164	149
1409	1	089	136	185	241	103	135	089	129	189	232	089	160	113	231	143	156	090	127	194	254	163	152	144	083	122	179	142	260	140	125	155	092	146	180	106	168	089	161	085	161	228	130	092	101	181	211	142	149
1409	1	093	138	187	249	105	135	093	149	195	238	091	160	115	231	143	160	100	140	200	254	175	162	144	085	124	181	148	262	146	127	155	092	146	198	108	170	089	165	087	161	240	134	092	101	191	211	162	149
1410	1	091	136	179	245	103	135	089	129	191	232	089	160	113	229	143	154	088	127	194	244	173	150	154	083	124	181	142	260	146	127	155	092	150	180	108	168	083	161	087	161	228	130	092	095	177	205	158	149
1410	1	091	138	185	271	103	147	093	143	195	238	091	160	115	229	147	154	090	127	202	246	175	158	158	083	124	183	142	262	146	127	157	095	150	190	108	168	083	173	091	167	240	130	092	099	191	211	170	149
1411	1	091	136	187	241	103	135	097	129	191	238	087	161	115	229	143	154	090	127	194	252	167	150	144	083	124	181	148	256	140	127	153	092	150	180	108	170	083	161	085	161	240	130	092	095	191	211	158	145
1411	1	091	136	187	271	105	137	101	143	195	250	091	170	115	233	143	154	090	127	194	254	173	158	154	083	124	183	150	260	150	131	159	095	150	184	108	172	083	173	089	167	240	130	096	101	191	211	168	149
1412	1	089	140	187	241	103	135	093	129	189	238	087	161	108	229	143	154	088	127	200	246	165	152	156	081	122	179	138	262	140	127	153	091	154	184	110	168	083	165	087	161	228	130	092	095	191	205	168	149
1412	1	089	140	187	249	103	135	097	143	195	238	087	170	115	231	143	158	090	127	200	250	165	158	156	083	122	181	142	262	150	127	153	095	154	198	110	174	089	165	087	161	236	134	098	095	191	205	170	151
1413	1	091	136	175	241	103	135	089	129	189	238	087	158	115	229	143	154	090	127	200	246	163	142	156	081	122	165	142	256	140	129	155	091	146	198	106	172	083	161	091	167	240	130	092	099	191	205	156	149
1413	1	091	136	187	241	104	135	093	129	189	238	087	160	115	229	143	158	100	140	200	250	173	158	156	081	122	181	148	260	146	131	155	092	154	198	110	186	089	161	091	167	240	130	092	101	191	207	164	149
1414	1	091	136	179	241	103	135	093	149	189	238	085	160	108	225	143	158	088	127	194	250	159	158	144	085	122	179	148	260	140	123	155	092	146	192	110	170	083	161	087	161	228	130	098	095	177	201	158	149
1414	1	091	136	185	241	105	135	097	149	195	250	091	160	108	231	145	158	090	127	200	254	177	162	144	085	124	181	148	262	146	131	155	094	150	198	110	170	083	161	091	161	236	134	104	099	191	211	168	149
1415	1	089	136	187	271	103	135	093	129	189	238	085	170	115	229	143	158	090	148	194	250	167	150	158	081	122	179	142	256	146	127	155	095	146	192	108	168	083	161	089	161	228	134	096	095	191	205	164	149
1415	1	091	138	187	271	104	137	097	149	191	238	091	170	115	231	143	158	090	150	200	254	173	158	158	083	124	181	150	260	150	131	157	095	150	198	112	168	083	173	091	167	240	134	098	101	191	211	168	151
1416	1	091	136	179	249	103	135	093	129	189	238	087	158	108	231	143	154	088	150	200	244	173	142	144	083	122	183	142	256	140	127	153	092	146	180	106	168	083	161	087	161	228	118	092	095	191	201	158	149
1416	1	091	136	185	271	103	135	101	149	195	250	087	158	115	231	143	158	100	150	200	254	175	142	158	085	124	183	148	262	148	129	155	095	150	192	108	170	089	173	089	167	240	130	098	101	191	211	168	149
1417	1	091	136	185	241	103	135	089	143	189	238	087	160	115	225	143	154	088	140	194	250	173	152	154	081	122	179	142	256	146	127	153	092	146	192	108	168	089	161	091	165	228	130	096	095	181	211	158	149
1417	1	091	136	187	271	103	137	097	149	195	238	087	160	115	229	143	160	088	140	200	254	175	162	156	083	124	183	148	260	146	131	155	092	146	198	108	172	089	165	091	167	238	134	098	099	191	211	168	149
1418	1	089	134	175	241	105	135	101	129	191	250	087	160	113	229	143	154	088	127	194	246	165	158	144	081	122	165	142	260	150	127	155	092	148	180	108	172	083	161	087	161	240	130	092	095	191	205	142	149
1418	1	091	140	175	269	105	135	101	149	195	250	087	161	115	233	145	154	100	148	200	250	167	162	144	083	124	165	150	262	150	129	155	095	150	192	110	172	083	165	087	165	240	130	098	103	191	211	158	149
1419	1	091	134	187	241	103	135	091	129	195	238	087	160	108	229	143	156	088	127	194	254	163	158	154	083	122	179	148	256	140	129	155	092	146	198	108	170	083	161	087	161	236	130	092	099	191	207	142	149
1419	1	091	138	187	241	103	147	093	149	195	238	091	161	115	231	143	158	100	127	194	254	175	162	156	083	124	181	148	260	140	129	157	094	150	198	110	186	089	173	091	167	238	130	098	101	191	207	168	149
1420	1	091	136	179	241	103	135	091	129	189	250	087	143	108	229	143	154	090	127	194	244	175	150	154	083	122	181	142	262	140	127	155	095	148	180	108	170	089	165	087	161	236	130	098	095	191	205	168	145
1420	1	093	136	187	271	103	147	093	129	195	252	091	170	115	231	143	160	090	150	194	254	175	152	156	083	124	185	142	262	140	131	159	095	150	184	108	170	089	173	091	167	240	134	104	095	191	205	170	145
1421	1	089	138	181	241	103	135	089	127	191	238	087	161	115	233	143	154	088	140	194	250	175	150	154	083	122	183	138	256	140	127	153	091	146	180	108	168	089	161	085	161	240	130	096	099	179	211	142	145
1421	1	089	142	187	241	103	147	093	143	195	252	091	161	115	233	147	158	102	150	194	254	175	164	160	083	124	183	142	262	150	129	159	095	148	184	108	170	089	173	087	161	240	130	096	103	191	211	142	151
1422	1	089	138	175	241	105	141	101	143	189	238	087	160	113	231	143	154	088	150	194	244	173	158	144	081	120	179	142	262	146	125	155	091	146	198	108	170	089	161	089	161	228	130	092	095	191	201	158	149
1422	1	091	142	185	245	105	147	105	149	191	238	091	160	115	231	145	156	090	150	194	254	173	158	156	083	124	181	148	262	150	129	155	092	146	198	108	174	091	165	091	167	228	134	092	101	191	202	168	149
1423	1	091	136	175	241	103	135	097	143	189	238	087	161	113	229	143	156	090	127	194	246	165	148	156	081	124	183	148	262	140	129	153	092	150	190	108	168	083	161	087	167	228	130	092	095	181	205	158	149
1423	1	091	138	187	271	103	135	105	143	191	238	091	170	115	231	143	156	090	150	200	250	165	162	160	083	124	185	150	262	140	131	155	095	150	198	110	172	091	173	089	167	240	134	092	099	181	215	168	149
1424	1	091	136	185	241	103	135	091	143	191	238	087	160	108	229	143	156	088	140	194	250	163	150	144	081	124	179	142	260	140	127	155	091	146	184	106	170	089	161	087	167	228	130	092	099	181	201	156	149
1424	1	091	136	187	245	105	141	093	143	195	238	089	160	115	229	147	158	100	140	194	252	173	158	144	083	124	183	150	262	140	129	155	095	148	192	110	170	089	165	089	167	238	134	104	101	191	202	170	149
1425	1	091	136	181	241	103	135	093	129	189	238	087	160	108	231	143	154	090	140	190	252	165	150	154	083	122	179	142	260	140	127	155	092	146	180	108	170	089	161	091	161	236	130	092	095	181	205	158	145
1425	1	091	136	185	245	105	135	097	149	191	250	087	160	115	231	145	160	100	148	202	254	175	162	156	083	124	179	148	262	140	127	155	095	146	198	108	172	095	173	091	167	238	130	098	095	181	211	168	149
1426	1	089	134	187	241	103	135	093	129	195	238	087	143	113	225	143	154	090	127	194	250	173	158	144	081	122	183	142	256	140	123	155	092	146	180	108	168	083	161	087	161	228	130	092	095	181	205	158	149
1426	1	091	138	187	253	103	135	105	149	195	238	087	161	115	231	143	154	100	150	200	252	177	158	144	083	124	183	148	262	150	131	155	092	150	180	108	174	089	161	091	161	240	134	104	095	181	207	170	151
1427	1	089	136	179	269	103	135	093	129	195	238	087	160	115	231	143	154	088	127	194	244	175	150	156	081	124	179	142	256	140	127	155	091	148	180	108	168	089	173	089	161	238	130	092	095	181	205	156	149
1427	1	091	136	185	271	105	141	093	129	195	252	091	160	115	233	143	154	088	140	194	250	175	156	156	083	124	185	150	262	150	131	155	091	148	180	112	170	089	173	089	167	240	130	098	095	191	211	160	151
1428	1	089	136	179	241	103	135	091	129	189	238	087	161	113	229	143	156	088	127	194	250	159	158	144	081	124	165	138	262	140	129	153	092	146	190	108	168	089	161	085	161	228	118	092	095	179	205	162	149
1428	1	091	138	187	271	105	135	093	143	195	238	091	170	113	231	143	158	090	148	200	254	173	162	156	083	124	183	148	262	150	131	157	095	146	198	110	168	089	165	087	167	240	134	098	101	191	205	168	149
1429	1	089	136	181	241	103	135	091	127	189	250	091	160	108	229	143	158	100	140	194	246	165	152	154	083	124	179	142	262	140	123	155	092	146	180	106	168	083	161	089	161	228	130	096	095	181	205	168	149
1429	1	091	136	185	245	103	135	101	143	191	250	091	160	115	231	147	158	102	142	194	254	173	158	158	083	124	185	142	262	140	127	159	092	146	198	108	168	089	161	091	167	228	134	098	099	191	205	168	149
1430	1	089	136	175	245	103	135	093	143	189	238	091	160	108	225	143	158	100	140	194	250	165	158	160	081	124	179	138	256	140	127	153	092	146	184	108	168	085	161	087	167	228	118	096	101	181	205	168	143
1430	1	089	138	175	271	103	147	093	149	195	252	091	160	113	231	147	158	102	150	202	250	165	162	160	085	124	183	150	260	146	129	159	095	150	198	108	170	089	165	089	167	240	130	096	103	191	211	168	149
1431	1	089	136	179	253	103	135	089	129	195	232	089	143	113	229	143	154	088	127	194	246	163	158	144	081	122	183	142	262	146	123	155	092	146	180	108	170	089	161	087	161	240	130	092	095	181	205	142	145
1431	1	089	138	187	253	103	141	099	149	195	238	091	160	113	231	143	154	090	127	200	246	175	158	154	083	124	185	142	262	146	127	155	095	150	192	112	186	089	161	089	167	240	134	092	099	193	211	142	149
1432	1	089	134	175	241	103	135	093	143	189	238	091	160	113	229	143	154	088	127	194	250	173	158	156	081	122	165	142	262	146	125	155	092	146	180	108	168	083	165	087	167	224	118	092	099	179	207	158	149
1432	1	091	136	185	253	103	147	105	149	189	238	091	170	115	231	143	158	090	150	194	250	173	158	156	083	124	185	148	262	146	131	155	095	146	198	108	186	089	173	089	167	240	130	098	099	191	211	168	149
1433	1	089	136	179	241	103	135	089	143	191	232	087	160	108	231	143	156	090	140	194	246	163	150	156	083	122	181	148	260	140	125	155	092	146	192	108	170	083	161	087	161	228	130	096	097	191	211	164	145
1433	1	091	138	187	253	103	135	089	143	195	254	091	160	113	233	145	158	102	150	194	250	167	162	160	083	124	183	150	260	140	127	157	094	148	198	108	186	089	161	089	167	240	130	098	101	191	211	164	149
1434	1	089	136	175	241	103	137	089	129	189	238	085	160	108	231	143	156	090	127	194	250	163	158	144	081	122	181	142	260	140	127	155	091	146	192	106	172	089	161	087	161	240	134	096	095	179	207	166	149
1434	1	091	136	185	253	103	141	105	149	191	238	087	160	108	233	143	158	102	150	194	254	175	158	144	083	122	183	150	260	146	129	155	092	146	198	108	172	089	161	089	161	240	134	104	095	181	207	166	149
1435	1	089	136	185	241	103	135	091	129	191	238	085	160	113	229	143	156	088	127	194	252	165	152	156	081	124	183	142	262	146	125	153	092	146	192	106	168	083	161	087	161	228	118	092	099	191	205	156	149
1435	1	089	136	187	247	103	135	101	143	195	238	091	161	113	231	145	160	102	127	200	254	177	158	158	083	126	183	150	262	150	125	159	095	146	198	108	170	083	173	089	167	228	130	092	099	191	205	168	149
1436	1	089	134	179	249	103	135	089	129	191	238	087	161	108	229	143	156	088	150	194	246	165	156	154	081	124	179	142	256	146	129	153	092	148	180	108	168	083	161	087	161	228	118	092	103	179	211	142	149
1436	1	091	136	181	271	103	147	101	149	195	250	089	161	115	229	143	156	090	150	202	250	177	162	154	083	124	183	150	262	150	131	155	095	150	180	112	172	089	173	087	167	228	130	096	103	191	215	170	149
1437	1	089	134	175	245	103	135	093	129	191	238	087	161	108	229	143	154	088	127	190	250	173	158	156	081	122	183	148	262	140	127	151	092	146	184	108	168	083	161	091	161	228	134	092	095	191	205	164	149
1437	1	091	138	175	253	103	135	093	149	191	238	089	161	115	231	145	156	090	140	200	254	173	162	156	083	124	183	148	262	146	131	155	092	146	198	108	170	089	173	091	167	240	134	092	101	191	211	168	149
2398	10	089	134	179	253	103	145	093	143	189	232	087	158	108	227	143	158	090	127	194	252	167	142	154	083	124	175	142	260	150	129	155	092	146	180	106	172	089	165	091	167	228	118	104	101	177	205	166	145
2398	10	093	136	187	253	103	145	103	145	195	238	087	158	113	229	143	158	102	140	194	252	175	152	154	083	132	175	142	260	150	129	159	095	150	196	112	178	095	173	091	167	228	130	104	101	191	205	166	149
2399	10	091	138	179	253	103	145	083	129	189	238	087	160	113	229	143	158	090	127	188	252	167	152	154	081	124	183	142	256	150	125	155	091	150	180	108	172	085	161	089	161	228	130	092	101	181	207	144	149
2399	10	093	140	187	253	103	145	083	143	189	238	091	162	115	233	143	158	100	148	194	252	167	152	154	081	132	185	148	262	150	129	155	095	150	192	110	174	085	165	089	167	238	134	104	103	191	211	158	151
2400	10	089	134	179	253	103	135	093	141	195	238	087	158	113	229	143	158	088	138	188	252	167	152	154	081	124	175	138	260	146	123	155	091	146	180	106	172	083	165	085	167	228	128	102	103	177	205	142	145
2400	10	089	138	187	269	103	145	093	149	195	238	087	161	115	229	143	158	102	140	200	252	177	152	160	083	124	175	142	264	146	129	155	095	150	196	112	172	083	165	089	167	228	130	104	103	181	211	142	145
2401	10	089	134	179	253	103	135	097	129	189	238	087	149	113	227	143	160	088	148	190	252	173	152	154	077	124	165	142	260	150	129	155	091	150	184	106	172	089	161	081	161	228	114	096	095	181	205	142	151
2401	10	093	136	181	269	103	145	103	143	189	238	087	158	115	229	143	160	102	148	194	252	175	152	154	083	124	183	142	262	150	129	159	092	150	192	106	172	089	173	089	167	238	130	102	103	181	207	158	153
2402	10	091	136	179	253	103	141	103	129	189	238	087	147	113	225	143	156	090	146	194	244	167	146	154	083	124	175	142	260	140	129	153	091	146	180	106	170	089	161	089	167	240	130	098	101	181	201	144	145
2402	10	091	140	187	253	103	141	103	149	195	252	087	170	115	227	143	158	090	150	194	252	167	158	160	085	132	183	142	260	140	129	157	092	150	184	108	172	089	169	089	167	240	130	102	103	191	211	158	149
2403	10	089	134	181	253	103	141	083	129	189	238	087	158	108	227	143	158	090	138	194	246	167	152	144	081	124	165	142	260	140	129	155	091	146	180	090	170	085	173	085	161	228	128	102	101	181	205	142	145
2403	10	089	134	191	269	103	145	097	129	195	238	089	160	115	227	143	160	102	140	200	246	167	152	144	083	124	165	142	260	150	129	157	095	150	184	110	172	089	175	085	167	228	134	104	101	181	211	142	149
2404	10	089	134	175	253	103	145	083	129	189	232	087	159	113	227	143	156	090	127	190	246	173	152	144	081	124	165	142	260	140	129	157	091	146	180	112	166	089	173	089	161	238	128	102	101	181	205	142	149
2404	10	089	134	181	269	103	145	103	129	195	238	087	160	115	229	143	158	090	140	194	252	173	152	144	083	132	175	142	260	150	129	159	091	150	184	112	172	089	175	089	167	240	132	102	101	181	207	166	151
2405	10	091	134	175	253	103	135	093	133	189	232	087	158	113	225	143	158	090	140	194	246	173	146	154	083	124	175	142	256	146	125	155	091	150	180	108	170	089	161	081	161	228	130	104	101	181	205	142	143
2405	10	093	136	185	269	103	145	097	143	189	232	087	170	115	227	143	160	090	140	194	252	177	152	156	083	124	183	148	260	150	129	155	095	150	180	110	170	089	173	089	167	238	130	104	101	181	205	158	151
2406	10	089	136	179	241	103	145	093	129	189	232	087	147	113	229	143	152	090	148	194	252	167	146	154	077	132	165	142	256	148	129	157	091	146	192	110	172	089	161	089	167	238	114	102	095	177	201	156	153
2406	10	091	140	187	269	103	145	097	129	195	238	087	149	115	229	143	158	102	150	194	252	173	166	160	081	132	165	142	260	150	129	157	091	150	192	112	174	089	169	089	167	238	132	102	101	181	207	158	153
2407	10	089	134	181	253	103	141	093	129	189	232	087	160	108	225	143	158	090	140	194	252	165	146	144	081	124	165	142	260	150	123	155	092	146	180	112	166	085	161	085	167	228	128	098	095	181	205	144	145
2407	10	091	136	187	253	103	141	093	143	191	238	087	162	113	229	143	160	090	142	194	252	173	158	154	083	132	183	150	260	152	129	157	095	150	184	112	174	089	161	089	167	236	132	102	101	181	207	166	153
2408	10	089	134	185	241	103	141	093	129	189	232	087	160	108	227	143	158	090	140	190	252	177	152	144	081	120	175	148	260	150	123	153	091	150	180	106	172	089	161	081	167	228	130	098	103	181	201	144	149
2408	10	091	138	187	253	103	145	103	143	189	232	089	162	113	229	143	160	090	146	194	254	177	158	154	083	132	179	150	262	150	129	157	091	150	192	108	174	089	169	089	167	238	132	104	103	191	205	168	151
2409	10	091	134	179	253	103	135	103	129	191	238	087	158	108	227	143	156	090	127	200	246	173	142	156	077	124	165	138	260	146	129	155	091	150	180	106	166	089	161	085	167	228	128	104	101	181	205	142	145
2409	10	093	136	191	269	103	141	103	129	191	252	089	160	113	229	143	158	090	127	200	252	177	158	160	083	132	165	150	260	150	129	157	091	150	192	112	172	095	173	091	167	228	130	104	103	181	207	144	149
2410	10	089	134	179	253	103	141	083	129	191	232	087	160	113	227	143	158	090	138	190	252	167	152	144	077	124	165	138	262	146	125	153	091	150	180	106	172	089	161	085	167	228	130	102	101	181	205	142	149
2410	10	093	136	191	253	103	145	103	129	195	238	087	162	115	227	143	160	102	146	200	252	173	158	156	083	124	175	142	262	150	129	157	095	150	192	110	178	089	173	089	167	238	134	104	101	181	205	166	149
934	11	089	134	181	241	103	141	085	129	191	252	087	158	115	225	143	158	088	142	188	252	173	152	154	081	124	175	142	260	146	123	155	092	150	180	106	170	085	165	085	167	228	130	092	097	181	205	158	149
934	11	091	136	181	271	104	141	103	149	191	254	087	160	115	227	147	158	090	150	194	252	173	152	156	083	132	175	148	262	146	129	157	092	150	180	106	178	089	173	089	167	238	130	104	103	181	211	166	153
2434	11	089	134	181	247	103	135	089	129	189	232	089	158	108	229	143	154	090	138	194	246	167	146	156	077	124	175	142	256	146	129	155	091	148	196	108	170	083	165	089	167	228	130	096	095	181	205	158	145
2434	11	091	140	185	253	103	135	103	129	189	238	089	161	115	229	143	160	100	140	200	250	173	152	160	081	132	183	148	260	150	129	157	094	150	196	112	176	085	173	091	167	228	130	104	095	191	205	168	149
2435	11	089	138	181	253	103	135	085	129	189	238	087	143	113	229	143	156	090	140	188	250	167	156	154	083	122	183	142	260	150	125	155	091	146	180	090	166	081	161	087	161	236	130	092	097	181	207	142	145
2435	11	091	138	187	273	105	135	093	143	189	238	087	149	113	231	143	158	090	148	200	252	177	162	160	083	122	183	148	262	152	129	159	092	150	180	112	170	089	165	089	165	238	134	096	099	191	211	142	151
2436	11	089	134	181	241	103	135	091	129	189	238	087	143	113	229	143	156	090	140	190	250	165	152	154	081	124	165	142	260	140	125	155	091	146	180	106	168	083	161	081	167	236	114	096	097	181	201	164	149
2436	11	089	134	185	271	103	145	103	143	191	254	087	162	115	231	143	158	100	146	194	252	167	166	156	083	132	179	142	262	150	129	157	091	150	192	106	170	083	173	091	167	240	134	104	099	191	205	168	153
2437	11	089	134	179	253	103	135	089	129	195	252	087	158	110	229	143	156	088	127	198	250	173	152	154	083	122	165	142	262	140	127	155	092	146	184	106	170	083	161	091	161	238	130	096	101	181	207	168	151
2437	11	091	136	181	253	103	147	103	129	195	254	087	162	113	231	143	158	090	140	200	252	173	158	154	083	126	183	150	262	148	129	155	095	146	196	108	172	089	173	091	161	238	130	104	101	181	211	170	153
2438	11	091	136	179	247	103	135	097	129	189	232	087	162	113	225	143	158	090	127	188	252	163	152	156	081	122	175	142	260	146	121	155	095	146	180	110	172	089	165	085	167	228	114	092	103	181	205	168	149
2438	11	093	136	187	253	103	145	103	129	189	238	089	170	115	229	143	158	090	138	194	254	177	158	156	083	124	183	148	260	146	125	155	095	150	190	112	176	089	173	089	167	240	130	092	103	191	205	168	153
2439	11	089	140	179	241	103	145	097	129	189	232	087	158	115	225	143	158	090	140	194	252	167	146	154	081	124	175	142	262	146	127	155	091	150	180	106	168	089	161	085	167	228	114	092	095	181	205	142	153
2439	11	093	140	179	253	103	145	103	143	189	232	087	162	115	229	143	158	090	148	194	252	167	158	154	083	124	179	150	262	150	129	159	095	150	184	110	170	089	165	089	167	240	130	092	101	191	211	142	153
2440	11	089	134	179	241	103	135	093	141	191	238	087	160	108	227	143	156	090	127	194	252	165	150	144	081	124	165	142	260	140	125	159	091	146	184	106	170	089	173	085	161	238	130	102	101	181	207	162	149
2440	11	091	138	181	253	103	135	097	143	191	238	087	162	113	231	143	156	090	140	194	254	165	158	160	083	132	179	148	262	150	129	159	092	150	196	112	172	089	173	089	167	238	130	104	101	181	211	168	149
2441	11	089	136	187	241	103	135	093	129	189	232	087	160	113	225	143	158	090	140	188	250	167	152	156	083	132	175	142	262	146	125	155	091	146	180	110	170	083	161	081	161	228	130	092	095	181	205	162	147
2441	11	091	140	187	241	103	141	093	143	191	238	089	162	115	229	143	158	102	140	200	250	173	166	156	083	132	183	148	262	150	129	155	092	150	192	110	172	089	173	085	167	236	134	092	103	181	207	164	149
2442	11	091	134	185	241	103	135	089	129	189	238	087	160	113	213	143	154	088	142	194	252	173	152	154	083	124	165	142	260	146	125	155	091	146	180	110	168	083	165	085	167	236	130	098	099	181	205	158	149
2442	11	091	136	187	253	105	145	097	149	191	238	087	162	113	229	143	156	090	148	194	252	177	152	156	083	124	165	148	260	150	129	155	092	150	184	112	168	089	173	089	167	238	130	104	103	191	211	170	149
2443	11	089	136	175	241	103	135	097	129	191	238	087	154	108	229	143	156	100	142	194	252	167	146	154	081	124	175	148	256	140	125	155	091	146	180	106	170	089	173	089	167	228	118	104	101	181	205	142	145
2443	11	089	142	187	253	103	141	097	141	195	238	087	162	115	231	143	158	102	142	194	252	175	150	154	083	132	183	150	262	150	129	155	091	154	196	108	176	095	173	091	167	238	134	104	103	191	205	166	149
2444	11	089	136	181	247	103	141	089	129	189	238	087	161	108	227	143	156	090	140	194	252	167	146	154	081	122	175	142	260	146	127	155	091	146	180	110	166	089	161	085	161	228	130	104	095	181	205	142	151
2444	11	089	136	187	271	103	145	103	129	191	238	087	162	115	227	143	158	090	150	200	252	175	152	160	083	126	179	142	262	150	131	157	091	150	198	112	172	089	161	089	161	240	134	104	101	191	205	162	151
2446	11	089	138	179	253	103	135	089	129	191	238	087	160	108	225	143	158	090	148	190	252	167	146	156	081	124	175	142	260	150	125	155	091	148	180	110	168	089	165	089	167	228	130	098	099	181	207	142	145
2446	11	091	138	185	269	103	145	103	143	195	238	087	160	115	231	143	158	102	150	194	252	177	158	160	081	124	181	142	262	150	129	155	091	150	180	112	168	089	167	089	167	238	134	102	103	191	211	142	153
2447	11	089	134	187	253	103	135	093	129	189	238	085	158	115	229	143	154	090	140	194	252	173	152	154	081	124	165	142	260	146	123	155	091	150	180	110	168	083	161	085	161	228	114	092	101	181	205	158	143
2447	11	089	140	187	269	103	141	093	143	191	238	087	161	115	233	143	158	090	142	202	252	177	164	154	083	124	165	148	260	150	129	157	092	150	196	112	176	089	169	089	165	240	130	104	101	181	207	168	145
2448	11	089	136	179	253	103	135	103	129	189	232	089	160	113	229	143	158	090	127	194	252	173	152	154	083	132	165	138	260	150	129	155	092	146	180	106	170	085	161	085	161	228	130	092	101	181	205	168	153
2448	11	091	138	187	269	103	141	103	129	189	238	089	162	115	229	143	158	090	146	194	252	177	152	154	085	132	179	142	262	150	129	159	095	148	196	112	172	085	169	089	167	228	130	104	103	191	205	168	153
2449	11	089	134	175	253	103	145	097	129	195	238	087	149	113	229	143	156	090	140	188	246	173	152	154	081	124	175	138	260	140	123	153	091	146	180	108	168	089	161	085	161	240	118	102	095	181	205	156	145
2449	11	089	138	187	269	103	145	103	143	195	250	089	160	113	231	145	158	090	140	194	254	175	158	154	083	124	179	142	262	148	129	155	095	154	180	112	170	089	161	089	167	240	134	104	103	191	211	168	149
2450	11	089	136	175	247	103	135	089	129	189	238	087	160	113	227	143	158	088	140	194	252	167	152	154	081	124	183	138	262	140	129	151	091	150	180	106	170	089	161	085	161	228	130	096	101	191	205	164	145
2450	11	091	140	179	253	103	145	093	133	195	238	087	170	115	227	147	160	100	140	194	252	175	158	154	081	124	183	150	262	140	129	159	091	150	192	108	178	089	173	089	167	240	130	098	101	191	207	168	145
2451	11	089	134	185	253	103	135	097	143	193	238	087	160	115	231	143	156	090	127	188	252	175	152	156	083	124	165	138	260	146	127	155	091	146	184	090	168	085	161	085	161	228	118	092	101	181	207	142	149
2451	11	091	136	185	269	103	137	099	143	195	238	089	161	115	231	143	158	090	127	194	252	177	158	160	083	124	175	142	262	150	129	155	091	150	196	108	172	085	173	091	161	228	132	098	103	191	211	164	153
2452	11	089	136	179	253	103	141	103	129	191	238	087	160	115	229	143	156	090	140	188	244	167	146	154	083	124	165	142	260	140	129	159	091	146	180	106	174	085	161	089	161	228	130	102	095	181	205	142	151
2452	11	091	138	187	253	103	145	103	129	195	238	087	160	115	229	143	158	100	142	194	252	173	156	154	083	132	175	142	262	150	129	159	095	150	196	106	174	089	165	091	167	228	134	102	095	181	211	162	153
2453	11	089	136	179	245	103	135	091	129	189	238	087	160	113	225	143	158	090	142	188	246	173	152	144	081	124	183	148	260	146	125	155	092	150	184	108	172	081	165	085	167	228	132	098	099	177	205	158	153
2453	11	091	138	185	269	103	141	097	129	191	254	087	160	113	229	157	158	102	146	188	252	177	152	156	081	132	183	148	260	150	125	155	092	150	184	110	172	085	173	089	167	238	134	104	101	189	207	166	153
2454	11	089	136	179	241	103	135	097	129	189	238	087	158	108	229	143	156	090	127	188	252	173	146	144	081	124	183	142	262	150	129	153	091	146	180	106	166	089	161	089	161	238	118	102	101	181	205	142	153
2454	11	091	138	187	253	103	141	103	141	191	238	087	162	115	231	143	158	100	142	190	252	177	152	154	081	124	183	148	262	150	129	159	092	150	184	110	176	089	161	089	167	238	132	104	103	181	215	158	153
2455	11	089	134	181	241	103	135	083	129	191	238	087	161	113	227	143	158	090	127	194	252	173	146	154	081	122	175	142	260	146	125	155	091	146	180	106	168	085	173	087	167	228	134	104	101	181	205	142	149
2455	11	091	138	187	249	105	145	089	129	195	238	087	162	115	229	143	158	090	140	194	252	175	164	156	081	132	183	150	262	150	129	157	091	150	180	110	172	089	173	089	167	238	134	104	101	191	215	158	149
2456	11	089	138	181	253	103	135	093	143	189	232	087	158	113	225	143	154	090	140	194	250	163	152	144	077	124	165	148	260	148	125	155	091	150	180	106	170	089	161	085	161	228	114	092	101	181	207	158	149
2456	11	091	138	181	253	103	145	097	143	191	252	087	161	113	229	143	158	090	146	194	252	177	166	154	081	132	183	150	262	150	129	157	092	150	184	110	172	095	165	089	167	236	130	104	103	191	207	170	151
2457	11	091	134	179	269	103	141	097	129	189	252	089	160	108	227	143	156	090	140	194	252	167	146	154	081	124	165	142	262	146	123	153	091	150	180	106	170	085	161	087	161	228	130	102	099	181	205	142	145
2457	11	091	138	191	271	103	145	105	143	189	252	091	162	115	229	143	156	090	142	200	252	173	166	154	081	124	181	148	262	150	129	157	092	154	198	110	174	089	161	087	167	238	134	104	103	191	205	158	153
2458	11	089	136	175	241	103	137	089	129	189	238	087	160	108	225	143	154	090	127	194	252	177	148	144	083	124	175	138	260	146	125	155	091	150	184	106	170	085	161	085	167	238	130	092	095	181	205	142	151
2458	11	091	138	185	269	103	141	103	149	191	250	087	162	115	233	143	158	090	150	200	254	177	152	154	083	124	183	148	260	150	127	155	095	150	196	106	176	091	161	087	167	238	130	098	095	181	205	168	153
1074	12	089	136	187	253	103	145	103	129	191	232	087	160	115	227	143	158	090	127	188	252	165	146	144	083	124	165	142	260	146	125	153	094	150	180	106	172	083	161	085	167	228	128	102	095	181	205	158	149
1074	12	091	138	187	269	103	145	103	129	195	232	091	162	115	229	143	158	102	138	194	252	173	162	154	083	132	183	150	262	150	125	157	095	150	192	106	172	085	173	089	167	238	134	104	095	181	205	166	153
1075	12	093	132	187	247	103	141	103	129	191	232	087	160	115	229	143	156	090	142	188	254	167	164	154	081	132	183	142	260	150	129	155	091	150	180	106	168	083	165	089	161	228	130	098	095	181	207	166	149
1075	12	093	136	187	269	103	141	103	143	191	252	087	162	115	229	143	156	102	146	194	254	167	166	156	083	132	183	148	260	150	129	155	091	150	192	106	174	083	173	089	167	228	134	106	095	181	207	168	153
1076	12	089	134	175	253	103	145	097	129	189	238	087	160	108	221	143	158	090	138	194	246	167	152	154	081	132	165	142	262	146	129	153	095	150	180	106	170	089	161	089	167	228	128	104	095	181	205	142	149
1076	12	093	136	179	269	103	145	097	143	189	238	089	160	108	227	143	158	102	140	194	252	175	158	160	083	136	175	142	264	150	131	155	095	150	192	112	172	095	173	091	167	228	130	104	101	191	207	158	149
1077	12	089	140	187	253	103	141	093	129	189	238	087	158	115	225	143	158	090	127	188	252	175	152	144	081	122	183	142	260	150	123	153	091	146	192	106	172	089	161	087	167	238	122	102	095	181	205	142	145
1077	12	089	140	187	253	105	141	103	143	191	252	089	162	115	229	143	158	102	127	194	252	177	158	160	081	124	183	148	260	150	125	155	095	150	192	106	172	089	173	091	167	238	132	104	095	181	211	142	149
1078	12	091	136	187	253	103	135	097	129	189	238	087	162	115	227	143	158	090	138	194	252	167	152	154	081	122	183	142	262	150	125	155	091	146	180	108	170	083	161	089	167	228	128	102	101	181	201	142	149
1078	12	093	140	187	269	103	141	097	129	191	250	089	162	115	229	143	160	102	140	194	252	177	166	160	083	124	183	148	262	150	129	155	095	146	180	110	172	089	173	091	167	238	130	104	103	181	207	166	149
2229	2	089	138	179	253	103	135	089	129	191	232	089	147	113	229	143	156	090	142	190	244	177	146	144	077	126	165	138	262	150	123	157	092	150	180	106	172	089	173	085	167	228	130	096	101	181	205	166	145
2229	2	091	138	187	253	103	141	091	129	191	232	089	162	115	233	143	158	090	142	190	244	177	154	154	081	132	175	138	262	150	129	157	092	150	180	110	172	089	173	089	167	228	130	096	103	181	205	166	149
2230	2	091	136	187	253	103	141	103	129	195	238	087	162	113	225	143	158	090	142	194	252	167	152	154	083	124	175	138	260	146	129	153	091	150	180	112	166	089	161	089	167	228	114	098	101	181	205	168	151
2230	2	091	140	187	269	103	145	103	129	195	238	089	162	113	229	143	158	090	142	194	252	177	152	160	083	124	183	142	262	150	129	155	095	150	180	112	176	089	165	089	167	238	130	102	103	191	215	168	153
2235	2	089	136	179	253	103	135	093	129	189	238	087	158	108	227	143	154	090	142	188	250	167	146	154	077	124	165	148	260	148	125	155	091	146	180	106	166	089	161	087	167	236	130	092	095	181	201	158	149
2235	2	089	138	181	253	103	141	103	129	191	252	091	162	115	229	143	158	102	148	190	252	177	146	158	081	132	183	148	262	150	129	155	091	150	184	112	170	089	165	089	167	238	132	102	095	181	207	166	153
2236	2	089	134	179	269	103	141	097	129	189	232	087	160	108	229	143	156	090	142	194	244	167	146	154	077	122	165	142	260	148	123	151	091	150	180	110	172	085	161	085	167	228	128	102	101	181	205	168	145
2236	2	089	138	179	269	103	141	103	129	191	232	089	161	115	229	143	156	090	148	194	252	177	154	154	083	132	175	148	262	150	129	155	095	150	180	112	172	089	173	089	167	228	134	104	103	181	205	168	153
2237	2	089	134	181	253	103	141	097	129	189	238	087	158	113	227	143	158	090	140	190	252	175	150	144	083	124	183	142	262	140	129	155	091	150	196	106	166	089	161	089	167	228	128	102	103	177	205	142	145
2237	2	093	134	187	253	103	141	097	129	191	238	091	162	113	229	143	158	090	142	190	252	175	152	154	083	132	183	142	262	150	129	159	092	150	198	112	166	089	161	089	167	228	130	102	103	181	211	144	149
2238	2	089	134	187	253	103	141	097	129	189	238	087	160	115	227	143	158	090	142	190	252	173	152	144	077	132	175	142	262	150	125	155	091	150	180	112	170	089	161	087	167	228	128	102	095	181	205	142	145
2238	2	089	138	187	253	103	141	103	129	191	252	091	160	115	229	143	160	090	148	194	252	175	152	160	083	132	183	142	262	150	129	155	092	150	184	112	172	095	161	089	167	238	132	102	103	191	207	166	145
2239	2	089	136	187	253	103	141	097	129	191	232	087	158	115	229	143	158	090	127	188	252	167	152	154	077	132	165	142	262	148	129	155	092	148	196	112	170	089	165	089	167	228	130	102	095	181	205	142	151
2239	2	091	136	187	253	104	141	103	141	191	238	087	162	115	229	143	158	102	148	194	252	173	154	154	081	132	183	148	262	150	129	155	095	150	196	112	176	095	173	089	167	238	130	102	101	181	205	166	153
2240	2	089	136	179	253	103	141	091	129	191	238	087	158	108	225	143	156	090	138	194	252	167	146	144	083	132	175	142	256	150	125	155	091	150	184	110	166	085	161	087	167	236	130	098	095	181	205	144	151
2240	2	091	138	187	271	103	145	103	149	191	238	087	160	113	233	143	156	102	142	194	252	167	152	154	083	132	179	148	262	150	129	157	091	150	196	112	172	089	161	089	167	238	132	098	101	181	205	166	151
2241	2	089	136	187	253	103	141	101	129	195	252	087	158	115	227	143	154	090	127	188	250	173	146	154	081	124	165	138	262	150	129	155	091	150	180	106	166	089	165	089	167	228	130	092	095	191	201	158	153
2241	2	091	138	187	253	103	147	103	131	195	252	087	162	115	231	143	160	102	142	194	252	173	146	154	083	132	175	142	262	150	129	155	095	150	180	112	172	095	169	089	167	236	130	104	095	191	207	168	153
2242	2	089	134	179	241	103	135	093	129	189	232	087	147	108	225	143	158	090	127	188	252	167	152	144	077	124	165	142	262	146	125	155	091	150	180	106	172	089	169	087	167	228	114	098	101	181	201	144	151
2242	2	089	136	181	253	103	145	093	129	191	238	089	162	115	229	143	160	090	142	194	252	173	152	154	077	132	175	148	262	150	125	155	095	150	180	112	172	089	173	089	167	238	130	102	103	191	205	158	153
2243	2	089	136	181	249	103	141	093	129	189	232	087	158	115	227	143	156	090	127	190	252	167	152	154	083	124	175	142	262	146	123	157	091	146	180	112	166	089	161	089	167	228	128	092	095	181	205	142	151
2243	2	091	136	187	269	103	145	097	149	191	252	087	160	115	227	143	158	090	140	190	252	173	152	160	083	132	175	148	262	150	125	157	091	148	180	112	172	089	161	091	167	236	130	104	103	181	205	142	153
2244	2	089	136	179	253	103	145	093	129	191	238	087	158	108	227	143	158	090	127	190	250	167	152	152	081	124	175	142	260	150	125	155	091	150	180	112	172	085	161	081	167	228	114	102	101	181	201	142	145
2244	2	089	136	187	269	103	147	103	129	191	238	089	158	108	229	143	158	090	142	194	252	173	154	154	085	132	183	142	262	150	129	159	094	150	180	112	174	089	165	089	167	228	130	102	101	181	211	144	151
2245	2	091	136	179	241	103	135	093	129	191	232	089	158	113	229	143	156	090	142	194	252	167	152	154	083	124	179	138	262	150	129	153	091	148	180	112	166	089	173	089	167	228	132	092	101	181	205	166	145
2245	2	091	136	181	249	103	141	093	143	191	238	089	161	115	231	143	158	102	142	194	252	173	152	154	083	124	183	142	262	150	129	155	094	150	180	112	166	089	173	089	167	228	132	102	101	181	211	168	151
2246	2	089	136	179	253	103	135	089	129	189	232	087	147	115	229	143	158	090	142	190	252	167	146	154	081	124	175	138	260	140	123	155	091	146	180	110	166	085	161	085	167	228	130	102	095	181	205	166	145
2246	2	091	136	181	253	103	141	097	129	191	238	089	158	115	233	143	158	090	142	194	252	177	152	160	083	132	183	142	262	150	129	157	094	150	184	110	172	089	173	089	167	236	130	104	103	191	207	168	151
2247	2	089	136	181	253	103	145	097	129	189	232	087	147	115	229	143	158	090	127	190	250	173	152	156	081	132	183	142	256	150	125	155	091	148	194	106	170	089	161	089	167	228	128	098	095	181	205	144	145
2247	2	089	136	187	253	103	145	097	149	191	252	087	158	115	229	143	158	090	146	194	252	177	166	160	083	132	183	142	260	150	129	159	092	150	196	110	172	089	173	089	167	238	130	104	095	191	205	144	153
2248	2	089	136	179	253	103	135	091	129	189	232	089	147	113	229	143	158	090	140	190	252	177	146	154	083	126	175	138	262	150	123	155	092	150	180	110	170	085	165	085	167	228	130	096	101	177	201	142	151
2248	2	091	136	187	253	103	141	093	141	191	238	091	160	115	229	143	158	090	142	190	252	177	152	154	083	132	183	138	262	150	129	157	092	150	180	112	172	089	169	087	167	228	132	104	103	181	207	166	153
2249	2	089	136	179	269	103	141	089	129	191	232	087	147	115	229	143	158	090	127	188	252	167	146	154	083	124	179	148	260	146	125	153	092	146	184	110	166	085	161	081	161	224	122	096	101	181	205	144	145
2249	2	091	136	187	269	104	145	103	149	191	252	087	158	115	233	143	160	102	142	194	252	173	152	160	085	132	183	148	262	146	129	155	095	150	184	112	170	089	165	087	167	228	130	104	101	181	207	166	153
2250	2	089	136	179	249	103	141	093	129	189	232	087	158	113	229	143	158	090	142	190	252	173	152	144	077	132	175	138	260	146	123	155	091	150	184	112	172	089	161	089	167	228	130	098	095	181	207	142	153
2250	2	091	136	187	253	103	147	093	141	191	232	089	158	115	229	143	158	102	142	190	252	177	152	154	083	132	183	142	262	150	129	155	091	150	196	112	176	095	165	089	167	228	132	104	103	181	211	168	153
2251	2	089	136	179	253	103	135	093	129	191	232	087	160	113	229	143	158	088	142	188	252	173	146	154	083	132	175	142	260	150	123	153	092	150	180	110	170	089	161	087	167	224	130	102	101	181	205	166	145
2251	2	091	138	187	253	103	141	103	143	195	254	089	160	115	229	143	158	090	142	194	252	177	152	154	083	132	183	142	262	150	129	155	095	150	184	110	172	089	161	089	167	228	132	102	103	181	205	168	145
2252	2	091	136	187	253	103	141	093	129	189	232	087	158	113	229	143	158	090	142	190	250	177	146	154	081	124	183	138	262	150	125	155	091	150	180	112	172	089	165	085	161	224	132	098	095	177	205	166	153
2252	2	091	136	187	253	103	141	103	143	195	252	089	160	115	229	143	158	090	146	194	252	177	152	156	083	132	183	142	262	150	129	155	095	150	184	112	172	095	165	087	167	228	132	102	095	191	205	168	153
2253	2	089	136	179	253	103	141	093	129	191	238	087	158	108	229	143	154	090	127	194	252	173	152	154	077	122	165	142	262	146	125	155	092	146	184	106	176	089	161	089	167	238	122	102	095	181	205	166	151
2253	2	089	136	187	253	104	141	097	129	191	252	087	162	115	229	143	158	102	142	194	252	173	166	154	081	132	165	148	262	148	129	155	092	150	196	112	178	095	165	089	167	238	130	102	095	181	205	166	153
2254	2	091	136	181	253	103	141	085	129	189	232	089	158	113	229	143	160	090	140	188	250	167	152	154	081	132	165	138	262	150	129	155	091	146	180	110	172	089	161	087	161	228	114	102	095	177	211	158	151
2254	2	093	140	181	253	103	141	103	129	195	252	091	162	115	229	145	160	090	146	194	252	173	152	154	083	132	183	142	262	150	129	155	091	150	184	112	174	089	161	089	167	238	130	102	101	181	215	166	153
2255	2	089	136	179	253	103	145	089	129	191	232	087	158	113	229	143	158	090	140	190	244	167	146	152	077	132	175	142	260	146	123	155	091	150	180	110	170	089	165	087	167	228	128	098	095	181	211	144	151
2255	2	091	138	187	253	103	145	093	141	193	238	087	158	113	231	143	158	102	142	194	250	177	166	154	083	132	183	142	262	150	125	157	092	150	180	112	172	089	173	091	167	238	130	098	101	181	215	166	153
2256	2	089	134	179	253	103	135	093	129	189	238	087	158	113	225	143	158	090	127	188	252	167	146	154	077	124	175	142	260	150	129	155	091	150	196	106	170	089	165	085	167	228	130	102	095	181	201	142	151
2256	2	091	134	179	253	103	145	097	129	189	238	087	158	113	229	143	158	090	142	194	252	173	164	156	083	132	175	142	262	150	129	155	091	150	196	110	172	089	169	089	167	228	130	104	101	181	211	158	153
2257	2	089	136	181	253	103	141	097	129	191	252	087	158	108	231	143	158	090	127	190	250	167	152	152	081	132	175	142	256	140	125	155	091	150	180	106	166	089	161	089	167	228	128	098	095	181	205	142	145
2257	2	093	136	181	271	103	141	103	149	191	252	087	160	115	231	143	158	090	148	194	252	177	152	154	083	132	183	142	260	150	125	155	092	150	194	110	172	089	161	089	167	236	132	102	101	191	211	144	149
2258	2	089	136	187	241	103	141	093	129	191	232	087	158	115	229	143	156	090	140	190	252	177	146	156	083	124	175	142	260	150	125	155	091	150	184	106	172	085	161	089	167	224	114	098	101	181	205	166	149
2258	2	091	138	187	253	103	141	103	143	195	252	087	162	115	229	143	160	090	142	190	252	177	146	156	083	132	179	142	262	150	125	155	091	150	184	106	172	095	173	089	167	238	132	104	101	181	211	168	151
2259	2	089	136	179	253	103	141	097	129	191	232	087	158	113	227	143	156	090	142	194	252	167	152	160	077	124	165	138	262	150	129	155	091	150	180	110	172	085	161	085	167	228	130	098	101	181	205	166	145
2259	2	091	138	187	269	103	145	103	129	191	238	089	160	115	229	143	158	090	148	194	254	177	154	160	083	132	175	142	262	150	129	155	091	150	180	112	172	089	165	089	167	228	130	098	101	181	215	168	153
2260	2	089	136	179	253	103	141	093	129	191	238	087	158	108	225	143	158	090	146	190	250	167	146	152	077	132	165	142	262	140	125	155	091	150	180	106	172	089	159	085	167	228	130	102	095	181	205	142	145
2260	2	089	136	181	253	103	141	093	129	191	238	089	158	108	229	143	158	090	148	194	252	177	150	156	077	132	175	148	262	150	125	159	091	150	194	112	172	089	165	089	167	238	132	102	101	181	205	168	153
2261	2	089	138	179	249	103	135	093	129	191	232	087	158	113	227	143	154	090	140	188	250	173	152	154	083	124	179	142	260	148	123	155	091	148	180	110	172	089	161	089	167	228	130	092	095	181	207	142	145
2261	2	093	138	187	253	103	135	103	149	191	252	087	158	115	227	143	158	102	142	194	252	173	152	154	083	132	183	142	262	150	125	155	091	150	180	112	172	089	169	089	167	236	132	102	101	191	211	168	153
2262	2	089	134	187	253	103	141	097	129	189	238	087	160	115	229	143	158	090	142	190	252	175	152	154	077	132	183	142	262	140	129	155	092	150	180	110	172	089	161	087	167	238	128	102	095	177	205	142	145
2262	2	091	134	187	269	103	141	097	141	191	252	091	160	115	229	143	158	090	148	190	252	177	152	160	077	132	183	142	262	150	129	155	092	150	194	112	176	089	161	087	167	238	128	102	103	181	205	142	153
2263	2	091	136	179	241	103	135	091	129	191	232	089	147	113	229	143	156	090	140	194	252	173	152	154	081	124	175	138	262	150	129	153	094	148	180	110	166	085	173	089	167	228	130	092	095	181	207	144	145
2263	2	091	138	181	253	103	135	093	129	191	232	089	161	113	233	143	158	102	142	194	252	173	154	154	083	126	179	138	262	150	129	155	094	150	180	112	172	089	173	089	167	228	132	096	101	181	211	166	145
2264	2	089	134	179	253	103	141	089	129	189	232	087	147	108	225	143	158	090	142	194	244	173	154	144	077	132	165	138	262	150	123	155	091	150	184	110	172	085	161	085	165	228	128	096	101	181	207	166	151
2264	2	091	136	187	269	103	141	093	129	191	238	089	158	115	233	143	158	090	146	194	254	177	154	144	081	132	183	142	262	150	129	155	092	150	196	112	172	089	169	089	167	238	130	102	101	181	211	168	153
2265	2	089	134	181	253	103	141	093	129	191	238	087	158	113	229	143	156	090	146	190	252	167	146	154	077	124	183	142	260	150	125	157	091	150	180	106	166	085	161	089	167	228	128	092	095	181	205	144	149
2265	2	089	136	187	253	103	141	103	149	191	238	087	170	113	231	143	158	102	146	194	252	175	152	160	081	132	183	142	260	150	129	159	092	150	196	112	170	089	161	089	167	228	130	102	095	181	207	166	149
2266	2	089	134	181	253	103	141	093	129	189	232	087	158	108	231	143	158	090	142	194	252	167	146	154	081	124	183	142	260	150	125	153	092	150	180	106	166	085	169	089	167	228	130	102	101	181	205	166	149
2266	2	093	136	191	253	103	141	093	149	191	238	087	158	115	231	143	158	090	142	194	252	173	152	160	083	132	183	142	262	150	125	155	095	150	196	110	172	089	173	089	167	228	132	104	103	191	207	168	151
2267	2	089	138	179	253	103	135	093	129	189	238	087	158	113	227	143	158	090	127	188	252	167	146	154	081	124	183	142	262	150	129	155	091	148	180	110	166	089	169	087	167	224	130	092	095	181	205	142	151
2267	2	091	138	181	253	103	141	093	129	191	238	089	158	113	227	143	160	102	142	190	252	173	152	154	083	132	183	142	262	150	129	157	091	150	196	110	170	089	173	089	167	236	132	104	101	181	211	166	153
2268	2	089	136	187	249	103	141	103	129	191	232	087	160	108	229	143	156	090	142	190	252	177	152	154	077	124	183	142	262	150	125	155	091	150	180	108	170	089	161	089	167	228	130	098	095	177	205	166	149
2268	2	089	138	187	253	103	147	103	129	191	238	089	161	113	229	143	158	102	146	194	252	177	152	154	083	132	183	142	262	150	129	155	092	150	180	112	172	089	167	089	167	228	132	098	103	191	215	168	153
2269	2	089	136	187	249	103	135	093	129	191	232	087	147	115	227	143	156	090	142	188	252	173	146	144	077	132	175	138	260	146	129	157	091	150	184	112	172	089	161	089	161	228	114	102	095	181	207	168	153
2269	2	089	136	187	253	103	141	093	129	191	238	087	160	115	229	143	158	102	142	190	252	177	152	154	083	132	183	142	262	150	129	159	091	150	196	112	172	089	169	089	167	236	132	102	101	181	211	170	153
2270	2	089	134	187	253	103	141	097	129	191	238	087	158	113	229	143	156	090	127	190	252	177	152	154	077	126	183	138	262	146	129	155	092	150	180	110	176	089	161	089	167	228	114	098	095	181	205	142	145
2270	2	091	140	187	253	103	141	103	141	191	238	091	160	115	229	143	158	090	140	194	252	177	152	160	083	132	183	142	262	150	129	155	094	150	198	112	176	089	161	089	167	228	130	102	103	191	211	168	151
2271	2	089	136	179	241	103	141	093	129	189	232	087	147	113	229	143	156	090	142	194	246	167	152	154	081	124	175	142	262	146	125	155	091	150	184	112	166	085	161	089	167	228	130	092	099	181	207	158	151
2271	2	089	136	179	269	103	147	093	143	191	238	087	161	113	231	143	158	102	142	194	252	177	166	160	081	124	183	142	262	148	129	155	091	150	184	112	172	089	161	089	167	238	132	098	101	191	215	168	153
382	3	089	136	187	241	103	135	097	141	195	232	087	147	113	227	143	156	090	140	190	252	173	152	144	083	124	175	142	260	148	123	155	091	150	180	112	166	083	161	089	167	228	114	092	101	181	207	144	145
382	3	091	138	187	253	103	141	103	149	195	252	089	158	115	233	143	158	090	146	194	252	177	152	152	083	132	175	142	262	150	125	155	091	150	180	112	176	089	169	089	167	228	132	102	103	191	211	166	147
383	3	089	134	187	253	103	141	093	129	195	238	087	147	108	227	143	158	090	140	188	252	177	152	144	081	124	165	142	260	140	125	155	091	150	180	112	170	089	161	089	167	228	132	102	095	177	211	142	147
383	3	089	138	187	253	103	141	103	143	195	252	087	147	115	227	143	158	090	146	194	252	177	152	154	081	124	175	148	260	148	129	155	091	150	180	112	176	089	165	089	167	238	132	102	099	181	215	166	153
647	3	089	134	187	253	103	141	097	143	189	232	089	158	113	229	143	156	090	127	194	252	167	152	144	081	124	165	142	260	150	123	153	091	150	180	112	166	089	161	087	167	228	128	092	095	181	201	142	145
647	3	091	136	187	253	103	145	103	149	195	238	091	161	115	233	143	160	102	142	194	252	173	152	160	083	132	183	148	262	150	129	157	094	150	180	112	172	089	161	089	167	238	132	102	101	191	205	168	145
648	3	089	138	179	249	103	135	103	129	189	232	089	161	113	229	143	156	090	127	190	252	167	152	154	081	124	165	142	260	140	125	155	091	150	180	110	172	089	161	087	167	228	128	102	095	177	205	142	145
648	3	091	140	187	253	103	141	103	149	195	232	091	164	115	229	143	158	090	142	194	252	173	158	160	083	124	183	142	262	150	129	157	092	150	184	110	172	095	173	089	167	238	128	104	101	191	211	158	153
649	3	089	138	187	249	103	135	093	129	189	232	087	158	113	229	143	156	090	142	190	250	173	152	154	077	122	183	142	260	150	125	155	091	150	180	112	172	089	161	091	167	238	130	102	095	181	211	142	149
649	3	089	138	187	253	103	141	103	141	191	238	087	162	115	233	143	158	102	142	194	252	177	152	154	083	124	183	142	262	150	129	157	091	150	180	112	172	089	169	095	167	238	130	104	101	181	215	144	153
650	3	089	136	179	249	103	141	097	129	191	232	087	158	115	225	143	158	090	138	194	250	167	146	154	081	122	179	142	260	146	125	155	091	146	180	112	166	089	161	087	167	228	128	102	101	181	201	168	151
650	3	089	140	179	253	103	141	103	129	195	238	087	158	115	229	143	160	102	142	194	250	167	152	160	083	132	183	148	262	150	125	157	092	150	180	112	166	089	165	089	167	228	128	102	101	181	215	168	153
651	3	089	134	187	253	103	141	093	141	191	238	087	161	108	229	143	158	090	127	190	252	167	152	154	083	124	183	138	262	150	123	155	091	150	180	112	166	089	161	087	167	228	128	092	095	177	201	158	145
651	3	089	136	187	253	107	141	097	149	191	238	091	162	115	233	143	158	102	127	194	254	173	152	160	083	124	183	148	262	150	129	155	091	150	184	112	172	089	161	087	167	238	130	102	095	177	205	168	145
652	3	089	136	179	249	103	141	097	129	191	232	087	158	113	229	143	156	090	142	194	252	173	152	144	081	124	183	142	260	150	125	157	091	150	180	106	166	089	165	091	167	228	128	102	095	191	211	142	145
652	3	089	136	187	253	103	145	103	141	191	238	087	158	115	233	143	158	090	146	194	252	175	152	160	081	124	183	142	262	150	125	157	091	150	184	110	166	089	165	091	167	238	130	102	101	191	215	158	153
653	3	089	136	179	253	103	141	093	121	191	232	087	158	108	227	143	156	090	138	190	252	167	146	152	083	124	183	138	262	150	125	155	091	150	180	110	172	089	161	089	161	228	130	098	095	181	211	144	145
653	3	093	138	187	269	103	141	103	143	191	238	087	158	113	229	143	158	090	146	194	252	173	152	154	083	124	183	142	262	150	125	155	094	150	180	112	172	089	165	093	167	236	132	104	105	181	211	166	153
654	3	089	138	179	253	103	141	085	129	191	232	087	158	108	227	143	156	090	127	190	252	167	152	154	081	126	183	142	262	146	125	155	091	150	180	110	170	089	165	089	167	228	130	092	095	181	205	158	153
654	3	093	140	187	253	103	145	093	141	191	232	089	162	113	229	143	158	090	146	194	254	173	152	154	081	132	183	142	262	146	129	155	094	150	180	112	172	089	168	091	167	228	130	102	103	181	211	168	153
658	3	089	138	179	253	103	143	093	129	189	232	089	158	115	229	143	158	090	127	188	252	173	152	154	081	124	165	142	260	150	129	155	092	148	180	110	172	089	161	089	167	228	130	098	095	177	207	158	145
658	3	093	140	187	253	103	145	093	149	191	238	091	164	115	233	143	158	090	142	190	254	177	158	160	083	132	183	142	262	150	129	157	094	150	196	110	172	089	165	093	167	238	132	102	101	181	207	166	145
659	3	089	136	179	249	103	145	089	149	189	232	087	147	115	227	143	156	090	127	194	252	167	146	154	081	124	165	142	262	150	125	155	091	150	180	112	166	089	161	081	167	228	128	102	095	181	201	142	145
659	3	089	138	179	253	103	145	097	149	191	232	091	158	115	233	143	158	102	142	194	254	167	152	160	083	132	179	142	262	150	125	155	091	150	180	112	166	089	173	087	167	238	130	102	101	191	211	166	151
660	3	089	136	191	253	103	141	085	129	189	232	087	158	115	227	143	156	090	142	190	252	167	152	154	083	124	183	142	262	150	125	153	091	150	180	110	172	085	165	081	167	228	130	098	095	177	205	158	153
660	3	089	136	191	269	103	145	103	129	191	238	087	160	115	229	143	160	090	142	194	252	173	152	160	083	124	183	142	262	150	129	155	095	150	184	110	172	089	165	089	167	246	130	104	101	181	211	166	153
661	3	089	136	179	267	104	141	093	129	191	238	087	158	108	227	143	156	090	138	190	252	167	146	152	081	124	183	138	262	150	125	155	091	150	180	110	172	089	161	081	161	236	130	096	095	181	211	144	145
661	3	089	138	187	269	104	145	103	141	191	240	087	160	113	229	143	158	102	142	194	252	173	152	154	083	124	183	142	262	150	129	155	094	150	180	112	172	089	161	089	167	236	132	104	101	181	211	166	153
662	3	089	136	187	241	103	135	085	129	189	232	087	158	113	227	143	156	090	142	194	252	173	146	144	081	124	183	142	262	150	129	155	091	150	180	106	170	085	161	087	167	228	130	092	095	181	205	144	153
662	3	089	138	191	253	103	147	093	129	191	238	089	158	115	231	143	156	090	146	194	252	177	152	154	083	124	183	142	262	150	129	155	094	150	180	112	172	089	168	089	167	228	130	098	095	181	211	166	153
663	3	089	136	187	249	103	141	093	129	191	232	087	162	108	227	143	158	090	127	190	250	167	154	154	081	124	165	142	260	140	125	157	091	150	180	110	172	089	161	087	167	224	122	096	095	181	207	144	145
663	3	093	140	187	253	103	141	097	141	195	238	091	162	113	233	143	158	090	127	194	252	177	158	160	081	132	183	142	262	150	125	157	091	150	180	112	176	089	169	089	167	228	130	104	103	181	211	166	153
664	3	089	134	187	249	103	141	103	141	189	232	087	158	115	229	143	154	090	142	194	252	167	152	160	083	124	179	142	260	146	123	157	091	146	180	112	166	089	161	087	155	228	128	102	101	191	201	142	145
664	3	089	136	187	249	103	145	103	141	191	238	091	162	115	229	143	160	102	142	194	254	167	152	160	083	124	183	142	262	146	123	157	091	150	184	112	166	089	161	091	167	228	128	104	103	191	211	158	151
665	3	089	138	179	249	103	141	085	129	191	232	087	147	115	229	143	154	090	127	194	252	173	146	144	083	124	175	138	260	150	125	155	091	150	180	112	166	089	161	089	161	228	114	102	095	181	207	158	153
665	3	089	140	187	253	103	145	093	149	195	238	087	160	115	231	143	156	102	127	194	252	173	152	156	083	132	183	142	262	150	129	159	091	154	180	112	172	089	165	093	167	228	130	104	103	191	211	166	153
671	3	089	134	179	253	103	141	097	129	189	232	087	147	115	227	143	156	090	127	194	252	167	146	144	081	132	165	142	262	150	125	155	091	150	180	112	166	089	165	087	167	228	128	102	095	191	201	142	145
671	3	091	136	181	253	103	145	103	149	191	252	091	158	115	227	143	158	102	127	194	252	167	152	154	083	132	183	142	262	150	125	159	092	150	180	112	172	095	165	087	167	228	130	102	095	191	211	144	153
672	3	089	136	187	249	103	141	093	129	191	238	087	158	108	227	143	154	090	142	190	252	169	146	144	081	126	165	142	262	146	129	155	091	150	180	110	172	089	161	089	167	228	130	104	095	181	205	144	153
672	3	091	138	191	253	103	145	103	129	195	238	087	158	113	229	145	160	102	146	194	254	173	152	154	083	132	183	142	262	150	129	157	092	150	184	112	172	089	161	089	167	228	130	104	103	181	211	168	153
673	3	093	136	187	253	103	135	097	129	189	232	087	158	113	227	143	156	090	127	190	250	167	146	152	081	124	183	142	262	140	125	155	091	148	180	110	172	089	161	087	161	228	130	098	095	181	205	144	153
673	3	093	136	187	253	103	145	103	129	191	238	091	158	113	229	143	158	090	146	194	252	167	154	154	083	132	183	142	262	150	129	155	092	150	196	112	176	089	169	089	167	238	130	104	095	181	207	168	153
674	3	089	136	187	249	103	135	093	129	191	238	087	147	115	227	143	156	090	127	194	252	167	146	144	077	124	183	142	260	150	125	153	092	150	180	110	170	089	165	091	167	228	114	102	101	177	205	158	145
674	3	091	136	187	253	103	145	103	149	191	254	087	158	115	229	143	156	090	142	194	252	173	166	154	083	126	183	150	262	150	129	155	095	150	184	112	176	089	165	095	167	228	130	104	103	191	211	166	151
675	3	089	138	187	249	103	135	093	129	189	232	087	158	113	225	143	158	090	142	194	252	167	158	154	077	132	175	138	262	148	125	155	091	148	180	110	170	089	165	085	167	224	114	102	095	181	205	166	149
675	3	091	138	191	249	103	141	103	141	191	254	087	162	115	227	143	158	102	146	194	252	177	158	154	083	132	183	142	262	150	129	155	091	150	180	110	172	089	169	091	167	238	130	104	095	181	215	168	153
676	3	089	136	179	249	103	141	093	129	189	232	087	158	115	227	143	156	090	127	190	252	167	146	144	077	124	183	142	260	150	129	155	092	148	184	110	166	089	161	087	167	228	114	098	095	181	205	158	153
676	3	089	136	191	253	103	141	103	129	195	238	087	158	115	229	143	158	102	142	194	252	173	166	160	083	126	183	142	260	150	129	159	095	150	196	110	170	095	173	087	167	228	130	104	103	181	211	168	153
677	3	089	136	179	249	103	141	085	129	189	232	087	162	108	225	143	156	090	127	190	252	167	146	154	081	124	165	142	260	150	125	155	091	150	180	110	166	089	161	089	167	238	114	092	095	181	201	144	151
677	3	089	138	187	269	104	145	093	141	191	232	091	162	115	231	143	156	090	142	190	254	173	152	154	083	132	183	142	262	150	129	155	091	150	184	110	172	089	165	093	167	238	132	102	103	181	207	168	153
678	3	089	136	181	253	103	141	085	129	191	232	087	158	108	227	143	158	090	142	190	250	173	146	144	081	132	165	138	260	148	129	153	091	150	180	112	166	089	161	087	161	228	130	104	101	181	205	144	153
678	3	093	138	191	253	103	141	103	129	195	238	089	162	113	231	143	160	090	146	194	254	173	152	160	083	132	183	142	262	150	129	153	095	150	180	112	172	089	169	089	161	236	130	104	103	181	205	168	153
679	3	089	138	179	235	103	135	085	129	191	232	087	158	113	227	143	156	090	142	190	250	173	146	144	081	124	165	142	262	150	129	153	091	150	184	110	172	089	161	087	167	228	130	096	095	181	205	166	153
679	3	093	140	191	253	103	135	085	149	191	232	087	160	113	229	143	156	102	146	194	252	175	152	154	081	132	179	142	262	150	129	155	094	150	196	110	172	089	169	087	167	238	130	104	095	181	211	168	153
680	3	089	136	179	253	103	141	085	129	191	232	087	158	113	227	143	156	090	127	188	252	167	152	144	077	132	179	142	260	150	125	153	091	150	180	110	166	089	161	087	167	228	114	096	101	177	201	142	153
680	3	093	140	191	269	103	145	103	129	195	238	087	160	113	229	145	160	102	146	194	254	167	152	160	081	132	183	142	262	150	129	157	091	150	196	112	166	089	161	089	167	238	130	102	103	181	211	168	153
681	3	089	138	187	253	103	141	093	129	189	232	087	162	108	229	143	158	090	138	194	252	173	152	154	083	124	165	142	260	150	129	155	091	148	180	110	172	085	161	087	161	228	122	098	095	181	205	158	145
681	3	089	138	191	253	103	145	103	141	195	238	089	162	113	231	145	160	090	142	194	252	177	158	154	083	132	183	142	262	150	129	157	091	150	180	112	172	089	169	087	167	228	122	102	095	181	211	166	153
682	3	089	138	179	249	103	141	085	129	191	238	087	158	113	227	143	158	090	127	190	252	167	152	154	081	132	175	142	260	148	125	153	091	148	180	110	170	085	161	087	167	228	128	102	095	177	205	144	145
682	3	091	138	191	249	103	145	093	141	191	238	087	161	115	229	143	158	102	146	194	254	177	152	160	083	132	183	142	262	150	129	157	091	150	184	110	172	089	169	093	167	238	130	102	101	181	215	158	149
683	3	089	138	179	249	103	135	093	141	189	232	087	162	113	233	143	158	090	142	194	246	167	152	154	083	124	165	138	260	148	129	155	091	148	180	110	172	085	165	089	161	228	114	102	095	181	205	158	149
683	3	089	138	187	253	104	141	097	141	191	238	089	162	113	255	143	158	102	146	194	252	175	158	154	083	132	175	142	262	150	129	159	091	150	180	110	172	089	169	091	167	228	128	102	095	181	215	158	153
755	3	091	136	179	253	103	135	093	129	189	232	087	158	113	225	143	158	090	138	194	246	167	152	154	081	124	175	142	260	146	125	155	091	146	184	110	166	085	161	089	167	238	132	102	101	181	205	142	151
755	3	093	136	187	269	103	147	093	129	191	232	089	158	113	229	143	158	090	146	194	246	177	166	160	085	124	175	142	262	148	129	159	092	150	198	112	172	095	161	089	167	238	132	102	103	181	205	166	151
2286	3	089	136	187	253	103	141	097	129	191	232	087	158	113	227	143	156	090	140	190	252	167	146	154	083	124	183	142	260	140	125	155	091	150	180	106	172	089	161	089	167	228	128	102	095	181	205	144	145
2286	3	089	138	187	253	103	141	103	129	191	238	091	161	115	229	143	158	102	142	194	252	173	154	160	083	132	183	142	260	150	129	155	092	150	180	112	176	089	173	089	167	236	130	102	101	181	205	166	153
690	4	089	134	179	253	103	135	097	141	191	238	087	158	113	229	143	156	090	140	190	246	167	146	154	081	124	165	138	260	150	129	157	091	146	192	106	172	085	161	085	167	228	130	104	095	191	205	142	145
690	4	093	136	179	269	103	145	103	143	195	252	087	161	113	231	143	158	102	150	194	246	177	152	156	081	132	175	142	262	150	129	157	091	146	196	110	176	089	165	089	167	240	130	104	095	191	211	166	153
691	4	091	136	179	253	103	141	089	129	195	232	087	158	113	229	143	158	090	127	194	246	171	158	154	081	124	165	142	262	146	127	155	091	150	192	106	170	081	161	091	167	228	130	094	095	181	205	162	149
691	4	091	142	181	253	103	147	103	143	195	238	089	160	115	231	145	158	102	140	194	250	175	166	154	083	124	175	150	262	150	129	155	092	154	196	110	170	081	173	093	167	228	130	104	101	191	205	164	149
692	4	089	136	179	253	103	141	093	129	191	238	087	162	108	229	145	156	090	140	190	252	167	152	154	083	124	183	142	256	140	129	155	091	146	180	106	170	089	173	089	167	228	114	102	101	181	201	142	149
692	4	091	138	187	253	103	141	103	143	191	238	089	162	113	231	145	156	090	140	194	252	175	152	154	083	132	183	148	260	146	129	157	091	150	180	112	176	095	173	091	167	236	132	104	103	191	207	158	153
693	4	089	136	179	253	103	141	085	129	189	232	087	147	108	231	143	158	090	127	194	252	173	152	154	081	124	165	148	262	140	125	157	092	150	184	112	170	089	161	085	167	228	120	102	101	181	205	158	151
693	4	091	142	181	253	103	145	085	129	195	238	089	162	113	231	143	158	090	140	194	252	175	152	154	083	132	175	150	262	140	127	159	092	154	184	112	176	089	165	091	167	238	130	104	103	191	207	158	151
694	4	091	136	179	253	103	145	097	129	191	232	087	161	113	227	143	156	090	127	194	246	165	152	154	081	124	165	148	260	150	129	155	091	150	192	110	170	083	161	085	167	228	128	100	101	181	205	164	151
694	4	091	138	179	253	103	145	103	129	191	238	089	161	115	229	143	156	090	138	200	252	165	164	154	083	132	175	148	260	150	129	159	094	150	192	112	172	089	165	093	167	238	128	104	101	191	205	166	153
695	4	089	134	179	241	103	145	083	129	189	238	087	158	113	225	143	156	090	127	190	246	165	146	154	077	124	175	142	262	148	129	155	091	146	180	106	170	085	173	085	167	238	130	096	103	191	211	142	145
695	4	091	134	179	253	104	145	103	129	191	254	089	162	115	231	143	158	102	140	194	254	175	152	154	081	132	183	148	262	150	129	155	092	148	192	108	176	089	173	087	167	238	132	102	103	191	211	142	149
696	4	091	136	179	241	103	135	103	129	189	232	087	158	115	229	143	156	090	127	190	252	171	152	154	081	132	175	142	260	146	125	157	091	146	180	106	170	089	161	085	167	228	118	102	095	181	205	162	145
696	4	091	142	187	253	105	145	103	129	195	238	087	160	115	231	143	158	102	140	194	254	173	158	160	083	132	183	142	262	150	129	157	091	150	184	110	172	089	165	091	167	228	130	104	101	191	215	168	151
697	4	089	134	179	253	103	141	093	141	189	252	087	158	115	225	143	158	102	127	190	246	167	152	144	077	124	165	142	260	140	125	157	091	146	180	106	166	083	173	081	167	228	130	102	103	181	205	142	151
697	4	091	136	181	253	105	145	103	143	191	252	089	161	115	231	143	158	102	127	194	252	175	152	154	083	124	183	148	262	150	129	157	091	150	192	112	170	089	173	089	167	238	134	104	103	181	215	166	153
698	4	091	134	179	253	103	145	103	129	191	238	087	147	108	229	143	156	090	127	194	252	167	146	154	083	124	165	148	260	150	125	155	091	146	190	090	170	081	173	091	161	224	132	098	095	181	205	142	151
698	4	093	138	181	253	103	145	103	143	195	252	087	158	115	231	143	160	090	140	194	252	173	152	154	083	132	183	148	260	150	129	157	091	150	192	106	176	089	173	093	167	238	134	102	095	191	211	158	151
699	4	089	134	179	253	103	135	103	141	191	238	087	158	108	231	143	158	090	127	190	246	177	152	144	083	124	183	142	262	150	125	155	091	150	180	110	170	085	161	081	167	238	114	102	095	181	205	142	145
699	4	089	138	181	253	103	141	103	143	191	252	089	158	115	231	143	160	102	140	194	252	177	152	144	083	132	183	142	262	150	129	159	092	154	180	110	170	085	173	085	167	238	134	102	101	181	215	164	151
700	4	089	134	179	269	103	135	103	129	191	232	089	158	113	229	143	156	090	127	188	252	167	152	160	083	124	183	142	256	146	125	155	091	146	180	106	172	089	165	081	161	238	128	094	103	181	211	142	145
700	4	089	134	179	269	103	141	103	143	191	238	089	162	115	231	143	160	090	140	194	252	173	166	160	083	132	183	148	260	150	129	159	092	150	180	106	172	089	173	089	167	238	134	104	103	191	215	166	145
701	4	089	136	179	253	103	141	103	129	189	238	087	143	108	231	143	156	090	140	188	250	165	146	154	081	124	165	142	260	146	125	155	091	146	180	110	170	085	173	089	167	240	114	102	101	181	211	142	149
701	4	089	136	179	253	103	147	103	143	191	238	089	158	113	231	143	156	090	148	194	252	173	152	154	083	132	175	148	260	150	129	157	094	150	196	110	176	089	173	093	167	240	114	102	103	191	215	164	151
703	4	089	134	179	241	103	135	091	143	189	238	087	147	113	229	143	154	090	127	190	252	167	152	154	083	124	165	142	262	140	123	155	091	146	184	112	170	089	161	081	167	224	130	102	095	191	205	142	151
703	4	091	134	187	269	105	145	103	143	195	252	089	147	113	231	143	158	102	127	194	254	167	162	154	083	132	165	150	262	140	129	157	092	146	196	112	176	089	173	089	167	228	134	104	103	191	205	156	151
704	4	089	134	179	253	103	141	093	129	189	232	087	160	115	229	143	156	090	127	194	246	167	152	144	081	122	165	142	256	146	129	155	091	150	184	090	170	083	161	087	167	224	130	102	095	181	205	158	151
704	4	089	134	179	253	103	145	103	143	191	238	087	162	115	231	145	160	090	146	194	246	173	152	154	083	124	183	142	260	150	129	157	091	150	190	106	176	089	173	091	167	238	130	102	095	191	205	166	151
705	4	091	136	175	253	103	141	103	129	191	238	087	158	113	231	143	154	090	127	194	252	163	152	154	077	124	175	142	262	148	125	155	091	146	180	110	170	081	161	087	167	228	119	098	101	181	205	142	149
705	4	091	136	179	269	103	145	103	129	195	238	089	158	113	231	143	156	090	146	194	252	173	166	156	085	124	175	142	262	150	127	159	091	150	196	110	170	089	161	091	167	228	132	104	103	181	211	166	151
706	4	089	136	175	253	103	135	093	129	195	238	087	158	115	225	143	156	090	127	194	250	165	146	154	081	124	165	148	262	148	123	155	091	146	184	106	166	089	161	091	167	238	114	104	101	191	205	158	145
706	4	089	136	187	269	103	141	097	141	195	238	087	162	115	231	143	156	090	140	194	252	177	152	154	083	124	175	150	262	150	125	157	094	146	192	110	176	089	173	091	167	238	134	104	103	191	207	166	153
707	4	089	136	181	253	103	141	103	129	189	232	087	162	115	229	143	158	090	127	194	246	165	152	144	081	124	165	142	262	140	125	155	091	146	180	110	176	089	161	085	161	224	130	102	095	181	211	158	145
707	4	091	136	187	269	105	141	103	129	191	232	087	162	115	231	143	160	102	127	194	252	177	166	154	083	132	165	142	262	150	125	159	094	154	184	112	176	089	165	091	167	224	132	102	101	191	215	168	153
708	4	089	136	175	253	103	135	093	129	191	238	087	158	108	229	143	156	090	127	190	250	167	152	144	083	132	175	142	262	140	125	155	091	150	180	106	170	089	161	085	167	228	114	102	095	191	207	166	145
708	4	091	136	181	253	103	145	103	143	195	254	087	162	115	231	143	156	090	138	194	252	175	166	156	083	132	183	142	262	148	125	159	094	150	180	112	176	089	173	089	167	238	130	104	101	191	211	168	153
709	4	089	134	179	253	103	141	097	141	189	238	087	158	113	225	143	158	090	138	194	252	175	146	154	077	124	165	148	262	146	125	155	091	146	192	106	172	085	161	081	167	228	130	098	101	181	211	142	149
709	4	091	138	181	253	103	145	103	143	191	252	087	161	115	231	143	158	090	146	194	252	175	152	154	083	124	165	148	262	150	129	157	092	150	192	110	176	085	173	085	167	236	132	104	103	181	211	162	153
710	4	091	136	179	253	103	135	091	141	189	252	087	162	113	227	143	156	090	138	194	244	165	146	154	077	124	165	148	262	146	125	155	091	146	184	106	174	081	161	089	167	238	132	100	097	181	205	158	145
710	4	091	138	181	253	103	141	103	141	195	254	087	162	113	231	143	156	090	140	194	252	165	152	156	083	124	165	148	262	150	129	157	094	146	192	110	176	089	173	091	167	238	134	102	101	191	205	168	153
711	4	089	136	181	253	103	141	089	129	191	238	087	147	108	227	143	158	102	140	194	246	167	146	154	081	122	165	142	260	146	129	155	091	150	180	108	170	089	161	085	167	228	114	098	101	181	207	162	149
711	4	091	136	181	253	103	141	103	129	195	238	089	158	115	229	143	158	102	140	194	254	175	146	154	083	132	165	142	262	150	129	157	094	150	180	108	174	089	173	089	167	238	130	098	103	187	211	168	151
2287	4	089	134	179	241	103	135	103	129	189	232	087	158	113	229	143	156	090	140	190	252	173	152	154	077	124	175	142	256	146	125	155	091	146	184	106	172	081	173	091	167	224	130	096	103	181	205	162	149
2287	4	091	134	179	253	103	141	103	141	191	232	089	161	113	231	143	158	090	146	194	254	177	152	154	083	124	181	148	262	150	125	159	092	146	184	110	172	089	173	091	167	238	134	102	103	191	211	166	151
2288	4	089	134	179	253	103	141	103	129	189	232	087	161	108	231	143	158	090	127	190	246	167	146	154	081	124	165	142	260	140	125	155	091	150	180	106	170	089	161	087	167	228	114	102	095	191	205	142	145
2288	4	089	138	181	269	105	145	103	143	191	252	087	162	113	231	143	158	090	140	190	250	177	152	156	085	124	175	148	260	150	125	159	095	150	184	108	176	089	173	091	167	238	130	104	099	191	211	158	145
2289	4	091	136	179	241	103	135	103	129	189	232	087	161	108	231	143	156	090	127	194	252	173	146	144	083	124	165	148	262	140	123	155	092	150	180	110	170	081	173	081	167	238	134	092	101	181	205	142	145
2289	4	093	136	181	253	103	135	103	143	195	238	087	162	115	231	143	156	090	148	200	252	175	152	154	083	132	183	148	262	150	129	155	094	150	196	110	176	089	173	085	167	238	134	102	103	181	205	158	145
2290	4	089	134	181	253	103	145	097	129	195	238	087	162	108	227	143	158	090	140	194	252	167	152	154	083	122	165	142	256	146	125	155	091	146	180	106	170	081	165	081	167	236	130	092	101	177	211	142	145
2290	4	089	136	187	269	103	145	103	129	195	238	087	162	115	229	143	158	090	148	194	252	175	152	154	083	124	175	142	262	150	129	155	092	150	180	110	176	081	173	089	167	238	132	104	101	181	211	162	145
2291	4	089	136	179	253	103	145	089	143	189	232	089	162	113	229	143	158	090	127	190	246	165	152	154	083	122	175	142	260	140	123	157	091	146	180	106	174	089	165	087	167	238	130	096	101	181	205	142	151
2291	4	089	136	187	253	105	145	103	143	195	238	089	162	115	229	143	158	090	127	194	252	173	166	154	085	124	183	142	262	150	129	159	094	150	180	110	176	089	173	089	167	238	130	098	103	191	211	168	153
2292	4	091	134	181	241	103	141	085	129	195	238	087	147	115	231	143	156	090	140	190	246	175	146	154	083	124	183	142	262	146	125	155	091	150	184	106	166	081	165	091	167	228	114	102	095	181	211	142	151
2292	4	091	142	187	253	103	141	103	143	195	252	087	162	115	231	143	160	102	140	194	252	177	146	160	085	124	183	150	262	146	129	155	092	150	192	110	176	089	173	091	167	238	114	102	101	191	215	142	153
2293	4	091	134	179	253	103	135	083	129	195	238	087	161	115	231	143	156	090	127	188	252	177	164	144	081	124	175	142	262	146	125	157	091	150	180	106	170	085	165	087	167	228	130	102	095	181	211	142	153
2293	4	091	136	179	269	103	135	103	143	195	252	087	161	115	231	143	156	090	140	200	252	177	166	154	083	124	183	148	262	148	125	159	091	150	184	112	170	089	165	089	167	240	130	104	101	191	215	158	153
2294	4	089	134	181	241	103	145	093	129	189	238	087	143	115	231	143	158	090	127	194	246	167	152	144	077	124	165	142	262	140	127	155	092	150	180	106	170	083	165	085	167	236	130	092	095	181	205	158	151
2294	4	093	136	185	269	105	145	093	129	195	238	087	147	115	231	143	158	102	127	200	252	175	162	154	083	124	175	142	262	146	129	155	094	154	196	112	176	089	165	085	167	238	130	092	103	191	215	168	151
2295	4	089	136	179	253	103	141	093	143	191	232	087	158	108	227	143	156	090	127	188	252	167	152	154	083	122	165	142	262	148	123	155	091	146	184	106	170	081	161	081	167	228	130	102	095	181	205	142	151
2295	4	093	142	187	253	103	145	097	143	191	238	087	160	115	229	143	158	102	127	194	252	177	152	154	083	124	183	148	262	150	129	155	091	150	192	112	176	089	173	089	167	240	132	102	101	181	205	158	153
2296	4	091	136	181	241	103	135	097	129	191	238	087	158	113	231	143	158	090	140	190	246	165	146	156	081	124	165	142	260	146	125	155	091	146	184	106	170	081	173	081	167	228	114	098	101	181	211	142	151
2296	4	091	136	181	253	103	145	103	143	195	238	087	158	113	231	143	158	102	140	194	252	175	158	156	083	132	165	142	262	150	129	155	092	146	196	112	170	089	173	085	167	236	130	102	103	191	211	168	153
2297	4	089	134	175	241	103	141	093	129	195	232	087	158	115	229	143	156	090	127	194	252	167	146	144	083	124	175	142	260	146	125	155	091	150	192	110	170	085	161	081	167	224	130	092	099	181	205	142	151
2297	4	091	138	179	253	103	145	103	143	195	252	087	162	115	229	143	158	090	146	194	252	167	152	156	083	124	175	148	260	150	127	157	094	150	196	112	170	089	165	091	167	228	130	104	101	191	211	142	153
2298	4	091	134	179	253	103	135	091	129	189	238	087	158	108	229	143	156	090	127	194	246	175	146	154	081	122	175	142	260	140	123	155	091	146	180	106	170	089	165	089	167	224	130	102	101	181	211	158	145
2298	4	091	136	187	269	105	141	103	143	195	250	087	162	115	231	143	160	090	140	194	246	175	152	156	081	124	175	150	262	150	127	159	091	150	180	110	170	089	173	091	167	238	132	102	101	181	215	166	153
2299	4	091	136	185	253	103	135	083	129	191	232	087	161	113	229	143	158	090	140	194	246	165	152	154	083	124	175	148	260	140	127	155	091	146	180	106	176	089	161	081	167	224	130	102	095	191	205	142	145
2299	4	091	136	187	269	103	135	093	129	191	238	087	162	115	231	143	160	102	140	194	252	167	166	156	083	132	183	148	262	150	129	159	094	150	196	112	176	089	173	089	167	238	132	104	103	191	207	162	151
2300	4	091	138	179	241	103	141	103	129	191	238	087	147	113	227	143	156	090	127	190	246	177	158	154	083	124	165	142	260	140	125	155	091	146	180	106	170	085	161	081	167	224	130	102	101	181	205	162	145
2300	4	091	138	181	269	103	147	103	143	195	238	089	162	113	231	143	160	102	127	194	252	177	166	154	083	124	165	150	260	150	129	159	094	154	184	106	176	089	173	087	167	238	130	104	101	191	205	168	145
2301	4	089	136	179	241	103	135	103	129	191	238	087	158	113	229	143	156	090	127	190	246	167	146	154	081	122	165	142	260	148	123	157	091	148	180	110	170	081	161	085	167	224	130	102	095	181	205	142	145
2301	4	091	136	181	253	104	145	103	143	191	238	089	161	115	229	143	158	090	138	194	252	173	152	154	083	132	175	148	262	150	125	157	091	150	184	112	176	089	165	091	167	228	132	102	101	181	211	142	153
2302	4	091	134	181	253	103	145	091	129	195	238	087	147	113	229	143	154	090	127	190	252	175	152	154	083	124	165	142	260	146	127	157	091	148	180	112	170	085	161	081	167	236	114	092	095	181	205	142	145
2302	4	091	136	181	253	103	145	103	143	195	238	087	162	115	231	143	156	090	140	194	252	175	152	154	083	124	183	142	262	150	129	159	094	150	196	112	172	089	173	089	167	238	130	102	101	181	205	162	145
2303	4	089	136	175	241	103	141	097	143	189	238	087	147	115	227	143	156	090	127	190	246	167	150	154	081	122	165	142	262	140	129	155	091	150	184	110	172	083	161	081	167	228	130	098	099	181	211	142	145
2303	4	091	136	179	269	105	145	103	143	191	252	089	147	115	231	143	160	090	140	194	246	175	152	154	083	124	181	150	262	146	129	157	091	150	192	110	174	095	173	089	167	238	132	104	101	191	211	168	153
2304	4	089	136	179	241	103	135	093	129	191	238	087	147	108	225	143	158	090	127	190	246	173	150	154	081	122	175	142	260	148	125	157	091	148	180	110	166	081	173	081	167	228	114	102	099	191	205	158	145
2304	4	091	138	187	253	103	145	103	129	195	238	087	161	113	231	145	160	102	140	200	252	175	152	160	083	132	175	142	262	150	129	157	091	150	184	112	172	089	173	089	167	228	130	104	101	191	211	168	145
2305	4	089	134	187	253	103	141	091	129	189	238	087	158	115	229	143	158	090	140	190	246	165	146	154	081	132	183	142	260	146	125	155	091	150	184	106	170	089	161	081	167	224	130	102	101	181	205	142	151
2305	4	089	136	187	253	103	141	103	143	191	238	087	162	115	231	143	160	102	140	194	254	173	158	160	083	132	183	148	262	148	129	157	094	150	192	106	174	095	173	091	167	236	130	104	103	191	211	158	151
2306	4	089	134	181	253	103	135	093	129	191	238	087	158	115	225	143	154	090	127	190	252	165	146	144	081	124	165	142	260	146	125	155	091	146	184	110	170	085	161	085	161	228	114	092	095	181	205	162	151
2306	4	091	136	187	253	103	141	103	129	195	252	087	161	115	229	143	160	090	140	194	252	173	152	144	083	132	175	142	262	150	127	159	094	146	192	112	172	089	161	085	167	238	130	092	103	191	215	168	153
2307	4	089	136	181	253	103	145	085	129	189	252	087	147	115	233	143	158	090	140	194	246	173	152	154	083	122	175	142	262	146	129	155	091	150	180	106	166	081	161	085	167	238	118	102	101	181	205	142	145
2307	4	091	142	181	253	105	145	093	129	191	252	089	160	115	233	143	158	090	146	194	252	175	152	154	085	124	183	148	262	150	129	159	091	154	180	110	172	089	165	091	167	238	134	102	101	191	207	162	151
2308	4	093	136	175	241	103	135	091	129	189	238	087	160	108	223	143	156	090	127	194	246	159	146	144	083	124	179	148	260	140	131	151	091	146	184	106	170	083	165	087	167	228	130	092	095	179	205	168	143
2308	4	093	142	185	241	105	137	103	149	189	238	087	165	113	231	143	156	100	140	194	246	175	162	154	085	124	179	148	262	152	131	155	095	148	196	110	174	095	165	089	167	228	134	098	099	191	205	168	149
2309	4	089	134	181	253	103	141	103	129	195	232	087	147	113	227	143	158	090	140	188	246	165	146	154	081	122	165	142	260	146	127	157	091	150	180	110	172	089	161	085	167	228	114	098	101	181	205	162	145
2309	4	091	136	181	269	103	141	103	143	195	238	089	160	113	229	145	158	090	140	194	252	175	146	154	083	124	183	148	262	150	129	157	094	150	184	112	174	089	161	089	167	228	114	104	103	181	207	162	151
2310	4	089	134	179	253	103	145	083	129	191	238	087	147	113	229	143	158	090	127	188	252	167	152	154	081	124	175	142	262	146	125	157	091	146	184	110	170	089	161	085	167	228	128	092	095	181	211	166	151
2310	4	091	134	179	269	105	145	103	129	191	254	089	158	115	231	143	158	090	138	190	252	173	152	160	081	124	175	142	262	148	127	157	094	150	184	110	176	089	165	091	167	238	130	096	101	191	215	168	151
2311	4	089	136	179	253	103	135	085	143	189	238	087	158	113	227	143	156	090	127	190	252	173	146	154	081	124	175	142	260	150	125	155	091	146	180	106	170	081	161	081	167	236	114	098	099	181	205	162	151
2311	4	091	136	181	253	103	141	103	143	191	252	087	162	115	231	143	156	090	148	190	252	175	152	154	081	132	183	150	262	150	129	159	091	150	184	110	170	089	161	091	167	238	114	102	103	191	207	162	151
2312	4	089	136	179	253	103	141	093	143	191	238	087	161	108	227	143	156	090	140	194	246	173	146	156	083	124	175	142	262	140	123	155	091	148	180	106	170	089	173	085	167	228	130	092	095	181	205	142	145
2312	4	091	142	181	269	103	141	103	143	191	238	087	162	115	229	143	160	090	146	194	252	175	152	156	085	124	183	142	262	150	127	157	091	150	184	112	172	095	173	091	167	238	132	102	101	181	205	162	145
2313	4	089	134	179	253	103	141	089	129	191	232	087	158	113	227	143	156	090	127	190	252	173	152	144	081	124	165	142	260	150	125	155	091	146	184	106	170	089	161	091	167	228	130	102	095	181	205	158	145
2313	4	089	134	187	269	103	145	093	143	195	252	089	162	115	231	143	158	102	148	194	252	177	164	154	083	132	165	148	262	150	127	157	094	150	192	112	176	089	165	091	167	238	130	102	103	191	215	164	149
2314	4	091	136	179	241	103	141	103	129	191	232	087	160	113	227	143	156	090	127	194	246	165	146	144	083	124	175	142	260	150	129	155	091	150	192	112	170	083	161	085	167	228	128	092	095	181	205	142	151
2314	4	091	136	181	253	103	145	103	141	195	238	089	161	115	229	143	156	090	127	200	252	173	164	154	083	124	183	148	262	150	129	157	094	150	192	112	172	085	165	091	167	228	130	102	101	191	205	166	151
2315	4	091	134	179	241	103	141	093	129	191	238	087	158	113	229	143	156	090	127	194	252	165	152	144	083	124	165	142	260	146	129	155	092	146	180	090	170	083	165	081	167	228	130	092	101	181	211	158	145
2315	4	093	136	181	253	103	145	103	141	191	252	087	161	115	231	143	160	102	127	194	252	175	152	154	083	124	183	150	262	150	129	157	092	154	180	112	170	095	173	087	167	236	130	102	103	191	215	168	151
2316	4	091	136	181	253	103	135	103	129	191	238	087	158	113	229	143	154	088	127	194	252	175	146	154	083	122	165	142	260	150	125	159	091	146	180	106	170	085	161	085	167	236	128	104	101	181	211	142	145
2316	4	091	138	187	253	103	141	103	129	191	238	087	160	115	231	143	158	090	127	194	254	177	152	154	083	124	183	150	262	150	129	159	094	150	184	110	176	089	173	089	167	238	132	104	103	191	211	158	149
2317	4	089	136	179	253	103	141	089	129	191	238	087	147	113	229	143	158	090	127	190	252	165	146	154	083	122	165	148	260	146	125	155	092	146	180	106	170	085	173	089	167	228	130	098	101	181	201	158	145
2317	4	091	138	181	253	103	141	103	143	191	238	087	161	113	231	143	158	090	140	194	252	167	152	154	083	124	183	148	262	150	129	157	094	150	180	106	174	095	173	091	167	236	134	104	103	181	205	162	145
2318	4	091	136	179	253	103	141	093	129	189	238	089	158	108	229	143	158	090	127	190	252	165	150	154	081	124	165	142	262	140	125	155	091	150	184	106	170	081	161	085	167	228	132	102	101	181	215	142	145
2318	4	091	136	185	269	103	145	103	129	195	252	089	161	113	231	143	158	102	127	194	252	177	152	156	083	124	183	148	262	150	129	157	094	150	192	112	174	081	161	085	167	236	134	104	103	191	215	166	145
2319	4	091	134	179	241	103	135	093	129	195	238	087	161	108	227	143	158	090	127	190	252	173	146	144	081	122	175	142	260	140	123	157	091	148	180	106	170	089	165	089	167	224	130	092	095	181	205	162	145
2319	4	091	136	181	253	103	141	103	143	195	238	087	162	108	231	143	158	090	140	194	254	175	158	154	083	124	175	142	262	140	127	159	091	150	184	108	170	089	173	089	167	238	132	098	095	191	211	168	145
2320	4	089	136	179	241	103	135	103	129	191	238	087	160	113	231	143	156	090	138	190	246	167	146	144	083	124	165	142	256	146	129	155	091	146	180	110	170	089	165	085	167	236	134	102	103	181	205	164	145
2320	4	091	142	187	253	105	141	103	141	191	254	089	162	115	231	143	158	102	140	194	252	173	146	154	083	124	183	148	262	150	129	155	091	150	180	110	176	095	173	091	167	238	134	102	103	191	211	168	151
2321	4	089	134	179	253	103	145	093	129	195	238	087	160	113	229	143	156	090	127	194	246	165	146	154	083	124	165	142	260	146	125	159	091	150	180	110	170	089	161	085	161	228	130	092	095	181	205	158	145
2321	4	091	136	187	253	105	145	103	129	195	254	089	160	113	233	143	158	090	140	194	246	167	152	154	085	132	175	142	262	150	129	159	091	150	192	110	176	089	173	089	167	228	130	098	103	181	205	166	151
2322	4	091	136	179	253	103	135	103	129	191	238	087	143	113	225	143	158	090	127	188	252	165	166	144	081	132	175	142	260	140	129	157	091	146	184	106	170	089	161	085	167	228	114	096	101	181	207	142	151
2322	4	093	140	179	253	105	145	103	143	195	238	087	162	115	231	143	158	102	150	194	252	175	166	154	083	132	183	142	262	140	129	159	094	150	192	110	170	089	165	089	167	228	130	102	101	181	211	142	153
2323	4	091	136	181	241	103	135	093	143	189	252	087	147	108	231	143	156	090	138	190	246	173	146	144	081	124	175	142	260	140	127	155	091	146	180	108	170	081	161	085	167	224	132	102	099	181	205	158	145
2323	4	091	136	187	253	103	141	097	145	195	254	087	162	115	231	143	158	090	140	194	252	175	146	154	083	124	183	142	260	150	129	155	092	146	180	112	176	089	161	089	167	238	134	102	103	191	211	158	151
2324	4	089	134	181	253	103	141	103	129	189	238	087	147	108	229	143	158	090	140	194	252	165	152	144	081	124	165	142	262	146	127	155	091	146	180	106	170	089	161	085	167	228	114	092	101	181	205	142	145
2324	4	091	136	181	253	103	147	103	143	195	252	089	162	108	231	143	158	090	140	194	252	177	152	154	083	124	183	142	262	146	129	157	092	154	196	112	170	095	165	091	167	238	134	104	101	191	205	168	149
2325	4	091	134	179	241	103	135	097	129	189	238	087	158	113	227	143	154	090	140	190	246	165	146	154	083	124	175	142	262	150	123	157	091	148	180	110	170	089	165	087	167	224	130	102	095	181	201	142	145
2325	4	091	136	181	269	103	145	103	129	191	238	087	161	113	231	143	158	090	140	194	252	175	166	156	083	124	183	142	262	150	125	159	094	150	180	112	170	089	173	089	167	228	132	104	101	191	205	158	151
2326	4	089	136	179	253	103	147	093	129	191	232	087	160	113	227	143	158	090	146	188	252	175	146	154	083	122	183	142	256	150	129	155	091	150	196	106	170	085	161	081	161	238	130	104	101	181	205	164	151
2326	4	089	136	179	253	103	147	103	143	191	232	087	161	113	229	143	158	090	146	194	252	175	152	154	085	122	183	148	262	150	129	157	091	150	196	106	176	085	161	089	167	240	134	104	103	191	205	164	153
2327	4	089	134	187	241	103	141	085	143	191	232	087	158	115	229	143	160	090	127	194	246	167	152	154	081	122	181	142	260	140	123	155	091	146	180	110	170	089	161	091	167	228	130	102	095	177	207	158	145
2327	4	089	142	187	269	103	141	085	143	195	252	089	160	115	231	143	160	090	140	194	252	175	158	156	083	124	183	142	262	148	129	155	091	150	184	110	172	089	173	091	167	238	134	102	103	181	215	158	151
2328	4	089	134	179	253	103	145	093	141	189	238	087	158	113	229	143	156	088	127	194	252	167	146	154	083	132	175	142	260	146	125	155	091	146	180	106	170	083	165	089	167	236	130	098	101	181	207	142	151
2328	4	089	138	181	269	103	147	097	143	191	238	089	161	115	231	145	158	090	140	194	252	177	166	154	083	132	183	148	262	146	129	155	091	150	196	110	174	095	173	091	167	238	130	104	103	191	211	164	153
2329	4	089	136	179	253	103	141	103	129	191	232	087	158	113	229	143	156	090	127	194	252	167	152	144	081	124	165	142	256	140	125	155	091	150	180	106	172	089	161	085	167	238	130	098	095	181	211	142	145
2329	4	091	136	179	269	103	145	103	129	191	238	087	158	115	231	145	158	090	140	194	252	167	166	154	083	132	175	150	260	148	129	159	091	154	190	112	176	095	161	089	167	238	132	102	103	191	215	158	151
2330	4	089	136	179	241	103	135	097	129	195	232	087	161	108	225	143	154	090	138	190	254	175	152	154	083	124	165	142	260	150	129	155	091	150	180	110	172	089	173	091	167	228	130	102	095	181	205	142	151
2330	4	091	136	181	253	105	141	103	143	195	238	087	162	115	229	145	158	090	140	190	254	175	152	154	083	124	183	150	262	150	129	157	094	150	184	112	176	089	173	091	167	228	134	104	103	191	211	142	153
2331	4	091	136	179	253	103	135	093	129	189	238	087	147	108	227	143	158	090	127	188	252	165	152	144	081	132	183	142	260	140	123	155	091	148	180	106	170	081	173	087	167	224	130	104	103	181	205	142	145
2331	4	091	138	179	269	103	141	103	129	191	254	087	162	108	229	145	158	090	140	194	252	175	164	154	083	132	183	148	262	150	129	155	094	154	184	110	170	095	173	089	167	228	130	104	103	181	211	158	151
2332	4	091	138	179	253	105	141	093	143	191	238	087	161	113	229	143	156	090	127	190	252	167	146	154	081	124	165	138	260	150	123	155	091	146	180	106	170	089	165	089	167	224	128	098	101	181	205	142	149
2332	4	091	142	179	269	105	145	103	143	195	238	087	161	115	229	143	158	090	140	194	252	173	146	154	085	132	183	142	262	150	123	159	091	150	184	110	170	089	173	091	167	228	132	104	103	191	211	142	151
2333	4	089	136	181	253	103	141	103	129	195	238	087	162	113	227	143	158	090	140	194	246	167	158	154	081	124	165	142	262	140	127	155	091	146	192	112	170	083	161	081	167	228	114	102	099	181	201	142	145
2333	4	091	136	181	253	103	145	103	129	195	238	089	162	115	229	143	160	102	150	200	252	173	166	156	083	124	165	148	262	148	127	157	091	150	192	112	170	085	173	085	167	238	130	104	101	181	205	166	153
2334	4	089	134	179	241	103	141	103	129	189	238	087	158	115	225	143	156	090	127	190	252	173	146	144	083	124	165	142	260	140	125	157	091	148	180	106	170	089	161	085	167	236	114	096	101	181	205	142	149
2334	4	089	136	181	253	103	141	103	143	195	238	089	162	115	231	143	160	090	127	194	252	173	146	154	083	132	175	148	260	140	129	159	092	148	180	110	174	095	173	091	167	238	132	104	101	191	211	158	151
2335	4	089	134	179	241	103	135	085	129	191	232	087	161	108	229	143	154	090	140	190	252	175	152	144	081	132	183	142	262	140	127	157	091	146	184	106	170	089	161	085	167	236	130	092	101	191	201	158	145
2335	4	091	136	179	253	103	145	103	143	191	238	089	161	115	231	143	158	090	146	194	252	175	152	156	083	132	183	142	262	146	129	157	094	148	192	112	174	089	173	091	167	236	132	104	103	191	205	162	151
2336	4	089	136	179	253	103	135	103	129	195	238	087	158	108	231	143	156	090	146	194	252	165	152	144	083	124	175	142	262	146	125	159	091	150	180	110	170	089	161	081	167	224	130	102	095	191	205	162	151
2336	4	091	142	179	269	103	141	103	129	195	252	087	158	115	231	143	160	090	148	194	252	167	152	154	083	132	183	148	262	150	129	159	092	150	184	110	170	089	165	089	167	238	132	104	103	191	215	168	151
2337	4	091	136	179	253	103	141	103	143	191	238	087	162	113	229	143	156	090	140	194	246	167	152	154	081	124	165	148	260	150	125	157	091	146	180	112	166	081	161	085	167	224	130	098	101	181	205	158	145
2337	4	091	142	187	253	105	145	103	143	191	254	087	162	113	229	145	158	102	140	194	252	175	158	154	083	132	175	148	262	150	127	157	091	150	180	112	170	083	165	091	167	228	130	102	103	191	211	162	151
2338	4	089	136	181	241	103	141	091	141	191	238	087	158	113	227	143	156	090	140	190	246	165	146	154	081	124	165	142	262	146	123	155	092	146	180	106	170	089	161	085	167	238	128	102	101	181	207	142	149
2338	4	091	136	187	269	103	141	103	143	191	254	087	162	113	229	143	158	090	140	190	254	167	146	154	083	132	175	148	262	146	123	157	094	148	184	110	176	089	173	091	167	238	130	102	103	181	211	142	151
2339	4	091	136	179	253	103	145	103	129	189	238	087	162	113	229	143	156	090	140	194	252	167	146	154	081	124	175	142	260	146	123	155	091	146	180	110	170	083	165	085	167	238	130	092	099	177	201	142	145
2339	4	091	138	187	269	105	145	103	143	195	238	089	162	115	231	143	158	090	146	194	252	175	164	154	083	132	181	142	262	146	125	159	092	150	192	112	170	089	173	089	167	238	132	104	101	191	205	158	151
2340	4	089	134	179	253	103	135	085	129	191	252	087	147	113	227	143	158	090	138	194	246	165	146	154	083	122	175	142	260	150	125	157	091	148	184	106	170	089	161	081	167	238	114	102	101	181	205	158	145
2340	4	091	136	179	253	103	147	103	129	195	252	087	161	115	233	143	158	090	140	194	254	175	164	154	083	124	183	150	262	150	129	159	091	150	196	112	170	089	173	091	167	238	132	104	103	191	207	158	153
2341	4	091	134	179	253	103	145	103	141	189	232	087	158	113	231	143	156	090	140	194	250	167	146	154	083	132	165	142	256	150	129	155	091	150	180	090	176	089	161	081	161	228	130	102	103	181	205	158	145
2341	4	091	134	179	253	103	145	103	141	191	252	087	162	115	231	145	156	102	140	194	252	173	152	156	083	132	183	142	262	150	129	157	092	150	184	110	176	095	165	085	167	228	132	104	103	191	211	164	153
2342	4	089	134	179	269	103	141	093	129	191	238	087	158	108	227	143	156	090	140	194	252	167	146	154	083	122	183	142	256	140	127	155	091	148	184	106	170	089	165	085	167	-9	130	102	095	181	205	158	145
2342	4	091	134	181	269	103	147	103	143	191	238	087	162	115	229	143	158	090	140	200	252	175	166	156	083	124	183	142	262	150	129	155	091	150	190	112	172	089	173	089	167	-9	132	104	101	181	205	162	149
2343	4	089	136	181	253	103	135	093	143	191	238	087	162	113	227	143	158	090	140	190	252	173	152	154	077	124	165	142	262	140	127	157	092	148	180	110	170	089	173	085	167	228	128	096	095	181	205	162	145
2343	4	091	136	187	271	103	145	103	143	195	238	089	162	115	231	143	158	090	140	194	252	177	152	156	085	124	175	148	262	150	129	159	094	150	196	110	176	089	173	085	167	238	130	098	101	191	205	166	145
2344	4	089	134	179	253	104	141	103	129	191	238	087	158	113	227	143	154	090	127	194	252	165	152	154	081	124	165	142	262	140	125	157	091	150	180	108	170	089	173	087	167	238	130	102	101	191	201	142	149
2344	4	089	134	179	269	105	141	103	143	195	238	089	162	113	227	143	158	090	127	194	252	173	152	160	083	124	175	148	262	146	129	157	092	154	180	110	176	095	173	091	167	238	134	104	101	191	205	142	151
195	5	089	136	185	241	103	135	093	129	189	232	087	160	113	229	133	156	090	127	194	246	163	146	154	083	124	175	142	256	146	125	151	091	150	180	108	170	085	161	081	167	236	130	102	095	181	207	158	153
195	5	089	136	187	253	103	147	097	143	191	254	089	160	115	231	143	158	102	150	194	252	163	158	154	083	132	183	142	260	150	125	155	095	150	180	112	172	089	173	087	167	236	132	102	103	181	207	158	153
364	5	089	136	187	247	103	135	083	129	189	238	087	160	113	231	133	156	090	127	194	246	163	146	144	083	124	183	142	256	146	123	151	092	146	180	096	170	089	161	087	167	236	130	102	103	181	205	158	145
364	5	089	138	191	253	103	141	093	129	191	254	091	160	115	231	143	156	090	148	202	246	167	156	160	083	132	183	142	262	150	125	155	095	150	180	112	170	089	173	091	167	236	132	104	103	181	215	158	149
756	5	089	134	185	247	103	135	097	129	189	232	087	160	108	225	133	156	090	148	194	246	163	146	154	083	122	175	142	260	140	129	151	095	146	180	106	170	085	161	087	161	240	118	102	095	181	205	142	145
756	5	091	138	191	247	103	145	097	143	189	232	089	160	113	229	143	160	102	150	202	252	173	152	160	083	132	175	142	262	146	129	155	095	146	184	110	172	089	161	091	167	240	130	102	103	181	207	158	145
757	5	089	134	185	247	103	145	093	129	191	238	087	160	108	225	143	156	090	148	190	252	173	146	144	083	124	175	142	260	146	123	155	095	150	180	106	170	085	161	085	161	228	128	102	095	181	205	142	145
757	5	091	136	187	253	103	147	103	129	191	254	087	162	113	225	143	160	090	150	194	252	175	156	154	083	132	175	142	262	148	129	155	095	150	184	108	172	089	173	087	167	238	130	104	103	181	211	144	145
758	5	089	134	185	247	103	135	103	129	189	254	089	160	113	229	143	158	090	150	188	250	163	156	154	077	132	183	142	260	146	129	155	092	146	180	106	170	089	173	085	167	228	130	098	095	181	207	142	145
758	5	089	136	185	253	103	145	103	129	191	254	091	162	115	231	143	160	102	150	194	252	177	162	160	083	132	183	150	262	148	129	155	095	150	180	106	172	089	173	085	167	240	130	102	101	191	211	158	145
759	5	091	134	181	241	103	135	093	129	189	238	087	158	115	229	143	154	090	146	194	252	163	156	144	083	124	183	142	260	140	129	155	091	150	180	106	172	085	161	081	161	236	130	102	095	181	205	142	145
759	5	093	134	187	247	103	145	103	129	189	254	087	160	115	229	143	158	102	150	202	252	167	156	160	083	132	183	148	262	150	129	155	092	150	180	106	172	089	165	087	167	236	132	104	101	181	211	166	145
760	5	091	134	185	253	103	141	093	129	189	248	083	160	113	225	143	158	090	140	194	252	163	146	144	083	124	175	142	262	146	123	151	092	150	180	106	172	083	161	089	167	236	118	102	103	181	205	142	145
760	5	093	138	191	253	103	145	103	143	191	254	087	162	115	225	147	158	102	150	194	254	177	158	144	083	124	183	150	262	150	129	155	092	150	198	108	172	089	161	091	167	240	118	104	103	181	205	166	149
766	5	089	134	187	253	103	135	093	129	189	232	089	160	113	229	133	156	090	148	190	246	163	152	144	083	132	175	142	256	140	125	151	092	150	180	106	170	085	173	085	167	236	118	102	095	181	205	166	145
766	5	091	136	191	269	103	145	103	143	195	238	089	160	115	231	143	158	102	150	194	252	167	152	160	083	132	183	142	262	140	125	155	095	150	180	106	172	089	173	091	167	240	132	102	095	181	211	166	145
767	5	089	134	181	247	103	135	091	129	189	238	087	158	115	231	143	154	090	148	194	250	175	152	144	083	124	183	142	260	146	129	155	095	146	180	096	170	085	165	087	167	236	130	102	103	181	211	142	145
767	5	089	136	185	253	103	147	097	143	189	254	091	160	115	231	143	158	102	150	194	252	177	152	154	083	132	183	150	260	150	129	155	095	146	180	106	170	089	173	087	167	236	130	102	103	181	215	166	145
768	5	091	136	187	253	103	135	097	141	189	238	087	160	115	229	143	156	102	127	188	252	161	150	144	083	124	175	142	262	146	129	151	095	150	180	106	170	085	173	087	167	228	118	100	095	181	207	158	145
768	5	091	138	191	269	103	141	103	149	191	252	087	160	115	231	143	158	102	150	194	252	175	150	144	083	124	183	142	262	146	129	157	095	150	198	112	172	089	173	091	167	236	132	104	103	181	207	168	145
769	5	089	136	187	253	103	135	097	129	189	238	087	160	113	229	143	156	090	140	188	252	173	156	144	083	132	165	142	260	146	129	151	095	150	180	106	172	089	161	089	167	236	130	104	095	181	207	142	149
769	5	091	136	191	269	103	145	097	129	191	254	089	162	113	231	143	156	102	148	202	252	173	162	144	083	132	183	148	262	150	129	155	095	150	192	106	172	089	161	091	167	236	130	104	097	181	207	166	149
770	5	089	136	185	241	103	135	097	127	189	232	087	160	113	229	143	156	090	127	194	246	163	146	154	083	124	175	142	262	150	125	155	092	150	180	106	170	089	173	085	167	228	132	104	095	181	207	158	145
770	5	091	136	187	253	103	141	103	141	191	238	089	162	113	231	143	156	102	146	202	252	177	152	160	083	124	183	148	262	150	129	155	092	150	180	106	170	089	173	085	167	236	132	104	103	181	211	166	149
771	5	091	134	187	247	102	135	091	129	189	252	087	160	113	225	143	158	090	146	194	246	163	146	144	083	132	183	142	256	140	125	155	092	150	180	106	170	089	161	081	161	236	130	102	101	181	205	168	145
771	5	091	136	187	253	102	145	093	143	191	254	087	160	115	229	143	158	102	150	194	254	167	162	160	083	132	183	142	262	146	129	155	092	150	180	106	170	089	173	081	167	236	132	102	101	181	205	168	149
772	5	089	134	175	247	103	135	091	129	189	254	087	160	115	225	143	158	090	142	194	246	163	146	154	081	132	183	142	260	140	125	155	092	146	180	106	170	085	161	081	167	228	130	098	101	181	205	142	145
772	5	091	136	187	253	103	137	103	143	189	254	087	160	115	229	143	158	102	150	194	252	167	152	160	083	132	183	142	262	146	125	155	092	150	192	112	170	089	169	089	167	240	130	102	101	181	205	168	151
773	5	089	136	191	241	102	135	083	129	191	232	089	162	113	229	143	158	090	146	194	246	167	152	144	083	124	183	142	262	146	123	151	092	146	180	096	172	089	161	081	167	236	132	102	103	181	205	158	145
773	5	089	136	191	247	102	141	097	143	191	252	091	162	115	231	147	158	090	148	202	246	177	156	160	083	132	183	150	262	146	129	151	092	146	192	106	172	089	161	091	167	236	132	102	103	189	215	166	149
774	5	089	136	187	247	103	135	091	129	191	232	087	160	113	229	143	156	090	127	194	246	163	152	144	083	132	183	142	256	148	125	151	092	146	180	106	170	089	173	085	167	236	118	098	095	181	207	142	145
774	5	089	136	187	247	103	147	103	143	191	252	087	162	115	231	143	158	090	150	194	252	167	152	154	083	132	183	150	262	150	129	155	095	146	180	106	170	089	173	091	167	236	118	104	101	181	207	166	153
775	5	089	134	187	247	103	135	091	129	191	232	087	160	113	229	143	156	090	148	190	252	163	152	144	083	132	183	142	262	146	129	151	091	146	180	106	170	089	161	085	167	228	118	098	095	181	207	142	145
775	5	089	136	187	253	103	147	103	129	191	252	087	162	115	231	143	158	090	150	194	254	167	152	144	083	132	183	150	262	148	129	151	095	146	192	106	170	089	173	091	167	236	118	102	095	181	207	142	145
776	5	089	134	187	247	103	135	097	129	191	232	087	160	113	229	143	154	090	148	188	252	167	152	144	083	124	165	142	260	146	129	151	092	146	180	106	170	089	161	085	167	236	118	102	095	181	207	142	145
776	5	089	136	191	253	103	147	103	129	191	232	089	162	115	231	143	156	090	150	190	252	173	156	144	083	132	183	150	262	148	129	155	095	146	192	106	172	089	173	091	167	236	130	104	103	181	207	166	149
777	5	089	134	187	247	103	135	097	141	189	232	087	160	113	231	143	158	090	127	188	252	163	152	144	083	124	175	142	256	146	129	155	092	146	180	106	170	089	173	085	167	228	132	102	095	181	207	158	145
777	5	091	136	187	253	103	135	103	149	189	252	089	162	113	231	143	158	102	150	194	252	177	152	154	083	132	183	142	262	148	129	157	095	150	198	110	170	089	173	091	167	236	132	104	095	181	215	168	145
857	6	091	138	181	241	103	135	093	131	189	238	087	160	108	231	143	156	090	128	200	250	173	148	144	081	120	165	142	262	140	127	155	092	146	180	090	170	089	168	085	167	228	114	092	097	179	201	156	149
857	6	099	138	187	249	103	145	093	143	189	254	087	160	113	233	145	158	090	140	202	250	177	150	144	083	124	179	148	262	150	129	155	092	150	180	110	170	091	173	087	167	228	130	102	103	181	205	168	149
858	6	091	138	187	253	103	135	091	129	189	238	087	143	108	227	143	156	090	128	194	250	177	152	144	081	120	165	142	262	140	127	151	091	150	180	106	168	089	168	087	161	228	114	092	099	181	201	162	145
858	6	099	138	187	253	103	135	093	143	191	254	089	162	113	233	143	158	100	140	194	250	177	166	144	081	120	165	148	262	140	127	155	091	150	184	110	170	089	168	087	167	238	114	098	103	181	201	162	151
859	6	091	138	187	253	103	135	097	129	189	238	087	143	108	227	143	158	100	140	194	250	173	146	144	083	120	165	142	262	140	127	155	091	146	180	090	168	085	168	087	167	228	114	102	097	179	201	158	145
859	6	091	138	187	269	103	145	105	143	191	254	087	160	115	231	145	158	100	140	200	250	177	148	154	083	132	179	148	262	140	129	157	091	150	180	106	170	085	173	087	167	240	114	102	099	181	205	162	149
860	6	091	138	187	269	103	135	097	129	189	232	087	160	108	225	143	156	090	128	194	246	173	146	144	083	132	165	142	260	140	127	155	091	150	180	090	168	085	168	087	167	228	114	098	097	181	205	162	149
860	6	099	138	187	269	103	145	097	143	191	254	087	160	113	231	143	158	100	140	194	250	177	152	144	083	132	165	148	262	140	129	155	095	150	180	106	168	085	173	087	167	228	118	098	099	181	205	164	149
861	6	091	138	187	239	103	135	093	129	189	238	087	160	113	227	143	156	090	140	194	250	175	148	144	083	120	179	142	262	140	127	155	091	146	180	090	170	089	168	085	167	228	114	096	097	179	201	156	145
861	6	091	138	187	269	103	135	105	143	191	254	087	162	115	231	145	156	100	140	194	252	177	148	154	083	124	179	148	262	150	127	157	091	146	184	108	170	091	173	087	167	236	134	098	097	181	201	162	145
862	6	089	138	181	253	103	135	091	127	191	232	089	143	113	231	143	158	090	128	194	250	177	148	144	081	120	165	142	262	140	127	153	091	150	180	106	168	091	161	087	161	228	114	098	095	181	201	162	145
862	6	099	138	187	253	103	135	093	143	195	238	089	143	113	233	143	158	100	140	194	250	177	166	144	083	124	183	148	262	140	129	155	095	150	180	110	168	091	168	087	167	242	134	102	103	191	207	162	151
863	6	091	138	187	249	103	135	091	131	195	254	087	160	113	227	143	156	100	128	200	250	167	148	154	083	120	179	142	260	140	127	155	091	146	180	108	170	085	165	087	167	228	114	092	099	179	205	158	149
863	6	091	138	187	269	103	135	105	143	195	254	087	160	113	231	145	158	100	128	202	250	177	148	154	083	132	183	148	262	140	129	155	091	150	180	108	170	085	168	087	167	242	134	102	099	181	211	158	149
864	6	091	138	187	239	103	135	093	128	189	254	087	160	108	227	145	156	090	128	194	250	173	152	144	083	120	179	142	260	140	127	155	091	146	180	090	168	089	173	087	167	238	114	096	099	179	211	156	145
864	6	091	138	187	269	103	135	093	131	191	254	087	162	108	231	145	156	100	140	200	250	175	152	154	083	124	183	148	262	150	127	157	091	150	180	110	170	091	173	087	167	242	134	098	099	181	211	166	149
865	6	099	138	187	253	103	135	091	129	189	238	087	143	108	227	143	154	090	128	194	248	175	148	144	081	120	165	142	262	140	127	155	090	150	184	106	168	091	168	087	161	236	114	092	103	181	201	166	145
865	6	099	138	187	253	103	135	091	129	191	254	089	160	108	229	143	158	100	140	194	252	177	166	144	081	124	179	148	262	140	127	157	091	154	184	110	170	091	169	087	161	238	134	096	103	191	205	166	151
866	6	093	136	181	253	103	135	091	129	189	232	087	160	108	227	143	154	090	128	194	250	177	146	144	081	124	179	142	262	140	125	155	091	146	180	090	168	085	173	085	167	228	118	102	097	179	201	162	145
866	6	099	138	187	269	103	135	097	131	191	232	087	162	113	231	143	156	090	128	194	250	177	152	144	081	124	183	148	262	140	129	157	091	150	180	106	170	091	173	091	167	236	134	104	097	179	201	168	149
2355	7	091	134	179	241	103	135	097	129	189	250	087	160	113	225	143	158	090	127	190	252	167	152	144	081	124	165	142	260	140	125	155	092	146	180	106	168	085	161	085	167	224	130	104	095	181	211	142	149
2355	7	091	136	187	247	105	145	103	129	191	254	089	160	115	229	143	158	090	140	194	252	173	152	156	083	132	183	150	262	150	129	155	094	148	192	112	178	095	165	087	167	228	130	104	101	191	215	142	151
2356	7	089	134	185	253	103	135	097	129	191	252	087	158	113	225	143	156	090	127	194	252	163	152	154	081	122	165	142	258	140	129	155	095	146	184	106	170	089	161	085	167	238	118	098	101	181	205	142	149
2356	7	093	140	191	273	103	141	103	143	195	252	089	162	113	227	143	158	100	140	202	252	173	158	154	083	124	179	150	260	148	129	159	095	148	184	112	174	089	161	091	167	240	130	104	103	191	211	162	151
2357	7	089	134	179	253	103	141	097	129	189	238	089	158	113	227	143	156	090	127	188	246	173	146	160	081	124	165	142	262	140	129	155	091	146	180	112	170	083	167	081	167	228	130	102	101	181	205	142	149
2357	7	089	136	181	253	103	145	103	141	191	238	089	162	115	229	143	158	102	127	194	252	177	152	160	081	132	183	142	262	150	129	159	091	146	196	112	172	089	169	085	167	238	130	104	103	191	205	142	151
2358	7	089	136	175	253	103	135	097	129	189	238	087	162	113	229	143	156	090	127	194	248	175	146	154	081	124	183	142	260	150	129	155	092	150	196	094	170	083	165	087	161	228	130	102	099	181	205	142	145
2358	7	089	138	187	269	103	135	103	129	189	250	087	162	115	231	143	158	100	142	202	252	177	152	154	081	132	183	148	260	150	129	155	095	150	196	110	170	085	165	091	167	240	130	104	101	191	211	142	149
2359	7	089	136	179	241	103	141	089	129	189	232	087	162	113	227	143	158	090	127	190	252	167	146	144	083	124	175	150	260	150	125	157	091	146	180	106	176	089	169	089	165	238	130	098	101	181	205	142	149
2359	7	091	138	179	253	103	141	103	143	189	238	087	170	115	229	145	158	090	127	194	252	173	152	154	083	124	183	150	260	150	129	157	091	150	184	106	176	089	173	089	167	240	130	098	103	181	207	142	149
2360	7	089	134	179	253	103	145	093	129	189	232	087	160	115	227	143	154	090	140	194	252	167	146	144	083	124	181	142	260	140	129	155	092	146	180	108	172	089	167	089	161	238	128	104	095	191	205	142	149
2360	7	089	136	187	269	103	145	103	129	189	238	091	161	115	229	143	158	090	148	194	252	177	146	156	083	124	183	150	262	140	129	157	095	150	196	112	174	089	173	091	167	238	130	104	097	191	205	164	149
2361	7	089	134	179	241	103	145	093	129	189	238	087	154	115	229	143	158	090	142	188	244	167	152	154	-9	122	175	148	260	146	125	155	092	150	180	106	170	083	161	089	167	228	130	102	103	181	207	142	145
2361	7	089	136	181	247	103	145	103	143	191	250	087	160	115	229	143	158	104	142	194	246	173	152	156	-9	124	183	150	262	148	129	155	095	150	180	112	176	089	165	089	167	238	132	104	103	181	211	168	151
2362	7	089	138	179	253	103	135	083	129	191	232	087	160	113	229	143	158	090	127	194	252	173	150	154	081	124	165	142	260	146	129	155	091	150	192	108	172	085	161	089	167	228	130	092	095	181	205	158	145
2362	7	093	138	181	269	103	145	099	141	195	238	087	170	113	229	143	160	090	146	200	252	173	152	154	083	124	165	148	260	150	129	155	092	154	196	112	174	089	161	089	167	240	132	104	101	181	207	168	149
2363	7	089	136	179	269	103	135	103	129	189	232	087	143	113	225	143	156	090	146	194	250	167	146	154	083	124	179	142	260	140	123	155	092	150	196	110	168	089	167	085	167	228	114	104	097	179	205	142	149
2363	7	091	140	187	271	103	141	103	143	189	254	089	160	113	225	143	158	102	146	200	254	175	152	156	083	124	179	148	262	150	129	159	092	150	198	110	172	089	173	087	167	238	134	104	103	191	211	168	149
2364	7	091	134	185	241	103	135	093	129	191	232	087	160	115	227	143	156	090	127	190	250	165	152	154	083	124	165	148	262	150	125	157	091	146	180	108	176	083	165	081	167	228	114	098	095	177	211	142	149
2364	7	093	136	187	249	103	145	093	129	191	238	087	162	115	229	143	158	100	148	194	252	173	158	154	083	126	179	150	262	150	125	159	091	150	192	112	178	085	173	085	167	238	130	104	101	181	215	158	153
2369	8	089	134	187	241	103	141	083	129	189	232	087	160	115	229	143	154	090	127	194	252	167	152	154	081	132	183	142	260	140	129	155	091	148	180	110	172	089	169	089	167	238	130	102	101	181	205	168	149
2369	8	091	136	187	253	103	141	103	129	191	248	087	162	115	231	143	158	102	142	194	252	173	152	154	083	132	183	150	262	146	131	157	094	150	180	112	176	089	173	091	167	238	130	104	103	181	205	168	153
2370	8	089	134	179	253	103	145	097	129	189	238	087	170	108	229	143	158	100	127	194	252	167	152	154	081	124	165	142	260	146	125	155	091	146	192	106	174	081	169	089	167	228	130	102	095	177	207	168	149
2370	8	089	138	181	269	103	147	103	129	195	248	087	170	113	229	143	158	102	138	194	252	177	152	154	083	132	183	142	262	150	129	155	092	146	196	112	178	089	169	089	167	228	130	104	095	191	207	168	153
2372	8	089	134	179	241	103	135	093	129	189	238	087	158	108	225	143	156	088	127	190	252	167	146	144	083	124	175	142	260	140	125	155	091	146	180	106	174	089	165	089	167	238	128	096	095	181	205	142	145
2372	8	091	136	187	253	103	141	093	143	189	238	089	170	115	229	143	156	090	140	194	252	175	152	154	083	124	175	148	260	150	129	157	094	150	184	110	178	089	173	089	167	238	130	104	101	183	205	162	149
2373	8	089	138	181	239	103	135	089	129	189	238	087	158	113	229	143	156	090	127	194	246	167	152	154	083	132	183	142	256	146	129	151	092	146	180	108	170	083	173	089	167	228	130	098	103	177	207	158	149
2373	8	091	138	187	241	103	135	091	143	191	252	087	160	115	229	143	158	102	127	200	252	173	158	160	083	132	183	142	262	146	129	155	092	150	198	112	172	089	173	091	167	238	130	102	103	181	211	170	151
2374	8	091	134	179	269	103	141	097	129	189	238	087	162	108	225	143	156	090	140	188	252	173	146	144	081	124	179	142	262	150	123	153	091	154	180	106	172	085	161	087	167	228	130	102	095	179	205	142	145
2374	8	091	136	191	271	103	145	103	129	189	252	089	162	115	227	143	156	090	140	200	252	173	146	154	081	124	181	142	262	150	125	155	091	154	180	106	174	085	165	089	167	238	134	104	103	181	205	166	153
2375	8	089	134	181	253	103	145	093	141	191	238	087	160	115	225	143	156	090	146	188	252	175	152	154	081	122	181	142	260	146	127	153	091	146	180	112	172	081	169	087	167	238	130	104	095	181	205	142	151
2375	8	093	134	187	253	103	145	097	143	191	254	087	160	115	229	145	158	090	148	194	252	175	162	154	083	136	183	150	262	146	129	159	091	146	192	112	172	089	173	089	167	238	134	104	103	189	215	144	153
2376	8	089	136	187	241	103	135	093	129	189	238	087	158	115	231	143	156	090	140	194	246	175	146	154	077	124	165	138	260	140	123	155	091	150	180	090	170	089	161	089	167	238	128	104	099	181	205	156	149
2376	8	089	136	187	253	103	145	097	143	189	238	089	161	115	231	145	158	090	146	194	252	177	146	154	083	132	175	148	262	150	129	155	092	150	192	112	176	089	173	091	167	238	130	104	101	181	211	168	151
2377	8	089	136	179	241	103	141	093	129	189	238	087	162	115	229	143	160	090	140	190	252	173	146	144	077	124	179	142	262	148	129	157	092	146	180	106	174	083	161	089	161	240	130	104	101	177	205	156	149
2377	8	091	138	179	253	103	145	093	149	191	252	087	162	115	229	143	160	102	142	194	254	173	166	152	077	132	183	142	262	150	129	159	095	146	184	106	176	085	161	091	167	240	132	104	103	181	205	158	153
2378	8	089	132	181	241	103	141	103	129	191	238	087	160	115	229	143	156	090	142	194	248	165	152	144	077	122	175	142	260	146	125	155	092	150	180	110	170	089	165	089	167	238	130	102	103	181	205	142	149
2378	8	093	136	187	253	103	145	103	143	191	248	087	162	115	229	143	158	090	148	194	252	173	164	154	081	132	183	148	260	150	129	157	095	150	192	112	174	089	169	089	167	238	130	102	103	181	205	166	151
2379	8	091	138	179	241	103	135	093	129	189	232	087	158	113	225	143	154	090	127	194	246	173	146	154	083	122	165	148	260	146	125	155	091	146	180	110	170	083	161	085	165	228	130	102	095	181	205	158	149
2379	8	099	138	187	249	103	141	093	129	189	252	087	162	115	231	143	160	090	140	194	252	173	152	154	085	122	165	150	262	148	129	155	091	146	184	112	176	089	165	089	167	242	130	104	099	181	205	166	149
2380	8	089	134	179	241	103	135	093	129	191	238	087	162	115	203	143	158	090	127	194	252	167	152	144	081	124	165	138	260	150	125	155	091	150	184	106	170	085	161	085	167	224	114	102	101	191	207	142	145
2380	8	089	134	185	253	103	135	103	129	191	238	089	162	115	227	143	160	090	140	200	252	173	166	154	083	124	165	150	262	150	129	155	091	150	184	112	174	085	169	085	167	238	130	104	101	191	211	142	151
2381	8	089	134	179	253	102	141	089	129	189	232	087	160	108	229	143	158	090	127	194	252	163	146	154	077	124	175	142	260	150	125	155	095	150	180	110	174	089	165	089	167	228	130	102	095	181	211	166	145
2381	8	091	136	181	269	103	141	103	149	189	238	089	162	113	229	143	160	100	146	194	252	167	148	154	077	124	175	148	262	150	129	157	095	150	192	112	176	095	173	091	167	238	130	104	103	181	211	166	151
2382	8	089	134	179	247	103	141	083	129	189	238	087	158	113	225	143	154	090	138	194	252	165	162	154	081	122	181	142	258	150	129	155	091	146	192	108	170	081	161	089	161	228	130	104	101	181	205	162	149
2382	8	091	134	179	253	103	145	083	143	191	250	087	160	115	229	143	156	090	148	202	252	167	162	154	083	124	183	150	262	150	129	157	092	148	192	112	172	089	173	091	167	240	134	104	103	181	205	166	149
2383	8	089	134	181	241	103	135	097	129	191	232	087	158	113	229	143	156	090	127	194	252	173	146	154	083	124	183	138	260	150	129	153	091	146	180	108	172	083	161	089	167	238	130	102	101	181	205	158	145
2383	8	091	138	187	253	103	141	103	129	195	232	087	162	115	229	145	158	090	140	194	252	177	150	156	083	132	183	142	260	150	129	155	091	150	192	112	172	085	167	091	167	240	130	104	101	181	205	168	153
2384	8	089	138	179	247	103	145	103	143	189	238	087	158	113	229	143	160	088	142	194	252	167	152	154	083	122	175	142	260	146	125	155	091	150	180	110	170	085	161	087	167	238	130	102	099	181	207	158	149
2384	8	091	138	181	253	105	145	103	143	195	238	087	170	115	229	143	160	102	146	194	252	173	152	154	083	124	183	142	260	150	131	155	095	150	198	110	172	089	161	089	167	238	130	104	101	191	207	158	153
2385	8	089	136	175	271	103	141	097	129	189	238	087	158	108	229	143	156	090	127	194	252	165	152	156	081	124	175	142	258	146	123	155	092	146	184	094	170	085	169	085	161	228	130	092	101	181	205	158	145
2385	8	089	140	187	271	103	147	103	129	191	238	087	161	108	231	143	158	090	127	194	252	167	152	156	081	132	183	148	260	150	129	155	095	154	184	106	172	089	173	089	167	228	130	098	103	191	207	166	151
2386	8	089	132	179	247	103	135	093	129	189	238	087	134	115	225	143	156	090	142	194	252	177	146	154	081	126	175	142	260	140	125	155	091	146	180	108	170	089	161	085	167	228	114	104	101	183	205	142	153
2386	8	091	134	187	271	104	145	097	141	195	238	087	162	115	227	143	156	102	142	194	252	177	166	156	083	132	181	142	262	150	129	155	095	150	192	112	172	089	169	085	167	228	132	104	101	191	215	142	153
2387	8	089	134	175	247	103	135	103	129	189	232	087	158	108	229	143	158	090	140	188	252	173	152	158	083	124	175	148	260	140	125	155	091	150	180	112	172	085	165	089	161	228	130	092	103	181	205	142	149
2387	8	099	136	179	269	103	141	103	143	195	232	087	160	113	231	143	160	102	142	194	252	177	164	160	083	132	183	150	262	146	129	159	094	150	184	112	174	089	173	091	167	238	132	104	103	191	205	166	151
2388	8	089	134	179	269	102	135	093	129	189	232	087	158	108	229	143	156	090	127	188	252	163	148	154	081	124	175	142	260	146	121	155	091	150	180	094	170	081	161	091	161	238	130	092	099	181	205	166	145
2388	8	091	136	187	269	103	145	103	143	191	238	087	160	115	229	143	160	090	127	194	254	163	158	154	083	124	183	150	262	152	125	157	095	150	192	106	172	095	161	091	167	240	130	102	103	193	207	168	151
2389	8	089	132	181	247	103	135	-9	129	189	238	087	158	115	231	143	156	090	127	190	250	165	146	144	081	122	165	138	262	146	127	151	091	146	180	090	170	089	165	085	167	228	114	104	095	181	205	156	149
2389	8	089	134	185	253	103	145	-9	129	195	238	087	160	115	231	145	158	090	150	190	252	175	152	158	083	126	183	142	262	150	129	155	092	150	180	106	170	089	173	087	167	240	130	104	099	193	207	162	149
2390	8	089	132	187	241	103	141	093	129	189	232	089	158	115	229	143	158	100	140	194	246	173	150	144	081	124	165	148	260	146	125	157	091	146	190	094	170	085	161	081	165	228	130	098	099	181	207	142	151
2390	8	091	136	187	269	103	141	103	129	191	238	091	162	115	231	143	158	102	140	194	254	177	152	154	081	124	165	150	262	150	127	157	095	146	196	108	176	089	165	087	167	236	130	104	101	191	215	166	151
2391	8	091	136	179	253	103	141	103	129	189	232	087	158	115	225	143	158	090	127	194	252	177	152	144	077	132	175	142	260	146	127	155	091	146	184	108	170	089	165	081	167	238	114	092	101	181	205	158	145
2391	8	099	138	187	269	103	141	103	133	191	238	089	158	115	229	143	158	090	142	202	252	177	152	160	077	132	181	142	262	150	129	155	092	150	192	110	176	089	169	089	167	238	128	102	103	181	215	162	151
2392	8	089	138	187	241	103	141	093	129	191	238	087	160	115	229	143	158	090	138	194	250	167	146	144	081	124	175	142	260	148	125	155	091	146	180	110	166	083	161	085	167	238	130	102	099	181	205	142	153
2392	8	091	140	187	253	103	145	093	129	195	238	087	160	115	233	143	158	090	142	200	252	177	152	154	081	132	183	148	262	150	129	157	092	150	196	112	174	095	173	089	167	238	134	102	103	191	215	158	153
2459	9	089	136	181	253	103	135	085	129	189	238	089	158	108	229	143	156	090	140	188	252	167	146	154	083	124	165	142	260	150	123	159	092	148	180	112	168	085	165	089	167	238	130	098	101	181	201	142	149
2459	9	091	136	181	269	105	141	093	143	189	238	089	162	115	231	143	158	100	150	200	252	167	158	156	085	132	183	142	262	150	125	159	092	150	196	112	170	089	173	089	167	238	134	104	103	191	211	166	151
2460	9	089	136	179	265	103	135	103	129	191	238	087	154	113	229	143	158	090	127	188	250	173	146	154	081	124	165	142	260	150	125	155	091	146	184	106	170	085	161	087	167	228	130	098	095	191	205	142	149
2460	9	093	136	187	269	103	145	103	129	195	238	087	160	115	229	143	158	100	142	188	252	177	158	154	083	132	175	142	262	152	127	155	092	150	184	110	172	089	161	089	167	238	132	102	101	191	205	144	153
2461	9	091	134	179	269	103	145	093	129	189	238	087	147	115	227	143	158	090	127	194	246	167	152	154	081	124	165	148	260	140	123	155	091	150	192	106	168	081	161	085	167	238	114	102	095	181	205	142	145
2461	9	093	136	185	269	103	145	103	143	195	238	089	160	115	229	143	160	100	140	194	252	173	152	154	081	124	179	150	262	150	129	155	092	150	196	106	172	089	165	091	167	240	130	102	103	181	211	168	149
2462	9	091	134	179	253	103	141	085	129	189	238	087	158	108	231	143	156	090	127	188	252	167	146	-9	077	122	165	142	260	150	125	159	091	150	180	112	170	085	165	089	167	238	-9	098	101	191	205	166	151
2462	9	093	136	181	253	105	145	101	129	189	252	089	162	115	231	147	158	100	150	188	252	173	146	-9	083	124	183	142	262	150	129	159	092	150	196	112	172	089	169	089	167	238	-9	104	101	191	211	166	151
2463	9	089	134	179	247	103	135	085	129	189	238	087	158	113	225	143	156	090	140	188	246	167	152	144	083	132	165	142	262	150	125	155	091	150	192	106	168	089	161	089	167	238	130	102	101	191	202	166	145
2463	9	091	138	187	253	103	145	103	129	191	238	087	160	115	229	143	158	100	140	194	252	175	158	154	083	132	183	142	262	150	125	157	092	150	196	106	172	089	173	089	167	238	134	102	103	191	205	166	151
2464	9	089	138	179	241	103	135	085	129	189	238	089	160	115	229	143	156	090	140	200	252	167	152	144	077	-9	175	142	262	148	129	155	091	148	184	112	170	085	165	085	167	228	128	102	095	179	205	142	145
2464	9	091	138	185	271	103	135	103	143	191	238	091	162	115	229	143	158	102	150	200	252	173	152	154	081	-9	179	142	262	150	129	159	091	150	192	112	186	085	173	087	167	238	130	104	101	179	211	158	145
2465	9	089	136	179	241	103	145	097	129	189	232	087	158	113	227	143	156	090	127	190	252	167	152	144	077	124	165	142	260	146	129	155	091	150	192	112	170	089	173	089	167	228	130	092	101	181	207	158	149
2465	9	089	138	181	253	103	145	103	143	191	238	087	158	115	229	143	156	100	140	194	252	173	166	154	083	132	181	148	262	150	131	157	092	150	192	112	172	089	173	089	167	228	134	104	101	191	211	168	149
2466	9	089	136	179	241	103	145	089	143	189	238	087	161	115	227	-9	158	090	140	194	246	173	152	154	083	124	165	142	260	140	123	155	091	146	180	108	168	085	161	081	167	238	114	102	095	179	205	142	145
2466	9	089	138	187	253	103	145	097	143	191	252	087	162	115	229	-9	158	090	142	194	252	175	152	154	083	132	183	150	262	150	125	157	094	150	184	112	174	085	165	089	167	238	134	104	103	191	211	166	153
2467	9	089	138	179	253	103	145	097	127	189	238	087	160	108	231	143	156	090	127	194	250	177	152	144	081	124	175	142	262	150	125	155	091	146	180	106	176	089	161	085	167	238	128	098	095	181	207	158	145
2467	9	091	138	179	253	103	145	103	129	189	238	089	161	115	231	143	160	090	150	194	252	177	164	144	083	132	183	148	262	150	129	155	094	146	184	108	176	089	161	087	167	240	130	104	103	181	211	166	151
2468	9	089	136	179	253	103	145	103	129	191	238	087	160	113	231	143	158	088	138	190	252	167	146	154	081	124	183	142	260	146	123	155	091	146	180	106	168	083	173	085	167	228	130	102	095	181	205	142	149
2468	9	093	136	181	253	103	145	103	143	191	238	087	162	115	231	143	158	102	140	200	252	167	152	154	083	126	183	148	260	150	123	155	092	154	196	108	170	089	173	089	167	228	130	104	103	191	211	166	153
2469	9	089	136	179	253	103	145	093	129	191	232	087	147	115	229	143	158	090	140	188	246	167	152	154	081	124	179	142	260	150	129	153	091	146	180	106	168	083	167	081	161	240	114	092	095	181	205	144	149
2469	9	089	136	185	269	103	145	103	129	195	238	087	161	115	231	143	158	090	140	194	254	167	152	154	081	124	183	142	262	150	129	159	094	148	180	112	174	083	173	089	167	240	118	104	103	181	205	144	153
