1 2 3 4 5 6 7 8 9 10 11 12 13 14 15 16 17 18 19 20 21 22 23 24 25 26 27 28 29 30 31 32 33 34 35 36 37 38 39 40 41 42 43 44 45 46 47 48
2055	1	089	136	181	253	103	141	093	129	191	232	087	160	108	227	143	156	102	142	188	252	173	146	152	077	132	165	142	260	146	125	159	091	146	180	110	166	089	161	087	167	228	128	102	101	177	205	144	149
2055	1	091	136	181	253	103	145	103	129	195	238	089	162	115	231	143	158	102	146	190	252	177	154	156	083	132	183	148	262	150	129	159	091	146	196	112	176	095	161	089	167	228	128	102	103	191	205	144	151
2056	1	089	134	187	249	103	135	093	129	189	232	087	147	115	229	143	158	090	140	190	252	173	146	144	083	124	179	142	262	150	125	155	091	146	180	112	166	089	161	087	167	228	128	102	099	181	205	158	149
2056	1	091	134	187	253	103	147	093	141	191	238	091	160	115	231	143	160	090	142	194	252	177	166	160	083	124	183	142	262	150	129	155	091	150	196	112	172	089	165	091	167	238	130	104	101	181	205	168	153
2057	1	089	136	179	253	103	141	093	129	189	238	087	147	113	229	143	158	088	127	188	250	173	146	154	077	124	179	142	262	150	125	155	091	150	180	106	166	085	159	087	167	228	114	104	101	181	205	166	151
2057	1	091	136	181	253	103	145	103	129	195	238	087	160	115	229	143	160	090	146	194	252	177	152	156	081	132	183	142	262	150	125	155	094	150	184	106	176	089	161	089	167	238	130	104	101	191	211	168	153
2058	1	089	136	187	253	103	141	091	129	191	232	089	158	115	225	143	156	090	146	190	250	173	152	144	083	124	165	138	260	146	125	155	091	150	180	106	172	085	161	081	167	224	130	092	095	181	205	158	147
2058	1	089	136	187	253	103	141	103	149	191	238	089	158	115	229	143	158	090	148	190	252	177	152	154	083	126	183	142	262	150	129	157	095	150	184	112	172	089	161	089	167	238	132	096	101	181	205	166	153
2059	1	089	136	179	253	103	135	097	129	189	238	087	158	115	227	143	158	088	127	188	252	173	152	144	083	124	183	138	262	150	123	155	091	150	180	110	170	089	161	089	167	238	114	096	095	181	205	144	145
2059	1	089	136	181	271	103	145	103	141	191	238	089	160	115	229	157	158	090	148	190	252	177	152	160	083	132	183	142	262	150	125	157	091	150	194	112	172	089	165	089	167	238	130	102	095	191	211	144	147
2060	1	089	136	181	249	103	141	093	149	191	238	087	158	115	227	143	156	090	146	190	252	173	152	144	083	124	175	142	262	146	125	155	091	150	180	090	166	081	161	089	167	224	114	092	095	181	205	166	145
2060	1	089	138	187	253	103	145	093	149	191	238	089	158	115	229	157	156	102	148	194	252	177	152	154	083	132	183	148	262	150	129	157	091	150	180	112	176	085	161	091	167	238	128	098	101	181	207	166	151
2061	1	089	136	187	241	103	141	093	129	191	238	087	158	115	229	143	156	090	142	190	250	173	146	144	083	132	175	142	260	140	125	155	091	146	180	110	166	081	161	087	167	224	114	098	095	181	205	166	145
2061	1	091	138	187	249	103	145	097	149	195	252	087	158	115	229	157	156	102	146	194	252	175	152	154	083	132	183	142	262	150	125	157	095	150	180	112	176	089	173	089	167	238	130	104	101	191	205	168	149
2062	1	089	136	187	253	103	141	093	129	191	238	087	147	115	227	143	158	088	127	190	252	167	146	144	077	132	183	142	262	146	123	155	091	150	180	106	172	085	161	089	161	228	130	104	101	181	201	168	149
2062	1	089	136	187	253	103	141	103	129	191	238	087	160	115	229	143	160	102	142	194	252	175	152	160	081	132	183	142	262	150	123	155	092	150	184	112	176	095	165	089	167	238	130	104	103	181	211	168	153
2063	1	089	134	181	253	103	135	097	129	189	238	087	158	108	227	143	156	090	127	188	252	173	146	154	081	132	183	142	260	150	125	153	091	150	180	110	172	089	161	089	167	228	114	098	099	181	201	144	151
2063	1	089	136	181	253	103	135	103	149	191	238	089	162	113	229	143	158	102	142	194	252	173	152	154	083	132	183	142	262	150	129	155	095	150	180	112	176	089	161	089	167	238	130	098	103	181	205	166	153
2064	1	089	134	181	253	103	141	093	129	191	238	087	158	113	233	143	158	090	127	190	252	167	146	144	081	132	179	142	260	150	125	153	094	150	180	112	172	085	161	089	167	228	130	098	095	181	201	166	145
2064	1	089	136	187	253	103	141	103	129	191	238	089	158	113	233	143	158	090	142	194	252	173	166	160	083	132	183	148	262	150	129	155	095	150	180	112	172	089	161	091	167	228	130	104	101	191	205	168	153
2065	1	089	136	181	253	103	135	103	129	191	238	087	158	108	229	143	156	090	142	190	244	167	152	144	077	126	165	142	262	150	125	155	091	150	180	112	166	085	161	091	167	228	114	092	095	181	205	144	145
2065	1	089	136	181	253	103	141	103	149	195	252	089	162	115	231	143	158	090	142	194	252	177	152	160	077	132	183	142	262	150	125	155	091	150	180	112	166	089	173	091	167	238	132	092	103	181	205	166	153
2066	1	089	134	187	253	103	135	103	129	189	238	087	158	115	227	143	158	090	142	190	252	167	146	152	077	124	179	138	262	150	123	153	091	146	180	112	172	085	159	089	167	224	128	092	101	181	211	142	151
2066	1	091	136	187	253	103	145	103	129	189	238	089	162	115	229	143	158	102	142	194	252	177	152	154	083	132	183	142	262	150	125	155	091	150	194	112	176	089	161	089	167	236	130	098	101	181	211	144	153
2067	1	091	134	187	241	103	135	091	129	191	238	089	158	115	229	143	158	090	127	194	252	167	146	154	077	124	175	142	260	146	125	155	091	150	180	110	170	089	173	087	167	224	128	098	101	181	201	144	151
2067	1	091	136	187	253	103	141	093	141	191	238	089	161	115	233	143	158	090	146	194	252	173	152	156	083	132	175	142	262	148	129	155	091	150	180	112	172	095	173	087	167	238	130	102	103	191	205	166	153
2068	1	089	134	179	253	103	145	093	129	189	232	087	158	108	227	143	158	090	127	190	252	175	152	154	081	126	165	138	262	146	125	151	095	150	180	112	172	083	161	081	167	228	130	102	101	181	205	142	151
2068	1	089	136	181	253	103	145	093	129	191	238	089	162	115	229	143	160	090	142	190	252	175	152	156	085	132	183	142	262	150	129	155	095	150	180	112	172	089	169	089	167	228	130	102	101	191	205	144	153
2069	1	089	134	179	253	103	141	093	129	191	232	087	160	113	229	143	158	090	142	194	252	167	146	154	077	124	175	142	262	146	125	153	091	150	180	110	166	085	159	081	167	228	130	098	095	181	207	142	145
2069	1	091	136	181	253	103	141	103	129	195	252	089	162	115	233	143	158	102	142	194	252	167	152	160	083	132	183	148	262	150	125	155	094	150	180	112	166	089	165	091	167	238	132	102	101	191	211	166	153
2070	1	089	136	181	253	103	135	103	129	189	232	089	147	113	227	143	158	090	127	190	252	167	146	154	083	124	165	142	262	146	129	155	091	150	180	110	174	089	161	081	167	232	128	092	103	181	201	142	145
2070	1	089	136	187	257	103	141	103	149	191	238	089	158	113	229	143	158	090	142	190	254	173	146	160	085	124	175	142	262	150	129	159	091	150	194	112	178	095	173	089	167	238	130	092	103	191	205	158	153
2071	1	091	134	181	253	103	135	093	129	191	252	087	158	115	225	143	158	090	142	194	252	167	150	154	077	124	175	142	260	150	129	155	091	148	180	112	170	085	165	081	167	228	130	098	101	181	205	144	145
2071	1	091	136	187	253	103	145	103	129	191	254	089	162	115	229	143	160	090	146	194	252	173	152	160	077	124	183	148	260	150	129	155	091	150	180	112	176	085	173	089	167	228	130	104	103	191	211	166	149
2072	1	089	136	181	253	103	135	093	129	189	232	087	158	108	231	143	158	090	127	194	252	167	152	152	077	132	183	142	260	150	125	155	091	150	180	110	166	085	161	091	167	236	114	092	099	181	201	158	145
2072	1	091	136	187	253	103	145	097	129	195	232	087	158	115	231	143	158	102	140	194	252	173	164	154	077	132	183	142	262	150	125	155	092	150	180	112	172	089	173	091	167	238	130	092	101	181	205	166	149
2073	1	089	136	179	253	103	141	097	129	195	238	087	161	108	229	143	156	088	140	188	252	167	152	144	077	122	183	138	262	150	123	153	092	150	180	110	166	089	161	087	167	228	118	096	095	181	205	142	145
2073	1	089	136	179	253	103	141	097	129	195	238	087	162	115	233	143	160	090	142	188	252	177	152	160	083	132	183	142	262	150	129	155	094	150	180	110	176	089	169	091	167	236	130	098	095	191	211	166	153
2074	1	089	136	179	253	103	141	093	129	191	232	087	158	108	229	143	158	090	146	194	252	173	150	144	083	124	179	138	262	146	125	155	091	150	180	110	170	089	161	081	167	224	128	098	101	181	205	166	149
2074	1	089	136	181	253	103	141	103	129	191	238	089	158	113	233	143	158	090	148	194	252	177	154	152	083	132	183	142	262	150	129	155	092	150	196	110	176	089	161	089	167	228	130	102	103	181	211	168	149
2075	1	091	136	187	253	103	135	093	129	189	238	089	158	113	227	143	156	090	127	188	252	163	146	154	077	124	165	142	262	150	125	155	091	146	180	110	172	085	161	089	167	228	130	102	101	181	205	166	145
2075	1	091	136	187	253	103	141	093	129	189	252	089	158	113	229	143	156	102	142	190	252	173	146	160	083	132	183	142	262	150	129	155	091	150	180	112	176	089	161	089	167	228	132	102	103	191	205	166	151
2076	1	089	134	181	253	103	141	085	129	189	238	087	158	115	225	143	156	090	142	190	252	167	152	154	077	124	183	138	262	150	125	155	091	150	180	110	170	089	161	081	167	236	128	098	095	177	205	144	149
2076	1	091	136	187	253	103	141	103	149	195	238	087	162	115	229	143	156	090	142	190	252	177	152	160	077	132	183	142	262	150	125	157	092	150	180	112	176	089	161	089	167	238	132	104	101	181	205	168	153
2077	1	089	136	187	253	103	141	093	129	191	238	087	158	115	225	143	160	090	140	188	252	173	152	154	077	132	175	142	262	140	125	155	091	150	180	108	166	085	165	087	167	228	130	102	101	181	205	144	145
2077	1	089	138	187	253	103	141	103	143	191	238	089	160	115	229	143	160	090	142	190	254	177	152	154	077	132	183	150	262	150	129	159	092	150	180	110	166	089	165	089	167	238	130	102	103	191	205	168	149
2078	1	091	136	179	253	103	141	093	129	191	238	087	158	108	227	143	156	090	140	190	252	173	146	144	077	124	175	142	260	150	123	155	091	150	180	110	166	095	159	091	167	228	130	102	095	181	201	144	149
2078	1	091	136	181	253	103	141	097	129	195	252	089	160	108	229	143	158	090	142	194	252	177	152	154	081	124	179	148	262	150	129	155	095	150	196	110	172	095	161	091	167	228	132	104	103	181	205	166	153
2079	1	089	134	179	253	103	135	091	129	189	232	087	158	113	229	143	156	090	142	190	252	167	146	144	077	124	175	142	260	140	125	153	091	150	180	110	170	089	161	085	167	228	130	098	101	181	205	144	151
2079	1	091	138	191	253	103	141	103	129	191	238	089	162	115	229	143	158	102	146	190	252	177	152	154	077	132	183	142	262	150	129	155	092	150	192	110	172	089	165	089	167	238	130	104	101	181	207	166	153
2080	1	089	136	181	253	103	135	091	129	191	238	087	162	115	229	143	154	090	146	190	252	167	146	154	077	132	183	142	260	146	129	155	091	150	180	112	166	089	161	089	167	236	130	102	095	191	205	168	145
2080	1	089	138	187	253	103	141	097	129	191	254	089	170	115	233	143	158	090	146	190	252	173	164	154	077	132	183	142	262	150	129	155	095	150	180	112	172	089	169	089	167	236	130	104	101	191	205	170	149
2081	1	091	134	179	253	103	141	093	129	189	232	087	162	108	229	143	156	090	127	194	252	167	146	154	077	124	175	142	260	146	125	153	091	146	180	110	166	089	159	089	167	228	130	098	095	181	211	166	145
2081	1	091	136	187	269	103	141	103	129	191	238	087	162	115	231	143	158	090	142	194	252	177	152	154	083	132	183	142	262	150	129	155	091	150	180	112	172	089	165	091	167	238	132	102	101	191	211	168	151
2082	1	089	134	181	253	103	141	093	129	191	232	087	147	108	227	143	156	090	127	194	252	177	152	154	077	124	175	142	260	140	125	155	091	150	180	112	170	083	165	089	167	236	130	092	101	181	205	158	149
2082	1	089	136	181	271	103	141	103	129	191	252	089	158	113	231	143	158	090	127	194	252	177	152	154	083	124	183	142	260	150	125	155	095	150	184	112	176	089	173	089	167	238	130	102	103	181	215	158	151
2083	1	089	134	181	253	103	135	093	129	189	238	087	158	115	225	143	156	090	127	188	246	177	146	154	077	124	175	138	260	150	125	155	091	150	180	112	166	089	161	081	167	224	130	092	095	177	205	166	147
2083	1	091	140	187	253	103	141	097	149	191	238	087	161	115	227	143	158	090	142	190	252	177	154	160	077	124	179	142	262	150	125	155	095	150	196	112	166	089	167	089	167	228	130	102	103	191	207	168	149
2084	1	089	136	181	253	103	141	093	129	191	232	087	158	113	227	143	156	090	127	194	252	173	146	152	077	124	175	142	262	146	123	155	091	150	180	106	172	089	165	085	167	236	130	092	095	191	205	144	145
2084	1	089	136	181	253	103	141	103	141	195	238	087	162	113	229	143	158	090	142	194	252	177	152	160	083	132	179	142	262	150	125	157	091	150	184	112	172	089	165	091	167	238	130	102	101	191	211	168	151
2085	1	091	136	181	249	103	135	089	141	191	232	089	158	115	229	143	158	090	142	194	252	173	152	152	083	126	175	142	260	150	125	155	091	150	180	112	172	089	161	085	167	228	114	096	101	181	205	144	149
2085	1	091	138	181	253	103	141	103	149	191	238	089	161	115	231	143	158	102	146	194	252	173	152	154	085	132	183	142	262	150	129	155	092	150	184	112	176	095	161	089	167	228	130	104	103	191	207	158	149
2086	1	089	136	181	253	103	141	093	129	189	232	087	158	115	227	143	156	090	142	188	250	167	152	144	081	124	175	138	262	146	125	155	092	146	180	110	172	089	161	087	167	228	114	102	101	181	205	142	145
2086	1	091	136	187	269	104	145	103	129	195	238	087	158	115	229	143	158	090	146	190	252	177	152	152	083	132	175	142	262	146	125	155	095	148	196	112	172	095	165	089	167	228	130	104	101	191	205	168	147
2087	1	089	134	179	253	103	141	091	141	191	238	087	160	115	229	143	156	090	146	194	252	167	146	144	077	132	175	142	260	148	125	155	091	150	180	110	170	089	169	087	167	238	130	096	095	181	205	158	145
2087	1	091	134	187	253	103	141	093	141	195	254	089	161	115	233	143	158	102	146	194	252	173	152	154	083	132	183	142	262	150	129	155	092	150	184	110	172	095	173	089	167	238	130	098	103	191	211	166	151
2088	1	089	136	179	253	103	145	097	129	191	238	087	147	113	225	143	158	102	140	190	250	173	146	144	077	132	175	142	256	150	125	155	091	150	180	106	170	085	165	089	167	228	130	098	095	181	205	142	149
2088	1	089	138	187	269	103	145	103	149	195	252	087	158	113	225	143	160	102	148	190	252	177	154	154	083	132	179	142	262	150	129	157	095	150	194	112	172	089	173	089	167	238	132	102	101	191	205	166	153
2089	1	089	138	187	253	103	141	091	129	191	238	087	158	108	229	143	156	090	140	190	252	167	152	160	083	124	183	138	262	150	125	155	091	150	180	112	166	085	165	089	167	224	130	102	095	181	205	144	153
2089	1	091	138	187	253	103	141	103	141	191	252	089	158	113	229	143	158	102	148	194	252	173	152	160	083	126	183	142	262	150	129	157	092	150	196	112	166	089	165	089	167	228	130	102	095	181	211	166	153
2090	1	091	134	179	253	103	135	093	141	189	238	087	160	115	231	143	156	090	142	194	250	173	146	144	077	132	175	142	260	140	125	155	092	150	180	110	170	085	161	081	167	224	130	092	095	181	205	158	145
2090	1	091	136	179	269	103	141	103	141	191	238	089	161	115	233	143	158	090	146	194	252	173	152	160	083	132	183	142	262	148	129	155	095	150	180	112	172	089	173	089	167	238	130	096	101	191	211	166	153
2091	1	089	134	179	253	103	141	085	129	189	232	087	158	113	229	143	156	090	127	190	250	167	146	154	083	124	183	142	260	146	129	155	091	150	180	110	166	089	161	081	167	228	128	098	101	181	201	158	149
2091	1	089	136	187	271	103	141	103	129	191	238	087	162	115	229	143	158	090	142	194	252	173	154	154	083	124	183	142	262	146	129	155	092	150	184	112	172	089	173	091	167	228	132	102	103	181	205	168	153
2092	1	089	134	179	253	103	135	085	129	191	232	087	158	113	229	143	154	090	140	188	252	167	152	154	077	132	183	142	262	146	125	155	091	150	180	106	172	085	161	081	167	228	130	102	103	181	205	158	153
2092	1	089	136	179	253	103	147	093	129	191	238	087	162	113	233	143	158	090	148	190	252	173	152	160	083	132	183	142	262	150	129	155	091	150	180	110	172	089	165	089	167	236	130	102	103	181	205	166	153
2093	1	089	138	187	253	103	141	093	129	189	232	087	158	115	227	143	158	090	127	190	252	167	146	154	083	132	175	142	262	150	125	155	091	150	180	112	172	089	159	087	167	228	130	092	095	181	205	166	149
2093	1	089	138	187	253	103	147	103	129	191	252	089	158	115	229	143	160	102	140	194	252	177	146	154	083	132	183	142	262	150	125	155	091	150	196	112	172	095	161	089	167	238	130	104	101	191	211	168	153
2094	1	089	134	181	253	103	135	097	129	191	232	087	147	108	227	143	158	090	142	194	252	173	152	144	077	124	183	138	262	150	125	155	091	150	180	112	176	085	161	089	161	238	128	102	099	181	205	144	149
2094	1	091	136	187	253	103	141	103	129	195	238	089	162	108	227	143	158	090	142	194	252	177	154	154	077	132	183	142	262	150	129	159	091	150	196	112	176	089	161	089	167	238	132	104	101	191	211	168	151
2095	1	091	134	187	253	103	141	103	129	189	238	087	158	115	225	143	156	090	142	194	252	167	146	154	077	124	175	142	260	150	125	151	091	148	180	110	170	085	161	089	167	224	130	098	095	181	205	142	149
2095	1	091	136	187	253	103	145	103	149	191	254	089	162	115	227	143	158	090	146	194	252	167	152	160	077	132	175	142	260	150	129	159	092	150	180	112	172	089	161	089	167	238	132	104	101	181	211	166	153
2096	1	089	136	187	253	103	135	093	129	191	232	087	158	115	229	143	158	090	142	188	252	173	146	154	077	124	175	142	260	140	129	155	091	150	180	110	172	089	161	089	167	236	130	102	101	181	205	144	151
2096	1	089	138	187	253	103	141	103	129	191	252	087	162	115	229	143	160	090	142	194	252	173	154	154	083	132	183	142	262	146	129	159	091	150	184	112	176	089	173	089	167	238	132	102	101	181	211	168	151
2097	1	089	134	179	253	103	141	085	129	191	238	087	158	115	227	143	156	090	140	190	252	167	152	160	077	124	165	142	262	150	125	155	092	150	180	110	170	089	161	081	167	228	114	098	099	181	211	166	145
2097	1	091	140	179	253	103	141	093	149	195	238	087	158	115	229	143	158	102	142	190	252	173	152	160	083	124	183	142	262	150	129	159	094	150	180	112	172	095	161	091	167	238	128	098	101	181	215	166	149
2098	1	089	134	179	241	103	135	097	129	191	232	087	158	108	227	143	156	088	142	194	252	173	146	154	081	124	183	138	256	150	125	155	092	150	180	106	170	083	173	089	167	224	128	098	095	191	201	166	145
2098	1	091	138	181	269	103	141	097	129	191	238	089	158	113	229	143	156	102	142	194	252	173	146	160	081	132	183	142	262	150	129	155	092	150	196	110	172	085	173	089	167	238	130	102	103	191	211	168	151
2099	1	091	134	181	269	103	141	085	141	189	238	087	158	113	229	143	158	090	140	188	252	177	150	154	081	124	175	138	262	146	129	155	091	150	180	112	170	085	165	081	167	228	114	102	095	181	205	144	147
2099	1	091	138	187	269	103	145	089	141	191	252	087	162	115	229	143	158	090	140	194	252	177	152	160	083	132	175	142	262	148	129	155	091	150	196	112	172	089	169	089	167	228	130	102	103	181	205	168	149
2100	1	089	134	181	253	103	141	091	129	189	238	087	158	108	227	143	158	088	127	190	252	167	146	154	081	124	175	142	262	140	125	155	095	150	180	112	172	089	161	089	167	228	130	102	101	181	205	142	151
2100	1	089	136	181	253	103	145	093	129	191	238	089	158	115	229	143	158	090	140	190	252	175	152	156	083	132	175	142	262	146	125	157	095	150	196	112	176	095	161	089	167	238	130	102	101	181	205	166	153
2101	1	089	136	179	249	103	141	097	129	189	238	087	158	113	227	143	156	090	142	190	252	167	152	144	077	132	183	142	262	140	125	155	091	146	180	106	170	089	161	085	167	224	130	098	095	177	205	144	151
2101	1	089	138	187	271	103	141	103	129	191	238	087	158	115	229	143	158	090	142	190	252	167	152	154	083	132	183	142	262	150	129	157	092	150	184	112	172	089	173	087	167	238	132	102	103	181	211	168	153
2102	1	089	134	181	249	103	141	085	129	191	238	087	147	113	227	143	156	090	127	194	252	173	152	154	077	-9	183	138	262	150	125	155	091	150	180	110	166	089	161	089	167	228	128	104	101	181	201	144	149
2102	1	091	134	181	253	103	141	097	129	191	252	087	158	113	231	143	158	090	142	194	252	177	154	156	083	-9	183	142	262	150	125	155	091	150	180	110	170	089	165	089	167	238	130	104	103	181	207	158	153
2103	1	089	136	179	253	103	135	093	129	189	238	087	158	115	229	143	156	102	140	188	252	177	146	154	083	132	183	142	262	150	125	157	091	146	180	110	172	089	161	089	167	228	128	098	095	181	205	144	145
2103	1	091	138	187	253	103	145	097	129	195	238	089	160	115	229	143	160	102	148	188	252	177	154	154	083	132	183	142	262	150	129	159	092	150	180	112	176	089	161	089	167	238	130	102	101	181	207	144	153
2104	1	089	136	181	253	103	141	093	129	191	238	087	158	108	225	143	158	090	127	194	252	173	146	152	077	132	183	142	260	150	125	159	091	150	180	110	172	083	167	081	167	224	128	102	101	181	201	142	149
2104	1	091	138	187	253	103	145	097	129	195	238	089	162	115	229	143	158	102	142	194	252	173	146	154	083	132	183	142	260	150	129	159	092	150	180	112	172	089	169	089	167	238	128	104	101	191	215	142	153
2105	1	091	138	187	253	103	145	103	129	189	232	087	160	108	227	143	158	090	127	194	252	167	152	160	077	124	175	142	260	150	125	155	091	150	180	112	170	085	161	087	167	228	130	098	095	181	201	166	149
2105	1	091	138	187	253	103	145	103	129	191	232	089	162	113	227	143	160	090	146	194	252	167	152	160	081	124	183	142	260	150	125	159	091	150	180	112	170	089	173	089	167	238	132	104	103	191	211	166	153
2106	1	089	136	181	253	103	135	097	129	189	238	087	162	108	229	143	156	090	127	190	252	167	152	144	077	124	175	142	260	146	125	155	091	150	180	110	166	089	161	089	161	228	130	102	095	181	205	158	149
2106	1	089	136	187	253	103	145	103	143	191	238	089	170	115	229	143	158	102	142	194	252	177	166	154	077	132	183	142	262	150	129	155	091	150	196	110	172	095	161	089	167	228	130	104	101	191	205	168	151
2107	1	089	138	179	241	103	135	093	129	191	232	087	158	115	225	143	160	090	127	194	252	167	146	154	077	124	165	142	262	150	125	155	091	150	180	106	170	083	161	089	167	228	130	102	095	181	205	166	149
2107	1	089	138	181	253	103	145	103	141	195	238	087	162	115	229	143	160	090	142	194	252	177	152	154	083	132	183	142	262	150	125	159	091	150	180	110	172	089	165	089	167	238	130	104	101	181	205	168	151
2108	1	089	134	181	253	103	141	097	129	189	232	087	147	113	227	143	156	090	142	188	252	167	152	144	083	124	183	142	262	146	125	155	091	150	180	106	166	089	165	087	167	238	128	098	095	177	205	144	147
2108	1	089	138	187	269	103	141	103	149	189	238	089	158	115	229	145	158	090	142	190	252	175	152	160	083	132	183	142	262	150	129	157	091	150	180	110	172	095	167	091	167	238	130	104	103	181	211	168	149
2109	1	089	136	179	253	103	141	093	129	191	232	087	158	108	227	143	156	102	140	188	250	177	146	154	081	124	165	142	260	150	125	155	091	146	180	112	172	085	159	081	167	228	128	102	101	181	205	144	145
2109	1	091	136	181	253	103	141	103	149	191	238	087	160	115	227	143	158	102	140	194	252	177	152	154	081	124	183	148	262	150	129	155	091	150	184	112	172	089	161	087	167	238	132	102	101	191	205	158	149
2110	1	089	136	187	253	103	135	097	129	195	232	087	147	113	225	143	158	090	127	194	252	167	146	154	077	132	165	142	262	150	125	155	091	146	180	106	166	083	165	089	167	228	128	102	095	181	205	166	149
2110	1	089	138	187	269	103	145	103	141	195	238	087	158	115	227	143	160	102	127	194	252	177	152	160	083	132	183	142	262	150	125	157	091	150	180	110	172	089	173	089	167	228	130	104	101	181	207	168	149
2111	1	089	134	181	253	103	141	103	129	191	238	087	158	113	227	143	158	090	127	190	252	167	146	154	077	124	175	142	260	150	129	155	095	150	184	110	170	089	161	089	161	238	130	098	095	181	205	158	153
2111	1	091	136	181	269	103	141	103	129	191	238	089	162	115	229	143	158	090	146	194	252	173	152	160	083	132	175	142	262	150	129	155	095	150	196	112	172	089	165	089	167	238	130	104	103	181	205	166	153
2112	1	089	136	179	253	103	135	097	129	191	238	087	158	108	227	143	158	090	142	190	252	177	146	144	077	126	175	142	262	150	125	155	091	150	180	090	166	085	161	087	167	224	130	092	095	181	205	158	147
2112	1	091	138	181	253	103	141	103	149	191	238	089	162	108	229	143	158	090	142	194	252	177	152	154	083	132	183	150	262	150	125	155	091	150	196	106	172	085	161	091	167	238	132	102	101	181	215	166	151
2583	1	089	136	181	241	-9	135	093	129	189	232	089	147	108	227	143	158	090	142	190	252	167	146	144	083	124	179	138	260	140	129	155	091	148	180	110	166	085	165	087	167	236	130	098	095	181	205	158	149
2583	1	091	136	181	253	-9	141	103	129	195	238	089	158	113	229	143	158	090	146	194	252	177	152	154	083	124	183	142	262	146	129	155	095	150	180	112	166	089	173	089	167	238	130	102	101	191	211	166	149
2584	1	091	134	187	253	-9	-9	093	129	191	252	089	158	113	229	143	158	088	128	190	252	167	146	160	077	124	183	142	260	140	123	155	092	146	180	110	166	085	161	081	167	228	114	098	095	181	201	158	145
2584	1	091	136	187	269	-9	-9	103	129	191	252	089	162	115	229	143	160	102	142	194	252	173	152	160	083	124	183	142	262	150	125	155	095	150	180	112	172	089	161	087	167	238	130	102	095	191	215	158	152
2587	1	089	134	187	253	103	145	103	129	189	232	087	158	108	229	143	158	090	142	194	252	173	146	154	077	124	183	138	-9	150	125	155	091	150	180	112	172	089	161	087	167	228	128	102	101	181	201	158	149
2587	1	091	136	187	269	103	145	103	141	191	238	087	158	113	229	143	158	102	146	194	252	173	152	160	083	124	183	142	-9	150	129	159	095	150	184	112	172	089	173	089	167	238	128	104	101	181	205	158	153
2590	1	089	136	187	253	103	141	093	129	191	238	087	158	108	227	143	154	090	142	194	250	167	152	154	077	124	175	142	262	150	129	153	-9	150	180	110	170	085	161	089	161	224	114	092	095	181	201	166	149
2590	1	089	138	187	253	103	145	093	143	191	238	089	158	115	229	143	160	090	146	194	252	173	164	160	083	124	183	142	262	150	129	155	-9	150	184	112	172	085	165	089	167	228	114	104	103	191	205	166	151
2591	1	089	136	181	253	103	141	103	129	191	232	087	158	113	229	143	156	090	128	194	252	173	152	152	077	124	165	138	262	150	125	155	091	150	184	106	166	089	161	085	167	228	130	-9	-9	181	205	144	-9
2591	1	091	136	187	253	103	141	103	141	191	238	089	162	115	231	143	158	090	142	194	252	173	152	154	077	132	175	142	262	150	129	157	091	150	192	112	172	089	165	089	167	238	130	-9	-9	191	207	168	-9
315	10	089	138	187	247	103	145	097	129	191	232	087	149	115	225	143	156	090	127	188	252	173	146	154	083	124	183	142	256	150	129	155	091	146	180	108	166	085	165	081	161	238	130	098	099	181	205	142	145
315	10	089	138	191	253	103	147	097	129	191	238	087	162	115	229	143	158	090	140	190	252	175	152	154	083	124	183	142	262	150	129	159	092	150	180	112	170	091	173	089	167	238	134	104	103	183	215	162	153
565	10	089	134	179	239	103	135	091	129	189	238	087	160	113	229	143	156	090	140	194	252	163	152	144	077	124	175	148	260	146	125	155	092	146	184	112	174	089	161	081	167	228	114	104	101	177	205	144	143
565	10	089	140	181	253	103	145	097	145	189	238	091	162	115	231	143	158	090	142	194	252	167	158	156	081	124	183	148	262	150	129	155	092	150	198	112	178	089	173	085	167	236	130	104	103	181	211	158	145
566	10	089	136	179	241	103	141	093	129	189	238	087	161	115	227	143	158	090	148	188	252	167	-9	154	081	124	179	142	260	150	125	155	091	146	184	106	172	089	161	081	167	228	128	104	103	181	205	142	145
566	10	091	138	185	271	103	141	103	143	189	238	089	162	115	231	143	158	090	150	194	252	173	-9	154	083	132	179	148	262	150	129	159	092	146	192	112	178	089	173	081	167	228	130	104	103	191	205	142	145
567	10	089	134	179	253	103	141	097	129	189	238	087	161	115	229	143	156	090	142	194	246	163	-9	154	081	124	175	142	260	150	129	155	091	150	180	106	168	083	161	089	161	238	130	098	099	181	205	142	151
567	10	089	136	187	253	105	145	103	143	189	238	087	161	115	229	143	158	090	142	194	248	167	-9	154	083	132	175	148	260	150	131	155	095	150	180	112	172	085	167	091	167	238	130	104	101	191	211	144	153
877	10	089	136	179	247	103	145	085	129	189	232	089	154	115	227	143	158	090	127	188	252	173	146	154	081	124	165	142	260	140	125	155	091	150	180	106	168	083	173	085	167	228	130	092	095	191	207	142	149
877	10	091	136	179	269	103	145	089	129	191	238	089	162	115	229	143	158	090	142	188	252	177	166	160	083	124	183	148	262	146	125	157	094	150	184	112	170	089	173	089	167	240	130	092	103	191	211	168	149
878	10	089	138	179	269	103	135	089	143	189	238	087	162	113	231	143	154	090	140	194	252	159	146	144	083	124	183	142	258	140	125	153	095	150	192	106	176	081	161	089	167	228	128	104	099	191	211	142	145
878	10	089	138	187	269	103	135	103	149	191	238	087	162	113	231	143	154	090	142	194	254	173	158	158	083	132	183	148	262	146	129	155	095	150	196	112	178	083	169	091	167	238	130	104	103	191	211	158	153
879	10	089	134	179	253	103	135	091	143	191	238	087	158	113	229	143	158	088	127	194	246	177	158	144	081	124	179	142	260	140	125	155	091	150	180	106	170	089	161	081	165	228	118	092	099	179	205	142	149
879	10	089	134	181	253	103	141	091	149	191	238	089	158	115	229	145	160	102	140	194	250	177	162	154	083	132	183	148	262	146	129	157	092	150	192	110	172	089	173	081	167	228	128	104	101	181	207	158	151
880	10	089	136	187	253	103	145	097	129	189	238	087	158	108	229	143	160	088	127	188	252	159	146	154	081	124	183	142	262	146	129	155	091	150	180	112	170	089	161	085	161	240	130	104	099	191	205	158	145
880	10	091	140	187	253	103	145	103	143	191	250	089	160	113	229	145	160	090	140	194	252	173	158	154	081	132	183	142	262	150	131	155	092	150	180	112	172	089	165	091	167	240	132	104	099	191	205	158	153
881	10	089	132	175	245	103	135	097	141	189	232	087	158	108	229	143	158	090	148	188	252	175	146	154	081	124	165	142	260	140	123	155	092	148	180	090	170	083	168	087	167	228	132	102	095	181	205	164	149
881	10	089	138	181	269	103	145	103	141	191	238	087	158	113	229	143	158	102	150	188	252	177	152	156	083	124	183	142	262	150	131	159	095	150	196	108	170	083	173	087	167	228	134	104	101	181	205	168	149
882	10	089	136	179	247	103	135	093	129	189	232	087	154	115	231	143	156	090	140	194	252	173	152	158	081	124	175	142	262	146	127	155	092	146	180	110	170	081	161	087	161	228	128	096	101	181	205	142	149
882	10	089	138	187	253	105	145	103	143	195	238	089	162	115	231	143	158	100	148	194	252	175	162	160	083	124	183	148	262	148	131	155	095	146	184	112	172	089	173	089	167	238	130	102	101	191	205	158	151
883	10	089	134	179	249	103	141	097	129	189	238	087	162	115	229	143	156	090	127	194	246	173	158	154	083	122	175	142	260	150	127	155	091	150	180	106	172	081	161	085	167	238	130	102	101	183	205	142	149
883	10	093	136	179	253	105	145	103	143	191	238	087	170	115	233	143	158	100	150	194	252	177	162	154	083	124	183	150	262	150	129	157	091	150	184	112	176	089	161	089	167	238	130	102	103	191	211	156	151
884	10	091	132	179	253	103	141	093	129	191	232	087	147	115	227	143	158	088	142	190	252	173	152	144	083	124	175	142	260	150	129	155	092	150	180	112	170	081	161	089	167	228	128	104	101	181	201	142	145
884	10	091	138	187	253	103	145	103	133	191	238	089	158	115	229	143	158	102	150	194	252	173	166	154	085	124	175	150	260	150	131	157	092	154	180	112	172	089	165	091	167	238	134	104	103	191	207	142	153
885	10	089	134	179	253	105	135	093	129	189	238	087	147	113	229	143	156	090	140	194	252	177	152	154	081	124	165	142	260	146	125	155	091	146	184	108	170	089	165	085	167	228	118	092	101	181	205	158	153
885	10	089	138	185	269	105	141	103	143	189	238	087	160	113	231	143	160	100	140	194	252	177	166	156	083	132	183	142	262	150	129	157	092	150	184	112	170	089	165	089	167	238	130	104	103	181	205	168	153
886	10	089	136	175	241	103	145	093	129	191	238	087	160	113	225	143	154	090	138	188	252	173	146	154	081	124	181	142	262	150	123	151	092	150	180	106	172	089	161	085	167	238	130	104	095	179	205	144	145
886	10	091	136	181	253	105	145	097	129	195	254	087	162	115	233	143	156	090	140	194	252	177	152	156	083	124	183	148	262	150	125	157	092	150	180	112	174	089	173	091	167	238	132	104	095	191	211	166	145
887	10	089	136	175	253	103	145	093	129	189	238	087	147	115	227	143	158	090	140	194	250	173	146	144	081	122	165	142	260	140	123	159	091	146	190	106	172	089	161	087	167	228	132	102	095	181	205	144	151
887	10	089	138	187	271	103	145	103	143	195	238	087	162	115	229	143	158	090	146	194	252	175	146	156	083	124	175	150	262	150	127	159	092	150	192	112	174	089	173	091	167	238	134	102	101	191	211	144	153
888	10	089	136	179	253	103	145	085	129	189	232	087	147	108	229	143	156	090	127	188	246	175	152	154	083	124	175	142	262	146	125	155	091	146	180	110	166	085	165	089	161	238	130	102	101	181	205	142	145
888	10	093	136	187	253	103	145	089	143	189	252	089	162	113	231	143	158	090	148	188	252	177	162	154	083	124	183	148	262	150	129	155	092	150	180	112	170	089	165	091	167	238	134	104	101	181	215	168	151
889	10	089	136	179	253	103	141	083	143	189	238	087	158	108	229	143	156	090	138	194	252	167	146	154	081	124	165	142	260	140	123	151	091	146	180	110	172	089	161	085	167	228	118	104	099	181	211	162	149
889	10	091	138	181	269	103	145	089	149	195	252	087	158	115	229	143	158	102	146	200	252	175	152	156	083	124	183	150	262	140	129	155	092	150	184	112	176	089	173	089	167	240	130	104	103	181	211	164	151
890	10	091	136	187	253	103	145	097	129	191	238	087	158	108	229	143	156	090	140	188	252	159	146	154	081	120	165	142	260	146	129	155	092	146	184	110	170	083	173	081	161	228	130	102	099	181	205	142	153
890	10	091	140	187	253	105	145	105	129	191	238	089	170	115	229	143	160	090	146	194	252	163	162	154	083	132	183	148	262	150	129	159	095	150	192	112	172	085	173	085	165	236	130	104	103	181	205	158	153
891	10	091	136	175	247	103	135	093	129	189	232	087	162	115	229	143	158	088	138	188	252	167	158	154	081	132	165	142	260	150	125	153	095	150	184	106	170	081	161	089	167	228	114	104	095	181	201	158	149
891	10	093	136	187	253	103	145	103	141	189	238	089	162	115	229	143	158	090	140	194	252	167	162	156	083	132	183	150	262	150	129	155	095	150	198	106	172	083	165	089	167	238	132	104	101	191	211	158	149
892	10	089	134	187	241	103	141	093	129	189	232	087	147	113	225	143	154	090	140	194	252	159	152	154	081	124	175	142	260	150	125	155	091	148	180	112	170	089	155	085	161	228	114	098	095	191	205	142	145
892	10	093	138	187	241	103	145	097	129	195	238	087	170	115	229	143	158	090	148	194	252	167	152	154	081	124	183	148	262	152	129	155	094	150	192	112	174	089	173	091	167	236	130	104	103	191	211	142	153
893	10	089	136	187	253	102	145	097	129	189	232	087	160	115	227	143	158	090	127	194	252	167	152	144	081	132	181	142	260	146	129	153	091	150	184	108	170	089	161	085	167	228	130	102	095	181	207	168	145
893	10	089	138	191	253	103	145	097	129	191	238	089	162	115	229	143	158	102	140	194	252	177	152	160	083	132	183	150	262	150	129	159	092	150	196	108	174	089	161	091	177	236	130	102	101	191	207	168	149
341	11	089	134	181	241	103	135	093	129	189	248	087	154	113	227	143	154	088	142	188	252	159	152	154	081	124	165	142	256	140	127	157	092	146	180	108	172	085	155	081	167	228	130	096	101	181	205	142	145
341	11	089	136	187	271	103	141	097	143	191	252	091	160	115	231	143	160	090	148	194	252	167	152	156	081	132	179	142	256	150	129	159	092	148	192	112	178	089	173	091	167	240	130	098	103	191	207	168	149
343	11	089	134	181	253	103	141	093	129	189	238	087	158	108	225	143	158	090	127	194	244	163	142	154	083	124	165	142	260	150	123	155	092	146	180	106	168	083	165	087	167	238	128	098	095	181	205	142	145
343	11	089	136	187	269	104	141	103	129	191	252	087	160	109	229	143	158	090	127	200	252	177	152	156	083	132	179	142	262	150	125	157	092	150	184	108	172	089	173	091	167	240	130	104	103	191	205	168	149
914	11	089	134	181	253	103	145	093	129	189	232	087	158	108	229	143	158	090	127	190	252	167	146	154	081	132	165	142	260	150	129	155	091	146	184	106	170	085	161	089	161	228	128	102	103	181	205	142	149
914	11	091	138	181	253	103	145	097	129	191	238	089	160	115	229	143	158	090	150	194	252	167	152	154	083	132	165	142	262	152	129	157	091	150	192	112	172	089	173	089	167	238	130	104	103	181	205	166	149
916	11	089	136	179	241	103	141	091	143	191	238	089	161	113	225	143	158	090	140	194	252	175	146	154	083	124	175	142	260	146	125	155	091	150	184	112	170	089	161	089	167	228	130	096	101	179	205	158	151
916	11	089	136	181	241	103	145	097	149	195	252	089	162	115	231	145	158	102	142	194	252	175	152	154	085	124	181	142	262	150	129	155	092	150	192	112	170	095	165	091	167	238	132	102	101	181	211	164	153
924	11	089	138	179	247	103	135	083	129	189	238	091	158	115	227	143	156	090	140	194	252	173	146	154	083	124	165	142	260	150	129	155	091	146	192	106	170	089	165	085	161	238	118	104	101	181	215	142	149
924	11	089	138	187	253	103	145	103	129	191	252	091	162	115	229	143	158	090	146	200	252	173	150	154	085	132	175	148	262	150	129	159	092	146	198	106	172	089	173	089	167	240	130	104	101	181	215	158	153
938	11	089	134	181	253	103	141	089	129	189	238	087	149	115	227	143	158	088	140	190	252	165	146	154	081	124	183	142	262	140	123	155	091	146	184	090	170	085	161	089	161	228	128	104	099	181	211	142	151
938	11	091	138	181	253	103	141	093	149	191	238	087	162	115	229	143	160	090	142	200	252	177	152	154	083	132	183	142	262	148	127	157	095	148	192	112	172	089	173	089	167	228	130	104	101	191	215	158	153
939	11	089	134	179	241	103	141	093	129	189	238	087	160	113	229	143	156	102	146	194	252	173	146	154	077	124	175	142	260	150	129	157	091	150	192	106	172	089	161	085	167	228	118	102	095	181	201	142	149
939	11	091	138	187	253	103	141	103	129	189	238	087	162	115	229	143	160	102	148	200	252	177	152	160	083	124	183	150	262	150	129	159	092	150	192	110	174	089	173	089	167	240	130	104	101	191	205	158	153
940	11	091	138	179	253	103	135	091	129	189	238	087	158	108	229	143	158	090	127	194	246	173	146	144	081	124	183	142	260	150	127	155	091	150	180	112	172	081	161	089	161	228	130	098	103	181	205	142	149
940	11	091	138	181	253	105	141	103	143	189	238	087	162	113	229	147	158	090	140	200	252	177	152	154	081	132	183	150	262	152	129	159	092	150	184	112	174	083	165	089	161	238	132	102	103	191	211	142	149
941	11	091	134	179	241	103	135	089	129	189	238	087	160	113	225	143	158	090	148	194	252	177	152	154	081	122	165	142	260	140	127	153	092	150	180	106	172	089	161	085	167	228	130	104	101	181	205	142	-9
941	11	091	138	187	269	103	141	093	129	189	238	087	160	113	229	143	160	102	148	200	252	177	152	160	083	124	175	150	262	150	129	159	092	150	192	112	172	089	173	087	167	236	130	104	103	191	211	158	-9
942	11	089	132	179	253	103	135	083	143	189	232	087	143	113	231	143	158	090	127	188	250	175	146	154	081	124	175	142	260	146	123	155	091	146	180	106	172	089	159	081	161	228	128	102	095	181	205	142	145
942	11	091	138	179	253	104	141	097	149	191	238	087	162	113	233	143	158	102	150	200	252	177	150	156	083	132	175	150	262	150	129	155	092	150	192	106	176	089	167	089	167	238	130	102	095	181	211	166	149
943	11	089	132	179	241	103	135	103	129	189	238	087	158	108	227	143	154	090	127	188	252	173	150	154	083	124	165	142	260	146	123	155	091	150	180	108	172	089	165	081	167	228	130	092	103	181	205	142	149
943	11	093	140	181	253	103	145	103	133	195	238	089	158	113	227	143	158	102	142	190	252	173	162	154	083	136	183	148	260	150	129	155	092	150	184	112	176	089	165	091	167	228	134	102	103	181	207	142	151
944	11	089	136	175	241	103	141	093	129	189	232	087	160	115	225	143	158	090	127	188	252	173	146	154	077	124	179	142	260	150	125	155	091	150	180	106	170	081	161	085	167	228	128	102	095	181	207	142	145
944	11	091	138	179	253	103	145	093	129	189	238	089	162	115	227	143	158	090	146	200	254	173	152	154	081	124	183	148	262	150	129	159	092	150	190	110	174	081	169	089	167	238	128	104	099	181	211	144	149
945	11	089	134	179	241	103	145	091	129	189	238	087	149	113	229	143	156	090	127	190	246	173	152	144	081	124	165	142	260	150	129	155	091	146	180	112	172	089	165	089	161	238	130	098	099	181	205	142	149
945	11	091	138	181	253	103	145	103	143	189	238	087	162	115	229	143	158	090	148	194	252	177	152	154	083	132	165	142	260	150	129	159	091	146	184	112	174	089	165	089	167	238	132	104	101	193	207	142	153
946	11	089	138	179	241	103	145	093	129	191	238	087	160	108	229	143	158	102	140	190	246	167	152	154	081	120	179	142	256	146	125	155	091	146	180	108	168	085	165	085	161	228	130	104	095	181	205	142	147
946	11	091	138	187	253	103	145	103	143	191	252	089	162	115	229	143	158	102	146	194	252	173	152	154	081	122	179	150	262	150	129	155	095	146	180	110	174	089	165	091	167	238	132	104	099	181	215	162	151
947	11	089	134	185	253	103	145	097	129	189	232	087	160	108	229	133	156	088	140	188	252	167	146	154	081	132	165	142	260	146	125	153	092	146	180	106	170	081	165	089	161	238	128	102	101	181	205	142	151
947	11	091	138	187	269	103	145	103	129	189	232	087	160	115	231	143	156	090	140	188	252	177	164	154	083	132	175	142	262	148	129	153	092	150	184	112	172	083	169	091	167	240	130	102	103	181	205	164	153
951	11	089	134	181	241	103	141	083	129	189	232	087	161	108	229	143	154	090	140	188	252	173	146	144	083	122	165	142	260	140	125	153	092	146	184	106	170	085	161	089	161	238	130	104	099	181	205	144	149
951	11	091	136	181	247	103	145	097	149	191	238	089	170	115	229	147	158	090	148	194	252	177	152	154	083	124	175	148	262	148	127	155	094	150	196	112	174	089	173	089	161	240	134	104	103	181	205	168	151
952	11	089	134	187	253	103	145	093	143	189	232	087	158	108	225	143	156	090	140	194	252	163	146	154	081	124	183	142	262	146	121	151	091	146	180	106	170	081	161	085	167	228	128	104	103	181	201	142	149
952	11	091	134	191	269	103	145	103	143	191	236	087	160	115	229	143	158	090	148	194	252	167	152	154	083	132	183	142	262	150	125	157	091	150	192	112	172	089	173	089	167	240	130	104	103	191	205	166	151
953	11	091	134	187	253	103	135	089	129	189	238	087	158	113	229	143	158	090	142	194	252	173	152	154	083	122	175	142	256	140	129	157	091	146	180	106	172	089	161	087	167	228	128	102	101	181	205	142	151
953	11	091	138	187	269	103	147	089	129	189	238	087	160	113	229	143	160	102	148	200	252	177	152	160	083	124	183	142	260	150	131	159	091	150	180	110	174	089	173	089	167	236	130	104	103	191	211	158	151
954	11	089	138	179	253	103	141	093	129	189	238	087	160	113	227	143	158	102	127	194	252	175	146	154	083	124	175	142	260	140	129	155	092	150	180	106	172	089	165	087	161	228	130	102	101	181	205	142	153
954	11	091	140	187	253	105	145	093	143	189	238	087	162	115	229	143	158	102	146	194	252	175	152	154	083	132	179	142	262	150	131	155	095	150	192	108	172	095	165	091	167	240	130	102	103	191	215	158	153
955	11	089	134	175	247	103	145	093	129	189	232	087	158	115	229	143	154	090	127	188	252	173	146	144	081	124	175	142	260	148	127	155	094	150	184	106	170	089	161	087	161	238	130	104	099	181	211	142	149
955	11	091	142	187	253	103	145	103	143	189	252	087	162	115	229	145	156	100	142	188	252	175	152	156	083	132	183	148	262	150	129	157	094	150	192	106	172	089	173	089	167	240	134	104	101	181	215	166	153
961	11	089	136	175	247	103	145	-9	129	189	238	087	158	113	229	143	156	090	142	194	252	167	152	156	081	124	165	142	262	146	123	155	091	146	180	106	170	085	161	089	167	228	130	092	101	181	205	142	-9
961	11	091	136	179	253	103	145	-9	143	189	238	087	162	115	229	143	156	090	142	194	252	173	152	156	083	124	165	142	262	150	129	155	095	150	180	112	174	089	165	091	167	228	130	092	101	191	211	170	-9
974	11	091	136	179	253	102	145	103	129	189	238	089	160	108	225	143	156	090	127	188	252	167	146	154	081	122	175	142	262	146	129	155	095	146	180	090	172	085	161	085	167	228	118	102	095	191	205	142	145
974	11	091	138	187	253	103	145	103	129	189	238	089	162	115	227	145	158	102	127	200	252	177	152	156	085	132	183	148	262	146	129	157	095	150	192	106	172	089	173	089	167	238	130	104	095	191	205	142	149
975	11	091	134	175	253	103	141	083	129	189	232	087	143	113	229	-9	160	090	127	194	252	173	146	154	077	124	181	142	260	150	123	159	092	146	184	106	174	085	161	089	167	228	128	092	101	181	205	144	-9
975	11	091	136	179	253	103	145	093	143	195	232	087	170	115	229	-9	160	090	127	194	252	175	158	154	081	132	183	142	262	150	125	159	094	150	196	112	176	085	173	091	167	238	130	104	103	181	215	158	-9
980	11	089	134	181	247	103	135	089	129	189	232	087	158	113	229	143	158	090	140	194	252	165	146	144	083	124	165	142	260	140	123	155	091	150	180	106	170	089	161	089	167	236	130	104	095	181	205	166	145
980	11	091	138	187	253	105	141	103	143	189	238	087	158	115	229	143	158	102	150	194	252	177	158	154	083	124	175	142	262	146	125	159	091	154	184	106	174	089	165	089	167	238	132	104	101	181	207	168	151
981	11	089	136	181	269	103	141	089	129	189	232	087	158	108	229	143	158	090	148	194	252	165	152	154	081	132	175	142	262	146	125	155	091	146	184	108	168	085	161	081	161	228	128	096	095	181	211	142	149
981	11	091	138	187	271	103	145	097	149	191	238	091	170	115	229	145	160	090	148	200	252	177	158	154	085	132	183	150	262	150	125	155	095	146	192	112	172	089	169	089	167	236	130	102	101	181	211	158	151
982	11	089	138	181	253	103	135	083	141	189	238	087	158	115	227	143	156	090	142	194	252	173	146	154	081	132	175	142	260	150	125	155	091	150	196	106	174	089	173	089	167	228	128	096	095	177	205	166	149
982	11	089	138	187	269	105	135	085	143	191	238	087	161	115	229	145	158	102	142	194	252	177	152	154	083	132	179	150	262	150	129	159	092	154	196	112	174	089	173	089	167	238	128	104	103	181	207	166	149
984	11	089	134	181	253	103	141	093	129	189	232	087	161	108	227	143	158	088	140	200	250	163	152	156	081	124	179	142	260	146	129	155	091	146	180	106	174	089	161	089	161	228	118	098	101	179	201	168	145
984	11	091	138	187	253	103	145	103	129	189	238	087	162	113	229	143	158	090	142	200	252	167	152	160	083	124	183	142	262	150	129	157	095	150	196	110	176	089	177	089	167	238	130	104	103	181	215	168	147
985	11	089	138	179	253	103	145	103	129	189	232	087	158	108	231	143	156	090	127	190	252	167	152	154	083	124	165	142	256	140	125	155	092	148	180	108	170	083	155	085	161	238	130	092	095	191	205	142	151
985	11	091	138	181	253	103	145	103	149	191	238	087	162	113	231	147	158	090	148	194	252	167	152	160	083	124	175	148	260	146	129	157	095	150	196	110	178	089	173	087	161	238	130	104	103	191	211	164	153
2578	11	089	138	181	253	103	135	093	129	191	238	087	143	113	229	143	154	088	142	194	252	173	142	154	081	122	183	142	262	150	123	155	091	150	180	106	172	085	165	089	-9	228	118	104	103	177	205	142	-9
2578	11	091	138	187	253	104	135	105	143	191	238	087	143	115	229	143	158	090	146	194	252	173	142	154	081	132	183	142	262	150	125	155	092	150	192	112	174	089	165	089	-9	240	128	104	103	181	211	142	-9
2580	11	089	134	187	253	103	145	093	129	191	238	087	162	113	227	143	154	090	128	190	252	167	152	154	081	124	175	142	256	148	125	155	092	150	196	108	170	085	165	089	167	228	130	098	099	181	205	142	-9
2580	11	091	136	187	253	104	145	103	143	195	238	089	162	115	233	143	158	090	140	194	252	167	166	154	081	132	183	148	260	150	129	157	095	154	198	110	174	085	169	091	167	240	130	098	103	191	211	158	-9
328	12	089	136	179	241	103	141	093	129	191	238	087	160	113	227	143	156	090	127	188	246	173	152	144	083	124	183	138	262	146	125	155	091	146	180	106	170	085	161	085	161	228	128	098	095	181	205	142	145
328	12	089	138	181	269	103	145	097	129	191	252	091	162	115	231	145	158	090	127	190	252	177	166	160	083	124	183	148	262	146	129	159	091	154	196	112	172	089	165	089	167	238	130	104	101	181	211	144	151
333	12	089	138	175	247	103	141	083	129	189	232	087	158	115	229	143	158	090	127	194	252	173	152	144	083	124	165	142	260	150	129	155	092	146	192	108	166	083	165	089	167	228	128	102	101	177	205	166	149
333	12	091	142	187	269	103	145	093	149	195	232	087	160	115	229	143	158	090	140	200	252	175	152	154	083	124	175	142	260	150	129	157	092	150	192	112	174	089	173	089	167	238	132	104	103	181	207	166	153
918	12	089	138	179	253	103	145	089	129	191	232	087	160	113	229	143	156	090	127	194	252	173	152	144	081	124	165	142	262	140	129	155	091	150	180	106	170	085	165	085	167	228	118	104	095	181	205	142	149
918	12	091	138	187	253	103	145	097	129	195	238	089	162	115	233	143	158	090	127	194	254	173	156	154	083	132	183	142	262	146	129	157	092	150	184	106	172	095	173	091	167	238	128	104	103	191	205	166	153
919	12	089	134	179	253	103	141	093	129	189	238	087	162	115	227	143	156	090	127	194	252	175	152	154	081	122	175	142	260	146	123	155	091	146	180	106	166	083	169	085	161	228	128	102	103	181	205	166	149
919	12	091	134	181	253	103	145	093	143	191	238	089	162	115	233	145	158	102	150	200	252	177	152	154	083	132	183	142	260	150	129	155	092	150	184	110	174	095	173	089	165	238	130	102	103	181	205	166	151
920	12	089	134	181	253	103	135	093	129	191	232	087	150	113	227	143	156	090	138	188	250	173	146	154	081	124	165	142	260	140	129	155	091	146	184	112	170	085	165	085	167	228	128	092	101	181	205	142	149
920	12	089	138	181	269	103	145	097	129	195	238	089	160	115	229	145	160	102	140	194	252	173	152	160	083	124	183	150	260	150	129	159	091	150	196	112	172	089	175	089	167	228	132	102	103	181	205	142	153
921	12	091	136	181	247	103	141	097	143	189	238	087	162	113	229	143	158	088	140	190	252	173	152	154	081	124	175	142	260	148	129	157	091	150	184	112	172	089	161	085	167	228	114	098	101	181	205	142	151
921	12	091	140	187	271	103	145	103	143	195	238	087	162	115	229	143	160	090	146	194	254	177	166	158	081	124	175	150	262	150	129	159	095	150	192	112	176	089	173	089	167	228	130	104	101	191	211	168	153
922	12	089	136	181	241	103	135	093	129	189	238	087	160	115	227	143	158	090	146	188	252	173	152	154	081	124	179	142	260	140	123	159	092	146	184	106	166	089	161	089	167	228	130	102	095	177	205	142	151
922	12	089	140	187	253	103	145	103	129	191	238	089	161	115	229	147	158	102	150	190	252	177	152	154	083	132	183	142	262	150	125	159	092	150	190	112	172	089	173	089	167	238	134	104	103	181	207	142	153
926	12	089	138	175	241	103	145	089	129	189	238	087	158	115	227	143	156	090	148	188	252	173	146	154	083	124	175	142	260	140	129	157	091	146	184	106	172	089	161	081	167	228	128	092	101	181	205	142	153
926	12	099	138	181	253	103	145	103	129	195	238	087	162	115	227	145	160	090	150	194	252	177	146	160	083	124	183	150	264	146	129	159	091	150	184	112	172	089	175	089	167	238	132	104	103	181	205	166	153
927	12	089	138	175	253	103	135	093	129	189	238	087	147	108	225	143	158	090	127	194	252	173	146	144	077	122	165	142	260	140	123	153	091	150	184	106	172	089	161	089	167	236	130	104	095	181	205	142	149
927	12	089	142	179	253	103	141	103	129	189	252	087	160	115	227	143	158	102	148	200	252	173	152	154	081	122	175	150	260	150	129	159	092	150	192	112	172	089	161	089	167	238	130	104	103	181	205	142	153
928	12	089	134	175	253	103	141	089	129	189	238	087	161	108	225	143	158	102	142	188	252	167	152	144	081	122	175	142	260	150	129	155	091	150	180	110	170	085	165	089	165	228	128	104	095	181	205	144	149
928	12	091	138	187	269	103	145	093	141	191	238	087	162	115	227	143	160	102	146	194	254	173	152	154	081	132	183	150	260	150	131	159	092	150	196	112	174	089	173	089	167	228	134	104	101	191	207	166	149
929	12	091	134	175	253	103	135	093	129	191	232	087	161	113	227	143	158	090	127	194	252	167	146	154	081	124	179	142	262	140	123	155	091	146	180	106	166	089	161	081	161	228	130	104	101	181	205	142	153
929	12	099	138	181	253	103	141	103	129	191	238	087	162	115	227	143	158	090	142	200	252	177	146	154	081	132	183	142	262	150	129	155	095	150	184	112	170	089	161	089	167	228	134	104	101	191	215	158	153
930	12	091	136	181	253	103	135	083	129	189	238	087	158	113	229	143	158	090	127	190	246	173	146	154	081	124	165	142	262	146	125	155	091	146	180	112	172	089	161	089	167	228	128	102	095	181	201	142	145
930	12	091	142	187	253	103	145	089	143	191	238	087	160	115	229	143	160	090	140	194	252	173	152	154	083	124	183	150	262	146	129	157	092	152	180	112	178	089	165	091	167	238	134	104	103	181	211	166	149
932	12	089	134	179	253	103	141	089	129	189	238	087	149	113	229	143	158	088	140	190	246	165	152	160	083	124	165	142	260	146	129	155	092	148	192	112	166	089	161	081	161	224	130	102	099	181	205	142	149
932	12	089	134	185	253	103	141	093	143	191	238	087	162	115	229	143	160	090	146	200	250	177	152	160	083	124	183	150	260	152	129	157	095	148	192	112	174	089	173	089	167	228	134	104	099	181	205	142	151
933	12	089	134	181	253	103	141	103	131	191	238	087	160	113	225	143	156	090	140	194	250	163	146	154	083	132	175	142	260	140	129	155	091	146	184	106	166	089	161	085	167	228	128	102	101	181	205	142	153
933	12	089	134	191	253	103	145	103	149	191	238	087	160	113	229	145	158	090	150	194	252	173	146	160	085	132	183	150	260	150	129	155	092	150	184	112	170	089	173	089	167	238	132	104	103	181	211	166	153
949	12	089	134	179	253	103	141	089	129	189	238	087	149	115	229	143	158	088	140	190	246	165	146	154	083	124	165	142	260	146	127	155	095	148	180	090	172	085	161	081	167	224	128	102	099	181	205	142	149
949	12	089	134	181	269	103	141	097	149	191	238	087	160	115	229	143	160	102	140	200	252	177	152	160	083	124	183	150	262	148	129	157	095	150	192	112	174	089	173	089	167	228	130	104	099	191	211	142	151
950	12	089	138	175	247	103	141	103	129	191	238	087	158	108	225	143	156	090	127	190	252	173	162	144	077	124	175	142	256	140	129	155	091	146	184	106	172	089	161	081	167	228	130	104	099	181	205	142	149
950	12	091	142	187	253	103	145	103	129	195	238	087	162	113	229	143	160	090	140	194	252	177	166	154	081	132	175	148	260	140	129	157	095	150	192	112	178	089	161	089	167	240	130	104	103	181	207	142	153
964	12	089	134	181	241	103	141	-9	129	189	238	087	160	113	227	143	158	090	127	194	252	167	146	144	081	124	165	142	262	140	123	153	-9	146	180	110	166	083	161	081	167	228	128	104	101	181	201	142	153
964	12	091	138	187	253	103	141	-9	129	189	238	087	162	113	227	145	158	090	140	200	252	173	152	154	081	132	179	142	262	146	127	155	-9	146	184	112	172	089	165	089	167	228	130	104	103	181	215	158	153
986	12	089	134	175	253	103	141	097	129	191	238	087	149	113	229	143	158	090	127	190	250	173	146	154	083	124	165	142	256	146	123	155	091	150	180	110	166	089	165	085	161	238	130	102	095	181	205	142	149
986	12	091	138	179	253	104	141	103	129	191	238	087	158	115	229	143	160	102	150	194	252	177	146	154	085	124	175	142	262	150	127	155	092	150	184	112	170	089	169	089	167	240	132	104	103	181	211	166	149
987	12	089	134	179	253	103	135	093	129	189	238	087	160	113	229	143	158	090	127	188	252	167	146	144	077	124	165	142	262	146	123	155	091	146	196	108	170	089	161	081	165	228	130	092	101	181	207	142	153
987	12	091	136	181	269	103	145	103	143	191	238	089	161	115	229	143	158	102	146	194	252	173	152	154	081	132	165	150	262	150	125	157	091	150	198	110	174	089	173	089	167	236	132	102	103	181	215	166	153
1001	12	089	134	179	241	103	141	093	129	191	238	087	158	113	227	143	158	090	127	190	-9	173	-9	144	081	124	165	142	262	150	123	155	091	150	180	106	172	081	161	081	161	228	128	098	095	181	205	142	153
1001	12	089	138	181	253	103	145	093	129	195	238	087	160	115	229	143	158	090	150	194	-9	173	-9	154	081	132	183	142	262	150	129	159	092	150	180	110	174	089	175	089	167	228	130	104	099	193	207	162	153
1002	12	089	134	181	253	103	145	091	129	191	238	087	160	113	227	143	158	090	127	190	252	167	-9	144	077	122	183	142	256	146	123	155	091	146	180	106	172	089	165	085	161	240	118	096	103	181	-9	166	151
1002	12	091	138	187	253	103	145	093	143	195	238	087	162	115	229	143	158	090	140	194	254	173	-9	144	083	132	183	142	260	150	129	155	091	146	184	106	172	095	169	089	165	240	132	098	103	193	-9	166	153
1003	12	089	138	179	253	103	141	097	143	189	232	087	162	113	225	143	158	090	146	188	252	177	146	154	081	124	175	142	260	150	123	155	091	146	180	106	166	083	159	089	167	228	128	102	095	181	-9	142	149
1003	12	099	138	181	253	103	141	103	149	195	252	087	162	115	233	145	158	100	150	194	254	177	146	154	081	124	183	142	262	152	129	155	091	150	184	112	172	089	165	091	167	238	130	104	095	191	-9	144	149
1004	12	089	138	179	253	103	135	085	129	189	238	087	158	113	229	143	156	090	127	194	250	173	152	144	083	124	175	142	260	146	129	153	091	146	184	106	172	089	173	085	167	228	132	102	095	181	205	142	149
1004	12	091	138	185	269	103	145	097	143	191	252	087	161	115	229	147	158	102	140	194	252	175	152	154	085	124	183	148	260	150	129	159	092	150	184	112	186	089	173	089	167	228	132	104	103	181	205	142	153
1005	12	089	134	181	253	103	135	093	129	191	238	087	160	113	227	143	158	090	138	188	252	173	152	154	077	132	165	142	260	150	123	155	091	146	184	106	170	089	161	089	167	228	118	102	101	181	205	142	145
1005	12	093	138	185	269	103	145	103	129	195	238	087	162	115	229	143	158	090	138	194	252	177	152	154	083	132	175	150	262	150	125	159	095	146	196	112	172	095	169	089	167	238	130	104	103	191	205	166	153
1010	12	089	142	175	253	103	145	103	129	191	238	087	160	113	227	143	158	090	127	190	246	167	146	144	083	122	165	142	260	150	129	155	091	146	180	106	166	089	169	089	167	236	128	104	095	181	207	142	149
1010	12	089	142	181	253	103	145	103	129	195	238	087	162	115	227	143	158	090	148	194	254	177	152	154	085	124	175	142	262	150	129	155	092	150	196	112	172	089	175	089	167	238	132	104	095	181	215	166	151
321	13	089	136	179	241	103	141	103	129	189	238	087	162	115	227	143	152	102	127	194	252	167	146	144	077	124	179	142	260	146	123	157	091	150	192	110	174	089	173	087	167	238	118	092	095	181	201	142	145
321	13	091	138	179	253	103	145	103	149	189	238	087	162	115	229	143	156	102	146	194	252	173	146	154	081	132	183	150	260	150	129	157	091	150	192	110	174	089	173	089	167	240	118	102	095	191	207	158	153
338	13	089	134	179	253	103	145	093	129	189	238	087	158	113	229	143	158	090	127	188	252	173	152	144	081	124	165	142	260	150	123	155	091	150	180	106	172	089	165	089	161	228	128	098	099	181	205	162	149
338	13	091	140	181	253	103	145	103	129	195	238	087	162	115	229	143	158	090	127	190	254	173	152	144	083	132	183	142	262	152	129	159	091	150	184	108	172	089	175	089	167	240	128	104	103	193	207	166	153
339	13	089	134	181	253	103	135	093	129	189	238	087	158	113	227	143	156	090	127	188	244	173	146	154	081	124	165	138	260	140	127	155	091	150	184	106	172	083	161	085	165	228	118	104	095	191	205	142	149
339	13	091	142	187	253	103	141	103	129	195	238	087	160	113	227	143	156	090	150	194	252	173	152	160	085	124	183	138	260	150	129	157	092	150	192	112	172	083	161	085	167	240	130	104	103	191	205	166	151
363	13	089	134	179	247	103	135	093	129	195	238	087	160	115	225	143	158	088	146	188	252	173	146	156	081	124	165	142	260	146	129	155	091	150	180	090	168	085	173	089	167	228	130	098	101	191	211	142	149
363	13	091	138	187	271	103	141	103	143	195	238	087	162	115	229	143	160	090	148	194	252	177	166	158	081	132	175	150	262	150	129	157	095	152	180	106	172	089	173	091	167	238	134	104	103	191	211	142	149
915	13	089	138	181	241	103	145	083	129	195	238	087	158	115	227	143	156	090	127	188	252	173	146	154	083	124	175	142	262	146	123	153	091	146	180	106	166	089	161	089	167	228	128	102	101	181	205	142	145
915	13	091	142	187	269	103	145	093	129	195	252	087	160	115	229	143	158	090	140	194	252	173	152	160	083	132	175	148	262	150	129	155	091	150	196	112	174	089	173	089	167	238	130	104	103	191	207	166	153
917	13	089	140	181	269	103	135	103	129	189	238	087	158	108	225	143	158	090	127	190	252	173	152	154	081	124	175	142	256	140	123	157	091	150	184	106	172	089	169	089	167	228	130	092	101	181	205	142	149
917	13	091	142	181	269	103	145	103	129	195	238	087	162	113	229	147	160	104	150	194	252	177	152	154	083	132	175	142	264	146	129	159	092	150	192	112	172	089	173	091	167	238	130	102	101	191	211	158	153
923	13	089	136	179	253	103	135	085	129	191	238	087	160	115	229	143	158	090	127	188	246	173	152	154	077	124	165	142	260	148	125	155	091	150	180	106	170	085	169	081	167	236	130	102	099	181	205	142	153
923	13	091	142	187	269	103	145	097	149	195	238	089	161	115	233	145	160	090	127	194	254	175	166	154	081	132	165	150	260	150	129	155	095	150	184	108	172	089	173	085	167	238	134	104	103	181	207	166	153
925	13	089	134	181	241	103	135	097	129	189	238	087	158	108	227	143	156	090	140	188	250	173	152	154	081	124	175	142	260	140	123	159	091	146	184	106	172	085	169	085	167	228	130	102	103	181	205	142	149
925	13	093	138	185	269	103	145	103	143	191	238	087	158	115	229	143	156	090	142	190	252	173	152	160	085	124	183	142	262	150	129	159	092	150	184	106	186	089	173	085	167	228	132	102	103	181	205	142	151
931	13	089	134	179	253	103	141	103	141	195	238	087	162	113	227	143	158	102	138	188	252	163	152	154	081	124	175	142	256	146	129	153	091	146	180	108	168	089	161	081	161	228	130	102	095	181	205	142	145
931	13	091	142	179	269	104	145	103	143	195	238	087	162	113	229	143	158	102	140	194	252	177	152	154	081	124	183	142	260	146	129	159	094	150	180	112	172	089	165	081	167	238	132	104	103	181	205	142	149
935	13	089	134	175	253	103	145	103	129	189	238	087	160	113	227	143	158	090	127	190	246	173	142	144	083	132	165	142	260	150	123	155	091	150	184	106	170	089	165	089	161	228	128	102	101	181	207	142	149
935	13	091	138	181	253	103	145	103	143	195	238	091	162	115	229	143	158	090	127	190	252	177	152	144	083	132	183	148	262	150	123	157	092	150	192	112	174	095	173	089	167	238	130	104	101	181	211	168	153
936	13	091	138	181	247	103	145	089	129	189	238	087	160	113	227	143	158	090	140	194	252	173	146	154	081	132	179	142	260	146	129	155	092	146	196	108	170	083	173	087	167	238	128	102	099	181	205	142	149
936	13	091	138	185	253	103	145	103	149	195	238	087	161	115	229	143	158	090	150	194	252	177	152	154	083	132	183	142	262	150	129	157	092	150	196	112	172	085	173	089	167	240	130	104	103	191	205	142	153
937	13	091	138	179	253	103	135	089	129	189	238	087	159	113	227	143	158	090	140	190	252	167	152	154	081	124	175	142	260	146	129	157	091	146	196	106	170	089	169	085	167	228	130	102	101	181	205	158	149
937	13	091	142	185	269	104	145	103	149	189	238	087	159	115	229	143	158	102	146	194	252	173	152	154	081	132	179	142	262	150	129	159	092	150	196	112	186	089	173	089	167	238	132	104	103	191	207	164	151
948	13	089	134	179	253	103	145	085	129	191	232	087	149	113	229	143	158	090	140	188	252	173	152	144	083	122	175	142	262	146	129	153	091	146	192	106	170	085	165	085	167	228	130	098	101	181	207	142	145
948	13	091	138	187	269	103	145	097	129	195	238	087	161	115	229	147	158	090	140	190	252	177	152	156	083	124	183	148	262	150	129	153	091	150	196	112	172	089	173	085	167	240	132	102	101	181	211	164	153
956	13	089	138	179	241	103	145	097	129	191	232	087	147	108	227	143	158	102	127	194	252	173	152	154	077	124	175	142	262	146	129	157	092	150	184	108	170	089	165	089	167	228	130	092	101	181	205	142	149
956	13	091	138	181	269	103	145	103	129	195	238	091	161	113	229	147	158	102	150	194	252	173	152	154	081	124	183	142	264	150	129	159	092	150	184	112	172	089	173	089	167	228	132	104	101	181	211	158	153
957	13	091	134	187	241	103	145	089	129	189	238	087	158	108	227	143	158	090	127	194	252	167	146	154	077	124	165	142	256	146	129	157	092	146	180	106	170	083	165	089	167	228	130	104	103	181	201	142	149
957	13	091	138	187	269	103	145	093	129	189	238	087	161	113	229	143	160	102	140	200	252	173	152	160	081	124	175	150	262	150	129	159	095	150	190	108	174	089	169	091	167	240	132	104	103	191	207	142	151
967	13	089	134	179	253	103	145	089	129	189	238	087	162	113	227	143	158	090	140	194	252	173	146	144	081	124	165	142	260	140	123	155	091	150	180	106	174	083	165	089	161	238	130	102	103	177	201	142	153
967	13	089	138	185	269	103	145	093	129	189	238	089	170	115	229	143	160	090	146	200	254	177	152	144	085	124	175	148	260	150	129	157	095	150	190	112	174	089	169	091	167	238	132	102	103	181	205	168	153
968	13	091	134	185	253	103	135	093	143	191	232	087	160	113	227	145	156	090	142	188	252	167	146	-9	083	132	175	142	260	146	123	155	091	150	180	108	178	089	161	081	167	228	130	092	101	191	205	142	151
968	13	093	138	187	269	103	145	103	143	191	238	087	170	115	227	147	160	090	150	194	252	177	158	-9	083	132	183	142	260	146	129	159	092	150	180	112	178	089	169	089	167	228	132	104	103	191	205	142	151
969	13	089	138	181	241	103	141	093	143	191	232	087	160	113	227	143	158	090	140	194	252	173	146	154	081	132	175	142	260	140	129	155	092	146	180	106	166	085	165	089	167	228	130	104	101	181	205	-9	149
969	13	089	138	185	253	103	141	103	143	195	232	089	170	115	229	147	158	102	150	194	252	177	158	160	083	132	175	142	262	150	131	159	095	150	180	112	172	095	173	089	167	228	134	104	101	193	205	-9	149
970	13	089	136	185	253	103	141	103	143	189	238	087	162	113	225	143	154	100	140	194	252	167	150	154	081	124	165	142	262	140	127	155	-9	150	192	106	170	089	169	085	167	228	128	102	095	181	205	142	149
970	13	091	142	187	253	103	141	103	143	189	238	087	170	115	229	143	156	102	148	200	252	177	152	154	083	124	175	148	262	150	129	159	-9	150	196	112	172	089	173	089	167	238	128	104	103	191	205	142	151
971	13	089	134	175	269	103	141	093	143	191	232	087	149	115	229	143	156	090	140	188	252	173	152	154	081	122	175	142	260	140	123	-9	092	150	180	106	166	085	161	089	167	228	130	104	095	181	207	142	-9
971	13	091	138	179	269	103	141	093	143	195	238	087	149	115	229	143	156	090	142	194	254	173	152	154	081	132	183	142	260	146	129	-9	095	152	180	112	174	089	161	089	167	228	130	104	101	181	207	142	-9
972	13	089	138	175	253	103	145	103	129	189	232	087	158	113	227	143	152	090	127	194	252	173	152	144	081	122	165	142	260	148	129	155	091	150	180	108	168	085	165	089	167	228	118	102	103	181	205	162	149
972	13	091	138	181	269	103	145	103	129	195	238	087	160	115	229	143	158	090	150	194	252	177	152	144	085	124	165	142	266	150	129	155	091	150	180	112	172	089	165	089	167	238	130	102	103	181	215	166	151
973	13	089	132	175	249	103	141	097	129	191	232	087	160	113	227	143	158	090	140	188	246	167	152	144	083	132	165	142	260	146	125	153	091	146	180	108	172	085	165	089	161	232	130	092	103	181	205	142	149
973	13	091	134	179	253	104	147	103	129	191	238	087	160	115	229	145	160	090	140	194	252	175	152	154	083	132	165	142	262	146	127	155	092	150	192	108	172	089	173	091	167	238	132	104	103	191	207	168	151
978	13	091	138	181	241	103	135	097	129	189	238	087	158	113	225	143	156	090	142	188	250	173	152	144	081	124	175	142	260	146	123	155	092	146	184	106	178	089	169	085	167	228	130	102	103	181	207	142	149
978	13	093	138	185	253	103	135	097	143	189	252	087	158	115	229	143	158	102	142	194	250	177	156	160	085	124	183	142	262	150	129	159	092	152	184	112	186	089	173	089	167	228	132	104	103	181	207	166	151
979	13	089	136	181	253	103	141	089	143	189	232	087	160	108	229	143	158	090	127	194	252	173	146	144	081	124	175	142	262	150	125	155	091	150	180	106	166	089	161	089	161	228	128	098	095	181	205	166	151
979	13	091	138	187	253	105	141	093	149	191	238	089	161	115	229	147	158	102	142	200	252	177	152	156	083	132	183	142	262	150	129	157	091	150	196	112	172	089	161	089	167	228	134	102	099	191	205	168	153
988	13	091	136	181	269	103	141	097	129	189	238	087	158	113	229	143	160	088	-9	190	252	173	152	154	081	124	175	142	-9	-9	123	157	091	150	184	106	172	089	161	085	167	228	114	098	101	181	205	142	151
988	13	091	140	187	271	103	145	103	143	195	238	087	162	115	229	147	160	090	-9	194	254	177	166	158	083	132	175	150	-9	-9	129	159	095	150	192	112	176	089	173	089	167	238	130	104	101	191	211	142	153
989	13	091	138	175	241	103	141	093	129	189	238	087	149	113	229	143	156	090	127	194	252	173	146	154	081	124	165	142	260	150	129	155	092	146	180	106	170	089	161	085	161	228	130	096	099	181	205	142	153
989	13	093	138	179	269	103	145	097	129	191	238	089	162	115	233	143	158	102	148	194	252	175	166	154	083	132	179	142	260	150	129	159	092	148	180	112	172	089	173	089	167	238	130	104	103	181	205	144	153
990	13	089	134	179	253	103	145	089	129	189	238	089	159	115	225	143	156	090	140	190	252	173	152	154	077	124	165	142	260	150	129	155	092	146	192	106	170	085	161	085	161	228	130	102	095	181	201	158	145
990	13	091	140	185	253	104	145	093	129	189	238	089	170	115	225	143	158	090	146	194	252	175	152	154	085	124	183	148	262	150	129	157	092	150	196	108	172	095	173	087	167	228	130	104	099	181	205	168	149
991	13	089	134	175	253	103	141	089	129	189	238	087	147	113	229	143	156	090	127	190	246	173	146	144	083	124	175	142	260	150	123	155	092	146	180	106	170	089	161	085	161	228	128	104	103	181	207	142	145
991	13	091	138	179	253	103	145	089	129	191	238	087	161	115	229	143	158	090	140	200	252	173	152	154	083	132	183	150	260	150	123	157	092	146	180	112	174	089	173	089	167	228	130	104	103	191	207	142	149
992	13	091	134	181	241	103	135	093	129	191	232	087	160	113	227	143	158	090	127	194	252	167	146	144	083	122	165	142	260	146	125	155	091	146	184	106	170	089	169	085	161	228	130	102	099	181	205	142	149
992	13	091	138	187	269	103	145	097	143	195	238	089	161	115	233	143	160	090	140	194	252	173	152	160	085	132	175	142	262	150	129	159	092	152	184	110	172	089	173	089	167	238	134	102	103	181	205	142	151
1006	13	089	134	181	253	103	141	089	143	189	232	087	158	108	229	143	156	090	150	194	252	173	152	144	081	124	165	142	260	148	129	157	091	150	184	106	170	085	161	085	165	228	130	102	095	177	-9	142	149
1006	13	089	142	181	253	103	145	093	143	191	252	089	160	115	229	143	158	090	150	194	252	173	152	154	083	132	183	142	262	150	129	159	091	150	196	112	172	089	165	089	167	228	132	104	095	181	-9	166	149
1017	13	089	136	181	253	103	135	091	129	191	238	087	160	115	227	143	158	090	140	188	248	173	152	152	083	124	165	142	260	150	125	159	092	146	190	106	166	089	161	089	167	236	130	102	101	177	205	142	149
1017	13	091	138	185	269	103	147	093	129	191	238	089	160	115	229	143	158	102	146	188	252	177	166	154	083	132	179	142	260	150	129	159	092	146	196	112	170	095	169	091	167	238	134	102	103	191	205	168	151
2582	13	089	136	181	253	-9	145	093	129	191	232	087	160	113	227	143	158	090	140	190	252	173	152	154	-9	124	165	138	260	150	123	155	091	146	180	106	170	085	169	085	167	228	118	102	095	181	205	142	145
2582	13	089	138	187	269	-9	145	103	129	195	238	087	162	115	229	143	158	090	150	194	252	175	152	156	-9	124	183	142	262	150	129	155	091	150	196	106	172	095	169	087	167	240	130	104	103	181	211	142	153
319	14	089	136	179	253	101	141	089	149	189	238	087	154	108	229	143	158	090	138	190	-9	175	152	144	077	132	179	142	260	146	125	159	091	150	192	106	174	083	161	085	167	228	128	102	101	179	205	142	145
319	14	089	140	187	269	103	145	093	149	189	238	089	161	115	229	143	158	102	140	194	-9	177	162	154	081	132	183	150	262	148	129	159	094	154	192	110	176	089	161	091	167	238	134	102	103	181	211	158	149
335	14	089	134	181	253	103	145	091	129	189	238	087	158	113	229	145	158	102	142	194	252	167	152	154	083	124	165	148	256	140	123	151	091	146	180	108	170	089	161	089	167	228	130	096	099	181	201	142	143
335	14	089	136	191	253	104	147	097	129	195	238	087	158	113	229	145	158	102	146	200	252	175	164	154	083	132	165	148	260	140	129	155	092	150	192	110	174	089	173	089	167	228	130	102	103	181	205	144	149
895	14	089	136	185	253	103	135	089	143	189	238	087	158	108	229	133	156	088	127	190	252	167	146	154	083	124	183	142	262	140	125	155	091	146	184	106	168	085	173	089	167	238	118	092	101	191	201	158	143
895	14	091	140	187	273	105	145	089	149	195	238	089	162	115	229	143	158	090	150	194	252	177	152	154	083	124	183	142	262	146	129	159	092	150	192	106	174	089	173	091	167	240	130	104	101	191	201	164	147
896	14	089	134	185	247	103	135	085	129	189	238	087	158	115	225	143	158	090	140	190	246	175	152	154	081	124	165	138	260	150	123	155	092	148	180	108	174	083	165	089	161	228	114	092	099	179	205	156	149
896	14	089	138	187	253	103	135	103	143	191	238	089	164	115	229	143	158	090	148	194	252	177	166	160	081	136	175	142	260	150	129	157	094	150	192	108	176	095	165	089	167	238	132	102	101	181	211	166	151
897	14	091	136	179	241	103	145	083	129	189	238	087	158	113	229	143	158	090	127	188	252	177	164	156	077	124	175	142	262	140	123	155	091	146	180	106	176	081	155	085	161	228	130	102	095	181	205	158	149
897	14	091	136	185	253	103	145	091	143	191	254	087	160	115	229	143	158	102	148	190	252	177	166	156	081	132	183	150	264	150	125	155	091	154	196	112	176	089	165	085	167	238	134	104	101	181	207	164	149
898	14	091	134	175	241	103	135	093	129	189	252	087	162	113	229	143	156	090	140	190	252	167	152	154	081	124	175	142	262	150	129	155	092	146	180	112	170	081	161	089	167	238	130	092	095	181	205	142	145
898	14	091	138	179	269	103	145	103	129	191	252	087	162	115	229	143	156	090	142	194	252	173	162	154	085	124	181	150	264	150	131	157	095	146	180	112	174	089	165	091	167	238	130	102	099	181	205	164	153
899	14	089	136	179	253	103	141	093	129	195	232	087	147	115	225	143	158	090	127	194	250	173	158	154	077	124	175	142	262	140	123	153	091	146	180	106	170	081	165	085	167	228	130	098	095	181	205	158	153
899	14	093	138	185	269	103	145	097	129	195	238	087	160	115	227	143	158	090	127	194	252	173	166	156	083	126	183	150	262	150	129	155	094	148	180	112	176	089	165	089	167	238	130	098	101	191	205	168	153
900	14	089	134	179	247	103	135	091	129	189	238	087	162	108	229	143	158	090	127	190	246	173	152	160	081	132	165	142	260	140	123	151	091	150	180	112	170	083	161	087	161	228	130	092	101	181	205	158	145
900	14	091	138	181	253	103	147	103	129	189	252	089	162	115	231	145	158	090	127	194	250	175	162	160	085	132	165	148	262	150	129	157	091	150	180	112	172	089	173	089	167	236	134	104	103	181	211	158	151
901	14	089	136	187	253	103	141	089	129	189	232	087	160	113	229	143	156	090	127	194	252	163	152	144	077	132	175	142	260	140	127	155	091	146	180	112	172	083	161	085	161	224	130	092	095	181	205	166	151
901	14	091	136	187	269	103	141	091	129	189	238	087	161	115	229	143	158	102	146	200	252	173	158	154	081	136	183	150	262	150	129	155	092	150	180	112	176	089	161	091	161	228	130	098	101	181	207	168	153
902	14	089	134	175	253	103	135	085	127	189	238	087	158	113	227	143	158	102	140	194	254	165	146	154	081	124	175	142	260	146	125	155	094	146	196	106	170	091	161	085	167	238	114	102	101	181	215	144	149
902	14	089	134	187	271	103	141	097	129	189	238	087	160	115	229	143	158	102	142	194	254	173	146	154	083	124	183	148	262	150	131	159	095	150	198	108	172	095	165	085	167	238	128	104	101	191	215	156	149
903	14	091	136	175	241	102	135	093	141	189	238	087	158	113	229	143	156	090	127	188	246	175	148	146	081	124	165	142	260	146	125	155	091	150	184	090	172	081	161	081	161	238	128	098	101	191	207	142	151
903	14	091	136	187	269	103	145	093	143	191	248	089	161	115	231	143	156	102	138	194	252	177	166	146	085	126	181	150	262	150	129	159	092	150	196	106	172	089	165	087	167	238	134	104	101	191	207	158	153
904	14	089	132	179	247	103	135	093	129	189	232	087	149	113	229	143	156	102	127	188	252	159	152	154	081	124	165	142	258	140	125	155	091	146	180	110	170	085	161	089	167	228	130	104	099	179	205	158	145
904	14	093	136	187	253	103	145	097	143	191	232	087	162	115	233	145	158	102	142	190	252	177	166	156	083	124	179	142	260	150	129	155	094	146	192	110	172	089	161	089	167	238	134	104	101	191	205	166	153
905	14	089	136	181	241	103	135	089	129	189	232	087	143	113	229	143	160	090	127	194	250	177	152	154	083	122	183	142	260	140	125	155	091	146	180	108	172	083	165	081	161	224	130	096	101	181	211	166	145
905	14	089	136	187	269	103	141	093	129	189	238	087	154	115	229	145	160	090	140	194	250	177	166	160	083	132	183	150	260	150	125	155	091	146	184	110	176	089	165	089	161	238	130	102	103	191	211	168	149
906	14	089	136	181	253	103	135	083	129	189	232	087	158	113	225	143	158	100	140	188	252	159	158	154	081	122	181	142	260	140	125	155	092	146	180	110	170	089	161	089	161	228	130	102	095	177	205	158	145
906	14	089	136	181	253	103	145	097	143	191	238	087	160	115	229	147	160	102	140	194	252	163	166	158	081	124	183	148	262	150	129	159	092	146	192	112	170	089	165	089	167	238	134	104	103	181	207	168	149
907	14	089	136	187	253	103	135	093	143	189	232	087	160	108	229	143	156	090	127	194	252	173	146	154	081	124	175	142	262	146	123	155	091	150	184	106	170	083	161	087	167	238	130	104	095	181	205	142	149
907	14	089	138	187	253	103	137	103	143	191	238	091	161	108	229	145	156	090	140	194	254	177	158	156	083	124	179	150	262	146	129	155	095	150	192	110	176	089	169	089	167	238	132	104	099	181	205	158	151
908	14	089	136	181	247	103	141	085	129	189	232	087	158	113	227	143	154	088	127	188	252	173	152	154	083	124	175	142	258	140	125	155	092	146	180	108	158	083	161	089	167	228	130	102	095	177	205	142	145
908	14	089	136	181	253	103	145	093	143	189	254	087	158	115	229	143	154	102	142	194	252	173	166	160	085	124	175	142	262	150	129	155	092	150	180	112	170	095	168	089	167	238	130	104	103	181	207	142	149
909	14	089	136	175	253	103	145	103	129	189	232	087	160	115	227	143	156	090	140	190	252	173	152	154	081	124	175	142	260	140	125	157	091	146	180	106	170	089	161	085	165	240	130	102	095	181	205	166	145
909	14	091	138	185	253	103	145	103	141	195	238	087	160	115	229	143	156	090	146	194	252	175	152	154	083	124	183	142	262	148	129	159	091	150	180	108	170	095	165	089	167	240	130	102	103	191	205	168	153
910	14	089	136	181	253	104	145	083	129	191	232	087	161	113	229	143	156	090	142	188	252	165	152	144	081	122	175	142	262	146	131	155	094	146	198	112	170	085	161	087	167	236	118	092	095	177	205	142	145
910	14	089	138	187	253	104	147	093	129	195	250	091	170	115	229	143	158	090	150	202	254	167	152	154	085	122	175	142	262	150	131	155	095	150	198	112	172	089	173	089	167	240	130	102	101	181	205	142	153
911	14	089	136	185	253	103	141	083	143	191	252	087	161	113	229	143	156	088	146	194	252	167	146	154	083	132	165	142	260	140	125	155	091	150	192	110	166	085	173	089	167	228	130	092	095	179	205	142	149
911	14	099	138	191	253	104	145	103	149	191	254	087	162	115	231	143	158	102	148	194	252	173	158	154	083	132	175	148	262	150	129	159	092	150	198	112	172	089	173	091	167	236	130	104	103	181	205	162	153
912	14	091	134	179	253	103	141	083	143	191	238	087	162	113	229	143	156	088	127	194	252	173	146	154	081	124	165	142	260	140	123	153	091	146	180	112	172	089	165	081	167	228	130	092	103	179	205	142	149
912	14	099	138	185	253	104	141	103	149	191	252	089	170	113	233	143	156	090	146	194	252	175	166	154	083	132	175	148	260	150	125	155	091	150	198	112	172	089	173	089	167	238	130	104	103	179	205	162	153
913	14	089	138	181	241	103	141	097	143	189	238	087	158	113	225	143	154	090	142	190	252	173	146	154	083	124	175	142	262	146	127	155	091	146	180	106	166	081	161	087	167	236	118	102	097	181	205	144	145
913	14	091	138	185	253	103	145	103	143	191	252	087	160	113	229	143	158	102	150	194	252	177	152	154	085	132	183	148	262	150	131	155	092	150	180	112	174	089	165	089	167	238	130	104	101	181	207	168	149
2411	14	089	134	181	241	103	141	097	129	189	252	087	158	108	229	133	154	090	127	194	246	177	146	154	077	124	165	142	260	150	125	155	091	146	180	106	170	081	161	085	167	228	130	092	101	191	205	142	149
2411	14	091	134	187	253	105	145	097	133	189	254	087	158	113	231	143	158	090	140	194	252	177	152	156	083	132	183	142	262	150	125	157	091	150	196	112	170	089	161	089	167	236	134	104	103	191	207	164	153
2412	14	089	138	179	241	103	145	103	129	189	238	087	147	108	225	143	158	090	127	194	252	173	146	144	081	124	183	142	260	146	129	155	091	148	180	112	172	083	173	087	167	238	118	104	103	177	205	156	145
2412	14	091	138	181	269	103	145	103	129	189	238	089	160	113	229	143	160	102	138	194	252	177	152	154	083	132	183	142	260	150	129	157	091	150	192	112	186	089	173	089	167	238	132	104	103	181	211	164	151
2413	14	089	136	187	269	103	141	089	129	189	232	087	160	113	225	143	156	090	127	188	254	175	152	154	083	132	175	138	262	146	123	155	091	150	180	106	170	089	161	089	161	238	130	092	099	181	211	142	149
2413	14	093	136	187	273	105	145	093	143	191	238	089	161	113	231	143	158	090	150	196	254	175	152	156	083	132	183	142	262	150	125	159	095	150	180	106	176	089	161	091	167	238	130	102	101	191	211	142	149
2414	14	089	134	181	249	103	141	083	129	189	232	087	158	108	227	143	158	090	127	188	252	173	152	154	081	122	157	142	260	140	123	155	091	146	180	110	172	081	165	085	167	228	130	104	101	181	211	142	149
2414	14	089	136	187	269	107	145	093	143	189	238	089	160	108	229	143	158	102	140	194	252	173	166	154	083	126	179	148	262	146	127	157	092	150	184	112	172	085	165	089	167	238	136	104	103	191	215	166	149
2415	14	089	-9	181	247	103	135	093	143	191	232	087	160	113	227	143	156	090	127	194	252	177	152	156	081	122	175	142	260	146	125	155	091	146	180	106	174	089	173	081	167	240	130	104	101	181	211	168	145
2415	14	091	-9	187	253	103	145	097	143	191	238	087	162	113	229	143	158	090	142	194	252	177	166	160	083	124	183	142	260	150	125	155	092	150	196	110	174	095	173	089	167	240	130	104	103	181	215	168	151
2417	14	089	-9	175	269	103	135	089	129	189	232	087	158	108	229	143	158	090	127	194	252	173	152	144	077	132	181	142	262	150	125	155	091	150	180	106	170	083	161	081	161	-9	130	092	095	181	201	166	151
2417	14	091	-9	187	269	103	141	103	133	189	238	087	161	113	229	143	158	102	146	194	252	173	152	154	085	132	183	148	262	150	127	157	092	150	198	112	176	085	169	085	167	-9	130	104	095	191	207	166	153
2418	14	089	-9	187	241	104	145	103	129	189	232	087	158	108	229	143	154	090	127	190	248	177	152	156	081	124	165	142	260	146	123	155	095	146	198	106	172	083	161	089	167	228	128	096	095	181	202	-9	149
2418	14	091	-9	187	269	104	145	103	129	191	238	087	160	113	229	143	158	100	140	194	252	177	152	160	083	124	183	142	262	146	125	155	095	150	198	110	172	089	165	091	167	240	130	104	099	191	205	-9	149
2419	14	091	-9	181	253	103	141	083	129	189	238	087	162	108	225	143	158	090	138	194	252	167	152	154	081	124	165	142	256	146	123	153	092	150	180	112	174	083	165	089	167	228	130	104	099	181	207	166	145
2419	14	091	-9	181	253	103	147	097	129	191	248	089	170	108	229	145	160	102	140	200	254	177	152	154	083	124	179	142	264	150	125	157	092	150	180	112	174	089	169	089	167	238	130	104	103	191	211	168	149
2420	14	089	134	179	241	102	145	091	141	189	238	087	160	108	229	143	156	090	140	194	252	175	152	144	081	120	165	142	256	146	123	155	091	150	184	106	170	083	161	081	161	228	134	096	095	177	211	158	149
2420	14	091	138	181	241	103	145	093	143	191	238	087	161	108	231	143	158	090	140	194	252	177	152	154	081	132	175	148	260	150	129	157	095	154	184	110	172	085	165	081	167	228	134	104	101	181	211	158	149
2421	14	089	138	179	253	103	141	097	129	191	232	087	158	113	229	143	158	090	127	194	252	177	146	144	081	124	165	142	256	146	123	155	092	146	180	112	170	089	155	085	167	228	132	102	095	177	202	142	149
2421	14	091	138	181	253	103	145	097	129	195	238	089	160	115	231	143	158	090	140	194	252	177	152	144	081	132	183	150	260	146	127	157	095	150	180	112	176	089	161	089	167	240	134	104	103	191	211	142	149
2422	14	089	-9	187	253	103	135	091	129	189	248	087	158	113	229	143	158	088	127	194	250	165	158	144	081	124	175	142	256	140	125	155	092	146	180	110	170	085	167	085	167	236	130	102	103	191	205	166	151
2422	14	091	-9	187	253	103	145	103	129	189	254	087	160	115	231	143	158	088	127	194	252	173	162	154	081	132	175	150	260	148	129	155	094	150	192	110	172	089	173	085	167	238	130	104	103	191	205	166	153
2423	14	089	138	187	241	103	145	089	129	189	232	087	158	113	225	143	156	090	127	194	246	167	146	154	081	124	175	148	262	140	125	155	091	150	180	106	172	083	161	089	161	228	114	092	101	181	205	168	151
2423	14	091	140	187	271	103	147	103	129	195	238	087	161	115	231	143	158	090	148	202	252	173	146	154	083	132	175	148	262	150	125	157	092	154	180	112	174	083	173	089	167	228	130	104	101	181	207	168	153
2576	14	089	136	179	241	103	141	083	143	189	238	087	161	108	225	143	156	090	138	194	252	177	152	144	077	120	175	142	262	140	125	155	091	146	180	110	172	089	169	087	167	228	118	098	103	181	205	166	149
2576	14	091	140	187	253	104	147	089	143	191	252	087	161	113	231	147	156	090	140	194	252	177	158	156	081	124	183	142	262	150	129	157	091	150	184	112	174	089	173	089	167	228	130	104	103	191	211	166	149
1079	15	089	140	179	253	103	135	083	129	189	232	087	162	113	229	143	156	090	128	194	246	167	152	154	083	122	183	142	260	150	125	155	091	146	180	106	172	083	169	089	167	228	130	102	095	191	205	142	149
1079	15	091	140	187	253	105	145	103	129	191	238	089	162	115	229	143	158	102	140	194	252	177	158	156	083	124	183	142	260	150	125	155	095	150	180	112	172	083	169	089	167	228	134	104	095	191	205	142	153
1081	15	089	132	179	253	103	141	097	129	189	232	089	158	113	225	143	158	090	140	194	248	165	150	144	083	124	183	142	260	140	125	155	091	146	180	108	172	089	169	089	167	228	130	102	095	181	205	142	149
1081	15	091	136	185	253	103	145	103	129	191	238	089	162	115	229	143	158	102	140	194	252	167	166	156	083	132	183	148	260	150	129	155	091	150	184	110	172	089	169	091	167	238	130	104	101	191	211	142	153
1082	15	091	136	185	247	103	135	103	127	189	232	087	162	113	229	143	154	090	128	188	246	165	152	144	083	124	175	142	256	150	125	153	091	150	180	108	170	089	161	085	161	228	130	-9	099	181	205	142	149
1082	15	091	136	187	253	103	145	103	141	191	238	087	162	115	229	143	160	102	142	200	252	177	158	154	085	132	183	148	260	152	125	155	094	150	180	110	174	089	173	091	167	238	132	-9	099	191	205	158	153
1083	15	089	134	179	247	103	135	097	129	191	238	087	158	113	227	143	156	090	128	188	252	177	146	154	081	132	175	142	262	148	129	155	091	150	180	106	168	089	169	089	165	238	130	102	095	181	205	142	149
1083	15	089	140	187	247	103	141	103	141	191	238	087	162	113	233	143	158	102	142	194	252	177	150	154	081	132	183	148	262	150	129	157	095	154	198	110	170	089	169	091	167	238	132	104	101	181	211	142	153
34	2	089	136	187	241	103	141	093	129	191	238	087	147	108	225	143	158	090	142	190	252	167	152	154	081	126	183	142	260	150	125	155	092	146	180	110	172	085	161	089	167	228	130	098	101	181	205	144	151
34	2	089	138	187	269	103	141	103	149	195	238	087	158	115	229	143	158	090	146	190	252	177	152	158	083	132	183	148	262	150	129	155	092	150	184	112	172	089	169	091	167	238	130	104	101	181	205	166	153
38	2	089	138	187	253	103	145	103	129	195	238	087	160	108	227	143	158	090	127	190	244	165	152	154	083	132	183	142	260	146	129	155	092	150	180	108	172	085	161	085	167	228	130	098	101	181	205	144	153
38	2	093	140	187	253	103	147	103	143	195	252	087	162	113	231	143	158	090	146	194	252	167	152	154	083	132	183	142	262	150	129	155	095	150	196	110	176	089	169	089	167	238	130	102	103	181	207	166	153
41	2	089	136	179	253	103	145	097	129	191	238	087	147	115	229	143	156	090	146	190	252	173	152	154	081	124	183	142	260	140	125	155	092	150	184	110	166	085	159	091	161	228	130	098	101	181	205	168	149
41	2	093	138	187	269	103	147	103	149	191	238	087	158	115	229	143	158	102	146	190	252	173	152	154	083	132	183	142	262	150	129	155	092	150	196	112	166	089	161	091	167	238	130	102	101	181	205	168	153
44	2	089	136	179	253	103	141	091	129	191	232	087	158	115	229	143	158	102	142	190	252	173	152	154	083	132	183	138	260	150	129	155	091	150	196	110	166	089	159	083	167	228	130	098	095	181	205	142	145
44	2	089	138	187	269	103	145	103	129	191	238	089	160	115	229	143	160	102	142	190	252	173	154	154	083	132	183	142	262	150	129	155	092	150	196	112	172	089	161	089	167	238	130	102	099	181	211	168	153
45	2	089	136	179	253	103	135	093	129	189	232	087	147	115	227	143	156	090	142	190	252	173	146	144	083	126	183	138	260	150	125	153	091	150	180	110	170	089	169	089	161	228	130	102	101	181	205	142	149
45	2	091	138	187	253	103	141	103	149	191	238	089	158	115	227	143	158	090	146	194	252	173	152	154	083	132	183	148	260	150	129	155	092	150	196	112	172	089	169	091	167	228	130	102	101	181	205	168	153
47	2	089	138	181	269	103	135	093	129	191	232	087	158	115	225	143	156	090	138	194	252	165	152	154	083	126	175	142	262	146	125	155	091	150	180	110	166	089	169	085	167	228	130	104	099	181	205	142	145
47	2	091	138	187	269	103	147	103	129	195	232	089	160	115	225	143	158	102	142	194	252	175	152	154	083	132	183	142	262	150	129	155	095	150	196	112	174	089	173	087	167	238	130	106	101	181	205	144	153
50	2	093	136	179	253	103	135	093	129	191	238	087	158	108	225	143	156	090	142	190	252	165	146	154	083	124	175	142	260	146	125	155	091	150	180	110	172	085	161	087	167	228	130	092	095	181	205	168	149
50	2	093	140	181	253	103	147	103	143	191	252	089	158	115	227	145	158	090	146	194	252	177	152	154	083	132	183	148	262	150	125	155	092	150	180	112	172	089	161	091	167	228	134	104	101	181	205	168	151
384	2	091	134	181	253	103	141	093	141	191	238	087	158	113	225	143	158	090	127	190	252	173	152	160	077	124	183	142	262	140	125	155	091	150	180	112	166	085	161	089	167	228	130	102	101	181	205	142	149
384	2	091	136	187	269	103	141	093	149	191	238	087	162	113	229	143	160	090	127	194	252	175	152	160	083	132	183	142	262	146	129	155	092	150	184	112	166	089	165	089	167	238	130	104	101	181	205	142	153
385	2	089	134	187	253	103	141	103	129	191	238	087	158	108	227	143	-9	090	127	190	252	167	152	154	083	132	183	142	260	146	129	155	092	150	180	110	166	085	161	087	161	228	130	102	101	181	205	144	153
385	2	091	140	187	269	103	147	103	143	195	252	089	162	115	231	145	-9	090	142	190	252	173	152	154	083	132	183	142	260	150	129	155	092	150	198	110	172	089	173	091	167	238	134	102	103	181	211	166	153
386	2	089	136	181	253	103	135	103	129	189	238	089	147	115	227	143	154	090	142	190	252	173	152	154	081	132	183	142	262	150	125	155	091	148	196	110	166	089	161	089	167	228	130	098	095	181	205	142	149
386	2	089	136	187	253	103	141	103	141	191	252	089	158	115	229	143	156	090	146	194	252	177	152	154	083	132	183	142	262	150	129	155	095	150	196	112	172	089	173	089	167	238	130	102	101	191	205	168	153
387	2	089	134	187	269	103	141	103	129	191	232	087	158	115	225	143	156	090	138	190	252	167	152	154	083	124	183	142	260	146	129	155	092	150	180	110	166	089	169	087	161	228	130	102	095	181	205	142	149
387	2	089	136	187	269	103	141	103	129	191	238	089	162	115	227	143	156	102	142	190	252	177	152	154	083	132	183	148	260	150	129	155	092	150	198	110	166	089	173	091	167	228	130	104	101	181	205	166	153
388	2	089	136	181	253	103	135	093	129	191	238	087	160	115	225	143	158	090	142	190	252	167	152	154	077	124	175	138	260	146	129	155	091	150	184	110	172	083	161	087	167	228	130	102	101	181	205	142	145
388	2	089	138	187	253	103	141	103	149	191	238	089	162	115	229	143	160	102	142	194	252	173	152	160	083	132	183	138	260	150	129	155	092	150	184	110	172	089	169	091	167	228	130	102	101	181	205	166	145
389	2	089	136	187	253	103	145	103	129	191	238	087	162	108	225	143	158	090	142	190	252	173	152	154	077	124	175	138	260	150	129	155	092	150	180	110	166	083	169	087	167	228	130	102	101	181	205	144	149
389	2	091	138	187	269	103	145	103	129	195	238	087	162	115	227	143	160	090	146	194	252	173	152	160	083	132	183	138	260	150	129	155	095	150	196	110	166	089	173	091	167	238	130	102	103	181	205	168	153
390	2	089	138	187	241	103	135	093	129	189	238	087	158	108	225	143	158	090	138	194	-9	167	152	154	083	132	175	142	-9	146	125	155	091	150	180	108	176	089	161	089	167	228	114	098	101	181	205	166	145
390	2	089	138	187	253	103	145	103	129	195	254	087	160	115	227	143	158	090	146	194	-9	177	152	160	083	132	183	142	-9	150	129	155	092	150	196	112	176	089	169	091	167	238	130	104	103	181	211	166	153
391	2	089	134	179	253	103	141	093	129	191	232	087	158	115	225	143	158	090	127	188	252	167	152	144	081	124	183	138	260	146	123	155	091	146	184	110	166	085	161	085	167	228	114	098	101	181	205	142	153
391	2	091	136	187	269	103	141	103	129	195	238	089	160	115	229	143	160	090	142	190	252	167	152	144	083	132	183	142	260	150	125	155	092	150	196	110	172	089	169	089	167	228	130	104	103	181	211	168	153
392	2	091	138	187	269	103	141	093	129	189	238	087	158	115	229	143	158	090	140	194	252	167	152	154	083	124	183	142	260	146	129	155	092	148	180	110	166	089	161	087	167	228	130	102	101	181	205	142	145
392	2	093	138	187	269	103	141	103	149	191	238	089	158	115	233	143	158	102	146	194	252	173	152	154	083	124	183	142	262	150	129	155	092	150	184	112	176	095	161	089	167	238	130	104	101	181	205	144	153
393	2	089	138	181	253	103	141	-9	129	191	238	089	158	113	225	143	156	090	142	190	252	175	152	154	077	124	175	138	260	146	129	155	092	150	180	110	166	085	161	089	167	228	130	102	101	181	201	166	149
393	2	089	138	187	269	103	147	-9	129	195	238	089	162	115	227	143	160	090	142	194	252	177	152	154	083	132	183	142	260	146	129	155	095	150	194	110	172	089	173	089	167	228	130	104	103	181	205	166	153
394	2	089	136	187	269	103	141	093	141	189	238	087	158	115	225	143	156	090	146	190	252	173	152	154	081	124	183	138	260	140	125	155	092	150	184	110	166	085	161	089	167	228	130	092	101	181	205	168	145
394	2	093	136	187	269	103	145	103	149	191	238	089	162	115	229	143	160	102	146	194	252	173	152	154	083	132	183	142	262	150	129	155	092	150	196	110	172	089	161	089	167	228	130	096	103	181	211	168	153
395	2	089	136	181	253	103	141	091	129	189	238	087	160	115	229	143	154	090	127	190	252	167	152	154	081	126	183	138	260	146	125	155	091	148	184	110	172	083	161	087	167	228	114	102	095	181	205	142	149
395	2	091	136	187	269	103	147	097	129	195	238	089	160	115	233	143	158	090	142	194	252	173	152	154	083	132	183	142	260	150	129	155	092	150	196	110	172	089	161	091	167	228	134	102	099	181	211	168	153
396	2	089	134	179	241	103	135	103	129	191	238	089	160	115	225	143	156	090	142	190	244	167	152	154	083	124	183	138	260	140	125	155	092	150	194	090	172	085	161	089	161	228	130	098	101	181	205	142	149
396	2	091	136	187	253	103	141	103	129	191	238	089	160	115	229	143	160	102	146	190	252	173	152	160	083	124	183	142	260	150	129	155	095	150	194	090	172	089	161	089	167	228	130	102	103	181	207	168	149
2498	3	089	136	181	253	103	141	093	129	189	238	087	158	113	229	143	158	090	142	190	252	177	152	144	083	124	183	142	260	150	125	153	091	148	184	110	172	089	161	087	161	228	130	102	101	181	201	142	-9
2498	3	091	138	187	269	103	141	097	129	191	238	087	160	115	231	143	158	102	142	190	254	177	152	154	083	132	183	142	262	150	129	155	094	150	198	112	172	089	173	089	167	236	130	102	101	191	205	168	-9
2513	3	089	134	179	253	103	141	103	129	189	232	087	158	113	227	143	154	090	142	190	252	167	154	144	077	122	175	138	262	148	125	155	091	150	180	106	172	089	169	081	167	228	130	096	095	181	205	144	-9
2513	3	089	136	187	253	103	145	103	129	191	238	087	158	115	229	143	156	090	146	194	252	173	166	144	077	132	175	142	262	150	129	155	091	150	184	112	172	089	173	089	167	238	132	102	095	191	211	166	-9
2514	3	089	138	179	253	103	141	097	129	189	238	087	147	108	227	143	156	090	128	190	252	167	152	144	081	122	175	142	256	146	125	155	091	150	196	112	166	085	161	089	167	224	130	096	101	181	205	168	-9
2514	3	093	138	179	271	103	145	103	129	189	238	087	158	108	229	143	158	090	142	194	252	177	152	154	083	132	175	150	262	150	129	155	091	150	198	112	176	089	165	091	167	238	130	104	101	181	211	168	-9
2597	3	089	138	179	253	103	141	093	143	191	238	087	162	115	-9	143	156	090	146	190	252	173	152	144	083	132	165	142	260	140	125	155	091	148	194	110	170	085	161	089	167	228	114	102	101	181	207	142	-9
2597	3	091	140	187	269	103	145	097	143	195	252	089	162	115	-9	157	156	102	148	194	252	173	152	154	083	132	179	142	262	146	129	159	091	150	198	112	172	089	165	089	167	238	130	104	101	181	211	168	-9
2499	3	089	136	179	253	103	135	103	129	189	238	087	147	115	229	143	158	090	140	194	252	167	146	154	081	124	175	138	260	140	125	155	091	150	184	106	166	081	161	-9	167	228	130	098	095	181	205	-9	145
2499	3	089	136	179	269	103	141	103	141	189	254	089	158	115	231	143	158	102	140	194	252	167	152	154	083	132	183	148	262	150	129	157	092	150	198	110	172	095	173	-9	167	238	130	102	101	191	207	-9	151
2500	3	089	134	187	253	103	141	093	129	189	232	087	158	115	229	143	158	088	128	194	252	167	152	144	083	124	175	138	262	150	125	155	092	146	180	112	166	085	161	089	167	228	114	102	101	191	211	166	145
2500	3	091	136	187	253	103	141	097	129	191	232	091	158	115	231	143	160	090	140	194	252	173	152	156	083	132	183	142	262	150	129	155	095	150	180	112	170	089	165	091	167	228	130	102	101	191	215	166	153
2506	3	089	136	179	253	103	141	085	129	191	238	087	162	113	229	143	156	090	142	190	250	167	152	154	077	132	183	142	260	140	123	155	091	150	180	112	172	089	161	-9	167	228	114	096	099	181	207	144	151
2506	3	091	136	187	253	103	147	103	129	191	238	089	162	115	229	143	158	090	148	194	254	175	154	154	083	132	183	148	262	150	125	159	092	150	184	112	176	089	165	-9	167	238	130	098	101	181	207	144	153
2509	3	089	136	187	253	103	141	085	129	189	238	089	158	115	227	143	154	090	138	190	252	167	152	-9	077	124	183	142	256	140	125	157	091	148	184	106	170	085	161	085	167	228	130	098	095	-9	207	166	-9
2509	3	089	138	187	253	103	141	097	149	189	254	091	160	115	229	143	158	090	142	190	252	177	166	-9	083	132	183	142	260	146	129	157	091	150	184	112	172	089	161	089	167	228	130	104	099	-9	211	166	-9
2511	3	089	136	187	253	103	141	097	129	191	238	087	162	113	229	143	154	090	142	190	250	173	152	144	083	124	165	142	260	148	125	159	091	150	180	110	166	083	161	089	167	228	130	092	095	177	205	144	-9
2511	3	089	136	187	253	103	141	103	149	191	252	091	162	115	233	143	160	102	148	194	252	177	166	154	085	132	183	148	262	150	129	159	092	150	196	110	172	089	165	089	167	238	132	102	103	181	211	166	-9
2512	3	089	136	181	253	103	141	085	129	191	232	089	158	108	229	143	156	102	138	190	250	167	146	144	081	124	175	138	262	-9	129	155	091	146	180	110	166	085	161	089	161	228	128	096	099	181	201	144	153
2512	3	091	136	181	253	103	141	093	129	195	238	091	158	108	229	143	160	102	142	194	252	173	146	154	083	126	175	148	262	-9	129	155	092	150	196	112	170	089	165	089	167	228	130	102	101	191	205	166	153
2515	3	089	136	179	253	103	135	093	129	191	238	087	147	113	229	143	158	102	142	194	252	173	152	144	077	124	179	142	262	151	125	155	091	150	180	106	166	089	161	089	167	238	130	098	095	181	205	144	-9
2515	3	091	136	181	253	103	141	103	129	191	238	089	147	113	231	143	160	102	142	194	252	177	166	154	081	132	183	142	262	151	129	155	094	150	180	112	166	095	161	089	167	238	132	102	101	181	207	144	-9
2516	3	089	136	187	253	103	135	093	129	191	232	087	162	115	229	143	158	090	142	190	252	177	146	154	081	132	183	142	260	146	125	155	092	150	184	106	170	089	161	089	167	228	128	102	101	181	205	144	-9
2516	3	091	136	187	253	103	141	103	149	191	238	087	170	115	233	143	158	090	148	194	252	177	152	154	085	132	183	142	262	150	125	157	094	150	196	112	172	089	165	089	167	238	132	104	101	191	211	168	-9
2517	3	089	136	179	241	103	141	093	141	191	232	087	158	115	229	143	156	090	128	190	250	173	152	154	077	124	183	142	260	150	129	157	092	150	184	106	170	089	161	089	161	228	128	092	095	181	205	142	-9
2517	3	091	136	179	253	103	141	103	143	195	232	089	158	115	231	143	160	102	142	194	250	173	152	154	081	132	183	142	260	150	129	159	092	150	196	112	176	095	165	089	167	238	132	104	103	181	211	144	-9
2518	3	089	134	181	253	103	135	093	129	189	238	087	158	113	225	143	158	102	128	194	252	173	152	144	077	124	183	142	260	150	125	155	091	150	180	106	170	089	161	089	167	238	114	096	095	181	205	142	-9
2518	3	091	136	187	253	103	135	097	129	191	238	089	162	115	227	143	158	102	142	194	252	177	164	144	081	124	183	150	262	150	129	155	091	150	196	112	170	089	169	089	167	238	130	102	103	181	207	144	-9
2519	3	091	136	181	253	103	135	103	129	189	238	087	147	115	229	143	158	090	142	188	250	173	146	154	077	124	165	142	260	140	125	155	091	146	180	106	170	085	161	089	165	228	130	098	095	181	205	158	145
2519	3	093	136	191	253	103	141	103	141	191	252	087	162	115	229	143	160	090	148	194	252	177	152	160	085	132	175	142	262	146	129	163	095	150	196	112	172	089	165	089	167	238	130	102	095	181	211	166	153
2520	3	089	136	187	253	103	135	093	129	191	232	087	158	113	225	143	154	090	142	190	252	173	152	154	083	124	165	138	262	150	125	155	091	150	180	110	166	089	161	087	167	228	128	092	095	177	205	144	-9
2520	3	091	136	187	253	103	141	097	149	191	238	091	162	113	229	143	158	102	142	194	252	173	154	156	085	132	165	142	262	150	125	159	091	150	196	110	172	089	161	089	167	228	132	092	103	181	205	166	-9
2521	3	089	136	179	253	103	135	093	129	189	238	087	147	113	229	143	158	102	140	190	246	173	152	156	081	124	175	142	260	146	125	155	091	148	180	110	172	089	161	087	167	228	130	096	095	181	201	142	-9
2521	3	091	136	187	269	103	141	097	129	191	238	089	158	115	229	143	158	102	142	194	252	177	166	160	081	124	183	148	262	150	129	155	095	150	196	112	178	089	165	089	167	238	130	104	103	181	207	158	-9
2603	3	089	136	179	253	103	141	093	129	189	238	087	158	115	229	143	158	090	140	188	252	167	152	154	077	124	179	142	-9	142	125	155	092	148	180	112	166	085	161	089	167	228	130	098	095	181	205	144	-9
2603	3	089	136	187	253	103	145	097	143	191	238	087	158	115	229	143	160	090	140	194	252	173	152	156	083	124	183	142	-9	150	125	159	095	148	180	112	170	089	161	089	167	236	130	098	101	181	215	168	-9
2606	3	089	136	179	253	103	141	093	129	191	238	087	158	115	229	143	156	102	146	194	250	167	152	154	077	124	165	142	260	146	129	155	091	150	184	112	172	085	161	089	161	228	130	092	095	177	207	168	-9
2606	3	093	136	187	253	103	145	103	143	191	238	087	162	115	231	143	158	102	146	194	252	167	152	154	083	132	165	142	260	150	129	157	091	150	194	112	172	089	161	089	167	238	134	102	101	181	211	168	-9
87	4	089	134	179	241	103	141	103	129	191	232	087	160	113	227	143	158	090	142	188	246	177	152	144	083	124	165	138	260	146	129	155	091	150	180	106	166	085	161	087	167	238	130	096	103	181	205	142	149
87	4	093	136	187	253	103	147	103	143	195	252	087	161	113	229	143	160	090	148	190	250	177	166	154	083	124	183	148	260	150	129	155	091	150	198	112	176	089	165	089	167	238	132	102	103	181	205	158	151
88	4	091	136	179	253	103	135	093	129	189	232	087	158	113	227	143	158	090	140	190	252	167	146	154	083	124	175	142	260	148	129	155	091	150	180	110	172	085	161	089	167	224	130	102	099	181	205	158	151
88	4	091	136	187	253	103	135	097	141	191	238	089	158	113	229	143	158	090	142	194	252	177	152	156	083	124	183	142	262	148	129	155	094	150	196	112	176	089	165	089	167	228	132	102	103	181	205	166	153
90	4	089	136	179	253	103	141	097	129	191	238	087	147	113	227	143	156	090	127	188	250	173	152	144	081	124	165	142	262	150	125	155	091	150	180	112	166	089	161	087	167	228	128	092	095	181	205	144	151
90	4	089	140	187	253	103	141	103	141	191	252	087	158	115	229	143	158	090	142	190	252	177	154	152	083	126	175	148	262	150	129	159	092	150	184	112	172	089	161	089	167	228	130	098	101	181	207	158	153
92	4	089	136	179	241	103	135	093	143	191	232	087	147	115	227	143	158	090	140	190	252	173	146	156	083	124	175	142	260	148	125	155	091	150	180	110	166	085	161	089	161	238	130	092	099	177	205	142	151
92	4	091	138	187	249	103	145	097	149	191	232	087	160	115	229	143	158	102	142	194	252	177	152	160	083	124	175	142	262	150	129	157	092	150	184	112	172	089	173	089	167	238	132	098	101	181	207	144	153
96	4	091	134	179	253	103	141	097	129	191	238	087	158	113	229	143	154	090	127	190	252	167	152	154	077	124	175	138	262	148	125	155	091	150	180	106	166	085	161	085	167	228	128	102	095	181	205	142	151
96	4	091	140	179	271	103	141	103	129	191	238	087	160	113	229	143	156	102	140	194	252	167	152	154	083	132	183	138	262	150	129	155	091	150	180	110	172	085	173	089	167	228	130	104	101	191	207	168	151
97	4	089	134	179	241	103	141	093	129	189	232	089	147	113	229	143	158	090	142	190	252	177	146	160	081	124	183	142	260	146	125	155	091	150	198	112	170	089	161	089	167	228	128	092	095	181	205	158	149
97	4	091	134	187	253	103	145	103	143	191	238	091	158	115	229	143	160	090	146	194	252	177	152	160	083	132	183	142	262	150	125	155	092	150	198	112	172	089	161	089	167	228	130	102	101	191	205	158	151
105	4	089	136	187	253	103	135	093	129	191	232	087	147	108	227	143	156	090	140	188	246	167	152	144	083	124	175	138	260	150	125	155	091	150	198	106	166	089	165	081	167	228	130	102	095	181	207	142	145
105	4	089	136	187	271	103	147	103	143	191	238	089	147	115	229	143	158	090	142	194	252	177	152	152	083	124	175	148	262	150	129	159	094	150	198	112	166	089	169	089	167	228	132	104	099	181	211	158	151
120	4	091	136	181	241	103	147	093	143	191	232	087	147	108	227	143	158	090	140	194	246	173	152	160	081	124	165	148	262	148	129	155	091	148	196	112	166	085	161	087	167	228	130	092	101	181	205	142	151
120	4	091	136	187	241	103	147	103	143	191	238	087	158	108	231	143	158	102	140	194	246	177	152	160	081	124	183	148	262	150	129	155	091	150	198	112	176	089	161	089	167	228	132	102	103	181	205	142	151
123	4	089	136	179	253	103	141	103	129	189	238	087	158	108	225	143	158	090	140	190	252	167	152	144	077	132	183	142	262	150	125	155	091	150	180	112	172	089	165	089	167	228	130	098	101	177	205	144	149
123	4	091	136	179	253	103	145	103	141	191	238	089	162	115	229	143	160	102	140	190	252	177	154	144	083	132	183	148	262	150	129	159	092	150	196	112	176	089	173	089	167	228	132	102	103	181	207	168	153
128	4	089	136	179	253	103	141	097	129	189	238	087	158	113	229	143	156	090	128	190	252	167	146	144	077	124	175	142	260	150	125	155	091	150	180	110	166	085	161	081	167	228	130	098	101	181	211	158	151
128	4	091	138	181	269	103	141	097	129	191	238	089	158	115	229	143	156	090	142	194	252	177	152	156	083	132	183	148	262	150	129	155	094	150	180	110	170	089	173	091	167	228	130	104	101	181	211	168	151
129	4	093	134	187	253	103	141	093	129	189	232	087	147	108	227	143	156	090	142	190	250	167	152	154	083	124	175	138	260	140	125	153	092	150	180	112	170	089	161	089	167	228	132	102	101	177	207	166	153
129	4	093	136	187	269	103	147	103	129	195	238	087	158	115	229	143	158	090	146	190	252	177	154	154	083	132	183	142	262	150	129	155	092	150	180	112	174	089	165	089	167	228	132	102	103	181	215	168	153
132	4	091	136	179	241	103	147	097	129	189	232	087	147	113	229	143	158	090	140	190	252	167	164	160	081	124	165	142	260	150	125	155	091	150	180	112	176	085	161	081	167	224	130	092	099	177	205	158	147
132	4	091	138	187	253	103	147	103	143	191	252	087	162	113	229	143	160	090	142	194	252	177	166	160	083	124	165	148	260	150	129	155	091	150	184	112	176	089	173	089	167	238	130	092	101	181	211	166	151
504	4	089	134	187	241	103	141	093	129	189	232	087	147	108	227	143	158	090	140	190	250	167	152	144	081	124	183	138	260	146	129	155	092	148	180	110	176	089	161	089	167	228	114	104	103	177	205	142	153
504	4	089	136	187	241	103	145	103	141	191	238	089	158	113	229	143	158	102	142	190	252	177	154	154	081	124	183	142	262	150	129	155	092	150	180	112	176	095	165	089	167	228	130	104	103	181	207	166	153
505	4	089	136	187	253	103	135	103	129	191	232	089	158	108	229	143	160	090	140	190	250	177	146	154	081	132	175	138	260	150	123	155	091	146	180	106	172	085	161	089	161	228	128	092	101	181	205	144	151
505	4	093	136	187	253	103	147	103	149	191	238	091	158	115	233	143	160	090	140	190	252	177	166	154	081	132	183	142	262	150	129	155	091	150	184	112	176	089	161	089	167	238	132	102	103	181	215	158	153
506	4	091	134	187	253	103	141	093	143	189	238	089	158	115	233	143	158	088	140	190	252	173	152	154	081	124	179	142	262	146	129	155	091	150	180	112	166	083	161	087	167	228	130	092	101	177	211	158	153
506	4	093	136	187	253	103	145	103	149	191	252	091	162	115	233	143	160	088	142	194	252	175	152	160	083	124	183	142	262	150	129	159	092	150	194	112	170	085	161	089	167	238	130	104	101	181	215	166	153
507	4	089	136	187	241	103	135	093	129	191	232	087	158	115	227	143	156	090	140	194	252	177	152	144	081	124	175	138	260	146	123	155	091	150	184	110	170	089	161	089	161	228	130	102	095	177	205	142	151
507	4	091	136	187	253	103	141	103	143	195	252	089	160	115	233	143	158	090	142	194	252	177	152	154	083	132	183	142	262	146	129	155	092	150	184	112	176	089	165	089	167	228	132	102	101	181	205	142	151
508	4	089	136	179	241	103	135	089	129	189	238	087	158	113	227	143	158	090	140	188	252	177	152	152	083	124	165	138	260	148	129	155	091	150	180	112	170	089	161	089	167	228	132	098	095	177	201	156	149
508	4	091	136	181	271	103	145	097	141	191	252	089	162	113	229	143	158	090	142	194	252	177	166	154	083	124	183	142	260	150	129	155	095	150	196	112	172	089	169	089	167	228	132	104	099	181	207	158	151
509	4	091	136	187	253	103	141	093	129	191	232	087	158	113	229	143	156	090	127	188	252	177	146	144	081	124	183	142	262	146	125	155	091	150	180	112	172	083	161	087	167	228	130	092	095	181	211	144	151
509	4	093	136	187	253	103	145	103	143	191	252	087	162	115	233	143	158	090	142	194	252	177	152	160	081	124	183	148	262	150	129	155	091	150	194	112	176	089	169	089	167	238	132	102	103	181	215	164	151
510	4	091	136	179	253	103	135	093	143	189	238	087	147	113	227	143	158	090	138	194	252	173	146	144	083	124	175	142	260	146	125	155	091	150	196	110	176	089	165	085	167	228	130	092	099	177	205	142	151
510	4	091	136	179	253	103	141	103	143	191	238	089	160	113	233	143	160	090	142	194	252	177	166	156	083	124	183	142	262	148	129	155	092	150	198	112	176	089	169	089	167	238	132	102	103	181	207	158	153
511	4	091	134	179	249	103	135	093	129	191	232	089	158	113	227	143	158	090	140	188	252	167	146	154	083	124	183	138	262	150	129	155	091	150	180	110	172	083	161	085	167	228	130	096	101	177	205	158	149
511	4	091	138	187	253	103	147	097	141	191	238	089	160	115	227	143	158	090	142	194	252	177	152	160	083	132	183	142	262	150	129	155	094	150	198	112	176	085	169	085	167	228	130	102	103	191	207	166	149
512	4	089	136	179	241	103	135	089	129	189	232	087	147	115	227	143	158	090	127	190	252	167	146	154	083	124	183	138	260	146	129	155	092	150	180	112	166	089	161	085	167	228	130	102	103	181	205	158	149
512	4	091	136	187	253	103	141	093	149	191	238	087	158	115	231	143	158	090	142	194	252	177	152	154	083	132	183	142	262	150	129	155	092	150	180	112	172	089	161	087	167	228	130	102	103	181	211	166	151
513	4	089	136	179	241	103	135	093	129	189	232	087	147	108	225	143	158	090	142	194	246	177	146	152	081	132	175	142	262	146	125	155	091	150	184	112	166	085	159	089	167	228	130	092	095	177	205	158	151
513	4	093	136	187	241	103	141	093	143	189	238	087	160	115	229	143	158	090	142	194	252	177	152	160	083	132	183	142	262	150	129	155	091	150	194	112	176	089	161	089	167	238	132	102	103	181	205	168	151
514	4	089	134	179	253	103	135	097	129	189	232	087	147	115	229	143	156	090	140	188	246	167	152	154	083	124	175	138	260	150	125	155	091	146	180	110	172	085	173	085	167	228	128	098	101	177	207	144	145
514	4	091	134	187	271	103	141	103	129	191	238	089	158	115	233	143	160	090	142	190	252	177	152	156	083	132	183	138	262	150	125	155	091	150	180	110	172	089	173	089	167	228	128	102	101	181	211	158	145
515	4	091	136	179	241	103	135	089	141	189	232	087	158	113	231	143	156	090	140	190	246	173	152	154	077	124	179	138	260	148	125	155	091	150	180	112	170	089	161	089	161	228	128	098	101	181	205	142	145
515	4	091	138	187	269	103	135	089	143	191	238	089	162	115	231	143	158	090	140	190	252	177	166	154	083	124	183	142	262	150	125	159	091	150	196	112	170	089	165	089	167	228	130	104	101	191	211	166	151
558	4	091	136	179	253	103	141	093	129	189	232	087	147	108	227	143	158	090	140	190	246	167	152	144	081	124	165	142	260	140	125	155	091	150	180	106	166	089	161	089	167	228	128	092	095	181	207	142	145
558	4	091	136	181	253	103	141	093	129	189	238	089	158	113	233	143	158	102	146	194	252	177	166	154	083	132	175	142	262	140	129	155	094	150	184	112	176	089	165	089	167	228	132	102	103	181	207	144	151
559	4	089	136	179	253	103	135	089	129	189	232	087	158	115	229	143	156	090	128	190	250	177	152	152	077	124	183	138	262	146	125	155	091	150	180	112	166	089	161	089	167	228	114	092	101	191	205	166	151
559	4	089	138	187	253	103	141	093	129	189	232	087	160	115	229	143	158	090	142	194	252	177	154	160	083	132	183	148	262	150	129	159	092	150	180	112	172	089	161	089	167	238	114	102	101	191	207	166	151
560	4	091	136	179	253	103	135	093	129	189	232	087	147	108	227	143	156	090	128	188	252	177	152	144	083	132	165	138	262	150	125	155	091	150	180	112	172	085	161	089	161	224	114	098	103	181	205	166	145
560	4	091	138	187	271	103	141	097	143	191	232	089	158	115	231	143	158	102	148	190	252	177	152	154	083	132	175	142	262	150	129	155	092	150	196	112	172	085	173	091	167	228	132	102	103	181	211	166	151
561	4	089	136	187	253	103	135	093	129	191	232	089	147	108	227	143	156	090	128	188	246	167	146	154	081	126	165	142	260	148	123	155	092	150	180	112	170	085	161	089	167	224	130	092	099	181	207	166	151
561	4	093	136	187	253	103	141	103	129	191	252	091	162	115	233	143	160	090	142	190	252	175	152	154	083	132	183	142	262	150	125	155	092	150	184	112	176	089	173	089	167	228	132	102	101	181	211	166	151
562	4	091	136	179	253	103	145	093	129	189	238	089	158	113	227	143	158	088	140	188	252	167	146	152	083	124	179	142	260	148	129	155	091	150	196	112	176	085	161	081	167	228	114	092	099	181	205	142	151
562	4	091	138	187	253	103	147	097	129	191	238	091	160	113	229	143	160	090	142	194	252	167	166	160	085	126	183	142	260	150	129	159	092	150	198	112	176	089	161	089	167	228	130	098	103	191	205	158	153
563	4	091	134	179	241	103	135	089	141	191	232	087	147	113	229	143	158	090	140	190	246	177	164	154	083	124	179	138	260	146	129	155	091	150	198	112	170	085	161	089	167	228	130	102	099	181	201	158	149
563	4	093	136	187	241	103	141	103	143	191	252	089	160	113	231	143	158	090	148	190	252	177	166	154	083	124	183	142	262	148	129	159	091	150	198	112	176	089	165	089	167	238	130	102	103	191	205	168	151
564	4	089	134	179	253	103	141	089	129	189	232	087	147	115	227	143	156	090	128	194	252	167	152	144	081	124	183	142	262	146	123	155	091	150	180	112	170	089	161	087	167	228	114	092	099	181	205	144	145
564	4	091	138	187	253	103	141	097	143	191	238	087	158	115	229	143	158	090	140	194	252	173	152	152	083	124	183	148	262	150	129	159	091	150	198	112	172	089	173	089	167	228	132	102	101	181	211	166	151
136	5	089	136	187	249	103	135	093	129	191	232	087	158	115	227	143	158	090	142	188	250	173	146	154	081	124	165	142	260	150	125	153	091	150	180	110	166	089	161	089	161	238	114	102	095	181	207	166	145
136	5	089	140	191	249	103	141	097	129	195	232	091	158	115	229	143	160	102	146	190	254	177	158	154	081	124	183	142	260	150	129	155	091	150	184	110	172	089	165	091	167	238	130	102	101	181	207	168	149
138	5	089	136	187	249	103	135	093	129	189	238	087	158	113	229	143	156	090	127	190	252	173	152	144	081	124	175	142	262	150	125	155	091	148	180	106	172	089	161	087	167	228	130	092	095	181	205	158	145
138	5	089	138	187	253	103	145	103	129	191	238	087	158	115	231	143	158	090	146	194	252	177	152	154	083	124	183	142	262	150	129	159	094	150	196	112	172	089	169	089	167	228	130	096	103	191	211	168	153
140	5	089	136	179	253	103	145	085	129	189	232	087	158	108	229	143	160	090	127	188	252	167	152	152	081	124	183	142	260	150	129	155	091	148	180	112	172	089	161	087	167	228	128	102	095	181	211	158	145
140	5	089	138	187	253	103	145	097	141	195	238	087	160	113	233	143	160	090	142	190	254	177	152	160	083	132	183	142	260	150	129	157	092	150	180	112	172	089	165	091	167	228	128	102	103	181	215	166	145
141	5	089	138	187	253	103	145	089	129	189	232	087	158	113	227	143	156	090	142	194	248	173	152	144	081	124	165	138	262	146	129	155	091	148	180	110	172	085	161	081	167	228	130	092	101	181	201	144	145
141	5	091	138	191	253	104	145	097	149	195	238	091	158	115	229	143	158	090	142	194	252	173	152	154	083	132	183	148	262	150	129	155	094	150	180	110	172	089	161	089	167	238	130	098	103	181	205	168	145
144	5	089	136	187	253	103	141	097	129	191	232	087	158	113	227	143	156	090	140	190	252	167	152	154	081	126	165	138	262	150	125	155	091	148	180	110	172	089	161	085	167	224	130	098	101	181	205	144	145
144	5	091	138	191	269	103	141	097	141	191	238	087	162	113	233	143	160	090	142	194	252	177	158	160	083	132	183	142	262	150	129	159	091	150	196	110	172	089	173	089	167	236	132	102	101	191	211	166	153
146	5	089	136	181	253	103	141	093	129	189	232	087	158	113	229	143	156	090	142	190	252	167	146	154	083	124	183	142	262	148	125	155	095	148	180	112	172	089	161	087	161	228	130	098	101	181	205	144	151
146	5	089	136	187	253	103	141	103	143	195	232	087	162	113	231	143	158	090	142	194	252	177	154	154	083	132	183	142	262	150	129	159	095	150	180	112	176	089	161	089	161	228	132	104	101	181	211	144	153
148	5	093	136	179	249	103	141	093	141	189	232	087	158	108	227	143	158	090	138	190	250	167	152	154	081	124	165	142	260	146	125	157	091	148	180	112	166	085	161	087	161	228	114	104	101	177	211	158	145
148	5	093	140	187	249	103	145	103	149	191	238	087	162	115	229	143	160	102	142	190	252	173	166	154	083	132	183	142	260	150	125	159	094	150	180	112	172	089	161	089	167	228	130	104	101	181	215	166	153
150	5	089	138	187	253	103	141	093	129	195	232	087	158	108	229	143	156	090	142	194	252	167	152	152	081	124	165	142	262	150	125	153	091	150	180	112	166	089	165	081	167	238	130	102	095	177	211	168	153
150	5	091	138	187	269	103	145	093	143	195	232	087	158	115	233	143	158	090	146	194	254	177	152	160	083	132	165	142	262	150	129	155	092	150	180	112	172	089	169	087	167	238	130	104	095	181	211	168	153
152	5	089	136	187	249	103	145	093	129	189	238	087	158	113	227	143	156	090	128	188	248	167	152	160	081	124	183	138	260	146	125	155	091	150	180	110	166	085	161	089	167	228	130	096	095	181	211	144	149
152	5	093	138	187	253	103	145	103	149	189	238	089	158	115	227	143	158	090	146	194	252	173	152	160	083	124	183	142	262	150	129	155	092	150	180	112	172	089	165	089	167	238	132	102	095	181	211	166	151
666	5	089	136	187	253	103	145	085	129	191	238	087	158	115	227	143	156	090	127	190	250	167	146	144	081	124	175	142	262	146	125	153	091	150	180	110	166	089	161	081	167	228	128	102	095	181	207	158	153
666	5	091	136	187	253	103	145	097	129	195	238	087	158	115	233	143	158	102	127	194	252	173	146	160	083	126	183	142	262	150	129	155	092	150	184	112	176	095	161	091	167	228	130	104	095	191	215	158	153
667	5	089	136	179	249	103	141	097	129	193	238	087	158	113	227	143	158	102	142	190	252	167	152	152	081	124	175	138	260	150	129	153	091	150	180	110	166	089	161	081	167	224	114	092	095	181	211	142	145
667	5	089	136	179	253	103	145	103	129	195	238	089	158	113	229	143	158	102	142	194	252	173	158	160	081	124	183	138	260	150	129	155	091	150	184	110	172	089	161	081	167	238	128	104	103	181	211	144	153
668	5	089	138	179	253	103	141	093	129	191	238	087	158	113	229	143	158	090	127	190	252	167	146	144	081	124	165	142	262	146	129	155	091	150	180	110	170	085	161	089	167	224	130	102	095	177	207	144	149
668	5	091	140	187	269	103	147	103	143	195	238	091	158	115	233	145	158	102	127	190	254	177	152	154	083	132	179	142	262	150	129	155	091	150	180	112	172	085	169	089	167	228	130	102	103	181	207	166	153
669	5	089	136	179	249	103	135	093	129	189	232	087	158	113	227	143	158	090	138	190	250	167	152	154	077	122	165	142	262	150	129	155	091	150	196	112	170	089	165	087	167	228	130	096	103	181	205	144	149
669	5	089	136	187	249	103	141	093	129	195	238	089	160	115	227	143	160	090	142	194	252	173	152	154	083	132	183	142	262	150	129	155	091	150	196	112	172	089	169	089	167	238	130	096	103	181	211	144	149
670	5	089	136	187	253	103	141	093	129	189	238	087	161	113	227	143	158	090	127	194	252	173	152	154	081	124	165	142	260	146	129	155	091	150	180	090	172	089	161	089	167	228	130	102	095	181	207	158	145
670	5	089	138	187	253	103	145	093	149	189	238	089	162	115	233	143	158	102	127	194	254	177	152	160	083	124	183	148	260	150	129	157	091	150	180	112	172	089	169	089	167	228	130	102	095	181	211	166	151
684	5	089	136	187	253	103	141	093	129	189	232	087	158	108	229	143	156	090	142	190	252	167	152	144	083	124	165	142	262	150	125	153	091	150	180	112	172	089	161	089	167	224	130	096	095	177	205	142	153
684	5	091	138	187	269	103	141	103	143	191	238	087	162	113	231	143	158	090	146	194	252	167	152	152	083	132	183	142	262	150	129	155	091	150	184	112	172	089	169	089	167	228	132	104	095	181	211	168	153
685	5	089	138	179	249	103	141	093	141	191	238	089	158	115	229	143	154	090	128	190	248	173	146	154	083	124	165	142	260	150	125	155	091	150	180	112	166	085	161	089	167	224	130	102	095	181	211	166	145
685	5	089	138	187	269	103	141	093	143	195	238	091	160	115	233	143	156	102	128	194	252	177	158	160	083	132	179	142	262	150	125	157	095	150	180	112	172	089	169	091	167	224	130	102	101	191	211	166	151
686	5	089	136	179	253	103	141	093	129	189	232	087	158	113	227	143	158	090	128	190	252	167	146	154	077	124	179	142	260	150	129	155	091	150	180	110	166	089	165	087	161	228	132	098	101	181	201	142	145
686	5	093	140	191	253	103	141	103	129	191	238	091	158	113	229	143	158	090	142	190	252	173	166	154	081	124	183	142	262	150	129	159	092	150	180	112	166	089	169	087	167	236	132	098	103	181	207	158	153
687	5	089	138	187	253	103	141	085	129	191	232	087	158	113	229	143	156	090	146	194	252	173	146	154	077	124	165	138	262	150	125	155	091	148	184	110	172	089	161	081	167	228	130	102	095	177	207	158	145
687	5	093	140	191	253	103	145	103	141	191	238	087	162	115	229	143	158	090	146	194	254	177	152	154	081	132	183	142	262	150	129	155	091	150	196	112	172	089	161	087	167	238	130	104	095	181	211	166	153
688	5	089	136	181	253	103	135	085	129	191	232	087	158	113	227	143	156	090	142	194	252	167	146	154	081	132	183	142	260	148	129	153	092	150	184	110	172	089	161	087	161	224	130	-9	095	181	211	144	145
688	5	089	138	187	253	103	141	093	129	195	238	087	162	113	229	143	158	090	142	194	252	167	152	154	083	132	183	142	260	150	129	155	092	150	196	112	172	089	161	089	167	228	130	-9	101	181	215	158	153
689	5	089	136	179	253	103	141	089	129	191	232	089	147	113	227	143	156	090	128	194	252	173	152	144	083	124	175	138	260	150	129	153	091	148	180	110	166	089	161	087	167	228	130	098	095	181	205	158	153
689	5	089	138	181	253	103	141	093	149	195	238	091	162	113	233	145	156	102	142	194	254	173	158	160	083	132	183	150	262	150	129	155	091	150	184	112	166	089	169	089	167	236	130	102	101	181	207	168	153
165	6	089	136	179	253	103	135	103	129	189	232	087	160	115	229	143	156	090	127	188	252	173	146	154	077	122	165	138	260	146	123	157	095	146	180	112	170	089	161	089	167	228	130	098	101	181	205	144	151
165	6	091	136	187	253	103	135	103	149	191	252	089	162	115	229	143	158	090	146	194	252	177	152	154	077	132	165	142	262	150	125	159	095	150	180	112	170	089	161	089	167	238	130	102	101	181	211	168	153
167	6	089	134	179	253	103	135	093	143	189	238	087	160	115	229	143	158	090	127	194	252	173	146	154	077	124	183	142	260	140	125	155	091	150	180	090	170	089	161	087	167	238	130	098	099	181	211	142	149
167	6	089	136	187	253	103	141	103	143	195	252	087	162	115	229	143	158	102	127	194	252	177	152	154	083	132	183	142	262	150	125	157	095	150	184	106	172	089	161	089	167	238	132	102	099	191	211	166	151
170	6	089	136	179	253	103	141	093	129	189	232	087	160	115	227	143	156	088	127	194	250	173	146	154	077	124	165	142	260	146	125	155	091	146	180	106	172	089	161	081	167	228	130	098	095	181	211	144	147
170	6	091	136	187	269	103	141	103	143	191	252	089	160	115	227	143	158	090	142	194	252	173	152	160	077	124	175	142	262	150	129	159	095	150	194	112	172	089	173	089	167	228	132	102	095	181	215	166	149
714	6	091	136	187	241	103	135	089	129	189	232	087	147	115	229	143	160	090	127	188	252	167	146	154	077	124	165	142	260	146	125	157	092	150	180	110	166	089	161	087	161	228	130	092	101	181	205	144	151
714	6	091	136	187	253	103	141	093	143	191	238	087	147	115	229	143	160	102	127	190	252	177	166	154	085	126	179	142	262	150	129	159	092	150	180	110	176	095	165	089	167	236	130	102	101	181	205	166	151
715	6	091	136	179	253	103	135	103	129	191	238	087	160	108	229	143	158	090	127	188	250	165	146	154	083	122	165	138	260	146	125	157	091	146	180	110	166	089	161	089	167	228	130	102	095	181	205	-9	149
715	6	091	136	187	269	104	141	103	143	191	252	089	160	113	229	145	158	090	127	194	252	175	152	154	083	124	175	138	262	150	125	159	091	150	180	112	172	089	161	089	167	228	130	102	099	181	211	-9	151
716	6	089	136	181	253	103	135	091	129	191	232	087	158	115	229	143	156	090	142	194	252	177	152	154	077	122	165	138	260	140	123	157	091	150	180	106	170	089	161	087	167	238	130	102	101	181	205	142	151
716	6	089	136	187	253	103	141	103	129	195	252	087	160	115	229	157	156	090	146	194	252	177	152	154	077	132	183	138	262	146	125	159	095	150	184	112	172	089	161	089	167	238	132	102	101	191	211	144	151
717	6	089	136	179	241	103	135	093	129	189	238	087	160	115	227	143	158	090	127	188	250	165	146	154	077	124	175	142	260	148	125	155	-9	146	180	090	172	089	173	081	167	228	130	092	095	181	201	144	149
717	6	091	136	187	269	104	141	093	129	191	252	089	162	115	229	145	160	090	142	194	252	177	152	160	081	124	179	142	262	150	129	155	-9	150	198	106	172	089	173	091	167	228	130	102	099	181	215	158	151
2346	6	089	134	185	247	103	137	089	129	195	232	087	158	108	231	147	154	090	127	194	250	173	152	144	081	122	165	138	262	152	125	155	091	146	184	106	170	083	161	085	161	236	130	092	099	177	211	142	-9
2346	6	093	134	185	247	103	147	097	143	195	238	087	161	115	233	147	156	100	150	200	254	177	152	156	083	132	185	138	262	152	131	157	091	150	198	106	186	089	173	085	161	236	130	092	101	181	211	158	-9
718	7	089	134	179	249	103	135	093	129	191	232	087	158	108	227	143	158	088	127	188	252	167	146	154	077	132	165	148	260	140	125	155	091	150	180	106	170	085	161	089	167	228	130	096	101	181	205	144	145
718	7	091	138	187	253	103	141	103	143	195	238	089	162	113	229	143	160	090	142	194	252	173	152	154	081	132	175	148	262	148	125	155	091	150	184	106	172	089	169	089	167	236	130	102	103	181	205	166	151
719	7	089	136	187	249	103	141	089	129	191	252	087	147	115	227	143	156	090	140	188	252	173	146	144	077	124	165	142	260	140	125	153	091	150	180	106	172	089	161	089	167	228	114	098	095	181	205	142	153
719	7	089	140	187	253	103	147	103	129	191	254	089	162	115	229	143	158	102	142	194	252	173	152	154	083	132	179	148	260	150	125	155	091	150	180	112	178	095	173	091	167	236	130	104	095	191	205	166	153
720	7	089	136	187	253	103	141	089	129	191	232	087	147	108	229	143	156	090	142	188	252	167	146	154	081	132	165	138	260	140	125	157	091	150	180	110	170	083	161	089	161	228	128	096	101	181	205	142	153
720	7	089	140	187	253	103	145	093	129	191	252	089	162	108	229	143	160	090	142	194	252	173	146	154	083	132	183	142	260	150	125	159	092	150	196	112	176	089	169	089	167	238	130	096	103	181	211	168	153
721	7	091	136	187	253	103	145	089	129	191	232	087	158	108	227	143	154	090	127	188	250	167	152	152	083	132	175	142	262	150	129	155	092	150	180	106	166	085	165	087	167	228	128	102	095	181	205	166	153
721	7	091	138	187	271	103	145	093	129	191	252	089	162	113	227	143	154	102	127	194	252	177	152	154	083	132	175	148	262	150	129	155	094	150	184	108	172	089	173	089	167	228	130	102	101	181	205	166	153
722	7	089	138	179	253	103	141	089	143	189	232	087	147	113	229	143	158	090	142	188	252	167	152	154	077	124	183	138	262	140	123	155	092	150	196	090	166	085	161	089	167	228	128	096	095	181	205	166	149
722	7	091	140	179	253	103	141	093	149	191	232	089	147	115	229	143	158	102	146	190	252	173	152	154	081	132	183	148	262	150	129	155	092	150	196	106	170	089	169	089	167	238	130	104	095	181	207	166	151
723	7	089	134	179	253	103	141	093	129	191	238	087	147	115	227	143	158	090	127	194	252	167	152	154	077	124	175	142	260	148	129	153	091	150	180	106	176	089	161	089	167	238	130	102	095	181	205	168	149
723	7	089	134	187	253	103	141	093	129	195	238	089	147	115	229	143	160	102	140	194	252	173	152	160	081	132	175	142	260	150	129	155	092	150	196	106	176	089	161	089	167	238	130	104	101	181	205	168	151
724	7	089	136	181	253	103	141	089	129	189	252	087	158	108	227	143	156	090	127	188	252	167	146	154	081	132	175	138	262	140	125	155	091	146	180	110	170	085	165	087	167	228	114	096	101	181	201	166	153
724	7	091	136	187	253	103	141	103	129	191	252	087	162	115	229	143	156	102	142	188	252	173	152	154	083	132	183	142	262	150	129	159	092	150	180	110	172	095	173	091	167	228	130	102	103	181	205	166	153
725	7	089	136	181	249	103	135	093	129	189	232	087	158	108	229	143	158	090	142	194	252	167	146	144	077	132	165	138	262	140	129	155	091	146	180	110	166	083	161	089	161	228	130	096	101	181	205	144	145
725	7	089	140	187	253	103	141	103	129	191	238	087	162	115	231	143	160	090	142	194	252	167	152	154	083	132	183	142	262	148	129	159	091	150	180	112	170	089	173	089	167	228	132	098	103	181	205	166	151
726	7	089	136	181	253	103	141	093	129	191	238	089	158	115	229	143	158	088	142	188	252	167	146	154	081	132	165	138	262	140	125	153	091	150	180	090	172	083	165	089	167	228	114	096	095	181	205	142	149
726	7	091	140	187	253	103	141	103	143	191	252	091	162	115	229	143	160	090	148	194	252	167	146	158	083	132	175	142	262	150	125	157	091	150	184	106	172	089	169	089	167	236	128	104	103	181	207	144	151
727	7	089	136	187	253	103	141	093	129	191	238	087	158	108	229	143	156	090	127	190	250	167	146	154	077	132	165	142	260	148	129	153	091	150	180	110	172	089	165	089	167	228	114	102	095	181	205	166	147
727	7	091	138	187	253	103	141	103	129	195	238	087	158	115	231	143	158	102	142	194	252	167	152	154	083	132	175	142	262	150	129	159	091	150	196	112	176	095	169	089	167	236	130	104	101	181	211	168	149
728	7	089	134	179	253	103	141	089	129	189	232	087	147	115	229	143	158	090	142	188	252	167	146	154	081	132	183	148	262	140	-9	155	092	150	180	106	170	085	169	089	167	228	130	096	095	181	205	158	145
728	7	091	138	179	253	103	141	093	143	191	238	089	162	115	233	143	160	102	146	194	252	173	152	154	081	132	183	148	262	150	-9	155	094	150	196	106	172	095	169	089	167	228	130	102	095	181	205	168	149
729	7	089	138	181	253	103	135	103	129	189	232	087	158	108	229	143	156	090	140	190	250	173	146	154	077	132	175	142	260	140	123	155	091	148	184	112	166	085	165	087	167	228	128	104	095	181	205	142	149
729	7	091	138	187	253	103	141	103	129	195	232	087	160	115	231	143	158	090	148	194	252	177	152	154	081	132	175	142	262	140	125	159	091	150	196	112	170	085	169	089	167	238	130	104	103	181	205	166	151
730	7	089	138	187	249	103	141	093	129	191	232	089	162	108	229	143	156	088	142	188	244	167	146	154	081	132	165	142	260	140	125	155	091	150	184	106	170	083	169	089	167	228	128	096	099	181	205	142	145
730	7	091	140	187	253	103	141	093	143	191	252	089	162	115	229	143	160	090	142	194	252	177	146	154	081	132	165	148	262	140	129	157	092	150	184	106	172	085	169	089	167	236	130	096	103	181	205	166	149
731	7	089	138	179	253	103	141	097	129	189	232	087	147	113	231	143	154	090	146	190	250	167	152	154	077	132	175	142	262	140	123	155	091	150	196	106	172	085	161	089	167	228	128	096	095	181	205	144	149
731	7	091	138	181	253	103	145	103	149	191	252	091	160	115	231	143	158	090	148	194	252	177	152	154	085	132	183	148	262	150	129	157	094	150	196	112	176	089	165	089	167	228	130	102	103	181	205	144	151
732	7	089	134	187	249	103	141	093	129	191	232	087	162	108	229	143	158	088	142	188	244	167	146	154	081	132	165	138	262	140	125	155	091	150	180	110	170	083	169	091	167	228	130	096	095	181	205	142	145
732	7	089	140	187	253	103	141	093	129	191	232	089	162	115	229	143	160	090	142	194	252	177	146	154	083	132	165	142	262	146	129	157	092	150	184	110	172	089	173	091	167	228	130	098	103	181	205	166	149
733	7	091	138	181	253	103	135	093	129	191	232	087	158	108	227	143	156	090	140	190	252	173	146	144	081	132	175	142	262	140	125	159	091	148	180	090	166	085	165	087	167	228	128	102	095	181	205	166	151
733	7	091	138	181	253	103	141	103	149	195	232	087	162	113	231	143	158	090	148	190	252	177	152	154	083	132	175	142	262	150	125	159	091	150	196	112	176	089	173	089	167	238	130	104	103	181	207	166	151
734	7	089	138	179	253	103	135	093	149	191	232	087	147	113	229	143	156	090	127	190	252	167	146	144	083	124	183	138	260	140	125	155	091	150	180	110	166	089	161	089	167	228	128	098	095	177	205	144	151
734	7	091	138	181	253	103	135	103	149	191	232	087	147	113	229	143	158	090	142	194	252	177	152	144	083	124	183	142	262	150	125	159	091	150	196	112	172	089	161	089	167	238	130	104	103	181	207	144	153
189	8	089	134	185	247	103	141	103	141	191	232	087	160	113	225	143	156	090	140	190	250	177	146	144	083	124	181	142	262	146	129	151	095	150	180	106	172	085	161	087	167	228	130	102	095	181	205	166	145
189	8	091	138	185	269	103	147	103	143	195	238	091	162	115	231	143	156	102	150	194	252	177	152	154	083	124	183	142	262	148	129	157	095	150	198	112	174	085	173	091	167	236	130	104	101	181	211	166	145
190	8	089	136	185	247	103	135	103	129	189	254	087	160	108	225	143	156	090	146	190	250	173	146	144	083	124	175	142	260	146	123	155	095	148	180	106	170	089	173	087	161	228	130	104	095	181	211	142	145
190	8	091	136	187	247	103	145	103	129	191	254	091	162	115	229	143	158	090	150	190	252	175	162	154	083	132	175	142	262	148	129	155	095	150	180	108	172	089	173	087	167	240	130	104	103	181	211	144	149
193	8	089	134	185	247	099	135	097	129	189	232	089	160	113	229	143	156	090	148	188	252	167	152	144	077	124	175	142	256	146	129	155	092	146	180	106	170	083	161	081	167	240	118	098	095	181	205	142	145
193	8	089	138	191	253	103	147	103	129	189	254	089	160	115	231	143	160	090	150	202	252	175	162	156	083	132	175	150	262	146	129	155	092	150	198	112	172	089	161	091	167	240	132	102	103	181	207	158	145
761	8	089	134	185	247	103	147	103	129	191	238	087	160	108	229	143	158	090	150	194	252	175	152	144	083	124	175	142	256	148	123	151	092	150	180	106	170	083	161	085	167	228	130	102	095	181	207	142	145
761	8	091	136	187	247	103	147	103	129	191	238	087	160	113	231	143	160	090	150	194	252	177	156	144	083	124	175	150	260	150	129	155	095	150	180	106	172	089	161	089	167	240	130	104	095	181	211	142	149
762	8	089	134	185	247	103	135	091	129	189	232	087	160	113	229	143	156	090	127	194	250	173	146	144	077	124	175	142	262	140	129	151	092	150	180	106	170	083	173	085	167	236	128	104	095	181	207	142	145
762	8	089	136	185	253	103	135	103	129	191	254	089	160	115	231	143	156	102	148	194	252	177	156	154	083	132	181	150	262	146	129	155	092	150	180	106	170	089	173	089	167	236	130	104	103	181	215	166	145
763	8	089	134	185	241	103	145	093	129	191	254	087	160	108	225	143	154	090	140	190	252	175	156	144	083	124	175	142	260	148	123	155	092	150	180	106	172	085	165	085	161	228	128	102	095	181	205	144	145
763	8	091	136	187	253	103	147	103	129	191	254	089	162	113	229	143	156	102	148	194	252	175	156	144	083	124	183	142	260	148	129	155	095	150	184	108	172	089	173	087	167	238	130	104	101	181	215	144	145
764	8	089	138	185	247	103	135	091	129	189	238	087	160	113	229	143	156	090	146	194	252	167	152	144	083	132	183	142	262	148	129	155	092	150	180	106	172	083	173	081	167	236	118	102	095	181	205	142	145
764	8	091	138	191	247	103	141	103	141	191	238	089	160	115	229	143	156	090	146	194	252	177	156	154	083	132	183	142	262	150	129	155	095	150	184	108	172	089	173	081	167	240	118	104	095	181	205	168	149
765	8	091	134	185	253	103	135	091	129	189	232	087	160	113	229	143	156	090	146	188	252	163	152	144	083	124	175	142	262	148	129	151	095	146	180	106	172	083	173	085	161	228	130	104	101	181	205	144	145
765	8	093	134	187	269	103	141	103	129	191	252	091	160	115	231	143	158	090	150	188	252	175	158	144	083	124	183	142	262	148	129	155	095	150	180	106	174	089	173	089	167	236	130	104	103	191	215	168	145
778	8	091	134	181	241	103	147	097	129	189	248	087	158	108	225	143	154	090	148	194	252	175	146	144	083	124	183	142	260	148	127	155	091	148	180	106	172	085	165	085	167	228	130	098	095	181	205	144	145
778	8	093	134	187	253	103	147	103	143	189	254	089	162	115	229	143	158	090	150	194	254	175	156	156	083	132	183	148	262	150	129	155	095	150	192	106	172	089	173	087	167	228	130	102	103	181	205	166	149
779	8	089	134	187	241	103	141	103	129	189	238	089	160	108	229	143	156	090	148	190	250	173	152	144	083	124	175	142	262	148	127	151	092	146	180	106	170	083	161	081	161	228	130	104	101	181	205	142	145
779	8	091	134	187	269	103	145	103	129	191	254	089	160	115	229	143	156	090	150	202	252	173	156	154	083	132	183	150	262	150	129	155	095	150	180	110	172	089	173	085	167	238	130	104	103	181	211	168	145
780	8	089	136	185	241	103	145	103	141	189	238	087	160	113	225	147	154	090	140	190	252	167	156	144	083	124	175	142	260	146	123	155	091	146	184	106	172	083	161	085	161	236	130	098	103	181	205	142	149
780	8	089	136	191	253	103	145	103	143	191	248	087	160	115	231	147	156	090	146	194	252	173	156	144	083	132	175	142	262	146	129	155	092	150	192	106	172	085	161	091	167	238	130	104	103	181	207	166	149
781	8	089	134	185	241	103	135	093	129	191	238	087	162	113	225	143	156	090	146	194	246	175	152	144	083	132	175	142	262	148	129	151	091	146	180	106	170	089	173	085	167	228	118	102	095	181	205	166	145
781	8	091	136	187	253	103	147	097	129	191	254	087	162	113	229	143	160	090	150	194	252	177	158	160	083	132	183	148	262	150	129	155	095	150	180	106	172	089	173	087	167	236	130	102	103	189	211	166	145
782	8	089	136	185	241	103	135	103	129	189	232	087	160	108	229	143	154	090	140	190	252	175	152	144	083	124	175	142	260	148	129	155	092	150	180	096	172	085	161	085	167	236	130	102	095	181	205	142	145
782	8	089	138	185	247	103	145	103	141	191	248	089	162	108	229	143	156	090	146	194	254	175	152	144	083	132	183	142	262	150	129	155	092	150	180	110	176	085	161	085	167	238	130	104	101	191	205	166	149
783	8	089	134	185	247	103	135	103	141	191	238	087	160	113	229	143	156	090	146	188	252	163	152	144	083	124	175	142	256	148	129	151	092	150	180	106	170	089	173	085	167	236	130	102	095	181	205	166	145
783	8	089	136	185	253	103	135	103	141	195	238	089	160	115	231	143	156	090	150	190	252	163	156	144	083	132	181	150	262	150	129	151	092	150	180	106	172	089	173	087	167	240	130	102	103	181	207	166	149
784	8	089	134	185	253	101	141	097	129	189	238	087	162	113	231	143	158	090	140	190	252	177	152	144	083	124	183	142	260	148	129	155	092	150	180	106	170	089	173	085	167	236	130	098	095	181	205	142	145
784	8	091	138	191	253	103	145	103	129	191	254	091	162	113	231	147	160	090	150	194	252	177	156	160	083	132	183	150	262	150	129	155	095	150	198	106	172	089	173	085	167	240	130	102	103	181	211	168	149
785	8	089	136	185	247	103	135	091	129	189	232	087	160	115	231	143	154	090	140	194	250	163	146	144	083	124	165	142	262	140	129	151	092	146	180	106	170	089	161	081	167	236	118	104	103	181	207	166	145
785	8	091	138	187	253	103	147	103	141	191	254	089	160	115	231	143	156	102	150	202	252	177	162	154	083	124	183	150	262	146	129	155	095	150	180	106	172	089	173	085	167	240	130	104	103	181	215	166	153
786	8	089	134	185	247	103	141	103	129	191	232	087	160	113	229	143	156	090	140	188	252	173	152	144	083	124	181	142	260	150	129	151	095	150	180	106	172	089	165	085	167	240	130	104	095	181	205	158	145
786	8	091	134	185	253	103	145	103	129	195	238	089	162	115	231	147	158	090	150	202	252	177	162	144	083	124	183	150	262	150	129	151	095	150	192	106	174	089	173	085	167	240	130	104	101	181	211	168	149
787	8	089	134	187	253	103	141	097	129	191	232	087	160	108	225	133	156	090	127	190	252	163	146	144	083	124	175	142	260	146	129	155	095	146	180	108	170	085	161	085	167	228	130	102	095	181	205	142	145
787	8	091	136	191	269	103	145	103	141	191	254	089	160	113	225	143	156	090	148	194	252	173	152	160	083	132	183	142	262	150	129	155	095	150	180	108	172	089	173	091	167	240	130	102	101	181	207	144	145
788	8	089	136	185	253	103	135	097	129	189	232	087	160	113	227	133	154	090	150	188	246	163	152	144	083	124	175	142	260	146	123	155	095	146	180	106	172	083	161	085	167	236	118	102	101	181	207	158	149
788	8	089	138	191	253	103	147	097	143	191	232	089	160	113	231	143	156	102	150	202	252	167	156	154	083	132	183	150	262	150	125	155	095	150	192	108	172	083	165	089	167	236	118	102	103	181	215	168	149
789	8	089	134	187	247	103	135	091	129	189	232	089	160	113	225	143	154	090	127	194	250	165	156	144	083	124	175	142	256	148	129	155	092	146	192	096	170	085	161	091	167	240	130	102	095	181	207	142	145
789	8	089	136	191	253	103	135	097	149	191	232	091	161	115	231	143	156	102	148	202	252	167	156	160	083	132	183	142	260	150	129	155	092	150	192	106	172	089	173	091	167	240	130	102	101	181	211	144	149
790	8	089	136	181	247	103	141	091	129	189	238	087	160	113	229	143	154	090	148	190	252	163	152	154	083	124	175	142	260	150	129	151	095	146	180	106	170	085	161	085	167	228	130	102	095	181	211	142	145
790	8	089	138	185	269	103	147	091	143	191	238	089	160	115	231	143	160	102	148	194	252	175	156	154	083	132	183	148	262	150	129	155	095	146	192	106	172	089	165	087	167	236	130	102	103	181	211	142	145
791	8	089	136	185	241	103	135	103	129	191	248	087	160	108	229	143	156	090	140	188	252	173	152	144	083	124	175	142	260	150	129	155	091	146	180	096	172	083	161	081	167	236	130	102	095	181	205	158	145
791	8	089	136	187	253	103	145	103	129	191	254	087	160	115	229	143	156	090	150	190	254	175	158	154	083	132	183	142	260	150	129	155	092	150	180	110	174	085	173	085	167	238	130	102	101	191	215	166	149
792	8	089	136	185	241	103	147	093	129	191	232	087	160	113	225	143	154	090	146	188	246	167	152	144	083	132	175	142	260	146	123	151	091	146	180	106	172	083	161	085	167	228	118	102	095	181	207	166	145
792	8	089	136	191	253	103	147	097	129	191	238	087	162	113	231	147	160	090	148	194	250	175	156	144	083	132	183	148	262	148	129	155	095	150	192	106	172	089	173	091	167	236	130	104	103	189	211	166	149
793	8	091	134	181	253	103	135	091	129	189	238	089	160	108	225	143	156	090	146	188	252	167	156	144	083	132	175	142	260	146	127	155	091	148	180	106	172	083	161	085	161	228	130	104	095	181	205	142	145
793	8	093	136	191	253	103	145	097	129	191	252	089	160	113	231	143	158	102	146	194	254	173	158	144	083	132	175	142	262	146	129	155	092	150	192	110	172	089	173	091	167	240	130	104	103	181	211	166	149
794	8	089	136	187	253	103	147	097	129	189	232	087	160	113	231	143	156	090	148	188	252	163	152	144	083	124	165	142	260	146	129	155	091	146	184	106	170	083	161	085	161	236	130	102	095	181	205	142	145
794	8	091	136	191	269	103	147	097	129	189	238	087	162	113	231	147	158	102	150	202	252	173	156	154	083	124	183	142	260	148	129	155	095	146	192	106	172	085	165	091	167	236	130	102	103	191	211	158	149
795	8	089	136	187	247	103	135	097	143	189	232	089	160	113	229	143	156	090	140	194	252	163	152	144	083	124	165	142	262	146	129	151	092	146	180	106	170	083	161	081	167	236	130	098	095	181	205	144	145
795	8	089	136	191	253	103	147	103	143	189	254	089	162	113	231	147	158	102	146	202	252	175	158	144	083	132	175	150	262	146	129	155	095	146	198	112	170	089	173	089	167	240	130	104	103	191	207	166	149
796	8	089	134	185	241	103	147	097	141	189	238	087	160	108	229	143	154	090	140	194	252	163	146	144	083	124	183	142	260	140	127	155	092	146	180	106	172	085	161	085	167	236	130	098	095	181	211	166	145
796	8	091	136	187	253	103	147	103	141	191	248	089	162	113	231	147	154	102	148	194	254	173	156	160	083	124	183	142	262	146	129	155	092	150	180	106	172	089	173	085	167	238	130	104	095	181	215	166	149
797	8	091	134	181	253	103	145	091	141	189	238	087	160	113	229	143	158	090	146	194	252	163	152	144	083	132	175	142	260	146	129	151	091	150	180	106	170	083	173	085	161	228	130	102	095	181	205	166	145
797	8	091	136	185	253	103	145	103	143	191	254	089	160	113	229	143	158	090	150	194	252	163	158	144	083	132	183	150	262	148	129	155	092	150	180	106	172	085	173	091	167	236	130	102	103	181	207	166	145
798	8	089	134	185	247	103	145	093	129	191	232	087	160	108	225	143	156	090	148	194	250	163	146	154	077	124	175	142	260	146	127	155	092	150	180	106	170	089	161	085	167	236	132	102	095	181	205	142	145
798	8	089	136	185	253	103	147	097	141	191	238	089	160	113	229	147	160	102	150	202	252	173	152	160	083	132	183	142	262	146	129	155	092	150	192	106	172	089	173	091	167	236	132	104	101	181	211	166	149
282	9	091	136	181	253	103	145	093	127	189	232	087	143	113	227	143	156	090	127	194	250	173	150	144	083	124	165	148	262	140	121	153	091	150	180	090	168	085	161	085	161	228	114	102	095	181	201	156	145
282	9	091	138	187	269	103	145	093	143	195	238	087	160	113	233	143	158	100	140	194	252	177	152	154	083	124	179	148	262	140	127	155	092	150	180	090	170	089	161	087	161	236	134	102	099	181	211	168	151
284	9	091	138	187	253	103	135	093	129	189	232	087	160	108	227	143	156	090	127	194	246	175	148	144	081	124	179	148	262	140	127	155	091	146	180	106	168	085	173	085	167	236	114	096	099	181	201	156	145
284	9	099	138	187	269	103	145	097	143	191	254	087	162	113	231	145	156	090	140	194	252	177	152	154	083	132	179	148	262	150	129	155	095	146	180	110	170	089	173	091	167	236	118	098	099	181	201	156	145
287	9	091	138	187	253	103	135	091	131	189	254	087	160	113	229	143	156	090	127	194	250	167	152	154	083	120	183	142	262	140	125	155	091	146	184	090	168	089	169	087	161	228	114	098	099	181	205	156	145
287	9	099	138	187	269	103	145	093	143	195	254	087	160	113	231	145	156	100	127	194	252	175	166	154	083	124	183	148	262	140	127	157	095	150	184	106	170	091	173	087	167	238	134	102	103	191	205	168	149
295	9	091	136	181	241	103	135	093	143	195	238	087	160	108	225	143	154	100	140	194	246	175	148	144	083	120	165	148	262	140	125	151	091	146	180	090	168	085	161	087	161	228	114	102	097	181	211	156	145
295	9	091	138	187	253	103	135	093	143	195	254	087	160	113	225	143	156	100	140	194	252	177	152	144	083	124	183	148	262	140	129	155	095	150	180	108	170	089	165	087	167	228	118	102	099	191	211	156	149
302	9	091	138	187	241	103	135	093	143	189	238	087	160	108	225	143	156	090	127	194	246	173	148	144	083	120	179	142	262	140	127	151	091	146	180	108	168	085	161	087	167	228	114	098	097	179	205	156	145
302	9	091	138	187	269	103	145	093	143	195	238	087	160	113	231	143	156	100	140	194	250	175	152	144	083	120	183	148	262	140	129	157	092	146	180	110	170	089	165	087	167	228	118	102	099	181	211	156	149
306	9	091	138	187	253	103	135	-9	129	191	238	087	143	108	225	143	154	090	127	194	250	175	150	144	081	122	179	142	260	140	127	151	091	146	180	106	170	085	161	087	167	236	114	096	095	179	201	162	145
306	9	093	138	187	253	103	135	-9	143	195	254	087	161	115	233	145	158	100	138	194	254	175	152	144	083	124	179	148	262	150	127	153	095	146	184	110	170	085	169	091	167	236	118	102	103	191	201	166	147
308	9	091	136	181	253	103	135	093	143	189	232	087	160	113	227	143	154	090	127	194	250	167	152	154	081	120	165	142	262	140	127	155	091	150	180	090	170	085	161	087	161	228	134	098	099	181	205	156	145
308	9	091	138	187	253	103	145	093	143	191	254	087	160	113	231	145	156	090	127	194	252	177	166	154	083	120	183	148	262	140	127	155	095	150	184	090	170	091	169	087	167	228	134	102	103	191	211	168	149
867	9	091	138	187	241	103	135	093	143	191	238	087	143	108	227	143	156	090	128	194	250	175	146	144	081	132	165	142	262	140	127	155	091	146	180	090	168	085	161	087	161	228	114	092	097	179	201	156	145
867	9	099	138	187	253	103	135	097	143	195	254	087	161	113	231	143	158	100	128	194	254	175	148	144	083	132	165	148	262	140	127	155	091	146	180	090	170	085	169	091	167	228	114	102	103	179	201	162	149
