1 2 3 4 5 6 7 8 9 10 11 12 13 14 15 16 17 18 19 20 21 22 23 24 25 26 27 28 29 30 31 32 33 34 35 36 37 38 39 40 41 42 43 44 45 46 47 48
34	1	089	136	187	241	103	141	093	129	191	238	087	147	108	225	143	158	090	142	190	252	167	152	154	081	126	183	142	260	150	125	155	092	146	180	110	172	085	161	089	167	228	130	098	101	181	205	144	151
34	1	089	138	187	269	103	141	103	149	195	238	087	158	115	229	143	158	090	146	190	252	177	152	158	083	132	183	148	262	150	129	155	092	150	184	112	172	089	169	091	167	238	130	104	101	181	205	166	153
38	1	089	138	187	253	103	145	103	129	195	238	087	160	108	227	143	158	090	127	190	244	165	152	154	083	132	183	142	260	146	129	155	092	150	180	108	172	085	161	085	167	228	130	098	101	181	205	144	153
38	1	093	140	187	253	103	147	103	143	195	252	087	162	113	231	143	158	090	146	194	252	167	152	154	083	132	183	142	262	150	129	155	095	150	196	110	176	089	169	089	167	238	130	102	103	181	207	166	153
41	1	089	136	179	253	103	145	097	129	191	238	087	147	115	229	143	156	090	146	190	252	173	152	154	081	124	183	142	260	140	125	155	092	150	184	110	166	085	159	091	161	228	130	098	101	181	205	168	149
41	1	093	138	187	269	103	147	103	149	191	238	087	158	115	229	143	158	102	146	190	252	173	152	154	083	132	183	142	262	150	129	155	092	150	196	112	166	089	161	091	167	238	130	102	101	181	205	168	153
44	1	089	136	179	253	103	141	091	129	191	232	087	158	115	229	143	158	102	142	190	252	173	152	154	083	132	183	138	260	150	129	155	091	150	196	110	166	089	159	083	167	228	130	098	095	181	205	142	145
44	1	089	138	187	269	103	145	103	129	191	238	089	160	115	229	143	160	102	142	190	252	173	154	154	083	132	183	142	262	150	129	155	092	150	196	112	172	089	161	089	167	238	130	102	099	181	211	168	153
45	1	089	136	179	253	103	135	093	129	189	232	087	147	115	227	143	156	090	142	190	252	173	146	144	083	126	183	138	260	150	125	153	091	150	180	110	170	089	169	089	161	228	130	102	101	181	205	142	149
45	1	091	138	187	253	103	141	103	149	191	238	089	158	115	227	143	158	090	146	194	252	173	152	154	083	132	183	148	260	150	129	155	092	150	196	112	172	089	169	091	167	228	130	102	101	181	205	168	153
47	1	089	138	181	269	103	135	093	129	191	232	087	158	115	225	143	156	090	138	194	252	165	152	154	083	126	175	142	262	146	125	155	091	150	180	110	166	089	169	085	167	228	130	104	099	181	205	142	145
47	1	091	138	187	269	103	147	103	129	195	232	089	160	115	225	143	158	102	142	194	252	175	152	154	083	132	183	142	262	150	129	155	095	150	196	112	174	089	173	087	167	238	130	106	101	181	205	144	153
50	1	093	136	179	253	103	135	093	129	191	238	087	158	108	225	143	156	090	142	190	252	165	146	154	083	124	175	142	260	146	125	155	091	150	180	110	172	085	161	087	167	228	130	092	095	181	205	168	149
50	1	093	140	181	253	103	147	103	143	191	252	089	158	115	227	145	158	090	146	194	252	177	152	154	083	132	183	148	262	150	125	155	092	150	180	112	172	089	161	091	167	228	134	104	101	181	205	168	151
384	1	091	134	181	253	103	141	093	141	191	238	087	158	113	225	143	158	090	127	190	252	173	152	160	077	124	183	142	262	140	125	155	091	150	180	112	166	085	161	089	167	228	130	102	101	181	205	142	149
384	1	091	136	187	269	103	141	093	149	191	238	087	162	113	229	143	160	090	127	194	252	175	152	160	083	132	183	142	262	146	129	155	092	150	184	112	166	089	165	089	167	238	130	104	101	181	205	142	153
385	1	089	134	187	253	103	141	103	129	191	238	087	158	108	227	143	-9	090	127	190	252	167	152	154	083	132	183	142	260	146	129	155	092	150	180	110	166	085	161	087	161	228	130	102	101	181	205	144	153
385	1	091	140	187	269	103	147	103	143	195	252	089	162	115	231	145	-9	090	142	190	252	173	152	154	083	132	183	142	260	150	129	155	092	150	198	110	172	089	173	091	167	238	134	102	103	181	211	166	153
386	1	089	136	181	253	103	135	103	129	189	238	089	147	115	227	143	154	090	142	190	252	173	152	154	081	132	183	142	262	150	125	155	091	148	196	110	166	089	161	089	167	228	130	098	095	181	205	142	149
386	1	089	136	187	253	103	141	103	141	191	252	089	158	115	229	143	156	090	146	194	252	177	152	154	083	132	183	142	262	150	129	155	095	150	196	112	172	089	173	089	167	238	130	102	101	191	205	168	153
387	1	089	134	187	269	103	141	103	129	191	232	087	158	115	225	143	156	090	138	190	252	167	152	154	083	124	183	142	260	146	129	155	092	150	180	110	166	089	169	087	161	228	130	102	095	181	205	142	149
387	1	089	136	187	269	103	141	103	129	191	238	089	162	115	227	143	156	102	142	190	252	177	152	154	083	132	183	148	260	150	129	155	092	150	198	110	166	089	173	091	167	228	130	104	101	181	205	166	153
388	1	089	136	181	253	103	135	093	129	191	238	087	160	115	225	143	158	090	142	190	252	167	152	154	077	124	175	138	260	146	129	155	091	150	184	110	172	083	161	087	167	228	130	102	101	181	205	142	145
388	1	089	138	187	253	103	141	103	149	191	238	089	162	115	229	143	160	102	142	194	252	173	152	160	083	132	183	138	260	150	129	155	092	150	184	110	172	089	169	091	167	228	130	102	101	181	205	166	145
389	1	089	136	187	253	103	145	103	129	191	238	087	162	108	225	143	158	090	142	190	252	173	152	154	077	124	175	138	260	150	129	155	092	150	180	110	166	083	169	087	167	228	130	102	101	181	205	144	149
389	1	091	138	187	269	103	145	103	129	195	238	087	162	115	227	143	160	090	146	194	252	173	152	160	083	132	183	138	260	150	129	155	095	150	196	110	166	089	173	091	167	238	130	102	103	181	205	168	153
390	1	089	138	187	241	103	135	093	129	189	238	087	158	108	225	143	158	090	138	194	-9	167	152	154	083	132	175	142	-9	146	125	155	091	150	180	108	176	089	161	089	167	228	114	098	101	181	205	166	145
390	1	089	138	187	253	103	145	103	129	195	254	087	160	115	227	143	158	090	146	194	-9	177	152	160	083	132	183	142	-9	150	129	155	092	150	196	112	176	089	169	091	167	238	130	104	103	181	211	166	153
391	1	089	134	179	253	103	141	093	129	191	232	087	158	115	225	143	158	090	127	188	252	167	152	144	081	124	183	138	260	146	123	155	091	146	184	110	166	085	161	085	167	228	114	098	101	181	205	142	153
391	1	091	136	187	269	103	141	103	129	195	238	089	160	115	229	143	160	090	142	190	252	167	152	144	083	132	183	142	260	150	125	155	092	150	196	110	172	089	169	089	167	228	130	104	103	181	211	168	153
392	1	091	138	187	269	103	141	093	129	189	238	087	158	115	229	143	158	090	140	194	252	167	152	154	083	124	183	142	260	146	129	155	092	148	180	110	166	089	161	087	167	228	130	102	101	181	205	142	145
392	1	093	138	187	269	103	141	103	149	191	238	089	158	115	233	143	158	102	146	194	252	173	152	154	083	124	183	142	262	150	129	155	092	150	184	112	176	095	161	089	167	238	130	104	101	181	205	144	153
393	1	089	138	181	253	103	141	-9	129	191	238	089	158	113	225	143	156	090	142	190	252	175	152	154	077	124	175	138	260	146	129	155	092	150	180	110	166	085	161	089	167	228	130	102	101	181	201	166	149
393	1	089	138	187	269	103	147	-9	129	195	238	089	162	115	227	143	160	090	142	194	252	177	152	154	083	132	183	142	260	146	129	155	095	150	194	110	172	089	173	089	167	228	130	104	103	181	205	166	153
394	1	089	136	187	269	103	141	093	141	189	238	087	158	115	225	143	156	090	146	190	252	173	152	154	081	124	183	138	260	140	125	155	092	150	184	110	166	085	161	089	167	228	130	092	101	181	205	168	145
394	1	093	136	187	269	103	145	103	149	191	238	089	162	115	229	143	160	102	146	194	252	173	152	154	083	132	183	142	262	150	129	155	092	150	196	110	172	089	161	089	167	228	130	096	103	181	211	168	153
395	1	089	136	181	253	103	141	091	129	189	238	087	160	115	229	143	154	090	127	190	252	167	152	154	081	126	183	138	260	146	125	155	091	148	184	110	172	083	161	087	167	228	114	102	095	181	205	142	149
395	1	091	136	187	269	103	147	097	129	195	238	089	160	115	233	143	158	090	142	194	252	173	152	154	083	132	183	142	260	150	129	155	092	150	196	110	172	089	161	091	167	228	134	102	099	181	211	168	153
396	1	089	134	179	241	103	135	103	129	191	238	089	160	115	225	143	156	090	142	190	244	167	152	154	083	124	183	138	260	140	125	155	092	150	194	090	172	085	161	089	161	228	130	098	101	181	205	142	149
396	1	091	136	187	253	103	141	103	129	191	238	089	160	115	229	143	160	102	146	190	252	173	152	160	083	124	183	142	260	150	129	155	095	150	194	090	172	089	161	089	167	228	130	102	103	181	207	168	149
328	10	089	136	179	241	103	141	093	129	191	238	087	160	113	227	143	156	090	127	188	246	173	152	144	083	124	183	138	262	146	125	155	091	146	180	106	170	085	161	085	161	228	128	098	095	181	205	142	145
328	10	089	138	181	269	103	145	097	129	191	252	091	162	115	231	145	158	090	127	190	252	177	166	160	083	124	183	148	262	146	129	159	091	154	196	112	172	089	165	089	167	238	130	104	101	181	211	144	151
333	10	089	138	175	247	103	141	083	129	189	232	087	158	115	229	143	158	090	127	194	252	173	152	144	083	124	165	142	260	150	129	155	092	146	192	108	166	083	165	089	167	228	128	102	101	177	205	166	149
333	10	091	142	187	269	103	145	093	149	195	232	087	160	115	229	143	158	090	140	200	252	175	152	154	083	124	175	142	260	150	129	157	092	150	192	112	174	089	173	089	167	238	132	104	103	181	207	166	153
918	10	089	138	179	253	103	145	089	129	191	232	087	160	113	229	143	156	090	127	194	252	173	152	144	081	124	165	142	262	140	129	155	091	150	180	106	170	085	165	085	167	228	118	104	095	181	205	142	149
918	10	091	138	187	253	103	145	097	129	195	238	089	162	115	233	143	158	090	127	194	254	173	156	154	083	132	183	142	262	146	129	157	092	150	184	106	172	095	173	091	167	238	128	104	103	191	205	166	153
919	10	089	134	179	253	103	141	093	129	189	238	087	162	115	227	143	156	090	127	194	252	175	152	154	081	122	175	142	260	146	123	155	091	146	180	106	166	083	169	085	161	228	128	102	103	181	205	166	149
919	10	091	134	181	253	103	145	093	143	191	238	089	162	115	233	145	158	102	150	200	252	177	152	154	083	132	183	142	260	150	129	155	092	150	184	110	174	095	173	089	165	238	130	102	103	181	205	166	151
920	10	089	134	181	253	103	135	093	129	191	232	087	150	113	227	143	156	090	138	188	250	173	146	154	081	124	165	142	260	140	129	155	091	146	184	112	170	085	165	085	167	228	128	092	101	181	205	142	149
920	10	089	138	181	269	103	145	097	129	195	238	089	160	115	229	145	160	102	140	194	252	173	152	160	083	124	183	150	260	150	129	159	091	150	196	112	172	089	175	089	167	228	132	102	103	181	205	142	153
921	10	091	136	181	247	103	141	097	143	189	238	087	162	113	229	143	158	088	140	190	252	173	152	154	081	124	175	142	260	148	129	157	091	150	184	112	172	089	161	085	167	228	114	098	101	181	205	142	151
921	10	091	140	187	271	103	145	103	143	195	238	087	162	115	229	143	160	090	146	194	254	177	166	158	081	124	175	150	262	150	129	159	095	150	192	112	176	089	173	089	167	228	130	104	101	191	211	168	153
922	10	089	136	181	241	103	135	093	129	189	238	087	160	115	227	143	158	090	146	188	252	173	152	154	081	124	179	142	260	140	123	159	092	146	184	106	166	089	161	089	167	228	130	102	095	177	205	142	151
922	10	089	140	187	253	103	145	103	129	191	238	089	161	115	229	147	158	102	150	190	252	177	152	154	083	132	183	142	262	150	125	159	092	150	190	112	172	089	173	089	167	238	134	104	103	181	207	142	153
926	10	089	138	175	241	103	145	089	129	189	238	087	158	115	227	143	156	090	148	188	252	173	146	154	083	124	175	142	260	140	129	157	091	146	184	106	172	089	161	081	167	228	128	092	101	181	205	142	153
926	10	099	138	181	253	103	145	103	129	195	238	087	162	115	227	145	160	090	150	194	252	177	146	160	083	124	183	150	264	146	129	159	091	150	184	112	172	089	175	089	167	238	132	104	103	181	205	166	153
927	10	089	138	175	253	103	135	093	129	189	238	087	147	108	225	143	158	090	127	194	252	173	146	144	077	122	165	142	260	140	123	153	091	150	184	106	172	089	161	089	167	236	130	104	095	181	205	142	149
927	10	089	142	179	253	103	141	103	129	189	252	087	160	115	227	143	158	102	148	200	252	173	152	154	081	122	175	150	260	150	129	159	092	150	192	112	172	089	161	089	167	238	130	104	103	181	205	142	153
928	10	089	134	175	253	103	141	089	129	189	238	087	161	108	225	143	158	102	142	188	252	167	152	144	081	122	175	142	260	150	129	155	091	150	180	110	170	085	165	089	165	228	128	104	095	181	205	144	149
928	10	091	138	187	269	103	145	093	141	191	238	087	162	115	227	143	160	102	146	194	254	173	152	154	081	132	183	150	260	150	131	159	092	150	196	112	174	089	173	089	167	228	134	104	101	191	207	166	149
929	10	091	134	175	253	103	135	093	129	191	232	087	161	113	227	143	158	090	127	194	252	167	146	154	081	124	179	142	262	140	123	155	091	146	180	106	166	089	161	081	161	228	130	104	101	181	205	142	153
929	10	099	138	181	253	103	141	103	129	191	238	087	162	115	227	143	158	090	142	200	252	177	146	154	081	132	183	142	262	150	129	155	095	150	184	112	170	089	161	089	167	228	134	104	101	191	215	158	153
930	10	091	136	181	253	103	135	083	129	189	238	087	158	113	229	143	158	090	127	190	246	173	146	154	081	124	165	142	262	146	125	155	091	146	180	112	172	089	161	089	167	228	128	102	095	181	201	142	145
930	10	091	142	187	253	103	145	089	143	191	238	087	160	115	229	143	160	090	140	194	252	173	152	154	083	124	183	150	262	146	129	157	092	152	180	112	178	089	165	091	167	238	134	104	103	181	211	166	149
932	10	089	134	179	253	103	141	089	129	189	238	087	149	113	229	143	158	088	140	190	246	165	152	160	083	124	165	142	260	146	129	155	092	148	192	112	166	089	161	081	161	224	130	102	099	181	205	142	149
932	10	089	134	185	253	103	141	093	143	191	238	087	162	115	229	143	160	090	146	200	250	177	152	160	083	124	183	150	260	152	129	157	095	148	192	112	174	089	173	089	167	228	134	104	099	181	205	142	151
933	10	089	134	181	253	103	141	103	131	191	238	087	160	113	225	143	156	090	140	194	250	163	146	154	083	132	175	142	260	140	129	155	091	146	184	106	166	089	161	085	167	228	128	102	101	181	205	142	153
933	10	089	134	191	253	103	145	103	149	191	238	087	160	113	229	145	158	090	150	194	252	173	146	160	085	132	183	150	260	150	129	155	092	150	184	112	170	089	173	089	167	238	132	104	103	181	211	166	153
949	10	089	134	179	253	103	141	089	129	189	238	087	149	115	229	143	158	088	140	190	246	165	146	154	083	124	165	142	260	146	127	155	095	148	180	090	172	085	161	081	167	224	128	102	099	181	205	142	149
949	10	089	134	181	269	103	141	097	149	191	238	087	160	115	229	143	160	102	140	200	252	177	152	160	083	124	183	150	262	148	129	157	095	150	192	112	174	089	173	089	167	228	130	104	099	191	211	142	151
950	10	089	138	175	247	103	141	103	129	191	238	087	158	108	225	143	156	090	127	190	252	173	162	144	077	124	175	142	256	140	129	155	091	146	184	106	172	089	161	081	167	228	130	104	099	181	205	142	149
950	10	091	142	187	253	103	145	103	129	195	238	087	162	113	229	143	160	090	140	194	252	177	166	154	081	132	175	148	260	140	129	157	095	150	192	112	178	089	161	089	167	240	130	104	103	181	207	142	153
964	10	089	134	181	241	103	141	-9	129	189	238	087	160	113	227	143	158	090	127	194	252	167	146	144	081	124	165	142	262	140	123	153	-9	146	180	110	166	083	161	081	167	228	128	104	101	181	201	142	153
964	10	091	138	187	253	103	141	-9	129	189	238	087	162	113	227	145	158	090	140	200	252	173	152	154	081	132	179	142	262	146	127	155	-9	146	184	112	172	089	165	089	167	228	130	104	103	181	215	158	153
986	10	089	134	175	253	103	141	097	129	191	238	087	149	113	229	143	158	090	127	190	250	173	146	154	083	124	165	142	256	146	123	155	091	150	180	110	166	089	165	085	161	238	130	102	095	181	205	142	149
986	10	091	138	179	253	104	141	103	129	191	238	087	158	115	229	143	160	102	150	194	252	177	146	154	085	124	175	142	262	150	127	155	092	150	184	112	170	089	169	089	167	240	132	104	103	181	211	166	149
987	10	089	134	179	253	103	135	093	129	189	238	087	160	113	229	143	158	090	127	188	252	167	146	144	077	124	165	142	262	146	123	155	091	146	196	108	170	089	161	081	165	228	130	092	101	181	207	142	153
987	10	091	136	181	269	103	145	103	143	191	238	089	161	115	229	143	158	102	146	194	252	173	152	154	081	132	165	150	262	150	125	157	091	150	198	110	174	089	173	089	167	236	132	102	103	181	215	166	153
1001	10	089	134	179	241	103	141	093	129	191	238	087	158	113	227	143	158	090	127	190	-9	173	-9	144	081	124	165	142	262	150	123	155	091	150	180	106	172	081	161	081	161	228	128	098	095	181	205	142	153
1001	10	089	138	181	253	103	145	093	129	195	238	087	160	115	229	143	158	090	150	194	-9	173	-9	154	081	132	183	142	262	150	129	159	092	150	180	110	174	089	175	089	167	228	130	104	099	193	207	162	153
1002	10	089	134	181	253	103	145	091	129	191	238	087	160	113	227	143	158	090	127	190	252	167	-9	144	077	122	183	142	256	146	123	155	091	146	180	106	172	089	165	085	161	240	118	096	103	181	-9	166	151
1002	10	091	138	187	253	103	145	093	143	195	238	087	162	115	229	143	158	090	140	194	254	173	-9	144	083	132	183	142	260	150	129	155	091	146	184	106	172	095	169	089	165	240	132	098	103	193	-9	166	153
1003	10	089	138	179	253	103	141	097	143	189	232	087	162	113	225	143	158	090	146	188	252	177	146	154	081	124	175	142	260	150	123	155	091	146	180	106	166	083	159	089	167	228	128	102	095	181	-9	142	149
1003	10	099	138	181	253	103	141	103	149	195	252	087	162	115	233	145	158	100	150	194	254	177	146	154	081	124	183	142	262	152	129	155	091	150	184	112	172	089	165	091	167	238	130	104	095	191	-9	144	149
1004	10	089	138	179	253	103	135	085	129	189	238	087	158	113	229	143	156	090	127	194	250	173	152	144	083	124	175	142	260	146	129	153	091	146	184	106	172	089	173	085	167	228	132	102	095	181	205	142	149
1004	10	091	138	185	269	103	145	097	143	191	252	087	161	115	229	147	158	102	140	194	252	175	152	154	085	124	183	148	260	150	129	159	092	150	184	112	186	089	173	089	167	228	132	104	103	181	205	142	153
1005	10	089	134	181	253	103	135	093	129	191	238	087	160	113	227	143	158	090	138	188	252	173	152	154	077	132	165	142	260	150	123	155	091	146	184	106	170	089	161	089	167	228	118	102	101	181	205	142	145
1005	10	093	138	185	269	103	145	103	129	195	238	087	162	115	229	143	158	090	138	194	252	177	152	154	083	132	175	150	262	150	125	159	095	146	196	112	172	095	169	089	167	238	130	104	103	191	205	166	153
1010	10	089	142	175	253	103	145	103	129	191	238	087	160	113	227	143	158	090	127	190	246	167	146	144	083	122	165	142	260	150	129	155	091	146	180	106	166	089	169	089	167	236	128	104	095	181	207	142	149
1010	10	089	142	181	253	103	145	103	129	195	238	087	162	115	227	143	158	090	148	194	254	177	152	154	085	124	175	142	262	150	129	155	092	150	196	112	172	089	175	089	167	238	132	104	095	181	215	166	151
341	11	089	134	181	241	103	135	093	129	189	248	087	154	113	227	143	154	088	142	188	252	159	152	154	081	124	165	142	256	140	127	157	092	146	180	108	172	085	155	081	167	228	130	096	101	181	205	142	145
341	11	089	136	187	271	103	141	097	143	191	252	091	160	115	231	143	160	090	148	194	252	167	152	156	081	132	179	142	256	150	129	159	092	148	192	112	178	089	173	091	167	240	130	098	103	191	207	168	149
343	11	089	134	181	253	103	141	093	129	189	238	087	158	108	225	143	158	090	127	194	244	163	142	154	083	124	165	142	260	150	123	155	092	146	180	106	168	083	165	087	167	238	128	098	095	181	205	142	145
343	11	089	136	187	269	104	141	103	129	191	252	087	160	109	229	143	158	090	127	200	252	177	152	156	083	132	179	142	262	150	125	157	092	150	184	108	172	089	173	091	167	240	130	104	103	191	205	168	149
914	11	089	134	181	253	103	145	093	129	189	232	087	158	108	229	143	158	090	127	190	252	167	146	154	081	132	165	142	260	150	129	155	091	146	184	106	170	085	161	089	161	228	128	102	103	181	205	142	149
914	11	091	138	181	253	103	145	097	129	191	238	089	160	115	229	143	158	090	150	194	252	167	152	154	083	132	165	142	262	152	129	157	091	150	192	112	172	089	173	089	167	238	130	104	103	181	205	166	149
916	11	089	136	179	241	103	141	091	143	191	238	089	161	113	225	143	158	090	140	194	252	175	146	154	083	124	175	142	260	146	125	155	091	150	184	112	170	089	161	089	167	228	130	096	101	179	205	158	151
916	11	089	136	181	241	103	145	097	149	195	252	089	162	115	231	145	158	102	142	194	252	175	152	154	085	124	181	142	262	150	129	155	092	150	192	112	170	095	165	091	167	238	132	102	101	181	211	164	153
924	11	089	138	179	247	103	135	083	129	189	238	091	158	115	227	143	156	090	140	194	252	173	146	154	083	124	165	142	260	150	129	155	091	146	192	106	170	089	165	085	161	238	118	104	101	181	215	142	149
924	11	089	138	187	253	103	145	103	129	191	252	091	162	115	229	143	158	090	146	200	252	173	150	154	085	132	175	148	262	150	129	159	092	146	198	106	172	089	173	089	167	240	130	104	101	181	215	158	153
938	11	089	134	181	253	103	141	089	129	189	238	087	149	115	227	143	158	088	140	190	252	165	146	154	081	124	183	142	262	140	123	155	091	146	184	090	170	085	161	089	161	228	128	104	099	181	211	142	151
938	11	091	138	181	253	103	141	093	149	191	238	087	162	115	229	143	160	090	142	200	252	177	152	154	083	132	183	142	262	148	127	157	095	148	192	112	172	089	173	089	167	228	130	104	101	191	215	158	153
939	11	089	134	179	241	103	141	093	129	189	238	087	160	113	229	143	156	102	146	194	252	173	146	154	077	124	175	142	260	150	129	157	091	150	192	106	172	089	161	085	167	228	118	102	095	181	201	142	149
939	11	091	138	187	253	103	141	103	129	189	238	087	162	115	229	143	160	102	148	200	252	177	152	160	083	124	183	150	262	150	129	159	092	150	192	110	174	089	173	089	167	240	130	104	101	191	205	158	153
940	11	091	138	179	253	103	135	091	129	189	238	087	158	108	229	143	158	090	127	194	246	173	146	144	081	124	183	142	260	150	127	155	091	150	180	112	172	081	161	089	161	228	130	098	103	181	205	142	149
940	11	091	138	181	253	105	141	103	143	189	238	087	162	113	229	147	158	090	140	200	252	177	152	154	081	132	183	150	262	152	129	159	092	150	184	112	174	083	165	089	161	238	132	102	103	191	211	142	149
941	11	091	134	179	241	103	135	089	129	189	238	087	160	113	225	143	158	090	148	194	252	177	152	154	081	122	165	142	260	140	127	153	092	150	180	106	172	089	161	085	167	228	130	104	101	181	205	142	-9
941	11	091	138	187	269	103	141	093	129	189	238	087	160	113	229	143	160	102	148	200	252	177	152	160	083	124	175	150	262	150	129	159	092	150	192	112	172	089	173	087	167	236	130	104	103	191	211	158	-9
942	11	089	132	179	253	103	135	083	143	189	232	087	143	113	231	143	158	090	127	188	250	175	146	154	081	124	175	142	260	146	123	155	091	146	180	106	172	089	159	081	161	228	128	102	095	181	205	142	145
942	11	091	138	179	253	104	141	097	149	191	238	087	162	113	233	143	158	102	150	200	252	177	150	156	083	132	175	150	262	150	129	155	092	150	192	106	176	089	167	089	167	238	130	102	095	181	211	166	149
943	11	089	132	179	241	103	135	103	129	189	238	087	158	108	227	143	154	090	127	188	252	173	150	154	083	124	165	142	260	146	123	155	091	150	180	108	172	089	165	081	167	228	130	092	103	181	205	142	149
943	11	093	140	181	253	103	145	103	133	195	238	089	158	113	227	143	158	102	142	190	252	173	162	154	083	136	183	148	260	150	129	155	092	150	184	112	176	089	165	091	167	228	134	102	103	181	207	142	151
944	11	089	136	175	241	103	141	093	129	189	232	087	160	115	225	143	158	090	127	188	252	173	146	154	077	124	179	142	260	150	125	155	091	150	180	106	170	081	161	085	167	228	128	102	095	181	207	142	145
944	11	091	138	179	253	103	145	093	129	189	238	089	162	115	227	143	158	090	146	200	254	173	152	154	081	124	183	148	262	150	129	159	092	150	190	110	174	081	169	089	167	238	128	104	099	181	211	144	149
945	11	089	134	179	241	103	145	091	129	189	238	087	149	113	229	143	156	090	127	190	246	173	152	144	081	124	165	142	260	150	129	155	091	146	180	112	172	089	165	089	161	238	130	098	099	181	205	142	149
945	11	091	138	181	253	103	145	103	143	189	238	087	162	115	229	143	158	090	148	194	252	177	152	154	083	132	165	142	260	150	129	159	091	146	184	112	174	089	165	089	167	238	132	104	101	193	207	142	153
946	11	089	138	179	241	103	145	093	129	191	238	087	160	108	229	143	158	102	140	190	246	167	152	154	081	120	179	142	256	146	125	155	091	146	180	108	168	085	165	085	161	228	130	104	095	181	205	142	147
946	11	091	138	187	253	103	145	103	143	191	252	089	162	115	229	143	158	102	146	194	252	173	152	154	081	122	179	150	262	150	129	155	095	146	180	110	174	089	165	091	167	238	132	104	099	181	215	162	151
947	11	089	134	185	253	103	145	097	129	189	232	087	160	108	229	133	156	088	140	188	252	167	146	154	081	132	165	142	260	146	125	153	092	146	180	106	170	081	165	089	161	238	128	102	101	181	205	142	151
947	11	091	138	187	269	103	145	103	129	189	232	087	160	115	231	143	156	090	140	188	252	177	164	154	083	132	175	142	262	148	129	153	092	150	184	112	172	083	169	091	167	240	130	102	103	181	205	164	153
951	11	089	134	181	241	103	141	083	129	189	232	087	161	108	229	143	154	090	140	188	252	173	146	144	083	122	165	142	260	140	125	153	092	146	184	106	170	085	161	089	161	238	130	104	099	181	205	144	149
951	11	091	136	181	247	103	145	097	149	191	238	089	170	115	229	147	158	090	148	194	252	177	152	154	083	124	175	148	262	148	127	155	094	150	196	112	174	089	173	089	161	240	134	104	103	181	205	168	151
952	11	089	134	187	253	103	145	093	143	189	232	087	158	108	225	143	156	090	140	194	252	163	146	154	081	124	183	142	262	146	121	151	091	146	180	106	170	081	161	085	167	228	128	104	103	181	201	142	149
952	11	091	134	191	269	103	145	103	143	191	236	087	160	115	229	143	158	090	148	194	252	167	152	154	083	132	183	142	262	150	125	157	091	150	192	112	172	089	173	089	167	240	130	104	103	191	205	166	151
953	11	091	134	187	253	103	135	089	129	189	238	087	158	113	229	143	158	090	142	194	252	173	152	154	083	122	175	142	256	140	129	157	091	146	180	106	172	089	161	087	167	228	128	102	101	181	205	142	151
953	11	091	138	187	269	103	147	089	129	189	238	087	160	113	229	143	160	102	148	200	252	177	152	160	083	124	183	142	260	150	131	159	091	150	180	110	174	089	173	089	167	236	130	104	103	191	211	158	151
954	11	089	138	179	253	103	141	093	129	189	238	087	160	113	227	143	158	102	127	194	252	175	146	154	083	124	175	142	260	140	129	155	092	150	180	106	172	089	165	087	161	228	130	102	101	181	205	142	153
954	11	091	140	187	253	105	145	093	143	189	238	087	162	115	229	143	158	102	146	194	252	175	152	154	083	132	179	142	262	150	131	155	095	150	192	108	172	095	165	091	167	240	130	102	103	191	215	158	153
955	11	089	134	175	247	103	145	093	129	189	232	087	158	115	229	143	154	090	127	188	252	173	146	144	081	124	175	142	260	148	127	155	094	150	184	106	170	089	161	087	161	238	130	104	099	181	211	142	149
955	11	091	142	187	253	103	145	103	143	189	252	087	162	115	229	145	156	100	142	188	252	175	152	156	083	132	183	148	262	150	129	157	094	150	192	106	172	089	173	089	167	240	134	104	101	181	215	166	153
961	11	089	136	175	247	103	145	-9	129	189	238	087	158	113	229	143	156	090	142	194	252	167	152	156	081	124	165	142	262	146	123	155	091	146	180	106	170	085	161	089	167	228	130	092	101	181	205	142	-9
961	11	091	136	179	253	103	145	-9	143	189	238	087	162	115	229	143	156	090	142	194	252	173	152	156	083	124	165	142	262	150	129	155	095	150	180	112	174	089	165	091	167	228	130	092	101	191	211	170	-9
974	11	091	136	179	253	102	145	103	129	189	238	089	160	108	225	143	156	090	127	188	252	167	146	154	081	122	175	142	262	146	129	155	095	146	180	090	172	085	161	085	167	228	118	102	095	191	205	142	145
974	11	091	138	187	253	103	145	103	129	189	238	089	162	115	227	145	158	102	127	200	252	177	152	156	085	132	183	148	262	146	129	157	095	150	192	106	172	089	173	089	167	238	130	104	095	191	205	142	149
975	11	091	134	175	253	103	141	083	129	189	232	087	143	113	229	-9	160	090	127	194	252	173	146	154	077	124	181	142	260	150	123	159	092	146	184	106	174	085	161	089	167	228	128	092	101	181	205	144	-9
975	11	091	136	179	253	103	145	093	143	195	232	087	170	115	229	-9	160	090	127	194	252	175	158	154	081	132	183	142	262	150	125	159	094	150	196	112	176	085	173	091	167	238	130	104	103	181	215	158	-9
980	11	089	134	181	247	103	135	089	129	189	232	087	158	113	229	143	158	090	140	194	252	165	146	144	083	124	165	142	260	140	123	155	091	150	180	106	170	089	161	089	167	236	130	104	095	181	205	166	145
980	11	091	138	187	253	105	141	103	143	189	238	087	158	115	229	143	158	102	150	194	252	177	158	154	083	124	175	142	262	146	125	159	091	154	184	106	174	089	165	089	167	238	132	104	101	181	207	168	151
981	11	089	136	181	269	103	141	089	129	189	232	087	158	108	229	143	158	090	148	194	252	165	152	154	081	132	175	142	262	146	125	155	091	146	184	108	168	085	161	081	161	228	128	096	095	181	211	142	149
981	11	091	138	187	271	103	145	097	149	191	238	091	170	115	229	145	160	090	148	200	252	177	158	154	085	132	183	150	262	150	125	155	095	146	192	112	172	089	169	089	167	236	130	102	101	181	211	158	151
982	11	089	138	181	253	103	135	083	141	189	238	087	158	115	227	143	156	090	142	194	252	173	146	154	081	132	175	142	260	150	125	155	091	150	196	106	174	089	173	089	167	228	128	096	095	177	205	166	149
982	11	089	138	187	269	105	135	085	143	191	238	087	161	115	229	145	158	102	142	194	252	177	152	154	083	132	179	150	262	150	129	159	092	154	196	112	174	089	173	089	167	238	128	104	103	181	207	166	149
984	11	089	134	181	253	103	141	093	129	189	232	087	161	108	227	143	158	088	140	200	250	163	152	156	081	124	179	142	260	146	129	155	091	146	180	106	174	089	161	089	161	228	118	098	101	179	201	168	145
984	11	091	138	187	253	103	145	103	129	189	238	087	162	113	229	143	158	090	142	200	252	167	152	160	083	124	183	142	262	150	129	157	095	150	196	110	176	089	177	089	167	238	130	104	103	181	215	168	147
985	11	089	138	179	253	103	145	103	129	189	232	087	158	108	231	143	156	090	127	190	252	167	152	154	083	124	165	142	256	140	125	155	092	148	180	108	170	083	155	085	161	238	130	092	095	191	205	142	151
985	11	091	138	181	253	103	145	103	149	191	238	087	162	113	231	147	158	090	148	194	252	167	152	160	083	124	175	148	260	146	129	157	095	150	196	110	178	089	173	087	161	238	130	104	103	191	211	164	153
2578	11	089	138	181	253	103	135	093	129	191	238	087	143	113	229	143	154	088	142	194	252	173	142	154	081	122	183	142	262	150	123	155	091	150	180	106	172	085	165	089	-9	228	118	104	103	177	205	142	-9
2578	11	091	138	187	253	104	135	105	143	191	238	087	143	115	229	143	158	090	146	194	252	173	142	154	081	132	183	142	262	150	125	155	092	150	192	112	174	089	165	089	-9	240	128	104	103	181	211	142	-9
2580	11	089	134	187	253	103	145	093	129	191	238	087	162	113	227	143	154	090	128	190	252	167	152	154	081	124	175	142	256	148	125	155	092	150	196	108	170	085	165	089	167	228	130	098	099	181	205	142	-9
2580	11	091	136	187	253	104	145	103	143	195	238	089	162	115	233	143	158	090	140	194	252	167	166	154	081	132	183	148	260	150	129	157	095	154	198	110	174	085	169	091	167	240	130	098	103	191	211	158	-9
2470	12	091	134	175	253	103	135	097	143	189	238	085	143	113	-9	143	158	090	128	194	246	165	152	144	083	122	179	142	262	146	123	155	092	146	192	108	170	089	161	087	161	236	130	098	095	179	211	164	-9
2470	12	091	134	185	271	103	147	097	149	191	238	087	161	115	-9	145	158	100	128	200	250	173	156	156	083	122	183	148	262	150	127	159	092	154	198	110	174	089	161	089	167	240	134	104	101	191	215	168	-9
2471	12	091	136	187	241	103	135	089	129	189	238	087	160	113	229	143	156	088	128	194	250	165	152	156	081	122	179	148	256	146	127	155	092	148	184	108	168	083	161	087	161	228	130	096	095	179	201	158	149
2471	12	091	138	187	253	103	147	097	143	191	238	089	161	113	229	143	160	102	148	200	254	175	162	158	083	122	185	150	262	150	127	157	092	150	198	108	170	089	173	087	167	240	130	098	101	191	205	168	149
2472	12	091	138	187	241	103	135	089	129	189	238	087	160	113	225	143	154	088	128	194	246	163	150	144	083	120	165	142	262	140	127	153	092	146	184	108	168	089	161	085	161	240	130	092	101	181	215	142	149
2472	12	091	138	187	249	105	141	097	149	195	238	089	160	113	231	147	158	088	150	202	254	173	162	156	083	124	165	142	262	140	127	157	092	146	196	108	172	095	173	087	161	240	130	104	103	191	215	162	149
2484	12	089	136	175	241	103	137	099	127	191	238	085	160	108	231	143	154	088	128	194	250	173	156	156	081	122	165	142	260	146	127	151	092	146	184	106	170	083	161	087	161	228	130	098	101	177	205	164	149
2484	12	091	140	185	269	103	137	105	149	191	238	091	160	115	233	143	154	088	150	200	254	175	158	156	083	122	183	148	262	150	129	155	095	150	198	108	172	089	161	087	167	240	130	104	103	191	211	168	149
2486	12	091	136	187	245	103	135	097	129	195	238	087	143	108	229	147	154	090	140	194	246	175	152	156	083	122	165	142	260	140	125	153	091	146	192	106	168	089	161	087	161	240	118	096	101	181	207	162	-9
2486	12	091	138	187	271	104	135	101	143	195	238	091	158	113	229	147	160	100	140	200	250	175	158	156	083	124	183	142	262	148	127	155	095	146	192	108	170	089	173	087	165	240	130	098	101	191	211	168	-9
2487	12	089	136	185	241	103	135	089	129	189	238	085	160	113	225	143	156	088	128	194	246	165	156	156	083	122	183	138	262	140	123	157	091	146	180	106	168	083	161	085	161	236	130	092	099	191	205	142	-9
2487	12	091	138	187	253	103	135	097	149	191	238	089	160	113	229	143	158	100	150	200	250	173	164	158	083	122	185	148	262	140	127	159	095	150	180	112	172	089	173	087	165	240	130	104	103	191	215	158	-9
2489	12	091	134	179	241	103	137	089	143	189	238	087	143	113	229	145	158	100	128	194	250	163	142	144	081	124	183	142	256	150	129	153	092	146	180	108	168	083	161	089	167	240	130	096	095	191	205	162	149
2489	12	091	136	187	253	103	147	105	149	195	238	091	160	115	233	145	160	100	148	194	250	173	162	156	083	124	185	148	262	150	131	155	094	150	198	112	168	089	165	091	167	240	134	104	099	191	211	164	149
2596	12	091	134	185	245	103	135	097	129	191	238	087	160	108	229	143	154	088	150	194	250	175	150	144	081	122	179	142	262	146	127	155	090	146	180	106	168	083	161	087	161	-9	130	096	095	191	205	142	149
2596	12	091	142	191	249	104	135	097	143	191	254	089	160	108	231	143	158	102	150	200	254	175	158	144	083	122	181	142	262	150	127	159	091	150	184	110	170	089	165	089	161	-9	134	096	099	191	215	168	149
1366	12	089	136	187	241	103	135	089	143	189	238	087	160	115	229	143	154	088	127	194	246	167	150	154	083	124	179	142	260	140	127	153	092	146	180	108	168	083	161	085	167	236	130	096	101	191	205	142	149
1366	12	091	140	187	241	103	135	101	143	189	238	087	160	115	231	145	156	088	140	200	250	175	158	156	083	126	181	142	262	140	131	153	095	146	184	108	176	089	165	089	167	240	134	096	103	191	215	164	149
1367	12	089	136	175	249	103	135	089	149	189	232	089	161	108	231	143	156	088	127	190	250	167	156	156	081	124	179	148	260	140	125	153	092	146	180	108	168	089	161	087	167	236	130	092	095	179	205	164	149
1367	12	091	136	185	253	103	135	105	149	189	250	091	161	113	233	143	160	088	150	194	254	173	158	158	083	124	185	150	262	146	127	155	095	146	198	110	170	089	161	091	167	240	130	104	101	191	211	164	153
1368	12	089	136	175	253	103	135	089	127	195	232	087	161	113	231	145	154	088	127	194	246	163	156	154	081	122	181	142	262	140	127	153	092	146	180	108	170	083	161	085	167	240	130	098	095	181	202	156	149
1368	12	091	138	179	271	103	147	091	149	195	238	091	161	115	231	145	160	090	148	202	254	167	164	156	081	124	181	142	262	146	129	155	092	154	198	110	172	085	161	089	167	240	130	098	095	191	215	168	153
1369	12	091	136	187	245	103	137	097	143	189	238	085	160	108	231	145	154	088	140	194	250	173	152	144	081	124	179	148	262	146	127	153	092	146	180	108	170	089	161	089	167	228	134	092	099	191	205	142	149
1369	12	091	138	187	253	103	147	101	149	195	252	087	160	115	233	145	158	088	140	200	250	175	156	144	083	124	181	148	262	150	129	155	092	146	180	108	170	089	161	091	167	236	134	098	103	191	205	164	149
1370	12	089	136	175	241	103	135	089	129	191	238	087	160	108	225	143	154	088	127	194	246	167	150	156	081	124	181	142	256	140	127	153	091	146	180	106	168	083	161	085	161	228	130	092	095	181	211	158	143
1370	12	091	136	187	271	105	135	093	143	195	254	087	170	113	229	143	158	090	127	200	250	175	158	158	085	124	181	148	260	146	131	155	095	154	180	108	168	089	161	089	167	240	130	092	095	191	215	162	149
1371	12	089	136	175	241	103	135	089	149	189	232	085	160	108	229	143	154	088	127	190	250	173	156	156	083	124	179	150	262	140	125	155	092	146	192	108	170	089	161	087	167	236	130	098	095	177	205	156	149
1371	12	091	136	175	249	103	135	101	149	189	238	091	161	108	231	143	156	090	150	194	254	175	158	156	085	124	183	150	262	140	125	155	092	150	198	110	170	089	173	091	167	240	130	104	101	191	211	164	149
1372	12	091	136	185	241	103	135	089	129	189	238	087	158	108	229	143	158	088	127	194	250	163	152	154	083	122	181	142	260	140	123	153	091	146	180	108	168	089	161	085	161	236	130	092	095	191	205	156	149
1372	12	091	136	185	241	105	135	091	149	195	250	087	161	115	231	143	158	100	140	194	250	177	158	156	083	124	183	150	260	140	125	155	095	150	198	108	176	089	161	091	167	236	134	104	101	191	211	168	149
1373	12	091	134	175	241	105	135	093	129	189	238	087	161	113	231	143	154	090	127	194	252	175	158	144	081	124	179	142	256	140	125	155	091	146	180	108	168	083	161	087	161	238	118	092	101	181	201	158	149
1373	12	091	136	175	271	105	141	105	149	191	254	087	170	115	231	143	158	100	150	194	254	175	158	158	083	124	183	142	262	150	127	159	092	146	180	108	176	089	161	087	167	240	130	098	101	191	211	168	149
1374	12	089	136	187	241	103	135	089	129	189	238	087	160	115	225	143	154	088	127	194	246	163	158	154	083	124	181	142	260	140	127	153	092	146	180	106	168	089	161	085	161	236	130	092	095	191	205	156	143
1374	12	089	136	187	245	105	135	097	143	191	238	087	160	115	231	147	156	090	148	200	250	175	158	156	083	124	181	148	260	146	131	159	092	146	180	108	176	095	161	091	167	240	134	104	103	191	211	158	149
1375	12	089	136	181	241	103	135	097	127	191	232	085	143	113	229	143	154	088	127	194	246	173	142	144	083	124	181	142	260	146	131	155	091	146	192	108	168	083	161	087	161	236	118	098	095	181	205	162	145
1375	12	093	138	185	271	105	135	101	143	195	238	087	160	115	233	147	154	088	140	200	250	175	162	156	083	124	181	148	262	146	131	159	092	146	198	108	168	083	173	091	161	240	130	098	099	191	211	164	151
2476	12	091	134	175	241	103	135	093	129	191	238	087	143	113	231	143	154	090	142	194	250	175	158	144	081	122	181	142	262	140	125	153	092	146	180	106	168	089	161	085	161	228	130	092	097	177	211	158	145
2476	12	091	136	185	241	105	147	105	143	191	238	087	161	115	231	147	154	090	150	194	252	175	158	154	081	124	183	148	262	150	127	155	092	146	198	110	176	089	161	087	161	240	130	096	101	191	211	158	149
2478	12	089	134	181	241	103	135	089	129	189	238	089	158	108	229	143	156	090	140	194	246	175	150	156	081	122	183	148	256	140	123	153	092	146	184	108	168	089	165	085	165	236	130	104	099	177	207	156	-9
2478	12	089	136	187	253	107	135	093	143	189	238	091	160	108	229	147	158	090	140	200	250	175	162	156	081	122	185	148	262	150	127	157	092	154	198	108	168	089	173	085	167	240	130	104	099	191	211	168	-9
2479	12	091	134	179	241	103	147	093	127	189	238	085	160	108	229	143	154	088	128	-9	250	175	158	154	083	124	179	142	262	140	127	155	091	148	180	106	170	089	161	085	161	238	130	092	095	191	211	162	-9
2479	12	091	136	187	241	105	147	097	149	189	238	089	161	115	231	145	154	100	140	-9	254	175	162	156	083	124	181	150	262	150	131	155	091	150	184	108	170	091	173	089	167	240	130	092	101	191	211	162	-9
2481	12	091	138	181	241	103	135	097	129	191	238	085	160	113	229	143	154	090	140	194	250	175	158	154	081	122	165	148	256	146	125	155	092	146	180	106	170	089	161	089	161	228	130	092	099	191	211	162	149
2481	12	091	138	185	253	103	141	105	149	195	238	091	160	115	231	143	158	100	150	198	254	175	162	160	083	124	181	150	262	150	127	155	095	146	198	108	174	089	161	089	161	240	130	098	101	191	211	170	151
2483	12	091	136	175	241	103	135	089	129	195	254	087	-9	108	-9	143	154	090	128	194	246	165	150	144	081	124	179	142	260	140	127	153	091	146	180	108	168	089	161	085	167	238	130	092	095	181	211	162	143
2483	12	091	136	181	253	103	135	089	143	195	254	087	-9	115	-9	143	154	090	148	200	250	167	158	158	081	124	181	142	262	146	127	159	092	154	198	108	172	089	161	087	167	240	134	096	101	191	215	162	149
2485	12	091	138	185	241	103	135	089	143	191	232	087	161	108	229	143	158	088	128	194	250	175	158	144	081	122	179	142	262	146	127	155	092	146	184	108	168	083	161	087	161	236	130	092	095	179	205	142	149
2485	12	091	138	187	247	107	137	101	149	195	238	091	161	113	229	143	158	088	140	200	254	175	158	144	083	122	179	142	262	146	127	159	095	150	198	108	186	089	165	087	167	238	130	104	101	191	211	170	151
2488	12	091	134	175	241	103	135	097	143	191	238	085	160	113	229	145	156	090	140	194	244	165	156	144	083	122	179	142	260	146	123	153	092	146	192	106	172	083	161	087	165	236	130	098	095	179	201	164	149
2488	12	091	140	187	253	103	135	101	149	195	238	087	161	113	231	145	158	090	150	194	254	175	158	154	083	122	185	148	262	146	127	153	095	146	192	108	176	089	161	087	165	236	134	098	101	193	211	168	149
2490	12	089	134	185	241	103	135	091	129	191	238	085	143	108	229	143	154	088	128	194	246	163	158	144	081	122	179	142	262	140	127	153	091	146	180	106	170	083	161	089	161	228	130	092	095	177	205	164	149
2490	12	091	140	187	241	105	141	091	143	195	238	087	143	115	231	143	156	090	128	194	250	177	164	156	083	122	183	142	262	146	131	153	092	150	180	108	172	089	161	089	161	240	130	104	101	191	211	164	149
2492	12	089	138	185	241	103	135	089	129	191	232	085	160	113	229	143	156	088	128	194	246	173	158	156	081	122	179	138	262	140	127	159	091	146	180	106	168	083	161	085	161	236	130	092	099	181	215	158	-9
2492	12	089	140	187	253	103	135	093	149	191	232	087	161	115	231	147	158	090	128	200	250	175	164	156	083	124	183	142	262	140	127	159	095	150	198	106	170	083	161	087	161	236	130	092	099	191	215	168	-9
2493	12	091	136	175	241	103	135	089	129	189	238	087	143	115	229	143	158	088	140	200	246	163	158	154	081	122	179	142	260	140	127	153	091	146	184	106	172	089	161	085	165	240	130	098	095	191	205	166	149
2493	12	091	140	179	241	103	141	101	129	191	238	091	160	115	229	145	160	102	140	200	252	173	162	158	083	122	185	150	262	140	127	155	095	150	192	108	172	089	161	087	165	240	130	098	103	191	215	168	151
2494	12	089	134	185	241	103	135	089	129	195	238	089	158	115	229	143	154	090	128	194	244	175	150	154	081	120	179	150	260	146	123	153	091	146	184	108	170	083	161	087	161	240	130	092	095	179	211	142	-9
2494	12	091	136	187	241	105	141	097	149	195	238	089	161	115	231	143	158	100	140	198	254	175	158	156	083	124	179	150	262	150	127	155	092	150	196	112	176	083	161	089	167	240	130	098	099	191	215	142	-9
2495	12	089	136	175	241	103	135	089	143	189	238	087	143	113	229	143	158	090	142	194	250	173	158	154	083	122	165	142	262	140	123	155	092	146	198	106	170	083	173	087	161	228	118	092	099	177	205	142	149
2495	12	091	140	175	241	105	141	093	149	189	238	091	161	115	231	143	158	100	150	198	250	175	158	154	083	124	179	150	262	148	129	155	095	148	198	108	170	089	173	087	167	240	134	104	101	191	205	144	151
2496	12	089	136	185	241	103	135	089	127	189	238	087	158	108	229	143	154	088	140	200	250	163	150	154	081	122	181	142	262	150	127	159	092	146	180	108	172	083	165	087	161	240	134	096	095	179	205	162	149
2496	12	091	138	185	241	103	147	097	129	195	238	089	160	113	233	147	160	088	150	202	254	175	162	156	083	124	183	148	262	150	131	159	095	150	192	110	174	089	165	087	161	240	134	104	095	191	205	168	149
2497	12	089	134	181	241	103	135	093	127	195	232	087	160	113	229	145	156	088	140	194	246	175	158	156	081	122	179	142	262	140	123	155	092	146	184	108	168	089	161	085	165	236	130	096	095	179	207	156	-9
2497	12	091	136	187	241	104	141	093	149	195	238	087	161	115	231	147	160	090	150	194	250	175	164	158	083	122	181	150	262	150	127	159	094	150	198	108	168	091	173	089	167	236	130	098	099	191	207	164	-9
2592	12	091	134	185	249	103	135	097	129	191	238	087	143	108	229	143	154	088	140	194	254	173	158	144	081	122	181	142	262	146	127	155	091	146	180	108	170	083	161	087	-9	224	130	092	095	191	205	168	149
2592	12	093	136	185	271	103	135	101	143	191	254	089	160	108	229	143	158	088	150	200	254	175	158	144	083	124	181	148	262	146	127	159	092	150	184	110	170	083	165	089	-9	240	130	096	101	191	211	170	149
2593	12	091	138	175	241	103	135	089	129	189	-9	085	143	115	229	-9	154	088	128	190	244	173	158	158	081	124	179	142	260	140	127	153	092	146	180	108	170	089	161	087	161	236	118	096	101	191	205	142	149
2593	12	091	140	175	241	103	141	097	143	191	-9	087	160	115	231	-9	158	090	140	200	252	175	162	158	083	124	185	148	262	146	127	155	095	146	192	108	172	089	161	089	165	240	130	098	101	191	211	168	149
2595	12	091	136	187	245	103	135	097	129	195	238	087	143	108	229	147	154	090	140	194	246	175	152	156	083	122	165	142	260	140	125	153	091	146	192	106	170	089	161	-9	161	240	130	092	095	181	207	162	149
2595	12	091	138	187	271	104	135	101	143	195	238	091	158	113	229	147	160	100	140	200	250	175	158	156	083	124	183	142	262	148	127	153	095	146	192	108	170	089	173	-9	167	240	130	104	101	191	211	168	149
2498	13	089	136	181	253	103	141	093	129	189	238	087	158	113	229	143	158	090	142	190	252	177	152	144	083	124	183	142	260	150	125	153	091	148	184	110	172	089	161	087	161	228	130	102	101	181	201	142	-9
2498	13	091	138	187	269	103	141	097	129	191	238	087	160	115	231	143	158	102	142	190	254	177	152	154	083	132	183	142	262	150	129	155	094	150	198	112	172	089	173	089	167	236	130	102	101	191	205	168	-9
2513	13	089	134	179	253	103	141	103	129	189	232	087	158	113	227	143	154	090	142	190	252	167	154	144	077	122	175	138	262	148	125	155	091	150	180	106	172	089	169	081	167	228	130	096	095	181	205	144	-9
2513	13	089	136	187	253	103	145	103	129	191	238	087	158	115	229	143	156	090	146	194	252	173	166	144	077	132	175	142	262	150	129	155	091	150	184	112	172	089	173	089	167	238	132	102	095	191	211	166	-9
2514	13	089	138	179	253	103	141	097	129	189	238	087	147	108	227	143	156	090	128	190	252	167	152	144	081	122	175	142	256	146	125	155	091	150	196	112	166	085	161	089	167	224	130	096	101	181	205	168	-9
2514	13	093	138	179	271	103	145	103	129	189	238	087	158	108	229	143	158	090	142	194	252	177	152	154	083	132	175	150	262	150	129	155	091	150	198	112	176	089	165	091	167	238	130	104	101	181	211	168	-9
2597	13	089	138	179	253	103	141	093	143	191	238	087	162	115	-9	143	156	090	146	190	252	173	152	144	083	132	165	142	260	140	125	155	091	148	194	110	170	085	161	089	167	228	114	102	101	181	207	142	-9
2597	13	091	140	187	269	103	145	097	143	195	252	089	162	115	-9	157	156	102	148	194	252	173	152	154	083	132	179	142	262	146	129	159	091	150	198	112	172	089	165	089	167	238	130	104	101	181	211	168	-9
2499	13	089	136	179	253	103	135	103	129	189	238	087	147	115	229	143	158	090	140	194	252	167	146	154	081	124	175	138	260	140	125	155	091	150	184	106	166	081	161	-9	167	228	130	098	095	181	205	-9	145
2499	13	089	136	179	269	103	141	103	141	189	254	089	158	115	231	143	158	102	140	194	252	167	152	154	083	132	183	148	262	150	129	157	092	150	198	110	172	095	173	-9	167	238	130	102	101	191	207	-9	151
2500	13	089	134	187	253	103	141	093	129	189	232	087	158	115	229	143	158	088	128	194	252	167	152	144	083	124	175	138	262	150	125	155	092	146	180	112	166	085	161	089	167	228	114	102	101	191	211	166	145
2500	13	091	136	187	253	103	141	097	129	191	232	091	158	115	231	143	160	090	140	194	252	173	152	156	083	132	183	142	262	150	129	155	095	150	180	112	170	089	165	091	167	228	130	102	101	191	215	166	153
2506	13	089	136	179	253	103	141	085	129	191	238	087	162	113	229	143	156	090	142	190	250	167	152	154	077	132	183	142	260	140	123	155	091	150	180	112	172	089	161	-9	167	228	114	096	099	181	207	144	151
2506	13	091	136	187	253	103	147	103	129	191	238	089	162	115	229	143	158	090	148	194	254	175	154	154	083	132	183	148	262	150	125	159	092	150	184	112	176	089	165	-9	167	238	130	098	101	181	207	144	153
2509	13	089	136	187	253	103	141	085	129	189	238	089	158	115	227	143	154	090	138	190	252	167	152	-9	077	124	183	142	256	140	125	157	091	148	184	106	170	085	161	085	167	228	130	098	095	-9	207	166	-9
2509	13	089	138	187	253	103	141	097	149	189	254	091	160	115	229	143	158	090	142	190	252	177	166	-9	083	132	183	142	260	146	129	157	091	150	184	112	172	089	161	089	167	228	130	104	099	-9	211	166	-9
2511	13	089	136	187	253	103	141	097	129	191	238	087	162	113	229	143	154	090	142	190	250	173	152	144	083	124	165	142	260	148	125	159	091	150	180	110	166	083	161	089	167	228	130	092	095	177	205	144	-9
2511	13	089	136	187	253	103	141	103	149	191	252	091	162	115	233	143	160	102	148	194	252	177	166	154	085	132	183	148	262	150	129	159	092	150	196	110	172	089	165	089	167	238	132	102	103	181	211	166	-9
2512	13	089	136	181	253	103	141	085	129	191	232	089	158	108	229	143	156	102	138	190	250	167	146	144	081	124	175	138	262	-9	129	155	091	146	180	110	166	085	161	089	161	228	128	096	099	181	201	144	153
2512	13	091	136	181	253	103	141	093	129	195	238	091	158	108	229	143	160	102	142	194	252	173	146	154	083	126	175	148	262	-9	129	155	092	150	196	112	170	089	165	089	167	228	130	102	101	191	205	166	153
2515	13	089	136	179	253	103	135	093	129	191	238	087	147	113	229	143	158	102	142	194	252	173	152	144	077	124	179	142	262	151	125	155	091	150	180	106	166	089	161	089	167	238	130	098	095	181	205	144	-9
2515	13	091	136	181	253	103	141	103	129	191	238	089	147	113	231	143	160	102	142	194	252	177	166	154	081	132	183	142	262	151	129	155	094	150	180	112	166	095	161	089	167	238	132	102	101	181	207	144	-9
2516	13	089	136	187	253	103	135	093	129	191	232	087	162	115	229	143	158	090	142	190	252	177	146	154	081	132	183	142	260	146	125	155	092	150	184	106	170	089	161	089	167	228	128	102	101	181	205	144	-9
2516	13	091	136	187	253	103	141	103	149	191	238	087	170	115	233	143	158	090	148	194	252	177	152	154	085	132	183	142	262	150	125	157	094	150	196	112	172	089	165	089	167	238	132	104	101	191	211	168	-9
2517	13	089	136	179	241	103	141	093	141	191	232	087	158	115	229	143	156	090	128	190	250	173	152	154	077	124	183	142	260	150	129	157	092	150	184	106	170	089	161	089	161	228	128	092	095	181	205	142	-9
2517	13	091	136	179	253	103	141	103	143	195	232	089	158	115	231	143	160	102	142	194	250	173	152	154	081	132	183	142	260	150	129	159	092	150	196	112	176	095	165	089	167	238	132	104	103	181	211	144	-9
2518	13	089	134	181	253	103	135	093	129	189	238	087	158	113	225	143	158	102	128	194	252	173	152	144	077	124	183	142	260	150	125	155	091	150	180	106	170	089	161	089	167	238	114	096	095	181	205	142	-9
2518	13	091	136	187	253	103	135	097	129	191	238	089	162	115	227	143	158	102	142	194	252	177	164	144	081	124	183	150	262	150	129	155	091	150	196	112	170	089	169	089	167	238	130	102	103	181	207	144	-9
2519	13	091	136	181	253	103	135	103	129	189	238	087	147	115	229	143	158	090	142	188	250	173	146	154	077	124	165	142	260	140	125	155	091	146	180	106	170	085	161	089	165	228	130	098	095	181	205	158	145
2519	13	093	136	191	253	103	141	103	141	191	252	087	162	115	229	143	160	090	148	194	252	177	152	160	085	132	175	142	262	146	129	163	095	150	196	112	172	089	165	089	167	238	130	102	095	181	211	166	153
2520	13	089	136	187	253	103	135	093	129	191	232	087	158	113	225	143	154	090	142	190	252	173	152	154	083	124	165	138	262	150	125	155	091	150	180	110	166	089	161	087	167	228	128	092	095	177	205	144	-9
2520	13	091	136	187	253	103	141	097	149	191	238	091	162	113	229	143	158	102	142	194	252	173	154	156	085	132	165	142	262	150	125	159	091	150	196	110	172	089	161	089	167	228	132	092	103	181	205	166	-9
2521	13	089	136	179	253	103	135	093	129	189	238	087	147	113	229	143	158	102	140	190	246	173	152	156	081	124	175	142	260	146	125	155	091	148	180	110	172	089	161	087	167	228	130	096	095	181	201	142	-9
2521	13	091	136	187	269	103	141	097	129	191	238	089	158	115	229	143	158	102	142	194	252	177	166	160	081	124	183	148	262	150	129	155	095	150	196	112	178	089	165	089	167	238	130	104	103	181	207	158	-9
2603	13	089	136	179	253	103	141	093	129	189	238	087	158	115	229	143	158	090	140	188	252	167	152	154	077	124	179	142	-9	142	125	155	092	148	180	112	166	085	161	089	167	228	130	098	095	181	205	144	-9
2603	13	089	136	187	253	103	145	097	143	191	238	087	158	115	229	143	160	090	140	194	252	173	152	156	083	124	183	142	-9	150	125	159	095	148	180	112	170	089	161	089	167	236	130	098	101	181	215	168	-9
2606	13	089	136	179	253	103	141	093	129	191	238	087	158	115	229	143	156	102	146	194	250	167	152	154	077	124	165	142	260	146	129	155	091	150	184	112	172	085	161	089	161	228	130	092	095	177	207	168	-9
2606	13	093	136	187	253	103	145	103	143	191	238	087	162	115	231	143	158	102	146	194	252	167	152	154	083	132	165	142	260	150	129	157	091	150	194	112	172	089	161	089	167	238	134	102	101	181	211	168	-9
718	14	089	134	179	249	103	135	093	129	191	232	087	158	108	227	143	158	088	127	188	252	167	146	154	077	132	165	148	260	140	125	155	091	150	180	106	170	085	161	089	167	228	130	096	101	181	205	144	145
718	14	091	138	187	253	103	141	103	143	195	238	089	162	113	229	143	160	090	142	194	252	173	152	154	081	132	175	148	262	148	125	155	091	150	184	106	172	089	169	089	167	236	130	102	103	181	205	166	151
719	14	089	136	187	249	103	141	089	129	191	252	087	147	115	227	143	156	090	140	188	252	173	146	144	077	124	165	142	260	140	125	153	091	150	180	106	172	089	161	089	167	228	114	098	095	181	205	142	153
719	14	089	140	187	253	103	147	103	129	191	254	089	162	115	229	143	158	102	142	194	252	173	152	154	083	132	179	148	260	150	125	155	091	150	180	112	178	095	173	091	167	236	130	104	095	191	205	166	153
720	14	089	136	187	253	103	141	089	129	191	232	087	147	108	229	143	156	090	142	188	252	167	146	154	081	132	165	138	260	140	125	157	091	150	180	110	170	083	161	089	161	228	128	096	101	181	205	142	153
720	14	089	140	187	253	103	145	093	129	191	252	089	162	108	229	143	160	090	142	194	252	173	146	154	083	132	183	142	260	150	125	159	092	150	196	112	176	089	169	089	167	238	130	096	103	181	211	168	153
721	14	091	136	187	253	103	145	089	129	191	232	087	158	108	227	143	154	090	127	188	250	167	152	152	083	132	175	142	262	150	129	155	092	150	180	106	166	085	165	087	167	228	128	102	095	181	205	166	153
721	14	091	138	187	271	103	145	093	129	191	252	089	162	113	227	143	154	102	127	194	252	177	152	154	083	132	175	148	262	150	129	155	094	150	184	108	172	089	173	089	167	228	130	102	101	181	205	166	153
722	14	089	138	179	253	103	141	089	143	189	232	087	147	113	229	143	158	090	142	188	252	167	152	154	077	124	183	138	262	140	123	155	092	150	196	090	166	085	161	089	167	228	128	096	095	181	205	166	149
722	14	091	140	179	253	103	141	093	149	191	232	089	147	115	229	143	158	102	146	190	252	173	152	154	081	132	183	148	262	150	129	155	092	150	196	106	170	089	169	089	167	238	130	104	095	181	207	166	151
723	14	089	134	179	253	103	141	093	129	191	238	087	147	115	227	143	158	090	127	194	252	167	152	154	077	124	175	142	260	148	129	153	091	150	180	106	176	089	161	089	167	238	130	102	095	181	205	168	149
723	14	089	134	187	253	103	141	093	129	195	238	089	147	115	229	143	160	102	140	194	252	173	152	160	081	132	175	142	260	150	129	155	092	150	196	106	176	089	161	089	167	238	130	104	101	181	205	168	151
724	14	089	136	181	253	103	141	089	129	189	252	087	158	108	227	143	156	090	127	188	252	167	146	154	081	132	175	138	262	140	125	155	091	146	180	110	170	085	165	087	167	228	114	096	101	181	201	166	153
724	14	091	136	187	253	103	141	103	129	191	252	087	162	115	229	143	156	102	142	188	252	173	152	154	083	132	183	142	262	150	129	159	092	150	180	110	172	095	173	091	167	228	130	102	103	181	205	166	153
725	14	089	136	181	249	103	135	093	129	189	232	087	158	108	229	143	158	090	142	194	252	167	146	144	077	132	165	138	262	140	129	155	091	146	180	110	166	083	161	089	161	228	130	096	101	181	205	144	145
725	14	089	140	187	253	103	141	103	129	191	238	087	162	115	231	143	160	090	142	194	252	167	152	154	083	132	183	142	262	148	129	159	091	150	180	112	170	089	173	089	167	228	132	098	103	181	205	166	151
726	14	089	136	181	253	103	141	093	129	191	238	089	158	115	229	143	158	088	142	188	252	167	146	154	081	132	165	138	262	140	125	153	091	150	180	090	172	083	165	089	167	228	114	096	095	181	205	142	149
726	14	091	140	187	253	103	141	103	143	191	252	091	162	115	229	143	160	090	148	194	252	167	146	158	083	132	175	142	262	150	125	157	091	150	184	106	172	089	169	089	167	236	128	104	103	181	207	144	151
727	14	089	136	187	253	103	141	093	129	191	238	087	158	108	229	143	156	090	127	190	250	167	146	154	077	132	165	142	260	148	129	153	091	150	180	110	172	089	165	089	167	228	114	102	095	181	205	166	147
727	14	091	138	187	253	103	141	103	129	195	238	087	158	115	231	143	158	102	142	194	252	167	152	154	083	132	175	142	262	150	129	159	091	150	196	112	176	095	169	089	167	236	130	104	101	181	211	168	149
728	14	089	134	179	253	103	141	089	129	189	232	087	147	115	229	143	158	090	142	188	252	167	146	154	081	132	183	148	262	140	-9	155	092	150	180	106	170	085	169	089	167	228	130	096	095	181	205	158	145
728	14	091	138	179	253	103	141	093	143	191	238	089	162	115	233	143	160	102	146	194	252	173	152	154	081	132	183	148	262	150	-9	155	094	150	196	106	172	095	169	089	167	228	130	102	095	181	205	168	149
729	14	089	138	181	253	103	135	103	129	189	232	087	158	108	229	143	156	090	140	190	250	173	146	154	077	132	175	142	260	140	123	155	091	148	184	112	166	085	165	087	167	228	128	104	095	181	205	142	149
729	14	091	138	187	253	103	141	103	129	195	232	087	160	115	231	143	158	090	148	194	252	177	152	154	081	132	175	142	262	140	125	159	091	150	196	112	170	085	169	089	167	238	130	104	103	181	205	166	151
730	14	089	138	187	249	103	141	093	129	191	232	089	162	108	229	143	156	088	142	188	244	167	146	154	081	132	165	142	260	140	125	155	091	150	184	106	170	083	169	089	167	228	128	096	099	181	205	142	145
730	14	091	140	187	253	103	141	093	143	191	252	089	162	115	229	143	160	090	142	194	252	177	146	154	081	132	165	148	262	140	129	157	092	150	184	106	172	085	169	089	167	236	130	096	103	181	205	166	149
731	14	089	138	179	253	103	141	097	129	189	232	087	147	113	231	143	154	090	146	190	250	167	152	154	077	132	175	142	262	140	123	155	091	150	196	106	172	085	161	089	167	228	128	096	095	181	205	144	149
731	14	091	138	181	253	103	145	103	149	191	252	091	160	115	231	143	158	090	148	194	252	177	152	154	085	132	183	148	262	150	129	157	094	150	196	112	176	089	165	089	167	228	130	102	103	181	205	144	151
732	14	089	134	187	249	103	141	093	129	191	232	087	162	108	229	143	158	088	142	188	244	167	146	154	081	132	165	138	262	140	125	155	091	150	180	110	170	083	169	091	167	228	130	096	095	181	205	142	145
732	14	089	140	187	253	103	141	093	129	191	232	089	162	115	229	143	160	090	142	194	252	177	146	154	083	132	165	142	262	146	129	157	092	150	184	110	172	089	173	091	167	228	130	098	103	181	205	166	149
733	14	091	138	181	253	103	135	093	129	191	232	087	158	108	227	143	156	090	140	190	252	173	146	144	081	132	175	142	262	140	125	159	091	148	180	090	166	085	165	087	167	228	128	102	095	181	205	166	151
733	14	091	138	181	253	103	141	103	149	195	232	087	162	113	231	143	158	090	148	190	252	177	152	154	083	132	175	142	262	150	125	159	091	150	196	112	176	089	173	089	167	238	130	104	103	181	207	166	151
734	14	089	138	179	253	103	135	093	149	191	232	087	147	113	229	143	156	090	127	190	252	167	146	144	083	124	183	138	260	140	125	155	091	150	180	110	166	089	161	089	167	228	128	098	095	177	205	144	151
734	14	091	138	181	253	103	135	103	149	191	232	087	147	113	229	143	158	090	142	194	252	177	152	144	083	124	183	142	262	150	125	159	091	150	196	112	172	089	161	089	167	238	130	104	103	181	207	144	153
1079	15	089	140	179	253	103	135	083	129	189	232	087	162	113	229	143	156	090	128	194	246	167	152	154	083	122	183	142	260	150	125	155	091	146	180	106	172	083	169	089	167	228	130	102	095	191	205	142	149
1079	15	091	140	187	253	105	145	103	129	191	238	089	162	115	229	143	158	102	140	194	252	177	158	156	083	124	183	142	260	150	125	155	095	150	180	112	172	083	169	089	167	228	134	104	095	191	205	142	153
1081	15	089	132	179	253	103	141	097	129	189	232	089	158	113	225	143	158	090	140	194	248	165	150	144	083	124	183	142	260	140	125	155	091	146	180	108	172	089	169	089	167	228	130	102	095	181	205	142	149
1081	15	091	136	185	253	103	145	103	129	191	238	089	162	115	229	143	158	102	140	194	252	167	166	156	083	132	183	148	260	150	129	155	091	150	184	110	172	089	169	091	167	238	130	104	101	191	211	142	153
1082	15	091	136	185	247	103	135	103	127	189	232	087	162	113	229	143	154	090	128	188	246	165	152	144	083	124	175	142	256	150	125	153	091	150	180	108	170	089	161	085	161	228	130	-9	099	181	205	142	149
1082	15	091	136	187	253	103	145	103	141	191	238	087	162	115	229	143	160	102	142	200	252	177	158	154	085	132	183	148	260	152	125	155	094	150	180	110	174	089	173	091	167	238	132	-9	099	191	205	158	153
1083	15	089	134	179	247	103	135	097	129	191	238	087	158	113	227	143	156	090	128	188	252	177	146	154	081	132	175	142	262	148	129	155	091	150	180	106	168	089	169	089	165	238	130	102	095	181	205	142	149
1083	15	089	140	187	247	103	141	103	141	191	238	087	162	113	233	143	158	102	142	194	252	177	150	154	081	132	183	148	262	150	129	157	095	154	198	110	170	089	169	091	167	238	132	104	101	181	211	142	153
2055	16	089	136	181	253	103	141	093	129	191	232	087	160	108	227	143	156	102	142	188	252	173	146	152	077	132	165	142	260	146	125	159	091	146	180	110	166	089	161	087	167	228	128	102	101	177	205	144	149
2055	16	091	136	181	253	103	145	103	129	195	238	089	162	115	231	143	158	102	146	190	252	177	154	156	083	132	183	148	262	150	129	159	091	146	196	112	176	095	161	089	167	228	128	102	103	191	205	144	151
2056	16	089	134	187	249	103	135	093	129	189	232	087	147	115	229	143	158	090	140	190	252	173	146	144	083	124	179	142	262	150	125	155	091	146	180	112	166	089	161	087	167	228	128	102	099	181	205	158	149
2056	16	091	134	187	253	103	147	093	141	191	238	091	160	115	231	143	160	090	142	194	252	177	166	160	083	124	183	142	262	150	129	155	091	150	196	112	172	089	165	091	167	238	130	104	101	181	205	168	153
2057	16	089	136	179	253	103	141	093	129	189	238	087	147	113	229	143	158	088	127	188	250	173	146	154	077	124	179	142	262	150	125	155	091	150	180	106	166	085	159	087	167	228	114	104	101	181	205	166	151
2057	16	091	136	181	253	103	145	103	129	195	238	087	160	115	229	143	160	090	146	194	252	177	152	156	081	132	183	142	262	150	125	155	094	150	184	106	176	089	161	089	167	238	130	104	101	191	211	168	153
2058	16	089	136	187	253	103	141	091	129	191	232	089	158	115	225	143	156	090	146	190	250	173	152	144	083	124	165	138	260	146	125	155	091	150	180	106	172	085	161	081	167	224	130	092	095	181	205	158	147
2058	16	089	136	187	253	103	141	103	149	191	238	089	158	115	229	143	158	090	148	190	252	177	152	154	083	126	183	142	262	150	129	157	095	150	184	112	172	089	161	089	167	238	132	096	101	181	205	166	153
2059	16	089	136	179	253	103	135	097	129	189	238	087	158	115	227	143	158	088	127	188	252	173	152	144	083	124	183	138	262	150	123	155	091	150	180	110	170	089	161	089	167	238	114	096	095	181	205	144	145
2059	16	089	136	181	271	103	145	103	141	191	238	089	160	115	229	157	158	090	148	190	252	177	152	160	083	132	183	142	262	150	125	157	091	150	194	112	172	089	165	089	167	238	130	102	095	191	211	144	147
2060	16	089	136	181	249	103	141	093	149	191	238	087	158	115	227	143	156	090	146	190	252	173	152	144	083	124	175	142	262	146	125	155	091	150	180	090	166	081	161	089	167	224	114	092	095	181	205	166	145
2060	16	089	138	187	253	103	145	093	149	191	238	089	158	115	229	157	156	102	148	194	252	177	152	154	083	132	183	148	262	150	129	157	091	150	180	112	176	085	161	091	167	238	128	098	101	181	207	166	151
2061	16	089	136	187	241	103	141	093	129	191	238	087	158	115	229	143	156	090	142	190	250	173	146	144	083	132	175	142	260	140	125	155	091	146	180	110	166	081	161	087	167	224	114	098	095	181	205	166	145
2061	16	091	138	187	249	103	145	097	149	195	252	087	158	115	229	157	156	102	146	194	252	175	152	154	083	132	183	142	262	150	125	157	095	150	180	112	176	089	173	089	167	238	130	104	101	191	205	168	149
2062	16	089	136	187	253	103	141	093	129	191	238	087	147	115	227	143	158	088	127	190	252	167	146	144	077	132	183	142	262	146	123	155	091	150	180	106	172	085	161	089	161	228	130	104	101	181	201	168	149
2062	16	089	136	187	253	103	141	103	129	191	238	087	160	115	229	143	160	102	142	194	252	175	152	160	081	132	183	142	262	150	123	155	092	150	184	112	176	095	165	089	167	238	130	104	103	181	211	168	153
2063	16	089	134	181	253	103	135	097	129	189	238	087	158	108	227	143	156	090	127	188	252	173	146	154	081	132	183	142	260	150	125	153	091	150	180	110	172	089	161	089	167	228	114	098	099	181	201	144	151
2063	16	089	136	181	253	103	135	103	149	191	238	089	162	113	229	143	158	102	142	194	252	173	152	154	083	132	183	142	262	150	129	155	095	150	180	112	176	089	161	089	167	238	130	098	103	181	205	166	153
2064	16	089	134	181	253	103	141	093	129	191	238	087	158	113	233	143	158	090	127	190	252	167	146	144	081	132	179	142	260	150	125	153	094	150	180	112	172	085	161	089	167	228	130	098	095	181	201	166	145
2064	16	089	136	187	253	103	141	103	129	191	238	089	158	113	233	143	158	090	142	194	252	173	166	160	083	132	183	148	262	150	129	155	095	150	180	112	172	089	161	091	167	228	130	104	101	191	205	168	153
2065	16	089	136	181	253	103	135	103	129	191	238	087	158	108	229	143	156	090	142	190	244	167	152	144	077	126	165	142	262	150	125	155	091	150	180	112	166	085	161	091	167	228	114	092	095	181	205	144	145
2065	16	089	136	181	253	103	141	103	149	195	252	089	162	115	231	143	158	090	142	194	252	177	152	160	077	132	183	142	262	150	125	155	091	150	180	112	166	089	173	091	167	238	132	092	103	181	205	166	153
2066	16	089	134	187	253	103	135	103	129	189	238	087	158	115	227	143	158	090	142	190	252	167	146	152	077	124	179	138	262	150	123	153	091	146	180	112	172	085	159	089	167	224	128	092	101	181	211	142	151
2066	16	091	136	187	253	103	145	103	129	189	238	089	162	115	229	143	158	102	142	194	252	177	152	154	083	132	183	142	262	150	125	155	091	150	194	112	176	089	161	089	167	236	130	098	101	181	211	144	153
2067	16	091	134	187	241	103	135	091	129	191	238	089	158	115	229	143	158	090	127	194	252	167	146	154	077	124	175	142	260	146	125	155	091	150	180	110	170	089	173	087	167	224	128	098	101	181	201	144	151
2067	16	091	136	187	253	103	141	093	141	191	238	089	161	115	233	143	158	090	146	194	252	173	152	156	083	132	175	142	262	148	129	155	091	150	180	112	172	095	173	087	167	238	130	102	103	191	205	166	153
2068	16	089	134	179	253	103	145	093	129	189	232	087	158	108	227	143	158	090	127	190	252	175	152	154	081	126	165	138	262	146	125	151	095	150	180	112	172	083	161	081	167	228	130	102	101	181	205	142	151
2068	16	089	136	181	253	103	145	093	129	191	238	089	162	115	229	143	160	090	142	190	252	175	152	156	085	132	183	142	262	150	129	155	095	150	180	112	172	089	169	089	167	228	130	102	101	191	205	144	153
2069	16	089	134	179	253	103	141	093	129	191	232	087	160	113	229	143	158	090	142	194	252	167	146	154	077	124	175	142	262	146	125	153	091	150	180	110	166	085	159	081	167	228	130	098	095	181	207	142	145
2069	16	091	136	181	253	103	141	103	129	195	252	089	162	115	233	143	158	102	142	194	252	167	152	160	083	132	183	148	262	150	125	155	094	150	180	112	166	089	165	091	167	238	132	102	101	191	211	166	153
2070	16	089	136	181	253	103	135	103	129	189	232	089	147	113	227	143	158	090	127	190	252	167	146	154	083	124	165	142	262	146	129	155	091	150	180	110	174	089	161	081	167	232	128	092	103	181	201	142	145
2070	16	089	136	187	257	103	141	103	149	191	238	089	158	113	229	143	158	090	142	190	254	173	146	160	085	124	175	142	262	150	129	159	091	150	194	112	178	095	173	089	167	238	130	092	103	191	205	158	153
2071	16	091	134	181	253	103	135	093	129	191	252	087	158	115	225	143	158	090	142	194	252	167	150	154	077	124	175	142	260	150	129	155	091	148	180	112	170	085	165	081	167	228	130	098	101	181	205	144	145
2071	16	091	136	187	253	103	145	103	129	191	254	089	162	115	229	143	160	090	146	194	252	173	152	160	077	124	183	148	260	150	129	155	091	150	180	112	176	085	173	089	167	228	130	104	103	191	211	166	149
2072	16	089	136	181	253	103	135	093	129	189	232	087	158	108	231	143	158	090	127	194	252	167	152	152	077	132	183	142	260	150	125	155	091	150	180	110	166	085	161	091	167	236	114	092	099	181	201	158	145
2072	16	091	136	187	253	103	145	097	129	195	232	087	158	115	231	143	158	102	140	194	252	173	164	154	077	132	183	142	262	150	125	155	092	150	180	112	172	089	173	091	167	238	130	092	101	181	205	166	149
2073	16	089	136	179	253	103	141	097	129	195	238	087	161	108	229	143	156	088	140	188	252	167	152	144	077	122	183	138	262	150	123	153	092	150	180	110	166	089	161	087	167	228	118	096	095	181	205	142	145
2073	16	089	136	179	253	103	141	097	129	195	238	087	162	115	233	143	160	090	142	188	252	177	152	160	083	132	183	142	262	150	129	155	094	150	180	110	176	089	169	091	167	236	130	098	095	191	211	166	153
2074	16	089	136	179	253	103	141	093	129	191	232	087	158	108	229	143	158	090	146	194	252	173	150	144	083	124	179	138	262	146	125	155	091	150	180	110	170	089	161	081	167	224	128	098	101	181	205	166	149
2074	16	089	136	181	253	103	141	103	129	191	238	089	158	113	233	143	158	090	148	194	252	177	154	152	083	132	183	142	262	150	129	155	092	150	196	110	176	089	161	089	167	228	130	102	103	181	211	168	149
2075	16	091	136	187	253	103	135	093	129	189	238	089	158	113	227	143	156	090	127	188	252	163	146	154	077	124	165	142	262	150	125	155	091	146	180	110	172	085	161	089	167	228	130	102	101	181	205	166	145
2075	16	091	136	187	253	103	141	093	129	189	252	089	158	113	229	143	156	102	142	190	252	173	146	160	083	132	183	142	262	150	129	155	091	150	180	112	176	089	161	089	167	228	132	102	103	191	205	166	151
2076	16	089	134	181	253	103	141	085	129	189	238	087	158	115	225	143	156	090	142	190	252	167	152	154	077	124	183	138	262	150	125	155	091	150	180	110	170	089	161	081	167	236	128	098	095	177	205	144	149
2076	16	091	136	187	253	103	141	103	149	195	238	087	162	115	229	143	156	090	142	190	252	177	152	160	077	132	183	142	262	150	125	157	092	150	180	112	176	089	161	089	167	238	132	104	101	181	205	168	153
2077	16	089	136	187	253	103	141	093	129	191	238	087	158	115	225	143	160	090	140	188	252	173	152	154	077	132	175	142	262	140	125	155	091	150	180	108	166	085	165	087	167	228	130	102	101	181	205	144	145
2077	16	089	138	187	253	103	141	103	143	191	238	089	160	115	229	143	160	090	142	190	254	177	152	154	077	132	183	150	262	150	129	159	092	150	180	110	166	089	165	089	167	238	130	102	103	191	205	168	149
2078	16	091	136	179	253	103	141	093	129	191	238	087	158	108	227	143	156	090	140	190	252	173	146	144	077	124	175	142	260	150	123	155	091	150	180	110	166	095	159	091	167	228	130	102	095	181	201	144	149
2078	16	091	136	181	253	103	141	097	129	195	252	089	160	108	229	143	158	090	142	194	252	177	152	154	081	124	179	148	262	150	129	155	095	150	196	110	172	095	161	091	167	228	132	104	103	181	205	166	153
2079	16	089	134	179	253	103	135	091	129	189	232	087	158	113	229	143	156	090	142	190	252	167	146	144	077	124	175	142	260	140	125	153	091	150	180	110	170	089	161	085	167	228	130	098	101	181	205	144	151
2079	16	091	138	191	253	103	141	103	129	191	238	089	162	115	229	143	158	102	146	190	252	177	152	154	077	132	183	142	262	150	129	155	092	150	192	110	172	089	165	089	167	238	130	104	101	181	207	166	153
2080	16	089	136	181	253	103	135	091	129	191	238	087	162	115	229	143	154	090	146	190	252	167	146	154	077	132	183	142	260	146	129	155	091	150	180	112	166	089	161	089	167	236	130	102	095	191	205	168	145
2080	16	089	138	187	253	103	141	097	129	191	254	089	170	115	233	143	158	090	146	190	252	173	164	154	077	132	183	142	262	150	129	155	095	150	180	112	172	089	169	089	167	236	130	104	101	191	205	170	149
2081	16	091	134	179	253	103	141	093	129	189	232	087	162	108	229	143	156	090	127	194	252	167	146	154	077	124	175	142	260	146	125	153	091	146	180	110	166	089	159	089	167	228	130	098	095	181	211	166	145
2081	16	091	136	187	269	103	141	103	129	191	238	087	162	115	231	143	158	090	142	194	252	177	152	154	083	132	183	142	262	150	129	155	091	150	180	112	172	089	165	091	167	238	132	102	101	191	211	168	151
2082	16	089	134	181	253	103	141	093	129	191	232	087	147	108	227	143	156	090	127	194	252	177	152	154	077	124	175	142	260	140	125	155	091	150	180	112	170	083	165	089	167	236	130	092	101	181	205	158	149
2082	16	089	136	181	271	103	141	103	129	191	252	089	158	113	231	143	158	090	127	194	252	177	152	154	083	124	183	142	260	150	125	155	095	150	184	112	176	089	173	089	167	238	130	102	103	181	215	158	151
2083	16	089	134	181	253	103	135	093	129	189	238	087	158	115	225	143	156	090	127	188	246	177	146	154	077	124	175	138	260	150	125	155	091	150	180	112	166	089	161	081	167	224	130	092	095	177	205	166	147
2083	16	091	140	187	253	103	141	097	149	191	238	087	161	115	227	143	158	090	142	190	252	177	154	160	077	124	179	142	262	150	125	155	095	150	196	112	166	089	167	089	167	228	130	102	103	191	207	168	149
2084	16	089	136	181	253	103	141	093	129	191	232	087	158	113	227	143	156	090	127	194	252	173	146	152	077	124	175	142	262	146	123	155	091	150	180	106	172	089	165	085	167	236	130	092	095	191	205	144	145
2084	16	089	136	181	253	103	141	103	141	195	238	087	162	113	229	143	158	090	142	194	252	177	152	160	083	132	179	142	262	150	125	157	091	150	184	112	172	089	165	091	167	238	130	102	101	191	211	168	151
2085	16	091	136	181	249	103	135	089	141	191	232	089	158	115	229	143	158	090	142	194	252	173	152	152	083	126	175	142	260	150	125	155	091	150	180	112	172	089	161	085	167	228	114	096	101	181	205	144	149
2085	16	091	138	181	253	103	141	103	149	191	238	089	161	115	231	143	158	102	146	194	252	173	152	154	085	132	183	142	262	150	129	155	092	150	184	112	176	095	161	089	167	228	130	104	103	191	207	158	149
2086	16	089	136	181	253	103	141	093	129	189	232	087	158	115	227	143	156	090	142	188	250	167	152	144	081	124	175	138	262	146	125	155	092	146	180	110	172	089	161	087	167	228	114	102	101	181	205	142	145
2086	16	091	136	187	269	104	145	103	129	195	238	087	158	115	229	143	158	090	146	190	252	177	152	152	083	132	175	142	262	146	125	155	095	148	196	112	172	095	165	089	167	228	130	104	101	191	205	168	147
2087	16	089	134	179	253	103	141	091	141	191	238	087	160	115	229	143	156	090	146	194	252	167	146	144	077	132	175	142	260	148	125	155	091	150	180	110	170	089	169	087	167	238	130	096	095	181	205	158	145
2087	16	091	134	187	253	103	141	093	141	195	254	089	161	115	233	143	158	102	146	194	252	173	152	154	083	132	183	142	262	150	129	155	092	150	184	110	172	095	173	089	167	238	130	098	103	191	211	166	151
2088	16	089	136	179	253	103	145	097	129	191	238	087	147	113	225	143	158	102	140	190	250	173	146	144	077	132	175	142	256	150	125	155	091	150	180	106	170	085	165	089	167	228	130	098	095	181	205	142	149
2088	16	089	138	187	269	103	145	103	149	195	252	087	158	113	225	143	160	102	148	190	252	177	154	154	083	132	179	142	262	150	129	157	095	150	194	112	172	089	173	089	167	238	132	102	101	191	205	166	153
2089	16	089	138	187	253	103	141	091	129	191	238	087	158	108	229	143	156	090	140	190	252	167	152	160	083	124	183	138	262	150	125	155	091	150	180	112	166	085	165	089	167	224	130	102	095	181	205	144	153
2089	16	091	138	187	253	103	141	103	141	191	252	089	158	113	229	143	158	102	148	194	252	173	152	160	083	126	183	142	262	150	129	157	092	150	196	112	166	089	165	089	167	228	130	102	095	181	211	166	153
2090	16	091	134	179	253	103	135	093	141	189	238	087	160	115	231	143	156	090	142	194	250	173	146	144	077	132	175	142	260	140	125	155	092	150	180	110	170	085	161	081	167	224	130	092	095	181	205	158	145
2090	16	091	136	179	269	103	141	103	141	191	238	089	161	115	233	143	158	090	146	194	252	173	152	160	083	132	183	142	262	148	129	155	095	150	180	112	172	089	173	089	167	238	130	096	101	191	211	166	153
2091	16	089	134	179	253	103	141	085	129	189	232	087	158	113	229	143	156	090	127	190	250	167	146	154	083	124	183	142	260	146	129	155	091	150	180	110	166	089	161	081	167	228	128	098	101	181	201	158	149
2091	16	089	136	187	271	103	141	103	129	191	238	087	162	115	229	143	158	090	142	194	252	173	154	154	083	124	183	142	262	146	129	155	092	150	184	112	172	089	173	091	167	228	132	102	103	181	205	168	153
2092	16	089	134	179	253	103	135	085	129	191	232	087	158	113	229	143	154	090	140	188	252	167	152	154	077	132	183	142	262	146	125	155	091	150	180	106	172	085	161	081	167	228	130	102	103	181	205	158	153
2092	16	089	136	179	253	103	147	093	129	191	238	087	162	113	233	143	158	090	148	190	252	173	152	160	083	132	183	142	262	150	129	155	091	150	180	110	172	089	165	089	167	236	130	102	103	181	205	166	153
2093	16	089	138	187	253	103	141	093	129	189	232	087	158	115	227	143	158	090	127	190	252	167	146	154	083	132	175	142	262	150	125	155	091	150	180	112	172	089	159	087	167	228	130	092	095	181	205	166	149
2093	16	089	138	187	253	103	147	103	129	191	252	089	158	115	229	143	160	102	140	194	252	177	146	154	083	132	183	142	262	150	125	155	091	150	196	112	172	095	161	089	167	238	130	104	101	191	211	168	153
2094	16	089	134	181	253	103	135	097	129	191	232	087	147	108	227	143	158	090	142	194	252	173	152	144	077	124	183	138	262	150	125	155	091	150	180	112	176	085	161	089	161	238	128	102	099	181	205	144	149
2094	16	091	136	187	253	103	141	103	129	195	238	089	162	108	227	143	158	090	142	194	252	177	154	154	077	132	183	142	262	150	129	159	091	150	196	112	176	089	161	089	167	238	132	104	101	191	211	168	151
2095	16	091	134	187	253	103	141	103	129	189	238	087	158	115	225	143	156	090	142	194	252	167	146	154	077	124	175	142	260	150	125	151	091	148	180	110	170	085	161	089	167	224	130	098	095	181	205	142	149
2095	16	091	136	187	253	103	145	103	149	191	254	089	162	115	227	143	158	090	146	194	252	167	152	160	077	132	175	142	260	150	129	159	092	150	180	112	172	089	161	089	167	238	132	104	101	181	211	166	153
2096	16	089	136	187	253	103	135	093	129	191	232	087	158	115	229	143	158	090	142	188	252	173	146	154	077	124	175	142	260	140	129	155	091	150	180	110	172	089	161	089	167	236	130	102	101	181	205	144	151
2096	16	089	138	187	253	103	141	103	129	191	252	087	162	115	229	143	160	090	142	194	252	173	154	154	083	132	183	142	262	146	129	159	091	150	184	112	176	089	173	089	167	238	132	102	101	181	211	168	151
2097	16	089	134	179	253	103	141	085	129	191	238	087	158	115	227	143	156	090	140	190	252	167	152	160	077	124	165	142	262	150	125	155	092	150	180	110	170	089	161	081	167	228	114	098	099	181	211	166	145
2097	16	091	140	179	253	103	141	093	149	195	238	087	158	115	229	143	158	102	142	190	252	173	152	160	083	124	183	142	262	150	129	159	094	150	180	112	172	095	161	091	167	238	128	098	101	181	215	166	149
2098	16	089	134	179	241	103	135	097	129	191	232	087	158	108	227	143	156	088	142	194	252	173	146	154	081	124	183	138	256	150	125	155	092	150	180	106	170	083	173	089	167	224	128	098	095	191	201	166	145
2098	16	091	138	181	269	103	141	097	129	191	238	089	158	113	229	143	156	102	142	194	252	173	146	160	081	132	183	142	262	150	129	155	092	150	196	110	172	085	173	089	167	238	130	102	103	191	211	168	151
2099	16	091	134	181	269	103	141	085	141	189	238	087	158	113	229	143	158	090	140	188	252	177	150	154	081	124	175	138	262	146	129	155	091	150	180	112	170	085	165	081	167	228	114	102	095	181	205	144	147
2099	16	091	138	187	269	103	145	089	141	191	252	087	162	115	229	143	158	090	140	194	252	177	152	160	083	132	175	142	262	148	129	155	091	150	196	112	172	089	169	089	167	228	130	102	103	181	205	168	149
2100	16	089	134	181	253	103	141	091	129	189	238	087	158	108	227	143	158	088	127	190	252	167	146	154	081	124	175	142	262	140	125	155	095	150	180	112	172	089	161	089	167	228	130	102	101	181	205	142	151
2100	16	089	136	181	253	103	145	093	129	191	238	089	158	115	229	143	158	090	140	190	252	175	152	156	083	132	175	142	262	146	125	157	095	150	196	112	176	095	161	089	167	238	130	102	101	181	205	166	153
2101	16	089	136	179	249	103	141	097	129	189	238	087	158	113	227	143	156	090	142	190	252	167	152	144	077	132	183	142	262	140	125	155	091	146	180	106	170	089	161	085	167	224	130	098	095	177	205	144	151
2101	16	089	138	187	271	103	141	103	129	191	238	087	158	115	229	143	158	090	142	190	252	167	152	154	083	132	183	142	262	150	129	157	092	150	184	112	172	089	173	087	167	238	132	102	103	181	211	168	153
2102	16	089	134	181	249	103	141	085	129	191	238	087	147	113	227	143	156	090	127	194	252	173	152	154	077	-9	183	138	262	150	125	155	091	150	180	110	166	089	161	089	167	228	128	104	101	181	201	144	149
2102	16	091	134	181	253	103	141	097	129	191	252	087	158	113	231	143	158	090	142	194	252	177	154	156	083	-9	183	142	262	150	125	155	091	150	180	110	170	089	165	089	167	238	130	104	103	181	207	158	153
2103	16	089	136	179	253	103	135	093	129	189	238	087	158	115	229	143	156	102	140	188	252	177	146	154	083	132	183	142	262	150	125	157	091	146	180	110	172	089	161	089	167	228	128	098	095	181	205	144	145
2103	16	091	138	187	253	103	145	097	129	195	238	089	160	115	229	143	160	102	148	188	252	177	154	154	083	132	183	142	262	150	129	159	092	150	180	112	176	089	161	089	167	238	130	102	101	181	207	144	153
2104	16	089	136	181	253	103	141	093	129	191	238	087	158	108	225	143	158	090	127	194	252	173	146	152	077	132	183	142	260	150	125	159	091	150	180	110	172	083	167	081	167	224	128	102	101	181	201	142	149
2104	16	091	138	187	253	103	145	097	129	195	238	089	162	115	229	143	158	102	142	194	252	173	146	154	083	132	183	142	260	150	129	159	092	150	180	112	172	089	169	089	167	238	128	104	101	191	215	142	153
2105	16	091	138	187	253	103	145	103	129	189	232	087	160	108	227	143	158	090	127	194	252	167	152	160	077	124	175	142	260	150	125	155	091	150	180	112	170	085	161	087	167	228	130	098	095	181	201	166	149
2105	16	091	138	187	253	103	145	103	129	191	232	089	162	113	227	143	160	090	146	194	252	167	152	160	081	124	183	142	260	150	125	159	091	150	180	112	170	089	173	089	167	238	132	104	103	191	211	166	153
2106	16	089	136	181	253	103	135	097	129	189	238	087	162	108	229	143	156	090	127	190	252	167	152	144	077	124	175	142	260	146	125	155	091	150	180	110	166	089	161	089	161	228	130	102	095	181	205	158	149
2106	16	089	136	187	253	103	145	103	143	191	238	089	170	115	229	143	158	102	142	194	252	177	166	154	077	132	183	142	262	150	129	155	091	150	196	110	172	095	161	089	167	228	130	104	101	191	205	168	151
2107	16	089	138	179	241	103	135	093	129	191	232	087	158	115	225	143	160	090	127	194	252	167	146	154	077	124	165	142	262	150	125	155	091	150	180	106	170	083	161	089	167	228	130	102	095	181	205	166	149
2107	16	089	138	181	253	103	145	103	141	195	238	087	162	115	229	143	160	090	142	194	252	177	152	154	083	132	183	142	262	150	125	159	091	150	180	110	172	089	165	089	167	238	130	104	101	181	205	168	151
2108	16	089	134	181	253	103	141	097	129	189	232	087	147	113	227	143	156	090	142	188	252	167	152	144	083	124	183	142	262	146	125	155	091	150	180	106	166	089	165	087	167	238	128	098	095	177	205	144	147
2108	16	089	138	187	269	103	141	103	149	189	238	089	158	115	229	145	158	090	142	190	252	175	152	160	083	132	183	142	262	150	129	157	091	150	180	110	172	095	167	091	167	238	130	104	103	181	211	168	149
2109	16	089	136	179	253	103	141	093	129	191	232	087	158	108	227	143	156	102	140	188	250	177	146	154	081	124	165	142	260	150	125	155	091	146	180	112	172	085	159	081	167	228	128	102	101	181	205	144	145
2109	16	091	136	181	253	103	141	103	149	191	238	087	160	115	227	143	158	102	140	194	252	177	152	154	081	124	183	148	262	150	129	155	091	150	184	112	172	089	161	087	167	238	132	102	101	191	205	158	149
2110	16	089	136	187	253	103	135	097	129	195	232	087	147	113	225	143	158	090	127	194	252	167	146	154	077	132	165	142	262	150	125	155	091	146	180	106	166	083	165	089	167	228	128	102	095	181	205	166	149
2110	16	089	138	187	269	103	145	103	141	195	238	087	158	115	227	143	160	102	127	194	252	177	152	160	083	132	183	142	262	150	125	157	091	150	180	110	172	089	173	089	167	228	130	104	101	181	207	168	149
2111	16	089	134	181	253	103	141	103	129	191	238	087	158	113	227	143	158	090	127	190	252	167	146	154	077	124	175	142	260	150	129	155	095	150	184	110	170	089	161	089	161	238	130	098	095	181	205	158	153
2111	16	091	136	181	269	103	141	103	129	191	238	089	162	115	229	143	158	090	146	194	252	173	152	160	083	132	175	142	262	150	129	155	095	150	196	112	172	089	165	089	167	238	130	104	103	181	205	166	153
2112	16	089	136	179	253	103	135	097	129	191	238	087	158	108	227	143	158	090	142	190	252	177	146	144	077	126	175	142	262	150	125	155	091	150	180	090	166	085	161	087	167	224	130	092	095	181	205	158	147
2112	16	091	138	181	253	103	141	103	149	191	238	089	162	108	229	143	158	090	142	194	252	177	152	154	083	132	183	150	262	150	125	155	091	150	196	106	172	085	161	091	167	238	132	102	101	181	215	166	151
2583	16	089	136	181	241	-9	135	093	129	189	232	089	147	108	227	143	158	090	142	190	252	167	146	144	083	124	179	138	260	140	129	155	091	148	180	110	166	085	165	087	167	236	130	098	095	181	205	158	149
2583	16	091	136	181	253	-9	141	103	129	195	238	089	158	113	229	143	158	090	146	194	252	177	152	154	083	124	183	142	262	146	129	155	095	150	180	112	166	089	173	089	167	238	130	102	101	191	211	166	149
2584	16	091	134	187	253	-9	-9	093	129	191	252	089	158	113	229	143	158	088	128	190	252	167	146	160	077	124	183	142	260	140	123	155	092	146	180	110	166	085	161	081	167	228	114	098	095	181	201	158	145
2584	16	091	136	187	269	-9	-9	103	129	191	252	089	162	115	229	143	160	102	142	194	252	173	152	160	083	124	183	142	262	150	125	155	095	150	180	112	172	089	161	087	167	238	130	102	095	191	215	158	152
2587	16	089	134	187	253	103	145	103	129	189	232	087	158	108	229	143	158	090	142	194	252	173	146	154	077	124	183	138	-9	150	125	155	091	150	180	112	172	089	161	087	167	228	128	102	101	181	201	158	149
2587	16	091	136	187	269	103	145	103	141	191	238	087	158	113	229	143	158	102	146	194	252	173	152	160	083	124	183	142	-9	150	129	159	095	150	184	112	172	089	173	089	167	238	128	104	101	181	205	158	153
2590	16	089	136	187	253	103	141	093	129	191	238	087	158	108	227	143	154	090	142	194	250	167	152	154	077	124	175	142	262	150	129	153	-9	150	180	110	170	085	161	089	161	224	114	092	095	181	201	166	149
2590	16	089	138	187	253	103	145	093	143	191	238	089	158	115	229	143	160	090	146	194	252	173	164	160	083	124	183	142	262	150	129	155	-9	150	184	112	172	085	165	089	167	228	114	104	103	191	205	166	151
2591	16	089	136	181	253	103	141	103	129	191	232	087	158	113	229	143	156	090	128	194	252	173	152	152	077	124	165	138	262	150	125	155	091	150	184	106	166	089	161	085	167	228	130	-9	-9	181	205	144	-9
2591	16	091	136	187	253	103	141	103	141	191	238	089	162	115	231	143	158	090	142	194	252	173	152	154	077	132	175	142	262	150	129	157	091	150	192	112	172	089	165	089	167	238	130	-9	-9	191	207	168	-9
87	2	089	134	179	241	103	141	103	129	191	232	087	160	113	227	143	158	090	142	188	246	177	152	144	083	124	165	138	260	146	129	155	091	150	180	106	166	085	161	087	167	238	130	096	103	181	205	142	149
87	2	093	136	187	253	103	147	103	143	195	252	087	161	113	229	143	160	090	148	190	250	177	166	154	083	124	183	148	260	150	129	155	091	150	198	112	176	089	165	089	167	238	132	102	103	181	205	158	151
88	2	091	136	179	253	103	135	093	129	189	232	087	158	113	227	143	158	090	140	190	252	167	146	154	083	124	175	142	260	148	129	155	091	150	180	110	172	085	161	089	167	224	130	102	099	181	205	158	151
88	2	091	136	187	253	103	135	097	141	191	238	089	158	113	229	143	158	090	142	194	252	177	152	156	083	124	183	142	262	148	129	155	094	150	196	112	176	089	165	089	167	228	132	102	103	181	205	166	153
90	2	089	136	179	253	103	141	097	129	191	238	087	147	113	227	143	156	090	127	188	250	173	152	144	081	124	165	142	262	150	125	155	091	150	180	112	166	089	161	087	167	228	128	092	095	181	205	144	151
90	2	089	140	187	253	103	141	103	141	191	252	087	158	115	229	143	158	090	142	190	252	177	154	152	083	126	175	148	262	150	129	159	092	150	184	112	172	089	161	089	167	228	130	098	101	181	207	158	153
92	2	089	136	179	241	103	135	093	143	191	232	087	147	115	227	143	158	090	140	190	252	173	146	156	083	124	175	142	260	148	125	155	091	150	180	110	166	085	161	089	161	238	130	092	099	177	205	142	151
92	2	091	138	187	249	103	145	097	149	191	232	087	160	115	229	143	158	102	142	194	252	177	152	160	083	124	175	142	262	150	129	157	092	150	184	112	172	089	173	089	167	238	132	098	101	181	207	144	153
96	2	091	134	179	253	103	141	097	129	191	238	087	158	113	229	143	154	090	127	190	252	167	152	154	077	124	175	138	262	148	125	155	091	150	180	106	166	085	161	085	167	228	128	102	095	181	205	142	151
96	2	091	140	179	271	103	141	103	129	191	238	087	160	113	229	143	156	102	140	194	252	167	152	154	083	132	183	138	262	150	129	155	091	150	180	110	172	085	173	089	167	228	130	104	101	191	207	168	151
97	2	089	134	179	241	103	141	093	129	189	232	089	147	113	229	143	158	090	142	190	252	177	146	160	081	124	183	142	260	146	125	155	091	150	198	112	170	089	161	089	167	228	128	092	095	181	205	158	149
97	2	091	134	187	253	103	145	103	143	191	238	091	158	115	229	143	160	090	146	194	252	177	152	160	083	132	183	142	262	150	125	155	092	150	198	112	172	089	161	089	167	228	130	102	101	191	205	158	151
105	2	089	136	187	253	103	135	093	129	191	232	087	147	108	227	143	156	090	140	188	246	167	152	144	083	124	175	138	260	150	125	155	091	150	198	106	166	089	165	081	167	228	130	102	095	181	207	142	145
105	2	089	136	187	271	103	147	103	143	191	238	089	147	115	229	143	158	090	142	194	252	177	152	152	083	124	175	148	262	150	129	159	094	150	198	112	166	089	169	089	167	228	132	104	099	181	211	158	151
120	2	091	136	181	241	103	147	093	143	191	232	087	147	108	227	143	158	090	140	194	246	173	152	160	081	124	165	148	262	148	129	155	091	148	196	112	166	085	161	087	167	228	130	092	101	181	205	142	151
120	2	091	136	187	241	103	147	103	143	191	238	087	158	108	231	143	158	102	140	194	246	177	152	160	081	124	183	148	262	150	129	155	091	150	198	112	176	089	161	089	167	228	132	102	103	181	205	142	151
123	2	089	136	179	253	103	141	103	129	189	238	087	158	108	225	143	158	090	140	190	252	167	152	144	077	132	183	142	262	150	125	155	091	150	180	112	172	089	165	089	167	228	130	098	101	177	205	144	149
123	2	091	136	179	253	103	145	103	141	191	238	089	162	115	229	143	160	102	140	190	252	177	154	144	083	132	183	148	262	150	129	159	092	150	196	112	176	089	173	089	167	228	132	102	103	181	207	168	153
128	2	089	136	179	253	103	141	097	129	189	238	087	158	113	229	143	156	090	128	190	252	167	146	144	077	124	175	142	260	150	125	155	091	150	180	110	166	085	161	081	167	228	130	098	101	181	211	158	151
128	2	091	138	181	269	103	141	097	129	191	238	089	158	115	229	143	156	090	142	194	252	177	152	156	083	132	183	148	262	150	129	155	094	150	180	110	170	089	173	091	167	228	130	104	101	181	211	168	151
129	2	093	134	187	253	103	141	093	129	189	232	087	147	108	227	143	156	090	142	190	250	167	152	154	083	124	175	138	260	140	125	153	092	150	180	112	170	089	161	089	167	228	132	102	101	177	207	166	153
129	2	093	136	187	269	103	147	103	129	195	238	087	158	115	229	143	158	090	146	190	252	177	154	154	083	132	183	142	262	150	129	155	092	150	180	112	174	089	165	089	167	228	132	102	103	181	215	168	153
132	2	091	136	179	241	103	147	097	129	189	232	087	147	113	229	143	158	090	140	190	252	167	164	160	081	124	165	142	260	150	125	155	091	150	180	112	176	085	161	081	167	224	130	092	099	177	205	158	147
132	2	091	138	187	253	103	147	103	143	191	252	087	162	113	229	143	160	090	142	194	252	177	166	160	083	124	165	148	260	150	129	155	091	150	184	112	176	089	173	089	167	238	130	092	101	181	211	166	151
504	2	089	134	187	241	103	141	093	129	189	232	087	147	108	227	143	158	090	140	190	250	167	152	144	081	124	183	138	260	146	129	155	092	148	180	110	176	089	161	089	167	228	114	104	103	177	205	142	153
504	2	089	136	187	241	103	145	103	141	191	238	089	158	113	229	143	158	102	142	190	252	177	154	154	081	124	183	142	262	150	129	155	092	150	180	112	176	095	165	089	167	228	130	104	103	181	207	166	153
505	2	089	136	187	253	103	135	103	129	191	232	089	158	108	229	143	160	090	140	190	250	177	146	154	081	132	175	138	260	150	123	155	091	146	180	106	172	085	161	089	161	228	128	092	101	181	205	144	151
505	2	093	136	187	253	103	147	103	149	191	238	091	158	115	233	143	160	090	140	190	252	177	166	154	081	132	183	142	262	150	129	155	091	150	184	112	176	089	161	089	167	238	132	102	103	181	215	158	153
506	2	091	134	187	253	103	141	093	143	189	238	089	158	115	233	143	158	088	140	190	252	173	152	154	081	124	179	142	262	146	129	155	091	150	180	112	166	083	161	087	167	228	130	092	101	177	211	158	153
506	2	093	136	187	253	103	145	103	149	191	252	091	162	115	233	143	160	088	142	194	252	175	152	160	083	124	183	142	262	150	129	159	092	150	194	112	170	085	161	089	167	238	130	104	101	181	215	166	153
507	2	089	136	187	241	103	135	093	129	191	232	087	158	115	227	143	156	090	140	194	252	177	152	144	081	124	175	138	260	146	123	155	091	150	184	110	170	089	161	089	161	228	130	102	095	177	205	142	151
507	2	091	136	187	253	103	141	103	143	195	252	089	160	115	233	143	158	090	142	194	252	177	152	154	083	132	183	142	262	146	129	155	092	150	184	112	176	089	165	089	167	228	132	102	101	181	205	142	151
508	2	089	136	179	241	103	135	089	129	189	238	087	158	113	227	143	158	090	140	188	252	177	152	152	083	124	165	138	260	148	129	155	091	150	180	112	170	089	161	089	167	228	132	098	095	177	201	156	149
508	2	091	136	181	271	103	145	097	141	191	252	089	162	113	229	143	158	090	142	194	252	177	166	154	083	124	183	142	260	150	129	155	095	150	196	112	172	089	169	089	167	228	132	104	099	181	207	158	151
509	2	091	136	187	253	103	141	093	129	191	232	087	158	113	229	143	156	090	127	188	252	177	146	144	081	124	183	142	262	146	125	155	091	150	180	112	172	083	161	087	167	228	130	092	095	181	211	144	151
509	2	093	136	187	253	103	145	103	143	191	252	087	162	115	233	143	158	090	142	194	252	177	152	160	081	124	183	148	262	150	129	155	091	150	194	112	176	089	169	089	167	238	132	102	103	181	215	164	151
510	2	091	136	179	253	103	135	093	143	189	238	087	147	113	227	143	158	090	138	194	252	173	146	144	083	124	175	142	260	146	125	155	091	150	196	110	176	089	165	085	167	228	130	092	099	177	205	142	151
510	2	091	136	179	253	103	141	103	143	191	238	089	160	113	233	143	160	090	142	194	252	177	166	156	083	124	183	142	262	148	129	155	092	150	198	112	176	089	169	089	167	238	132	102	103	181	207	158	153
511	2	091	134	179	249	103	135	093	129	191	232	089	158	113	227	143	158	090	140	188	252	167	146	154	083	124	183	138	262	150	129	155	091	150	180	110	172	083	161	085	167	228	130	096	101	177	205	158	149
511	2	091	138	187	253	103	147	097	141	191	238	089	160	115	227	143	158	090	142	194	252	177	152	160	083	132	183	142	262	150	129	155	094	150	198	112	176	085	169	085	167	228	130	102	103	191	207	166	149
512	2	089	136	179	241	103	135	089	129	189	232	087	147	115	227	143	158	090	127	190	252	167	146	154	083	124	183	138	260	146	129	155	092	150	180	112	166	089	161	085	167	228	130	102	103	181	205	158	149
512	2	091	136	187	253	103	141	093	149	191	238	087	158	115	231	143	158	090	142	194	252	177	152	154	083	132	183	142	262	150	129	155	092	150	180	112	172	089	161	087	167	228	130	102	103	181	211	166	151
513	2	089	136	179	241	103	135	093	129	189	232	087	147	108	225	143	158	090	142	194	246	177	146	152	081	132	175	142	262	146	125	155	091	150	184	112	166	085	159	089	167	228	130	092	095	177	205	158	151
513	2	093	136	187	241	103	141	093	143	189	238	087	160	115	229	143	158	090	142	194	252	177	152	160	083	132	183	142	262	150	129	155	091	150	194	112	176	089	161	089	167	238	132	102	103	181	205	168	151
514	2	089	134	179	253	103	135	097	129	189	232	087	147	115	229	143	156	090	140	188	246	167	152	154	083	124	175	138	260	150	125	155	091	146	180	110	172	085	173	085	167	228	128	098	101	177	207	144	145
514	2	091	134	187	271	103	141	103	129	191	238	089	158	115	233	143	160	090	142	190	252	177	152	156	083	132	183	138	262	150	125	155	091	150	180	110	172	089	173	089	167	228	128	102	101	181	211	158	145
515	2	091	136	179	241	103	135	089	141	189	232	087	158	113	231	143	156	090	140	190	246	173	152	154	077	124	179	138	260	148	125	155	091	150	180	112	170	089	161	089	161	228	128	098	101	181	205	142	145
515	2	091	138	187	269	103	135	089	143	191	238	089	162	115	231	143	158	090	140	190	252	177	166	154	083	124	183	142	262	150	125	159	091	150	196	112	170	089	165	089	167	228	130	104	101	191	211	166	151
558	2	091	136	179	253	103	141	093	129	189	232	087	147	108	227	143	158	090	140	190	246	167	152	144	081	124	165	142	260	140	125	155	091	150	180	106	166	089	161	089	167	228	128	092	095	181	207	142	145
558	2	091	136	181	253	103	141	093	129	189	238	089	158	113	233	143	158	102	146	194	252	177	166	154	083	132	175	142	262	140	129	155	094	150	184	112	176	089	165	089	167	228	132	102	103	181	207	144	151
559	2	089	136	179	253	103	135	089	129	189	232	087	158	115	229	143	156	090	128	190	250	177	152	152	077	124	183	138	262	146	125	155	091	150	180	112	166	089	161	089	167	228	114	092	101	191	205	166	151
559	2	089	138	187	253	103	141	093	129	189	232	087	160	115	229	143	158	090	142	194	252	177	154	160	083	132	183	148	262	150	129	159	092	150	180	112	172	089	161	089	167	238	114	102	101	191	207	166	151
560	2	091	136	179	253	103	135	093	129	189	232	087	147	108	227	143	156	090	128	188	252	177	152	144	083	132	165	138	262	150	125	155	091	150	180	112	172	085	161	089	161	224	114	098	103	181	205	166	145
560	2	091	138	187	271	103	141	097	143	191	232	089	158	115	231	143	158	102	148	190	252	177	152	154	083	132	175	142	262	150	129	155	092	150	196	112	172	085	173	091	167	228	132	102	103	181	211	166	151
561	2	089	136	187	253	103	135	093	129	191	232	089	147	108	227	143	156	090	128	188	246	167	146	154	081	126	165	142	260	148	123	155	092	150	180	112	170	085	161	089	167	224	130	092	099	181	207	166	151
561	2	093	136	187	253	103	141	103	129	191	252	091	162	115	233	143	160	090	142	190	252	175	152	154	083	132	183	142	262	150	125	155	092	150	184	112	176	089	173	089	167	228	132	102	101	181	211	166	151
562	2	091	136	179	253	103	145	093	129	189	238	089	158	113	227	143	158	088	140	188	252	167	146	152	083	124	179	142	260	148	129	155	091	150	196	112	176	085	161	081	167	228	114	092	099	181	205	142	151
562	2	091	138	187	253	103	147	097	129	191	238	091	160	113	229	143	160	090	142	194	252	167	166	160	085	126	183	142	260	150	129	159	092	150	198	112	176	089	161	089	167	228	130	098	103	191	205	158	153
563	2	091	134	179	241	103	135	089	141	191	232	087	147	113	229	143	158	090	140	190	246	177	164	154	083	124	179	138	260	146	129	155	091	150	198	112	170	085	161	089	167	228	130	102	099	181	201	158	149
563	2	093	136	187	241	103	141	103	143	191	252	089	160	113	231	143	158	090	148	190	252	177	166	154	083	124	183	142	262	148	129	159	091	150	198	112	176	089	165	089	167	238	130	102	103	191	205	168	151
564	2	089	134	179	253	103	141	089	129	189	232	087	147	115	227	143	156	090	128	194	252	167	152	144	081	124	183	142	262	146	123	155	091	150	180	112	170	089	161	087	167	228	114	092	099	181	205	144	145
564	2	091	138	187	253	103	141	097	143	191	238	087	158	115	229	143	158	090	140	194	252	173	152	152	083	124	183	148	262	150	129	159	091	150	198	112	172	089	173	089	167	228	132	102	101	181	211	166	151
136	3	089	136	187	249	103	135	093	129	191	232	087	158	115	227	143	158	090	142	188	250	173	146	154	081	124	165	142	260	150	125	153	091	150	180	110	166	089	161	089	161	238	114	102	095	181	207	166	145
136	3	089	140	191	249	103	141	097	129	195	232	091	158	115	229	143	160	102	146	190	254	177	158	154	081	124	183	142	260	150	129	155	091	150	184	110	172	089	165	091	167	238	130	102	101	181	207	168	149
138	3	089	136	187	249	103	135	093	129	189	238	087	158	113	229	143	156	090	127	190	252	173	152	144	081	124	175	142	262	150	125	155	091	148	180	106	172	089	161	087	167	228	130	092	095	181	205	158	145
138	3	089	138	187	253	103	145	103	129	191	238	087	158	115	231	143	158	090	146	194	252	177	152	154	083	124	183	142	262	150	129	159	094	150	196	112	172	089	169	089	167	228	130	096	103	191	211	168	153
140	3	089	136	179	253	103	145	085	129	189	232	087	158	108	229	143	160	090	127	188	252	167	152	152	081	124	183	142	260	150	129	155	091	148	180	112	172	089	161	087	167	228	128	102	095	181	211	158	145
140	3	089	138	187	253	103	145	097	141	195	238	087	160	113	233	143	160	090	142	190	254	177	152	160	083	132	183	142	260	150	129	157	092	150	180	112	172	089	165	091	167	228	128	102	103	181	215	166	145
141	3	089	138	187	253	103	145	089	129	189	232	087	158	113	227	143	156	090	142	194	248	173	152	144	081	124	165	138	262	146	129	155	091	148	180	110	172	085	161	081	167	228	130	092	101	181	201	144	145
141	3	091	138	191	253	104	145	097	149	195	238	091	158	115	229	143	158	090	142	194	252	173	152	154	083	132	183	148	262	150	129	155	094	150	180	110	172	089	161	089	167	238	130	098	103	181	205	168	145
144	3	089	136	187	253	103	141	097	129	191	232	087	158	113	227	143	156	090	140	190	252	167	152	154	081	126	165	138	262	150	125	155	091	148	180	110	172	089	161	085	167	224	130	098	101	181	205	144	145
144	3	091	138	191	269	103	141	097	141	191	238	087	162	113	233	143	160	090	142	194	252	177	158	160	083	132	183	142	262	150	129	159	091	150	196	110	172	089	173	089	167	236	132	102	101	191	211	166	153
146	3	089	136	181	253	103	141	093	129	189	232	087	158	113	229	143	156	090	142	190	252	167	146	154	083	124	183	142	262	148	125	155	095	148	180	112	172	089	161	087	161	228	130	098	101	181	205	144	151
146	3	089	136	187	253	103	141	103	143	195	232	087	162	113	231	143	158	090	142	194	252	177	154	154	083	132	183	142	262	150	129	159	095	150	180	112	176	089	161	089	161	228	132	104	101	181	211	144	153
148	3	093	136	179	249	103	141	093	141	189	232	087	158	108	227	143	158	090	138	190	250	167	152	154	081	124	165	142	260	146	125	157	091	148	180	112	166	085	161	087	161	228	114	104	101	177	211	158	145
148	3	093	140	187	249	103	145	103	149	191	238	087	162	115	229	143	160	102	142	190	252	173	166	154	083	132	183	142	260	150	125	159	094	150	180	112	172	089	161	089	167	228	130	104	101	181	215	166	153
150	3	089	138	187	253	103	141	093	129	195	232	087	158	108	229	143	156	090	142	194	252	167	152	152	081	124	165	142	262	150	125	153	091	150	180	112	166	089	165	081	167	238	130	102	095	177	211	168	153
150	3	091	138	187	269	103	145	093	143	195	232	087	158	115	233	143	158	090	146	194	254	177	152	160	083	132	165	142	262	150	129	155	092	150	180	112	172	089	169	087	167	238	130	104	095	181	211	168	153
152	3	089	136	187	249	103	145	093	129	189	238	087	158	113	227	143	156	090	128	188	248	167	152	160	081	124	183	138	260	146	125	155	091	150	180	110	166	085	161	089	167	228	130	096	095	181	211	144	149
152	3	093	138	187	253	103	145	103	149	189	238	089	158	115	227	143	158	090	146	194	252	173	152	160	083	124	183	142	262	150	129	155	092	150	180	112	172	089	165	089	167	238	132	102	095	181	211	166	151
666	3	089	136	187	253	103	145	085	129	191	238	087	158	115	227	143	156	090	127	190	250	167	146	144	081	124	175	142	262	146	125	153	091	150	180	110	166	089	161	081	167	228	128	102	095	181	207	158	153
666	3	091	136	187	253	103	145	097	129	195	238	087	158	115	233	143	158	102	127	194	252	173	146	160	083	126	183	142	262	150	129	155	092	150	184	112	176	095	161	091	167	228	130	104	095	191	215	158	153
667	3	089	136	179	249	103	141	097	129	193	238	087	158	113	227	143	158	102	142	190	252	167	152	152	081	124	175	138	260	150	129	153	091	150	180	110	166	089	161	081	167	224	114	092	095	181	211	142	145
667	3	089	136	179	253	103	145	103	129	195	238	089	158	113	229	143	158	102	142	194	252	173	158	160	081	124	183	138	260	150	129	155	091	150	184	110	172	089	161	081	167	238	128	104	103	181	211	144	153
668	3	089	138	179	253	103	141	093	129	191	238	087	158	113	229	143	158	090	127	190	252	167	146	144	081	124	165	142	262	146	129	155	091	150	180	110	170	085	161	089	167	224	130	102	095	177	207	144	149
668	3	091	140	187	269	103	147	103	143	195	238	091	158	115	233	145	158	102	127	190	254	177	152	154	083	132	179	142	262	150	129	155	091	150	180	112	172	085	169	089	167	228	130	102	103	181	207	166	153
669	3	089	136	179	249	103	135	093	129	189	232	087	158	113	227	143	158	090	138	190	250	167	152	154	077	122	165	142	262	150	129	155	091	150	196	112	170	089	165	087	167	228	130	096	103	181	205	144	149
669	3	089	136	187	249	103	141	093	129	195	238	089	160	115	227	143	160	090	142	194	252	173	152	154	083	132	183	142	262	150	129	155	091	150	196	112	172	089	169	089	167	238	130	096	103	181	211	144	149
670	3	089	136	187	253	103	141	093	129	189	238	087	161	113	227	143	158	090	127	194	252	173	152	154	081	124	165	142	260	146	129	155	091	150	180	090	172	089	161	089	167	228	130	102	095	181	207	158	145
670	3	089	138	187	253	103	145	093	149	189	238	089	162	115	233	143	158	102	127	194	254	177	152	160	083	124	183	148	260	150	129	157	091	150	180	112	172	089	169	089	167	228	130	102	095	181	211	166	151
684	3	089	136	187	253	103	141	093	129	189	232	087	158	108	229	143	156	090	142	190	252	167	152	144	083	124	165	142	262	150	125	153	091	150	180	112	172	089	161	089	167	224	130	096	095	177	205	142	153
684	3	091	138	187	269	103	141	103	143	191	238	087	162	113	231	143	158	090	146	194	252	167	152	152	083	132	183	142	262	150	129	155	091	150	184	112	172	089	169	089	167	228	132	104	095	181	211	168	153
685	3	089	138	179	249	103	141	093	141	191	238	089	158	115	229	143	154	090	128	190	248	173	146	154	083	124	165	142	260	150	125	155	091	150	180	112	166	085	161	089	167	224	130	102	095	181	211	166	145
685	3	089	138	187	269	103	141	093	143	195	238	091	160	115	233	143	156	102	128	194	252	177	158	160	083	132	179	142	262	150	125	157	095	150	180	112	172	089	169	091	167	224	130	102	101	191	211	166	151
686	3	089	136	179	253	103	141	093	129	189	232	087	158	113	227	143	158	090	128	190	252	167	146	154	077	124	179	142	260	150	129	155	091	150	180	110	166	089	165	087	161	228	132	098	101	181	201	142	145
686	3	093	140	191	253	103	141	103	129	191	238	091	158	113	229	143	158	090	142	190	252	173	166	154	081	124	183	142	262	150	129	159	092	150	180	112	166	089	169	087	167	236	132	098	103	181	207	158	153
687	3	089	138	187	253	103	141	085	129	191	232	087	158	113	229	143	156	090	146	194	252	173	146	154	077	124	165	138	262	150	125	155	091	148	184	110	172	089	161	081	167	228	130	102	095	177	207	158	145
687	3	093	140	191	253	103	145	103	141	191	238	087	162	115	229	143	158	090	146	194	254	177	152	154	081	132	183	142	262	150	129	155	091	150	196	112	172	089	161	087	167	238	130	104	095	181	211	166	153
688	3	089	136	181	253	103	135	085	129	191	232	087	158	113	227	143	156	090	142	194	252	167	146	154	081	132	183	142	260	148	129	153	092	150	184	110	172	089	161	087	161	224	130	-9	095	181	211	144	145
688	3	089	138	187	253	103	141	093	129	195	238	087	162	113	229	143	158	090	142	194	252	167	152	154	083	132	183	142	260	150	129	155	092	150	196	112	172	089	161	089	167	228	130	-9	101	181	215	158	153
689	3	089	136	179	253	103	141	089	129	191	232	089	147	113	227	143	156	090	128	194	252	173	152	144	083	124	175	138	260	150	129	153	091	148	180	110	166	089	161	087	167	228	130	098	095	181	205	158	153
689	3	089	138	181	253	103	141	093	149	195	238	091	162	113	233	145	156	102	142	194	254	173	158	160	083	132	183	150	262	150	129	155	091	150	184	112	166	089	169	089	167	236	130	102	101	181	207	168	153
165	4	089	136	179	253	103	135	103	129	189	232	087	160	115	229	143	156	090	127	188	252	173	146	154	077	122	165	138	260	146	123	157	095	146	180	112	170	089	161	089	167	228	130	098	101	181	205	144	151
165	4	091	136	187	253	103	135	103	149	191	252	089	162	115	229	143	158	090	146	194	252	177	152	154	077	132	165	142	262	150	125	159	095	150	180	112	170	089	161	089	167	238	130	102	101	181	211	168	153
167	4	089	134	179	253	103	135	093	143	189	238	087	160	115	229	143	158	090	127	194	252	173	146	154	077	124	183	142	260	140	125	155	091	150	180	090	170	089	161	087	167	238	130	098	099	181	211	142	149
167	4	089	136	187	253	103	141	103	143	195	252	087	162	115	229	143	158	102	127	194	252	177	152	154	083	132	183	142	262	150	125	157	095	150	184	106	172	089	161	089	167	238	132	102	099	191	211	166	151
170	4	089	136	179	253	103	141	093	129	189	232	087	160	115	227	143	156	088	127	194	250	173	146	154	077	124	165	142	260	146	125	155	091	146	180	106	172	089	161	081	167	228	130	098	095	181	211	144	147
170	4	091	136	187	269	103	141	103	143	191	252	089	160	115	227	143	158	090	142	194	252	173	152	160	077	124	175	142	262	150	129	159	095	150	194	112	172	089	173	089	167	228	132	102	095	181	215	166	149
714	4	091	136	187	241	103	135	089	129	189	232	087	147	115	229	143	160	090	127	188	252	167	146	154	077	124	165	142	260	146	125	157	092	150	180	110	166	089	161	087	161	228	130	092	101	181	205	144	151
714	4	091	136	187	253	103	141	093	143	191	238	087	147	115	229	143	160	102	127	190	252	177	166	154	085	126	179	142	262	150	129	159	092	150	180	110	176	095	165	089	167	236	130	102	101	181	205	166	151
715	4	091	136	179	253	103	135	103	129	191	238	087	160	108	229	143	158	090	127	188	250	165	146	154	083	122	165	138	260	146	125	157	091	146	180	110	166	089	161	089	167	228	130	102	095	181	205	-9	149
715	4	091	136	187	269	104	141	103	143	191	252	089	160	113	229	145	158	090	127	194	252	175	152	154	083	124	175	138	262	150	125	159	091	150	180	112	172	089	161	089	167	228	130	102	099	181	211	-9	151
716	4	089	136	181	253	103	135	091	129	191	232	087	158	115	229	143	156	090	142	194	252	177	152	154	077	122	165	138	260	140	123	157	091	150	180	106	170	089	161	087	167	238	130	102	101	181	205	142	151
716	4	089	136	187	253	103	141	103	129	195	252	087	160	115	229	157	156	090	146	194	252	177	152	154	077	132	183	138	262	146	125	159	095	150	184	112	172	089	161	089	167	238	132	102	101	191	211	144	151
717	4	089	136	179	241	103	135	093	129	189	238	087	160	115	227	143	158	090	127	188	250	165	146	154	077	124	175	142	260	148	125	155	-9	146	180	090	172	089	173	081	167	228	130	092	095	181	201	144	149
717	4	091	136	187	269	104	141	093	129	191	252	089	162	115	229	145	160	090	142	194	252	177	152	160	081	124	179	142	262	150	129	155	-9	150	198	106	172	089	173	091	167	228	130	102	099	181	215	158	151
2346	4	089	134	185	247	103	137	089	129	195	232	087	158	108	231	147	154	090	127	194	250	173	152	144	081	122	165	138	262	152	125	155	091	146	184	106	170	083	161	085	161	236	130	092	099	177	211	142	-9
2346	4	093	134	185	247	103	147	097	143	195	238	087	161	115	233	147	156	100	150	200	254	177	152	156	083	132	185	138	262	152	131	157	091	150	198	106	186	089	173	085	161	236	130	092	101	181	211	158	-9
189	5	089	134	185	247	103	141	103	141	191	232	087	160	113	225	143	156	090	140	190	250	177	146	144	083	124	181	142	262	146	129	151	095	150	180	106	172	085	161	087	167	228	130	102	095	181	205	166	145
189	5	091	138	185	269	103	147	103	143	195	238	091	162	115	231	143	156	102	150	194	252	177	152	154	083	124	183	142	262	148	129	157	095	150	198	112	174	085	173	091	167	236	130	104	101	181	211	166	145
190	5	089	136	185	247	103	135	103	129	189	254	087	160	108	225	143	156	090	146	190	250	173	146	144	083	124	175	142	260	146	123	155	095	148	180	106	170	089	173	087	161	228	130	104	095	181	211	142	145
190	5	091	136	187	247	103	145	103	129	191	254	091	162	115	229	143	158	090	150	190	252	175	162	154	083	132	175	142	262	148	129	155	095	150	180	108	172	089	173	087	167	240	130	104	103	181	211	144	149
193	5	089	134	185	247	099	135	097	129	189	232	089	160	113	229	143	156	090	148	188	252	167	152	144	077	124	175	142	256	146	129	155	092	146	180	106	170	083	161	081	167	240	118	098	095	181	205	142	145
193	5	089	138	191	253	103	147	103	129	189	254	089	160	115	231	143	160	090	150	202	252	175	162	156	083	132	175	150	262	146	129	155	092	150	198	112	172	089	161	091	167	240	132	102	103	181	207	158	145
761	5	089	134	185	247	103	147	103	129	191	238	087	160	108	229	143	158	090	150	194	252	175	152	144	083	124	175	142	256	148	123	151	092	150	180	106	170	083	161	085	167	228	130	102	095	181	207	142	145
761	5	091	136	187	247	103	147	103	129	191	238	087	160	113	231	143	160	090	150	194	252	177	156	144	083	124	175	150	260	150	129	155	095	150	180	106	172	089	161	089	167	240	130	104	095	181	211	142	149
762	5	089	134	185	247	103	135	091	129	189	232	087	160	113	229	143	156	090	127	194	250	173	146	144	077	124	175	142	262	140	129	151	092	150	180	106	170	083	173	085	167	236	128	104	095	181	207	142	145
762	5	089	136	185	253	103	135	103	129	191	254	089	160	115	231	143	156	102	148	194	252	177	156	154	083	132	181	150	262	146	129	155	092	150	180	106	170	089	173	089	167	236	130	104	103	181	215	166	145
763	5	089	134	185	241	103	145	093	129	191	254	087	160	108	225	143	154	090	140	190	252	175	156	144	083	124	175	142	260	148	123	155	092	150	180	106	172	085	165	085	161	228	128	102	095	181	205	144	145
763	5	091	136	187	253	103	147	103	129	191	254	089	162	113	229	143	156	102	148	194	252	175	156	144	083	124	183	142	260	148	129	155	095	150	184	108	172	089	173	087	167	238	130	104	101	181	215	144	145
764	5	089	138	185	247	103	135	091	129	189	238	087	160	113	229	143	156	090	146	194	252	167	152	144	083	132	183	142	262	148	129	155	092	150	180	106	172	083	173	081	167	236	118	102	095	181	205	142	145
764	5	091	138	191	247	103	141	103	141	191	238	089	160	115	229	143	156	090	146	194	252	177	156	154	083	132	183	142	262	150	129	155	095	150	184	108	172	089	173	081	167	240	118	104	095	181	205	168	149
765	5	091	134	185	253	103	135	091	129	189	232	087	160	113	229	143	156	090	146	188	252	163	152	144	083	124	175	142	262	148	129	151	095	146	180	106	172	083	173	085	161	228	130	104	101	181	205	144	145
765	5	093	134	187	269	103	141	103	129	191	252	091	160	115	231	143	158	090	150	188	252	175	158	144	083	124	183	142	262	148	129	155	095	150	180	106	174	089	173	089	167	236	130	104	103	191	215	168	145
778	5	091	134	181	241	103	147	097	129	189	248	087	158	108	225	143	154	090	148	194	252	175	146	144	083	124	183	142	260	148	127	155	091	148	180	106	172	085	165	085	167	228	130	098	095	181	205	144	145
778	5	093	134	187	253	103	147	103	143	189	254	089	162	115	229	143	158	090	150	194	254	175	156	156	083	132	183	148	262	150	129	155	095	150	192	106	172	089	173	087	167	228	130	102	103	181	205	166	149
779	5	089	134	187	241	103	141	103	129	189	238	089	160	108	229	143	156	090	148	190	250	173	152	144	083	124	175	142	262	148	127	151	092	146	180	106	170	083	161	081	161	228	130	104	101	181	205	142	145
779	5	091	134	187	269	103	145	103	129	191	254	089	160	115	229	143	156	090	150	202	252	173	156	154	083	132	183	150	262	150	129	155	095	150	180	110	172	089	173	085	167	238	130	104	103	181	211	168	145
780	5	089	136	185	241	103	145	103	141	189	238	087	160	113	225	147	154	090	140	190	252	167	156	144	083	124	175	142	260	146	123	155	091	146	184	106	172	083	161	085	161	236	130	098	103	181	205	142	149
780	5	089	136	191	253	103	145	103	143	191	248	087	160	115	231	147	156	090	146	194	252	173	156	144	083	132	175	142	262	146	129	155	092	150	192	106	172	085	161	091	167	238	130	104	103	181	207	166	149
781	5	089	134	185	241	103	135	093	129	191	238	087	162	113	225	143	156	090	146	194	246	175	152	144	083	132	175	142	262	148	129	151	091	146	180	106	170	089	173	085	167	228	118	102	095	181	205	166	145
781	5	091	136	187	253	103	147	097	129	191	254	087	162	113	229	143	160	090	150	194	252	177	158	160	083	132	183	148	262	150	129	155	095	150	180	106	172	089	173	087	167	236	130	102	103	189	211	166	145
782	5	089	136	185	241	103	135	103	129	189	232	087	160	108	229	143	154	090	140	190	252	175	152	144	083	124	175	142	260	148	129	155	092	150	180	096	172	085	161	085	167	236	130	102	095	181	205	142	145
782	5	089	138	185	247	103	145	103	141	191	248	089	162	108	229	143	156	090	146	194	254	175	152	144	083	132	183	142	262	150	129	155	092	150	180	110	176	085	161	085	167	238	130	104	101	191	205	166	149
783	5	089	134	185	247	103	135	103	141	191	238	087	160	113	229	143	156	090	146	188	252	163	152	144	083	124	175	142	256	148	129	151	092	150	180	106	170	089	173	085	167	236	130	102	095	181	205	166	145
783	5	089	136	185	253	103	135	103	141	195	238	089	160	115	231	143	156	090	150	190	252	163	156	144	083	132	181	150	262	150	129	151	092	150	180	106	172	089	173	087	167	240	130	102	103	181	207	166	149
784	5	089	134	185	253	101	141	097	129	189	238	087	162	113	231	143	158	090	140	190	252	177	152	144	083	124	183	142	260	148	129	155	092	150	180	106	170	089	173	085	167	236	130	098	095	181	205	142	145
784	5	091	138	191	253	103	145	103	129	191	254	091	162	113	231	147	160	090	150	194	252	177	156	160	083	132	183	150	262	150	129	155	095	150	198	106	172	089	173	085	167	240	130	102	103	181	211	168	149
785	5	089	136	185	247	103	135	091	129	189	232	087	160	115	231	143	154	090	140	194	250	163	146	144	083	124	165	142	262	140	129	151	092	146	180	106	170	089	161	081	167	236	118	104	103	181	207	166	145
785	5	091	138	187	253	103	147	103	141	191	254	089	160	115	231	143	156	102	150	202	252	177	162	154	083	124	183	150	262	146	129	155	095	150	180	106	172	089	173	085	167	240	130	104	103	181	215	166	153
786	5	089	134	185	247	103	141	103	129	191	232	087	160	113	229	143	156	090	140	188	252	173	152	144	083	124	181	142	260	150	129	151	095	150	180	106	172	089	165	085	167	240	130	104	095	181	205	158	145
786	5	091	134	185	253	103	145	103	129	195	238	089	162	115	231	147	158	090	150	202	252	177	162	144	083	124	183	150	262	150	129	151	095	150	192	106	174	089	173	085	167	240	130	104	101	181	211	168	149
787	5	089	134	187	253	103	141	097	129	191	232	087	160	108	225	133	156	090	127	190	252	163	146	144	083	124	175	142	260	146	129	155	095	146	180	108	170	085	161	085	167	228	130	102	095	181	205	142	145
787	5	091	136	191	269	103	145	103	141	191	254	089	160	113	225	143	156	090	148	194	252	173	152	160	083	132	183	142	262	150	129	155	095	150	180	108	172	089	173	091	167	240	130	102	101	181	207	144	145
788	5	089	136	185	253	103	135	097	129	189	232	087	160	113	227	133	154	090	150	188	246	163	152	144	083	124	175	142	260	146	123	155	095	146	180	106	172	083	161	085	167	236	118	102	101	181	207	158	149
788	5	089	138	191	253	103	147	097	143	191	232	089	160	113	231	143	156	102	150	202	252	167	156	154	083	132	183	150	262	150	125	155	095	150	192	108	172	083	165	089	167	236	118	102	103	181	215	168	149
789	5	089	134	187	247	103	135	091	129	189	232	089	160	113	225	143	154	090	127	194	250	165	156	144	083	124	175	142	256	148	129	155	092	146	192	096	170	085	161	091	167	240	130	102	095	181	207	142	145
789	5	089	136	191	253	103	135	097	149	191	232	091	161	115	231	143	156	102	148	202	252	167	156	160	083	132	183	142	260	150	129	155	092	150	192	106	172	089	173	091	167	240	130	102	101	181	211	144	149
790	5	089	136	181	247	103	141	091	129	189	238	087	160	113	229	143	154	090	148	190	252	163	152	154	083	124	175	142	260	150	129	151	095	146	180	106	170	085	161	085	167	228	130	102	095	181	211	142	145
790	5	089	138	185	269	103	147	091	143	191	238	089	160	115	231	143	160	102	148	194	252	175	156	154	083	132	183	148	262	150	129	155	095	146	192	106	172	089	165	087	167	236	130	102	103	181	211	142	145
791	5	089	136	185	241	103	135	103	129	191	248	087	160	108	229	143	156	090	140	188	252	173	152	144	083	124	175	142	260	150	129	155	091	146	180	096	172	083	161	081	167	236	130	102	095	181	205	158	145
791	5	089	136	187	253	103	145	103	129	191	254	087	160	115	229	143	156	090	150	190	254	175	158	154	083	132	183	142	260	150	129	155	092	150	180	110	174	085	173	085	167	238	130	102	101	191	215	166	149
792	5	089	136	185	241	103	147	093	129	191	232	087	160	113	225	143	154	090	146	188	246	167	152	144	083	132	175	142	260	146	123	151	091	146	180	106	172	083	161	085	167	228	118	102	095	181	207	166	145
792	5	089	136	191	253	103	147	097	129	191	238	087	162	113	231	147	160	090	148	194	250	175	156	144	083	132	183	148	262	148	129	155	095	150	192	106	172	089	173	091	167	236	130	104	103	189	211	166	149
793	5	091	134	181	253	103	135	091	129	189	238	089	160	108	225	143	156	090	146	188	252	167	156	144	083	132	175	142	260	146	127	155	091	148	180	106	172	083	161	085	161	228	130	104	095	181	205	142	145
793	5	093	136	191	253	103	145	097	129	191	252	089	160	113	231	143	158	102	146	194	254	173	158	144	083	132	175	142	262	146	129	155	092	150	192	110	172	089	173	091	167	240	130	104	103	181	211	166	149
794	5	089	136	187	253	103	147	097	129	189	232	087	160	113	231	143	156	090	148	188	252	163	152	144	083	124	165	142	260	146	129	155	091	146	184	106	170	083	161	085	161	236	130	102	095	181	205	142	145
794	5	091	136	191	269	103	147	097	129	189	238	087	162	113	231	147	158	102	150	202	252	173	156	154	083	124	183	142	260	148	129	155	095	146	192	106	172	085	165	091	167	236	130	102	103	191	211	158	149
795	5	089	136	187	247	103	135	097	143	189	232	089	160	113	229	143	156	090	140	194	252	163	152	144	083	124	165	142	262	146	129	151	092	146	180	106	170	083	161	081	167	236	130	098	095	181	205	144	145
795	5	089	136	191	253	103	147	103	143	189	254	089	162	113	231	147	158	102	146	202	252	175	158	144	083	132	175	150	262	146	129	155	095	146	198	112	170	089	173	089	167	240	130	104	103	191	207	166	149
796	5	089	134	185	241	103	147	097	141	189	238	087	160	108	229	143	154	090	140	194	252	163	146	144	083	124	183	142	260	140	127	155	092	146	180	106	172	085	161	085	167	236	130	098	095	181	211	166	145
796	5	091	136	187	253	103	147	103	141	191	248	089	162	113	231	147	154	102	148	194	254	173	156	160	083	124	183	142	262	146	129	155	092	150	180	106	172	089	173	085	167	238	130	104	095	181	215	166	149
797	5	091	134	181	253	103	145	091	141	189	238	087	160	113	229	143	158	090	146	194	252	163	152	144	083	132	175	142	260	146	129	151	091	150	180	106	170	083	173	085	161	228	130	102	095	181	205	166	145
797	5	091	136	185	253	103	145	103	143	191	254	089	160	113	229	143	158	090	150	194	252	163	158	144	083	132	183	150	262	148	129	155	092	150	180	106	172	085	173	091	167	236	130	102	103	181	207	166	145
798	5	089	134	185	247	103	145	093	129	191	232	087	160	108	225	143	156	090	148	194	250	163	146	154	077	124	175	142	260	146	127	155	092	150	180	106	170	089	161	085	167	236	132	102	095	181	205	142	145
798	5	089	136	185	253	103	147	097	141	191	238	089	160	113	229	147	160	102	150	202	252	173	152	160	083	132	183	142	262	146	129	155	092	150	192	106	172	089	173	091	167	236	132	104	101	181	211	166	149
282	6	091	136	181	253	103	145	093	127	189	232	087	143	113	227	143	156	090	127	194	250	173	150	144	083	124	165	148	262	140	121	153	091	150	180	090	168	085	161	085	161	228	114	102	095	181	201	156	145
282	6	091	138	187	269	103	145	093	143	195	238	087	160	113	233	143	158	100	140	194	252	177	152	154	083	124	179	148	262	140	127	155	092	150	180	090	170	089	161	087	161	236	134	102	099	181	211	168	151
284	6	091	138	187	253	103	135	093	129	189	232	087	160	108	227	143	156	090	127	194	246	175	148	144	081	124	179	148	262	140	127	155	091	146	180	106	168	085	173	085	167	236	114	096	099	181	201	156	145
284	6	099	138	187	269	103	145	097	143	191	254	087	162	113	231	145	156	090	140	194	252	177	152	154	083	132	179	148	262	150	129	155	095	146	180	110	170	089	173	091	167	236	118	098	099	181	201	156	145
287	6	091	138	187	253	103	135	091	131	189	254	087	160	113	229	143	156	090	127	194	250	167	152	154	083	120	183	142	262	140	125	155	091	146	184	090	168	089	169	087	161	228	114	098	099	181	205	156	145
287	6	099	138	187	269	103	145	093	143	195	254	087	160	113	231	145	156	100	127	194	252	175	166	154	083	124	183	148	262	140	127	157	095	150	184	106	170	091	173	087	167	238	134	102	103	191	205	168	149
295	6	091	136	181	241	103	135	093	143	195	238	087	160	108	225	143	154	100	140	194	246	175	148	144	083	120	165	148	262	140	125	151	091	146	180	090	168	085	161	087	161	228	114	102	097	181	211	156	145
295	6	091	138	187	253	103	135	093	143	195	254	087	160	113	225	143	156	100	140	194	252	177	152	144	083	124	183	148	262	140	129	155	095	150	180	108	170	089	165	087	167	228	118	102	099	191	211	156	149
302	6	091	138	187	241	103	135	093	143	189	238	087	160	108	225	143	156	090	127	194	246	173	148	144	083	120	179	142	262	140	127	151	091	146	180	108	168	085	161	087	167	228	114	098	097	179	205	156	145
302	6	091	138	187	269	103	145	093	143	195	238	087	160	113	231	143	156	100	140	194	250	175	152	144	083	120	183	148	262	140	129	157	092	146	180	110	170	089	165	087	167	228	118	102	099	181	211	156	149
306	6	091	138	187	253	103	135	-9	129	191	238	087	143	108	225	143	154	090	127	194	250	175	150	144	081	122	179	142	260	140	127	151	091	146	180	106	170	085	161	087	167	236	114	096	095	179	201	162	145
306	6	093	138	187	253	103	135	-9	143	195	254	087	161	115	233	145	158	100	138	194	254	175	152	144	083	124	179	148	262	150	127	153	095	146	184	110	170	085	169	091	167	236	118	102	103	191	201	166	147
308	6	091	136	181	253	103	135	093	143	189	232	087	160	113	227	143	154	090	127	194	250	167	152	154	081	120	165	142	262	140	127	155	091	150	180	090	170	085	161	087	161	228	134	098	099	181	205	156	145
308	6	091	138	187	253	103	145	093	143	191	254	087	160	113	231	145	156	090	127	194	252	177	166	154	083	120	183	148	262	140	127	155	095	150	184	090	170	091	169	087	167	228	134	102	103	191	211	168	149
867	6	091	138	187	241	103	135	093	143	191	238	087	143	108	227	143	156	090	128	194	250	175	146	144	081	132	165	142	262	140	127	155	091	146	180	090	168	085	161	087	161	228	114	092	097	179	201	156	145
867	6	099	138	187	253	103	135	097	143	195	254	087	161	113	231	143	158	100	128	194	254	175	148	144	083	132	165	148	262	140	127	155	091	146	180	090	170	085	169	091	167	228	114	102	103	179	201	162	149
315	7	089	138	187	247	103	145	097	129	191	232	087	149	115	225	143	156	090	127	188	252	173	146	154	083	124	183	142	256	150	129	155	091	146	180	108	166	085	165	081	161	238	130	098	099	181	205	142	145
315	7	089	138	191	253	103	147	097	129	191	238	087	162	115	229	143	158	090	140	190	252	175	152	154	083	124	183	142	262	150	129	159	092	150	180	112	170	091	173	089	167	238	134	104	103	183	215	162	153
565	7	089	134	179	239	103	135	091	129	189	238	087	160	113	229	143	156	090	140	194	252	163	152	144	077	124	175	148	260	146	125	155	092	146	184	112	174	089	161	081	167	228	114	104	101	177	205	144	143
565	7	089	140	181	253	103	145	097	145	189	238	091	162	115	231	143	158	090	142	194	252	167	158	156	081	124	183	148	262	150	129	155	092	150	198	112	178	089	173	085	167	236	130	104	103	181	211	158	145
566	7	089	136	179	241	103	141	093	129	189	238	087	161	115	227	143	158	090	148	188	252	167	-9	154	081	124	179	142	260	150	125	155	091	146	184	106	172	089	161	081	167	228	128	104	103	181	205	142	145
566	7	091	138	185	271	103	141	103	143	189	238	089	162	115	231	143	158	090	150	194	252	173	-9	154	083	132	179	148	262	150	129	159	092	146	192	112	178	089	173	081	167	228	130	104	103	191	205	142	145
567	7	089	134	179	253	103	141	097	129	189	238	087	161	115	229	143	156	090	142	194	246	163	-9	154	081	124	175	142	260	150	129	155	091	150	180	106	168	083	161	089	161	238	130	098	099	181	205	142	151
567	7	089	136	187	253	105	145	103	143	189	238	087	161	115	229	143	158	090	142	194	248	167	-9	154	083	132	175	148	260	150	131	155	095	150	180	112	172	085	167	091	167	238	130	104	101	191	211	144	153
877	7	089	136	179	247	103	145	085	129	189	232	089	154	115	227	143	158	090	127	188	252	173	146	154	081	124	165	142	260	140	125	155	091	150	180	106	168	083	173	085	167	228	130	092	095	191	207	142	149
877	7	091	136	179	269	103	145	089	129	191	238	089	162	115	229	143	158	090	142	188	252	177	166	160	083	124	183	148	262	146	125	157	094	150	184	112	170	089	173	089	167	240	130	092	103	191	211	168	149
878	7	089	138	179	269	103	135	089	143	189	238	087	162	113	231	143	154	090	140	194	252	159	146	144	083	124	183	142	258	140	125	153	095	150	192	106	176	081	161	089	167	228	128	104	099	191	211	142	145
878	7	089	138	187	269	103	135	103	149	191	238	087	162	113	231	143	154	090	142	194	254	173	158	158	083	132	183	148	262	146	129	155	095	150	196	112	178	083	169	091	167	238	130	104	103	191	211	158	153
879	7	089	134	179	253	103	135	091	143	191	238	087	158	113	229	143	158	088	127	194	246	177	158	144	081	124	179	142	260	140	125	155	091	150	180	106	170	089	161	081	165	228	118	092	099	179	205	142	149
879	7	089	134	181	253	103	141	091	149	191	238	089	158	115	229	145	160	102	140	194	250	177	162	154	083	132	183	148	262	146	129	157	092	150	192	110	172	089	173	081	167	228	128	104	101	181	207	158	151
880	7	089	136	187	253	103	145	097	129	189	238	087	158	108	229	143	160	088	127	188	252	159	146	154	081	124	183	142	262	146	129	155	091	150	180	112	170	089	161	085	161	240	130	104	099	191	205	158	145
880	7	091	140	187	253	103	145	103	143	191	250	089	160	113	229	145	160	090	140	194	252	173	158	154	081	132	183	142	262	150	131	155	092	150	180	112	172	089	165	091	167	240	132	104	099	191	205	158	153
881	7	089	132	175	245	103	135	097	141	189	232	087	158	108	229	143	158	090	148	188	252	175	146	154	081	124	165	142	260	140	123	155	092	148	180	090	170	083	168	087	167	228	132	102	095	181	205	164	149
881	7	089	138	181	269	103	145	103	141	191	238	087	158	113	229	143	158	102	150	188	252	177	152	156	083	124	183	142	262	150	131	159	095	150	196	108	170	083	173	087	167	228	134	104	101	181	205	168	149
882	7	089	136	179	247	103	135	093	129	189	232	087	154	115	231	143	156	090	140	194	252	173	152	158	081	124	175	142	262	146	127	155	092	146	180	110	170	081	161	087	161	228	128	096	101	181	205	142	149
882	7	089	138	187	253	105	145	103	143	195	238	089	162	115	231	143	158	100	148	194	252	175	162	160	083	124	183	148	262	148	131	155	095	146	184	112	172	089	173	089	167	238	130	102	101	191	205	158	151
883	7	089	134	179	249	103	141	097	129	189	238	087	162	115	229	143	156	090	127	194	246	173	158	154	083	122	175	142	260	150	127	155	091	150	180	106	172	081	161	085	167	238	130	102	101	183	205	142	149
883	7	093	136	179	253	105	145	103	143	191	238	087	170	115	233	143	158	100	150	194	252	177	162	154	083	124	183	150	262	150	129	157	091	150	184	112	176	089	161	089	167	238	130	102	103	191	211	156	151
884	7	091	132	179	253	103	141	093	129	191	232	087	147	115	227	143	158	088	142	190	252	173	152	144	083	124	175	142	260	150	129	155	092	150	180	112	170	081	161	089	167	228	128	104	101	181	201	142	145
884	7	091	138	187	253	103	145	103	133	191	238	089	158	115	229	143	158	102	150	194	252	173	166	154	085	124	175	150	260	150	131	157	092	154	180	112	172	089	165	091	167	238	134	104	103	191	207	142	153
885	7	089	134	179	253	105	135	093	129	189	238	087	147	113	229	143	156	090	140	194	252	177	152	154	081	124	165	142	260	146	125	155	091	146	184	108	170	089	165	085	167	228	118	092	101	181	205	158	153
885	7	089	138	185	269	105	141	103	143	189	238	087	160	113	231	143	160	100	140	194	252	177	166	156	083	132	183	142	262	150	129	157	092	150	184	112	170	089	165	089	167	238	130	104	103	181	205	168	153
886	7	089	136	175	241	103	145	093	129	191	238	087	160	113	225	143	154	090	138	188	252	173	146	154	081	124	181	142	262	150	123	151	092	150	180	106	172	089	161	085	167	238	130	104	095	179	205	144	145
886	7	091	136	181	253	105	145	097	129	195	254	087	162	115	233	143	156	090	140	194	252	177	152	156	083	124	183	148	262	150	125	157	092	150	180	112	174	089	173	091	167	238	132	104	095	191	211	166	145
887	7	089	136	175	253	103	145	093	129	189	238	087	147	115	227	143	158	090	140	194	250	173	146	144	081	122	165	142	260	140	123	159	091	146	190	106	172	089	161	087	167	228	132	102	095	181	205	144	151
887	7	089	138	187	271	103	145	103	143	195	238	087	162	115	229	143	158	090	146	194	252	175	146	156	083	124	175	150	262	150	127	159	092	150	192	112	174	089	173	091	167	238	134	102	101	191	211	144	153
888	7	089	136	179	253	103	145	085	129	189	232	087	147	108	229	143	156	090	127	188	246	175	152	154	083	124	175	142	262	146	125	155	091	146	180	110	166	085	165	089	161	238	130	102	101	181	205	142	145
888	7	093	136	187	253	103	145	089	143	189	252	089	162	113	231	143	158	090	148	188	252	177	162	154	083	124	183	148	262	150	129	155	092	150	180	112	170	089	165	091	167	238	134	104	101	181	215	168	151
889	7	089	136	179	253	103	141	083	143	189	238	087	158	108	229	143	156	090	138	194	252	167	146	154	081	124	165	142	260	140	123	151	091	146	180	110	172	089	161	085	167	228	118	104	099	181	211	162	149
889	7	091	138	181	269	103	145	089	149	195	252	087	158	115	229	143	158	102	146	200	252	175	152	156	083	124	183	150	262	140	129	155	092	150	184	112	176	089	173	089	167	240	130	104	103	181	211	164	151
890	7	091	136	187	253	103	145	097	129	191	238	087	158	108	229	143	156	090	140	188	252	159	146	154	081	120	165	142	260	146	129	155	092	146	184	110	170	083	173	081	161	228	130	102	099	181	205	142	153
890	7	091	140	187	253	105	145	105	129	191	238	089	170	115	229	143	160	090	146	194	252	163	162	154	083	132	183	148	262	150	129	159	095	150	192	112	172	085	173	085	165	236	130	104	103	181	205	158	153
891	7	091	136	175	247	103	135	093	129	189	232	087	162	115	229	143	158	088	138	188	252	167	158	154	081	132	165	142	260	150	125	153	095	150	184	106	170	081	161	089	167	228	114	104	095	181	201	158	149
891	7	093	136	187	253	103	145	103	141	189	238	089	162	115	229	143	158	090	140	194	252	167	162	156	083	132	183	150	262	150	129	155	095	150	198	106	172	083	165	089	167	238	132	104	101	191	211	158	149
892	7	089	134	187	241	103	141	093	129	189	232	087	147	113	225	143	154	090	140	194	252	159	152	154	081	124	175	142	260	150	125	155	091	148	180	112	170	089	155	085	161	228	114	098	095	191	205	142	145
892	7	093	138	187	241	103	145	097	129	195	238	087	170	115	229	143	158	090	148	194	252	167	152	154	081	124	183	148	262	152	129	155	094	150	192	112	174	089	173	091	167	236	130	104	103	191	211	142	153
893	7	089	136	187	253	102	145	097	129	189	232	087	160	115	227	143	158	090	127	194	252	167	152	144	081	132	181	142	260	146	129	153	091	150	184	108	170	089	161	085	167	228	130	102	095	181	207	168	145
893	7	089	138	191	253	103	145	097	129	191	238	089	162	115	229	143	158	102	140	194	252	177	152	160	083	132	183	150	262	150	129	159	092	150	196	108	174	089	161	091	177	236	130	102	101	191	207	168	149
319	8	089	136	179	253	101	141	089	149	189	238	087	154	108	229	143	158	090	138	190	-9	175	152	144	077	132	179	142	260	146	125	159	091	150	192	106	174	083	161	085	167	228	128	102	101	179	205	142	145
319	8	089	140	187	269	103	145	093	149	189	238	089	161	115	229	143	158	102	140	194	-9	177	162	154	081	132	183	150	262	148	129	159	094	154	192	110	176	089	161	091	167	238	134	102	103	181	211	158	149
335	8	089	134	181	253	103	145	091	129	189	238	087	158	113	229	145	158	102	142	194	252	167	152	154	083	124	165	148	256	140	123	151	091	146	180	108	170	089	161	089	167	228	130	096	099	181	201	142	143
335	8	089	136	191	253	104	147	097	129	195	238	087	158	113	229	145	158	102	146	200	252	175	164	154	083	132	165	148	260	140	129	155	092	150	192	110	174	089	173	089	167	228	130	102	103	181	205	144	149
895	8	089	136	185	253	103	135	089	143	189	238	087	158	108	229	133	156	088	127	190	252	167	146	154	083	124	183	142	262	140	125	155	091	146	184	106	168	085	173	089	167	238	118	092	101	191	201	158	143
895	8	091	140	187	273	105	145	089	149	195	238	089	162	115	229	143	158	090	150	194	252	177	152	154	083	124	183	142	262	146	129	159	092	150	192	106	174	089	173	091	167	240	130	104	101	191	201	164	147
896	8	089	134	185	247	103	135	085	129	189	238	087	158	115	225	143	158	090	140	190	246	175	152	154	081	124	165	138	260	150	123	155	092	148	180	108	174	083	165	089	161	228	114	092	099	179	205	156	149
896	8	089	138	187	253	103	135	103	143	191	238	089	164	115	229	143	158	090	148	194	252	177	166	160	081	136	175	142	260	150	129	157	094	150	192	108	176	095	165	089	167	238	132	102	101	181	211	166	151
897	8	091	136	179	241	103	145	083	129	189	238	087	158	113	229	143	158	090	127	188	252	177	164	156	077	124	175	142	262	140	123	155	091	146	180	106	176	081	155	085	161	228	130	102	095	181	205	158	149
897	8	091	136	185	253	103	145	091	143	191	254	087	160	115	229	143	158	102	148	190	252	177	166	156	081	132	183	150	264	150	125	155	091	154	196	112	176	089	165	085	167	238	134	104	101	181	207	164	149
898	8	091	134	175	241	103	135	093	129	189	252	087	162	113	229	143	156	090	140	190	252	167	152	154	081	124	175	142	262	150	129	155	092	146	180	112	170	081	161	089	167	238	130	092	095	181	205	142	145
898	8	091	138	179	269	103	145	103	129	191	252	087	162	115	229	143	156	090	142	194	252	173	162	154	085	124	181	150	264	150	131	157	095	146	180	112	174	089	165	091	167	238	130	102	099	181	205	164	153
899	8	089	136	179	253	103	141	093	129	195	232	087	147	115	225	143	158	090	127	194	250	173	158	154	077	124	175	142	262	140	123	153	091	146	180	106	170	081	165	085	167	228	130	098	095	181	205	158	153
899	8	093	138	185	269	103	145	097	129	195	238	087	160	115	227	143	158	090	127	194	252	173	166	156	083	126	183	150	262	150	129	155	094	148	180	112	176	089	165	089	167	238	130	098	101	191	205	168	153
900	8	089	134	179	247	103	135	091	129	189	238	087	162	108	229	143	158	090	127	190	246	173	152	160	081	132	165	142	260	140	123	151	091	150	180	112	170	083	161	087	161	228	130	092	101	181	205	158	145
900	8	091	138	181	253	103	147	103	129	189	252	089	162	115	231	145	158	090	127	194	250	175	162	160	085	132	165	148	262	150	129	157	091	150	180	112	172	089	173	089	167	236	134	104	103	181	211	158	151
901	8	089	136	187	253	103	141	089	129	189	232	087	160	113	229	143	156	090	127	194	252	163	152	144	077	132	175	142	260	140	127	155	091	146	180	112	172	083	161	085	161	224	130	092	095	181	205	166	151
901	8	091	136	187	269	103	141	091	129	189	238	087	161	115	229	143	158	102	146	200	252	173	158	154	081	136	183	150	262	150	129	155	092	150	180	112	176	089	161	091	161	228	130	098	101	181	207	168	153
902	8	089	134	175	253	103	135	085	127	189	238	087	158	113	227	143	158	102	140	194	254	165	146	154	081	124	175	142	260	146	125	155	094	146	196	106	170	091	161	085	167	238	114	102	101	181	215	144	149
902	8	089	134	187	271	103	141	097	129	189	238	087	160	115	229	143	158	102	142	194	254	173	146	154	083	124	183	148	262	150	131	159	095	150	198	108	172	095	165	085	167	238	128	104	101	191	215	156	149
903	8	091	136	175	241	102	135	093	141	189	238	087	158	113	229	143	156	090	127	188	246	175	148	146	081	124	165	142	260	146	125	155	091	150	184	090	172	081	161	081	161	238	128	098	101	191	207	142	151
903	8	091	136	187	269	103	145	093	143	191	248	089	161	115	231	143	156	102	138	194	252	177	166	146	085	126	181	150	262	150	129	159	092	150	196	106	172	089	165	087	167	238	134	104	101	191	207	158	153
904	8	089	132	179	247	103	135	093	129	189	232	087	149	113	229	143	156	102	127	188	252	159	152	154	081	124	165	142	258	140	125	155	091	146	180	110	170	085	161	089	167	228	130	104	099	179	205	158	145
904	8	093	136	187	253	103	145	097	143	191	232	087	162	115	233	145	158	102	142	190	252	177	166	156	083	124	179	142	260	150	129	155	094	146	192	110	172	089	161	089	167	238	134	104	101	191	205	166	153
905	8	089	136	181	241	103	135	089	129	189	232	087	143	113	229	143	160	090	127	194	250	177	152	154	083	122	183	142	260	140	125	155	091	146	180	108	172	083	165	081	161	224	130	096	101	181	211	166	145
905	8	089	136	187	269	103	141	093	129	189	238	087	154	115	229	145	160	090	140	194	250	177	166	160	083	132	183	150	260	150	125	155	091	146	184	110	176	089	165	089	161	238	130	102	103	191	211	168	149
906	8	089	136	181	253	103	135	083	129	189	232	087	158	113	225	143	158	100	140	188	252	159	158	154	081	122	181	142	260	140	125	155	092	146	180	110	170	089	161	089	161	228	130	102	095	177	205	158	145
906	8	089	136	181	253	103	145	097	143	191	238	087	160	115	229	147	160	102	140	194	252	163	166	158	081	124	183	148	262	150	129	159	092	146	192	112	170	089	165	089	167	238	134	104	103	181	207	168	149
907	8	089	136	187	253	103	135	093	143	189	232	087	160	108	229	143	156	090	127	194	252	173	146	154	081	124	175	142	262	146	123	155	091	150	184	106	170	083	161	087	167	238	130	104	095	181	205	142	149
907	8	089	138	187	253	103	137	103	143	191	238	091	161	108	229	145	156	090	140	194	254	177	158	156	083	124	179	150	262	146	129	155	095	150	192	110	176	089	169	089	167	238	132	104	099	181	205	158	151
908	8	089	136	181	247	103	141	085	129	189	232	087	158	113	227	143	154	088	127	188	252	173	152	154	083	124	175	142	258	140	125	155	092	146	180	108	158	083	161	089	167	228	130	102	095	177	205	142	145
908	8	089	136	181	253	103	145	093	143	189	254	087	158	115	229	143	154	102	142	194	252	173	166	160	085	124	175	142	262	150	129	155	092	150	180	112	170	095	168	089	167	238	130	104	103	181	207	142	149
909	8	089	136	175	253	103	145	103	129	189	232	087	160	115	227	143	156	090	140	190	252	173	152	154	081	124	175	142	260	140	125	157	091	146	180	106	170	089	161	085	165	240	130	102	095	181	205	166	145
909	8	091	138	185	253	103	145	103	141	195	238	087	160	115	229	143	156	090	146	194	252	175	152	154	083	124	183	142	262	148	129	159	091	150	180	108	170	095	165	089	167	240	130	102	103	191	205	168	153
910	8	089	136	181	253	104	145	083	129	191	232	087	161	113	229	143	156	090	142	188	252	165	152	144	081	122	175	142	262	146	131	155	094	146	198	112	170	085	161	087	167	236	118	092	095	177	205	142	145
910	8	089	138	187	253	104	147	093	129	195	250	091	170	115	229	143	158	090	150	202	254	167	152	154	085	122	175	142	262	150	131	155	095	150	198	112	172	089	173	089	167	240	130	102	101	181	205	142	153
911	8	089	136	185	253	103	141	083	143	191	252	087	161	113	229	143	156	088	146	194	252	167	146	154	083	132	165	142	260	140	125	155	091	150	192	110	166	085	173	089	167	228	130	092	095	179	205	142	149
911	8	099	138	191	253	104	145	103	149	191	254	087	162	115	231	143	158	102	148	194	252	173	158	154	083	132	175	148	262	150	129	159	092	150	198	112	172	089	173	091	167	236	130	104	103	181	205	162	153
912	8	091	134	179	253	103	141	083	143	191	238	087	162	113	229	143	156	088	127	194	252	173	146	154	081	124	165	142	260	140	123	153	091	146	180	112	172	089	165	081	167	228	130	092	103	179	205	142	149
912	8	099	138	185	253	104	141	103	149	191	252	089	170	113	233	143	156	090	146	194	252	175	166	154	083	132	175	148	260	150	125	155	091	150	198	112	172	089	173	089	167	238	130	104	103	179	205	162	153
913	8	089	138	181	241	103	141	097	143	189	238	087	158	113	225	143	154	090	142	190	252	173	146	154	083	124	175	142	262	146	127	155	091	146	180	106	166	081	161	087	167	236	118	102	097	181	205	144	145
913	8	091	138	185	253	103	145	103	143	191	252	087	160	113	229	143	158	102	150	194	252	177	152	154	085	132	183	148	262	150	131	155	092	150	180	112	174	089	165	089	167	238	130	104	101	181	207	168	149
2411	8	089	134	181	241	103	141	097	129	189	252	087	158	108	229	133	154	090	127	194	246	177	146	154	077	124	165	142	260	150	125	155	091	146	180	106	170	081	161	085	167	228	130	092	101	191	205	142	149
2411	8	091	134	187	253	105	145	097	133	189	254	087	158	113	231	143	158	090	140	194	252	177	152	156	083	132	183	142	262	150	125	157	091	150	196	112	170	089	161	089	167	236	134	104	103	191	207	164	153
2412	8	089	138	179	241	103	145	103	129	189	238	087	147	108	225	143	158	090	127	194	252	173	146	144	081	124	183	142	260	146	129	155	091	148	180	112	172	083	173	087	167	238	118	104	103	177	205	156	145
2412	8	091	138	181	269	103	145	103	129	189	238	089	160	113	229	143	160	102	138	194	252	177	152	154	083	132	183	142	260	150	129	157	091	150	192	112	186	089	173	089	167	238	132	104	103	181	211	164	151
2413	8	089	136	187	269	103	141	089	129	189	232	087	160	113	225	143	156	090	127	188	254	175	152	154	083	132	175	138	262	146	123	155	091	150	180	106	170	089	161	089	161	238	130	092	099	181	211	142	149
2413	8	093	136	187	273	105	145	093	143	191	238	089	161	113	231	143	158	090	150	196	254	175	152	156	083	132	183	142	262	150	125	159	095	150	180	106	176	089	161	091	167	238	130	102	101	191	211	142	149
2414	8	089	134	181	249	103	141	083	129	189	232	087	158	108	227	143	158	090	127	188	252	173	152	154	081	122	157	142	260	140	123	155	091	146	180	110	172	081	165	085	167	228	130	104	101	181	211	142	149
2414	8	089	136	187	269	107	145	093	143	189	238	089	160	108	229	143	158	102	140	194	252	173	166	154	083	126	179	148	262	146	127	157	092	150	184	112	172	085	165	089	167	238	136	104	103	191	215	166	149
2415	8	089	-9	181	247	103	135	093	143	191	232	087	160	113	227	143	156	090	127	194	252	177	152	156	081	122	175	142	260	146	125	155	091	146	180	106	174	089	173	081	167	240	130	104	101	181	211	168	145
2415	8	091	-9	187	253	103	145	097	143	191	238	087	162	113	229	143	158	090	142	194	252	177	166	160	083	124	183	142	260	150	125	155	092	150	196	110	174	095	173	089	167	240	130	104	103	181	215	168	151
2417	8	089	-9	175	269	103	135	089	129	189	232	087	158	108	229	143	158	090	127	194	252	173	152	144	077	132	181	142	262	150	125	155	091	150	180	106	170	083	161	081	161	-9	130	092	095	181	201	166	151
2417	8	091	-9	187	269	103	141	103	133	189	238	087	161	113	229	143	158	102	146	194	252	173	152	154	085	132	183	148	262	150	127	157	092	150	198	112	176	085	169	085	167	-9	130	104	095	191	207	166	153
2418	8	089	-9	187	241	104	145	103	129	189	232	087	158	108	229	143	154	090	127	190	248	177	152	156	081	124	165	142	260	146	123	155	095	146	198	106	172	083	161	089	167	228	128	096	095	181	202	-9	149
2418	8	091	-9	187	269	104	145	103	129	191	238	087	160	113	229	143	158	100	140	194	252	177	152	160	083	124	183	142	262	146	125	155	095	150	198	110	172	089	165	091	167	240	130	104	099	191	205	-9	149
2419	8	091	-9	181	253	103	141	083	129	189	238	087	162	108	225	143	158	090	138	194	252	167	152	154	081	124	165	142	256	146	123	153	092	150	180	112	174	083	165	089	167	228	130	104	099	181	207	166	145
2419	8	091	-9	181	253	103	147	097	129	191	248	089	170	108	229	145	160	102	140	200	254	177	152	154	083	124	179	142	264	150	125	157	092	150	180	112	174	089	169	089	167	238	130	104	103	191	211	168	149
2420	8	089	134	179	241	102	145	091	141	189	238	087	160	108	229	143	156	090	140	194	252	175	152	144	081	120	165	142	256	146	123	155	091	150	184	106	170	083	161	081	161	228	134	096	095	177	211	158	149
2420	8	091	138	181	241	103	145	093	143	191	238	087	161	108	231	143	158	090	140	194	252	177	152	154	081	132	175	148	260	150	129	157	095	154	184	110	172	085	165	081	167	228	134	104	101	181	211	158	149
2421	8	089	138	179	253	103	141	097	129	191	232	087	158	113	229	143	158	090	127	194	252	177	146	144	081	124	165	142	256	146	123	155	092	146	180	112	170	089	155	085	167	228	132	102	095	177	202	142	149
2421	8	091	138	181	253	103	145	097	129	195	238	089	160	115	231	143	158	090	140	194	252	177	152	144	081	132	183	150	260	146	127	157	095	150	180	112	176	089	161	089	167	240	134	104	103	191	211	142	149
2422	8	089	-9	187	253	103	135	091	129	189	248	087	158	113	229	143	158	088	127	194	250	165	158	144	081	124	175	142	256	140	125	155	092	146	180	110	170	085	167	085	167	236	130	102	103	191	205	166	151
2422	8	091	-9	187	253	103	145	103	129	189	254	087	160	115	231	143	158	088	127	194	252	173	162	154	081	132	175	150	260	148	129	155	094	150	192	110	172	089	173	085	167	238	130	104	103	191	205	166	153
2423	8	089	138	187	241	103	145	089	129	189	232	087	158	113	225	143	156	090	127	194	246	167	146	154	081	124	175	148	262	140	125	155	091	150	180	106	172	083	161	089	161	228	114	092	101	181	205	168	151
2423	8	091	140	187	271	103	147	103	129	195	238	087	161	115	231	143	158	090	148	202	252	173	146	154	083	132	175	148	262	150	125	157	092	154	180	112	174	083	173	089	167	228	130	104	101	181	207	168	153
2576	8	089	136	179	241	103	141	083	143	189	238	087	161	108	225	143	156	090	138	194	252	177	152	144	077	120	175	142	262	140	125	155	091	146	180	110	172	089	169	087	167	228	118	098	103	181	205	166	149
2576	8	091	140	187	253	104	147	089	143	191	252	087	161	113	231	147	156	090	140	194	252	177	158	156	081	124	183	142	262	150	129	157	091	150	184	112	174	089	173	089	167	228	130	104	103	191	211	166	149
321	9	089	136	179	241	103	141	103	129	189	238	087	162	115	227	143	152	102	127	194	252	167	146	144	077	124	179	142	260	146	123	157	091	150	192	110	174	089	173	087	167	238	118	092	095	181	201	142	145
321	9	091	138	179	253	103	145	103	149	189	238	087	162	115	229	143	156	102	146	194	252	173	146	154	081	132	183	150	260	150	129	157	091	150	192	110	174	089	173	089	167	240	118	102	095	191	207	158	153
338	9	089	134	179	253	103	145	093	129	189	238	087	158	113	229	143	158	090	127	188	252	173	152	144	081	124	165	142	260	150	123	155	091	150	180	106	172	089	165	089	161	228	128	098	099	181	205	162	149
338	9	091	140	181	253	103	145	103	129	195	238	087	162	115	229	143	158	090	127	190	254	173	152	144	083	132	183	142	262	152	129	159	091	150	184	108	172	089	175	089	167	240	128	104	103	193	207	166	153
339	9	089	134	181	253	103	135	093	129	189	238	087	158	113	227	143	156	090	127	188	244	173	146	154	081	124	165	138	260	140	127	155	091	150	184	106	172	083	161	085	165	228	118	104	095	191	205	142	149
339	9	091	142	187	253	103	141	103	129	195	238	087	160	113	227	143	156	090	150	194	252	173	152	160	085	124	183	138	260	150	129	157	092	150	192	112	172	083	161	085	167	240	130	104	103	191	205	166	151
363	9	089	134	179	247	103	135	093	129	195	238	087	160	115	225	143	158	088	146	188	252	173	146	156	081	124	165	142	260	146	129	155	091	150	180	090	168	085	173	089	167	228	130	098	101	191	211	142	149
363	9	091	138	187	271	103	141	103	143	195	238	087	162	115	229	143	160	090	148	194	252	177	166	158	081	132	175	150	262	150	129	157	095	152	180	106	172	089	173	091	167	238	134	104	103	191	211	142	149
915	9	089	138	181	241	103	145	083	129	195	238	087	158	115	227	143	156	090	127	188	252	173	146	154	083	124	175	142	262	146	123	153	091	146	180	106	166	089	161	089	167	228	128	102	101	181	205	142	145
915	9	091	142	187	269	103	145	093	129	195	252	087	160	115	229	143	158	090	140	194	252	173	152	160	083	132	175	148	262	150	129	155	091	150	196	112	174	089	173	089	167	238	130	104	103	191	207	166	153
917	9	089	140	181	269	103	135	103	129	189	238	087	158	108	225	143	158	090	127	190	252	173	152	154	081	124	175	142	256	140	123	157	091	150	184	106	172	089	169	089	167	228	130	092	101	181	205	142	149
917	9	091	142	181	269	103	145	103	129	195	238	087	162	113	229	147	160	104	150	194	252	177	152	154	083	132	175	142	264	146	129	159	092	150	192	112	172	089	173	091	167	238	130	102	101	191	211	158	153
923	9	089	136	179	253	103	135	085	129	191	238	087	160	115	229	143	158	090	127	188	246	173	152	154	077	124	165	142	260	148	125	155	091	150	180	106	170	085	169	081	167	236	130	102	099	181	205	142	153
923	9	091	142	187	269	103	145	097	149	195	238	089	161	115	233	145	160	090	127	194	254	175	166	154	081	132	165	150	260	150	129	155	095	150	184	108	172	089	173	085	167	238	134	104	103	181	207	166	153
925	9	089	134	181	241	103	135	097	129	189	238	087	158	108	227	143	156	090	140	188	250	173	152	154	081	124	175	142	260	140	123	159	091	146	184	106	172	085	169	085	167	228	130	102	103	181	205	142	149
925	9	093	138	185	269	103	145	103	143	191	238	087	158	115	229	143	156	090	142	190	252	173	152	160	085	124	183	142	262	150	129	159	092	150	184	106	186	089	173	085	167	228	132	102	103	181	205	142	151
931	9	089	134	179	253	103	141	103	141	195	238	087	162	113	227	143	158	102	138	188	252	163	152	154	081	124	175	142	256	146	129	153	091	146	180	108	168	089	161	081	161	228	130	102	095	181	205	142	145
931	9	091	142	179	269	104	145	103	143	195	238	087	162	113	229	143	158	102	140	194	252	177	152	154	081	124	183	142	260	146	129	159	094	150	180	112	172	089	165	081	167	238	132	104	103	181	205	142	149
935	9	089	134	175	253	103	145	103	129	189	238	087	160	113	227	143	158	090	127	190	246	173	142	144	083	132	165	142	260	150	123	155	091	150	184	106	170	089	165	089	161	228	128	102	101	181	207	142	149
935	9	091	138	181	253	103	145	103	143	195	238	091	162	115	229	143	158	090	127	190	252	177	152	144	083	132	183	148	262	150	123	157	092	150	192	112	174	095	173	089	167	238	130	104	101	181	211	168	153
936	9	091	138	181	247	103	145	089	129	189	238	087	160	113	227	143	158	090	140	194	252	173	146	154	081	132	179	142	260	146	129	155	092	146	196	108	170	083	173	087	167	238	128	102	099	181	205	142	149
936	9	091	138	185	253	103	145	103	149	195	238	087	161	115	229	143	158	090	150	194	252	177	152	154	083	132	183	142	262	150	129	157	092	150	196	112	172	085	173	089	167	240	130	104	103	191	205	142	153
937	9	091	138	179	253	103	135	089	129	189	238	087	159	113	227	143	158	090	140	190	252	167	152	154	081	124	175	142	260	146	129	157	091	146	196	106	170	089	169	085	167	228	130	102	101	181	205	158	149
937	9	091	142	185	269	104	145	103	149	189	238	087	159	115	229	143	158	102	146	194	252	173	152	154	081	132	179	142	262	150	129	159	092	150	196	112	186	089	173	089	167	238	132	104	103	191	207	164	151
948	9	089	134	179	253	103	145	085	129	191	232	087	149	113	229	143	158	090	140	188	252	173	152	144	083	122	175	142	262	146	129	153	091	146	192	106	170	085	165	085	167	228	130	098	101	181	207	142	145
948	9	091	138	187	269	103	145	097	129	195	238	087	161	115	229	147	158	090	140	190	252	177	152	156	083	124	183	148	262	150	129	153	091	150	196	112	172	089	173	085	167	240	132	102	101	181	211	164	153
956	9	089	138	179	241	103	145	097	129	191	232	087	147	108	227	143	158	102	127	194	252	173	152	154	077	124	175	142	262	146	129	157	092	150	184	108	170	089	165	089	167	228	130	092	101	181	205	142	149
956	9	091	138	181	269	103	145	103	129	195	238	091	161	113	229	147	158	102	150	194	252	173	152	154	081	124	183	142	264	150	129	159	092	150	184	112	172	089	173	089	167	228	132	104	101	181	211	158	153
957	9	091	134	187	241	103	145	089	129	189	238	087	158	108	227	143	158	090	127	194	252	167	146	154	077	124	165	142	256	146	129	157	092	146	180	106	170	083	165	089	167	228	130	104	103	181	201	142	149
957	9	091	138	187	269	103	145	093	129	189	238	087	161	113	229	143	160	102	140	200	252	173	152	160	081	124	175	150	262	150	129	159	095	150	190	108	174	089	169	091	167	240	132	104	103	191	207	142	151
967	9	089	134	179	253	103	145	089	129	189	238	087	162	113	227	143	158	090	140	194	252	173	146	144	081	124	165	142	260	140	123	155	091	150	180	106	174	083	165	089	161	238	130	102	103	177	201	142	153
967	9	089	138	185	269	103	145	093	129	189	238	089	170	115	229	143	160	090	146	200	254	177	152	144	085	124	175	148	260	150	129	157	095	150	190	112	174	089	169	091	167	238	132	102	103	181	205	168	153
968	9	091	134	185	253	103	135	093	143	191	232	087	160	113	227	145	156	090	142	188	252	167	146	-9	083	132	175	142	260	146	123	155	091	150	180	108	178	089	161	081	167	228	130	092	101	191	205	142	151
968	9	093	138	187	269	103	145	103	143	191	238	087	170	115	227	147	160	090	150	194	252	177	158	-9	083	132	183	142	260	146	129	159	092	150	180	112	178	089	169	089	167	228	132	104	103	191	205	142	151
969	9	089	138	181	241	103	141	093	143	191	232	087	160	113	227	143	158	090	140	194	252	173	146	154	081	132	175	142	260	140	129	155	092	146	180	106	166	085	165	089	167	228	130	104	101	181	205	-9	149
969	9	089	138	185	253	103	141	103	143	195	232	089	170	115	229	147	158	102	150	194	252	177	158	160	083	132	175	142	262	150	131	159	095	150	180	112	172	095	173	089	167	228	134	104	101	193	205	-9	149
970	9	089	136	185	253	103	141	103	143	189	238	087	162	113	225	143	154	100	140	194	252	167	150	154	081	124	165	142	262	140	127	155	-9	150	192	106	170	089	169	085	167	228	128	102	095	181	205	142	149
970	9	091	142	187	253	103	141	103	143	189	238	087	170	115	229	143	156	102	148	200	252	177	152	154	083	124	175	148	262	150	129	159	-9	150	196	112	172	089	173	089	167	238	128	104	103	191	205	142	151
971	9	089	134	175	269	103	141	093	143	191	232	087	149	115	229	143	156	090	140	188	252	173	152	154	081	122	175	142	260	140	123	-9	092	150	180	106	166	085	161	089	167	228	130	104	095	181	207	142	-9
971	9	091	138	179	269	103	141	093	143	195	238	087	149	115	229	143	156	090	142	194	254	173	152	154	081	132	183	142	260	146	129	-9	095	152	180	112	174	089	161	089	167	228	130	104	101	181	207	142	-9
972	9	089	138	175	253	103	145	103	129	189	232	087	158	113	227	143	152	090	127	194	252	173	152	144	081	122	165	142	260	148	129	155	091	150	180	108	168	085	165	089	167	228	118	102	103	181	205	162	149
972	9	091	138	181	269	103	145	103	129	195	238	087	160	115	229	143	158	090	150	194	252	177	152	144	085	124	165	142	266	150	129	155	091	150	180	112	172	089	165	089	167	238	130	102	103	181	215	166	151
973	9	089	132	175	249	103	141	097	129	191	232	087	160	113	227	143	158	090	140	188	246	167	152	144	083	132	165	142	260	146	125	153	091	146	180	108	172	085	165	089	161	232	130	092	103	181	205	142	149
973	9	091	134	179	253	104	147	103	129	191	238	087	160	115	229	145	160	090	140	194	252	175	152	154	083	132	165	142	262	146	127	155	092	150	192	108	172	089	173	091	167	238	132	104	103	191	207	168	151
978	9	091	138	181	241	103	135	097	129	189	238	087	158	113	225	143	156	090	142	188	250	173	152	144	081	124	175	142	260	146	123	155	092	146	184	106	178	089	169	085	167	228	130	102	103	181	207	142	149
978	9	093	138	185	253	103	135	097	143	189	252	087	158	115	229	143	158	102	142	194	250	177	156	160	085	124	183	142	262	150	129	159	092	152	184	112	186	089	173	089	167	228	132	104	103	181	207	166	151
979	9	089	136	181	253	103	141	089	143	189	232	087	160	108	229	143	158	090	127	194	252	173	146	144	081	124	175	142	262	150	125	155	091	150	180	106	166	089	161	089	161	228	128	098	095	181	205	166	151
979	9	091	138	187	253	105	141	093	149	191	238	089	161	115	229	147	158	102	142	200	252	177	152	156	083	132	183	142	262	150	129	157	091	150	196	112	172	089	161	089	167	228	134	102	099	191	205	168	153
988	9	091	136	181	269	103	141	097	129	189	238	087	158	113	229	143	160	088	-9	190	252	173	152	154	081	124	175	142	-9	-9	123	157	091	150	184	106	172	089	161	085	167	228	114	098	101	181	205	142	151
988	9	091	140	187	271	103	145	103	143	195	238	087	162	115	229	147	160	090	-9	194	254	177	166	158	083	132	175	150	-9	-9	129	159	095	150	192	112	176	089	173	089	167	238	130	104	101	191	211	142	153
989	9	091	138	175	241	103	141	093	129	189	238	087	149	113	229	143	156	090	127	194	252	173	146	154	081	124	165	142	260	150	129	155	092	146	180	106	170	089	161	085	161	228	130	096	099	181	205	142	153
989	9	093	138	179	269	103	145	097	129	191	238	089	162	115	233	143	158	102	148	194	252	175	166	154	083	132	179	142	260	150	129	159	092	148	180	112	172	089	173	089	167	238	130	104	103	181	205	144	153
990	9	089	134	179	253	103	145	089	129	189	238	089	159	115	225	143	156	090	140	190	252	173	152	154	077	124	165	142	260	150	129	155	092	146	192	106	170	085	161	085	161	228	130	102	095	181	201	158	145
990	9	091	140	185	253	104	145	093	129	189	238	089	170	115	225	143	158	090	146	194	252	175	152	154	085	124	183	148	262	150	129	157	092	150	196	108	172	095	173	087	167	228	130	104	099	181	205	168	149
991	9	089	134	175	253	103	141	089	129	189	238	087	147	113	229	143	156	090	127	190	246	173	146	144	083	124	175	142	260	150	123	155	092	146	180	106	170	089	161	085	161	228	128	104	103	181	207	142	145
991	9	091	138	179	253	103	145	089	129	191	238	087	161	115	229	143	158	090	140	200	252	173	152	154	083	132	183	150	260	150	123	157	092	146	180	112	174	089	173	089	167	228	130	104	103	191	207	142	149
992	9	091	134	181	241	103	135	093	129	191	232	087	160	113	227	143	158	090	127	194	252	167	146	144	083	122	165	142	260	146	125	155	091	146	184	106	170	089	169	085	161	228	130	102	099	181	205	142	149
992	9	091	138	187	269	103	145	097	143	195	238	089	161	115	233	143	160	090	140	194	252	173	152	160	085	132	175	142	262	150	129	159	092	152	184	110	172	089	173	089	167	238	134	102	103	181	205	142	151
1006	9	089	134	181	253	103	141	089	143	189	232	087	158	108	229	143	156	090	150	194	252	173	152	144	081	124	165	142	260	148	129	157	091	150	184	106	170	085	161	085	165	228	130	102	095	177	-9	142	149
1006	9	089	142	181	253	103	145	093	143	191	252	089	160	115	229	143	158	090	150	194	252	173	152	154	083	132	183	142	262	150	129	159	091	150	196	112	172	089	165	089	167	228	132	104	095	181	-9	166	149
1017	9	089	136	181	253	103	135	091	129	191	238	087	160	115	227	143	158	090	140	188	248	173	152	152	083	124	165	142	260	150	125	159	092	146	190	106	166	089	161	089	167	236	130	102	101	177	205	142	149
1017	9	091	138	185	269	103	147	093	129	191	238	089	160	115	229	143	158	102	146	188	252	177	166	154	083	132	179	142	260	150	129	159	092	146	196	112	170	095	169	091	167	238	134	102	103	191	205	168	151
2582	9	089	136	181	253	-9	145	093	129	191	232	087	160	113	227	143	158	090	140	190	252	173	152	154	-9	124	165	138	260	150	123	155	091	146	180	106	170	085	169	085	167	228	118	102	095	181	205	142	145
2582	9	089	138	187	269	-9	145	103	129	195	238	087	162	115	229	143	158	090	150	194	252	175	152	156	-9	124	183	142	262	150	129	155	091	150	196	106	172	095	169	087	167	240	130	104	103	181	211	142	153
