Conversion of an object of class 'genind' into a GENEPOP file with the package 'graph4lg'                                                
BMS1117, TGLA53, BMC4214, BM1225, BM47, BMS1315, IL4, BM2113, BMS1716, BM1706, BMS1675, BMS1857, BMS1001, BM720, ILSTS102, BMS1074, BMS1172, BMS2258, BM757, SPS115, BMS527, BM2830, INRA194, BMS941, INRA037, BM4107, TGLA122, HUJ246, BMS528, BM4440, TGLA44, BMS510, BMS1355, BM1824, BMS812, BMS2639, BMS410, AGLA232, BM17132, BM711, INRA133, RM372, BM4311, BMS1747, BL1036, BM1862, BMS1862, URB011 
Pop                                                
EINPP_373, 089091 136138 181187 241241 103105 135135 093099 129143 191195 238238 087091 154160 113115 231233 143143 156160 090090 140150 194200 250250 163167 150158 144144 083085 124124 165183 150150 260262 140146 125127 155155 092095 146150 180180 108108 186186 085089 161161 087087 161167 228228 130134 092098 097099 181191 211211 162164 149149
EINPP_374, 089093 136138 185187 241249 103105 135135 089093 129149 189195 232238 089091 160160 113115 231231 143143 156160 090100 127140 194200 254254 163175 152162 144144 083085 122124 179181 142148 260262 140146 125127 155155 092092 146146 180198 106108 168170 089089 161165 085087 161161 228240 130134 092092 101101 181191 211211 142162 149149
EINPP_375, 091091 136138 179185 245271 103103 135147 089093 129143 191195 232238 089091 160160 113115 229229 143147 154154 088090 127127 194202 244246 173175 150158 154158 083083 124124 181183 142142 260262 146146 127127 155157 092095 150150 180190 108108 168168 083083 161173 087091 161167 228240 130130 092092 095099 177191 205211 158170 149149
EINPP_376, 091091 136136 187187 241271 103105 135137 097101 129143 191195 238250 087091 161170 115115 229233 143143 154154 090090 127127 194194 252254 167173 150158 144154 083083 124124 181183 148150 256260 140150 127131 153159 092095 150150 180184 108108 170172 083083 161173 085089 161167 240240 130130 092096 095101 191191 211211 158168 145149
EINPP_377, 089089 140140 187187 241249 103103 135135 093097 129143 189195 238238 087087 161170 108115 229231 143143 154158 088090 127127 200200 246250 165165 152158 156156 081083 122122 179181 138142 262262 140150 127127 153153 091095 154154 184198 110110 168174 083089 165165 087087 161161 228236 130134 092098 095095 191191 205205 168170 149151
EINPP_378, 091091 136136 175187 241241 103104 135135 089093 129129 189189 238238 087087 158160 115115 229229 143143 154158 090100 127140 200200 246250 163173 142158 156156 081081 122122 165181 142148 256260 140146 129131 155155 091092 146154 198198 106110 172186 083089 161161 091091 167167 240240 130130 092092 099101 191191 205207 156164 149149
EINPP_379, 091091 136136 179185 241241 103105 135135 093097 149149 189195 238250 085091 160160 108108 225231 143145 158158 088090 127127 194200 250254 159177 158162 144144 085085 122124 179181 148148 260262 140146 123131 155155 092094 146150 192198 110110 170170 083083 161161 087091 161161 228236 130134 098104 095099 177191 201211 158168 149149
EINPP_380, 089091 136138 187187 271271 103104 135137 093097 129149 189191 238238 085091 170170 115115 229231 143143 158158 090090 148150 194200 250254 167173 150158 158158 081083 122124 179181 142150 256260 146150 127131 155157 095095 146150 192198 108112 168168 083083 161173 089091 161167 228240 134134 096098 095101 191191 205211 164168 149151
EINPP_381, 091091 136136 179185 249271 103103 135135 093101 129149 189195 238250 087087 158158 108115 231231 143143 154158 088100 150150 200200 244254 173175 142142 144158 083085 122124 183183 142148 256262 140148 127129 153155 092095 146150 180192 106108 168170 083089 161173 087089 161167 228240 118130 092098 095101 191191 201211 158168 149149
EINPP_382, 091091 136136 185187 241271 103103 135137 089097 143149 189195 238238 087087 160160 115115 225229 143143 154160 088088 140140 194200 250254 173175 152162 154156 081083 122124 179183 142148 256260 146146 127131 153155 092092 146146 192198 108108 168172 089089 161165 091091 165167 228238 130134 096098 095099 181191 211211 158168 149149
EINPP_383, 089091 134140 175175 241269 105105 135135 101101 129149 191195 250250 087087 160161 113115 229233 143145 154154 088100 127148 194200 246250 165167 158162 144144 081083 122124 165165 142150 260262 150150 127129 155155 092095 148150 180192 108110 172172 083083 161165 087087 161165 240240 130130 092098 095103 191191 205211 142158 149149
EINPP_384, 091091 134138 187187 241241 103103 135147 091093 129149 195195 238238 087091 160161 108115 229231 143143 156158 088100 127127 194194 254254 163175 158162 154156 083083 122124 179181 148148 256260 140140 129129 155157 092094 146150 198198 108110 170186 083089 161173 087091 161167 236238 130130 092098 099101 191191 207207 142168 149149
EINPP_385, 091093 136136 179187 241271 103103 135147 091093 129129 189195 250252 087091 143170 108115 229231 143143 154160 090090 127150 194194 244254 175175 150152 154156 083083 122124 181185 142142 262262 140140 127131 155159 095095 148150 180184 108108 170170 089089 165173 087091 161167 236240 130134 098104 095095 191191 205205 168170 145145
EINPP_386, 089089 138142 181187 241241 103103 135147 089093 127143 191195 238252 087091 161161 115115 233233 143147 154158 088102 140150 194194 250254 175175 150164 154160 083083 122124 183183 138142 256262 140150 127129 153159 091095 146148 180184 108108 168170 089089 161173 085087 161161 240240 130130 096096 099103 179191 211211 142142 145151
EINPP_387, 089091 138142 175185 241245 105105 141147 101105 143149 189191 238238 087091 160160 113115 231231 143145 154156 088090 150150 194194 244254 173173 158158 144156 081083 120124 179181 142148 262262 146150 125129 155155 091092 146146 198198 108108 170174 089091 161165 089091 161167 228228 130134 092092 095101 191191 201202 158168 149149
EINPP_388, 091091 136138 175187 241271 103103 135135 097105 143143 189191 238238 087091 161170 113115 229231 143143 156156 090090 127150 194200 246250 165165 148162 156160 081083 124124 183185 148150 262262 140140 129131 153155 092095 150150 190198 108110 168172 083091 161173 087089 167167 228240 130134 092092 095099 181181 205215 158168 149149
EINPP_389, 091091 136136 185187 241245 103105 135141 091093 143143 191195 238238 087089 160160 108115 229229 143147 156158 088100 140140 194194 250252 163173 150158 144144 081083 124124 179183 142150 260262 140140 127129 155155 091095 146148 184192 106110 170170 089089 161165 087089 167167 228238 130134 092104 099101 181191 201202 156170 149149
EINPP_390, 091091 136136 181185 241245 103105 135135 093097 129149 189191 238250 087087 160160 108115 231231 143145 154160 090100 140148 190202 252254 165175 150162 154156 083083 122124 179179 142148 260262 140140 127127 155155 092095 146146 180198 108108 170172 089095 161173 091091 161167 236238 130130 092098 095095 181181 205211 158168 145149
EINPP_391, 089091 134138 187187 241253 103103 135135 093105 129149 195195 238238 087087 143161 113115 225231 143143 154154 090100 127150 194200 250252 173177 158158 144144 081083 122124 183183 142148 256262 140150 123131 155155 092092 146150 180180 108108 168174 083089 161161 087091 161161 228240 130134 092104 095095 181181 205207 158170 149151
EINPP_392, 089091 136136 179185 269271 103105 135141 093093 129129 195195 238252 087091 160160 115115 231233 143143 154154 088088 127140 194194 244250 175175 150156 156156 081083 124124 179185 142150 256262 140150 127131 155155 091091 148148 180180 108112 168170 089089 173173 089089 161167 238240 130130 092098 095095 181191 205211 156160 149151
EINPP_393, 089091 136138 179187 241271 103105 135135 091093 129143 189195 238238 087091 161170 113113 229231 143143 156158 088090 127148 194200 250254 159173 158162 144156 081083 124124 165183 138148 262262 140150 129131 153157 092095 146146 190198 108110 168168 089089 161165 085087 161167 228240 118134 092098 095101 179191 205205 162168 149149
EINPP_394, 089091 136136 181185 241245 103103 135135 091101 127143 189191 250250 091091 160160 108115 229231 143147 158158 100102 140142 194194 246254 165173 152158 154158 083083 124124 179185 142142 262262 140140 123127 155159 092092 146146 180198 106108 168168 083089 161161 089091 161167 228228 130134 096098 095099 181191 205205 168168 149149
EINPP_395, 089089 136138 175175 245271 103103 135147 093093 143149 189195 238252 091091 160160 108113 225231 143147 158158 100102 140150 194202 250250 165165 158162 160160 081085 124124 179183 138150 256260 140146 127129 153159 092095 146150 184198 108108 168170 085089 161165 087089 167167 228240 118130 096096 101103 181191 205211 168168 143149
EINPP_396, 089089 136138 179187 253253 103103 135141 089099 129149 195195 232238 089091 143160 113113 229231 143143 154154 088090 127127 194200 246246 163175 158158 144154 081083 122124 183185 142142 262262 146146 123127 155155 092095 146150 180192 108112 170186 089089 161161 087089 161167 240240 130134 092092 095099 181193 205211 142142 145149
EINPP_397, 089091 134136 175185 241253 103103 135147 093105 143149 189189 238238 091091 160170 113115 229231 143143 154158 088090 127150 194194 250250 173173 158158 156156 081083 122124 165185 142148 262262 146146 125131 155155 092095 146146 180198 108108 168186 083089 165173 087089 167167 224240 118130 092098 099099 179191 207211 158168 149149
EINPP_398, 089091 136138 179187 241253 103103 135135 089089 143143 191195 232254 087091 160160 108113 231233 143145 156158 090102 140150 194194 246250 163167 150162 156160 083083 122124 181183 148150 260260 140140 125127 155157 092094 146148 192198 108108 170186 083089 161161 087089 161167 228240 130130 096098 097101 191191 211211 164164 145149
EINPP_399, 089091 136136 175185 241253 103103 137141 089105 129149 189191 238238 085087 160160 108108 231233 143143 156158 090102 127150 194194 250254 163175 158158 144144 081083 122122 181183 142150 260260 140146 127129 155155 091092 146146 192198 106108 172172 089089 161161 087089 161161 240240 134134 096104 095095 179181 207207 166166 149149
EINPP_400, 089089 136136 185187 241247 103103 135135 091101 129143 191195 238238 085091 160161 113113 229231 143145 156160 088102 127127 194200 252254 165177 152158 156158 081083 124126 183183 142150 262262 146150 125125 153159 092095 146146 192198 106108 168170 083083 161173 087089 161167 228228 118130 092092 099099 191191 205205 156168 149149
EINPP_401, 089091 134136 179181 249271 103103 135147 089101 129149 191195 238250 087089 161161 108115 229229 143143 156156 088090 150150 194202 246250 165177 156162 154154 081083 124124 179183 142150 256262 146150 129131 153155 092095 148150 180180 108112 168172 083089 161173 087087 161167 228228 118130 092096 103103 179191 211215 142170 149149
EINPP_402, 089091 134138 175175 245253 103103 135135 093093 129149 191191 238238 087089 161161 108115 229231 143145 154156 088090 127140 190200 250254 173173 158162 156156 081083 122124 183183 148148 262262 140146 127131 151155 092092 146146 184198 108108 168170 083089 161173 091091 161167 228240 134134 092092 095101 191191 205211 164168 149149
Pop                                                
EINPW_461, 089091 138138 179187 253253 103103 135141 089091 129129 191191 232232 089089 147162 113115 229233 143143 156158 090090 142142 190190 244244 177177 146154 144154 077081 126132 165175 138138 262262 150150 123129 157157 092092 150150 180180 106110 172172 089089 173173 085089 167167 228228 130130 096096 101103 181181 205205 166166 145149
EINPW_462, 091091 136140 187187 253269 103103 141145 103103 129129 195195 238238 087089 162162 113113 225229 143143 158158 090090 142142 194194 252252 167177 152152 154160 083083 124124 175183 138142 260262 146150 129129 153155 091095 150150 180180 112112 166176 089089 161165 089089 167167 228238 114130 098102 101103 181191 205215 168168 151153
EINPW_463, 089089 136138 179181 253253 103103 135141 093103 129129 189191 238252 087091 158162 108115 227229 143143 154158 090102 142148 188190 250252 167177 146146 154158 077081 124132 165183 148148 260262 148150 125129 155155 091091 146150 180184 106112 166170 089089 161165 087089 167167 236238 130132 092102 095095 181181 201207 158166 149153
EINPW_464, 089089 134138 179179 269269 103103 141141 097103 129129 189191 232232 087089 160161 108115 229229 143143 156156 090090 142148 194194 244252 167177 146154 154154 077083 122132 165175 142148 260262 148150 123129 151155 091095 150150 180180 110112 172172 085089 161173 085089 167167 228228 128134 102104 101103 181181 205205 168168 145153
EINPW_465, 089093 134134 181187 253253 103103 141141 097097 129129 189191 238238 087091 158162 113113 227229 143143 158158 090090 140142 190190 252252 175175 150152 144154 083083 124132 183183 142142 262262 140150 129129 155159 091092 150150 196198 106112 166166 089089 161161 089089 167167 228228 128130 102102 103103 177181 205211 142144 145149
EINPW_466, 089089 134138 187187 253253 103103 141141 097103 129129 189191 238252 087091 160160 115115 227229 143143 158160 090090 142148 190194 252252 173175 152152 144160 077083 132132 175183 142142 262262 150150 125129 155155 091092 150150 180184 112112 170172 089095 161161 087089 167167 228238 128132 102102 095103 181191 205207 142166 145145
EINPW_467, 089091 136136 187187 253253 103104 141141 097103 129141 191191 232238 087087 158162 115115 229229 143143 158158 090102 127148 188194 252252 167173 152154 154154 077081 132132 165183 142148 262262 148150 129129 155155 092095 148150 196196 112112 170176 089095 165173 089089 167167 228238 130130 102102 095101 181181 205205 142166 151153
EINPW_468, 089091 136138 179187 253271 103103 141145 091103 129149 191191 238238 087087 158160 108113 225233 143143 156156 090102 138142 194194 252252 167167 146152 144154 083083 132132 175179 142148 256262 150150 125129 155157 091091 150150 184196 110112 166172 085089 161161 087089 167167 236238 130132 098098 095101 181181 205205 144166 151151
EINPW_469, 089091 136138 187187 253253 103103 141147 101103 129131 195195 252252 087087 158162 115115 227231 143143 154160 090102 127142 188194 250252 173173 146146 154154 081083 124132 165175 138142 262262 150150 129129 155155 091095 150150 180180 106112 166172 089095 165169 089089 167167 228236 130130 092104 095095 191191 201207 158168 153153
EINPW_470, 089089 134136 179181 241253 103103 135145 093093 129129 189191 232238 087089 147162 108115 225229 143143 158160 090090 127142 188194 252252 167173 152152 144154 077077 124132 165175 142148 262262 146150 125125 155155 091095 150150 180180 106112 172172 089089 169173 087089 167167 228238 114130 098102 101103 181191 201205 144158 151153
EINPW_471, 089091 136136 181187 249269 103103 141145 093097 129149 189191 232252 087087 158160 115115 227227 143143 156158 090090 127140 190190 252252 167173 152152 154160 083083 124132 175175 142148 262262 146150 123125 157157 091091 146148 180180 112112 166172 089089 161161 089091 167167 228236 128130 092104 095103 181181 205205 142142 151153
EINPW_472, 089089 136136 179187 253269 103103 145147 093103 129129 191191 238238 087089 158158 108108 227229 143143 158158 090090 127142 190194 250252 167173 152154 152154 081085 124132 175183 142142 260262 150150 125129 155159 091094 150150 180180 112112 172174 085089 161165 081089 167167 228228 114130 102102 101101 181181 201211 142144 145151
EINPW_473, 091091 136136 179181 241249 103103 135141 093093 129143 191191 232238 089089 158161 113115 229231 143143 156158 090102 142142 194194 252252 167173 152152 154154 083083 124124 179183 138142 262262 150150 129129 153155 091094 148150 180180 112112 166166 089089 173173 089089 167167 228228 132132 092102 101101 181181 205211 166168 145151
EINPW_474, 089091 136136 179181 253253 103103 135141 089097 129129 189191 232238 087089 147158 115115 229233 143143 158158 090090 142142 190194 252252 167177 146152 154160 081083 124132 175183 138142 260262 140150 123129 155157 091094 146150 180184 110110 166172 085089 161173 085089 167167 228236 130130 102104 095103 181191 205207 166168 145151
EINPW_475, 089089 136136 181187 253253 103103 145145 097097 129149 189191 232252 087087 147158 115115 229229 143143 158158 090090 127146 190194 250252 173177 152166 156160 081083 132132 183183 142142 256260 150150 125129 155159 091092 148150 194196 106110 170172 089089 161173 089089 167167 228238 128130 098104 095095 181191 205205 144144 145153
EINPW_476, 089091 136136 179187 253253 103103 135141 091093 129141 189191 232238 089091 147160 113115 229229 143143 158158 090090 140142 190190 252252 177177 146152 154154 083083 126132 175183 138138 262262 150150 123129 155157 092092 150150 180180 110112 170172 085089 165169 085087 167167 228228 130132 096104 101103 177181 201207 142166 151153
EINPW_477, 089091 136136 179187 269269 103104 141145 089103 129149 191191 232252 087087 147158 115115 229233 143143 158160 090102 127142 188194 252252 167173 146152 154160 083085 124132 179183 148148 260262 146146 125129 153155 092095 146150 184184 110112 166170 085089 161165 081087 161167 224228 122130 096104 101101 181181 205207 144166 145153
EINPW_478, 089091 136136 179187 249253 103103 141147 093093 129141 189191 232232 087089 158158 113115 229229 143143 158158 090102 142142 190190 252252 173177 152152 144154 077083 132132 175183 138142 260262 146150 123129 155155 091091 150150 184196 112112 172176 089095 161165 089089 167167 228228 130132 098104 095103 181181 207211 142168 153153
EINPW_479, 089091 136138 179187 253253 103103 135141 093103 129143 191195 232254 087089 160160 113115 229229 143143 158158 088090 142142 188194 252252 173177 146152 154154 083083 132132 175183 142142 260262 150150 123129 153155 092095 150150 180184 110110 170172 089089 161161 087089 167167 224228 130132 102102 101103 181181 205205 166168 145145
EINPW_480, 091091 136136 187187 253253 103103 141141 093103 129143 189195 232252 087089 158160 113115 229229 143143 158158 090090 142146 190194 250252 177177 146152 154156 081083 124132 183183 138142 262262 150150 125129 155155 091095 150150 180184 112112 172172 089095 165165 085087 161167 224228 132132 098102 095095 177191 205205 166168 153153
EINPW_481, 089089 136136 179187 253253 103104 141141 093097 129129 191191 238252 087087 158162 108115 229229 143143 154158 090102 127142 194194 252252 173173 152166 154154 077081 122132 165165 142148 262262 146148 125129 155155 092092 146150 184196 106112 176178 089095 161165 089089 167167 238238 122130 102102 095095 181181 205205 166166 151153
EINPW_482, 091093 136140 181181 253253 103103 141141 085103 129129 189195 232252 089091 158162 113115 229229 143145 160160 090090 140146 188194 250252 167173 152152 154154 081083 132132 165183 138142 262262 150150 129129 155155 091091 146150 180184 110112 172174 089089 161161 087089 161167 228238 114130 102102 095101 177181 211215 158166 151153
EINPW_483, 089091 136138 179187 253253 103103 145145 089093 129141 191193 232238 087087 158158 113113 229231 143143 158158 090102 140142 190194 244250 167177 146166 152154 077083 132132 175183 142142 260262 146150 123125 155157 091092 150150 180180 110112 170172 089089 165173 087091 167167 228238 128130 098098 095101 181181 211215 144166 151153
EINPW_484, 089091 134134 179179 253253 103103 135145 093097 129129 189189 238238 087087 158158 113113 225229 143143 158158 090090 127142 188194 252252 167173 146164 154156 077083 124132 175175 142142 260262 150150 129129 155155 091091 150150 196196 106110 170172 089089 165169 085089 167167 228228 130130 102104 095101 181181 201211 142158 151153
EINPW_485, 089093 136136 181181 253271 103103 141141 097103 129149 191191 252252 087087 158160 108115 231231 143143 158158 090090 127148 190194 250252 167177 152152 152154 081083 132132 175183 142142 256260 140150 125125 155155 091092 150150 180194 106110 166172 089089 161161 089089 167167 228236 128132 098102 095101 181191 205211 142144 145149
EINPW_486, 089091 136138 187187 241253 103103 141141 093103 129143 191195 232252 087087 158162 115115 229229 143143 156160 090090 140142 190190 252252 177177 146146 156156 083083 124132 175179 142142 260262 150150 125125 155155 091091 150150 184184 106106 172172 085095 161173 089089 167167 224238 114132 098104 101101 181181 205211 166168 149151
EINPW_487, 089091 136138 179187 253269 103103 141145 097103 129129 191191 232238 087089 158160 113115 227229 143143 156158 090090 142148 194194 252254 167177 152154 160160 077083 124132 165175 138142 262262 150150 129129 155155 091091 150150 180180 110112 172172 085089 161165 085089 167167 228228 130130 098098 101101 181181 205215 166168 145153
EINPW_488, 089089 136136 179181 253253 103103 141141 093093 129129 191191 238238 087089 158158 108108 225229 143143 158158 090090 146148 190194 250252 167177 146150 152156 077077 132132 165175 142148 262262 140150 125125 155159 091091 150150 180194 106112 172172 089089 159165 085089 167167 228238 130132 102102 095101 181181 205205 142168 145153
EINPW_489, 089093 138138 179187 249253 103103 135135 093103 129149 191191 232252 087087 158158 113115 227227 143143 154158 090102 140142 188194 250252 173173 152152 154154 083083 124132 179183 142142 260262 148150 123125 155155 091091 148150 180180 110112 172172 089089 161169 089089 167167 228236 130132 092102 095101 181191 207211 142168 145153
EINPW_490, 089091 134134 187187 253269 103103 141141 097097 129141 189191 238252 087091 160160 115115 229229 143143 158158 090090 142148 190190 252252 175177 152152 154160 077077 132132 183183 142142 262262 140150 129129 155155 092092 150150 180194 110112 172176 089089 161161 087087 167167 238238 128128 102102 095103 177181 205205 142142 145153
EINPW_491, 091091 136138 179181 241253 103103 135135 091093 129129 191191 232232 089089 147161 113113 229233 143143 156158 090102 140142 194194 252252 173173 152154 154154 081083 124126 175179 138138 262262 150150 129129 153155 094094 148150 180180 110112 166172 085089 173173 089089 167167 228228 130132 092096 095101 181181 207211 144166 145145
EINPW_492, 089091 134136 179187 253269 103103 141141 089093 129129 189191 232238 087089 147158 108115 225233 143143 158158 090090 142146 194194 244254 173177 154154 144144 077081 132132 165183 138142 262262 150150 123129 155155 091092 150150 184196 110112 172172 085089 161169 085089 165167 228238 128130 096102 101101 181181 207211 166168 151153
EINPW_493, 089089 134136 181187 253253 103103 141141 093103 129149 191191 238238 087087 158170 113113 229231 143143 156158 090102 146146 190194 252252 167175 146152 154160 077081 124132 183183 142142 260260 150150 125129 157159 091092 150150 180196 106112 166170 085089 161161 089089 167167 228228 128130 092102 095095 181181 205207 144166 149149
EINPW_494, 089093 134136 181191 253253 103103 141141 093093 129149 189191 232238 087087 158158 108115 231231 143143 158158 090090 142142 194194 252252 167173 146152 154160 081083 124132 183183 142142 260262 150150 125125 153155 092095 150150 180196 106110 166172 085089 169173 089089 167167 228228 130132 102104 101103 181191 205207 166168 149151
EINPW_495, 089091 138138 179181 253253 103103 135141 093093 129129 189191 238238 087089 158158 113113 227227 143143 158160 090102 127142 188190 252252 167173 146152 154154 081083 124132 183183 142142 262262 150150 129129 155157 091091 148150 180196 110110 166170 089089 169173 087089 167167 224236 130132 092104 095101 181181 205211 142166 151153
EINPW_496, 089089 136138 187187 249253 103103 141147 103103 129129 191191 232238 087089 160161 108113 229229 143143 156158 090102 142146 190194 252252 177177 152152 154154 077083 124132 183183 142142 262262 150150 125129 155155 091092 150150 180180 108112 170172 089089 161167 089089 167167 228228 130132 098098 095103 177191 205215 166168 149153
EINPW_497, 089089 136136 187187 249253 103103 135141 093093 129129 191191 232238 087087 147160 115115 227229 143143 156158 090102 142142 188190 252252 173177 146152 144154 077083 132132 175183 138142 260262 146150 129129 157159 091091 150150 184196 112112 172172 089089 161169 089089 161167 228236 114132 102102 095101 181181 207211 168170 153153
EINPW_498, 089091 134140 187187 253253 103103 141141 097103 129141 191191 238238 087091 158160 113115 229229 143143 156158 090090 127140 190194 252252 177177 152152 154160 077083 126132 183183 138142 262262 146150 129129 155155 092094 150150 180198 110112 176176 089089 161161 089089 167167 228228 114130 098102 095103 181191 205211 142168 145151
EINPW_499, 089089 136136 179179 241269 103103 141147 093093 129143 189191 232238 087087 147161 113113 229231 143143 156158 090102 142142 194194 246252 167177 152166 154160 081081 124124 175183 142142 262262 146148 125129 155155 091091 150150 184184 112112 166172 085089 161161 089089 167167 228238 130132 092098 099101 181191 207215 158168 151153
Pop                                                
HZ_067, 089091 136138 187187 241253 103103 135141 097103 141149 195195 232252 087089 147158 113115 227233 143143 156158 090090 140146 190194 252252 173177 152152 144152 083083 124132 175175 142142 260262 148150 123125 155155 091091 150150 180180 112112 166176 083089 161169 089089 167167 228228 114132 092102 101103 181191 207211 144166 145147
HZ_068, 089089 134138 187187 253253 103103 141141 093103 129143 195195 238252 087087 147147 108115 227227 143143 158158 090090 140146 188194 252252 177177 152152 144154 081081 124124 165175 142148 260260 140148 125129 155155 091091 150150 180180 112112 170176 089089 161165 089089 167167 228238 132132 102102 095099 177181 211215 142166 147153
HZ_104, 089091 134136 187187 253253 103103 141145 097103 143149 189195 232238 089091 158161 113115 229233 143143 156160 090102 127142 194194 252252 167173 152152 144160 081083 124132 165183 142148 260262 150150 123129 153157 091094 150150 180180 112112 166172 089089 161161 087089 167167 228238 128132 092102 095101 181191 201205 142168 145145
HZ_105, 089091 138140 179187 249253 103103 135141 103103 129149 189195 232232 089091 161164 113115 229229 143143 156158 090090 127142 190194 252252 167173 152158 154160 081083 124124 165183 142142 260262 140150 125129 155157 091092 150150 180184 110110 172172 089095 161173 087089 167167 228238 128128 102104 095101 177191 205211 142158 145153
HZ_106, 089089 138138 187187 249253 103103 135141 093103 129141 189191 232238 087087 158162 113115 229233 143143 156158 090102 142142 190194 250252 173177 152152 154154 077083 122124 183183 142142 260262 150150 125129 155157 091091 150150 180180 112112 172172 089089 161169 091095 167167 238238 130130 102104 095101 181181 211215 142144 149153
HZ_107, 089089 136140 179179 249253 103103 141141 097103 129129 191195 232238 087087 158158 115115 225229 143143 158160 090102 138142 194194 250250 167167 146152 154160 081083 122132 179183 142148 260262 146150 125125 155157 091092 146150 180180 112112 166166 089089 161165 087089 167167 228228 128128 102102 101101 181181 201215 168168 151153
HZ_108, 089089 134136 187187 253253 103107 141141 093097 141149 191191 238238 087091 161162 108115 229233 143143 158158 090102 127127 190194 252254 167173 152152 154160 083083 124124 183183 138148 262262 150150 123129 155155 091091 150150 180184 112112 166172 089089 161161 087087 167167 228238 128130 092102 095095 177177 201205 158168 145145
HZ_109, 089089 136136 179187 249253 103103 141145 097103 129141 191191 232238 087087 158158 113115 229233 143143 156158 090090 142146 194194 252252 173175 152152 144160 081081 124124 183183 142142 260262 150150 125125 157157 091091 150150 180184 106110 166166 089089 165165 091091 167167 228238 128130 102102 095101 191191 211215 142158 145153
HZ_110, 089093 136138 179187 253269 103103 141141 093103 121143 191191 232238 087087 158158 108113 227229 143143 156158 090090 138146 190194 252252 167173 146152 152154 083083 124124 183183 138142 262262 150150 125125 155155 091094 150150 180180 110112 172172 089089 161165 089093 161167 228236 130132 098104 095105 181181 211211 144166 145153
HZ_111, 089093 138140 179187 253253 103103 141145 085093 129141 191191 232232 087089 158162 108113 227229 143143 156158 090090 127146 190194 252254 167173 152152 154154 081081 126132 183183 142142 262262 146146 125129 155155 091094 150150 180180 110112 170172 089089 165168 089091 167167 228228 130130 092102 095103 181181 205211 158168 153153
HZ_112, 089093 138140 179187 253253 103103 143145 093093 129149 189191 232238 089091 158164 115115 229233 143143 158158 090090 127142 188190 252254 173177 152158 154160 081083 124132 165183 142142 260262 150150 129129 155157 092094 148150 180196 110110 172172 089089 161165 089093 167167 228238 130132 098102 095101 177181 207207 158166 145145
HZ_113, 089089 136138 179179 249253 103103 145145 089097 149149 189191 232232 087091 147158 115115 227233 143143 156158 090102 127142 194194 252254 167167 146152 154160 081083 124132 165179 142142 262262 150150 125125 155155 091091 150150 180180 112112 166166 089089 161173 081087 167167 228238 128130 102102 095101 181191 201211 142166 145151
HZ_114, 089089 136136 191191 253269 103103 141145 085103 129129 189191 232238 087087 158160 115115 227229 143143 156160 090090 142142 190194 252252 167173 152152 154160 083083 124124 183183 142142 262262 150150 125129 153155 091095 150150 180184 110110 172172 085089 165165 081089 167167 228246 130130 098104 095101 177181 205211 158166 153153
HZ_115, 089089 136138 179187 267269 104104 141145 093103 129141 191191 238240 087087 158160 108113 227229 143143 156158 090102 138142 190194 252252 167173 146152 152154 081083 124124 183183 138142 262262 150150 125129 155155 091094 150150 180180 110112 172172 089089 161161 081089 161167 236236 130132 096104 095101 181181 211211 144166 145153
HZ_116, 089089 136138 187191 241253 103103 135147 085093 129129 189191 232238 087089 158158 113115 227231 143143 156156 090090 142146 194194 252252 173177 146152 144154 081083 124124 183183 142142 262262 150150 129129 155155 091094 150150 180180 106112 170172 085089 161168 087089 167167 228228 130130 092098 095095 181181 205211 144166 153153
HZ_117, 089093 136140 187187 249253 103103 141141 093097 129141 191195 232238 087091 162162 108113 227233 143143 158158 090090 127127 190194 250252 167177 154158 154160 081081 124132 165183 142142 260262 140150 125125 157157 091091 150150 180180 110112 172176 089089 161169 087089 167167 224228 122130 096104 095103 181181 207211 144166 145153
HZ_118, 089089 134136 187187 249249 103103 141145 103103 141141 189191 232238 087091 158162 115115 229229 143143 154160 090102 142142 194194 252254 167167 152152 160160 083083 124124 179183 142142 260262 146146 123123 157157 091091 146150 180184 112112 166166 089089 161161 087091 155167 228228 128128 102104 101103 191191 201211 142158 145151
HZ_119, 089089 138140 179187 249253 103103 141145 085093 129149 191195 232238 087087 147160 115115 229231 143143 154156 090102 127127 194194 252252 173173 146152 144156 083083 124132 175183 138142 260262 150150 125129 155159 091091 150154 180180 112112 166172 089089 161165 089093 161167 228228 114130 102104 095103 181191 207211 158166 153153
HZ_125, 089091 134136 179181 253253 103103 141145 097103 129149 189191 232252 087091 147158 115115 227227 143143 156158 090102 127127 194194 252252 167167 146152 144154 081083 132132 165183 142142 262262 150150 125125 155159 091092 150150 180180 112112 166172 089095 165165 087087 167167 228228 128130 102102 095095 191191 201211 142144 145153
HZ_126, 089091 136138 187191 249253 103103 141145 093103 129129 191195 238238 087087 158158 108113 227229 143145 154160 090102 142146 190194 252254 169173 146152 144154 081083 126132 165183 142142 262262 146150 129129 155157 091092 150150 180184 110112 172172 089089 161161 089089 167167 228228 130130 104104 095103 181181 205211 144168 153153
HZ_127, 093093 136136 187187 253253 103103 135145 097103 129129 189191 232238 087091 158158 113113 227229 143143 156158 090090 127146 190194 250252 167167 146154 152154 081083 124132 183183 142142 262262 140150 125129 155155 091092 148150 180196 110112 172176 089089 161169 087089 161167 228238 130130 098104 095095 181181 205207 144168 153153
HZ_128, 089091 136136 187187 249253 103103 135145 093103 129149 191191 238254 087087 147158 115115 227229 143143 156156 090090 127142 194194 252252 167173 146166 144154 077083 124126 183183 142150 260262 150150 125129 153155 092095 150150 180184 110112 170176 089089 165165 091095 167167 228228 114130 102104 101103 177191 205211 158166 145151
HZ_129, 089091 138138 187191 249249 103103 135141 093103 129141 189191 232254 087087 158162 113115 225227 143143 158158 090102 142146 194194 252252 167177 158158 154154 077083 132132 175183 138142 262262 148150 125129 155155 091091 148150 180180 110110 170172 089089 165169 085091 167167 224238 114130 102104 095095 181181 205215 166168 149153
HZ_130, 089089 136136 179191 249253 103103 141141 093103 129129 189195 232238 087087 158158 115115 227229 143143 156158 090102 127142 190194 252252 167173 146166 144160 077083 124126 183183 142142 260260 150150 129129 155159 092095 148150 184196 110110 166170 089095 161173 087087 167167 228228 114130 098104 095103 181181 205211 158168 153153
HZ_131, 089089 136138 179187 249269 103104 141145 085093 129141 189191 232232 087091 162162 108115 225231 143143 156156 090090 127142 190190 252254 167173 146152 154154 081083 124132 165183 142142 260262 150150 125129 155155 091091 150150 180184 110110 166172 089089 161165 089093 167167 238238 114132 092102 095103 181181 201207 144168 151153
HZ_132, 089093 136138 181191 253253 103103 141141 085103 129129 191195 232238 087089 158162 108113 227231 143143 158160 090090 142146 190194 250254 173173 146152 144160 081083 132132 165183 138142 260262 148150 129129 153153 091095 150150 180180 112112 166172 089089 161169 087089 161161 228236 130130 104104 101103 181181 205205 144168 153153
HZ_133, 089093 138140 179191 235253 103103 135135 085085 129149 191191 232232 087087 158160 113113 227229 143143 156156 090102 142146 190194 250252 173175 146152 144154 081081 124132 165179 142142 262262 150150 129129 153155 091094 150150 184196 110110 172172 089089 161169 087087 167167 228238 130130 096104 095095 181181 205211 166168 153153
HZ_134, 089093 136140 179191 253269 103103 141145 085103 129129 191195 232238 087087 158160 113113 227229 143145 156160 090102 127146 188194 252254 167167 152152 144160 077081 132132 179183 142142 260262 150150 125129 153157 091091 150150 180196 110112 166166 089089 161161 087089 167167 228238 114130 096102 101103 177181 201211 142168 153153
HZ_135, 089089 138138 187191 253253 103103 141145 093103 129141 189195 232238 087089 162162 108113 229231 143145 158160 090090 138142 194194 252252 173177 152158 154154 083083 124132 165183 142142 260262 150150 129129 155157 091091 148150 180180 110112 172172 085089 161169 087087 161167 228228 122122 098102 095095 181181 205211 158166 145153
HZ_136, 089091 138138 179191 249249 103103 141145 085093 129141 191191 238238 087087 158161 113115 227229 143143 158158 090102 127146 190194 252254 167177 152152 154160 081083 132132 175183 142142 260262 148150 125129 153157 091091 148150 180184 110110 170172 085089 161169 087093 167167 228238 128130 102102 095101 177181 205215 144158 145149
HZ_137, 089089 138138 179187 249253 103104 135141 093097 141141 189191 232238 087089 162162 113113 233255 143143 158158 090102 142146 194194 246252 167175 152158 154154 083083 124132 165175 138142 260262 148150 129129 155159 091091 148150 180180 110110 172172 085089 165169 089091 161167 228228 114128 102102 095095 181181 205215 158158 149153
HZ_186, 091093 136136 179187 253269 103103 135147 093093 129129 189191 232232 087089 158158 113113 225229 143143 158158 090090 138146 194194 246246 167177 152166 154160 081085 124124 175175 142142 260262 146148 125129 155159 091092 146150 184198 110112 166172 085095 161161 089089 167167 238238 132132 102102 101103 181181 205205 142166 151151
HZ_500, 089089 136138 187187 253253 103103 141141 097103 129129 191191 232238 087091 158161 113115 227229 143143 156158 090102 140142 190194 252252 167173 146154 154160 083083 124132 183183 142142 260260 140150 125129 155155 091092 150150 180180 106112 172176 089089 161173 089089 167167 228236 128130 102102 095101 181181 205205 144166 145153
Pop                                                
MBS_144, 089093 134136 179179 253269 103103 135145 097103 141143 191195 238252 087087 158161 113113 229231 143143 156158 090102 140150 190194 246246 167177 146152 154156 081081 124132 165175 138142 260262 150150 129129 157157 091091 146146 192196 106110 172176 085089 161165 085089 167167 228240 130130 104104 095095 191191 205211 142166 145153
MBS_145, 091091 136142 179181 253253 103103 141147 089103 129143 195195 232238 087089 158160 113115 229231 143145 158158 090102 127140 194194 246250 171175 158166 154154 081083 124124 165175 142150 262262 146150 127129 155155 091092 150154 192196 106110 170170 081081 161173 091093 167167 228228 130130 094104 095101 181191 205205 162164 149149
MBS_146, 089091 136138 179187 253253 103103 141141 093103 129143 191191 238238 087089 162162 108113 229231 145145 156156 090090 140140 190194 252252 167175 152152 154154 083083 124132 183183 142148 256260 140146 129129 155157 091091 146150 180180 106112 170176 089095 173173 089091 167167 228236 114132 102104 101103 181191 201207 142158 149153
MBS_147, 089091 136142 179181 253253 103103 141145 085085 129129 189195 232238 087089 147162 108113 231231 143143 158158 090090 127140 194194 252252 173175 152152 154154 081083 124132 165175 148150 262262 140140 125127 157159 092092 150154 184184 112112 170176 089089 161165 085091 167167 228238 120130 102104 101103 181191 205207 158158 151151
MBS_148, 091091 136138 179179 253253 103103 145145 097103 129129 191191 232238 087089 161161 113115 227229 143143 156156 090090 127138 194200 246252 165165 152164 154154 081083 124132 165175 148148 260260 150150 129129 155159 091094 150150 192192 110112 170172 083089 161165 085093 167167 228238 128128 100104 101101 181191 205205 164166 151153
MBS_149, 089091 134134 179179 241253 103104 145145 083103 129129 189191 238254 087089 158162 113115 225231 143143 156158 090102 127140 190194 246254 165175 146152 154154 077081 124132 175183 142148 262262 148150 129129 155155 091092 146148 180192 106108 170176 085089 173173 085087 167167 238238 130132 096102 103103 191191 211211 142142 145149
MBS_150, 091091 136142 179187 241253 103105 135145 103103 129129 189195 232238 087087 158160 115115 229231 143143 156158 090102 127140 190194 252254 171173 152158 154160 081083 132132 175183 142142 260262 146150 125129 157157 091091 146150 180184 106110 170172 089089 161165 085091 167167 228228 118130 102104 095101 181191 205215 162168 145151
MBS_151, 089091 134136 179181 253253 103105 141145 093103 141143 189191 252252 087089 158161 115115 225231 143143 158158 102102 127127 190194 246252 167175 152152 144154 077083 124124 165183 142148 260262 140150 125129 157157 091091 146150 180192 106112 166170 083089 173173 081089 167167 228238 130134 102104 103103 181181 205215 142166 151153
MBS_152, 091093 134138 179181 253253 103103 145145 103103 129143 191195 238252 087087 147158 108115 229231 143143 156160 090090 127140 194194 252252 167173 146152 154154 083083 124132 165183 148148 260260 150150 125129 155157 091091 146150 190192 090106 170176 081089 173173 091093 161167 224238 132134 098102 095095 181191 205211 142158 151151
MBS_153, 089089 134138 179181 253253 103103 135141 103103 141143 191191 238252 087089 158158 108115 231231 143143 158160 090102 127140 190194 246252 177177 152152 144144 083083 124132 183183 142142 262262 150150 125129 155159 091092 150154 180180 110110 170170 085085 161173 081085 167167 238238 114134 102102 095101 181181 205215 142164 145151
MBS_154, 089089 134134 179179 269269 103103 135141 103103 129143 191191 232238 089089 158162 113115 229231 143143 156160 090090 127140 188194 252252 167173 152166 160160 083083 124132 183183 142148 256260 146150 125129 155159 091092 146150 180180 106106 172172 089089 165173 081089 161167 238238 128134 094104 103103 181191 211215 142166 145145
MBS_155, 089089 136136 179179 253253 103103 141147 103103 129143 189191 238238 087089 143158 108113 231231 143143 156156 090090 140148 188194 250252 165173 146152 154154 081083 124132 165175 142148 260260 146150 125129 155157 091094 146150 180196 110110 170176 085089 173173 089093 167167 240240 114114 102102 101103 181191 211215 142164 149151
MBS_156, 089091 134134 179187 241269 103105 135145 091103 143143 189195 238252 087089 147147 113113 229231 143143 154158 090102 127127 190194 252254 167167 152162 154154 083083 124132 165165 142150 262262 140140 123129 155157 091092 146146 184196 112112 170176 089089 161173 081089 167167 224228 130134 102104 095103 191191 205205 142156 151151
MBS_157, 089089 134134 179179 253253 103103 141145 093103 129143 189191 232238 087087 160162 115115 229231 143145 156160 090090 127146 194194 246246 167173 152152 144154 081083 122124 165183 142142 256260 146150 129129 155157 091091 150150 184190 090106 170176 083089 161173 087091 167167 224238 130130 102102 095095 181191 205205 158166 151151
MBS_158, 091091 136136 175179 253269 103103 141145 103103 129129 191195 238238 087089 158158 113113 231231 143143 154156 090090 127146 194194 252252 163173 152166 154156 077085 124124 175175 142142 262262 148150 125127 155159 091091 146150 180196 110110 170170 081089 161161 087091 167167 228228 119132 098104 101103 181181 205211 142166 149151
MBS_159, 089089 136136 175187 253269 103103 135141 093097 129141 195195 238238 087087 158162 115115 225231 143143 156156 090090 127140 194194 250252 165177 146152 154154 081083 124124 165175 148150 262262 148150 123125 155157 091094 146146 184192 106110 166176 089089 161173 091091 167167 238238 114134 104104 101103 191191 205207 158166 145153
MBS_160, 089091 136136 181187 253269 103105 141141 103103 129129 189191 232232 087087 162162 115115 229231 143143 158160 090102 127127 194194 246252 165177 152166 144154 081083 124132 165165 142142 262262 140150 125125 155159 091094 146154 180184 110112 176176 089089 161165 085091 161167 224224 130132 102102 095101 181191 211215 158168 145153
MBS_161, 089091 136136 175181 253253 103103 135145 093103 129143 191195 238254 087087 158162 108115 229231 143143 156156 090090 127138 190194 250252 167175 152166 144156 083083 132132 175183 142142 262262 140148 125125 155159 091094 150150 180180 106112 170176 089089 161173 085089 167167 228238 114130 102104 095101 191191 207211 166168 145153
MBS_162, 089091 134138 179181 253253 103103 141145 097103 141143 189191 238252 087087 158161 113115 225231 143143 158158 090090 138146 194194 252252 175175 146152 154154 077083 124124 165165 148148 262262 146150 125129 155157 091092 146150 192192 106110 172176 085085 161173 081085 167167 228236 130132 098104 101103 181181 211211 142162 149153
MBS_163, 091091 136138 179181 253253 103103 135141 091103 141141 189195 252254 087087 162162 113113 227231 143143 156156 090090 138140 194194 244252 165165 146152 154156 077083 124124 165165 148148 262262 146150 125129 155157 091094 146146 184192 106110 174176 081089 161173 089091 167167 238238 132134 100102 097101 181191 205205 158168 145153
MBS_164, 089091 136136 181181 253253 103103 141141 089103 129129 191195 238238 087089 147158 108115 227229 143143 158158 102102 140140 194194 246254 167175 146146 154154 081083 122132 165165 142142 260262 146150 129129 155157 091094 150150 180180 108108 170174 089089 161173 085089 167167 228238 114130 098098 101103 181187 207211 162168 149151
MBS_501, 089091 134134 179179 241253 103103 135141 103103 129141 189191 232232 087089 158161 113113 229231 143143 156158 090090 140146 190194 252254 173177 152152 154154 077083 124124 175181 142148 256262 146150 125125 155159 091092 146146 184184 106110 172172 081089 173173 091091 167167 224238 130134 096102 103103 181191 205211 162166 149151
MBS_502, 089089 134138 179181 253269 103105 141145 103103 129143 189191 232252 087087 161162 108113 231231 143143 158158 090090 127140 190190 246250 167177 146152 154156 081085 124124 165175 142148 260260 140150 125125 155159 091095 150150 180184 106108 170176 089089 161173 087091 167167 228238 114130 102104 095099 191191 205211 142158 145145
MBS_503, 091093 136136 179181 241253 103103 135135 103103 129143 189195 232238 087087 161162 108115 231231 143143 156156 090090 127148 194200 252252 173175 146152 144154 083083 124132 165183 148148 262262 140150 123129 155155 092094 150150 180196 110110 170176 081089 173173 081085 167167 238238 134134 092102 101103 181181 205205 142158 145145
MBS_504, 089089 134136 181187 253269 103103 145145 097103 129129 195195 238238 087087 162162 108115 227229 143143 158158 090090 140148 194194 252252 167175 152152 154154 083083 122124 165175 142142 256262 146150 125129 155155 091092 146150 180180 106110 170176 081081 165173 081089 167167 236238 130132 092104 101101 177181 211211 142162 145145
MBS_505, 089089 136136 179187 253253 103105 145145 089103 143143 189195 232238 089089 162162 113115 229229 143143 158158 090090 127127 190194 246252 165173 152166 154154 083085 122124 175183 142142 260262 140150 123129 157159 091094 146150 180180 106110 174176 089089 165173 087089 167167 238238 130130 096098 101103 181191 205211 142168 151153
MBS_506, 091091 134142 181187 241253 103103 141141 085103 129143 195195 238252 087087 147162 115115 231231 143143 156160 090102 140140 190194 246252 175177 146146 154160 083085 124124 183183 142150 262262 146146 125129 155155 091092 150150 184192 106110 166176 081089 165173 091091 167167 228238 114114 102102 095101 181191 211215 142142 151153
MBS_507, 091091 134136 179179 253269 103103 135135 083103 129143 195195 238252 087087 161161 115115 231231 143143 156156 090090 127140 188200 252252 177177 164166 144154 081083 124124 175183 142148 262262 146148 125125 157159 091091 150150 180184 106112 170170 085089 165165 087089 167167 228240 130130 102104 095101 181191 211215 142158 153153
MBS_508, 089093 134136 181185 241269 103105 145145 093093 129129 189195 238238 087087 143147 115115 231231 143143 158158 090102 127127 194200 246252 167175 152162 144154 077083 124124 165175 142142 262262 140146 127129 155155 092094 150154 180196 106112 170176 083089 165165 085085 167167 236238 130130 092092 095103 181191 205215 158168 151151
MBS_509, 089093 136142 179187 253253 103103 141145 093097 143143 191191 232238 087087 158160 108115 227229 143143 156158 090102 127127 188194 252252 167177 152152 154154 083083 122124 165183 142148 262262 148150 123129 155155 091091 146150 184192 106112 170176 081089 161173 081089 167167 228240 130132 102102 095101 181181 205205 142158 151153
MBS_510, 091091 136136 181181 241253 103103 135145 097103 129143 191195 238238 087087 158158 113113 231231 143143 158158 090102 140140 190194 246252 165175 146158 156156 081083 124132 165165 142142 260262 146150 125129 155155 091092 146146 184196 106112 170170 081089 173173 081085 167167 228236 114130 098102 101103 181191 211211 142168 151153
MBS_511, 089091 134138 175179 241253 103103 141145 093103 129143 195195 232252 087087 158162 115115 229229 143143 156158 090090 127146 194194 252252 167167 146152 144156 083083 124124 175175 142148 260260 146150 125127 155157 091094 150150 192196 110112 170170 085089 161165 081091 167167 224228 130130 092104 099101 181191 205211 142142 151153
MBS_512, 091091 134136 179187 253269 103105 135141 091103 129143 189195 238250 087087 158162 108115 229231 143143 156160 090090 127140 194194 246246 175175 146152 154156 081081 122124 175175 142150 260262 140150 123127 155159 091091 146150 180180 106110 170170 089089 165173 089091 167167 224238 130132 102102 101101 181181 211215 158166 145153
MBS_513, 091091 136136 185187 253269 103103 135135 083093 129129 191191 232238 087087 161162 113115 229231 143143 158160 090102 140140 194194 246252 165167 152166 154156 083083 124132 175183 148148 260262 140150 127129 155159 091094 146150 180196 106112 176176 089089 161173 081089 167167 224238 130132 102104 095103 191191 205207 142162 145151
MBS_514, 091091 138138 179181 241269 103103 141147 103103 129143 191195 238238 087089 147162 113113 227231 143143 156160 090102 127127 190194 246252 177177 158166 154154 083083 124124 165165 142150 260260 140150 125129 155159 091094 146154 180184 106106 170176 085089 161173 081087 167167 224238 130130 102104 101101 181191 205205 162168 145145
MBS_515, 089091 136136 179181 241253 103104 135145 103103 129143 191191 238238 087089 158161 113115 229229 143143 156158 090090 127138 190194 246252 167173 146152 154154 081083 122132 165175 142148 260262 148150 123125 157157 091091 148150 180184 110112 170176 081089 161165 085091 167167 224228 130132 102102 095101 181181 205211 142142 145153
MBS_516, 091091 134136 181181 253253 103103 145145 091103 129143 195195 238238 087087 147162 113115 229231 143143 154156 090090 127140 190194 252252 175175 152152 154154 083083 124124 165183 142142 260262 146150 127129 157159 091094 148150 180196 112112 170172 085089 161173 081089 167167 236238 114130 092102 095101 181181 205205 142162 145145
MBS_517, 089091 136136 175179 241269 103105 141145 097103 143143 189191 238252 087089 147147 115115 227231 143143 156160 090090 127140 190194 246246 167175 150152 154154 081083 122124 165181 142150 262262 140146 129129 155157 091091 150150 184192 110110 172174 083095 161173 081089 167167 228238 130132 098104 099101 181191 211211 142168 145153
MBS_518, 089091 136138 179187 241253 103103 135145 093103 129129 191195 238238 087087 147161 108113 225231 143145 158160 090102 127140 190200 246252 173175 150152 154160 081083 122132 175175 142142 260262 148150 125129 157157 091091 148150 180184 110112 166172 081089 173173 081089 167167 228228 114130 102104 099101 191191 205211 158168 145145
MBS_519, 089089 134136 187187 253253 103103 141141 091103 129143 189191 238238 087087 158162 115115 229231 143143 158160 090102 140140 190194 246254 165173 146158 154160 081083 132132 183183 142148 260262 146148 125129 155157 091094 150150 184192 106106 170174 089095 161173 081091 167167 224236 130130 102104 101103 181191 205211 142158 151151
MBS_520, 089091 134136 181187 253253 103103 135141 093103 129129 191195 238252 087087 158161 115115 225229 143143 154160 090090 127140 190194 252252 165173 146152 144144 081083 124132 165175 142142 260262 146150 125127 155159 091094 146146 184192 110112 170172 085089 161161 085085 161167 228238 114130 092092 095103 181191 205215 162168 151153
MBS_521, 089091 136142 181181 253253 103105 145145 085093 129129 189191 252252 087089 147160 115115 233233 143143 158158 090090 140146 194194 246252 173175 152152 154154 083085 122124 175183 142148 262262 146150 129129 155159 091091 150154 180180 106110 166172 081089 161165 085091 167167 238238 118134 102102 101101 181191 205207 142162 145151
MBS_522, 093093 136142 175185 241241 103105 135137 091103 129149 189189 238238 087087 160165 108113 223231 143143 156156 090100 127140 194194 246246 159175 146162 144154 083085 124124 179179 148148 260262 140152 131131 151155 091095 146148 184196 106110 170174 083095 165165 087089 167167 228228 130134 092098 095099 179191 205205 168168 143149
MBS_523, 089091 134136 181181 253269 103103 141141 103103 129143 195195 232238 087089 147160 113113 227229 143145 158158 090090 140140 188194 246252 165175 146146 154154 081083 122124 165183 142148 260262 146150 127129 157157 091094 150150 180184 110112 172174 089089 161161 085089 167167 228228 114114 098104 101103 181181 205207 162162 145151
MBS_524, 089091 134134 179179 253269 103105 145145 083103 129129 191191 238254 087089 147158 113115 229231 143143 158158 090090 127138 188190 252252 167173 152152 154160 081081 124124 175175 142142 262262 146148 125127 157157 091094 146150 184184 110110 170176 089089 161165 085091 167167 228238 128130 092096 095101 181191 211215 166168 151151
MBS_525, 089091 136136 179181 253253 103103 135141 085103 143143 189191 238252 087087 158162 113115 227231 143143 156156 090090 127148 190190 252252 173175 146152 154154 081081 124132 175183 142150 260262 150150 125129 155159 091091 146150 180184 106110 170170 081089 161161 081091 167167 236238 114114 098102 099103 181191 205207 162162 151151
MBS_526, 089091 136142 179181 253269 103103 141141 093103 143143 191191 238238 087087 161162 108115 227229 143143 156160 090090 140146 194194 246252 173175 146152 156156 083085 124124 175183 142142 262262 140150 123127 155157 091091 148150 180184 106112 170172 089095 173173 085091 167167 228238 130132 092102 095101 181181 205205 142162 145145
MBS_527, 089089 134134 179187 253269 103103 141145 089093 129143 191195 232252 087089 158162 113115 227231 143143 156158 090102 127148 190194 252252 173177 152164 144154 081083 124132 165165 142148 260262 150150 125127 155157 091094 146150 184192 106112 170176 089089 161165 091091 167167 228238 130130 102102 095103 181191 205215 158164 145149
MBS_528, 091091 136136 179181 241253 103103 141145 103103 129141 191195 232238 087089 160161 113115 227229 143143 156156 090090 127127 194200 246252 165173 146164 144154 083083 124124 175183 142148 260262 150150 129129 155157 091094 150150 192192 112112 170172 083085 161165 085091 167167 228228 128130 092102 095101 181191 205205 142166 151151
MBS_529, 091093 134136 179181 241253 103103 141145 093103 129141 191191 238252 087087 158161 113115 229231 143143 156160 090102 127127 194194 252252 165175 152152 144154 083083 124124 165183 142150 260262 146150 129129 155157 092092 146154 180180 090112 170170 083095 165173 081087 167167 228236 130130 092102 101103 181191 211215 158168 145151
MBS_530, 091091 136138 181187 253253 103103 135141 103103 129129 191191 238238 087087 158160 113115 229231 143143 154158 088090 127127 194194 252254 175177 146152 154154 083083 122124 165183 142150 260262 150150 125129 159159 091094 146150 180184 106110 170176 085089 161173 085089 167167 236238 128132 104104 101103 181191 211211 142158 145149
MBS_531, 089091 136138 179181 253253 103103 141141 089103 129143 191191 238238 087087 147161 113113 229231 143143 158158 090090 127140 190194 252252 165167 146152 154154 083083 122124 165183 148148 260262 146150 125129 155157 092094 146150 180180 106106 170174 085095 173173 089091 167167 228236 130134 098104 101103 181181 201205 158162 145145
MBS_532, 091091 136136 179185 253269 103103 141145 093103 129129 189195 238252 089089 158161 108113 229231 143143 158158 090102 127127 190194 252252 165177 150152 154156 081083 124124 165183 142148 262262 140150 125129 155157 091094 150150 184192 106112 170174 081081 161161 085085 167167 228236 132134 102104 101103 181191 215215 142166 145145
MBS_533, 091091 134136 179181 241253 103103 135141 093103 129143 195195 238238 087087 161162 108108 227231 143143 158158 090090 127140 190194 252254 173175 146158 144154 081083 122124 175175 142142 260262 140140 123127 157159 091091 148150 180184 106108 170170 089089 165173 089089 167167 224238 130132 092098 095095 181191 205211 162168 145145
MBS_534, 089091 136142 179187 241253 103105 135141 103103 129141 191191 238254 087089 160162 113115 231231 143143 156158 090102 138140 190194 246252 167173 146146 144154 083083 124124 165183 142148 256262 146150 129129 155155 091091 146150 180180 110110 170176 089095 165173 085091 167167 236238 134134 102102 103103 181191 205211 164168 145151
MBS_535, 089091 134136 179187 253253 103105 145145 093103 129129 195195 238254 087089 160160 113113 229233 143143 156158 090090 127140 194194 246246 165167 146152 154154 083085 124132 165175 142142 260262 146150 125129 159159 091091 150150 180192 110110 170176 089089 161173 085089 161167 228228 130130 092098 095103 181181 205205 158166 145151
MBS_536, 091093 136140 179179 253253 103105 135145 103103 129143 191195 238238 087087 143162 113115 225231 143143 158158 090102 127150 188194 252252 165175 166166 144154 081083 132132 175183 142142 260262 140140 129129 157159 091094 146150 184192 106110 170170 089089 161165 085089 167167 228228 114130 096102 101101 181181 207211 142142 151153
MBS_537, 091091 136136 181187 241253 103103 135141 093097 143145 189195 252254 087087 147162 108115 231231 143143 156158 090090 138140 190194 246252 173175 146146 144154 081083 124124 175183 142142 260260 140150 127129 155155 091092 146146 180180 108112 170176 081089 161161 085089 167167 224238 132134 102102 099103 181191 205211 158158 145151
MBS_538, 089091 134136 181181 253253 103103 141147 103103 129143 189195 238252 087089 147162 108108 229231 143143 158158 090090 140140 194194 252252 165177 152152 144154 081083 124124 165183 142142 262262 146146 127129 155157 091092 146154 180196 106112 170170 089095 161165 085091 167167 228238 114134 092104 101101 181191 205205 142168 145149
MBS_539, 091091 134136 179181 241269 103103 135145 097103 129129 189191 238238 087087 158161 113113 227231 143143 154158 090090 140140 190194 246252 165175 146166 154156 083083 124124 175183 142142 262262 150150 123125 157159 091094 148150 180180 110112 170170 089089 165173 087089 167167 224228 130132 102104 095101 181191 201205 142158 145151
MBS_540, 089089 136136 179179 253253 103103 147147 093103 129143 191191 232232 087087 160161 113113 227229 143143 158158 090090 146146 188194 252252 175175 146152 154154 083085 122122 183183 142148 256262 150150 129129 155157 091091 150150 196196 106106 170176 085085 161161 081089 161167 238240 130134 104104 101103 181191 205205 164164 151153
MBS_541, 089089 134142 187187 241269 103103 141141 085085 143143 191195 232252 087089 158160 115115 229231 143143 160160 090090 127140 194194 246252 167175 152158 154156 081083 122124 181183 142142 260262 140148 123129 155155 091091 146150 180184 110110 170172 089089 161173 091091 167167 228238 130134 102102 095103 177181 207215 158158 145151
MBS_542, 089089 134138 179181 253269 103103 145147 093097 141143 189191 238238 087089 158161 113115 229231 143145 156158 088090 127140 194194 252252 167177 146166 154154 083083 132132 175183 142148 260262 146146 125129 155155 091091 146150 180196 106110 170174 083095 165173 089091 167167 236238 130130 098104 101103 181191 207211 142164 151153
MBS_543, 089091 136136 179179 253269 103103 141145 103103 129129 191191 232238 087087 158158 113115 229231 143145 156158 090090 127140 194194 252252 167167 152166 144154 081083 124132 165175 142150 256260 140148 125129 155159 091091 150154 180190 106112 172176 089095 161161 085089 167167 238238 130132 098102 095103 181191 211215 142158 145151
MBS_544, 089091 136136 179181 241253 103105 135141 097103 129143 195195 232238 087087 161162 108115 225229 143145 154158 090090 138140 190190 254254 175175 152152 154154 083083 124124 165183 142150 260262 150150 129129 155157 091094 150150 180184 110112 172176 089089 173173 091091 167167 228228 130134 102104 095103 181191 205211 142142 151153
MBS_545, 091091 136138 179179 253269 103103 135141 093103 129129 189191 238254 087087 147162 108108 227229 143145 158158 090090 127140 188194 252252 165175 152164 144154 081083 132132 183183 142148 260262 140150 123129 155155 091094 148154 180184 106110 170170 081095 173173 087089 167167 224228 130130 104104 103103 181181 205211 142158 145151
MBS_546, 091091 138142 179179 253269 105105 141145 093103 143143 191195 238238 087087 161161 113115 229229 143143 156158 090090 127140 190194 252252 167173 146146 154154 081085 124132 165183 138142 260262 150150 123123 155159 091091 146150 180184 106110 170170 089089 165173 089091 167167 224228 128132 098104 101103 181191 205211 142142 149151
MBS_547, 089091 136136 181181 253253 103103 141145 103103 129129 195195 238238 087089 162162 113115 227229 143143 158160 090102 140150 194200 246252 167173 158166 154156 081083 124124 165165 142148 262262 140148 127127 155157 091091 146150 192192 112112 170170 083085 161173 081085 167167 228238 114130 102104 099101 181181 201205 142166 145153
MBS_548, 089089 134136 179181 241253 103103 141141 103103 129143 189195 238238 087089 158162 115115 225231 143143 156160 090090 127127 190194 252252 173173 146146 144154 083083 124132 165175 142148 260260 140140 125129 157159 091092 148148 180180 106110 170174 089095 161173 085091 167167 236238 114132 096104 101101 181191 205211 142158 149151
MBS_549, 089091 134136 179179 241253 103103 135145 085103 129143 191191 232238 087089 161161 108115 229231 143143 154158 090090 140146 190194 252252 175175 152152 144156 081083 132132 183183 142142 262262 140146 127129 157157 091094 146148 184192 106112 170174 089089 161173 085091 167167 236236 130132 092104 101103 191191 201205 158162 145151
MBS_550, 089091 136142 179179 253269 103103 135141 103103 129129 195195 238252 087087 158158 108115 231231 143143 156160 090090 146148 194194 252252 165167 152152 144154 083083 124132 175183 142148 262262 146150 125129 159159 091092 150150 180184 110110 170170 089089 161165 081089 167167 224238 130132 102104 095103 191191 205215 162168 151151
MBS_551, 091091 136142 179187 253253 103105 141145 103103 143143 191191 238254 087087 162162 113113 229229 143145 156158 090102 140140 194194 246252 167175 152158 154154 081083 124132 165175 148148 260262 150150 125127 157157 091091 146150 180180 112112 166170 081083 161165 085091 167167 224228 130130 098102 101103 181191 205211 158162 145151
MBS_552, 089091 136136 181187 241269 103103 141141 091103 141143 191191 238254 087087 158162 113113 227229 143143 156158 090090 140140 190190 246254 165167 146146 154154 081083 124132 165175 142148 262262 146146 123123 155157 092094 146148 180184 106110 170176 089089 161173 085091 167167 238238 128130 102102 101103 181181 207211 142142 149151
MBS_553, 091091 136138 179187 253269 103105 145145 103103 129143 189195 238238 087089 162162 113115 229231 143143 156158 090090 140146 194194 252252 167175 146164 154154 081083 124132 175181 142142 260262 146146 123125 155159 091092 146150 180192 110112 170170 083089 165173 085089 167167 238238 130132 092104 099101 177191 201205 142158 145151
MBS_554, 089091 134136 179179 253253 103103 135147 085103 129129 191195 252252 087087 147161 113115 227233 143143 158158 090090 138140 194194 246254 165175 146164 154154 083083 122124 175183 142150 260262 150150 125129 157159 091091 148150 184196 106112 170170 089089 161173 081091 167167 238238 114132 102104 101103 181191 205207 158158 145153
MBS_555, 091091 134134 179179 253253 103103 145145 103103 141141 189191 232252 087087 158162 113115 231231 143145 156156 090102 140140 194194 250252 167173 146152 154156 083083 132132 165183 142142 256262 150150 129129 155157 091092 150150 180184 090110 176176 089095 161165 081085 161167 228228 130132 102104 103103 181191 205211 158164 145153
MBS_556, 089091 134134 179181 269269 103103 141147 093103 129143 191191 238238 087087 158162 108115 227229 143143 156158 090090 140140 194200 252252 167175 146166 154156 083083 122124 183183 142142 256262 140150 127129 155155 091091 148150 184190 106112 170172 089089 165173 085089 167167 000000 130132 102104 095101 181181 205205 158162 145149
MBS_557, 089091 136136 181187 253271 103103 135145 093103 143143 191195 238238 087089 162162 113115 227231 143143 158158 090090 140140 190194 252252 173177 152152 154156 077085 124124 165175 142148 262262 140150 127129 157159 092094 148150 180196 110110 170176 089089 173173 085085 167167 228238 128130 096098 095101 181191 205205 162166 145145
MBS_558, 089089 134134 179179 253269 104105 141141 103103 129143 191195 238238 087089 158162 113113 227227 143143 154158 090090 127127 194194 252252 165173 152152 154160 081083 124124 165175 142148 262262 140146 125129 157157 091092 150154 180180 108110 170176 089095 173173 087091 167167 238238 130134 102104 101101 191191 201205 142142 149151
Pop                                                
RL_035, 089089 136136 185187 241253 103103 135147 093097 129143 189191 232254 087089 160160 113115 229231 133143 156158 090102 127150 194194 246252 163163 146158 154154 083083 124132 175183 142142 256260 146150 125125 151155 091095 150150 180180 108112 170172 085089 161173 081087 167167 236236 130132 102102 095103 181181 207207 158158 153153
RL_066, 089089 136138 187191 247253 103103 135141 083093 129129 189191 238254 087091 160160 113115 231231 133143 156156 090090 127148 194202 246246 163167 146156 144160 083083 124132 183183 142142 256262 146150 123125 151155 092095 146150 180180 096112 170170 089089 161173 087091 167167 236236 130132 102104 103103 181181 205215 158158 145149
RL_187, 089091 134138 185191 247247 103103 135145 097097 129143 189189 232232 087089 160160 108113 225229 133143 156160 090102 148150 194202 246252 163173 146152 154160 083083 122132 175175 142142 260262 140146 129129 151155 095095 146146 180184 106110 170172 085089 161161 087091 161167 240240 118130 102102 095103 181181 205207 142158 145145
RL_188, 089091 134136 185187 247253 103103 145147 093103 129129 191191 238254 087087 160162 108113 225225 143143 156160 090090 148150 190194 252252 173175 146156 144154 083083 124132 175175 142142 260262 146148 123129 155155 095095 150150 180184 106108 170172 085089 161173 085087 161167 228238 128130 102104 095103 181181 205211 142144 145145
RL_189, 089089 134136 185185 247253 103103 135145 103103 129129 189191 254254 089091 160162 113115 229231 143143 158160 090102 150150 188194 250252 163177 156162 154160 077083 132132 183183 142150 260262 146148 129129 155155 092095 146150 180180 106106 170172 089089 173173 085085 167167 228240 130130 098102 095101 181191 207211 142158 145145
RL_190, 091093 134134 181187 241247 103103 135145 093103 129129 189189 238254 087087 158160 115115 229229 143143 154158 090102 146150 194202 252252 163167 156156 144160 083083 124132 183183 142148 260262 140150 129129 155155 091092 150150 180180 106106 172172 085089 161165 081087 161167 236236 130132 102104 095101 181181 205211 142166 145145
RL_191, 091093 134138 185191 253253 103103 141145 093103 129143 189191 248254 083087 160162 113115 225225 143147 158158 090102 140150 194194 252254 163177 146158 144144 083083 124124 175183 142150 262262 146150 123129 151155 092092 150150 180198 106108 172172 083089 161161 089091 167167 236240 118118 102104 103103 181181 205205 142166 145149
RL_197, 089091 134136 187191 253269 103103 135145 093103 129143 189195 232238 089089 160160 113115 229231 133143 156158 090102 148150 190194 246252 163167 152152 144160 083083 132132 175183 142142 256262 140140 125125 151155 092095 150150 180180 106106 170172 085089 173173 085091 167167 236240 118132 102102 095095 181181 205211 166166 145145
RL_198, 089089 134136 181185 247253 103103 135147 091097 129143 189189 238254 087091 158160 115115 231231 143143 154158 090102 148150 194194 250252 175177 152152 144154 083083 124132 183183 142150 260260 146150 129129 155155 095095 146146 180180 096106 170170 085089 165173 087087 167167 236236 130130 102102 103103 181181 211215 142166 145145
RL_199, 091091 136138 187191 253269 103103 135141 097103 141149 189191 238252 087087 160160 115115 229231 143143 156158 102102 127150 188194 252252 161175 150150 144144 083083 124124 175183 142142 262262 146146 129129 151157 095095 150150 180198 106112 170172 085089 173173 087091 167167 228236 118132 100104 095103 181181 207207 158168 145145
RL_200, 089091 136136 187191 253269 103103 135145 097097 129129 189191 238254 087089 160162 113113 229231 143143 156156 090102 140148 188202 252252 173173 156162 144144 083083 132132 165183 142148 260262 146150 129129 151155 095095 150150 180192 106106 172172 089089 161161 089091 167167 236236 130130 104104 095097 181181 207207 142166 149149
RL_201, 089091 136136 185187 241253 103103 135141 097103 127141 189191 232238 087089 160162 113113 229231 143143 156156 090102 127146 194202 246252 163177 146152 154160 083083 124124 175183 142148 262262 150150 125129 155155 092092 150150 180180 106106 170170 089089 173173 085085 167167 228236 132132 104104 095103 181181 207211 158166 145149
RL_202, 091091 134136 187187 247253 102102 135145 091093 129143 189191 252254 087087 160160 113115 225229 143143 158158 090102 146150 194194 246254 163167 146162 144160 083083 132132 183183 142142 256262 140146 125129 155155 092092 150150 180180 106106 170170 089089 161173 081081 161167 236236 130132 102102 101101 181181 205205 168168 145149
RL_203, 089091 134136 175187 247253 103103 135137 091103 129143 189189 254254 087087 160160 115115 225229 143143 158158 090102 142150 194194 246252 163167 146152 154160 081083 132132 183183 142142 260262 140146 125125 155155 092092 146150 180192 106112 170170 085089 161169 081089 167167 228240 130130 098102 101101 181181 205205 142168 145151
RL_204, 089089 136136 191191 241247 102102 135141 083097 129143 191191 232252 089091 162162 113115 229231 143147 158158 090090 146148 194202 246246 167177 152156 144160 083083 124132 183183 142150 262262 146146 123129 151151 092092 146146 180192 096106 172172 089089 161161 081091 167167 236236 132132 102102 103103 181189 205215 158166 145149
RL_205, 089089 136136 187187 247247 103103 135147 091103 129143 191191 232252 087087 160162 113115 229231 143143 156158 090090 127150 194194 246252 163167 152152 144154 083083 132132 183183 142150 256262 148150 125129 151155 092095 146146 180180 106106 170170 089089 173173 085091 167167 236236 118118 098104 095101 181181 207207 142166 145153
RL_206, 089089 134136 187187 247253 103103 135147 091103 129129 191191 232252 087087 160162 113115 229231 143143 156158 090090 148150 190194 252254 163167 152152 144144 083083 132132 183183 142150 262262 146148 129129 151151 091095 146146 180192 106106 170170 089089 161173 085091 167167 228236 118118 098102 095095 181181 207207 142142 145145
RL_207, 089089 134136 187191 247253 103103 135147 097103 129129 191191 232232 087089 160162 113115 229231 143143 154156 090090 148150 188190 252252 167173 152156 144144 083083 124132 165183 142150 260262 146148 129129 151155 092095 146146 180192 106106 170172 089089 161173 085091 167167 236236 118130 102104 095103 181181 207207 142166 145149
RL_208, 089091 134136 187187 247253 103103 135135 097103 141149 189189 232252 087089 160162 113113 231231 143143 158158 090102 127150 188194 252252 163177 152152 144154 083083 124132 175183 142142 256262 146148 129129 155157 092095 146150 180198 106110 170170 089089 173173 085091 167167 228236 132132 102104 095095 181181 207215 158168 145145
Pop                                                
WAB_230, 091099 138138 181187 241249 103103 135145 093093 131143 189189 238254 087087 160160 108113 231233 143145 156158 090090 128140 200202 250250 173177 148150 144144 081083 120124 165179 142148 262262 140150 127129 155155 092092 146150 180180 090110 170170 089091 168173 085087 167167 228228 114130 092102 097103 179181 201205 156168 149149
WAB_231, 091099 138138 187187 253253 103103 135135 091093 129143 189191 238254 087089 143162 108113 227233 143143 156158 090100 128140 194194 250250 177177 152166 144144 081081 120120 165165 142148 262262 140140 127127 151155 091091 150150 180184 106110 168170 089089 168168 087087 161167 228238 114114 092098 099103 181181 201201 162162 145151
WAB_232, 091091 138138 187187 253269 103103 135145 097105 129143 189191 238254 087087 143160 108115 227231 143145 158158 100100 140140 194200 250250 173177 146148 144154 083083 120132 165179 142148 262262 140140 127129 155157 091091 146150 180180 090106 168170 085085 168173 087087 167167 228240 114114 102102 097099 179181 201205 158162 145149
WAB_233, 091099 138138 187187 269269 103103 135145 097097 129143 189191 232254 087087 160160 108113 225231 143143 156158 090100 128140 194194 246250 173177 146152 144144 083083 132132 165165 142148 260262 140140 127129 155155 091095 150150 180180 090106 168168 085085 168173 087087 167167 228228 114118 098098 097099 181181 205205 162164 149149
WAB_234, 091091 138138 187187 239269 103103 135135 093105 129143 189191 238254 087087 160162 113115 227231 143145 156156 090100 140140 194194 250252 175177 148148 144154 083083 120124 179179 142148 262262 140150 127127 155157 091091 146146 180184 090108 170170 089091 168173 085087 167167 228236 114134 096098 097097 179181 201201 156162 145145
WAB_235, 089099 138138 181187 253253 103103 135135 091093 127143 191195 232238 089089 143143 113113 231233 143143 158158 090100 128140 194194 250250 177177 148166 144144 081083 120124 165183 142148 262262 140140 127129 153155 091095 150150 180180 106110 168168 091091 161168 087087 161167 228242 114134 098102 095103 181191 201207 162162 145151
WAB_236, 091091 138138 187187 249269 103103 135135 091105 131143 195195 254254 087087 160160 113113 227231 143145 156158 100100 128128 200202 250250 167177 148148 154154 083083 120132 179183 142148 260262 140140 127129 155155 091091 146150 180180 108108 170170 085085 165168 087087 167167 228242 114134 092102 099099 179181 205211 158158 149149
WAB_237, 091091 138138 187187 239269 103103 135135 093093 128131 189191 254254 087087 160162 108108 227231 145145 156156 090100 128140 194200 250250 173175 152152 144154 083083 120124 179183 142148 260262 140150 127127 155157 091091 146150 180180 090110 168170 089091 173173 087087 167167 238242 114134 096098 099099 179181 211211 156166 145149
WAB_238, 099099 138138 187187 253253 103103 135135 091091 129129 189191 238254 087089 143160 108108 227229 143143 154158 090100 128140 194194 248252 175177 148166 144144 081081 120124 165179 142148 262262 140140 127127 155157 090091 150154 184184 106110 168170 091091 168169 087087 161161 236238 114134 092096 103103 181191 201205 166166 145151
WAB_239, 093099 136138 181187 253269 103103 135135 091097 129131 189191 232232 087087 160162 108113 227231 143143 154156 090090 128128 194194 250250 177177 146152 144144 081081 124124 179183 142148 262262 140140 125129 155157 091091 146150 180180 090106 168170 085091 173173 085091 167167 228236 118134 102104 097097 179179 201201 162168 145149
Pop                                                
WBNPC1_812, 089093 134136 179187 253253 103103 145145 093103 143145 189195 232238 087087 158158 108113 227229 143143 158158 090102 127140 194194 252252 167175 142152 154154 083083 124132 175175 142142 260260 150150 129129 155159 092095 146150 180196 106112 172178 089095 165173 091091 167167 228228 118130 104104 101101 177191 205205 166166 145149
WBNPC1_813, 091093 138140 179187 253253 103103 145145 083083 129143 189189 238238 087091 160162 113115 229233 143143 158158 090100 127148 188194 252252 167167 152152 154154 081081 124132 183185 142148 256262 150150 125129 155155 091095 150150 180192 108110 172174 085085 161165 089089 161167 228238 130134 092104 101103 181191 207211 144158 149151
WBNPC1_814, 089089 134138 179187 253269 103103 135145 093093 141149 195195 238238 087087 158161 113115 229229 143143 158158 088102 138140 188200 252252 167177 152152 154160 081083 124124 175175 138142 260264 146146 123129 155155 091095 146150 180196 106112 172172 083083 165165 085089 167167 228228 128130 102104 103103 177181 205211 142142 145145
WBNPC1_815, 089093 134136 179181 253269 103103 135145 097103 129143 189189 238238 087087 149158 113115 227229 143143 160160 088102 148148 190194 252252 173175 152152 154154 077083 124124 165183 142142 260262 150150 129129 155159 091092 150150 184192 106106 172172 089089 161173 081089 161167 228238 114130 096102 095103 181181 205207 142158 151153
WBNPC1_816, 091091 136140 179187 253253 103103 141141 103103 129149 189195 238252 087087 147170 113115 225227 143143 156158 090090 146150 194194 244252 167167 146158 154160 083085 124132 175183 142142 260260 140140 129129 153157 091092 146150 180184 106108 170172 089089 161169 089089 167167 240240 130130 098102 101103 181191 201211 144158 145149
WBNPC1_817, 089089 134134 181191 253269 103103 141145 083097 129129 189195 238238 087089 158160 108115 227227 143143 158160 090102 138140 194200 246246 167167 152152 144144 081083 124124 165165 142142 260260 140150 129129 155157 091095 146150 180184 090110 170172 085089 173175 085085 161167 228228 128134 102104 101101 181181 205211 142142 145149
WBNPC1_818, 089089 134134 175181 253269 103103 145145 083103 129129 189195 232238 087087 159160 113115 227229 143143 156158 090090 127140 190194 246252 173173 152152 144144 081083 124132 165175 142142 260260 140150 129129 157159 091091 146150 180184 112112 166172 089089 173175 089089 161167 238240 128132 102102 101101 181181 205207 142166 149151
WBNPC1_819, 091093 134136 175185 253269 103103 135145 093097 133143 189189 232232 087087 158170 113115 225227 143143 158160 090090 140140 194194 246252 173177 146152 154156 083083 124124 175183 142148 256260 146150 125129 155155 091095 150150 180180 108110 170170 089089 161173 081089 161167 228238 130130 104104 101101 181181 205205 142158 143151
WBNPC1_820, 089091 136140 179187 241269 103103 145145 093097 129129 189195 232238 087087 147149 113115 229229 143143 152158 090102 148150 194194 252252 167173 146166 154160 077081 132132 165165 142142 256260 148150 129129 157157 091091 146150 192192 110112 172174 089089 161169 089089 167167 238238 114132 102102 095101 177181 201207 156158 153153
WBNPC1_821, 089091 134136 181187 253253 103103 141141 093093 129143 189191 232238 087087 160162 108113 225229 143143 158160 090090 140142 194194 252252 165173 146158 144154 081083 124132 165183 142150 260260 150152 123129 155157 092095 146150 180184 112112 166174 085089 161161 085089 167167 228236 128132 098102 095101 181181 205207 144166 145153
WBNPC1_822, 089091 134138 185187 241253 103103 141145 093103 129143 189189 232232 087089 160162 108113 227229 143143 158160 090090 140146 190194 252254 177177 152158 144154 081083 120132 175179 148150 260262 150150 123129 153157 091091 150150 180192 106108 172174 089089 161169 081089 167167 228238 130132 098104 103103 181191 201205 144168 149151
WBNPC1_823, 091093 134136 179191 253269 103103 135141 103103 129129 191191 238252 087089 158160 108113 227229 143143 156158 090090 127127 200200 246252 173177 142158 156160 077083 124132 165165 138150 260260 146150 129129 155157 091091 150150 180192 106112 166172 089095 161173 085091 167167 228228 128130 104104 101103 181181 205207 142144 145149
WBNPC1_824, 089093 134136 179191 253253 103103 141145 083103 129129 191195 232238 087087 160162 113115 227227 143143 158160 090102 138146 190200 252252 167173 152158 144156 077083 124124 165175 138142 262262 146150 125129 153157 091095 150150 180192 106110 172178 089089 161173 085089 167167 228238 130134 102104 101101 181181 205205 142166 149149
WBNPC1_861, 089091 136136 181181 253269 103105 135141 085093 129143 189189 238238 089089 158162 108115 229231 143143 156158 090100 140150 188200 252252 167167 146158 154156 083085 124132 165183 142142 260262 150150 123125 159159 092092 148150 180196 112112 168170 085089 165173 089089 167167 238238 130134 098104 101103 181191 201211 142166 149151
WBNPC1_862, 089093 136136 179187 265269 103103 135145 103103 129129 191195 238238 087087 154160 113115 229229 143143 158158 090100 127142 188188 250252 173177 146158 154154 081083 124132 165175 142142 260262 150152 125127 155155 091092 146150 184184 106110 170172 085089 161161 087089 167167 228238 130132 098102 095101 191191 205205 142144 149153
WBNPC1_863, 091093 134136 179185 269269 103103 145145 093103 129143 189195 238238 087089 147160 115115 227229 143143 158160 090100 127140 194194 246252 167173 152152 154154 081081 124124 165179 148150 260262 140150 123129 155155 091092 150150 192196 106106 168172 081089 161165 085091 167167 238240 114130 102102 095103 181181 205211 142168 145149
WBNPC1_864, 091093 134136 179181 253253 103105 141145 085101 129129 189189 238252 087089 158162 108115 231231 143147 156158 090100 127150 188188 252252 167173 146146 000000 077083 122124 165183 142142 260262 150150 125129 159159 091092 150150 180196 112112 170172 085089 165169 089089 167167 238238 000000 098104 101101 191191 205211 166166 151151
WBNPC1_865, 089091 134138 179187 247253 103103 135145 085103 129129 189191 238238 087087 158160 113115 225229 143143 156158 090100 140140 188194 246252 167175 152158 144154 083083 132132 165183 142142 262262 150150 125125 155157 091092 150150 192196 106106 168172 089089 161173 089089 167167 238238 130134 102102 101103 191191 202205 166166 145151
WBNPC1_866, 089091 138138 179185 241271 103103 135135 085103 129143 189191 238238 089091 160162 115115 229229 143143 156158 090102 140150 200200 252252 167173 152152 144154 077081 000000 175179 142142 262262 148150 129129 155159 091091 148150 184192 112112 170186 085085 165173 085087 167167 228238 128130 102104 095101 179179 205211 142158 145145
WBNPC1_867, 089089 136138 179181 241253 103103 145145 097103 129143 189191 232238 087087 158158 113115 227229 143143 156156 090100 127140 190194 252252 167173 152166 144154 077083 124132 165181 142148 260262 146150 129131 155157 091092 150150 192192 112112 170172 089089 173173 089089 167167 228228 130134 092104 101101 181191 207211 158168 149149
WBNPC1_868, 089089 136138 179187 241253 103103 145145 089097 143143 189191 238252 087087 161162 115115 227229 000000 158158 090090 140142 194194 246252 173175 152152 154154 083083 124132 165183 142150 260262 140150 123125 155157 091094 146150 180184 108112 168174 085085 161165 081089 167167 238238 114134 102104 095103 179191 205211 142166 145153
WBNPC1_869, 089091 138138 179179 253253 103103 145145 097103 127129 189189 238238 087089 160161 108115 231231 143143 156160 090090 127150 194194 250252 177177 152164 144144 081083 124132 175183 142148 262262 150150 125129 155155 091094 146146 180184 106108 176176 089089 161161 085087 167167 238240 128130 098104 095103 181181 207211 158166 145151
WBNPC1_870, 089093 136136 179181 253253 103103 145145 103103 129143 191191 238238 087087 160162 113115 231231 143143 158158 088102 138140 190200 252252 167167 146152 154154 081083 124126 183183 142148 260260 146150 123123 155155 091092 146154 180196 106108 168170 083089 173173 085089 167167 228228 130130 102104 095103 181191 205211 142166 149153
WBNPC1_871, 089089 136136 179185 253269 103103 145145 093103 129129 191195 232238 087087 147161 115115 229231 143143 158158 090090 140140 188194 246254 167167 152152 154154 081081 124124 179183 142142 260262 150150 129129 153159 091094 146148 180180 106112 168174 083083 167173 081089 161167 240240 114118 092104 095103 181181 205205 144144 149153
Pop                                                
WBNPC2_759, 089091 134136 181181 241271 103104 141141 085103 129149 191191 252254 087087 158160 115115 225227 143147 158158 088090 142150 188194 252252 173173 152152 154156 081083 124132 175175 142148 260262 146146 123129 155157 092092 150150 180180 106106 170178 085089 165173 085089 167167 228238 130130 092104 097103 181181 205211 158166 149153
WBNPC2_793, 089091 136138 187187 253269 103103 145145 103103 129129 191195 232232 087091 160162 115115 227229 143143 158158 090102 127138 188194 252252 165173 146162 144154 083083 124132 165183 142150 260262 146150 125125 153157 094095 150150 180192 106106 172172 083085 161173 085089 167167 228238 128134 102104 095095 181181 205205 158166 149153
WBNPC2_794, 093093 132136 187187 247269 103103 141141 103103 129143 191191 232252 087087 160162 115115 229229 143143 156156 090102 142146 188194 254254 167167 164166 154156 081083 132132 183183 142148 260260 150150 129129 155155 091091 150150 180192 106106 168174 083083 165173 089089 161167 228228 130134 098106 095095 181181 207207 166168 149153
WBNPC2_795, 089093 134136 175179 253269 103103 145145 097097 129143 189189 238238 087089 160160 108108 221227 143143 158158 090102 138140 194194 246252 167175 152158 154160 081083 132136 165175 142142 262264 146150 129131 153155 095095 150150 180192 106112 170172 089095 161173 089091 167167 228228 128130 104104 095101 181191 205207 142158 149149
WBNPC2_796, 089089 140140 187187 253253 103105 141141 093103 129143 189191 238252 087089 158162 115115 225229 143143 158158 090102 127127 188194 252252 175177 152158 144160 081081 122124 183183 142148 260260 150150 123125 153155 091095 146150 192192 106106 172172 089089 161173 087091 167167 238238 122132 102104 095095 181181 205211 142142 145149
WBNPC2_797, 091093 136140 187187 253269 103103 135141 097097 129129 189191 238250 087089 162162 115115 227229 143143 158160 090102 138140 194194 252252 167177 152166 154160 081083 122124 183183 142148 262262 150150 125129 155155 091095 146146 180180 108110 170172 083089 161173 089091 167167 228238 128130 102104 101103 181181 201207 142166 149149
WBNPC2_802, 091091 134136 179187 241247 103105 135145 097103 129129 189191 250254 087089 160160 113115 225229 143143 158158 090090 127140 190194 252252 167173 152152 144156 081083 124132 165183 142150 260262 140150 125129 155155 092094 146148 180192 106112 168178 085095 161165 085087 167167 224228 130130 104104 095101 181191 211215 142142 149151
WBNPC2_803, 089093 134140 185191 253273 103103 135141 097103 129143 191195 252252 087089 158162 113113 225227 143143 156158 090100 127140 194202 252252 163173 152158 154154 081083 122124 165179 142150 258260 140148 129129 155159 095095 146148 184184 106112 170174 089089 161161 085091 167167 238240 118130 098104 101103 181191 205211 142162 149151
WBNPC2_804, 089089 134136 179181 253253 103103 141145 097103 129141 189191 238238 089089 158162 113115 227229 143143 156158 090102 127127 188194 246252 173177 146152 160160 081081 124132 165183 142142 262262 140150 129129 155159 091091 146146 180196 112112 170172 083089 167169 081085 167167 228238 130130 102104 101103 181191 205205 142142 149151
WBNPC2_805, 089089 136138 175187 253269 103103 135135 097103 129129 189189 238250 087087 162162 113115 229231 143143 156158 090100 127142 194202 248252 175177 146152 154154 081081 124132 183183 142148 260260 150150 129129 155155 092095 150150 196196 094110 170170 083085 165165 087091 161167 228240 130130 102104 099101 181191 205211 142142 145149
WBNPC2_806, 089091 136138 179179 241253 103103 141141 089103 129143 189189 232238 087087 162170 113115 227229 143145 158158 090090 127127 190194 252252 167173 146152 144154 083083 124124 175183 150150 260260 150150 125129 157157 091091 146150 180184 106106 176176 089089 169173 089089 165167 238240 130130 098098 101103 181181 205207 142142 149149
WBNPC2_807, 089089 134136 179187 253269 103103 145145 093103 129129 189189 232238 087091 160161 115115 227229 143143 154158 090090 140148 194194 252252 167177 146146 144156 083083 124124 181183 142150 260262 140140 129129 155157 092095 146150 180196 108112 172174 089089 167173 089091 161167 238238 128130 104104 095097 191191 205205 142164 149149
WBNPC2_808, 089089 134136 179181 241247 103103 145145 093103 129143 189191 238250 087087 154160 115115 229229 143143 158158 090104 142142 188194 244246 167173 152152 154156 000000 122124 175183 148150 260262 146148 125129 155155 092095 150150 180180 106112 170176 083089 161165 089089 167167 228238 130132 102104 103103 181181 207211 142168 145151
WBNPC2_809, 089093 138138 179181 253269 103103 135145 083099 129141 191195 232238 087087 160170 113113 229229 143143 158160 090090 127146 194200 252252 173173 150152 154154 081083 124124 165165 142148 260260 146150 129129 155155 091092 150154 192196 108112 172174 085089 161161 089089 167167 228240 130132 092104 095101 181181 205207 158168 145149
WBNPC2_810, 089091 136140 179187 269271 103103 135141 103103 129143 189189 232254 087089 143160 113113 225225 143143 156158 090102 146146 194200 250254 167175 146152 154156 083083 124124 179179 142148 260262 140150 123129 155159 092092 150150 196198 110110 168172 089089 167173 085087 167167 228238 114134 104104 097103 179191 205211 142168 149149
WBNPC2_811, 091093 134136 185187 241249 103103 135145 093093 129129 191191 232238 087087 160162 115115 227229 143143 156158 090100 127148 190194 250252 165173 152158 154154 083083 124126 165179 148150 262262 150150 125125 157159 091091 146150 180192 108112 176178 083085 165173 081085 167167 228238 114130 098104 095101 177181 211215 142158 149153
WBNPC2_837, 089091 134140 181185 247253 103103 135135 089103 129129 189189 232238 089089 158161 108115 229229 143143 154160 090100 138140 194200 246250 167173 146152 156160 077081 124132 175183 142148 256260 146150 129129 155157 091094 148150 196196 108112 170176 083085 165173 089091 167167 228228 130130 096104 095095 181191 205205 158168 145149
WBNPC2_838, 089091 138138 181187 253273 103105 135135 085093 129143 189189 238238 087087 143149 113113 229231 143143 156158 090090 140148 188200 250252 167177 156162 154160 083083 122122 183183 142148 260262 150152 125129 155159 091092 146150 180180 090112 166170 081089 161165 087089 161165 236238 130134 092096 097099 181191 207211 142142 145151
WBNPC2_839, 089089 134134 181185 241271 103103 135145 091103 129143 189191 238254 087087 143162 113115 229231 143143 156158 090100 140146 190194 250252 165167 152166 154156 081083 124132 165179 142142 260262 140150 125129 155157 091091 146150 180192 106106 168170 083083 161173 081091 167167 236240 114134 096104 097099 181191 201205 164168 149153
WBNPC2_840, 089091 134136 179181 253253 103103 135147 089103 129129 195195 252254 087087 158162 110113 229231 143143 156158 088090 127140 198200 250252 173173 152158 154154 083083 122126 165183 142150 262262 140148 127129 155155 092095 146146 184196 106108 170172 083089 161173 091091 161161 238238 130130 096104 101101 181181 207211 168170 151153
WBNPC2_841, 091093 136136 179187 247253 103103 135145 097103 129129 189189 232238 087089 162170 113115 225229 143143 158158 090090 127138 188194 252254 163177 152158 156156 081083 122124 175183 142148 260260 146146 121125 155155 095095 146150 180190 110112 172176 089089 165173 085089 167167 228240 114130 092092 103103 181191 205205 168168 149153
WBNPC2_842, 089093 140140 179179 241253 103103 145145 097103 129143 189189 232232 087087 158162 115115 225229 143143 158158 090090 140148 194194 252252 167167 146158 154154 081083 124124 175179 142150 262262 146150 127129 155159 091095 150150 180184 106110 168170 089089 161165 085089 167167 228240 114130 092092 095101 181191 205211 142142 153153
WBNPC2_843, 089091 134138 179181 241253 103103 135135 093097 141143 191191 238238 087087 160162 108113 227231 143143 156156 090090 127140 194194 252254 165165 150158 144160 081083 124132 165179 142148 260262 140150 125129 159159 091092 146150 184196 106112 170172 089089 173173 085089 161167 238238 130130 102104 101101 181181 207211 162168 149149
WBNPC2_844, 089091 136140 187187 241241 103103 135141 093093 129143 189191 232238 087089 160162 113115 225229 143143 158158 090102 140140 188200 250250 167173 152166 156156 083083 132132 175183 142148 262262 146150 125129 155155 091092 146150 180192 110110 170172 083089 161173 081085 161167 228236 130134 092092 095103 181181 205207 162164 147149
WBNPC2_845, 091091 134136 185187 241253 103105 135145 089097 129149 189191 238238 087087 160162 113113 213229 143143 154156 088090 142148 194194 252252 173177 152152 154156 083083 124124 165165 142148 260260 146150 125129 155155 091092 146150 180184 110112 168168 083089 165173 085089 167167 236238 130130 098104 099103 181191 205211 158170 149149
WBNPC2_846, 089089 136142 175187 241253 103103 135141 097097 129141 191195 238238 087087 154162 108115 229231 143143 156158 100102 142142 194194 252252 167175 146150 154154 081083 124132 175183 148150 256262 140150 125129 155155 091091 146154 180196 106108 170176 089095 173173 089091 167167 228238 118134 104104 101103 181191 205205 142166 145149
WBNPC2_847, 089089 136136 181187 247271 103103 141145 089103 129129 189191 238238 087087 161162 108115 227227 143143 156158 090090 140150 194200 252252 167175 146152 154160 081083 122126 175179 142142 260262 146150 127131 155157 091091 146150 180198 110112 166172 089089 161161 085089 161161 228240 130134 104104 095101 181191 205205 142162 151151
WBNPC2_848, 089091 138138 179185 253269 103103 135145 089103 129143 191195 238238 087087 160160 108115 225231 143143 158158 090102 148150 190194 252252 167177 146158 156160 081081 124124 175181 142142 260262 150150 125129 155155 091091 148150 180180 110112 168168 089089 165167 089089 167167 228238 130134 098102 099103 181191 207211 142142 145153
WBNPC2_849, 089089 134140 187187 253269 103103 135141 093093 129143 189191 238238 085087 158161 115115 229233 143143 154158 090090 140142 194202 252252 173177 152164 154154 081083 124124 165165 142148 260260 146150 123129 155157 091092 150150 180196 110112 168176 083089 161169 085089 161165 228240 114130 092104 101101 181181 205207 158168 143145
WBNPC2_850, 089091 136138 179187 253269 103103 135141 103103 129129 189189 232238 089089 160162 113115 229229 143143 158158 090090 127146 194194 252252 173177 152152 154154 083085 132132 165179 138142 260262 150150 129129 155159 092095 146148 180196 106112 170172 085085 161169 085089 161167 228228 130130 092104 101103 181191 205205 168168 153153
WBNPC2_851, 089089 134138 175187 253269 103103 145145 097103 129143 195195 238250 087089 149160 113113 229231 143145 156158 090090 140140 188194 246254 173175 152158 154154 081083 124124 175179 138142 260262 140148 123129 153155 091095 146154 180180 108112 168170 089089 161161 085089 161167 240240 118134 102104 095103 181191 205211 156168 145149
WBNPC2_852, 089091 136140 175179 247253 103103 135145 089093 129133 189195 238238 087087 160170 113115 227227 143147 158160 088100 140140 194194 252252 167175 152158 154154 081081 124124 183183 138150 262262 140140 129129 151159 091091 150150 180192 106108 170178 089089 161173 085089 161167 228240 130130 096098 101101 191191 205207 164168 145145
WBNPC2_853, 089091 134136 185185 253269 103103 135137 097099 143143 193195 238238 087089 160161 115115 231231 143143 156158 090090 127127 188194 252252 175177 152158 156160 083083 124124 165175 138142 260262 146150 127129 155155 091091 146150 184196 090108 168172 085085 161173 085091 161161 228228 118132 092098 101103 181191 207211 142164 149153
WBNPC2_854, 089091 136138 179187 253253 103103 141145 103103 129129 191195 238238 087087 160160 115115 229229 143143 156158 090100 140142 188194 244252 167173 146156 154154 083083 124132 165175 142142 260262 140150 129129 159159 091095 146150 180196 106106 174174 085089 161165 089091 161167 228228 130134 102102 095095 181181 205211 142162 151153
WBNPC2_855, 089091 136138 179185 245269 103103 135141 091097 129129 189191 238254 087087 160160 113113 225229 143157 158158 090102 142146 188188 246252 173177 152152 144156 081081 124132 183183 148148 260260 146150 125125 155155 092092 150150 184184 108110 172172 081085 165173 085089 167167 228238 132134 098104 099101 177189 205207 158166 153153
WBNPC2_856, 089091 136138 179187 241253 103103 135141 097103 129141 189191 238238 087087 158162 108115 229231 143143 156158 090100 127142 188190 252252 173177 146152 144154 081081 124124 183183 142148 262262 150150 129129 153159 091092 146150 180184 106110 166176 089089 161161 089089 161167 238238 118132 102104 101103 181181 205215 142158 153153
WBNPC2_857, 089091 134138 181187 241249 103105 135145 083089 129129 191195 238238 087087 161162 113115 227229 143143 158158 090090 127140 194194 252252 173175 146164 154156 081081 122132 175183 142150 260262 146150 125129 155157 091091 146150 180180 106110 168172 085089 173173 087089 167167 228238 134134 104104 101101 181191 205215 142158 149149
WBNPC2_858, 089091 138138 181181 253253 103103 135145 093097 143143 189191 232252 087087 158161 113113 225229 143143 154158 090090 140146 194194 250252 163177 152166 144154 077081 124132 165183 148150 260262 148150 125129 155157 091092 150150 180184 106110 170172 089095 161165 085089 161167 228236 114130 092104 101103 181191 207207 158170 149151
WBNPC2_859, 091091 134138 179191 269271 103103 141145 097105 129143 189189 252252 089091 160162 108115 227229 143143 156156 090090 140142 194200 252252 167173 146166 154154 081081 124124 165181 142148 262262 146150 123129 153157 091092 150154 180198 106110 170174 085089 161161 087087 161167 228238 130134 102104 099103 181191 205205 142158 145153
WBNPC2_860, 089091 136138 175185 241269 103103 137141 089103 129149 189191 238250 087087 160162 108115 225233 143143 154158 090090 127150 194200 252254 177177 148152 144154 083083 124124 175183 138148 260260 146150 125127 155155 091095 150150 184196 106106 170176 085091 161161 085087 167167 238238 130130 092098 095095 181181 205205 142168 151153
Pop                                                
WBNPGR_560, 091091 134136 179187 241247 103105 135145 097103 129129 189191 250254 087089 160160 113115 225229 143143 158158 090090 127140 190194 252252 167173 152152 144156 081083 124132 165183 142150 260262 140150 125129 155155 092094 146148 180192 106112 168178 085095 161165 085087 167167 224228 130130 104104 095101 181191 211215 142142 149151
WBNPGR_561, 089093 134140 185191 253273 103103 135141 097103 129143 191195 252252 087089 158162 113113 225227 143143 156158 090100 127140 194202 252252 163173 152158 154154 081083 122124 165179 142150 258260 140148 129129 155159 095095 146148 184184 106112 170174 089089 161161 085091 167167 238240 118130 098104 101103 181191 205211 142162 149151
WBNPGR_562, 089089 134136 179181 253253 103103 141145 097103 129141 189191 238238 089089 158162 113115 227229 143143 156158 090102 127127 188194 246252 173177 146152 160160 081081 124132 165183 142142 262262 140150 129129 155159 091091 146146 180196 112112 170172 083089 167169 081085 167167 228238 130130 102104 101103 181191 205205 142142 149151
WBNPGR_563, 089089 136138 175187 253269 103103 135135 097103 129129 189189 238250 087087 162162 113115 229231 143143 156158 090100 127142 194202 248252 175177 146152 154154 081081 124132 183183 142148 260260 150150 129129 155155 092095 150150 196196 094110 170170 083085 165165 087091 161167 228240 130130 102104 099101 181191 205211 142142 145149
WBNPGR_564, 089091 136138 179179 241253 103103 141141 089103 129143 189189 232238 087087 162170 113115 227229 143145 158158 090090 127127 190194 252252 167173 146152 144154 083083 124124 175183 150150 260260 150150 125129 157157 091091 146150 180184 106106 176176 089089 169173 089089 165167 238240 130130 098098 101103 181181 205207 142142 149149
WBNPGR_565, 089089 134136 179187 253269 103103 145145 093103 129129 189189 232238 087091 160161 115115 227229 143143 154158 090090 140148 194194 252252 167177 146146 144156 083083 124124 181183 142150 260262 140140 129129 155157 092095 146150 180196 108112 172174 089089 167173 089091 161167 238238 128130 104104 095097 191191 205205 142164 149149
WBNPGR_566, 089089 134136 179181 241247 103103 145145 093103 129143 189191 238250 087087 154160 115115 229229 143143 158158 090104 142142 188194 244246 167173 152152 154156 000000 122124 175183 148150 260262 146148 125129 155155 092095 150150 180180 106112 170176 083089 161165 089089 167167 228238 130132 102104 103103 181181 207211 142168 145151
WBNPGR_567, 089093 138138 179181 253269 103103 135145 083099 129141 191195 232238 087087 160170 113113 229229 143143 158160 090090 127146 194200 252252 173173 150152 154154 081083 124124 165165 142148 260260 146150 129129 155155 091092 150154 192196 108112 172174 085089 161161 089089 167167 228240 130132 092104 095101 181181 205207 158168 145149
WBNPGR_568, 089091 136140 179187 269271 103103 135141 103103 129143 189189 232254 087089 143160 113113 225225 143143 156158 090102 146146 194200 250254 167175 146152 154156 083083 124124 179179 142148 260262 140150 123129 155159 092092 150150 196198 110110 168172 089089 167173 085087 167167 228238 114134 104104 097103 179191 205211 142168 149149
WBNPGR_569, 091093 134136 185187 241249 103103 135145 093093 129129 191191 232238 087087 160162 115115 227229 143143 156158 090100 127148 190194 250252 165173 152158 154154 083083 124126 165179 148150 262262 150150 125125 157159 091091 146150 180192 108112 176178 083085 165173 081085 167167 228238 114130 098104 095101 177181 211215 142158 149153
Pop                                                
WBNPHC_570, 089091 134136 187187 241253 103103 141141 083103 129129 189191 232248 087087 160162 115115 229231 143143 154158 090102 127142 194194 252252 167173 152152 154154 081083 132132 183183 142150 260262 140146 129131 155157 091094 148150 180180 110112 172176 089089 169173 089091 167167 238238 130130 102104 101103 181181 205205 168168 149153
WBNPHC_571, 089089 134138 179181 253269 103103 145147 097103 129129 189195 238248 087087 170170 108113 229229 143143 158158 100102 127138 194194 252252 167177 152152 154154 081083 124132 165183 142142 260262 146150 125129 155155 091092 146146 192196 106112 174178 081089 169169 089089 167167 228228 130130 102104 095095 177191 207207 168168 149153
WBNPHC_572, 089091 134136 179187 241253 103103 135141 093093 129143 189189 238238 087089 158170 108115 225229 143143 156156 088090 127140 190194 252252 167175 146152 144154 083083 124124 175175 142148 260260 140150 125129 155157 091094 146150 180184 106110 174178 089089 165173 089089 167167 238238 128130 096104 095101 181183 205205 142162 145149
WBNPHC_573, 089091 138138 181187 239241 103103 135135 089091 129143 189191 238252 087087 158160 113115 229229 143143 156158 090102 127127 194200 246252 167173 152158 154160 083083 132132 183183 142142 256262 146146 129129 151155 092092 146150 180198 108112 170172 083089 173173 089091 167167 228238 130130 098102 103103 177181 207211 158170 149151
WBNPHC_574, 091091 134136 179191 269271 103103 141145 097103 129129 189189 238252 087089 162162 108115 225227 143143 156156 090090 140140 188200 252252 173173 146146 144154 081081 124124 179181 142142 262262 150150 123125 153155 091091 154154 180180 106106 172174 085085 161165 087089 167167 228238 130134 102104 095103 179181 205205 142166 145153
WBNPHC_575, 089093 134134 181187 253253 103103 145145 093097 141143 191191 238254 087087 160160 115115 225229 143145 156158 090090 146148 188194 252252 175175 152162 154154 081083 122136 181183 142150 260262 146146 127129 153159 091091 146146 180192 112112 172172 081089 169173 087089 167167 238238 130134 104104 095103 181189 205215 142144 151153
WBNPHC_576, 089089 136136 187187 241253 103103 135145 093097 129143 189189 238238 087089 158161 115115 231231 143145 156158 090090 140146 194194 246252 175177 146146 154154 077083 124132 165175 138148 260262 140150 123129 155155 091092 150150 180192 090112 170176 089089 161173 089091 167167 238238 128130 104104 099101 181181 205211 156168 149151
WBNPHC_577, 089091 136138 179179 241253 103103 141145 093093 129149 189191 238252 087087 162162 115115 229229 143143 160160 090102 140142 190194 252254 173173 146166 144152 077077 124132 179183 142142 262262 148150 129129 157159 092095 146146 180184 106106 174176 083085 161161 089091 161167 240240 130132 104104 101103 177181 205205 156158 149153
WBNPHC_578, 089093 132136 181187 241253 103103 141145 103103 129143 191191 238248 087087 160162 115115 229229 143143 156158 090090 142148 194194 248252 165173 152164 144154 077081 122132 175183 142148 260260 146150 125129 155157 092095 150150 180192 110112 170174 089089 165169 089089 167167 238238 130130 102102 103103 181181 205205 142166 149151
WBNPHC_579, 091099 138138 179187 241249 103103 135141 093093 129129 189189 232252 087087 158162 113115 225231 143143 154160 090090 127140 194194 246252 173173 146152 154154 083085 122122 165165 148150 260262 146148 125129 155155 091091 146146 180184 110112 170176 083089 161165 085089 165167 228242 130130 102104 095099 181181 205205 158166 149149
WBNPHC_580, 089089 134134 179185 241253 103103 135135 093103 129129 191191 238238 087089 162162 115115 203227 143143 158160 090090 127140 194200 252252 167173 152166 144154 081083 124124 165165 138150 260262 150150 125129 155155 091091 150150 184184 106112 170174 085085 161169 085085 167167 224238 114130 102104 101101 191191 207211 142142 145151
WBNPHC_581, 089091 134136 179181 253269 102103 141141 089103 129149 189189 232238 087089 160162 108113 229229 143143 158160 090100 127146 194194 252252 163167 146148 154154 077077 124124 175175 142148 260262 150150 125129 155157 095095 150150 180192 110112 174176 089095 165173 089091 167167 228238 130130 102104 095103 181181 211211 166166 145151
WBNPHC_582, 089091 134134 179179 247253 103103 141145 083083 129143 189191 238250 087087 158160 113115 225229 143143 154156 090090 138148 194202 252252 165167 162162 154154 081083 122124 181183 142150 258262 150150 129129 155157 091092 146148 192192 108112 170172 081089 161173 089091 161167 228240 130134 104104 101103 181181 205205 162166 149149
WBNPHC_583, 089091 134138 181187 241253 103103 135141 097103 129129 191195 232232 087087 158162 113115 229229 143145 156158 090090 127140 194194 252252 173177 146150 154156 083083 124132 183183 138142 260260 150150 129129 153155 091091 146150 180192 108112 172172 083085 161167 089091 167167 238240 130130 102104 101101 181181 205205 158168 145153
WBNPHC_584, 089091 138138 179181 247253 103105 145145 103103 143143 189195 238238 087087 158170 113115 229229 143143 160160 088102 142146 194194 252252 167173 152152 154154 083083 122124 175183 142142 260260 146150 125131 155155 091095 150150 180198 110110 170172 085089 161161 087089 167167 238238 130130 102104 099101 181191 207207 158158 149153
WBNPHC_585, 089089 136140 175187 271271 103103 141147 097103 129129 189191 238238 087087 158161 108108 229231 143143 156158 090090 127127 194194 252252 165167 152152 156156 081081 124132 175183 142148 258260 146150 123129 155155 092095 146154 184184 094106 170172 085089 169173 085089 161167 228228 130130 092098 101103 181191 205207 158166 145151
WBNPHC_586, 089091 132134 179187 247271 103104 135145 093097 129141 189195 238238 087087 134162 115115 225227 143143 156156 090102 142142 194194 252252 177177 146166 154156 081083 126132 175181 142142 260262 140150 125129 155155 091095 146150 180192 108112 170172 089089 161169 085085 167167 228228 114132 104104 101101 183191 205215 142142 153153
WBNPHC_587, 089099 134136 175179 247269 103103 135141 103103 129143 189195 232232 087087 158160 108113 229231 143143 158160 090102 140142 188194 252252 173177 152164 158160 083083 124132 175183 148150 260262 140146 125129 155159 091094 150150 180184 112112 172174 085089 165173 089091 161167 228238 130132 092104 103103 181191 205205 142166 149151
WBNPHC_588, 089091 134136 179187 269269 102103 135145 093103 129143 189191 232238 087087 158160 108115 229229 143143 156160 090090 127127 188194 252254 163163 148158 154154 081083 124124 175183 142150 260262 146152 121125 155157 091095 150150 180192 094106 170172 081095 161161 091091 161167 238240 130130 092102 099103 181193 205207 166168 145151
WBNPHC_589, 089089 132134 181185 247253 103103 135145 000000 129129 189195 238238 087087 158160 115115 231231 143145 156158 090090 127150 190190 250252 165175 146152 144158 081083 122126 165183 138142 262262 146150 127129 151155 091092 146150 180180 090106 170170 089089 165173 085087 167167 228240 114130 104104 095099 181193 205207 156162 149149
WBNPHC_590, 089091 132136 187187 241269 103103 141141 093103 129129 189191 232238 089091 158162 115115 229231 143143 158158 100102 140140 194194 246254 173177 150152 144154 081081 124124 165165 148150 260262 146150 125127 157157 091095 146146 190196 094108 170176 085089 161165 081087 165167 228236 130130 098104 099101 181191 207215 142166 151151
WBNPHC_591, 091099 136138 179187 253269 103103 141141 103103 129133 189191 232238 087089 158158 115115 225229 143143 158158 090090 127142 194202 252252 177177 152152 144160 077077 132132 175181 142142 260262 146150 127129 155155 091092 146150 184192 108110 170176 089089 165169 081089 167167 238238 114128 092102 101103 181181 205215 158162 145151
WBNPHC_592, 089091 138140 187187 241253 103103 141145 093093 129129 191195 238238 087087 160160 115115 229233 143143 158158 090090 138142 194200 250252 167177 146152 144154 081081 124132 175183 142148 260262 148150 125129 155157 091092 146150 180196 110112 166174 083095 161173 085089 167167 238238 130134 102102 099103 181191 205215 142158 153153
Pop                                                
WBNPLB_642, 089091 136136 181181 253269 103105 135141 085093 129143 189189 238238 089089 158162 108115 229231 143143 156158 090100 140150 188200 252252 167167 146158 154156 083085 124132 165183 142142 260262 150150 123125 159159 092092 148150 180196 112112 168170 085089 165173 089089 167167 238238 130134 098104 101103 181191 201211 142166 149151
WBNPLB_643, 089093 136136 179187 265269 103103 135145 103103 129129 191195 238238 087087 154160 113115 229229 143143 158158 090100 127142 188188 250252 173177 146158 154154 081083 124132 165175 142142 260262 150152 125127 155155 091092 146150 184184 106110 170172 085089 161161 087089 167167 228238 130132 098102 095101 191191 205205 142144 149153
WBNPLB_644, 091093 134136 179185 269269 103103 145145 093103 129143 189195 238238 087089 147160 115115 227229 143143 158160 090100 127140 194194 246252 167173 152152 154154 081081 124124 165179 148150 260262 140150 123129 155155 091092 150150 192196 106106 168172 081089 161165 085091 167167 238240 114130 102102 095103 181181 205211 142168 145149
WBNPLB_645, 091093 134136 179181 253253 103105 141145 085101 129129 189189 238252 087089 158162 108115 231231 143147 156158 090100 127150 188188 252252 167173 146146 000000 077083 122124 165183 142142 260262 150150 125129 159159 091092 150150 180196 112112 170172 085089 165169 089089 167167 238238 000000 098104 101101 191191 205211 166166 151151
WBNPLB_646, 089091 134138 179187 247253 103103 135145 085103 129129 189191 238238 087087 158160 113115 225229 143143 156158 090100 140140 188194 246252 167175 152158 144154 083083 132132 165183 142142 262262 150150 125125 155157 091092 150150 192196 106106 168172 089089 161173 089089 167167 238238 130134 102102 101103 191191 202205 166166 145151
WBNPLB_647, 089091 138138 179185 241271 103103 135135 085103 129143 189191 238238 089091 160162 115115 229229 143143 156158 090102 140150 200200 252252 167173 152152 144154 077081 000000 175179 142142 262262 148150 129129 155159 091091 148150 184192 112112 170186 085085 165173 085087 167167 228238 128130 102104 095101 179179 205211 142158 145145
WBNPLB_648, 089089 136138 179181 241253 103103 145145 097103 129143 189191 232238 087087 158158 113115 227229 143143 156156 090100 127140 190194 252252 167173 152166 144154 077083 124132 165181 142148 260262 146150 129131 155157 091092 150150 192192 112112 170172 089089 173173 089089 167167 228228 130134 092104 101101 181191 207211 158168 149149
WBNPLB_649, 089089 136138 179187 241253 103103 145145 089097 143143 189191 238252 087087 161162 115115 227229 000000 158158 090090 140142 194194 246252 173175 152152 154154 083083 124132 165183 142150 260262 140150 123125 155157 091094 146150 180184 108112 168174 085085 161165 081089 167167 238238 114134 102104 095103 179191 205211 142166 145153
WBNPLB_650, 089091 138138 179179 253253 103103 145145 097103 127129 189189 238238 087089 160161 108115 231231 143143 156160 090090 127150 194194 250252 177177 152164 144144 081083 124132 175183 142148 262262 150150 125129 155155 091094 146146 180184 106108 176176 089089 161161 085087 167167 238240 128130 098104 095103 181181 207211 158166 145151
WBNPLB_651, 089093 136136 179181 253253 103103 145145 103103 129143 191191 238238 087087 160162 113115 231231 143143 158158 088102 138140 190200 252252 167167 146152 154154 081083 124126 183183 142148 260260 146150 123123 155155 091092 146154 180196 106108 168170 083089 173173 085089 167167 228228 130130 102104 095103 181191 205211 142166 149153
WBNPLB_652, 089089 136136 179185 253269 103103 145145 093103 129129 191195 232238 087087 147161 115115 229231 143143 158158 090090 140140 188194 246254 167167 152152 154154 081081 124124 179183 142142 260262 150150 129129 153159 091094 146148 180180 106112 168174 083083 167173 081089 161167 240240 114118 092104 095103 181181 205205 144144 149153
Pop                                                
WBNPNY_593, 089093 134136 179187 253253 103103 145145 093103 143145 189195 232238 087087 158158 108113 227229 143143 158158 090102 127140 194194 252252 167175 142152 154154 083083 124132 175175 142142 260260 150150 129129 155159 092095 146150 180196 106112 172178 089095 165173 091091 167167 228228 118130 104104 101101 177191 205205 166166 145149
WBNPNY_594, 091093 138140 179187 253253 103103 145145 083083 129143 189189 238238 087091 160162 113115 229233 143143 158158 090100 127148 188194 252252 167167 152152 154154 081081 124132 183185 142148 256262 150150 125129 155155 091095 150150 180192 108110 172174 085085 161165 089089 161167 228238 130134 092104 101103 181191 207211 144158 149151
WBNPNY_595, 089089 134138 179187 253269 103103 135145 093093 141149 195195 238238 087087 158161 113115 229229 143143 158158 088102 138140 188200 252252 167177 152152 154160 081083 124124 175175 138142 260264 146146 123129 155155 091095 146150 180196 106112 172172 083083 165165 085089 167167 228228 128130 102104 103103 177181 205211 142142 145145
WBNPNY_596, 089093 134136 179181 253269 103103 135145 097103 129143 189189 238238 087087 149158 113115 227229 143143 160160 088102 148148 190194 252252 173175 152152 154154 077083 124124 165183 142142 260262 150150 129129 155159 091092 150150 184192 106106 172172 089089 161173 081089 161167 228238 114130 096102 095103 181181 205207 142158 151153
WBNPNY_597, 091091 136140 179187 253253 103103 141141 103103 129149 189195 238252 087087 147170 113115 225227 143143 156158 090090 146150 194194 244252 167167 146158 154160 083085 124132 175183 142142 260260 140140 129129 153157 091092 146150 180184 106108 170172 089089 161169 089089 167167 240240 130130 098102 101103 181191 201211 144158 145149
WBNPNY_598, 089089 134134 181191 253269 103103 141145 083097 129129 189195 238238 087089 158160 108115 227227 143143 158160 090102 138140 194200 246246 167167 152152 144144 081083 124124 165165 142142 260260 140150 129129 155157 091095 146150 180184 090110 170172 085089 173175 085085 161167 228228 128134 102104 101101 181181 205211 142142 145149
WBNPNY_599, 089089 134134 175181 253269 103103 145145 083103 129129 189195 232238 087087 159160 113115 227229 143143 156158 090090 127140 190194 246252 173173 152152 144144 081083 124132 165175 142142 260260 140150 129129 157159 091091 146150 180184 112112 166172 089089 173175 089089 161167 238240 128132 102102 101101 181181 205207 142166 149151
WBNPNY_600, 091093 134136 175185 253269 103103 135145 093097 133143 189189 232232 087087 158170 113115 225227 143143 158160 090090 140140 194194 246252 173177 146152 154156 083083 124124 175183 142148 256260 146150 125129 155155 091095 150150 180180 108110 170170 089089 161173 081089 161167 228238 130130 104104 101101 181181 205205 142158 143151
WBNPNY_601, 089091 136140 179187 241269 103103 145145 093097 129129 189195 232238 087087 147149 113115 229229 143143 152158 090102 148150 194194 252252 167173 146166 154160 077081 132132 165165 142142 256260 148150 129129 157157 091091 146150 192192 110112 172174 089089 161169 089089 167167 238238 114132 102102 095101 177181 201207 156158 153153
WBNPNY_602, 089091 134136 181187 253253 103103 141141 093093 129143 189191 232238 087087 160162 108113 225229 143143 158160 090090 140142 194194 252252 165173 146158 144154 081083 124132 165183 142150 260260 150152 123129 155157 092095 146150 180184 112112 166174 085089 161161 085089 167167 228236 128132 098102 095101 181181 205207 144166 145153
WBNPNY_603, 089091 134138 185187 241253 103103 141145 093103 129143 189189 232232 087089 160162 108113 227229 143143 158160 090090 140146 190194 252254 177177 152158 144154 081083 120132 175179 148150 260262 150150 123129 153157 091091 150150 180192 106108 172174 089089 161169 081089 167167 228238 130132 098104 103103 181191 201205 144168 149151
WBNPNY_604, 091093 134136 179191 253269 103103 135141 103103 129129 191191 238252 087089 158160 108113 227229 143143 156158 090090 127127 200200 246252 173177 142158 156160 077083 124132 165165 138150 260260 146150 129129 155157 091091 150150 180192 106112 166172 089095 161173 085091 167167 228228 128130 104104 101103 181181 205207 142144 145149
WBNPNY_605, 089093 134136 179191 253253 103103 141145 083103 129129 191195 232238 087087 160162 113115 227227 143143 158160 090102 138146 190200 252252 167173 152158 144156 077083 124124 165175 138142 262262 146150 125129 153157 091095 150150 180192 106110 172178 089089 161173 085089 167167 228238 130134 102104 101101 181181 205205 142166 149149
Pop                                                
WBNPPAD_297, 089091 134136 181181 241271 103104 141141 085103 129149 191191 252254 087087 158160 115115 225227 143147 158158 088090 142150 188194 252252 173173 152152 154156 081083 124132 175175 142148 260262 146146 123129 155157 092092 150150 180180 106106 170178 085089 165173 085089 167167 228238 130130 092104 097103 181181 205211 158166 149153
WBNPPAD_618, 089091 134140 181185 247253 103103 135135 089103 129129 189189 232238 089089 158161 108115 229229 143143 154160 090100 138140 194200 246250 167173 146152 156160 077081 124132 175183 142148 256260 146150 129129 155157 091094 148150 196196 108112 170176 083085 165173 089091 167167 228228 130130 096104 095095 181191 205205 158168 145149
WBNPPAD_619, 089091 138138 181187 253273 103105 135135 085093 129143 189189 238238 087087 143149 113113 229231 143143 156158 090090 140148 188200 250252 167177 156162 154160 083083 122122 183183 142148 260262 150152 125129 155159 091092 146150 180180 090112 166170 081089 161165 087089 161165 236238 130134 092096 097099 181191 207211 142142 145151
WBNPPAD_620, 089089 134134 181185 241271 103103 135145 091103 129143 189191 238254 087087 143162 113115 229231 143143 156158 090100 140146 190194 250252 165167 152166 154156 081083 124132 165179 142142 260262 140150 125129 155157 091091 146150 180192 106106 168170 083083 161173 081091 167167 236240 114134 096104 097099 181191 201205 164168 149153
WBNPPAD_621, 089091 134136 179181 253253 103103 135147 089103 129129 195195 252254 087087 158162 110113 229231 143143 156158 088090 127140 198200 250252 173173 152158 154154 083083 122126 165183 142150 262262 140148 127129 155155 092095 146146 184196 106108 170172 083089 161173 091091 161161 238238 130130 096104 101101 181181 207211 168170 151153
WBNPPAD_622, 091093 136136 179187 247253 103103 135145 097103 129129 189189 232238 087089 162170 113115 225229 143143 158158 090090 127138 188194 252254 163177 152158 156156 081083 122124 175183 142148 260260 146146 121125 155155 095095 146150 180190 110112 172176 089089 165173 085089 167167 228240 114130 092092 103103 181191 205205 168168 149153
WBNPPAD_623, 089093 140140 179179 241253 103103 145145 097103 129143 189189 232232 087087 158162 115115 225229 143143 158158 090090 140148 194194 252252 167167 146158 154154 081083 124124 175179 142150 262262 146150 127129 155159 091095 150150 180184 106110 168170 089089 161165 085089 167167 228240 114130 092092 095101 181191 205211 142142 153153
WBNPPAD_624, 089091 134138 179181 241253 103103 135135 093097 141143 191191 238238 087087 160162 108113 227231 143143 156156 090090 127140 194194 252254 165165 150158 144160 081083 124132 165179 142148 260262 140150 125129 159159 091092 146150 184196 106112 170172 089089 173173 085089 161167 238238 130130 102104 101101 181181 207211 162168 149149
WBNPPAD_625, 089091 136140 187187 241241 103103 135141 093093 129143 189191 232238 087089 160162 113115 225229 143143 158158 090102 140140 188200 250250 167173 152166 156156 083083 132132 175183 142148 262262 146150 125129 155155 091092 146150 180192 110110 170172 083089 161173 081085 161167 228236 130134 092092 095103 181181 205207 162164 147149
WBNPPAD_626, 091091 134136 185187 241253 103105 135145 089097 129149 189191 238238 087087 160162 113113 213229 143143 154156 088090 142148 194194 252252 173177 152152 154156 083083 124124 165165 142148 260260 146150 125129 155155 091092 146150 180184 110112 168168 083089 165173 085089 167167 236238 130130 098104 099103 181191 205211 158170 149149
WBNPPAD_627, 089089 136142 175187 241253 103103 135141 097097 129141 191195 238238 087087 154162 108115 229231 143143 156158 100102 142142 194194 252252 167175 146150 154154 081083 124132 175183 148150 256262 140150 125129 155155 091091 146154 180196 106108 170176 089095 173173 089091 167167 228238 118134 104104 101103 181191 205205 142166 145149
WBNPPAD_628, 089089 136136 181187 247271 103103 141145 089103 129129 189191 238238 087087 161162 108115 227227 143143 156158 090090 140150 194200 252252 167175 146152 154160 081083 122126 175179 142142 260262 146150 127131 155157 091091 146150 180198 110112 166172 089089 161161 085089 161161 228240 130134 104104 095101 181191 205205 142162 151151
WBNPPAD_629, 089091 138138 179185 253269 103103 135145 089103 129143 191195 238238 087087 160160 108115 225231 143143 158158 090102 148150 190194 252252 167177 146158 156160 081081 124124 175181 142142 260262 150150 125129 155155 091091 148150 180180 110112 168168 089089 165167 089089 167167 228238 130134 098102 099103 181191 207211 142142 145153
WBNPPAD_630, 089089 134140 187187 253269 103103 135141 093093 129143 189191 238238 085087 158161 115115 229233 143143 154158 090090 140142 194202 252252 173177 152164 154154 081083 124124 165165 142148 260260 146150 123129 155157 091092 150150 180196 110112 168176 083089 161169 085089 161165 228240 114130 092104 101101 181181 205207 158168 143145
WBNPPAD_631, 089091 136138 179187 253269 103103 135141 103103 129129 189189 232238 089089 160162 113115 229229 143143 158158 090090 127146 194194 252252 173177 152152 154154 083085 132132 165179 138142 260262 150150 129129 155159 092095 146148 180196 106112 170172 085085 161169 085089 161167 228228 130130 092104 101103 181191 205205 168168 153153
WBNPPAD_632, 089089 134138 175187 253269 103103 145145 097103 129143 195195 238250 087089 149160 113113 229231 143145 156158 090090 140140 188194 246254 173175 152158 154154 081083 124124 175179 138142 260262 140148 123129 153155 091095 146154 180180 108112 168170 089089 161161 085089 161167 240240 118134 102104 095103 181191 205211 156168 145149
WBNPPAD_633, 089091 136140 175179 247253 103103 135145 089093 129133 189195 238238 087087 160170 113115 227227 143147 158160 088100 140140 194194 252252 167175 152158 154154 081081 124124 183183 138150 262262 140140 129129 151159 091091 150150 180192 106108 170178 089089 161173 085089 161167 228240 130130 096098 101101 191191 205207 164168 145145
WBNPPAD_634, 089091 134136 185185 253269 103103 135137 097099 143143 193195 238238 087089 160161 115115 231231 143143 156158 090090 127127 188194 252252 175177 152158 156160 083083 124124 165175 138142 260262 146150 127129 155155 091091 146150 184196 090108 168172 085085 161173 085091 161161 228228 118132 092098 101103 181191 207211 142164 149153
WBNPPAD_635, 089091 136138 179187 253253 103103 141145 103103 129129 191195 238238 087087 160160 115115 229229 143143 156158 090100 140142 188194 244252 167173 146156 154154 083083 124132 165175 142142 260262 140150 129129 159159 091095 146150 180196 106106 174174 085089 161165 089091 161167 228228 130134 102102 095095 181181 205211 142162 151153
WBNPPAD_636, 089091 136138 179185 245269 103103 135141 091097 129129 189191 238254 087087 160160 113113 225229 143157 158158 090102 142146 188188 246252 173177 152152 144156 081081 124132 183183 148148 260260 146150 125125 155155 092092 150150 184184 108110 172172 081085 165173 085089 167167 228238 132134 098104 099101 177189 205207 158166 153153
WBNPPAD_637, 089091 136138 179187 241253 103103 135141 097103 129141 189191 238238 087087 158162 108115 229231 143143 156158 090100 127142 188190 252252 173177 146152 144154 081081 124124 183183 142148 262262 150150 129129 153159 091092 146150 180184 106110 166176 089089 161161 089089 161167 238238 118132 102104 101103 181181 205215 142158 153153
WBNPPAD_638, 089091 134138 181187 241249 103105 135145 083089 129129 191195 238238 087087 161162 113115 227229 143143 158158 090090 127140 194194 252252 173175 146164 154156 081081 122132 175183 142150 260262 146150 125129 155157 091091 146150 180180 106110 168172 085089 173173 087089 167167 228238 134134 104104 101101 181191 205215 142158 149149
WBNPPAD_639, 089091 138138 181181 253253 103103 135145 093097 143143 189191 232252 087087 158161 113113 225229 143143 154158 090090 140146 194194 250252 163177 152166 144154 077081 124132 165183 148150 260262 148150 125129 155157 091092 150150 180184 106110 170172 089095 161165 085089 161167 228236 114130 092104 101103 181191 207207 158170 149151
WBNPPAD_640, 091091 134138 179191 269271 103103 141145 097105 129143 189189 252252 089091 160162 108115 227229 143143 156156 090090 140142 194200 252252 167173 146166 154154 081081 124124 165181 142148 262262 146150 123129 153157 091092 150154 180198 106110 170174 085089 161161 087087 161167 228238 130134 102104 099103 181191 205205 142158 145153
WBNPPAD_641, 089091 136138 175185 241269 103103 137141 089103 129149 189191 238250 087087 160162 108115 225233 143143 154158 090090 127150 194200 252254 177177 148152 144154 083083 124124 175183 138148 260260 146150 125127 155155 091095 150150 184196 106106 170176 085091 161161 085087 167167 238238 130130 092098 095095 181181 205205 142168 151153
Pop                                                
WENT_354, 089091 136138 187187 253269 103103 145145 103103 129129 191195 232232 087091 160162 115115 227229 143143 158158 090102 127138 188194 252252 165173 146162 144154 083083 124132 165183 142150 260262 146150 125125 153157 094095 150150 180192 106106 172172 083085 161173 085089 167167 228238 128134 102104 095095 181181 205205 158166 149153
WENT_355, 093093 132136 187187 247269 103103 141141 103103 129143 191191 232252 087087 160162 115115 229229 143143 156156 090102 142146 188194 254254 167167 164166 154156 081083 132132 183183 142148 260260 150150 129129 155155 091091 150150 180192 106106 168174 083083 165173 089089 161167 228228 130134 098106 095095 181181 207207 166168 149153
WENT_356, 089093 134136 175179 253269 103103 145145 097097 129143 189189 238238 087089 160160 108108 221227 143143 158158 090102 138140 194194 246252 167175 152158 154160 081083 132136 165175 142142 262264 146150 129131 153155 095095 150150 180192 106112 170172 089095 161173 089091 167167 228228 128130 104104 095101 181191 205207 142158 149149
WENT_357, 089089 140140 187187 253253 103105 141141 093103 129143 189191 238252 087089 158162 115115 225229 143143 158158 090102 127127 188194 252252 175177 152158 144160 081081 122124 183183 142148 260260 150150 123125 153155 091095 146150 192192 106106 172172 089089 161173 087091 167167 238238 122132 102104 095095 181181 205211 142142 145149
WENT_358, 091093 136140 187187 253269 103103 135141 097097 129129 189191 238250 087089 162162 115115 227229 143143 158160 090102 138140 194194 252252 167177 152166 154160 081083 122124 183183 142148 262262 150150 125129 155155 091095 146146 180180 108110 170172 083089 161173 089091 167167 228238 128130 102104 101103 181181 201207 142166 149149
