Contract Year,Sample ID,Population,Type,Date collected,Subsp.,Sex,Processed?,Extracted Sample Location,Sample Plate,Backup Sample in Lysis?,Leftover of Original Sample?,Sample Location,,,,,,,,,,,,,
2022/2023,1,Nahanni,Biopsy,26-Jan-22,Wood Bison,F,Y,2022/2023 Contract Box 3,2022/2023 Contract Plate 3,N,One tissue punch,Chest freezer - hair and biopsy bin,,,,,,,,,,,,,
2022/2023,2,Etthithun,Biopsy,26-Feb-22,Wood Bison,F,Y,2022/2023 Contract Box 3,2022/2023 Contract Plate 3,N,One tissue punch,Chest freezer - hair and biopsy bin,,Total,1533,,,,,,,,,,
2022/2023,3,Etthithun,Biopsy,26-Feb-22,Wood Bison,F,Y,2022/2023 Contract Box 3,2022/2023 Contract Plate 3,N,One tissue punch,Chest freezer - hair and biopsy bin,,Number Processed,1030,,,,,,,,,,
2022/2023,4,Nordquist/Liard,Biopsy,16-Sep-21,Wood Bison,F,Y,2022/2023 Contract Box 3,2022/2023 Contract Plate 3,N,One tissue punch,Chest freezer - hair and biopsy bin,,Controls,20,,,,,,,,,,
2022/2023,5,Etthithun,Biopsy,25-Jan-22,Wood Bison,F,Y,2022/2023 Contract Box 3,2022/2023 Contract Plate 3,N,2 tissue punches,Chest freezer - hair and biopsy bin,,2022/2023 Contract,457,,,,,,,,,,
2022/2023,6,Nordquist/Liard,Biopsy,16-Sep-21,Wood Bison,F,Y,2022/2023 Contract Box 3,2022/2023 Contract Plate 3,N,2 tissue punches,Chest freezer - hair and biopsy bin,,2023/2024 Contract,254,,,,,,,,,,
2022/2023,7,Etthithun,Biopsy,25-Jan-22,Wood Bison,F,Y,2022/2023 Contract Box 3,2022/2023 Contract Plate 3,N,3 tissue punches,Chest freezer - hair and biopsy bin,,2024/2025 Contract,299,,,,,,,,,,
2022/2023,8,Nordquist/Liard,Biopsy,15-Sep-21,Wood Bison,F,Y,2022/2023 Contract Box 3,2022/2023 Contract Plate 3,N,2 tissue punches,Chest freezer - hair and biopsy bin,,,,,,,,,,,,,
2022/2023,9,Etthithun,Biopsy,25-Jan-22,Wood Bison,F,Y,2022/2023 Contract Box 3,2022/2023 Contract Plate 3,N,2 tissue punches,Chest freezer - hair and biopsy bin,,,,,,,,,,,,,
2022/2023,10,Nordquist/Liard,Biopsy,16-Sep-21,Wood Bison,F,Y,2022/2023 Contract Box 3,2022/2023 Contract Plate 3,N,2 tissue punches,Chest freezer - hair and biopsy bin,,,,,,,,,,,,,
2022/2023,11,Nordquist/Liard,Biopsy,16-Sep-21,Wood Bison,F,Y,2022/2023 Contract Box 3,2022/2023 Contract Plate 3,N,3 tissue punches,Chest freezer - hair and biopsy bin,,,,,,,,,,,,,
2022/2023,12,Etthithun,Biopsy,25-Jan-22,Wood Bison,F,Y,2022/2023 Contract Box 3,2022/2023 Contract Plate 3,N,3 tissue punches,Chest freezer - hair and biopsy bin,,,,,,,,,,,,,
2022/2023,13,Nordquist/Liard,Biopsy,15-Sep-21,Wood Bison,F,Y,2022/2023 Contract Box 3,2022/2023 Contract Plate 3,N,2 tissue punches,Chest freezer - hair and biopsy bin,,,,,,,,,,,,,
2022/2023,14,Nordquist/Liard,Biopsy,15-Sep-21,Wood Bison,F,Y,2022/2023 Contract Box 3,2022/2023 Contract Plate 3,N,2 tissue punches,Chest freezer - hair and biopsy bin,,,,,,,,,,,,,
2022/2023,15,Nordquist/Liard,Biopsy,16-Sep-21,Wood Bison,F,Y,2022/2023 Contract Box 3,2022/2023 Contract Plate 3,N,2 tissue punches,Chest freezer - hair and biopsy bin,,,,,,,,,,,,,
2022/2023,16,Nordquist/Liard,Biopsy,15-Sep-21,Wood Bison,F,Y,2022/2023 Contract Box 3,2022/2023 Contract Plate 3,N,2 tissue punches,Chest freezer - hair and biopsy bin,,,,,,,,,,,,,
2022/2023,17,Nordquist/Liard,Biopsy,15-Sep-21,Wood Bison,F,Y,2022/2023 Contract Box 3,2022/2023 Contract Plate 3,N,2 tissue punches,Chest freezer - hair and biopsy bin,,,,,,,,,,,,,
2022/2023,18,Nordquist/Liard,Biopsy,15-Sep-21,Wood Bison,F,Y,2022/2023 Contract Box 3,2022/2023 Contract Plate 3,N,One tissue punch,Chest freezer - hair and biopsy bin,,,,,,,,,,,,,
2022/2023,19,Nordquist/Liard,Biopsy,15-Sep-21,Wood Bison,F,Y,2022/2023 Contract Box 3,2022/2023 Contract Plate 3,N,3 tissue punches,Chest freezer - hair and biopsy bin,,,,,,,,,,,,,
2022/2023,20,Etthithun,Biopsy,25-Feb-22,Wood Bison,F,Y,2022/2023 Contract Box 3,2022/2023 Contract Plate 3,N,One tissue punch,Chest freezer - hair and biopsy bin,,,,,,,,,,,,,
2022/2023,20,WBNP,hair,,Wood Bison,,Y,2022/2023 Contract Box 2,2022/2023 Contract Plate 2,N,hair,Chest freezer,,,,,,,,,,,,,
2022/2023,21,Etthithun,Biopsy,25-Feb-22,Wood Bison,F,Y,2022/2023 Contract Box 3,2022/2023 Contract Plate 3,N,One tissue punch,Chest freezer - hair and biopsy bin,,,,,,,,,,,,,
2022/2023,22,Etthithun,Biopsy,25-Feb-22,Wood Bison,F,Y,2022/2023 Contract Box 3,2022/2023 Contract Plate 3,N,One tissue punch,Chest freezer - hair and biopsy bin,,,,,,,,,,,,,
2022/2023,23,Etthithun,Biopsy,25-Feb-22,Wood Bison,F,Y,2022/2023 Contract Box 3,2022/2023 Contract Plate 3,N,One tissue punch,Chest freezer - hair and biopsy bin,,,,,,,,,,,,,
2022/2023,24,Etthithun,art4,25-Feb-22,Wood Bison,F,Y,2022/2023 Contract Box 3,2022/2023 Contract Plate 3,N,One tissue punch,Chest freezer - hair and biopsy bin,,,,,,,,,,,,,
2022/2023,25,Etthithun,Biopsy,25-Feb-22,Wood Bison,F,Y,2022/2023 Contract Box 3,2022/2023 Contract Plate 3,N,One tissue punch,Chest freezer - hair and biopsy bin,,,,,,,,,,,,,
2022/2023,26,Etthithun,Biopsy,25-Feb-22,Wood Bison,F,Y,2022/2023 Contract Box 3,2022/2023 Contract Plate 3,N,One tissue punch,Chest freezer - hair and biopsy bin,,,,,,,,,,,,,
2022/2023,27,Etthithun,Biopsy,26-Feb-22,Wood Bison,F,Y,2022/2023 Contract Box 3,2022/2023 Contract Plate 3,N,One tissue punch,Chest freezer - hair and biopsy bin,,,,,,,,,,,,,
2022/2023,28,Etthithun,Biopsy,26-Feb-22,Wood Bison,F,Y,2022/2023 Contract Box 3,2022/2023 Contract Plate 3,N,One tissue punch,Chest freezer - hair and biopsy bin,,,,,,,,,,,,,
2022/2023,29,Etthithun,Biopsy,26-Feb-22,Wood Bison,F,Y,2022/2023 Contract Box 3,2022/2023 Contract Plate 3,N,One tissue punch,Chest freezer - hair and biopsy bin,,,,,,,,,,,,,
2022/2023,31,Nordquist,Biopsy,26-Sep-22,Wood Bison,F,Y,2022/2023 Contract Box 3,2022/2023 Contract Plate 3,N,One tissue punch,Chest freezer - hair and biopsy bin,,,,,,,,,,,,,
2022/2023,32,Nordquist,Biopsy,26-Sep-22,Wood Bison,F,Y,2022/2023 Contract Box 3,2022/2023 Contract Plate 3,N,One tissue punch,Chest freezer - hair and biopsy bin,,,,,,,,,,,,,
2022/2023,33,Nordquist,Biopsy,26-Sep-22,Wood Bison,F,Y,2022/2023 Contract Box 3,2022/2023 Contract Plate 3,N,2 tissue punches,Chest freezer - hair and biopsy bin,,,,,,,,,,,,,
2022/2023,34,Nordquist,Biopsy,26-Sep-22,Wood Bison,F,Y,2022/2023 Contract Box 3,2022/2023 Contract Plate 3,N,2 tissue punches,Chest freezer - hair and biopsy bin,,,,,,,,,,,,,
2022/2023,35,Nordquist,Biopsy,26-Sep-22,Wood Bison,F,Y,2022/2023 Contract Box 3,2022/2023 Contract Plate 3,N,2 tissue punches,Chest freezer - hair and biopsy bin,,,,,,,,,,,,,
2022/2023,40,WBNP,hair,,Wood Bison,,Y,2022/2023 Contract Box 2,2022/2023 Contract Plate 2,N,hair,Chest freezer,,,,,,,,,,,,,
2022/2023,40,WBNP,blood,,Wood Bison,,Y,2022/2023 Contract Box 4,2022/2023 Contract Plate 4,,,,,,,,,,,,,,,,
2022/2023,60,WBNP,hair,,Wood Bison,,Y,2022/2023 Contract Box 2,2022/2023 Contract Plate 2,N,hair,Chest freezer,,,,,,,,,,,,,
2022/2023,80,WBNP,hair,,Wood Bison,,Y,2022/2023 Contract Box 2,2022/2023 Contract Plate 2,N,hair,Chest freezer,,,,,,,,,,,,,
2022/2023,100,WBNP,hair,,Wood Bison,,Y,2022/2023 Contract Box 2,2022/2023 Contract Plate 2,N,hair,Chest freezer,,,,,,,,,,,,,
2022/2023,120,WBNP,hair,,Wood Bison,,Y,2022/2023 Contract Box 2,2022/2023 Contract Plate 2,N,hair,Chest freezer,,,,,,,,,,,,,
2022/2023,140,WBNP,hair,,Wood Bison,,Y,2022/2023 Contract Box 2,2022/2023 Contract Plate 2,N,hair,Chest freezer,,,,,,,,,,,,,
2022/2023,160,WBNP,hair,,Wood Bison,,Y,2022/2023 Contract Box 2,2022/2023 Contract Plate 2,N,hair,Chest freezer,,,,,,,,,,,,,
2022/2023,180,WBNP,hair,,Wood Bison,,Y,2022/2023 Contract Box 2,2022/2023 Contract Plate 2,N,hair,Chest freezer,,,,,,,,,,,,,
2022/2023,200,WBNP,hair,,Wood Bison,,Y,2022/2023 Contract Box 2,2022/2023 Contract Plate 2,N,hair,Chest freezer,,,,,,,,,,,,,
2022/2023,209,WBNP,blood,,Wood Bison,,Y,2022/2023 Contract Box 4,2022/2023 Contract Plate 4,,,,,,,,,,,,,,,,
2022/2023,217,WBNP,blood,,Wood Bison,,Y,2022/2023 Contract Box 4,2022/2023 Contract Plate 4,,,,,,,,,,,,,,,,
2022/2023,220,WBNP,hair,,Wood Bison,,Y,2022/2023 Contract Box 2,2022/2023 Contract Plate 2,N,hair,Chest freezer,,,,,,,,,,,,,
2022/2023,240,WBNP,hair,,Wood Bison,,Y,2022/2023 Contract Box 2,2022/2023 Contract Plate 2,N,hair,Chest freezer,,,,,,,,,,,,,
2022/2023,260,WBNP,blood,,Wood Bison,,Y,2022/2023 Contract Box 4,2022/2023 Contract Plate 4,,,,,,,,,,,,,,,,
2022/2023,280,WBNP,hair,,Wood Bison,,Y,2022/2023 Contract Box 2,2022/2023 Contract Plate 2,N,hair,Chest freezer,,,,,,,,,,,,,
2022/2023,300,WBNP,hair,,Wood Bison,,Y,2022/2023 Contract Box 2,2022/2023 Contract Plate 2,N,hair,Chest freezer,,,,,,,,,,,,,
2022/2023,320,WBNP,hair,,Wood Bison,,Y,2022/2023 Contract Box 2,2022/2023 Contract Plate 2,N,hair,Chest freezer,,,,,,,,,,,,,
2022/2023,340,WBNP,hair,,Wood Bison,,Y,2022/2023 Contract Box 2,2022/2023 Contract Plate 2,N,hair,Chest freezer,,,,,,,,,,,,,
2022/2023,360,WBNP,hair,,Wood Bison,,Y,2022/2023 Contract Box 2,2022/2023 Contract Plate 2,N,hair,Chest freezer,,,,,,,,,,,,,
2022/2023,380,WBNP,hair,,Wood Bison,,Y,2022/2023 Contract Box 2,2022/2023 Contract Plate 2,N,hair,Chest freezer,,,,,,,,,,,,,
2022/2023,658,WBNP,blood,,Wood Bison,,Y,2022/2023 Contract Box 4,2022/2023 Contract Plate 4,,,,,,,,,,,,,,,,
2022/2023,661,WBNP,blood,,Wood Bison,,Y,2022/2023 Contract Box 4,2022/2023 Contract Plate 4,,,,,,,,,,,,,,,,
2022/2023,35462,Ronald Lake,serum,2014,Wood Bison,m,Y,2022/2023 Contract Box 4,2022/2023 Contract Plate 4,,,,,,,,,,,,,,,,
2022/2023,35463,Ronald Lake,serum,2014,Wood Bison,m,Y,2022/2023 Contract Box 4,2022/2023 Contract Plate 4,,,,,,,,,,,,,,,,
2022/2023,35464,Ronald Lake,serum,2014,Wood Bison,m,Y,2022/2023 Contract Box 4,2022/2023 Contract Plate 4,,,,,,,,,,,,,,,,
2022/2023,35465,Ronald Lake,serum,2014,Wood Bison,m,Y,2022/2023 Contract Box 4,2022/2023 Contract Plate 4,,,,,,,,,,,,,,,,
2022/2023,35466,Ronald Lake,serum,2014,Wood Bison,m,Y,2022/2023 Contract Box 4,2022/2023 Contract Plate 4,,,,,,,,,,,,,,,,
2022/2023,37488,Ronald Lake,serum,2019,Wood Bison,F,Y,2022/2023 Contract Box 4,2022/2023 Contract Plate 4,,,,,,,,,,,,,,,,
2022/2023,37489,Ronald Lake,serum,2019,Wood Bison,F,Y,2022/2023 Contract Box 4,2022/2023 Contract Plate 4,,,,,,,,,,,,,,,,
2022/2023,37490,Ronald Lake,serum,2019,Wood Bison,F,Y,2022/2023 Contract Box 4,2022/2023 Contract Plate 4,,,,,,,,,,,,,,,,
2022/2023,37491,Ronald Lake,serum,2019,Wood Bison,F,Y,2022/2023 Contract Box 4,2022/2023 Contract Plate 4,,,,,,,,,,,,,,,,
2022/2023,37495,Ronald Lake,serum,2019,Wood Bison,F,Y,2022/2023 Contract Box 4,2022/2023 Contract Plate 4,,,,,,,,,,,,,,,,
2022/2023,37496,Ronald Lake,serum,2019,Wood Bison,F,Y,2022/2023 Contract Box 4,2022/2023 Contract Plate 4,,,,,,,,,,,,,,,,
2022/2023,37497,Ronald Lake,serum,2019,Wood Bison,F,Y,2022/2023 Contract Box 4,2022/2023 Contract Plate 4,,,,,,,,,,,,,,,,
2022/2023,45231,Wentzel,DNA,,Wood Bison,,N,NA,NA,,,,,,,,,,,,,,,,
2022/2023,45232,Wentzel,DNA,,Wood Bison,,N,NA,NA,,,,,,,,,,,,,,,,
2022/2023,45234,Wabasca,DNA,,Wood Bison,,N,NA,NA,,,,,,,,,,,,,,,,
2022/2023,45235,Wabasca,DNA,,Wood Bison,,N,NA,NA,,,,,,,,,,,,,,,,
2022/2023,45236,Wabasca,DNA,,Wood Bison,,N,NA,NA,,,,,,,,,,,,,,,,
2022/2023,45238,Wentzel,DNA,,Wood Bison,,N,NA,NA,,,,,,,,,,,,,,,,
2022/2023,45240,Wentzel,DNA,,Wood Bison,,N,NA,NA,,,,,,,,,,,,,,,,
2022/2023,45241,Wentzel,DNA,,Wood Bison,,N,NA,NA,,,,,,,,,,,,,,,,
2022/2023,45261,Wabasca,DNA,,Wood Bison,,N,NA,NA,,,,,,,,,,,,,,,,
2022/2023,45262,Wabasca,DNA,,Wood Bison,,N,NA,NA,,,,,,,,,,,,,,,,
2022/2023,45263,Wabasca,DNA,,Wood Bison,,N,NA,NA,,,,,,,,,,,,,,,,
2022/2023,45265,Wabasca,DNA,,Wood Bison,,N,NA,NA,,,,,,,,,,,,,,,,
2022/2023,45266,Wabasca,DNA,,Wood Bison,,N,NA,NA,,,,,,,,,,,,,,,,
2022/2023,45267,Wabasca,DNA,,Wood Bison,,N,NA,NA,,,,,,,,,,,,,,,,
2022/2023,45268,Wabasca,DNA,,Wood Bison,,N,NA,NA,,,,,,,,,,,,,,,,
2022/2023,45269,Ronald Lake,DNA,,Wood Bison,,N,NA,NA,,,,,,,,,,,,,,,,
2022/2023,45270,Ronald Lake,DNA,,Wood Bison,,N,NA,NA,,,,,,,,,,,,,,,,
2022/2023,45271,Ronald Lake,DNA,,Wood Bison,,N,NA,NA,,,,,,,,,,,,,,,,
2022/2023,45272,Ronald Lake,DNA,,Wood Bison,,N,NA,NA,,,,,,,,,,,,,,,,
2022/2023,45273,Ronald Lake,DNA,,Wood Bison,,N,NA,NA,,,,,,,,,,,,,,,,
2022/2023,45274,Ronald Lake,DNA,,Wood Bison,,N,NA,NA,,,,,,,,,,,,,,,,
2022/2023,45275,Ronald Lake,DNA,,Wood Bison,,N,NA,NA,,,,,,,,,,,,,,,,
2022/2023,45276,Ronald Lake,DNA,,Wood Bison,,N,NA,NA,,,,,,,,,,,,,,,,
2022/2023,45277,Ronald Lake,DNA,,Wood Bison,,N,NA,NA,,,,,,,,,,,,,,,,
2022/2023,45278,Ronald Lake,DNA,,Wood Bison,,N,NA,NA,,,,,,,,,,,,,,,,
2022/2023,45279,Ronald Lake,DNA,,Wood Bison,,N,NA,NA,,,,,,,,,,,,,,,,
2022/2023,88209,WBNP,hair,2021,Wood Bison,f,Y,2022/2023 Contract Box 2,2022/2023 Contract Plate 2,N,hair,Chest freezer,,,,,,,,,,,,,
2022/2023,88210,WBNP,hair,2021,Wood Bison,f,Y,2022/2023 Contract Box 2,2022/2023 Contract Plate 2,N,hair,Chest freezer,,,,,,,,,,,,,
2022/2023,88211,WBNP,hair,2021,Wood Bison,f,Y,2022/2023 Contract Box 2,2022/2023 Contract Plate 2,N,hair,Chest freezer,,,,,,,,,,,,,
2022/2023,88212,WBNP,hair,2021,Wood Bison,f,Y,2022/2023 Contract Box 2,2022/2023 Contract Plate 2,N,hair,Chest freezer,,,,,,,,,,,,,
2022/2023,88213,WBNP,hair,2021,Wood Bison,f,Y,2022/2023 Contract Box 2,2022/2023 Contract Plate 2,N,hair,Chest freezer,,,,,,,,,,,,,
2022/2023,88214,WBNP,hair,2021,Wood Bison,f,Y,2022/2023 Contract Box 2,2022/2023 Contract Plate 2,N,hair,Chest freezer,,,,,,,,,,,,,
2022/2023,88215,WBNP,hair,2021,Wood Bison,f,Y,2022/2023 Contract Box 2,2022/2023 Contract Plate 2,N,hair,Chest freezer,, ,,,,,,,,,,,
2022/2023,88216,WBNP,hair,2021,Wood Bison,f,Y,2022/2023 Contract Box 2,2022/2023 Contract Plate 2,N,hair,Chest freezer,,,,,,,,,,,,,
2022/2023,88217,WBNP,hair,2021,Wood Bison,f,Y,2022/2023 Contract Box 2,2022/2023 Contract Plate 2,N,hair,Chest freezer,,,,,,,,,,,,,
2022/2023,88218,WBNP,hair,2021,Wood Bison,f,Y,2022/2023 Contract Box 2,2022/2023 Contract Plate 2,N,hair,Chest freezer,,,,,,,,,,,,,
2022/2023,88219,WBNP,hair,2021,Wood Bison,f,Y,2022/2023 Contract Box 2,2022/2023 Contract Plate 2,N,hair,Chest freezer,,,,,,,,,,,,,
2022/2023,88220,WBNP,hair,2021,Wood Bison,f,Y,2022/2023 Contract Box 2,2022/2023 Contract Plate 2,N,hair,Chest freezer,,,,,,,,,,,,,
2022/2023,88221,WBNP,hair,2021,Wood Bison,f,Y,2022/2023 Contract Box 2,2022/2023 Contract Plate 2,N,hair,Chest freezer,,,,,,,,,,,,,
2022/2023,88222,WBNP,hair,2021,Wood Bison,f,Y,2022/2023 Contract Box 2,2022/2023 Contract Plate 2,N,hair,Chest freezer,,,,,,,,,,,,,
2022/2023,88223,WBNP,hair,2021,Wood Bison,,Y,2022/2023 Contract Box 2,2022/2023 Contract Plate 2,N,hair,Chest freezer,,,,,,,,,,,,,
2022/2023,88224,WBNP,hair,2021,Wood Bison,f,Y,2022/2023 Contract Box 2,2022/2023 Contract Plate 2,N,hair,Chest freezer,,,,,,,,,,,,,
2022/2023,88225,WBNP,hair,2021,Wood Bison,f,Y,2022/2023 Contract Box 2,2022/2023 Contract Plate 2,N,hair,Chest freezer,,,,,,,,,,,,,
2022/2023,88226,WBNP,hair,2021,Wood Bison,f,Y,2022/2023 Contract Box 2,2022/2023 Contract Plate 2,N,hair,Chest freezer,,,,,,,,,,,,,
2022/2023,88227,WBNP,hair,2021,Wood Bison,f,Y,2022/2023 Contract Box 2,2022/2023 Contract Plate 2,N,hair,Chest freezer,,,,,,,,,,,,,
2022/2023,88228,WBNP,hair,2021,Wood Bison,f,Y,2022/2023 Contract Box 2,2022/2023 Contract Plate 2,N,hair,Chest freezer,,,,,,,,,,,,,
2022/2023,6344-207494,Ronald Lake,serum,2018,Wood Bison,F,Y,2022/2023 Contract Box 4,2022/2023 Contract Plate 4,,,,,,,,,,,,,,,,
2022/2023,6345-207459,Ronald Lake,serum,2018,Wood Bison,F,Y,2022/2023 Contract Box 4,2022/2023 Contract Plate 4,,,,,,,,,,,,,,,,
2022/2023,6346-207496,Ronald Lake,serum,2018,Wood Bison,F,Y,2022/2023 Contract Box 4,2022/2023 Contract Plate 4,,,,,,,,,,,,,,,,
2022/2023,6347-207497,Ronald Lake,serum,2018,Wood Bison,F,Y,2022/2023 Contract Box 4,2022/2023 Contract Plate 4,,,,,,,,,,,,,,,,
2022/2023,6348-207498,Ronald Lake,serum,2018,Wood Bison,F,Y,2022/2023 Contract Box 4,2022/2023 Contract Plate 4,,,,,,,,,,,,,,,,
2022/2023,6349-207499,Ronald Lake,serum,2018,Wood Bison,F,Y,2022/2023 Contract Box 4,2022/2023 Contract Plate 4,,,,,,,,,,,,,,,,
2022/2023,6350-207500,Ronald Lake,serum,2018,Wood Bison,F,Y,2022/2023 Contract Box 4,2022/2023 Contract Plate 4,,,,,,,,,,,,,,,,
2022/2023,6351-207501,Ronald Lake,serum,2018,Wood Bison,F,Y,2022/2023 Contract Box 4,2022/2023 Contract Plate 4,,,,,,,,,,,,,,,,
2022/2023,RL21-01,Ronald Lake,biopsy punch,13-Jan-21,,F,Y,2022/2023 Contract Box 3,2022/2023 Contract Plate 3,One tissue punch,,Chest Freezer,,,,,,,,,,,,,
2022/2023,RL21-02,Ronald Lake,biopsy punch,13-Jan-21,,F,Y,2022/2023 Contract Box 3,2022/2023 Contract Plate 3,One tissue punch,,Chest Freezer,,,,,,,,,,,,,
2022/2023,RL21-03,Ronald Lake,biopsy punch,13-Jan-21,,F,Y,2022/2023 Contract Box 3,2022/2023 Contract Plate 3,One tissue punch,,Chest Freezer,,,,,,,,,,,,,
2022/2023,RL21-04,Ronald Lake,biopsy punch,13-Jan-21,,F,Y,2022/2023 Contract Box 3,2022/2023 Contract Plate 3,,,,,,,,,,,,,,,,
2022/2023,RL21-05,Ronald Lake,biopsy punch,13-Jan-21,,F,Y,2022/2023 Contract Box 3,2022/2023 Contract Plate 3,One tissue punch,,Chest Freezer,,,,,,,,,,,,,
2022/2023,RL21-06,Ronald Lake,biopsy punch,13-Jan-21,,F,Y,2022/2023 Contract Box 3,2022/2023 Contract Plate 3,One tissue punch,,Chest Freezer,,,,,,,,,,,,,
2022/2023,RL21-07,Ronald Lake,biopsy punch,13-Jan-21,,F,Y,2022/2023 Contract Box 3,2022/2023 Contract Plate 3,One tissue punch,,Chest Freezer,,,,,,,,,,,,,
2022/2023,RL21-09,Ronald Lake,biopsy punch,13-Jan-21,,F,Y,2022/2023 Contract Box 3,2022/2023 Contract Plate 3,One tissue punch,,Chest Freezer,,,,,,,,,,,,,
2022/2023,RL21-10,Ronald Lake,biopsy punch,13-Jan-21,,F,Y,2022/2023 Contract Box 3,2022/2023 Contract Plate 3,One tissue punch,,Chest Freezer,,,,,,,,,,,,,
2022/2023,RL21-11,Ronald Lake,biopsy punch,13-Jan-21,,F,Y,2022/2023 Contract Box 3,2022/2023 Contract Plate 3,One tissue punch,,Chest Freezer,,,,,,,,,,,,,
2022/2023,RL21-12,Ronald Lake,biopsy punch,13-Jan-21,,F,Y,2022/2023 Contract Box 3,2022/2023 Contract Plate 3,One tissue punch,,Chest Freezer,,,,,,,,,,,,,
2022/2023,RL21-13,Ronald Lake,biopsy punch,13-Jan-21,,F,Y,2022/2023 Contract Box 3,2022/2023 Contract Plate 3,One tissue punch,,Chest Freezer,,,,,,,,,,,,,
2022/2023,RL21-14,Ronald Lake,biopsy punch,13-Jan-21,,F,Y,2022/2023 Contract Box 3,2022/2023 Contract Plate 3,One tissue punch,,Chest Freezer,,,,,,,,,,,,,
2022/2023,RL21-15,Ronald Lake,biopsy punch,13-Jan-21,,F,Y,2022/2023 Contract Box 3,2022/2023 Contract Plate 3,One tissue punch,,Chest Freezer,,,,,,,,,,,,,
2022/2023,RL21-17,Ronald Lake,biopsy punch,22-Mar-21,,M,Y,2022/2023 Contract Box 3,2022/2023 Contract Plate 3,One tissue punch,,Chest Freezer,,,,,,,,,,,,,
2022/2023,RL21-20,Ronald Lake,biopsy punch,22-Mar-21,,M,Y,2022/2023 Contract Box 3,2022/2023 Contract Plate 3,One tissue punch,,Chest Freezer,,,,,,,,,,,,,
2022/2023,RL21-25,Ronald Lake,biopsy punch,22-Mar-21,,M,Y,2022/2023 Contract Box 3,2022/2023 Contract Plate 3,One tissue punch,,Chest Freezer,,,,,,,,,,,,,
2022/2023,10 273,Sturgeon River,fecal swab,,Plains Bison,,Y,2022/2023 Contract Box 1,2022/2023 Contract Plate 1,,,,,,,,,,,,,,,,
2022/2023,11-272,Sturgeon River,fecal swab,,Plains Bison,,Y,2022/2023 Contract Box 1,2022/2023 Contract Plate 1,,,,,,,,,,,,,,,,
2022/2023,12-273,Sturgeon River,fecal swab,,Plains Bison,,Y,2022/2023 Contract Box 1,2022/2023 Contract Plate 1,,,,,,,,,,,,,,,,
2022/2023,1-268,Sturgeon River,fecal swab,,Plains Bison,,Y,2022/2023 Contract Box 1,2022/2023 Contract Plate 1,,,,,,,,,,,,,,,,
2022/2023,1-273,Sturgeon River,fecal swab,,Plains Bison,,Y,2022/2023 Contract Box 1,2022/2023 Contract Plate 1,,,,,,,,,,,,,,,,
2022/2023,13-273,Sturgeon River,fecal swab,,Plains Bison,,Y,2022/2023 Contract Box 1,2022/2023 Contract Plate 1,,,,,,,,,,,,,,,,
2022/2023,14-273,Sturgeon River,fecal swab,,Plains Bison,,Y,2022/2023 Contract Box 1,2022/2023 Contract Plate 1,,,,,,,,,,,,,,,,
2022/2023,16-272,Sturgeon River,fecal swab,,Plains Bison,,Y,2022/2023 Contract Box 1,2022/2023 Contract Plate 1,,,,,,,,,,,,,,,,
2022/2023,17-272,Sturgeon River,fecal swab,,Plains Bison,,Y,2022/2023 Contract Box 1,2022/2023 Contract Plate 1,,,,,,,,,,,,,,,,
2022/2023,18 292,Sturgeon River,fecal swab,,Plains Bison,,Y,2022/2023 Contract Box 1,2022/2023 Contract Plate 1,,,,,,,,,,,,,,,,
2022/2023,19-272,Sturgeon River,fecal swab,,Plains Bison,,Y,2022/2023 Contract Box 1,2022/2023 Contract Plate 1,,,,,,,,,,,,,,,,
2022/2023,20-272,Sturgeon River,fecal swab,,Plains Bison,,Y,2022/2023 Contract Box 1,2022/2023 Contract Plate 1,,,,,,,,,,,,,,,,
2022/2023,21-272,Sturgeon River,fecal swab,,Plains Bison,,Y,2022/2023 Contract Box 1,2022/2023 Contract Plate 1,,,,,,,,,,,,,,,,
2022/2023,2-273,Sturgeon River,fecal swab,,Plains Bison,,Y,2022/2023 Contract Box 1,2022/2023 Contract Plate 1,,,,,,,,,,,,,,,,
2022/2023,23-273,Sturgeon River,fecal swab,,Plains Bison,,Y,2022/2023 Contract Box 1,2022/2023 Contract Plate 1,,,,,,,,,,,,,,,,
2022/2023,24-273,Sturgeon River,fecal swab,,Plains Bison,,Y,2022/2023 Contract Box 1,2022/2023 Contract Plate 1,,,,,,,,,,,,,,,,
2022/2023,25-273,Sturgeon River,fecal swab,,Plains Bison,,Y,2022/2023 Contract Box 1,2022/2023 Contract Plate 1,,,,,,,,,,,,,,,,
2022/2023,26-273,Sturgeon River,fecal swab,,Plains Bison,,Y,2022/2023 Contract Box 1,2022/2023 Contract Plate 1,,,,,,,,,,,,,,,,
2022/2023,27-273,Sturgeon River,fecal swab,,Plains Bison,,Y,2022/2023 Contract Box 1,2022/2023 Contract Plate 1,,,,,,,,,,,,,,,,
2022/2023,28-273,Sturgeon River,fecal swab,,Plains Bison,,Y,2022/2023 Contract Box 1,2022/2023 Contract Plate 1,,,,,,,,,,,,,,,,
2022/2023,29-273,Sturgeon River,fecal swab,,Plains Bison,,Y,2022/2023 Contract Box 1,2022/2023 Contract Plate 1,,,,,,,,,,,,,,,,
2022/2023,30-273,Sturgeon River,fecal swab,,Plains Bison,,Y,2022/2023 Contract Box 1,2022/2023 Contract Plate 1,,,,,,,,,,,,,,,,
2022/2023,31-270,Sturgeon River,fecal swab,,Plains Bison,,Y,2022/2023 Contract Box 1,2022/2023 Contract Plate 1,,,,,,,,,,,,,,,,
2022/2023,32-270,Sturgeon River,fecal swab,,Plains Bison,,Y,2022/2023 Contract Box 1,2022/2023 Contract Plate 1,,,,,,,,,,,,,,,,
2022/2023,3-268,Sturgeon River,fecal swab,,Plains Bison,,Y,2022/2023 Contract Box 1,2022/2023 Contract Plate 1,,,,,,,,,,,,,,,,
2022/2023,3-273,Sturgeon River,fecal swab,,Plains Bison,,Y,2022/2023 Contract Box 1,2022/2023 Contract Plate 1,,,,,,,,,,,,,,,,
2022/2023,33-270,Sturgeon River,fecal swab,,Plains Bison,,Y,2022/2023 Contract Box 1,2022/2023 Contract Plate 1,,,,,,,,,,,,,,,,
2022/2023,34-270,Sturgeon River,fecal swab,,Plains Bison,,Y,2022/2023 Contract Box 1,2022/2023 Contract Plate 1,,,,,,,,,,,,,,,,
2022/2023,35-270,Sturgeon River,fecal swab,,Plains Bison,,Y,2022/2023 Contract Box 1,2022/2023 Contract Plate 1,,,,,,,,,,,,,,,,
2022/2023,36-273,Sturgeon River,fecal swab,,Plains Bison,,Y,2022/2023 Contract Box 1,2022/2023 Contract Plate 1,,,,,,,,,,,,,,,,
2022/2023,37-270,Sturgeon River,fecal swab,,Plains Bison,,Y,2022/2023 Contract Box 1,2022/2023 Contract Plate 1,,,,,,,,,,,,,,,,
2022/2023,38-270,Sturgeon River,fecal swab,,Plains Bison,,Y,2022/2023 Contract Box 1,2022/2023 Contract Plate 1,,,,,,,,,,,,,,,,
2022/2023,39-270,Sturgeon River,fecal swab,,Plains Bison,,Y,2022/2023 Contract Box 1,2022/2023 Contract Plate 1,,,,,,,,,,,,,,,,
2022/2023,40-270,Sturgeon River,fecal swab,,Plains Bison,,Y,2022/2023 Contract Box 1,2022/2023 Contract Plate 1,,,,,,,,,,,,,,,,
2022/2023,41-270,Sturgeon River,fecal swab,,Plains Bison,,Y,2022/2023 Contract Box 1,2022/2023 Contract Plate 1,,,,,,,,,,,,,,,,
2022/2023,4-273,Sturgeon River,fecal swab,,Plains Bison,,Y,2022/2023 Contract Box 1,2022/2023 Contract Plate 1,,,,,,,,,,,,,,,,
2022/2023,46-270,Sturgeon River,fecal swab,,Plains Bison,,Y,2022/2023 Contract Box 1,2022/2023 Contract Plate 1,,,,,,,,,,,,,,,,
2022/2023,47-270,Sturgeon River,fecal swab,,Plains Bison,,Y,2022/2023 Contract Box 1,2022/2023 Contract Plate 1,,,,,,,,,,,,,,,,
2022/2023,48-270,Sturgeon River,fecal swab,,Plains Bison,,Y,2022/2023 Contract Box 1,2022/2023 Contract Plate 1,,,,,,,,,,,,,,,,
2022/2023,49-270,Sturgeon River,fecal swab,,Plains Bison,,Y,2022/2023 Contract Box 1,2022/2023 Contract Plate 1,,,,,,,,,,,,,,,,
2022/2023,50-270,Sturgeon River,fecal swab,,Plains Bison,,Y,2022/2023 Contract Box 1,2022/2023 Contract Plate 1,,,,,,,,,,,,,,,,
2022/2023,51-270,Sturgeon River,fecal swab,,Plains Bison,,Y,2022/2023 Contract Box 1,2022/2023 Contract Plate 1,,,,,,,,,,,,,,,,
2022/2023,52-47,Sturgeon River,fecal swab,,Plains Bison,,Y,2022/2023 Contract Box 1,2022/2023 Contract Plate 1,,,,,,,,,,,,,,,,
2022/2023,5-273,Sturgeon River,fecal swab,,Plains Bison,,Y,2022/2023 Contract Box 1,2022/2023 Contract Plate 1,,,,,,,,,,,,,,,,
2022/2023,53 47,Sturgeon River,fecal swab,,Plains Bison,,Y,2022/2023 Contract Box 1,2022/2023 Contract Plate 1,,,,,,,,,,,,,,,,
2022/2023,54 47,Sturgeon River,fecal swab,,Plains Bison,,Y,2022/2023 Contract Box 1,2022/2023 Contract Plate 1,,,,,,,,,,,,,,,,
2022/2023,55 47,Sturgeon River,fecal swab,,Plains Bison,,Y,2022/2023 Contract Box 1,2022/2023 Contract Plate 1,,,,,,,,,,,,,,,,
2022/2023,56 47,Sturgeon River,fecal swab,,Plains Bison,,Y,2022/2023 Contract Box 1,2022/2023 Contract Plate 1,,,,,,,,,,,,,,,,
2022/2023,57 47,Sturgeon River,fecal swab,,Plains Bison,,Y,2022/2023 Contract Box 1,2022/2023 Contract Plate 1,,,,,,,,,,,,,,,,
2022/2023,58 47,Sturgeon River,fecal swab,,Plains Bison,,Y,2022/2023 Contract Box 1,2022/2023 Contract Plate 1,,,,,,,,,,,,,,,,
2022/2023,59 47,Sturgeon River,fecal swab,,Plains Bison,,Y,2022/2023 Contract Box 1,2022/2023 Contract Plate 1,,,,,,,,,,,,,,,,
2022/2023,6 273,Sturgeon River,fecal swab,,Plains Bison,,Y,2022/2023 Contract Box 1,2022/2023 Contract Plate 1,,,,,,,,,,,,,,,,
2022/2023,60 47,Sturgeon River,fecal swab,,Plains Bison,,Y,2022/2023 Contract Box 1,2022/2023 Contract Plate 1,,,,,,,,,,,,,,,,
2022/2023,61 47,Sturgeon River,fecal swab,,Plains Bison,,Y,2022/2023 Contract Box 1,2022/2023 Contract Plate 1,,,,,,,,,,,,,,,,
2022/2023,7-273,Sturgeon River,fecal swab,,Plains Bison,,Y,2022/2023 Contract Box 1,2022/2023 Contract Plate 1,,,,,,,,,,,,,,,,
2022/2023,80-268,Sturgeon River,fecal swab,,Plains Bison,,Y,2022/2023 Contract Box 1,2022/2023 Contract Plate 1,,,,,,,,,,,,,,,,
2022/2023,81-268,Sturgeon River,fecal swab,,Plains Bison,,Y,2022/2023 Contract Box 1,2022/2023 Contract Plate 1,,,,,,,,,,,,,,,,
2022/2023,82-268,Sturgeon River,fecal swab,,Plains Bison,,Y,2022/2023 Contract Box 1,2022/2023 Contract Plate 1,,,,,,,,,,,,,,,,
2022/2023,8-268,Sturgeon River,fecal swab,,Plains Bison,,Y,2022/2023 Contract Box 1,2022/2023 Contract Plate 1,,,,,,,,,,,,,,,,
2022/2023,8-273,Sturgeon River,fecal swab,,Plains Bison,,Y,2022/2023 Contract Box 1,2022/2023 Contract Plate 1,,,,,,,,,,,,,,,,
2022/2023,83-268,Sturgeon River,fecal swab,,Plains Bison,,Y,2022/2023 Contract Box 1,2022/2023 Contract Plate 1,,,,,,,,,,,,,,,,
2022/2023,84-273,Sturgeon River,fecal swab,,Plains Bison,,Y,2022/2023 Contract Box 1,2022/2023 Contract Plate 1,,,,,,,,,,,,,,,,
2022/2023,85-268,Sturgeon River,fecal swab,,Plains Bison,,Y,2022/2023 Contract Box 1,2022/2023 Contract Plate 1,,,,,,,,,,,,,,,,
2022/2023,9-273,Sturgeon River,fecal swab,,Plains Bison,,Y,2022/2023 Contract Box 1,2022/2023 Contract Plate 1,,,,,,,,,,,,,,,,
2022/2023,88251,WBNP,hair,2021,Wood Bison,f,Y,2022/2023 Contract Box 2,2022/2023 Contract Plate 2,N,hair,Chest freezer,,,,,,,,,,,,,
2022/2023,659602,WBNP,blood,,Wood Bison,,Y,2022/2023 Contract Box 4,2022/2023 Contract Plate 4,,,,,,,,,,,,,,,,
2022/2023,0124 000 300 931 364,Dan Fox / Blood,Hair,2021,Plains Bison,f,Y,2022/2023 Contract Box 2,2022/2023 Contract Plate 2,N,Hair,Chest freezer - hair and biopsy bin,,,,,,,,,,,,,
2022/2023,0124 000 300 931 365,Dan Fox / Blood,Hair,2021,Plains Bison,f,Y,2022/2023 Contract Box 2,2022/2023 Contract Plate 2,N,Hair,Chest freezer - hair and biopsy bin,,,,,,,,,,,,,
2022/2023,0124 000 300 931 366,Dan Fox / Blood,Hair,2021,Plains Bison,f,Y,2022/2023 Contract Box 2,2022/2023 Contract Plate 2,N,Hair,Chest freezer - hair and biopsy bin,,,,,,,,,,,,,
2022/2023,0124 000 300 931 367,Dan Fox / Blood,Hair,2021,Plains Bison,f,Y,2022/2023 Contract Box 2,2022/2023 Contract Plate 2,N,Hair,Chest freezer - hair and biopsy bin,,,,,,,,,,,,,
2022/2023,0124 000 300 931 374,Dan Fox / Blood,Hair,2021,Plains Bison,f,Y,2022/2023 Contract Box 2,2022/2023 Contract Plate 2,N,Hair,Chest freezer - hair and biopsy bin,,,,,,,,,,,,,
2022/2023,0124 000 300 931 375,Dan Fox / Blood,Hair,2021,Plains Bison,f,Y,2022/2023 Contract Box 2,2022/2023 Contract Plate 2,N,Hair,Chest freezer - hair and biopsy bin,,,,,,,,,,,,,
2022/2023,0124 000 300 931 376,Dan Fox / Blood,Hair,2021,Plains Bison,m,Y,2022/2023 Contract Box 2,2022/2023 Contract Plate 2,N,Hair,Chest freezer - hair and biopsy bin,,,,,,,,,,,,,
2022/2023,0124 000 300 931 377,Dan Fox / Blood,Hair,2021,Plains Bison,m,Y,2022/2023 Contract Box 2,2022/2023 Contract Plate 2,N,Hair,Chest freezer - hair and biopsy bin,,,,,,,,,,,,,
2022/2023,0124 000 300 931 378,Dan Fox / Blood,Hair,2021,Plains Bison,m,Y,2022/2023 Contract Box 2,2022/2023 Contract Plate 2,N,Hair,Chest freezer - hair and biopsy bin,,,,,,,,,,,,,
2022/2023,0124 000 300 931 379,Dan Fox / Blood,Hair,2021,Plains Bison,m,Y,2022/2023 Contract Box 2,2022/2023 Contract Plate 2,N,Hair,Chest freezer - hair and biopsy bin,,,,,,,,,,,,,
2022/2023,0124 000 300 931 380,Dan Fox / Blood,Hair,2021,Plains Bison,m,Y,2022/2023 Contract Box 2,2022/2023 Contract Plate 2,N,Hair,Chest freezer - hair and biopsy bin,,,,,,,,,,,,,
2022/2023,0124 000 300 931 381,Dan Fox / Blood,Hair,2021,Plains Bison,m,Y,2022/2023 Contract Box 2,2022/2023 Contract Plate 2,N,Hair,Chest freezer - hair and biopsy bin,,,,,,,,,,,,,
2022/2023,0124 000 300 931 382,Dan Fox / Blood,Hair,2021,Plains Bison,m,Y,2022/2023 Contract Box 2,2022/2023 Contract Plate 2,N,Hair,Chest freezer - hair and biopsy bin,,,,,,,,,,,,,
2022/2023,1 GP1,Etthithun,fecal swab,,Wood Bison,,Y,,2022/2023 Contract Plate 4,,,,,,,,,,,,,,,,
2022/2023,10 GP2,Etthithun,fecal swab,,Wood Bison,,Y,,2022/2023 Contract Plate 4,,,,,,,,,,,,,,,,
2022/2023,11 GP1,Etthithun,fecal swab,,Wood Bison,,Y,,2022/2023 Contract Plate 4,,,,,,,,,,,,,,,,
2022/2023,11-03,,DNA,,,,N,NA,NA,,,,,,,,,,,,,,,,
2022/2023,11-07,,DNA,,,,N,NA,NA,,,,,,,,,,,,,,,,
2022/2023,11-09,,DNA,,,,N,NA,NA,,,,,,,,,,,,,,,,
2022/2023,12 GP1,Etthithun,fecal swab,,Wood Bison,,Y,,2022/2023 Contract Plate 4,,,,,,,,,,,,,,,,
2022/2023,12-20,,DNA,,,,N,NA,NA,,,,,,,,,,,,,,,,
2022/2023,12-21,,DNA,,,,N,NA,NA,,,,,,,,,,,,,,,,
2022/2023,12-22,,DNA,,,,N,NA,NA,,,,,,,,,,,,,,,,
2022/2023,12-23,,DNA,,,,N,NA,NA,,,,,,,,,,,,,,,,
2022/2023,12-24,,DNA,,,,N,NA,NA,,,,,,,,,,,,,,,,
2022/2023,12-25,,DNA,,,,N,NA,NA,,,,,,,,,,,,,,,,
2022/2023,12-26,,DNA,,,,N,NA,NA,,,,,,,,,,,,,,,,
2022/2023,12-27,,DNA,,,,N,NA,NA,,,,,,,,,,,,,,,,
2022/2023,12-28,,DNA,,,,N,NA,NA,,,,,,,,,,,,,,,,
2022/2023,12-29,,DNA,,,,N,NA,NA,,,,,,,,,,,,,,,,
2022/2023,12-30,,DNA,,,,N,NA,NA,,,,,,,,,,,,,,,,
2022/2023,12-31,,DNA,,,,N,NA,NA,,,,,,,,,,,,,,,,
2022/2023,124 000 300 684 696 2020,Dan Fox / Blood,Hair,2021,Plains Bison,M,Y,2022/2023 Contract Box 2,2022/2023 Contract Plate 2,N,Hair,Chest freezer - hair and biopsy bin,,,,,,,,,,,,,
2022/2023,124 000 300 684 697 2020,Dan Fox / Blood,Hair,2021,Plains Bison,m,Y,2022/2023 Contract Box 2,2022/2023 Contract Plate 2,N,Hair,Chest freezer - hair and biopsy bin,,,,,,,,,,,,,
2022/2023,124 000 300 703 245 2019,Dan Fox / Blood,Hair,2021,Plains Bison,f,Y,2022/2023 Contract Box 2,2022/2023 Contract Plate 2,N,Hair,Chest freezer - hair and biopsy bin,,,,,,,,,,,,,
2022/2023,124 000 300 703 246 2019,Dan Fox / Blood,Hair,2021,Plains Bison,f,Y,2022/2023 Contract Box 2,2022/2023 Contract Plate 2,N,Hair,Chest freezer - hair and biopsy bin,,,,,,,,,,,,,
2022/2023,124 000 300 931 368 2020,Dan Fox / Blood,Hair,2021,Plains Bison,f,Y,2022/2023 Contract Box 2,2022/2023 Contract Plate 2,N,Hair,Chest freezer - hair and biopsy bin,,,,,,,,,,,,,
2022/2023,124 000 300 931 369 2020,Dan Fox / Blood,Hair,2021,Plains Bison,f,Y,2022/2023 Contract Box 2,2022/2023 Contract Plate 2,N,Hair,Chest freezer - hair and biopsy bin,,,,,,,,,,,,,
2022/2023,124 000 300 931 370 2020,Dan Fox / Blood,Hair,2021,Plains Bison,f,Y,2022/2023 Contract Box 2,2022/2023 Contract Plate 2,N,Hair,Chest freezer - hair and biopsy bin,,,,,,,,,,,,,
2022/2023,124 000 300 931 371 2020,Dan Fox / Blood,Hair,2021,Plains Bison,f,Y,2022/2023 Contract Box 2,2022/2023 Contract Plate 2,N,Hair,Chest freezer - hair and biopsy bin,,,,,,,,,,,,,
2022/2023,124 000 300 931 372 2020,Dan Fox / Blood,Hair,2021,Plains Bison,f,Y,2022/2023 Contract Box 2,2022/2023 Contract Plate 2,N,Hair,Chest freezer - hair and biopsy bin,,,,,,,,,,,,,
2022/2023,124 000 300 931 373,Dan Fox / Blood,Hair,2021,Plains Bison,m,Y,2022/2023 Contract Box 2,2022/2023 Contract Plate 2,N,Hair,Chest freezer - hair and biopsy bin,,,,,,,,,,,,,
2022/2023,13 GP1,Etthithun,fecal swab,,Wood Bison,,Y,,2022/2023 Contract Plate 4,,,,,,,,,,,,,,,,
2022/2023,14 GP1,Etthithun,fecal swab,,Wood Bison,,Y,,2022/2023 Contract Plate 4,,,,,,,,,,,,,,,,
2022/2023,15 GP1,Etthithun,fecal swab,,Wood Bison,,Y,,2022/2023 Contract Plate 4,,,,,,,,,,,,,,,,
2022/2023,150_000,Hay Zama,Fecal,3/18/2020,Wood Bison,,N,NA,NA,,,,,,,,,,,,,,,,
2022/2023,150_000,Hay Zama,hair,18-Mar-20,Wood Bison,,Y,2022/2023 Contract Box 3,2022/2023 Contract Plate 3,,,,,,,,,,,,,,,,
2022/2023,150_020,Etthithun,Fecal,3/15/2020,Wood Bison,,Y,2022/2023 Contract Box 1,2022/2023 Contract Plate 1,,,,,,,,,,,,,,,,
2022/2023,150_020,Etthithun,hair,15-Mar-20,Wood Bison,,Y,,2022/2023 Contract Plate 2,,,,,,,,,,,,,,,,
2022/2023,150_060,Etthithun,Fecal,3/15/2020,Wood Bison,,Y,2022/2023 Contract Box 1,2022/2023 Contract Plate 1,,,,,,,,,,,,,,,,
2022/2023,150_060,Etthithun,hair,15-Mar-20,Wood Bison,,Y,,2022/2023 Contract Plate 2,,,,,,,,,,,,,,,,
2022/2023,150_070,Etthithun,Fecal,3/16/2020,Wood Bison,,Y,2022/2023 Contract Box 1,2022/2023 Contract Plate 1,,,,,,,,,,,,,,,,
2022/2023,150_070,Etthithun,hair,16-Mar-20,Wood Bison,,Y,2022/2023 Contract Box 2,2022/2023 Contract Plate 2,,,,,,,,,,,,,,,,
2022/2023,150_080,Etthithun,Fecal,3/15/2020,Wood Bison,,Y,2022/2023 Contract Box 1,2022/2023 Contract Plate 1,,,,,,,,,,,,,,,,
2022/2023,150_080,Etthithun,hair,15-Mar-20,Wood Bison,,Y,2022/2023 Contract Box 2,2022/2023 Contract Plate 2,,,,,,,,,,,,,,,,
2022/2023,150_100,Etthithun,Fecal,3/16/2020,Wood Bison,,Y,2022/2023 Contract Box 1,2022/2023 Contract Plate 1,,,,,,,,,,,,,,,,
2022/2023,150_100,Etthithun,hair,16-Mar-20,Wood Bison,,Y,2022/2023 Contract Box 2,2022/2023 Contract Plate 2,,,,,,,,,,,,,,,,
2022/2023,150_130,Etthithun,Fecal,3/16/2020,Wood Bison,,Y,2022/2023 Contract Box 1,2022/2023 Contract Plate 1,,,,,,,,,,,,,,,,
2022/2023,150_130,Etthithun,hair,16-Mar-20,Wood Bison,,Y,2022/2023 Contract Box 2,2022/2023 Contract Plate 2,,,,,,,,,,,,,,,,
2022/2023,150_190,Wabasca,Fecal,3/17/2020,Wood Bison,,Y,2022/2023 Contract Box 1,2022/2023 Contract Plate 1,,,,,,,,,,,,,,,,
2022/2023,150_190,Wabasca,hair,17-Mar-20,Wood Bison,,Y,2022/2023 Contract Box 2,2022/2023 Contract Plate 2,,,,,,,,,,,,,,,,
2022/2023,150_230,Wabasca,Fecal,3/17/2020,Wood Bison,,Y,2022/2023 Contract Box 1,2022/2023 Contract Plate 1,,,,,,,,,,,,,,,,
2022/2023,150_230,Wabasca,hair,17-Mar-20,Wood Bison,,Y,2022/2023 Contract Box 2,2022/2023 Contract Plate 2,,,,,,,,,,,,,,,,
2022/2023,150_250,Wabasca,hair,17-Mar-20,Wood Bison,,Y,2022/2023 Contract Box 2,2022/2023 Contract Plate 2,,,,,,,,,,,,,,,,
2022/2023,150_300,Wabasca,hair,17-Mar-20,Wood Bison,,Y,2022/2023 Contract Box 2,2022/2023 Contract Plate 2,,,,,,,,,,,,,,,,
2022/2023,150_320,Hay Zama,hair,18-Mar-20,Wood Bison,,Y,2022/2023 Contract Box 2,2022/2023 Contract Plate 2,,,,,,,,,,,,,,,,
2022/2023,150_400,Hay Zama,Fecal,3/18/2020,Wood Bison,,Y,2022/2023 Contract Box 1,2022/2023 Contract Plate 1,,,,,,,,,,,,,,,,
2022/2023,150_400,Hay Zama,hair,18-Mar-20,Wood Bison,,Y,2022/2023 Contract Box 2,2022/2023 Contract Plate 2,,,,,,,,,,,,,,,,
2022/2023,150_490,Hay Zama,Fecal,3/18/2020,Wood Bison,,Y,2022/2023 Contract Box 1,2022/2023 Contract Plate 1,,,,,,,,,,,,,,,,
2022/2023,150_490,Hay Zama,hair,18-Mar-20,Wood Bison,,Y,2022/2023 Contract Box 2,2022/2023 Contract Plate 2,,,,,,,,,,,,,,,,
2022/2023,150_510,Hay Zama,Fecal,3/18/2020,Wood Bison,,Y,2022/2023 Contract Box 1,2022/2023 Contract Plate 1,,,,,,,,,,,,,,,,
2022/2023,150_610,Hay Zama,Fecal,3/18/2020,Wood Bison,,Y,2022/2023 Contract Box 1,2022/2023 Contract Plate 1,,,,,,,,,,,,,,,,
2022/2023,150_620,Hay Zama,Fecal,3/18/2020,Wood Bison,,Y,2022/2023 Contract Box 1,2022/2023 Contract Plate 1,,,,,,,,,,,,,,,,
2022/2023,150_620,Hay Zama,hair,18-Mar-20,Wood Bison,,Y,2022/2023 Contract Box 2,2022/2023 Contract Plate 2,,,,,,,,,,,,,,,,
2022/2023,150_680,Hay Zama,hair,18-Mar-20,Wood Bison,,Y,2022/2023 Contract Box 3,2022/2023 Contract Plate 3,,,,,,,,,,,,,,,,
2022/2023,150_680,Hay Zama,Fecal,3/18/2020,Wood Bison,,N,NA,NA,,,,,,,,,,,,,,,,
2022/2023,150_790,Hay Zama,Fecal,3/18/2020,Wood Bison,,Y,2022/2023 Contract Box 1,2022/2023 Contract Plate 1,,,,,,,,,,,,,,,,
2022/2023,150_820,Hay Zama,hair,18-Mar-20,Wood Bison,,Y,2022/2023 Contract Box 3,2022/2023 Contract Plate 3,,,,,,,,,,,,,,,,
2022/2023,150_820,Hay Zama,Fecal,3/18/2020,Wood Bison,,N,NA,NA,,,,,,,,,,,,,,,,
2022/2023,151_060,Hay Zama,Fecal,3/18/2020,Wood Bison,,Y,2022/2023 Contract Box 1,2022/2023 Contract Plate 1,,,,,,,,,,,,,,,,
2022/2023,151_060,Hay Zama,hair,18-Mar-20,Wood Bison,,Y,2022/2023 Contract Box 2,2022/2023 Contract Plate 2,,,,,,,,,,,,,,,,
2022/2023,151_220,Hay Zama,Fecal,4/1/2020,Wood Bison,,Y,2022/2023 Contract Box 1,2022/2023 Contract Plate 1,,,,,,,,,,,,,,,,
2022/2023,151_220,Hay Zama,hair,1-Apr-20,Wood Bison,,Y,2022/2023 Contract Box 3,2022/2023 Contract Plate 3,,,,,,,,,,,,,,,,
2022/2023,151_390,Hay Zama,hair,1-Apr-20,Wood Bison,,Y,2022/2023 Contract Box 2,2022/2023 Contract Plate 2,,,,,,,,,,,,,,,,
2022/2023,16 GP1,Etthithun,fecal swab,,Wood Bison,,Y,,2022/2023 Contract Plate 4,,,,,,,,,,,,,,,,
2022/2023,17 GP1,Etthithun,fecal swab,,Wood Bison,,Y,,2022/2023 Contract Plate 4,,,,,,,,,,,,,,,,
2022/2023,18 GP2,Etthithun,fecal swab,,Wood Bison,,Y,,2022/2023 Contract Plate 4,,,,,,,,,,,,,,,,
2022/2023,19 GP2,Etthithun,fecal swab,,Wood Bison,,Y,,2022/2023 Contract Plate 4,,,,,,,,,,,,,,,,
2022/2023,2 GP1,Etthithun,fecal swab,,Wood Bison,,Y,,2022/2023 Contract Plate 4,,,,,,,,,,,,,,,,
2022/2023,20 GP2,Etthithun,fecal swab,,Wood Bison,,Y,,2022/2023 Contract Plate 4,,,,,,,,,,,,,,,,
2022/2023,21 GP2,Etthithun,fecal swab,,Wood Bison,,Y,,2022/2023 Contract Plate 4,,,,,,,,,,,,,,,,
2022/2023,22 GP2,Etthithun,fecal swab,,Wood Bison,,Y,,2022/2023 Contract Plate 4,,,,,,,,,,,,,,,,
2022/2023,23 GP2,Etthithun,fecal swab,,Wood Bison,,Y,,2022/2023 Contract Plate 4,,,,,,,,,,,,,,,,
2022/2023,24 GP2,Etthithun,fecal swab,,Wood Bison,,Y,,2022/2023 Contract Plate 4,,,,,,,,,,,,,,,,
2022/2023,25 GP2,Etthithun,fecal swab,,Wood Bison,,Y,,2022/2023 Contract Plate 4,,,,,,,,,,,,,,,,
2022/2023,26 GP2,Etthithun,fecal swab,,Wood Bison,,Y,,2022/2023 Contract Plate 4,,,,,,,,,,,,,,,,
2022/2023,3 GP1,Etthithun,fecal swab,,Wood Bison,,Y,,2022/2023 Contract Plate 4,,,,,,,,,,,,,,,,
2022/2023,B… Steak,AB?,DNA,,"**labled ""Bison Steak 1""?**",,N,NA,NA,,,,,,,,,,,,,,,,
2022/2023,Bison 1,,DNA,,,,N,NA,NA,,,,,,,,,,,,,,,,
2022/2023,Bison Blood 1,,DNA,,,,N,NA,NA,,,,,,,,,,,,,,,,
2022/2023,Bison Blood 10,,DNA,,,,N,NA,NA,,,,,,,,,,,,,,,,
2022/2023,Bison Blood 102,,DNA,,,,N,NA,NA,,,,,,,,,,,,,,,,
2022/2023,Bison Blood 106,,DNA,,,,N,NA,NA,,,,,,,,,,,,,,,,
2022/2023,Bison Blood 108,,DNA,,,,N,NA,NA,,,,,,,,,,,,,,,,
2022/2023,Bison Blood 11,,DNA,,,,N,NA,NA,,,,,,,,,,,,,,,,
2022/2023,Bison Blood 13,,DNA,,,,N,NA,NA,,,,,,,,,,,,,,,,
2022/2023,Bison Blood 14,,DNA,,,,N,NA,NA,,,,,,,,,,,,,,,,
2022/2023,Bison Blood 15,,DNA,,,,N,NA,NA,,,,,,,,,,,,,,,,
2022/2023,Bison Blood 16,,DNA,,,,N,NA,NA,,,,,,,,,,,,,,,,
2022/2023,Bison Blood 17,,DNA,,,,N,NA,NA,,,,,,,,,,,,,,,,
2022/2023,Bison Blood 19,,DNA,,,,N,NA,NA,,,,,,,,,,,,,,,,
2022/2023,Bison Blood 2,,DNA,,,,N,NA,NA,,,,,,,,,,,,,,,,
2022/2023,Bison Blood 20,,DNA,,,,N,NA,NA,,,,,,,,,,,,,,,,
2022/2023,Bison Blood 21,,DNA,,,,N,NA,NA,,,,,,,,,,,,,,,,
2022/2023,Bison Blood 22,,DNA,,,,N,NA,NA,,,,,,,,,,,,,,,,
2022/2023,Bison Blood 23,,DNA,,,,N,NA,NA,,,,,,,,,,,,,,,,
2022/2023,Bison Blood 24,,DNA,,,,N,NA,NA,,,,,,,,,,,,,,,,
2022/2023,Bison Blood 27,,DNA,,,,N,NA,NA,,,,,,,,,,,,,,,,
2022/2023,Bison Blood 3,,DNA,,,,N,NA,NA,,,,,,,,,,,,,,,,
2022/2023,Bison Blood 30,,DNA,,,,N,NA,NA,,,,,,,,,,,,,,,,
2022/2023,Bison Blood 39,,DNA,,,,N,NA,NA,,,,,,,,,,,,,,,,
2022/2023,Bison Blood 4,,DNA,,,,N,NA,NA,,,,,,,,,,,,,,,,
2022/2023,Bison Blood 40,,DNA,,,,N,NA,NA,,,,,,,,,,,,,,,,
2022/2023,Bison Blood 43,,DNA,,,,N,NA,NA,,,,,,,,,,,,,,,,
2022/2023,Bison Blood 47,,DNA,,,,N,NA,NA,,,,,,,,,,,,,,,,
2022/2023,Bison Blood 5,,DNA,,,,N,NA,NA,,,,,,,,,,,,,,,,
2022/2023,Bison Blood 6,,DNA,,,,N,NA,NA,,,,,,,,,,,,,,,,
2022/2023,Bison Blood 7,,DNA,,,,N,NA,NA,,,,,,,,,,,,,,,,
2022/2023,Bison Blood 8,,DNA,,,,N,NA,NA,,,,,,,,,,,,,,,,
2022/2023,BlueDart4,WBNP / Nyarling,Biopsy,9/14/2021,Wood Bison,f,Y,2022/2023 Contract Box 3,2022/2023 Contract Plate 3,N,One tissue punch,Chest freezer - hair and biopsy bin,,,,,,,,,,,,,
2022/2023,BSN-102,WBNP,Ear,23/09/2021,Wood,unk,Y,2022/2023 Contract Box 4,2022/2023 Contract Plate 4,N,Full ear ,Chest Freezer,,,,,,,,,,,,,
2022/2023,BSN-103,WBNP,Ear,23/09/2021,Wood,unk,Y,2022/2023 Contract Box 4,2022/2023 Contract Plate 4,N,Full ear ,Chest Freezer,,,,,,,,,,,,,
2022/2023,BSN-104,WBNP,Ear,23/09/2021,Wood,unk,Y,2022/2023 Contract Box 4,2022/2023 Contract Plate 4,N,Full ear ,Chest Freezer,,,,,,,,,,,,,
2022/2023,BSN-105,WBNP,Ear,23/09/2021,Wood,unk,Y,2022/2023 Contract Box 4,2022/2023 Contract Plate 4,N,Full ear ,Chest Freezer,,,,,,,,,,,,,
2022/2023,BSN-106,WBNP,Ear,27/09/2021,Wood,F,Y,2022/2023 Contract Box 4,2022/2023 Contract Plate 4,N,Full ear ,Chest Freezer,,,,,,,,,,,,,
2022/2023,BSN-107 (Adult Male),WBNP,Ear,13/10/2021,Wood,M ,Y,2022/2023 Contract Box 4,2022/2023 Contract Plate 4,N,Full ear ,Chest Freezer,,,,,,,,,,,,,
2022/2023,BSN-107 (Yearling Female),WBNP,2 Ears,7/12/2021,Wood,F,Y,2022/2023 Contract Box 4,2022/2023 Contract Plate 4,N,Full ear ,Chest Freezer,,,,,,,,,,,,,
2022/2023,BSN-108,WBNP,Ear,16/10/2021,Wood,M ,Y,2022/2023 Contract Box 4,2022/2023 Contract Plate 4,N,Full ear ,Chest Freezer,,,,,,,,,,,,,
2022/2023,BSN-112,WBNP,Ear,13/07/2022,Wood,,Y,2022/2023 Contract Box 4,2022/2023 Contract Plate 4,N,Full ear ,Chest Freezer,,,,,,,,,,,,,
2022/2023,BSN-113,WBNP,Ear,13/07/2022,Wood,,Y,2022/2023 Contract Box 4,2022/2023 Contract Plate 4,N,Full ear ,Chest Freezer,,,,,,,,,,,,,
2022/2023,BSN-114,WBNP,Ear,13/07/2022,Wood,,Y,2022/2023 Contract Box 4,2022/2023 Contract Plate 4,N,Full ear ,Chest Freezer,,,,,,,,,,,,,
2022/2023,BSN-115,WBNP,Ear,13/07/2022,Wood,,Y,2022/2023 Contract Box 4,2022/2023 Contract Plate 4,N,Full ear ,Chest Freezer,,,,,,,,,,,,,
2022/2023,BSN-116,WBNP,Ear,13/07/2022,Wood,,Y,2022/2023 Contract Box 4,2022/2023 Contract Plate 4,N,Full ear ,Chest Freezer,,,,,,,,,,,,,
2022/2023,BSN-117,WBNP,Ear,23/09/2022,Wood,,Y,2022/2023 Contract Box 4,2022/2023 Contract Plate 4,N,Full ear ,Chest Freezer,,,,,,,,,,,,,
2022/2023,BSN-118,WBNP,Ear,1/11/2022,Wood,F,Y,2022/2023 Contract Box 4,2022/2023 Contract Plate 4,N,Full ear ,Chest Freezer,,,,,,,,,,,,,
2022/2023,BSN-119,WBNP,Ear,2/11/2022,Wood,,Y,2022/2023 Contract Box 4,2022/2023 Contract Plate 4,N,Full ear ,Chest Freezer,,,,,,,,,,,,,
2022/2023,BSN-44,WBNP,Ear,25/11/2017,Wood,,Y,2022/2023 Contract Box 4,2022/2023 Contract Plate 4,N,Full ear ,Chest Freezer,,,,,,,,,,,,,
2022/2023,BSN-48,WBNP,Ear,9/4/2018,Wood,F,Y,2022/2023 Contract Box 4,2022/2023 Contract Plate 4,N,Full ear ,Chest Freezer,,,,,,,,,,,,,
2022/2023,BSN-49,WBNP,Ear,25/06/2018,Wood,F,Y,2022/2023 Contract Box 4,2022/2023 Contract Plate 4,N,Full ear ,Chest Freezer,,,,,,,,,,,,,
2022/2023,BSN-50,WBNP,Ear,5/8/2018,Wood,,Y,2022/2023 Contract Box 4,2022/2023 Contract Plate 4,N,Full ear ,Chest Freezer,,,,,,,,,,,,,
2022/2023,BSN-57,WBNP,Ear,25/05/2020,Wood,,Y,2022/2023 Contract Box 4,2022/2023 Contract Plate 4,N,Full ear ,Chest Freezer,,,,,,,,,,,,,
2022/2023,BSN-58,WBNP,2 ears,24/09/2020,Wood,M,Y,2022/2023 Contract Box 4,2022/2023 Contract Plate 4,N,Full ear ,Chest Freezer,,,,,,,,,,,,,
2022/2023,BSN-59,WBNP,2 ears,2/10/2020,Wood,M ,Y,2022/2023 Contract Box 4,2022/2023 Contract Plate 4,N,Full ear ,Chest Freezer,,,,,,,,,,,,,
2022/2023,BSN-60,WBNP,muscle & hide,6/11/2020,Wood,,Y,2022/2023 Contract Box 4,2022/2023 Contract Plate 4,N,Full ear ,Chest Freezer,,,,,,,,,,,,,
2022/2023,BSN-61,WBNP,Ear,6/11/2020,Wood,,Y,2022/2023 Contract Box 4,2022/2023 Contract Plate 4,N,Full ear ,Chest Freezer,,,,,,,,,,,,,
2022/2023,BSN71,WBNP,Biopsy,7/21/2021,Wood Bison,m,Y,2022/2023 Contract Box 4,2022/2023 Contract Plate 3,N,Tissue punch,Chest freezer - hair and biopsy bin,,,,,,,,,,,,,
2022/2023,BSN72,WBNP,Biopsy,7/22/2021,Wood Bison,m,Y,2022/2023 Contract Box 4,2022/2023 Contract Plate 3,N,Tissue punch,Chest freezer - hair and biopsy bin,,,,,,,,,,,,,
2022/2023,BSN73,WBNP,Biopsy,7/22/2021,Wood Bison,m,Y,2022/2023 Contract Box 4,2022/2023 Contract Plate 3,N,Tissue punch,Chest freezer - hair and biopsy bin,,,,,,,,,,,,,
2022/2023,BSN74,WBNP,Biopsy,7/23/2021,Wood Bison,m,Y,2022/2023 Contract Box 3,2022/2023 Contract Plate 3,N,Tissue punch,Chest freezer - hair and biopsy bin,,,,,,,,,,,,,
2022/2023,BSN75,WBNP,Biopsy,7/23/2021,Wood Bison,m,Y,2022/2023 Contract Box 3,2022/2023 Contract Plate 3,N,Tissue punch,Chest freezer - hair and biopsy bin,,,,,,,,,,,,,
2022/2023,BSN76-1,WBNP,Biopsy,7/29/2021,Wood Bison,m,Y,2022/2023 Contract Box 3,2022/2023 Contract Plate 3,N,Tissue punch,Chest freezer - hair and biopsy bin,,,,,,,,,,,,,
2022/2023,BSN76-2,WBNP,Biopsy,9/9/2021,Wood Bison,f,Y,2022/2023 Contract Box 3,2022/2023 Contract Plate 3,N,Tissue punch,Chest freezer - hair and biopsy bin,,,,,,,,,,,,,
2022/2023,BSN78,WBNP,Biopsy,7/29/2021,Wood Bison,m,Y,2022/2023 Contract Box 3,2022/2023 Contract Plate 3,N,Tissue punch,Chest freezer - hair and biopsy bin,,,,,,,,,,,,,
2022/2023,BSN79,WBNP,Biopsy,8/5/2021,Wood Bison,m,Y,2022/2023 Contract Box 3,2022/2023 Contract Plate 3,N,Tissue punch,Chest freezer - hair and biopsy bin,,,,,,,,,,,,,
2022/2023,BSN80,WBNP,Biopsy,8/5/2021,Wood Bison,m,Y,2022/2023 Contract Box 3,2022/2023 Contract Plate 3,N,Tissue punch,Chest freezer - hair and biopsy bin,,,,,,,,,,,,,
2022/2023,BSN81,WBNP,Biopsy,8/6/2021,Wood Bison,m,Y,2022/2023 Contract Box 3,2022/2023 Contract Plate 3,N,Tissue punch,Chest freezer - hair and biopsy bin,,,,,,,,,,,,,
2022/2023,BSN82,WBNP,Biopsy,8/6/2021,Wood Bison,,Y,2022/2023 Contract Box 3,2022/2023 Contract Plate 3,N,Tissue punch,Chest freezer - hair and biopsy bin,,,,,,,,,,,,,
2022/2023,BSN83,WBNP,Biopsy,8/6/2021,Wood Bison,m,Y,2022/2023 Contract Box 3,2022/2023 Contract Plate 3,N,Tissue punch,Chest freezer - hair and biopsy bin,,,,,,,,,,,,,
2022/2023,BSN84,WBNP,Biopsy,8/6/2021,Wood Bison,,Y,2022/2023 Contract Box 3,2022/2023 Contract Plate 3,N,Tissue punch,Chest freezer - hair and biopsy bin,,,,,,,,,,,,,
2022/2023,BSN85,WBNP,Biopsy,8/6/2021,Wood Bison,,Y,,2022/2023 Contract Plate 3,N,Tissue punch,Chest freezer - hair and biopsy bin,,,,,,,,,,,,,
2022/2023,BSN86,WBNP,Biopsy,8/5/2021,Wood Bison,m,Y,2022/2023 Contract Box 3,2022/2023 Contract Plate 3,N,Tissue punch,Chest freezer - hair and biopsy bin,,,,,,,,,,,,,
2022/2023,BSN87,WBNP,Biopsy,8/9/2021,Wood Bison,f,Y,2022/2023 Contract Box 3,2022/2023 Contract Plate 3,N,Tissue punch,Chest freezer - hair and biopsy bin,,,,,,,,,,,,,
2022/2023,BSN90,WBNP,Biopsy,8/13/2021,Wood Bison,,Y,2022/2023 Contract Box 3,2022/2023 Contract Plate 3,N,Tissue punch,Chest freezer - hair and biopsy bin,,,,,,,,,,,,,
2022/2023,BSN91,WBNP,Biopsy,8/13/2021,Wood Bison,,Y,2022/2023 Contract Box 3,2022/2023 Contract Plate 3,N,Tissue punch,Chest freezer - hair and biopsy bin,,,,,,,,,,,,,
2022/2023,BSN92,WBNP,Biopsy,8/13/2021,Wood Bison,m,Y,2022/2023 Contract Box 3,2022/2023 Contract Plate 3,N,One tissue punch,Chest freezer - hair and biopsy bin,,,,,,,,,,,,,
2022/2023,BSN97,WBNP/Nyarling,Biopsy,9/9/2021,Wood Bison,m,Y,2022/2023 Contract Box 3,2022/2023 Contract Plate 3,N,2 tissue punches,Chest freezer - hair and biopsy bin,,,,,,,,,,,,,
2022/2023,BSN98,WBNP / Hay Camp,Biopsy,9/13/2021,Wood Bison,m,Y,2022/2023 Contract Box 3,2022/2023 Contract Plate 3,N,One tissue punch,Chest freezer - hair and biopsy bin,,,,,,,,,,,,,
2022/2023,BSN99,WBNP/Hay Camp,Biopsy,9/13/2021,Wood Bison,m,Y,2022/2023 Contract Box 3,2022/2023 Contract Plate 3,N,One tissue punch,Chest freezer - hair and biopsy bin,,,,,,,,,,,,,
2022/2023,Chinchaga 613,,DNA,,,,N,NA,NA,,,,,,,,,,,,,,,,
2022/2023,dart4-03,WBNP/Nyarling,Biopsy,8/10/2021,Wood Bison,f,Y,2022/2023 Contract Box 3,2022/2023 Contract Plate 3,N,2 tissue punches,Chest freezer - hair and biopsy bin,,,,,,,,,,,,,
2022/2023,dart4-04,WBNP,Biopsy,7/29/2021,Wood Bison,m,Y,2022/2023 Contract Box 3,2022/2023 Contract Plate 3,N,Tissue punch,Chest freezer - hair and biopsy bin,,,,,,,,,,,,,
2022/2023,Gardenier River 1,AB?,DNA,,Wood Bison,,N,NA,NA,,,,,,,,,,,,,,,,
2022/2023,Gardenier River 2,AB?,DNA,,Wood Bison,,N,NA,NA,,,,,,,,,,,,,,,,
2022/2023,Irvine 1,AB?,DNA,,Wood Bison,,N,NA,NA,,,,,,,,,,,,,,,,
2022/2023,UNKNWN,WBNP,,17/10/2022,Wood,,Y,2022/2023 Contract Box 4,2022/2023 Contract Plate 4,N,Full ear ,Chest Freezer,,,,,,,,,,,,,
2022/2023 ,150_510,Hay Zama,hair,18-Mar-20,Wood Bison,,Y,2022/2023 Contract Box 2,2022/2023 Contract Plate 2,,,,,,,,,,,,,,,,
2022/2023 ,150_610,Hay Zama,hair,18-Mar-20,Wood Bison,,Y,2022/2023 Contract Box 2,2022/2023 Contract Plate 2,,,,,,,,,,,,,,,,
2022/2023 ,150_790,Hay Zama,hair,18-Mar-20,Wood Bison,,Y,2022/2023 Contract Box 2,2022/2023 Contract Plate 2,,,,,,,,,,,,,,,,
2022/2023 ,151_310,Hay Zama,hair,1-Apr-20,Wood Bison,,Y,2022/2023 Contract Box 2,2022/2023 Contract Plate 2,,,,,,,,,,,,,,,,
2022/2023 - Optimization,4,Hay Zama,DNA,,Wood Bison,,Y,,2022/2023 Mark Ball DNA Plate?,,,,,,,,,,,,,,,,
2022/2023 - Optimization,28,Hay Zama,DNA,,Wood Bison,,Y,,2022/2023 Mark Ball DNA Plate?,,,,,,,,,,,,,,,,
2022/2023 - Optimization,33,Hay Zama,DNA,,Wood Bison,,Y,,2022/2023 Mark Ball DNA Plate?,,,,,,,,,,,,,,,,
2022/2023 - Optimization,36,Hay Zama,DNA,,Wood Bison,,Y,Bison Optimization Box 1,2022/2023 Mark Ball DNA Plate?,,,,,,,,,,,,,,,,
2022/2023 - Optimization,38,Hay Zama,DNA,,Wood Bison, ,Y,,2022/2023 Mark Ball DNA Plate?,,,,,,,,,,,,,,,,
2022/2023 - Optimization,41,Hay Zama,DNA,,Wood Bison,,Y,Bison Optimization Box 1,2022/2023 Mark Ball DNA Plate?,,,,,,,,,,,,,,,,
2022/2023 - Optimization,45,Hay Zama,DNA,,Wood Bison,,Y,,2022/2023 Mark Ball DNA Plate?,,,,,,,,,,,,,,,,
2022/2023 - Optimization,48,Hay Zama,DNA,,Wood Bison,,Y,,2022/2023 Mark Ball DNA Plate?,,,,,,,,,,,,,,,,
2022/2023 - Optimization,52,Hay Zama,DNA,,Wood Bison,,Y,,2022/2023 Mark Ball DNA Plate?,,,,,,,,,,,,,,,,
2022/2023 - Optimization,54,Hay Zama,DNA,,Wood Bison,,Y,,2022/2023 Mark Ball DNA Plate?,,,,,,,,,,,,,,,,
2022/2023 - Optimization,55,Hay Zama,DNA,,Wood Bison,,Y,,2022/2023 Mark Ball DNA Plate?,,,,,,,,,,,,,,,,
2022/2023 - Optimization,57,Hay Zama,DNA,,Wood Bison,,Y,,2022/2023 Mark Ball DNA Plate?,,,,,,,,,,,,,,,,
2022/2023 - Optimization,68,Hay Zama,DNA,,Wood Bison,,Y,,2022/2023 Mark Ball DNA Plate?,,,,,,,,,,,,,,,,
2022/2023 - Optimization,71,Hay Zama,DNA,,Wood Bison,,Y,,2022/2023 Mark Ball DNA Plate?,,,,,,,,,,,,,,,,
2022/2023 - Optimization,79,Hay Zama,DNA,,Wood Bison,,Y,Bison Optimization Box 1,2022/2023 Mark Ball DNA Plate?,,,,,,,,,,,,,,,,
2022/2023 - Optimization,88,Hay Zama,DNA,,Wood Bison,,Y,Bison Optimization Box 1,2022/2023 Mark Ball DNA Plate?,,,,,,,,,,,,,,,,
2022/2023 - Optimization,89,Hay Zama,DNA,,Wood Bison,,Y,Bison Optimization Box 1,2022/2023 Mark Ball DNA Plate?,,,,,,,,,,,,,,,,
2022/2023 - Optimization,90,Hay Zama,DNA,,Wood Bison,,Y,Bison Optimization Box 1,2022/2023 Mark Ball DNA Plate?,,,,,,,,,,,,,,,,
2022/2023 - Optimization,92,Hay Zama,DNA,,Wood Bison,,Y,,2022/2023 Mark Ball DNA Plate?,,,,,,,,,,,,,,,,
2022/2023 - Optimization,95,Hay Zama,DNA,,Wood Bison,,Y,,2022/2023 Mark Ball DNA Plate?,,,,,,,,,,,,,,,,
2022/2023 - Optimization,96,Hay Zama,DNA,,Wood Bison,,Y,Bison Optimization Box 1,2022/2023 Mark Ball DNA Plate?,,,,,,,,,,,,,,,,
2022/2023 - Optimization,98,Hay Zama,DNA,,Wood Bison,,Y,,2022/2023 Mark Ball DNA Plate?,,,,,,,,,,,,,,,,
2022/2023 - Optimization,100,Hay Zama,DNA,,Wood Bison,,Y,,2022/2023 Mark Ball DNA Plate?,,,,,,,,,,,,,,,,
2022/2023 - Optimization,135,Hay Zama,DNA,,Wood Bison,,Y,Bison Optimization Box 1,2022/2023 Mark Ball DNA Plate?,,,,,,,,,,,,,,,,
2022/2023 - Optimization,136,Hay Zama,DNA,,Wood Bison,,Y,,2022/2023 Mark Ball DNA Plate?,,,,,,,,,,,,,,,,
2022/2023 - Optimization,154,Hay Zama,DNA,,Wood Bison,,Y,,2022/2023 Mark Ball DNA Plate?,,,,,,,,,,,,,,,,
2022/2023 - Optimization,155,Hay Zama,DNA,,Wood Bison,,Y,,2022/2023 Mark Ball DNA Plate?,,,,,,,,,,,,,,,,
2022/2023 - Optimization,170,Hay Zama,DNA,,Wood Bison,,Y,,2022/2023 Mark Ball DNA Plate?,,,,,,,,,,,,,,,,
2022/2023 - Optimization,174,Hay Zama,DNA,,Wood Bison,,Y,,2022/2023 Mark Ball DNA Plate?,,,,,,,,,,,,,,,,
2022/2023 - Optimization,177,Hay Zama,DNA,,Wood Bison,,Y,,2022/2023 Mark Ball DNA Plate?,,,,,,,,,,,,,,,,
2022/2023 - Optimization,178,Hay Zama,DNA,,Wood Bison,,Y,,2022/2023 Mark Ball DNA Plate?,,,,,,,,,,,,,,,,
2022/2023 - Optimization,180,Hay Zama,DNA,,Wood Bison,,Y,,2022/2023 Mark Ball DNA Plate?,,,,,,,,,,,,,,,,
2022/2023 - Optimization,186,Hay Zama,DNA,,Wood Bison,,N,NA,NA,,,,,,,,,,,,,,,,
2022/2023 - Optimization,190,Hay Zama,DNA,,Wood Bison,,N,NA,NA,,,,,,,,,,,,,,,,
2022/2023 - Optimization,192,Hay Zama,DNA,,Wood Bison,,N,NA,NA,,,,,,,,,,,,,,,,
2022/2023 - Optimization,220,Hay Zama,DNA,,Wood Bison,,N,NA,NA,,,,,,,,,,,,,,,,
2022/2023 - Optimization,221,Hay Zama,DNA,,Wood Bison,,N,NA,NA,,,,,,,,,,,,,,,,
2022/2023 - Optimization,227,Hay Zama,DNA,,Wood Bison,,N,NA,NA,,,,,,,,,,,,,,,,
2022/2023 - Optimization,235,Hay Zama,DNA,,Wood Bison,,N,NA,NA,,,,,,,,,,,,,,,,
2022/2023 - Optimization,236,Hay Zama,DNA,,Wood Bison,,N,NA,NA,,,,,,,,,,,,,,,,
2022/2023 - Optimization,269,Hay Zama,DNA,,Wood Bison,,N,NA,NA,,,,,,,,,,,,,,,,
2022/2023 - Optimization,346,Hay Zama,DNA,,Wood Bison,,N,NA,NA,,,,,,,,,,,,,,,,
2022/2023 - Optimization,2161,Mackenzie,DNA,,Wood Bison,,Y,Bison Optimization Box 1,2022/2023 Mark Ball DNA Plate?,,,,,,,,,,,,,,,,
2022/2023 - Optimization,2162,Mackenzie,DNA,,Wood Bison,,Y,Bison Optimization Box 1,2022/2023 Mark Ball DNA Plate?,,,,,,,,,,,,,,,,
2022/2023 - Optimization,2163,Mackenzie,DNA,,Wood Bison,,Y,Bison Optimization Box 1,2022/2023 Mark Ball DNA Plate?,,,,,,,,,,,,,,,,
2022/2023 - Optimization,2165,Mackenzie,DNA,,Wood Bison,,Y,Bison Optimization Box 1,2022/2023 Mark Ball DNA Plate?,,,,,,,,,,,,,,,,
2022/2023 - Optimization,2166,Mackenzie,DNA,,Wood Bison,,Y,,2022/2023 Mark Ball DNA Plate?,,,,,,,,,,,,,,,,
2022/2023 - Optimization,2171,Mackenzie,DNA,,Wood Bison,,Y,Bison Optimization Box 1,2022/2023 Mark Ball DNA Plate?,,,,,,,,,,,,,,,,
2022/2023 - Optimization,2176,Mackenzie,DNA,,Wood Bison,,Y,Bison Optimization Box 1,2022/2023 Mark Ball DNA Plate?,,,,,,,,,,,,,,,,
2022/2023 - Optimization,2177,Mackenzie,DNA,,Wood Bison,,Y,Bison Optimization Box 1,2022/2023 Mark Ball DNA Plate?,,,,,,,,,,,,,,,,
2022/2023 - Optimization,2182,Mackenzie,DNA,,Wood Bison,,Y,Bison Optimization Box 1,2022/2023 Mark Ball DNA Plate?,,,,,,,,,,,,,,,,
2022/2023 - Optimization,2187,Mackenzie,DNA,,Wood Bison,,Y,Bison Optimization Box 1,2022/2023 Mark Ball DNA Plate?,,,,,,,,,,,,,,,,
2022/2023 - Optimization,2188,Mackenzie,DNA,,Wood Bison,,Y,Bison Optimization Box 1,2022/2023 Mark Ball DNA Plate?,,,,,,,,,,,,,,,,
2022/2023 - Optimization,2190,Mackenzie,DNA,,Wood Bison,,Y,Bison Optimization Box 1,2022/2023 Mark Ball DNA Plate?,,,,,,,,,,,,,,,,
2022/2023 - Optimization,2196,Mackenzie,DNA,,Wood Bison,,Y,,2022/2023 Mark Ball DNA Plate?,,,,,,,,,,,,,,,,
2022/2023 - Optimization,2198,Mackenzie,DNA,,Wood Bison,,Y,Bison Optimization Box 1,2022/2023 Mark Ball DNA Plate?,,,,,,,,,,,,,,,,
2022/2023 - Optimization,2272,Mackenzie,DNA,,Wood Bison,,Y,Bison Optimization Box 1,2022/2023 Mark Ball DNA Plate?,,,,,,,,,,,,,,,,
2022/2023 - Optimization,2276,Mackenzie,DNA,,Wood Bison,,Y,,2022/2023 Mark Ball DNA Plate?,,,,,,,,,,,,,,,,
2022/2023 - Optimization,2277,Mackenzie,DNA,,Wood Bison,,Y,,2022/2023 Mark Ball DNA Plate?,,,,,,,,,,,,,,,,
2022/2023 - Optimization,2283,Mackenzie,DNA,,Wood Bison,,Y,Bison Optimization Box 1,2022/2023 Mark Ball DNA Plate?,,,,,,,,,,,,,,,,
2022/2023 - Optimization,2289,Mackenzie,DNA,,Wood Bison,,Y,Bison Optimization Box 1,2022/2023 Mark Ball DNA Plate?,,,,,,,,,,,,,,,,
2022/2023 - Optimization,2295,Mackenzie,DNA,,Wood Bison,,Y,Bison Optimization Box 1,2022/2023 Mark Ball DNA Plate?,,,,,,,,,,,,,,,,
2022/2023 - Optimization,2296,Mackenzie,DNA,,Wood Bison,,Y,,2022/2023 Mark Ball DNA Plate?,,,,,,,,,,,,,,,,
2022/2023 - Optimization,2310,Mackenzie,DNA,,Wood Bison,,Y,,2022/2023 Mark Ball DNA Plate?,,,,,,,,,,,,,,,,
2022/2023 - Optimization,11-01,Wentzel,DNA,,Wood Bison,,Y,,2022/2023 Mark Ball DNA Plate?,,,,,,,,,,,,,,,,
2022/2023 - Optimization,11-02,Wentzel,DNA,,Wood Bison,,Y,,2022/2023 Mark Ball DNA Plate?,,,,,,,,,,,,,,,,
2022/2023 - Optimization,11-04,Wabasca,DNA,,Wood Bison,,Y,,2022/2023 Mark Ball DNA Plate?,,,,,,,,,,,,,,,,
2022/2023 - Optimization,11-05,Wabasca,DNA,,Wood Bison,,Y,,2022/2023 Mark Ball DNA Plate?,,,,,,,,,,,,,,,,
2022/2023 - Optimization,11-06,Wabasca,DNA,,Wood Bison,,Y,,2022/2023 Mark Ball DNA Plate?,,,,,,,,,,,,,,,,
2022/2023 - Optimization,11-08,Wentzel,DNA,,Wood Bison,,Y,,2022/2023 Mark Ball DNA Plate?,,,,,,,,,,,,,,,,
2022/2023 - Optimization,11-10,Wentzel,DNA,,Wood Bison,,Y,,2022/2023 Mark Ball DNA Plate?,,,,,,,,,,,,,,,,
2022/2023 - Optimization,11-11,Wentzel,DNA,,Wood Bison,,Y,,2022/2023 Mark Ball DNA Plate?,,,,,,,,,,,,,,,,
2022/2023 - Optimization,12-01,Wabasca,DNA,,Wood Bison,,Y,,2022/2023 Mark Ball DNA Plate?,,,,,,,,,,,,,,,,
2022/2023 - Optimization,12-02,Wabasca,DNA,,Wood Bison,,Y,,2022/2023 Mark Ball DNA Plate?,,,,,,,,,,,,,,,,
2022/2023 - Optimization,12-03,Wabasca,DNA,,Wood Bison,,Y,,2022/2023 Mark Ball DNA Plate?,,,,,,,,,,,,,,,,
2022/2023 - Optimization,12-05,Wabasca,DNA,,Wood Bison,,Y,,2022/2023 Mark Ball DNA Plate?,,,,,,,,,,,,,,,,
2022/2023 - Optimization,12-06,Wabasca,DNA,,Wood Bison,,Y,,2022/2023 Mark Ball DNA Plate?,,,,,,,,,,,,,,,,
2022/2023 - Optimization,12-07,Wabasca,DNA,,Wood Bison,,Y,,2022/2023 Mark Ball DNA Plate?,,,,,,,,,,,,,,,,
2022/2023 - Optimization,12-08,Wabasca,DNA,,Wood Bison,,Y,,2022/2023 Mark Ball DNA Plate?,,,,,,,,,,,,,,,,
2022/2023 - Optimization,12-09,Ronald Lake,DNA,,Wood Bison,,Y,,2022/2023 Mark Ball DNA Plate?,,,,,,,,,,,,,,,,
2022/2023 - Optimization,12-10,Ronald Lake,DNA,,Wood Bison,,Y,,2022/2023 Mark Ball DNA Plate?,,,,,,,,,,,,,,,,
2022/2023 - Optimization,12-11,Ronald Lake,DNA,,Wood Bison,,Y,,2022/2023 Mark Ball DNA Plate?,,,,,,,,,,,,,,,,
2022/2023 - Optimization,12-12,Ronald Lake,DNA,,Wood Bison,,Y,,2022/2023 Mark Ball DNA Plate?,,,,,,,,,,,,,,,,
2022/2023 - Optimization,12-13,Ronald Lake,DNA,,Wood Bison,,Y,,2022/2023 Mark Ball DNA Plate?,,,,,,,,,,,,,,,,
2022/2023 - Optimization,12-14,Ronald Lake,DNA,,Wood Bison,,Y,,2022/2023 Mark Ball DNA Plate?,,,,,,,,,,,,,,,,
2022/2023 - Optimization,12-14B,Ronald Lake,DNA,,Wood Bison,,Y,,2022/2023 Mark Ball DNA Plate?,,,,,,,,,,,,,,,,
2022/2023 - Optimization,12-15,Ronald Lake,DNA,,Wood Bison,,Y,,2022/2023 Mark Ball DNA Plate?,,,,,,,,,,,,,,,,
2022/2023 - Optimization,12-16,Ronald Lake,DNA,,Wood Bison,,Y,,2022/2023 Mark Ball DNA Plate?,,,,,,,,,,,,,,,,
2022/2023 - Optimization,12-17,Ronald Lake,DNA,,Wood Bison,,Y,,2022/2023 Mark Ball DNA Plate?,,,,,,,,,,,,,,,,
2022/2023 - Optimization,12-17B,Ronald Lake,DNA,,Wood Bison,,Y,,2022/2023 Mark Ball DNA Plate?,,,,,,,,,,,,,,,,
2022/2023 - Optimization,12-18,Ronald Lake,DNA,,Wood Bison,,Y,,2022/2023 Mark Ball DNA Plate?,,,,,,,,,,,,,,,,
2022/2023 - Optimization,12-19,Ronald Lake,DNA,,Wood Bison,,Y,,2022/2023 Mark Ball DNA Plate?,,,,,,,,,,,,,,,,
2022/2023 - Optimization,12-19B,Ronald Lake,DNA,,Wood Bison,,Y,,2022/2023 Mark Ball DNA Plate?,,,,,,,,,,,,,,,,
2022/2023 - Optimization,151_410,Hay Zama,hair,1-Apr-20,Wood Bison,,Y,,2022/2023 plate?,,,,,,,,,,,,,,,,
2022/2023 - Optimization,31 GP2,Etthithun,fecal swab,,Wood Bison,,Y,Bison Optimization Box 1,2022/2023 Mark Ball Fecal Swab Plate?,,,,,,,,,,,,,,,,
2022/2023 - Optimization,33 GP3,Etthithun,fecal swab,,Wood Bison,,Y,Bison Optimization Box 1,2022/2023 Mark Ball Fecal Swab Plate?,,,,,,,,,,,,,,,,
2022/2023 - Optimization,34 GP3,Etthithun,fecal swab,,Wood Bison,,Y,Bison Optimization Box 1,2022/2023 Mark Ball Fecal Swab Plate?,,,,,,,,,,,,,,,,
2022/2023 - Optimization,35 GP3,Etthithun,fecal swab,,Wood Bison,,Y,Bison Optimization Box 1,2022/2023 Mark Ball Fecal Swab Plate?,,,,,,,,,,,,,,,,
2022/2023 - Optimization,36 GP3,Etthithun,fecal swab,,Wood Bison,,Y,Bison Optimization Box 1,2022/2023 Mark Ball Fecal Swab Plate?,,,,,,,,,,,,,,,,
2022/2023 - Optimization,39 GP3,Etthithun,fecal swab,,Wood Bison,,Y,Bison Optimization Box 1,2022/2023 Mark Ball Fecal Swab Plate?,,,,,,,,,,,,,,,,
2022/2023 - Optimization,4 GP1,Etthithun,fecal swab,,Wood Bison,,Y,Bison Optimization Box 1,2022/2023 Mark Ball Fecal Swab Plate?,,,,,,,,,,,,,,,,
2022/2023 - Optimization,40 GP3,Etthithun,fecal swab,,Wood Bison,,Y,Bison Optimization Box 1,2022/2023 Mark Ball Fecal Swab Plate?,,,,,,,,,,,,,,,,
2022/2023 - Optimization,42 GP3,Etthithun,fecal swab,,Wood Bison,,Y,Bison Optimization Box 1,2022/2023 Mark Ball Fecal Swab Plate?,,,,,,,,,,,,,,,,
2022/2023 - Optimization,43 GP3,Etthithun,fecal swab,,Wood Bison,,Y,Bison Optimization Box 1,2022/2023 Mark Ball Fecal Swab Plate?,,,,,,,,,,,,,,,,
2022/2023 - Optimization,44 GP3,Etthithun,fecal swab,,Wood Bison,,Y,Bison Optimization Box 1,2022/2023 Mark Ball Fecal Swab Plate?,,,,,,,,,,,,,,,,
2022/2023 - Optimization,45 GP3,Etthithun,fecal swab,,Wood Bison,,Y,Bison Optimization Box 1,2022/2023 Mark Ball Fecal Swab Plate?,,,,,,,,,,,,,,,,
2022/2023 - Optimization,46 GP3,Etthithun,fecal swab,,Wood Bison,,Y,Bison Optimization Box 1,2022/2023 Mark Ball Fecal Swab Plate?,,,,,,,,,,,,,,,,
2022/2023 - Optimization,47 GP3,Etthithun,fecal swab,,Wood Bison,,Y,Bison Optimization Box 1,2022/2023 Mark Ball Fecal Swab Plate?,,,,,,,,,,,,,,,,
2022/2023 - Optimization,48 GP3,Etthithun,fecal swab,,Wood Bison,,Y,Bison Optimization Box 1,2022/2023 Mark Ball Fecal Swab Plate?,,,,,,,,,,,,,,,,
2022/2023 - Optimization,49 GP3,Etthithun,fecal swab,,Wood Bison,,Y,Bison Optimization Box 1,2022/2023 Mark Ball Fecal Swab Plate?,,,,,,,,,,,,,,,,
2022/2023 - Optimization,5 GP1,Etthithun,fecal swab,,Wood Bison,,Y,Bison Optimization Box 1,2022/2023 Mark Ball Fecal Swab Plate?,,,,,,,,,,,,,,,,
2022/2023 - Optimization,50 GP3,Etthithun,fecal swab,,Wood Bison,,Y,Bison Optimization Box 1,2022/2023 Mark Ball Fecal Swab Plate?,,,,,,,,,,,,,,,,
2022/2023 - Optimization,51 GP3,Etthithun,fecal swab,,Wood Bison,,Y,Bison Optimization Box 1,2022/2023 Mark Ball Fecal Swab Plate?,,,,,,,,,,,,,,,,
2022/2023 - Optimization,52 GP3,Etthithun,fecal swab,,Wood Bison,,Y,Bison Optimization Box 1,2022/2023 Mark Ball Fecal Swab Plate?,,,,,,,,,,,,,,,,
2022/2023 - Optimization,53 GP3,Etthithun,fecal swab,,Wood Bison,,Y,Bison Optimization Box 1,2022/2023 Mark Ball Fecal Swab Plate?,,,,,,,,,,,,,,,,
2022/2023 - Optimization,54 GP3,Etthithun,fecal swab,,Wood Bison,,Y,Bison Optimization Box 1,2022/2023 Mark Ball Fecal Swab Plate?,,,,,,,,,,,,,,,,
2022/2023 - Optimization,55 GP3,Etthithun,fecal swab,,Wood Bison,,Y,Bison Optimization Box 1,2022/2023 Mark Ball Fecal Swab Plate?,,,,,,,,,,,,,,,,
2022/2023 - Optimization,56 GP3,Etthithun,fecal swab,,Wood Bison,,Y,Bison Optimization Box 1,2022/2023 Mark Ball Fecal Swab Plate?,,,,,,,,,,,,,,,,
2022/2023 - Optimization,58 GP3,Etthithun,fecal swab,,Wood Bison,,Y,Bison Optimization Box 1,2022/2023 Mark Ball Fecal Swab Plate?,,,,,,,,,,,,,,,,
2022/2023 - Optimization,59 GP3,Etthithun,fecal swab,,Wood Bison,,Y,Bison Optimization Box 1,2022/2023 Mark Ball Fecal Swab Plate?,,,,,,,,,,,,,,,,
2022/2023 - Optimization,6 GP1,Etthithun,fecal swab,,Wood Bison,,Y,Bison Optimization Box 1,2022/2023 Mark Ball Fecal Swab Plate?,,,,,,,,,,,,,,,,
2022/2023 - Optimization,60 GP3,Etthithun,fecal swab,,Wood Bison,,Y,Bison Optimization Box 1,2022/2023 Mark Ball Fecal Swab Plate?,,,,,,,,,,,,,,,,
2022/2023 - Optimization,61 GP3,Etthithun,fecal swab,,Wood Bison,,Y,Bison Optimization Box 1,2022/2023 Mark Ball Fecal Swab Plate?,,,,,,,,,,,,,,,,
2022/2023 - Optimization,62 GP3,Etthithun,fecal swab,,Wood Bison,,Y,Bison Optimization Box 1,2022/2023 Mark Ball Fecal Swab Plate?,,,,,,,,,,,,,,,,
2022/2023 - Optimization,63 GP3,Etthithun,fecal swab,,Wood Bison,,Y,Bison Optimization Box 1,2022/2023 Mark Ball Fecal Swab Plate?,,,,,,,,,,,,,,,,
2022/2023 - Optimization,65 GP5,Etthithun,fecal swab,,Wood Bison,,Y,Bison Optimization Box 1,2022/2023 Mark Ball Fecal Swab Plate?,,,,,,,,,,,,,,,,
2022/2023 - Optimization,66 GP5,Etthithun,fecal swab,,Wood Bison,,Y,Bison Optimization Box 1,2022/2023 Mark Ball Fecal Swab Plate?,,,,,,,,,,,,,,,,
2022/2023 - Optimization,67 GP5,Etthithun,fecal swab,,Wood Bison,,Y,Bison Optimization Box 1,2022/2023 Mark Ball Fecal Swab Plate?,,,,,,,,,,,,,,,,
2022/2023 - Optimization,68 GP5,Etthithun,fecal swab,,Wood Bison,,Y,Bison Optimization Box 1,2022/2023 Mark Ball Fecal Swab Plate?,,,,,,,,,,,,,,,,
2022/2023 - Optimization,7 GP1,Etthithun,fecal swab,,Wood Bison,,Y,Bison Optimization Box 1,2022/2023 Mark Ball Fecal Swab Plate?,,,,,,,,,,,,,,,,
2022/2023 - Optimization,70 GP5 ,Etthithun,fecal swab,,Wood Bison,,Y,Bison Optimization Box 1,2022/2023 Mark Ball Fecal Swab Plate?,,,,,,,,,,,,,,,,
2022/2023 - Optimization,71 GP5,Etthithun,fecal swab,,Wood Bison,,Y,Bison Optimization Box 1,2022/2023 Mark Ball Fecal Swab Plate?,,,,,,,,,,,,,,,,
2022/2023 - Optimization,72 GP5,Etthithun,fecal swab,,Wood Bison,,Y,Bison Optimization Box 1,2022/2023 Mark Ball Fecal Swab Plate?,,,,,,,,,,,,,,,,
2022/2023 - Optimization,73 GP5,Etthithun,fecal swab,,Wood Bison,,Y,Bison Optimization Box 1,2022/2023 Mark Ball Fecal Swab Plate?,,,,,,,,,,,,,,,,
2022/2023 - Optimization,74 GP5,Etthithun,fecal swab,,Wood Bison,,Y,Bison Optimization Box 1,2022/2023 Mark Ball Fecal Swab Plate?,,,,,,,,,,,,,,,,
2022/2023 - Optimization,75 GP5,Etthithun,fecal swab,,Wood Bison,,Y,Bison Optimization Box 1,2022/2023 Mark Ball Fecal Swab Plate?,,,,,,,,,,,,,,,,
2022/2023 - Optimization,77 GP5,Etthithun,fecal swab,,Wood Bison,,Y,Bison Optimization Box 1,2022/2023 Mark Ball Fecal Swab Plate?,,,,,,,,,,,,,,,,
2022/2023 - Optimization,78 GP5,Etthithun,fecal swab,,Wood Bison,,Y,Bison Optimization Box 1,2022/2023 Mark Ball Fecal Swab Plate?,,,,,,,,,,,,,,,,
2022/2023 - Optimization,79 GP5,Etthithun,fecal swab,,Wood Bison,,Y,Bison Optimization Box 1,2022/2023 Mark Ball Fecal Swab Plate?,,,,,,,,,,,,,,,,
2022/2023 - Optimization,8 GP1,Etthithun,fecal swab,,Wood Bison,,Y,Bison Optimization Box 1,2022/2023 Mark Ball Fecal Swab Plate?,,,,,,,,,,,,,,,,
2022/2023 - Optimization,80 GP5,Etthithun,fecal swab,,Wood Bison,,Y,Bison Optimization Box 1,2022/2023 Mark Ball Fecal Swab Plate?,,,,,,,,,,,,,,,,
2022/2023 - Optimization,81 GP5,Etthithun,fecal swab,,Wood Bison,,Y,Bison Optimization Box 1,2022/2023 Mark Ball Fecal Swab Plate?,,,,,,,,,,,,,,,,
2022/2023 - Optimization,82 GP5,Etthithun,fecal swab,,Wood Bison,,Y,Bison Optimization Box 1,2022/2023 Mark Ball Fecal Swab Plate?,,,,,,,,,,,,,,,,
2022/2023 - Optimization,83 GP5,Etthithun,fecal swab,,Wood Bison,,Y,Bison Optimization Box 1,2022/2023 Mark Ball Fecal Swab Plate?,,,,,,,,,,,,,,,,
2022/2023 - Optimization,84 GP5,Etthithun,fecal swab,,Wood Bison,,Y,Bison Optimization Box 1,2022/2023 Mark Ball Fecal Swab Plate?,,,,,,,,,,,,,,,,
2022/2023 - Optimization,85 GP5,Etthithun,fecal swab,,Wood Bison,,Y,Bison Optimization Box 1,2022/2023 Mark Ball Fecal Swab Plate?,,,,,,,,,,,,,,,,
2022/2023 - Optimization,9 GP1,Etthithun,fecal swab,,Wood Bison,,Y,Bison Optimization Box 1,2022/2023 Mark Ball Fecal Swab Plate?,,,,,,,,,,,,,,,,
2022/2023 - Optimization,Chinchaga 1,Chinchaga,DNA,,Wood Bison,,Y,,2022/2023 Mark Ball DNA Plate?,,,,,,,,,,,,,,,,
2022/2023 - Optimization,Chinchaga 2,Chinchaga,DNA,,Wood Bison,,Y,,2022/2023 Mark Ball DNA Plate?,,,,,,,,,,,,,,,,
2022/2023 - Optimization,Rainbow Lake 1,Rainbow Lake,DNA,,Wood Bison,,Y,,2022/2023 Mark Ball DNA Plate?,,,,,,,,,,,,,,,,
2022/2023 - Optimization,ronald lake fetus,AB?,DNA,,Wood Bison,,Y,,2022/2023 Mark Ball DNA Plate?,,,,,,,,,,,,,,,,
2022/2023/2024,BSN-08,WBNP,Ear,1/1/2016,Wood,F,Y,2023/2024 Contract Box 2,2023/2024 Contract Plate 4,N,Full ear ,Chest Freezer,,,,,,,,,,,,,
2022/2023/2024,BSN-43,WBNP,Ear,23/11/2017,Wood,F,Y,2023/2024 Contract Box 2,2023/2024 Contract Plate 4,N,Full ear ,Chest Freezer,,,,,,,,,,,,,
2022/2023/2024,BSN-47,WBNP,Ear,9/4/2018,Wood,F,Y,2023/2024 Contract Box 2,2023/2024 Contract Plate 4,N,Full ear ,Chest Freezer,,,,,,,,,,,,,
2023/2024,1927,Grasslands National Park,hair,2023,,,Y,2023/2024 Contract Box 1,2023/2024 Contract Plate 2,N,Hair,Chest freezer - hair and biopsy bin,,,,,,,,,,,,,
2023/2024,1929,Grasslands National Park,hair,2023,,,Y,2023/2024 Contract Box 1,2023/2024 Contract Plate 2,N,Hair,Chest freezer - hair and biopsy bin,,,,,,,,,,,,,
2023/2024,1930,Grasslands National Park,hair,2023,,,Y,2023/2024 Contract Box 1,2023/2024 Contract Plate 2,N,Hair,Chest freezer - hair and biopsy bin,,,,,,,,,,,,,
2023/2024,1931,Grasslands National Park,hair,2023,,,Y,2023/2024 Contract Box 1,2023/2024 Contract Plate 2,N,Hair,Chest freezer - hair and biopsy bin,,,,,,,,,,,,,
2023/2024,1932,Grasslands National Park,hair,2023,,,Y,2023/2024 Contract Box 1,2023/2024 Contract Plate 2,N,Hair,Chest freezer - hair and biopsy bin,,,,,,,,,,,,,
2023/2024,1933,Grasslands National Park,hair,2023,,,Y,2023/2024 Contract Box 1,2023/2024 Contract Plate 2,N,Hair,Chest freezer - hair and biopsy bin,,,,,,,,,,,,,
2023/2024,1934,Grasslands National Park,hair,2023,,,Y,2023/2024 Contract Box 1,2023/2024 Contract Plate 2,N,Hair,Chest freezer - hair and biopsy bin,,,,,,,,,,,,,
2023/2024,1935,Grasslands National Park,hair,2023,,,Y,2023/2024 Contract Box 1,2023/2024 Contract Plate 2,N,Hair,Chest freezer - hair and biopsy bin,,,,,,,,,,,,,
2023/2024,1936,Grasslands National Park,hair,2023,,,Y,2023/2024 Contract Box 1,2023/2024 Contract Plate 2,N,Hair,Chest freezer - hair and biopsy bin,,,,,,,,,,,,,
2023/2024,1939,Grasslands National Park,hair,2023,,,Y,2023/2024 Contract Box 1,2023/2024 Contract Plate 2,N,Hair,Chest freezer - hair and biopsy bin,,,,,,,,,,,,,
2023/2024,1940,Grasslands National Park,hair,2023,,,Y,2023/2024 Contract Box 1,2023/2024 Contract Plate 2,N,Hair,Chest freezer - hair and biopsy bin,,,,,,,,,,,,,
2023/2024,1941,Grasslands National Park,hair,2023,,,Y,2023/2024 Contract Box 1,2023/2024 Contract Plate 2,N,Hair,Chest freezer - hair and biopsy bin,,,,,,,,,,,,,
2023/2024,1945,Grasslands National Park,hair,2023,,,Y,2023/2024 Contract Box 1,2023/2024 Contract Plate 2,N,Hair,Chest freezer - hair and biopsy bin,,,,,,,,,,,,,
2023/2024,1947,Grasslands National Park,hair,2023,,,Y,2023/2024 Contract Box 1,2023/2024 Contract Plate 2,N,Hair,Chest freezer - hair and biopsy bin,,,,,,,,,,,,,
2023/2024,1949,Grasslands National Park,hair,2023,,,Y,2023/2024 Contract Box 1,2023/2024 Contract Plate 2,N,Hair,Chest freezer - hair and biopsy bin,,,,,,,,,,,,,
2023/2024,1950,Grasslands National Park,hair,2023,,,Y,2023/2024 Contract Box 1,2023/2024 Contract Plate 2,N,Hair,Chest freezer - hair and biopsy bin,,,,,,,,,,,,,
2023/2024,1959,Grasslands National Park,hair,2023,,,Y,2023/2024 Contract Box 1,2023/2024 Contract Plate 2,N,Hair,Chest freezer - hair and biopsy bin,,,,,,,,,,,,,
2023/2024,1960,Grasslands National Park,hair,2023,,,Y,2023/2024 Contract Box 1,2023/2024 Contract Plate 2,N,Hair,Chest freezer - hair and biopsy bin,,,,,,,,,,,,,
2023/2024,1962,Grasslands National Park,hair,2023,,,Y,2023/2024 Contract Box 1,2023/2024 Contract Plate 2,N,Hair,Chest freezer - hair and biopsy bin,,,,,,,,,,,,,
2023/2024,1964,Grasslands National Park,hair,2023,,,Y,2023/2024 Contract Box 1,2023/2024 Contract Plate 2,N,Hair,Chest freezer - hair and biopsy bin,,,,,,,,,,,,,
2023/2024,1965,Grasslands National Park,hair,2023,,,Y,2023/2024 Contract Box 1,2023/2024 Contract Plate 2,N,Hair,Chest freezer - hair and biopsy bin,,,,,,,,,,,,,
2023/2024,1966,Grasslands National Park,hair,2023,,,Y,2023/2024 Contract Box 1,2023/2024 Contract Plate 2,N,Hair,Chest freezer - hair and biopsy bin,,,,,,,,,,,,,
2023/2024,1967,Grasslands National Park,hair,2023,,,Y,2023/2024 Contract Box 1,2023/2024 Contract Plate 2,N,Hair,Chest freezer - hair and biopsy bin,,,,,,,,,,,,,
2023/2024,1969,Grasslands National Park,hair,2023,,,Y,2023/2024 Contract Box 1,2023/2024 Contract Plate 2,N,Hair,Chest freezer - hair and biopsy bin,,,,,,,,,,,,,
2023/2024,1974,Grasslands National Park,hair,2023,,,Y,2023/2024 Contract Box 1,2023/2024 Contract Plate 2,N,Hair,Chest freezer - hair and biopsy bin,,,,,,,,,,,,,
2023/2024,1975,Grasslands National Park,hair,2023,,,Y,2023/2024 Contract Box 1,2023/2024 Contract Plate 2,N,Hair,Chest freezer - hair and biopsy bin,,,,,,,,,,,,,
2023/2024,1976,Grasslands National Park,hair,2023,,,Y,2023/2024 Contract Box 1,2023/2024 Contract Plate 2,N,Hair,Chest freezer - hair and biopsy bin,,,,,,,,,,,,,
2023/2024,1977,Grasslands National Park,hair,2023,,,Y,2023/2024 Contract Box 1,2023/2024 Contract Plate 2,N,Hair,Chest freezer - hair and biopsy bin,,,,,,,,,,,,,
2023/2024,1979,Grasslands National Park,hair,2023,,,Y,2023/2024 Contract Box 1,2023/2024 Contract Plate 2,N,Hair,Chest freezer - hair and biopsy bin,,,,,,,,,,,,,
2023/2024,1981,Grasslands National Park,hair,2023,,,Y,2023/2024 Contract Box 1,2023/2024 Contract Plate 2,N,Hair,Chest freezer - hair and biopsy bin,,,,,,,,,,,,,
2023/2024,1983,Grasslands National Park,hair,2023,,,Y,2023/2024 Contract Box 1,2023/2024 Contract Plate 2,N,Hair,Chest freezer - hair and biopsy bin,,,,,,,,,,,,,
2023/2024,1985,Grasslands National Park,hair,2023,,,Y,2023/2024 Contract Box 1,2023/2024 Contract Plate 2,N,Hair,Chest freezer - hair and biopsy bin,,,,,,,,,,,,,
2023/2024,1987,Grasslands National Park,hair,2023,,,Y,2023/2024 Contract Box 1,2023/2024 Contract Plate 2,N,Hair,Chest freezer - hair and biopsy bin,,,,,,,,,,,,,
2023/2024,5494,Grasslands National Park,hair,2023,,,Y,2023/2024 Contract Box 1,2023/2024 Contract Plate 2,N,Hair,Chest freezer - hair and biopsy bin,,,,,,,,,,,,,
2023/2024,8024,Grasslands National Park,hair,2023,,,Y,2023/2024 Contract Box 1,2023/2024 Contract Plate 2,N,Hair,Chest freezer - hair and biopsy bin,,,,,,,,,,,,,
2023/2024,8026,Grasslands National Park,hair,2023,,,Y,2023/2024 Contract Box 1,2023/2024 Contract Plate 2,N,Hair,Chest freezer - hair and biopsy bin,,,,,,,,,,,,,
2023/2024,8028,Grasslands National Park,hair,2023,,,Y,2023/2024 Contract Box 1,2023/2024 Contract Plate 2,N,Hair,Chest freezer - hair and biopsy bin,,,,,,,,,,,,,
2023/2024,8032,Grasslands National Park,hair,2023,,,Y,2023/2024 Contract Box 1,2023/2024 Contract Plate 2,N,Hair,Chest freezer - hair and biopsy bin,,,,,,,,,,,,,
2023/2024,8034,Grasslands National Park,hair,2023,,,Y,2023/2024 Contract Box 1,2023/2024 Contract Plate 2,N,Hair,Chest freezer - hair and biopsy bin,,,,,,,,,,,,,
2023/2024,8039,Grasslands National Park,hair,2023,,,Y,2023/2024 Contract Box 1,2023/2024 Contract Plate 2,N,Hair,Chest freezer - hair and biopsy bin,,,,,,,,,,,,,
2023/2024,8040,Grasslands National Park,hair,2023,,,Y,2023/2024 Contract Box 1,2023/2024 Contract Plate 2,N,Hair,Chest freezer - hair and biopsy bin,,,,,,,,,,,,,
2023/2024,8044,Grasslands National Park,hair,2023,,,Y,2023/2024 Contract Box 1,2023/2024 Contract Plate 2,N,Hair,Chest freezer - hair and biopsy bin,,,,,,,,,,,,,
2023/2024,8050,Grasslands National Park,hair,2023,,,Y,2023/2024 Contract Box 1,2023/2024 Contract Plate 2,N,Hair,Chest freezer - hair and biopsy bin,,,,,,,,,,,,,
2023/2024,8052,Grasslands National Park,hair,2023,,,Y,2023/2024 Contract Box 1,2023/2024 Contract Plate 2,N,Hair,Chest freezer - hair and biopsy bin,,,,,,,,,,,,,
2023/2024,8057,Grasslands National Park,hair,2023,,,Y,2023/2024 Contract Box 1,2023/2024 Contract Plate 2,N,Hair,Chest freezer - hair and biopsy bin,,,,,,,,,,,,,
2023/2024,8059,Grasslands National Park,hair,2023,,,Y,2023/2024 Contract Box 1,2023/2024 Contract Plate 2,N,Hair,Chest freezer - hair and biopsy bin,,,,,,,,,,,,,
2023/2024,8062,Grasslands National Park,hair,2023,,,Y,2023/2024 Contract Box 1,2023/2024 Contract Plate 2,N,Hair,Chest freezer - hair and biopsy bin,,,,,,,,,,,,,
2023/2024,8064,Grasslands National Park,hair,2023,,,Y,2023/2024 Contract Box 1,2023/2024 Contract Plate 2,N,Hair,Chest freezer - hair and biopsy bin,,,,,,,,,,,,,
2023/2024,8065,Grasslands National Park,hair,2023,,,Y,2023/2024 Contract Box 1,2023/2024 Contract Plate 2,N,Hair,Chest freezer - hair and biopsy bin,,,,,,,,,,,,,
2023/2024,8083,Grasslands National Park,hair,2023,,,Y,2023/2024 Contract Box 1,2023/2024 Contract Plate 2,N,Hair,Chest freezer - hair and biopsy bin,,,,,,,,,,,,,
2023/2024,8097,Grasslands National Park,hair,2023,,,Y,2023/2024 Contract Box 1,2023/2024 Contract Plate 2,N,Hair,Chest freezer - hair and biopsy bin,,,,,,,,,,,,,
2023/2024,8110,Grasslands National Park,hair,2023,,,Y,2023/2024 Contract Box 1,2023/2024 Contract Plate 2,N,Hair,Chest freezer - hair and biopsy bin,,,,,,,,,,,,,
2023/2024,8117,Grasslands National Park,hair,2023,,,Y,2023/2024 Contract Box 1,2023/2024 Contract Plate 2,N,Hair,Chest freezer - hair and biopsy bin,,,,,,,,,,,,,
2023/2024,8118,Grasslands National Park,hair,2023,,,Y,2023/2024 Contract Box 1,2023/2024 Contract Plate 2,N,Hair,Chest freezer - hair and biopsy bin,,,,,,,,,,,,,
2023/2024,8122,Grasslands National Park,hair,2023,,,Y,2023/2024 Contract Box 1,2023/2024 Contract Plate 2,N,Hair,Chest freezer - hair and biopsy bin,,,,,,,,,,,,,
2023/2024,8128,Grasslands National Park,hair,2023,,,Y,2023/2024 Contract Box 1,2023/2024 Contract Plate 2,N,Hair,Chest freezer - hair and biopsy bin,,,,,,,,,,,,,
2023/2024,8141,Grasslands National Park,hair,2023,,,Y,2023/2024 Contract Box 1,2023/2024 Contract Plate 2,N,Hair,Chest freezer - hair and biopsy bin,,,,,,,,,,,,,
2023/2024,8145,Grasslands National Park,hair,2023,,,Y,2023/2024 Contract Box 1,2023/2024 Contract Plate 2,N,Hair,Chest freezer - hair and biopsy bin,,,,,,,,,,,,,
2023/2024,8151,Grasslands National Park,hair,2023,,,Y,2023/2024 Contract Box 1,2023/2024 Contract Plate 2,N,Hair,Chest freezer - hair and biopsy bin,,,,,,,,,,,,,
2023/2024,8154,Grasslands National Park,hair,2023,,,Y,2023/2024 Contract Box 1,2023/2024 Contract Plate 2,N,Hair,Chest freezer - hair and biopsy bin,,,,,,,,,,,,,
2023/2024,8164,Grasslands National Park,hair,2023,,,Y,2023/2024 Contract Box 1,2023/2024 Contract Plate 2,N,Hair,Chest freezer - hair and biopsy bin,,,,,,,,,,,,,
2023/2024,8173,Grasslands National Park,hair,2023,,,Y,2023/2024 Contract Box 1,2023/2024 Contract Plate 2,N,Hair,Chest freezer - hair and biopsy bin,,,,,,,,,,,,,
2023/2024,8179,Grasslands National Park,hair,2023,,,Y,2023/2024 Contract Box 1,2023/2024 Contract Plate 2,N,Hair,Chest freezer - hair and biopsy bin,,,,,,,,,,,,,
2023/2024,8184,Grasslands National Park,hair,2023,,,Y,2023/2024 Contract Box 1,2023/2024 Contract Plate 2,N,Hair,Chest freezer - hair and biopsy bin,,,,,,,,,,,,,
2023/2024,8190,Grasslands National Park,hair,2023,,,Y,2023/2024 Contract Box 1,2023/2024 Contract Plate 2,N,Hair,Chest freezer - hair and biopsy bin,,,,,,,,,,,,,
2023/2024,8193,Grasslands National Park,hair,2023,,,Y,2023/2024 Contract Box 1,2023/2024 Contract Plate 2,N,Hair,Chest freezer - hair and biopsy bin,,,,,,,,,,,,,
2023/2024,8197,Grasslands National Park,hair,2023,,,Y,2023/2024 Contract Box 1,2023/2024 Contract Plate 2,N,Hair,Chest freezer - hair and biopsy bin,,,,,,,,,,,,,
2023/2024,8207,Grasslands National Park,hair,2023,,,Y,2023/2024 Contract Box 1,2023/2024 Contract Plate 2,N,Hair,Chest freezer - hair and biopsy bin,,,,,,,,,,,,,
2023/2024,8209,Grasslands National Park,hair,2023,,,Y,2023/2024 Contract Box 1,2023/2024 Contract Plate 2,N,Hair,Chest freezer - hair and biopsy bin,,,,,,,,,,,,,
2023/2024,8233,Grasslands National Park,hair,2023,,,Y,2023/2024 Contract Box 1,2023/2024 Contract Plate 2,N,Hair,Chest freezer - hair and biopsy bin,,,,,,,,,,,,,
2023/2024,8236,Grasslands National Park,hair,2023,,,Y,2023/2024 Contract Box 1,2023/2024 Contract Plate 2,N,Hair,Chest freezer - hair and biopsy bin,,,,,,,,,,,,,
2023/2024,8246,Grasslands National Park,hair,2023,,,Y,2023/2024 Contract Box 1,2023/2024 Contract Plate 2,N,Hair,Chest freezer - hair and biopsy bin,,,,,,,,,,,,,
2023/2024,8253,Grasslands National Park,hair,2023,,,Y,2023/2024 Contract Box 1,2023/2024 Contract Plate 2,N,Hair,Chest freezer - hair and biopsy bin,,,,,,,,,,,,,
2023/2024,8268,Grasslands National Park,hair,2023,,,Y,2023/2024 Contract Box 1,2023/2024 Contract Plate 2,N,Hair,Chest freezer - hair and biopsy bin,,,,,,,,,,,,,
2023/2024,8274,Grasslands National Park,hair,2023,,,Y,2023/2024 Contract Box 1,2023/2024 Contract Plate 2,N,Hair,Chest freezer - hair and biopsy bin,,,,,,,,,,,,,
2023/2024,8275,Grasslands National Park,hair,2023,,,Y,2023/2024 Contract Box 1,2023/2024 Contract Plate 2,N,Hair,Chest freezer - hair and biopsy bin,,,,,,,,,,,,,
2023/2024,8280,Grasslands National Park,hair,2023,,,Y,2023/2024 Contract Box 1,2023/2024 Contract Plate 2,N,Hair,Chest freezer - hair and biopsy bin,,,,,,,,,,,,,
2023/2024,8290,Grasslands National Park,hair,2023,,,Y,2023/2024 Contract Box 1,2023/2024 Contract Plate 2,N,Hair,Chest freezer - hair and biopsy bin,,,,,,,,,,,,,
2023/2024,8296,Grasslands National Park,hair,2023,,,Y,2023/2024 Contract Box 1,2023/2024 Contract Plate 2,N,Hair,Chest freezer - hair and biopsy bin,,,,,,,,,,,,,
2023/2024,24_McCR_001,McCusker River,fecal,2024,,,Y,2023/2024 Contract Box 2,2023/2024 Contract Plate 3,Swab - Bison 2024 Sample Duplicates in Lysis Box,Fecal,Chest Freezer,,,,,,,,,,,,,
2023/2024,24_McCR_002,McCusker River,fecal,2024,,,Y,2023/2024 Contract Box 2,2023/2024 Contract Plate 3,Swab - Bison 2024 Sample Duplicates in Lysis Box,Fecal,Chest Freezer,,,,,,,,,,,,,
2023/2024,24_McCR_003,McCusker River,fecal,2024,,,Y,2023/2024 Contract Box 2,2023/2024 Contract Plate 3,Swab - Bison 2024 Sample Duplicates in Lysis Box,Fecal,Chest Freezer,,,,,,,,,,,,,
2023/2024,24_McCR_004,McCusker River,fecal,2024,,,Y,2023/2024 Contract Box 2,2023/2024 Contract Plate 3,Swab - Bison 2024 Sample Duplicates in Lysis Box,Fecal,Chest Freezer,,,,,,,,,,,,,
2023/2024,24_McCR_005,McCusker River,fecal,2024,,,Y,2023/2024 Contract Box 2,2023/2024 Contract Plate 3,Swab - Bison 2024 Sample Duplicates in Lysis Box,Fecal,Chest Freezer,,,,,,,,,,,,,
2023/2024,24_McCR_006,McCusker River,fecal,2024,,,Y,2023/2024 Contract Box 2,2023/2024 Contract Plate 3,Swab - Bison 2024 Sample Duplicates in Lysis Box,Fecal,Chest Freezer,,,,,,,,,,,,,
2023/2024,24_McCR_007,McCusker River,fecal,2024,,,Y,2023/2024 Contract Box 2,2023/2024 Contract Plate 3,Swab - Bison 2024 Sample Duplicates in Lysis Box,Fecal,Chest Freezer,,,,,,,,,,,,,
2023/2024,24_McCR_008,McCusker River,fecal,2024,,,Y,2023/2024 Contract Box 2,2023/2024 Contract Plate 3,Swab - Bison 2024 Sample Duplicates in Lysis Box,Fecal,Chest Freezer,,,,,,,,,,,,,
2023/2024,24_McCR_009,McCusker River,fecal,2024,,,Y,2023/2024 Contract Box 2,2023/2024 Contract Plate 3,Swab - Bison 2024 Sample Duplicates in Lysis Box,Fecal,Chest Freezer,,,,,,,,,,,,,
2023/2024,24_McCR_010,McCusker River,fecal,2024,,,Y,2023/2024 Contract Box 2,2023/2024 Contract Plate 3,Swab - Bison 2024 Sample Duplicates in Lysis Box,Fecal,Chest Freezer,,,,,,,,,,,,,
2023/2024,24_McCR_011,McCusker River,fecal,2024,,,Y,2023/2024 Contract Box 2,2023/2024 Contract Plate 3,Swab - Bison 2024 Sample Duplicates in Lysis Box,Fecal,Chest Freezer,,,,,,,,,,,,,
2023/2024,24_McCR_012,McCusker River,fecal,2024,,,Y,2023/2024 Contract Box 2,2023/2024 Contract Plate 3,Swab - Bison 2024 Sample Duplicates in Lysis Box,Fecal,Chest Freezer,,,,,,,,,,,,,
2023/2024,24_McCR_013,McCusker River,fecal,2024,,,Y,2023/2024 Contract Box 2,2023/2024 Contract Plate 3,Swab - Bison 2024 Sample Duplicates in Lysis Box,Fecal,Chest Freezer,,,,,,,,,,,,,
2023/2024,24BNP_001,Banff National Park,fecal,1/26/2024,,,Y,2023/2024 Contract Box 2,2023/2024 Contract Plate 3,Swab - Bison 2024 Sample Duplicates in Lysis Box,Fecal,Chest Freezer,,,,,,,,,,,,,
2023/2024,24BNP_002,Banff National Park,fecal,1/26/2024,,,Y,2023/2024 Contract Box 2,2023/2024 Contract Plate 3,Swab - Bison 2024 Sample Duplicates in Lysis Box,Fecal,Chest Freezer,,,,,,,,,,,,,
2023/2024,24BNP_003,Banff National Park,fecal,1/26/2024,,,Y,2023/2024 Contract Box 2,2023/2024 Contract Plate 3,Swab - Bison 2024 Sample Duplicates in Lysis Box,Fecal,Chest Freezer,,,,,,,,,,,,,
2023/2024,24BNP_004,Banff National Park,fecal,2/25/2024,,,Y,2023/2024 Contract Box 2,2023/2024 Contract Plate 3,Swab - Bison 2024 Sample Duplicates in Lysis Box,Fecal,Chest Freezer,,,,,,,,,,,,,
2023/2024,24BNP_005,Banff National Park,fecal,2/25/2024,,,Y,2023/2024 Contract Box 2,2023/2024 Contract Plate 3,Swab - Bison 2024 Sample Duplicates in Lysis Box,Fecal,Chest Freezer,,,,,,,,,,,,,
2023/2024,24BNP_006,Banff National Park,fecal,2/25/2024,,,Y,2023/2024 Contract Box 2,2023/2024 Contract Plate 3,Swab - Bison 2024 Sample Duplicates in Lysis Box,Fecal,Chest Freezer,,,,,,,,,,,,,
2023/2024,24BNP_007,Banff National Park,fecal,2/25/2024,,,Y,2023/2024 Contract Box 2,2023/2024 Contract Plate 3,Swab - Bison 2024 Sample Duplicates in Lysis Box,Fecal,Chest Freezer,,,,,,,,,,,,,
2023/2024,24BNP_008,Banff National Park,fecal,2/25/2024,,,Y,2023/2024 Contract Box 2,2023/2024 Contract Plate 3,Swab - Bison 2024 Sample Duplicates in Lysis Box,Fecal,Chest Freezer,,,,,,,,,,,,,
2023/2024,24BNP_009,Banff National Park,fecal,2/26/2024,,,Y,2023/2024 Contract Box 2,2023/2024 Contract Plate 3,Swab - Bison 2024 Sample Duplicates in Lysis Box,Fecal,Chest Freezer,,,,,,,,,,,,,
2023/2024,24BNP_010,Banff National Park,fecal,2/26/2024,,,Y,2023/2024 Contract Box 2,2023/2024 Contract Plate 3,Swab - Bison 2024 Sample Duplicates in Lysis Box,Fecal,Chest Freezer,,,,,,,,,,,,,
2023/2024,24BNP_011,Banff National Park,fecal,2/26/2024,,,Y,2023/2024 Contract Box 2,2023/2024 Contract Plate 3,Swab - Bison 2024 Sample Duplicates in Lysis Box,Fecal,Chest Freezer,,,,,,,,,,,,,
2023/2024,24BNP_012,Banff National Park,fecal,2/26/2024,,,Y,2023/2024 Contract Box 2,2023/2024 Contract Plate 3,Swab - Bison 2024 Sample Duplicates in Lysis Box,Fecal,Chest Freezer,,,,,,,,,,,,,
2023/2024,24BNP_013,Banff National Park,fecal,2/26/2024,,,Y,2023/2024 Contract Box 2,2023/2024 Contract Plate 3,Swab - Bison 2024 Sample Duplicates in Lysis Box,Fecal,Chest Freezer,,,,,,,,,,,,,
2023/2024,24BNP_014,Banff National Park,fecal,2/26/2024,,,Y,2023/2024 Contract Box 2,2023/2024 Contract Plate 3,Swab - Bison 2024 Sample Duplicates in Lysis Box,Fecal,Chest Freezer,,,,,,,,,,,,,
2023/2024,24BNP_015,Banff National Park,fecal,2/26/2024,,,Y,2023/2024 Contract Box 2,2023/2024 Contract Plate 3,Swab - Bison 2024 Sample Duplicates in Lysis Box,Fecal,Chest Freezer,,,,,,,,,,,,,
2023/2024,24Wab_001,Wabasca,fecal,2024,,,Y,2023/2024 Contract Box 2,2023/2024 Contract Plate 3,Swab - Bison 2024 Sample Duplicates in Lysis Box,N,Sent to Toronto Zoo,,,,,,,,,,,,,
2023/2024,24Wab_0010,Wabasca,fecal,2024,,,Y,2023/2024 Contract Box 2,2023/2024 Contract Plate 3,Swab - Bison 2024 Sample Duplicates in Lysis Box,N,Sent to Toronto Zoo,,,,,,,,,,,,,
2023/2024,24Wab_0011,Wabasca,fecal,2024,,,Y,2023/2024 Contract Box 2,2023/2024 Contract Plate 3,Swab - Bison 2024 Sample Duplicates in Lysis Box,N,Sent to Toronto Zoo,,,,,,,,,,,,,
2023/2024,24Wab_0012,Wabasca,fecal,2024,,,Y,2023/2024 Contract Box 2,2023/2024 Contract Plate 3,Swab - Bison 2024 Sample Duplicates in Lysis Box,N,Sent to Toronto Zoo,,,,,,,,,,,,,
2023/2024,24Wab_0013,Wabasca,hair,2024,,,Y,2023/2024 Contract Box 2,2023/2024 Contract Plate 3,Swab - Bison 2024 Sample Duplicates in Lysis Box,N,Sent to Toronto Zoo,,,,,,,,,,,,,
2023/2024,24Wab_002,Wabasca,fecal,2024,,,Y,2023/2024 Contract Box 2,2023/2024 Contract Plate 3,Swab - Bison 2024 Sample Duplicates in Lysis Box,N,Sent to Toronto Zoo,,,,,,,,,,,,,
2023/2024,24Wab_003,Wabasca,fecal,2024,,,Y,2023/2024 Contract Box 2,2023/2024 Contract Plate 3,Swab - Bison 2024 Sample Duplicates in Lysis Box,N,Sent to Toronto Zoo,,,,,,,,,,,,,
2023/2024,24Wab_004,Wabasca,fecal,2024,,,Y,2023/2024 Contract Box 2,2023/2024 Contract Plate 3,Swab - Bison 2024 Sample Duplicates in Lysis Box,N,Sent to Toronto Zoo,,,,,,,,,,,,,
2023/2024,24Wab_005,Wabasca,fecal,2024,,,Y,2023/2024 Contract Box 2,2023/2024 Contract Plate 3,Swab - Bison 2024 Sample Duplicates in Lysis Box,N,Sent to Toronto Zoo,,,,,,,,,,,,,
2023/2024,24Wab_006,Wabasca,fecal,2024,,,Y,2023/2024 Contract Box 2,2023/2024 Contract Plate 3,Swab - Bison 2024 Sample Duplicates in Lysis Box,N,Sent to Toronto Zoo,,,,,,,,,,,,,
2023/2024,24Wab_007,Wabasca,fecal,2024,,,Y,2023/2024 Contract Box 2,2023/2024 Contract Plate 3,Swab - Bison 2024 Sample Duplicates in Lysis Box,N,Sent to Toronto Zoo,,,,,,,,,,,,,
2023/2024,24Wab_008,Wabasca,fecal,2024,,,Y,2023/2024 Contract Box 2,2023/2024 Contract Plate 3,Swab - Bison 2024 Sample Duplicates in Lysis Box,N,Sent to Toronto Zoo,,,,,,,,,,,,,
2023/2024,24Wab_009,Wabasca,fecal,2024,,,Y,2023/2024 Contract Box 2,2023/2024 Contract Plate 3,Swab - Bison 2024 Sample Duplicates in Lysis Box,N,Sent to Toronto Zoo,,,,,,,,,,,,,
2023/2024,BSN-01,WBNP,Ear,24-Feb-16,,,Y,2023/2024 Contract Box 2,2023/2024 Contract Plate 4,N,Full ear ,Chest Freezer,,,,,,,,,,,,,
2023/2024,BSN-02,WBNP,Ear,24-Feb-16,,,Y,2023/2024 Contract Box 2,2023/2024 Contract Plate 4,N,Full ear ,Chest Freezer,,,,,,,,,,,,,
2023/2024,BSN-03,WBNP,Ear,24-Feb-16,,,Y,2023/2024 Contract Box 2,2023/2024 Contract Plate 4,N,Full ear ,Chest Freezer,,,,,,,,,,,,,
2023/2024,BSN-04,WBNP,Ear,27-Mar-17,,,Y,2023/2024 Contract Box 2,2023/2024 Contract Plate 4,N,Full ear ,Chest Freezer,,,,,,,,,,,,,
2023/2024,BSN-05,WBNP,Ear,11-Aug-17,,,Y,2023/2024 Contract Box 2,2023/2024 Contract Plate 4,N,Full ear ,Chest Freezer,,,,,,,,,,,,,
2023/2024,BSN-07,WBNP,Ear,Sept,,,Y,2023/2024 Contract Box 2,2023/2024 Contract Plate 4,N,Full ear ,Chest Freezer,,,,,,,,,,,,,
2023/2024,BSN-25,WBNP,Ear,13-Feb-10,,,Y,2023/2024 Contract Box 2,2023/2024 Contract Plate 4,N,Full ear ,Chest Freezer,,,,,,,,,,,,,
2023/2024,BSN-46,WBNP,Ear,4-Sep-18,,,Y,2023/2024 Contract Box 2,2023/2024 Contract Plate 4,N,Full ear ,Chest Freezer,,,,,,,,,,,,,
2023/2024,BSN-51,WBNP,Ear,7-Aug-18,,,Y,2023/2024 Contract Box 2,2023/2024 Contract Plate 4,N,Full ear ,Chest Freezer,,,,,,,,,,,,,
2023/2024,BSN-52,WBNP,Ear,19-May-19,,,Y,2023/2024 Contract Box 2,2023/2024 Contract Plate 4,N,Full ear ,Chest Freezer,,,,,,,,,,,,,
2023/2024,BSN-55,WBNP,Ear,25-May-20,,,Y,2023/2024 Contract Box 2,2023/2024 Contract Plate 4,N,Full ear ,Chest Freezer,,,,,,,,,,,,,
2023/2024,BSN-62,WBNP,Ear,6-Nov-20,,,Y,2023/2024 Contract Box 2,2023/2024 Contract Plate 4,N,Full ear ,Chest Freezer,,,,,,,,,,,,,
2023/2024,BSN-63,WBNP,Ear,6-Nov-20,,,Y,2023/2024 Contract Box 2,2023/2024 Contract Plate 4,N,Full ear ,Chest Freezer,,,,,,,,,,,,,
2023/2024,BSN-64,WBNP,Ear,6-Nov-20,,,Y,2023/2024 Contract Box 2,2023/2024 Contract Plate 4,N,Full ear ,Chest Freezer,,,,,,,,,,,,,
2023/2024,BSN-65,WBNP,Ear,6-Nov-20,,,Y,2023/2024 Contract Box 2,2023/2024 Contract Plate 4,N,Full ear ,Chest Freezer,,,,,,,,,,,,,
2023/2024,BSN-66,WBNP,Ear,6-Nov-20,,,Y,2023/2024 Contract Box 2,2023/2024 Contract Plate 4,N,Full ear ,Chest Freezer,,,,,,,,,,,,,
2023/2024,BSN-67,WBNP,Ear,6-Nov-20,,,Y,2023/2024 Contract Box 2,2023/2024 Contract Plate 4,N,Full ear ,Chest Freezer,,,,,,,,,,,,,
2023/2024,BSN-68,WBNP,Ear,6-Nov-20,,,Y,2023/2024 Contract Box 2,2023/2024 Contract Plate 4,N,Full ear ,Chest Freezer,,,,,,,,,,,,,
2023/2024,BSN-69,WBNP,Ear,6-Nov-20,,,Y,2023/2024 Contract Box 2,2023/2024 Contract Plate 4,N,Full ear ,Chest Freezer,,,,,,,,,,,,,
2023/2024,BSN-70,WBNP,Ear,17-Nov-20,,,Y,2023/2024 Contract Box 2,2023/2024 Contract Plate 4,N,Full ear ,Chest Freezer,,,,,,,,,,,,,
2023/2024,BSN-95,WBNP,Ear,30-Aug-21,,,Y,2023/2024 Contract Box 2,2023/2024 Contract Plate 4,N,Full ear ,Chest Freezer,,,,,,,,,,,,,
2023/2024,MAN-391-Fe,Chitek Lake (MB),Fecal,3/14/2023,,,Y,Bison Swab DNA Box,2023/2024 Contract Plate 1,N,N,,,,,,,,,,,,,,
2023/2024,MAN-392-Fe,Chitek Lake (MB),Fecal,3/14/2023,,,Y,Bison Swab DNA Box,2023/2024 Contract Plate 1,N,N,,,,,,,,,,,,,,
2023/2024,MAN-393-Fe,Chitek Lake (MB),Fecal,3/14/2023,,,Y,Bison Swab DNA Box,2023/2024 Contract Plate 1,N,N,,,,,,,,,,,,,,
2023/2024,MAN-394-Fe,Chitek Lake (MB),Fecal,3/14/2023,,,Y,Bison Swab DNA Box,2023/2024 Contract Plate 1,N,N,,,,,,,,,,,,,,
2023/2024,MAN-395-Fe,Chitek Lake (MB),Fecal,3/14/2023,,,Y,Bison Swab DNA Box,2023/2024 Contract Plate 1,N,N,,,,,,,,,,,,,,
2023/2024,MAN-396-Fe,Chitek Lake (MB),Fecal,3/14/2023,,,Y,Bison Swab DNA Box,2023/2024 Contract Plate 1,N,N,,,,,,,,,,,,,,
2023/2024,MAN-397-Fe,Chitek Lake (MB),Fecal,3/14/2023,,,Y,Bison Swab DNA Box,2023/2024 Contract Plate 1,N,N,,,,,,,,,,,,,,
2023/2024,MAN-398-Fe,Chitek Lake (MB),Fecal,3/14/2023,,,Y,Bison Swab DNA Box,2023/2024 Contract Plate 1,N,N,,,,,,,,,,,,,,
2023/2024,MAN-399-Fe,Chitek Lake (MB),Fecal,3/14/2023,,,Y,Bison Swab DNA Box,2023/2024 Contract Plate 1,N,N,,,,,,,,,,,,,,
2023/2024,MAN-400-Fe,Chitek Lake (MB),Fecal,3/14/2023,,,Y,Bison Swab DNA Box,2023/2024 Contract Plate 1,N,N,,,,,,,,,,,,,,
2023/2024,MAN-402-Fe,Chitek Lake (MB),Fecal,3/14/2023,,,Y,,2023/2024 Contract Plate 1,N,N,,,,,,,,,,,,,,
2023/2024,MAN-403-Fe,Chitek Lake (MB),Fecal,3/14/2023,,,Y,Bison Swab DNA Box,2023/2024 Contract Plate 1,N,N,,,,,,,,,,,,,,
2023/2024,MAN-404-Fe,Chitek Lake (MB),Fecal,3/14/2023,,,Y,Bison Swab DNA Box,2023/2024 Contract Plate 1,N,N,,,,,,,,,,,,,,
2023/2024,MAN-405-Fe,Chitek Lake (MB),Fecal,3/14/2023,,,Y,Bison Swab DNA Box,2023/2024 Contract Plate 1,N,N,,,,,,,,,,,,,,
2023/2024,MAN-406-Fe,Chitek Lake (MB),Fecal,3/14/2023,,,Y,Bison Swab DNA Box,2023/2024 Contract Plate 1,N,N,,,,,,,,,,,,,,
2023/2024,MAN-407-Fe,Chitek Lake (MB),Fecal,3/14/2023,,,Y,Bison Swab DNA Box,2023/2024 Contract Plate 1,N,N,,,,,,,,,,,,,,
2023/2024,MAN-408-Fe,Chitek Lake (MB),Fecal,3/14/2023,,,Y,Bison Swab DNA Box,2023/2024 Contract Plate 1,N,N,,,,,,,,,,,,,,
2023/2024,MAN-409-Fe,Chitek Lake (MB),Fecal,3/14/2023,,,Y,Bison Swab DNA Box,2023/2024 Contract Plate 1,N,N,,,,,,,,,,,,,,
2023/2024,MAN-410-Fe,Chitek Lake (MB),Fecal,3/14/2023,,,Y,Bison Swab DNA Box,2023/2024 Contract Plate 1,N,N,,,,,,,,,,,,,,
2023/2024,MAN-411-Fe,Chitek Lake (MB),Fecal,3/14/2023,,,Y,Bison Swab DNA Box,2023/2024 Contract Plate 1,N,N,,,,,,,,,,,,,,
2023/2024,MAN-412-Fe,Chitek Lake (MB),Fecal,3/14/2023,,,Y,,2023/2024 Contract Plate 1,N,N,,,,,,,,,,,,,,
2023/2024,MAN-413-Fe,Chitek Lake (MB),Fecal,3/14/2023,,,Y,Bison Swab DNA Box,2023/2024 Contract Plate 1,N,N,,,,,,,,,,,,,,
2023/2024,MAN-414-Fe,Chitek Lake (MB),Fecal,3/14/2023,,,Y,Bison Swab DNA Box,2023/2024 Contract Plate 1,N,N,,,,,,,,,,,,,,
2023/2024,MAN-415-Fe,Chitek Lake (MB),Fecal,3/14/2023,,,Y,Bison Swab DNA Box,2023/2024 Contract Plate 1,N,N,,,,,,,,,,,,,,
2023/2024,MAN-416-Fe,Chitek Lake (MB),Fecal,3/14/2023,,,Y,Bison Swab DNA Box,2023/2024 Contract Plate 1,N,N,,,,,,,,,,,,,,
2023/2024,MAN-417-Fe,Chitek Lake (MB),Fecal,3/14/2023,,,Y,Bison Swab DNA Box,2023/2024 Contract Plate 1,N,N,,,,,,,,,,,,,,
2023/2024,MAN-418-Fe,Chitek Lake (MB),Fecal,3/14/2023,,,Y,Bison Swab DNA Box,2023/2024 Contract Plate 1,N,N,,,,,,,,,,,,,,
2023/2024,MAN-419-Fe,Chitek Lake (MB),Fecal,3/14/2023,,,Y,Bison Swab DNA Box,2023/2024 Contract Plate 1,N,N,,,,,,,,,,,,,,
2023/2024,MAN-420-Fe,Chitek Lake (MB),Fecal,3/14/2023,,,Y,Bison Swab DNA Box,2023/2024 Contract Plate 1,N,N,,,,,,,,,,,,,,
2023/2024,Nahanni-1,Nahanni,scat,2021,,,Y,2023/2024 Contract Box 2,2023/2024 Contract Plate 3,N,Fecal,Chest Freezer,,,,,,,,,,,,,
2023/2024,Nahanni-10,Nahanni,scat,2021,,,Y,2023/2024 Contract Box 2,2023/2024 Contract Plate 3,N,Fecal,Chest Freezer,,,,,,,,,,,,,
2023/2024,Nahanni-2,Nahanni,scat,2021,,,Y,2023/2024 Contract Box 2,2023/2024 Contract Plate 3,N,Fecal,Chest Freezer,,,,,,,,,,,,,
2023/2024,Nahanni-3,Nahanni,scat,2021,,,Y,2023/2024 Contract Box 2,2023/2024 Contract Plate 3,N,Fecal,Chest Freezer,,,,,,,,,,,,,
2023/2024,Nahanni-4,Nahanni,scat,2021,,,Y,2023/2024 Contract Box 2,2023/2024 Contract Plate 3,N,Fecal,Chest Freezer,,,,,,,,,,,,,
2023/2024,Nahanni-5,Nahanni,scat,2021,,,Y,2023/2024 Contract Box 2,2023/2024 Contract Plate 3,N,Fecal,Chest Freezer,,,,,,,,,,,,,
2023/2024,Nahanni-6,Nahanni,scat,2021,,,Y,2023/2024 Contract Box 2,2023/2024 Contract Plate 3,N,Fecal,Chest Freezer,,,,,,,,,,,,,
2023/2024,Nahanni-7,Nahanni,scat,2021,,,Y,2023/2024 Contract Box 2,2023/2024 Contract Plate 3,N,Fecal,Chest Freezer,,,,,,,,,,,,,
2023/2024,Nahanni-8,Nahanni,scat,2021,,,Y,2023/2024 Contract Box 2,2023/2024 Contract Plate 3,N,Fecal,Chest Freezer,,,,,,,,,,,,,
2023/2024,Nahanni-9,Nahanni,scat,2021,,,Y,2023/2024 Contract Box 2,2023/2024 Contract Plate 3,N,Fecal,Chest Freezer,,,,,,,,,,,,,
2023/2024,WBNP-152-Fe,WBNP,Fecal,11/17/2022,,,Y,,2023/2024 Contract Plate 1,,,,,,,,,,,,,,,,
2023/2024,WBNP-153-Fe,WBNP,Fecal,11/17/2022,,,Y,,2023/2024 Contract Plate 1,,,,,,,,,,,,,,,,
2023/2024,WBNP-157-Fe,WBNP,Fecal,11/17/2022,,,Y,Bison Swab DNA Box,2023/2024 Contract Plate 1,,,,,,,,,,,,,,,,
2023/2024,WBNP-159-Fe,WBNP,Fecal,11/17/2022,,,Y,,2023/2024 Contract Plate 1,,,,,,,,,,,,,,,,
2023/2024,WBNP-161-Fe,WBNP,Fecal,11/17/2022,,,Y,Bison Swab DNA Reruns Box,2023/2024 Contract Plate 1,,,,,,,,,,,,,,,,
2023/2024,WBNP-162-Fe,WBNP,Fecal,11/17/2022,,,Y,,2023/2024 Contract Plate 1,,,,,,,,,,,,,,,,
2023/2024,WBNP-163-Fe,WBNP,Fecal,11/17/2022,,,Y,Bison Swab DNA Box,2023/2024 Contract Plate 1,,,,,,,,,,,,,,,,
2023/2024,WBNP-165-Fe,WBNP,Fecal,11/17/2022,,,Y,,2023/2024 Contract Plate 1,,,,,,,,,,,,,,,,
2023/2024,WBNP-166-Fe,WBNP,Fecal,11/17/2022,,,Y,,2023/2024 Contract Plate 1,,,,,,,,,,,,,,,,
2023/2024,WBNP-169-Fe,WBNP,Fecal,11/17/2022,,,Y,,2023/2024 Contract Plate 1,,,,,,,,,,,,,,,,
2023/2024,WBNP-170-Fe,WBNP,Fecal,11/17/2022,,,Y,Bison Swab DNA Reruns Box,2023/2024 Contract Plate 1,,,,,,,,,,,,,,,,
2023/2024,WBNP-172-Fe,WBNP,Fecal,11/17/2022,,,Y,Bison Swab DNA Box,2023/2024 Contract Plate 1,,,,,,,,,,,,,,,,
2023/2024,WBNP-175-Fe,WBNP,Fecal,11/17/2022,,,Y,Bison Swab DNA Box,2023/2024 Contract Plate 1,,,,,,,,,,,,,,,,
2023/2024,WBNP-178-Fe,WBNP,Fecal,11/17/2022,,,Y,Bison Swab DNA Box,2023/2024 Contract Plate 1,,,,,,,,,,,,,,,,
2023/2024,WBNP-179-Fe,WBNP,Fecal,11/17/2022,,,Y,Bison Swab DNA Box,2023/2024 Contract Plate 1,,,,,,,,,,,,,,,,
2023/2024,WBNP-181-Fe,WBNP,Fecal,11/17/2022,,,Y,Bison Swab DNA Box,2023/2024 Contract Plate 1,,,,,,,,,,,,,,,,
2023/2024,WBNP-185-Fe,WBNP,Fecal,11/17/2022,,,Y,Bison Swab DNA Box,2023/2024 Contract Plate 1,,,,,,,,,,,,,,,,
2023/2024,WBNP-187-Fe,WBNP,Fecal,11/17/2022,,,Y,,2023/2024 Contract Plate 1,,,,,,,,,,,,,,,,
2023/2024,WBNP-188-Fe,WBNP,Fecal,11/17/2022,,,Y,,2023/2024 Contract Plate 1,,,,,,,,,,,,,,,,
2023/2024,WBNP-189-Fe,WBNP,Fecal,11/17/2022,,,Y,Bison Swab DNA Reruns Box,2023/2024 Contract Plate 1,,,,,,,,,,,,,,,,
2023/2024,WBNP-190-Fe,WBNP,Fecal,11/17/2022,,,Y,Bison Swab DNA Reruns Box,2023/2024 Contract Plate 1,,,,,,,,,,,,,,,,
2023/2024,WBNP-191-Fe,WBNP,Fecal,11/17/2022,,,Y,Bison Swab DNA Box,2023/2024 Contract Plate 1,,,,,,,,,,,,,,,,
2023/2024,WBNP-194-Fe,WBNP,Fecal,11/17/2022,,,Y,Bison Swab DNA Box,2023/2024 Contract Plate 1,,,,,,,,,,,,,,,,
2023/2024,WBNP-195-Fe,WBNP,Fecal,11/17/2022,,,Y,Bison Swab DNA Reruns Box,2023/2024 Contract Plate 1,,,,,,,,,,,,,,,,
2023/2024,WBNP-198-Fe,WBNP,Fecal,11/17/2022,,,Y,Bison Swab DNA Box,2023/2024 Contract Plate 1,,,,,,,,,,,,,,,,
2023/2024,WBNP-200-Fe,WBNP,Fecal,11/17/2022,,,Y,Bison Swab DNA Box,2023/2024 Contract Plate 1,,,,,,,,,,,,,,,,
2023/2024,WBNP-202-Fe,WBNP,Fecal,11/17/2022,,,Y,Bison Swab DNA Box,2023/2024 Contract Plate 1,,,,,,,,,,,,,,,,
2023/2024,WBNP-203-Fe,WBNP,Fecal,11/17/2022,,,Y,Bison Swab DNA Box,2023/2024 Contract Plate 1,,,,,,,,,,,,,,,,
2023/2024,WBNP-204-Fe,WBNP,Fecal,11/17/2022,,,Y,Bison Swab DNA Box,2023/2024 Contract Plate 1,,,,,,,,,,,,,,,,
2023/2024,WBNP-205-Fe,WBNP,Fecal,11/17/2022,,,Y,Bison Swab DNA Box,2023/2024 Contract Plate 1,,,,,,,,,,,,,,,,
2023/2024,WBNP-208-Fe,WBNP,Fecal,11/17/2022,,,Y,Bison Swab DNA Reruns Box,2023/2024 Contract Plate 1,,,,,,,,,,,,,,,,
2023/2024,WBNP-209-Fe,WBNP,Fecal,11/17/2022,,,Y,Bison Swab DNA Box,2023/2024 Contract Plate 1,,,,,,,,,,,,,,,,
2023/2024,WBNP-210-Fe,WBNP,Fecal,11/17/2022,,,Y,,2023/2024 Contract Plate 1,,,,,,,,,,,,,,,,
2023/2024,WBNP-962-Fe,WBNP,Fecal,3/14/2023,,,Y,,2023/2024 Contract Plate 1,,,,,,,,,,,,,,,,
2023/2024,WBNP-963-Fe,WBNP,Fecal,3/14/2023,,,Y,Bison Swab DNA Box,2023/2024 Contract Plate 1,,,,,,,,,,,,,,,,
2023/2024,WBNP-964-Fe,WBNP,Fecal,3/14/2023,,,Y,,2023/2024 Contract Plate 1,,,,,,,,,,,,,,,,
2023/2024,WBNP-965-Fe,WBNP,Fecal,3/14/2023,,,Y,Bison Fecal Swabs DNA Box,2023/2024 Contract Plate 2,,,,,,,,,,,,,,,,
2023/2024,WBNP-966-Fe,WBNP,Fecal,3/14/2023,,,Y,Bison Swab DNA Reruns Box,2023/2024 Contract Plate 2,,,,,,,,,,,,,,,,
2023/2024,WBNP-967-Fe,WBNP,Fecal ,3/14/2023,,,Y,,2023/2024 Contract Plate 2,,,,,,,,,,,,,,,,
2023/2024,WBNP-968-Fe,WBNP,Fecal ,3/14/2023,,,Y,,2023/2024 Contract Plate 2,,,,,,,,,,,,,,,,
2023/2024,WBNP-969-Fe,WBNP,Fecal ,3/14/2023,,,Y,,2023/2024 Contract Plate 2,,,,,,,,,,,,,,,,
2023/2024,WBNP-970-Fe,WBNP,Fecal ,3/14/2023,,,Y,Bison Fecal Swabs DNA Box,2023/2024 Contract Plate 2,,,,,,,,,,,,,,,,
2023/2024,WBNP-971-Fe,WBNP,Fecal ,3/14/2023,,,Y,Bison Swab DNA Reruns Box,2023/2024 Contract Plate 3,,,,,,,,,,,,,,,,
2023/2024,WBNP-972-Fe,WBNP,Fecal ,3/14/2023,,,Y,Bison Swab DNA Reruns Box,2023/2024 Contract Plate 3,,,,,,,,,,,,,,,,
2023/2024,WBNP-973-Fe,WBNP,Fecal ,3/14/2023,,,Y,Bison Fecal Swabs DNA Box,2023/2024 Contract Plate 3,,,,,,,,,,,,,,,,
2023/2024,WBNP-974-Fe,WBNP,Fecal ,3/14/2023,,,Y,Bison Fecal Swabs DNA Box,2023/2024 Contract Plate 3,,,,,,,,,,,,,,,,
2023/2024,WBNP-975-Fe,WBNP,Fecal ,3/14/2023,,,Y,Bison Fecal Swabs DNA Box,2023/2024 Contract Plate 3,,,,,,,,,,,,,,,,
2023/2024,WBNP-976-Fe,WBNP,Fecal ,3/14/2023,,,Y,Bison Fecal Swabs DNA Box,2023/2024 Contract Plate 3,,,,,,,,,,,,,,,,
2023/2024,WBNP-977-Fe,WBNP,Fecal ,3/14/2023,,,Y,Bison Fecal Swabs DNA Box,2023/2024 Contract Plate 3,,,,,,,,,,,,,,,,
2023/2024,WBNP-978-Fe,WBNP,Fecal ,3/14/2023,,,Y,Bison Fecal Swabs DNA Box,2023/2024 Contract Plate 3,,,,,,,,,,,,,,,,
2023/2024,WBNP-979-Fe,WBNP,Fecal ,3/14/2023,,,Y,Bison Fecal Swabs DNA Box,2023/2024 Contract Plate 3,,,,,,,,,,,,,,,,
2023/2024,WBNP-980-Fe,WBNP,Fecal ,3/14/2023,,,Y,Bison Fecal Swabs DNA Box,2023/2024 Contract Plate 3,,,,,,,,,,,,,,,,
2023/2024,WBNP-981-Fe,WBNP,Fecal ,3/14/2023,,,Y,Bison Fecal Swabs DNA Box,2023/2024 Contract Plate 3,,,,,,,,,,,,,,,,
2023/2024,WBNP-982-Fe,WBNP,Fecal ,3/14/2023,,,Y,Bison Fecal Swabs DNA Box,2023/2024 Contract Plate 3,,,,,,,,,,,,,,,,
2023/2024,WBNP-983-Fe,WBNP,Fecal ,3/14/2023,,,Y,Bison Fecal Swabs DNA Box,2023/2024 Contract Plate 3,,,,,,,,,,,,,,,,
2023/2024,WBNP-984-Fe,WBNP,Fecal ,3/14/2023,,,Y,Bison Fecal Swabs DNA Box,2023/2024 Contract Plate 3,,,,,,,,,,,,,,,,
2023/2024,WLNP01,Waterton Lakes,fecal,2023,,,Y,Bison Swab DNA Box,2023/2024 Contract Plate 1,N,Fecal,Chest Freezer,,,,,,,,,,,,,
2023/2024,WLNP10,Waterton Lakes,fecal,2023,,,Y,Bison Swab DNA Box,2023/2024 Contract Plate 1,N,Fecal,Chest Freezer,,,,,,,,,,,,,
2023/2024,WLNP02,Waterton Lakes,fecal,2023,,,Y,Bison Swab DNA Box,2023/2024 Contract Plate 1,N,Fecal,Chest Freezer,,,,,,,,,,,,,
2023/2024,WLNP03,Waterton Lakes,fecal,2023,,,Y,Bison Swab DNA Box,2023/2024 Contract Plate 1,N,Fecal,Chest Freezer,,,,,,,,,,,,,
2023/2024,WLNP306,Waterton Lakes,tissue,2023,,,Y,Bison Swab DNA Box,2023/2024 Contract Plate 1,N,Tissue,Chest Freezer,,,,,,,,,,,,,
2023/2024,WLNP308,Waterton Lakes,tissue,2023,,,Y,Bison Swab DNA Box,2023/2024 Contract Plate 1,N,Tissue,Chest Freezer,,,,,,,,,,,,,
2023/2024,WLNP309,Waterton Lakes,tissue,2023,,,Y,Bison Swab DNA Box,2023/2024 Contract Plate 1,N,Tissue,Chest Freezer,,,,,,,,,,,,,
2023/2024,WLNP316,Waterton Lakes,tissue,2023,,,Y,Bison Swab DNA Box,2023/2024 Contract Plate 1,N,Tissue,Chest Freezer,,,,,,,,,,,,,
2023/2024,WLNP320,Waterton Lakes,tissue,2023,,,Y,Bison Swab DNA Box,2023/2024 Contract Plate 1,N,Tissue,Chest Freezer,,,,,,,,,,,,,
2023/2024,WLNP04,Waterton Lakes,fecal,2023,,,Y,Bison Swab DNA Box,2023/2024 Contract Plate 1,N,Fecal,Chest Freezer,,,,,,,,,,,,,
2023/2024,WLNP05,Waterton Lakes,fecal,2023,,,Y,Bison Swab DNA Box,2023/2024 Contract Plate 1,N,Fecal,Chest Freezer,,,,,,,,,,,,,
2023/2024,WLNP06,Waterton Lakes,fecal,2023,,,Y,Bison Swab DNA Box,2023/2024 Contract Plate 1,N,Fecal,Chest Freezer,,,,,,,,,,,,,
2023/2024,WLNP07,Waterton Lakes,fecal,2023,,,Y,Bison Swab DNA Box,2023/2024 Contract Plate 1,N,Fecal,Chest Freezer,,,,,,,,,,,,,
2023/2024,WLNP08,Waterton Lakes,fecal,2023,,,Y,Bison Swab DNA Box,2023/2024 Contract Plate 1,N,Fecal,Chest Freezer,,,,,,,,,,,,,
2023/2024,WLNP09,Waterton Lakes,fecal,2023,,,Y,Bison Swab DNA Box,2023/2024 Contract Plate 1,N,Fecal,Chest Freezer,,,,,,,,,,,,,
2024/2025,1,PANP,Teeth,30-May-12,,,Y,2024/2025 Contract Box 2,NA - Stock tube only,N,,,,,,,,,,,,,,,
2024/2025,2,PANP,Teeth,4-Jun-12,,,Y,2024/2025 Contract Box 2,NA - Stock tube only,N,,,,,,,,,,,,,,,
2024/2025,3,PANP,Teeth,4-Jun-12,,,Y,2024/2025 Contract Box 2,NA - Stock tube only,N,,,,,,,,,,,,,,,
2024/2025,5,PANP,Teeth,6-Jun-12,,,Y,2024/2025 Contract Box 2,NA - Stock tube only,N,,,,,,,,,,,,,,,
2024/2025,6,PANP,Teeth,6-Jun-12,,,Y,2024/2025 Contract Box 2,NA - Stock tube only,N,,,,,,,,,,,,,,,
2024/2025,8,PANP,Teeth,6-Jun-12,,,Y,2024/2025 Contract Box 2,NA - Stock tube only,N,,,,,,,,,,,,,,,
2024/2025,9,PANP,Teeth,14-Jun-12,,,Y,2024/2025 Contract Box 2,NA - Stock tube only,N,,,,,,,,,,,,,,,
2024/2025,11,PANP,Teeth,22-Jun-12,,,Y,2024/2025 Contract Box 2,NA - Stock tube only,N,,,,,,,,,,,,,,,
2024/2025,12,PANP,Teeth,4-Jul-12,,,Y,2024/2025 Contract Box 2,NA - Stock tube only,N,,,,,,,,,,,,,,,
2024/2025,13,PANP,Teeth,6-Jul-12,,,Y,2024/2025 Contract Box 2,NA - Stock tube only,N,,,,,,,,,,,,,,,
2024/2025,14,PANP,Teeth,9-Jul-12,,,Y,2024/2025 Contract Box 2,NA - Stock tube only,N,,,,,,,,,,,,,,,
2024/2025,15,PANP,Teeth,13-Jul-12,,,Y,2024/2025 Contract Box 2,NA - Stock tube only,N,,,,,,,,,,,,,,,
2024/2025,16,PANP,Teeth,25-Jul-12,,,Y,2024/2025 Contract Box 2,NA - Stock tube only,N,,,,,,,,,,,,,,,
2024/2025,1_Piikani,Piikani,fecal,11-Jun-24,,,Y,2024/2025 Contract Box 2,2024/2025 Contract Plate 2,Swab - Bison 2024 Sample Duplicates in Lysis Box,Fecal,Chest Freezer - 2024/2025 Sample bin 1,,,,,,,,,,,,,
2024/2025,10A,PANP,Teeth,18-Jun-12,,,Y,2024/2025 Contract Box 2,NA - Stock tube only,N,,,,,,,,,,,,,,,
2024/2025,10B,PANP,Teeth,,,,Y,2024/2025 Contract Box 2,NA - Stock tube only,N,,,,,,,,,,,,,,,
2024/2025,19BF1,WBNP,Hair,ND,,,Y,2024/2025 Contract Box 4,2024/2025 Contract Plate 4,N,Hair,Chest freezer - hair and biopsy bin,,,,,,,,,,,,,
2024/2025,19BF2,WBNP,Hair,ND,,,Y,2024/2025 Contract Box 4,2024/2025 Contract Plate 4,N,Hair,Chest freezer - hair and biopsy bin,,,,,,,,,,,,,
2024/2025,19BF3,WBNP,Hair,ND,,,Y,2024/2025 Contract Box 4,2024/2025 Contract Plate 4,N,Hair,Chest freezer - hair and biopsy bin,,,,,,,,,,,,,
2024/2025,19BF4,WBNP,Hair,ND,,,Y,2024/2025 Contract Box 4,2024/2025 Contract Plate 4,N,Hair,Chest freezer - hair and biopsy bin,,,,,,,,,,,,,
2024/2025,19BF5,WBNP,Hair,ND,,,Y,2024/2025 Contract Box 4,2024/2025 Contract Plate 4,N,Hair,Chest freezer - hair and biopsy bin,,,,,,,,,,,,,
2024/2025,2_Piikani,Piikani,fecal,11-Jun-24,,,Y,2024/2025 Contract Box 2,2024/2025 Contract Plate 2,Swab - Bison 2024 Sample Duplicates in Lysis Box,Fecal,Chest Freezer - 2024/2025 Sample bin 1,,,,,,,,,,,,,
2024/2025,20BF1,WBNP,Hair,20-Feb-25,,,Y,2024/2025 Contract Box 4,2024/2025 Contract Plate 4,N,Hair,Chest freezer - hair and biopsy bin,,,,,,,,,,,,,
2024/2025,20BF2,WBNP,Hair,20-Feb-25,,,Y,2024/2025 Contract Box 4,2024/2025 Contract Plate 4,N,Hair,Chest freezer - hair and biopsy bin,,,,,,,,,,,,,
2024/2025,20BF3,WBNP,Hair,20-Feb-25,,,Y,2024/2025 Contract Box 4,2024/2025 Contract Plate 4,N,Hair,Chest freezer - hair and biopsy bin,,,,,,,,,,,,,
2024/2025,20BF8,WBNP,Hair,20-Feb-25,,,Y,2024/2025 Contract Box 4,2024/2025 Contract Plate 4,N,Hair,Chest freezer - hair and biopsy bin,,,,,,,,,,,,,
2024/2025,20BF9,WBNP,Hair,20-Feb-25,,,Y,2024/2025 Contract Box 4,2024/2025 Contract Plate 4,N,Hair,Chest freezer - hair and biopsy bin,,,,,,,,,,,,,
2024/2025,24WBNP_051,WBNP,hair,23-Apr-24,,,Y,2024/2025 Contract Box 1,2024/2025 Contract Plate 1,N,Hair,Chest freezer - hair and biopsy bin,,,,,,,,,,,,,
2024/2025,24WBNP_054,WBNP,hair,23-Apr-24,,,Y,2024/2025 Contract Box 1,2024/2025 Contract Plate 1,N,Hair,Chest freezer - hair and biopsy bin,,,,,,,,,,,,,
2024/2025,24WBNP_055,WBNP,hair,23-Apr-24,,,Y,2024/2025 Contract Box 1,2024/2025 Contract Plate 1,N,Hair,Chest freezer - hair and biopsy bin,,,,,,,,,,,,,
2024/2025,24WBNP_058,WBNP,hair,23-Apr-24,,,Y,2024/2025 Contract Box 1,2024/2025 Contract Plate 1,N,Hair,Chest freezer - hair and biopsy bin,,,,,,,,,,,,,
2024/2025,24WBNP_059,WBNP,hair,24-Apr-24,,,Y,2024/2025 Contract Box 1,2024/2025 Contract Plate 1,N,Hair,Chest freezer - hair and biopsy bin,,,,,,,,,,,,,
2024/2025,24WBNP_059UNK,WBNP,hair,23-Apr-24,,,Y,2024/2025 Contract Box 1,2024/2025 Contract Plate 1,N,N,Sample shipped to Alberta,,,,,,,,,,,,,
2024/2025,24WBNP_060,WBNP,hair,24-Apr-24,,,Y,2024/2025 Contract Box 1,2024/2025 Contract Plate 1,N,Hair,Chest freezer - hair and biopsy bin,,,,,,,,,,,,,
2024/2025,24WBNP_061,WBNP,hair,24-Apr-24,,,Y,2024/2025 Contract Box 1,2024/2025 Contract Plate 1,N,Hair,Chest freezer - hair and biopsy bin,,,,,,,,,,,,,
2024/2025,24WBNP_062,WBNP,hair,24-Apr-24,,,Y,2024/2025 Contract Box 1,2024/2025 Contract Plate 1,N,Hair,Chest freezer - hair and biopsy bin,,,,,,,,,,,,,
2024/2025,24WBNP_064,WBNP,hair,24-Apr-24,,,Y,2024/2025 Contract Box 1,2024/2025 Contract Plate 1,N,Hair,Chest freezer - hair and biopsy bin,,,,,,,,,,,,,
2024/2025,24WBNP_CR-1_062,WBNP,hair,not provided,,,Y,2024/2025 Contract Box 1,2024/2025 Contract Plate 1,N,Hair,Chest freezer - hair and biopsy bin,,,,,,,,,,,,,
2024/2025,24WBNP_HC1,WBNP,hair,not provided,,,N,NA,NA,N,N,Sample shipped to Alberta,,,,,,,,,,,,,
2024/2025,25_SturRiv_1,Sturgeon River,Fecal,5-Mar-25,,,Y,2024/2025 Contract Box 3,2024/2025 Contract Plate 3,Swab - Bison 2025 Sturgeon River Box,Fecal,Chest freezer - Sturgeon River Fecals box 1,,,,,,,,,,,,,
2024/2025,25_SturRiv_10,Sturgeon River,Fecal,5-Mar-25,,,Y,2024/2025 Contract Box 3,2024/2025 Contract Plate 3,Swab - Bison 2025 Sturgeon River Box,Fecal,Chest freezer - Sturgeon River Fecals box 1,,,,,,,,,,,,,
2024/2025,25_SturRiv_100,Sturgeon River,Tissue,28-Aug-16,,,Y,2024/2025 Contract Box 3,2024/2025 Contract Plate 4,N,Tissue,Chest Freezer,,,,,,,,,,,,,
2024/2025,25_SturRiv_101,Sturgeon River,Tissue,28-Sep-16,,,Y,2024/2025 Contract Box 3,2024/2025 Contract Plate 4,N,Tissue,Chest Freezer,,,,,,,,,,,,,
2024/2025,25_SturRiv_102,Sturgeon River,Tissue,28-Sep-16,,,N,NA,NA,Sample in lysis - Bison 2025 Sturgeon River Box,Hair,Chest Freezer,,,,,,,,,,,,,
2024/2025,25_SturRiv_103,Sturgeon River,Tissue,23-Jan-14,,,N,NA,NA,Sample in lysis - Bison 2025 Sturgeon River Box,Tissue,Chest Freezer,,,,,,,,,,,,,
2024/2025,25_SturRiv_104,Sturgeon River,Tissue,10-Aug-13,,,Y,2024/2025 Contract Box 3,2024/2025 Contract Plate 4,N,Teeth and Hair,Chest Freezer,,,,,,,,,,,,,
2024/2025,25_SturRiv_11,Sturgeon River,Fecal,6-Mar-25,,,Y,2024/2025 Contract Box 3,2024/2025 Contract Plate 3,Swab - Bison 2025 Sturgeon River Box,Fecal,Chest freezer - Sturgeon River Fecals box 2,,,,,,,,,,,,,
2024/2025,25_SturRiv_12,Sturgeon River,Fecal,6-Mar-25,,,Y,2024/2025 Contract Box 3,2024/2025 Contract Plate 3,Swab - Bison 2025 Sturgeon River Box,Fecal,Chest freezer - Sturgeon River Fecals box 2,,,,,,,,,,,,,
2024/2025,25_SturRiv_13,Sturgeon River,Fecal,6-Mar-25,,,Y,2024/2025 Contract Box 3,2024/2025 Contract Plate 3,Swab - Bison 2025 Sturgeon River Box,Fecal,Chest freezer - Sturgeon River Fecals box 2,,,,,,,,,,,,,
2024/2025,25_SturRiv_14,Sturgeon River,Fecal,6-Mar-25,,,Y,2024/2025 Contract Box 3,2024/2025 Contract Plate 3,Swab - Bison 2025 Sturgeon River Box,Fecal,Chest freezer - Sturgeon River Fecals box 2,,,,,,,,,,,,,
2024/2025,25_SturRiv_15,Sturgeon River,Fecal,6-Mar-25,,,Y,2024/2025 Contract Box 3,2024/2025 Contract Plate 3,Swab - Bison 2025 Sturgeon River Box,Fecal,Chest freezer - Sturgeon River Fecals box 2,,,,,,,,,,,,,
2024/2025,25_SturRiv_16,Sturgeon River,Fecal,6-Mar-25,,,Y,2024/2025 Contract Box 3,2024/2025 Contract Plate 3,Swab - Bison 2025 Sturgeon River Box,Fecal,Chest freezer - Sturgeon River Fecals box 2,,,,,,,,,,,,,
2024/2025,25_SturRiv_17,Sturgeon River,Fecal,6-Mar-25,,,Y,2024/2025 Contract Box 3,2024/2025 Contract Plate 3,Swab - Bison 2025 Sturgeon River Box,Fecal,Chest freezer - Sturgeon River Fecals box 2,,,,,,,,,,,,,
2024/2025,25_SturRiv_18,Sturgeon River,Fecal,6-Mar-25,,,Y,2024/2025 Contract Box 3,2024/2025 Contract Plate 3,Swab - Bison 2025 Sturgeon River Box,Fecal,Chest freezer - Sturgeon River Fecals box 2,,,,,,,,,,,,,
2024/2025,25_SturRiv_19,Sturgeon River,Fecal,6-Mar-25,,,Y,2024/2025 Contract Box 3,2024/2025 Contract Plate 3,Swab - Bison 2025 Sturgeon River Box,Fecal,Chest freezer - Sturgeon River Fecals box 1,,,,,,,,,,,,,
2024/2025,25_SturRiv_2,Sturgeon River,Fecal,5-Mar-25,,,Y,2024/2025 Contract Box 3,2024/2025 Contract Plate 3,Swab - Bison 2025 Sturgeon River Box,Fecal,Chest freezer - Sturgeon River Fecals box 1,,,,,,,,,,,,,
2024/2025,25_SturRiv_20,Sturgeon River,Fecal,6-Mar-25,,,Y,2024/2025 Contract Box 3,2024/2025 Contract Plate 3,Swab - Bison 2025 Sturgeon River Box,Fecal,Chest freezer - Sturgeon River Fecals box 1,,,,,,,,,,,,,
2024/2025,25_SturRiv_21,Sturgeon River,Fecal,6-Mar-25,,,Y,2024/2025 Contract Box 3,2024/2025 Contract Plate 3,Swab - Bison 2025 Sturgeon River Box,Fecal,Chest freezer - Sturgeon River Fecals box 1,,,,,,,,,,,,,
2024/2025,25_SturRiv_22,Sturgeon River,Fecal,6-Mar-25,,,Y,2024/2025 Contract Box 3,2024/2025 Contract Plate 3,Swab - Bison 2025 Sturgeon River Box,Fecal,Chest freezer - Sturgeon River Fecals box 1,,,,,,,,,,,,,
2024/2025,25_SturRiv_23,Sturgeon River,Fecal,6-Mar-25,,,Y,2024/2025 Contract Box 3,2024/2025 Contract Plate 3,Swab - Bison 2025 Sturgeon River Box,Fecal,Chest freezer - Sturgeon River Fecals box 1,,,,,,,,,,,,,
2024/2025,25_SturRiv_24,Sturgeon River,Fecal,6-Mar-25,,,Y,2024/2025 Contract Box 3,2024/2025 Contract Plate 3,Swab - Bison 2025 Sturgeon River Box,Fecal,Chest freezer - Sturgeon River Fecals box 1,,,,,,,,,,,,,
2024/2025,25_SturRiv_25,Sturgeon River,Fecal,6-Mar-25,,,Y,2024/2025 Contract Box 3,2024/2025 Contract Plate 3,Swab - Bison 2025 Sturgeon River Box,Fecal,Chest freezer - Sturgeon River Fecals box 1,,,,,,,,,,,,,
2024/2025,25_SturRiv_26,Sturgeon River,Fecal,6-Mar-25,,,Y,2024/2025 Contract Box 3,2024/2025 Contract Plate 3,Swab - Bison 2025 Sturgeon River Box,Fecal,Chest freezer - Sturgeon River Fecals box 1,,,,,,,,,,,,,
2024/2025,25_SturRiv_27,Sturgeon River,Fecal,6-Mar-25,,,Y,2024/2025 Contract Box 3,2024/2025 Contract Plate 3,Swab - Bison 2025 Sturgeon River Box,Fecal,Chest freezer - Sturgeon River Fecals box 1,,,,,,,,,,,,,
2024/2025,25_SturRiv_28,Sturgeon River,Fecal,6-Mar-25,,,Y,2024/2025 Contract Box 3,2024/2025 Contract Plate 3,Swab - Bison 2025 Sturgeon River Box,Fecal,Chest freezer - Sturgeon River Fecals box 1,,,,,,,,,,,,,
2024/2025,25_SturRiv_29,Sturgeon River,Fecal,6-Mar-25,,,Y,2024/2025 Contract Box 3,2024/2025 Contract Plate 3,Swab - Bison 2025 Sturgeon River Box,Fecal,Chest freezer - Sturgeon River Fecals box 1,,,,,,,,,,,,,
2024/2025,25_SturRiv_3,Sturgeon River,Fecal,5-Mar-25,,,Y,2024/2025 Contract Box 3,2024/2025 Contract Plate 3,Swab - Bison 2025 Sturgeon River Box,Fecal,Chest freezer - Sturgeon River Fecals box 1,,,,,,,,,,,,,
2024/2025,25_SturRiv_30,Sturgeon River,Fecal,6-Mar-25,,,Y,2024/2025 Contract Box 3,2024/2025 Contract Plate 3,Swab - Bison 2025 Sturgeon River Box,Fecal,Chest freezer - Sturgeon River Fecals box 1,,,,,,,,,,,,,
2024/2025,25_SturRiv_31,Sturgeon River,Fecal,6-Mar-25,,,Y,2024/2025 Contract Box 3,2024/2025 Contract Plate 3,Swab - Bison 2025 Sturgeon River Box,Fecal,Chest freezer - Sturgeon River Fecals box 1,,,,,,,,,,,,,
2024/2025,25_SturRiv_32A,Sturgeon River,Fecal,6-Mar-25,,,Y,2024/2025 Contract Box 3,2024/2025 Contract Plate 3,Swab - Bison 2025 Sturgeon River Box,Fecal,Chest freezer - Sturgeon River Fecals box 2,,,,,,,,,,,,,
2024/2025,25_SturRiv_32B,Sturgeon River,Fecal,6-Mar-25,,,Y,2024/2025 Contract Box 3,2024/2025 Contract Plate 3,Swab - Bison 2025 Sturgeon River Box,Fecal,Chest freezer - Sturgeon River Fecals box 2,,,,,,,,,,,,,
2024/2025,25_SturRiv_33A,Sturgeon River,Fecal,6-Mar-25,,,Y,2024/2025 Contract Box 3,2024/2025 Contract Plate 3,Swab - Bison 2025 Sturgeon River Box,Fecal,Chest freezer - Sturgeon River Fecals box 2,,,,,,,,,,,,,
2024/2025,25_SturRiv_33B,Sturgeon River,Fecal,6-Mar-25,,,Y,2024/2025 Contract Box 3,2024/2025 Contract Plate 3,Swab - Bison 2025 Sturgeon River Box,Fecal,Chest freezer - Sturgeon River Fecals box 2,,,,,,,,,,,,,
2024/2025,25_SturRiv_34,Sturgeon River,Fecal,6-Mar-25,,,Y,2024/2025 Contract Box 3,2024/2025 Contract Plate 3,Swab - Bison 2025 Sturgeon River Box,Fecal,Chest freezer - Sturgeon River Fecals box 2,,,,,,,,,,,,,
2024/2025,25_SturRiv_35,Sturgeon River,Fecal,6-Mar-25,,,Y,2024/2025 Contract Box 3,2024/2025 Contract Plate 3,Swab - Bison 2025 Sturgeon River Box,Fecal,Chest freezer - Sturgeon River Fecals box 2,,,,,,,,,,,,,
2024/2025,25_SturRiv_36,Sturgeon River,Fecal,6-Mar-25,,,Y,2024/2025 Contract Box 3,2024/2025 Contract Plate 3,Swab - Bison 2025 Sturgeon River Box,Fecal,Chest freezer - Sturgeon River Fecals box 2,,,,,,,,,,,,,
2024/2025,25_SturRiv_37,Sturgeon River,Fecal,6-Mar-25,,,Y,2024/2025 Contract Box 3,2024/2025 Contract Plate 3,Swab - Bison 2025 Sturgeon River Box,Fecal,Chest freezer - Sturgeon River Fecals box 2,,,,,,,,,,,,,
2024/2025,25_SturRiv_38,Sturgeon River,Fecal,6-Mar-25,,,Y,2024/2025 Contract Box 3,2024/2025 Contract Plate 3,Swab - Bison 2025 Sturgeon River Box,Fecal,Chest freezer - Sturgeon River Fecals box 2,,,,,,,,,,,,,
2024/2025,25_SturRiv_39,Sturgeon River,Fecal,6-Mar-25,,,Y,2024/2025 Contract Box 3,2024/2025 Contract Plate 3,Swab - Bison 2025 Sturgeon River Box,Fecal,Chest freezer - Sturgeon River Fecals box 2,,,,,,,,,,,,,
2024/2025,25_SturRiv_4,Sturgeon River,Fecal,5-Mar-25,,,Y,2024/2025 Contract Box 3,2024/2025 Contract Plate 3,Swab - Bison 2025 Sturgeon River Box,Fecal,Chest freezer - Sturgeon River Fecals box 1,,,,,,,,,,,,,
2024/2025,25_SturRiv_40,Sturgeon River,Fecal,6-Mar-25,,,Y,2024/2025 Contract Box 3,2024/2025 Contract Plate 3,Swab - Bison 2025 Sturgeon River Box,Fecal,Chest freezer - Sturgeon River Fecals box 2,,,,,,,,,,,,,
2024/2025,25_SturRiv_41,Sturgeon River,Fecal,6-Mar-25,,,Y,2024/2025 Contract Box 3,2024/2025 Contract Plate 3,Swab - Bison 2025 Sturgeon River Box,Fecal,Chest freezer - Sturgeon River Fecals box 2,,,,,,,,,,,,,
2024/2025,25_SturRiv_42,Sturgeon River,Fecal,6-Mar-25,,,Y,2024/2025 Contract Box 3,2024/2025 Contract Plate 3,Swab - Bison 2025 Sturgeon River Box,Fecal,Chest freezer - Sturgeon River Fecals box 2,,,,,,,,,,,,,
2024/2025,25_SturRiv_43,Sturgeon River,Fecal,6-Mar-25,,,Y,2024/2025 Contract Box 3,2024/2025 Contract Plate 3,Swab - Bison 2025 Sturgeon River Box,Fecal,Chest freezer - Sturgeon River Fecals box 2,,,,,,,,,,,,,
2024/2025,25_SturRiv_44,Sturgeon River,Fecal,6-Mar-25,,,Y,2024/2025 Contract Box 3,2024/2025 Contract Plate 3,Swab - Bison 2025 Sturgeon River Box,Fecal,Chest freezer - Sturgeon River Fecals box 2,,,,,,,,,,,,,
2024/2025,25_SturRiv_45,Sturgeon River,Fecal,6-Mar-25,,,Y,2024/2025 Contract Box 3,2024/2025 Contract Plate 3,Swab - Bison 2025 Sturgeon River Box,Fecal,Chest freezer - Sturgeon River Fecals box 2,,,,,,,,,,,,,
2024/2025,25_SturRiv_46,Sturgeon River,Fecal,6-Mar-25,,,Y,2024/2025 Contract Box 3,2024/2025 Contract Plate 3,Swab - Bison 2025 Sturgeon River Box,Fecal,Chest freezer - Sturgeon River Fecals box 2,,,,,,,,,,,,,
2024/2025,25_SturRiv_47,Sturgeon River,Fecal,6-Mar-25,,,Y,2024/2025 Contract Box 3,2024/2025 Contract Plate 3,Swab - Bison 2025 Sturgeon River Box,Fecal,Chest freezer - Sturgeon River Fecals box 2,,,,,,,,,,,,,
2024/2025,25_SturRiv_48,Sturgeon River,Fecal,6-Mar-25,,,Y,2024/2025 Contract Box 3,2024/2025 Contract Plate 3,Swab - Bison 2025 Sturgeon River Box,Fecal,Chest freezer - Sturgeon River Fecals box 2,,,,,,,,,,,,,
2024/2025,25_SturRiv_49,Sturgeon River,Fecal,6-Mar-25,,,Y,2024/2025 Contract Box 3,2024/2025 Contract Plate 3,Swab - Bison 2025 Sturgeon River Box,Fecal,Chest freezer - Sturgeon River Fecals box 2,,,,,,,,,,,,,
2024/2025,25_SturRiv_5,Sturgeon River,Fecal,5-Mar-25,,,Y,2024/2025 Contract Box 3,2024/2025 Contract Plate 3,Swab - Bison 2025 Sturgeon River Box,Fecal,Chest freezer - Sturgeon River Fecals box 1,,,,,,,,,,,,,
2024/2025,25_SturRiv_50,Sturgeon River,Fecal,6-Mar-25,,,Y,2024/2025 Contract Box 3,2024/2025 Contract Plate 3,Swab - Bison 2025 Sturgeon River Box,Fecal,Chest freezer - Sturgeon River Fecals box 2,,,,,,,,,,,,,
2024/2025,25_SturRiv_51,Sturgeon River,Fecal,6-Mar-25,,,Y,2024/2025 Contract Box 3,2024/2025 Contract Plate 3,Swab - Bison 2025 Sturgeon River Box,Fecal,Chest freezer - Sturgeon River Fecals box 2,,,,,,,,,,,,,
2024/2025,25_SturRiv_52,Sturgeon River,Fecal,6-Mar-25,,,Y,2024/2025 Contract Box 3,2024/2025 Contract Plate 3,Swab - Bison 2025 Sturgeon River Box,Fecal,Chest freezer - Sturgeon River Fecals box 2,,,,,,,,,,,,,
2024/2025,25_SturRiv_53,Sturgeon River,Fecal,6-Mar-25,,,Y,2024/2025 Contract Box 3,2024/2025 Contract Plate 3,Swab - Bison 2025 Sturgeon River Box,Fecal,Chest freezer - Sturgeon River Fecals box 2,,,,,,,,,,,,,
2024/2025,25_SturRiv_54,Sturgeon River,Fecal,6-Mar-25,,,Y,2024/2025 Contract Box 3,2024/2025 Contract Plate 3,Swab - Bison 2025 Sturgeon River Box,Fecal,Chest freezer - Sturgeon River Fecals box 2,,,,,,,,,,,,,
2024/2025,25_SturRiv_55,Sturgeon River,Fecal,6-Mar-25,,,Y,2024/2025 Contract Box 3,2024/2025 Contract Plate 3,Swab - Bison 2025 Sturgeon River Box,Fecal,Chest freezer - Sturgeon River Fecals box 1,,,,,,,,,,,,,
2024/2025,25_SturRiv_56,Sturgeon River,Fecal,6-Mar-25,,,Y,2024/2025 Contract Box 3,2024/2025 Contract Plate 3,Swab - Bison 2025 Sturgeon River Box,Fecal,Chest freezer - Sturgeon River Fecals box 1,,,,,,,,,,,,,
2024/2025,25_SturRiv_57,Sturgeon River,Fecal,6-Mar-25,,,Y,2024/2025 Contract Box 3,2024/2025 Contract Plate 3,Swab - Bison 2025 Sturgeon River Box,Fecal,Chest freezer - Sturgeon River Fecals box 1,,,,,,,,,,,,,
2024/2025,25_SturRiv_58,Sturgeon River,Fecal,6-Mar-25,,,Y,2024/2025 Contract Box 3,2024/2025 Contract Plate 3,Swab - Bison 2025 Sturgeon River Box,Fecal,Chest freezer - Sturgeon River Fecals box 1,,,,,,,,,,,,,
2024/2025,25_SturRiv_59,Sturgeon River,Fecal,6-Mar-25,,,Y,2024/2025 Contract Box 3,2024/2025 Contract Plate 3,Swab - Bison 2025 Sturgeon River Box,Fecal,Chest freezer - Sturgeon River Fecals box 1,,,,,,,,,,,,,
2024/2025,25_SturRiv_6,Sturgeon River,Fecal,5-Mar-25,,,Y,2024/2025 Contract Box 3,2024/2025 Contract Plate 3,Swab - Bison 2025 Sturgeon River Box,Fecal,Chest freezer - Sturgeon River Fecals box 1,,,,,,,,,,,,,
2024/2025,25_SturRiv_60,Sturgeon River,Fecal,6-Mar-25,,,Y,2024/2025 Contract Box 3,2024/2025 Contract Plate 3,Swab - Bison 2025 Sturgeon River Box,Fecal,Chest freezer - Sturgeon River Fecals box 1,,,,,,,,,,,,,
2024/2025,25_SturRiv_61,Sturgeon River,Fecal,6-Mar-25,,,Y,2024/2025 Contract Box 3,2024/2025 Contract Plate 3,Swab - Bison 2025 Sturgeon River Box,Fecal,Chest freezer - Sturgeon River Fecals box 1,,,,,,,,,,,,,
2024/2025,25_SturRiv_62,Sturgeon River,Fecal,6-Mar-25,,,Y,2024/2025 Contract Box 3,2024/2025 Contract Plate 3,Swab - Bison 2025 Sturgeon River Box,Fecal,Chest freezer - Sturgeon River Fecals box 1,,,,,,,,,,,,,
2024/2025,25_SturRiv_63,Sturgeon River,Fecal,6-Mar-25,,,Y,2024/2025 Contract Box 3,2024/2025 Contract Plate 3,Swab - Bison 2025 Sturgeon River Box,Fecal,Chest freezer - Sturgeon River Fecals box 1,,,,,,,,,,,,,
2024/2025,25_SturRiv_64,Sturgeon River,Fecal,6-Mar-25,,,Y,2024/2025 Contract Box 3,2024/2025 Contract Plate 3,Swab - Bison 2025 Sturgeon River Box,Fecal,Chest freezer - Sturgeon River Fecals box 1,,,,,,,,,,,,,
2024/2025,25_SturRiv_65,Sturgeon River,Fecal,6-Mar-25,,,Y,2024/2025 Contract Box 3,2024/2025 Contract Plate 3,Swab - Bison 2025 Sturgeon River Box,Fecal,Chest freezer - Sturgeon River Fecals box 1,,,,,,,,,,,,,
2024/2025,25_SturRiv_66,Sturgeon River,Fecal,6-Mar-25,,,Y,2024/2025 Contract Box 3,2024/2025 Contract Plate 3,Swab - Bison 2025 Sturgeon River Box,Fecal,Chest freezer - Sturgeon River Fecals box 1,,,,,,,,,,,,,
2024/2025,25_SturRiv_67,Sturgeon River,Tissue,14-Mar-17,,,N,NA,NA,Sample in lysis - Bison 2025 Sturgeon River Box,Bone,Chest Freezer,,,,,,,,,,,,,
2024/2025,25_SturRiv_68,Sturgeon River,Tissue,16-Jan-14,,,Y,2024/2025 Contract Box 3,2024/2025 Contract Plate 4,N,Tissue,Chest Freezer,,,,,,,,,,,,,
2024/2025,25_SturRiv_69,Sturgeon River,Tissue,11-Mar-14,,,Y,2024/2025 Contract Box 3,2024/2025 Contract Plate 4,N,Tissue,Chest Freezer,,,,,,,,,,,,,
2024/2025,25_SturRiv_7,Sturgeon River,Fecal,5-Mar-25,,,Y,2024/2025 Contract Box 3,2024/2025 Contract Plate 3,Swab - Bison 2025 Sturgeon River Box,Fecal,Chest freezer - Sturgeon River Fecals box 1,,,,,,,,,,,,,
2024/2025,25_SturRiv_70,Sturgeon River,Tissue,9-Jan-14,,,Y,2024/2025 Contract Box 3,2024/2025 Contract Plate 4,N,Tissue,Chest Freezer,,,,,,,,,,,,,
2024/2025,25_SturRiv_71,Sturgeon River,Hair,14-Mar-17,,,N,NA,NA,Sample in lysis - Bison 2025 Sturgeon River Box,Hair,Chest Freezer,,,,,,,,,,,,,
2024/2025,25_SturRiv_72,Sturgeon River,Tissue,14-Mar-17,,,Y,2024/2025 Contract Box 3,2024/2025 Contract Plate 4,N,Tissue,Chest Freezer,,,,,,,,,,,,,
2024/2025,25_SturRiv_73,Sturgeon River,Tissue,24-May-13,,,Y,2024/2025 Contract Box 3,2024/2025 Contract Plate 4,N,Bone,Chest Freezer,,,,,,,,,,,,,
2024/2025,25_SturRiv_74,Sturgeon River,Tissue,31-Jan-14,,,Y,2024/2025 Contract Box 3,2024/2025 Contract Plate 4,N,Tissue,Chest Freezer,,,,,,,,,,,,,
2024/2025,25_SturRiv_75,Sturgeon River,Tissue,16-Jan-14,,,N,NA,NA,Sample in lysis - Bison 2025 Sturgeon River Box,Tissue,Chest Freezer,,,,,,,,,,,,,
2024/2025,25_SturRiv_76,Sturgeon River,Tissue,12-Feb-14,,,N,NA,NA,Sample in lysis - Bison 2025 Sturgeon River Box,Tissue,Chest Freezer,,,,,,,,,,,,,
2024/2025,25_SturRiv_77,Sturgeon River,Tissue,14-Mar-14,,,N,NA,NA,Sample in lysis - Bison 2025 Sturgeon River Box,Tissue,Chest Freezer,,,,,,,,,,,,,
2024/2025,25_SturRiv_78,Sturgeon River,Tissue,2-Mar-14,,,N,NA,NA,Sample in lysis - Bison 2025 Sturgeon River Box,Tissue,Chest Freezer,,,,,,,,,,,,,
2024/2025,25_SturRiv_79,Sturgeon River,Tissue,2-Mar-14,,,Y,2024/2025 Contract Box 3,2024/2025 Contract Plate 4,N,Tissue,Chest Freezer,,,,,,,,,,,,,
2024/2025,25_SturRiv_8,Sturgeon River,Fecal,5-Mar-25,,,Y,2024/2025 Contract Box 3,2024/2025 Contract Plate 3,Swab - Bison 2025 Sturgeon River Box,Fecal,Chest freezer - Sturgeon River Fecals box 1,,,,,,,,,,,,,
2024/2025,25_SturRiv_80,Sturgeon River,Tissue,16-Jan-14,,,Y,2024/2025 Contract Box 3,2024/2025 Contract Plate 4,N,Tissue,Chest Freezer,,,,,,,,,,,,,
2024/2025,25_SturRiv_81,Sturgeon River,Tissue,12-Feb-14,,,Y,2024/2025 Contract Box 3,2024/2025 Contract Plate 4,N,Tissue,Chest Freezer,,,,,,,,,,,,,
2024/2025,25_SturRiv_82,Sturgeon River,Tissue,14-Mar-14,,,Y,2024/2025 Contract Box 3,2024/2025 Contract Plate 4,N,Tissue,Chest Freezer,,,,,,,,,,,,,
2024/2025,25_SturRiv_83,Sturgeon River,Tissue,2-Mar-14,,,Y,2024/2025 Contract Box 3,2024/2025 Contract Plate 4,N,Tissue,Chest Freezer,,,,,,,,,,,,,
2024/2025,25_SturRiv_84,Sturgeon River,Tissue,18-Feb-14,,,Y,2024/2025 Contract Box 3,2024/2025 Contract Plate 4,N,Tissue,Chest Freezer,,,,,,,,,,,,,
2024/2025,25_SturRiv_85,Sturgeon River,Tissue,25-Feb-14,,,Y,2024/2025 Contract Box 3,2024/2025 Contract Plate 4,N,Tissue,Chest Freezer,,,,,,,,,,,,,
2024/2025,25_SturRiv_86,Sturgeon River,Tissue,9-Jan-14,,,N,NA,NA,Sample in lysis - Bison 2025 Sturgeon River Box,Tissue,Chest Freezer,,,,,,,,,,,,,
2024/2025,25_SturRiv_87,Sturgeon River,Tissue,11-Mar-14,,,N,NA,NA,Sample in lysis - Bison 2025 Sturgeon River Box,Tissue,Chest Freezer,,,,,,,,,,,,,
2024/2025,25_SturRiv_88,Sturgeon River,Tissue,31-Jan-14,,,N,NA,NA,Sample in lysis - Bison 2025 Sturgeon River Box,Tissue,Chest Freezer,,,,,,,,,,,,,
2024/2025,25_SturRiv_89,Sturgeon River,Tissue,16-Jan-14,,,N,NA,NA,Sample in lysis - Bison 2025 Sturgeon River Box,Tissue,Chest Freezer,,,,,,,,,,,,,
2024/2025,25_SturRiv_9,Sturgeon River,Fecal,5-Mar-25,,,Y,2024/2025 Contract Box 3,2024/2025 Contract Plate 3,Swab - Bison 2025 Sturgeon River Box,Fecal,Chest freezer - Sturgeon River Fecals box 1,,,,,,,,,,,,,
2024/2025,25_SturRiv_90,Sturgeon River,Tissue,2-Mar-14,,,N,NA,NA,Sample in lysis - Bison 2025 Sturgeon River Box,Tissue,Chest Freezer,,,,,,,,,,,,,
2024/2025,25_SturRiv_91,Sturgeon River,Tissue,2013-2016,,,N,NA,NA,Sample in lysis - Bison 2025 Sturgeon River Box,Tissue,Chest Freezer,,,,,,,,,,,,,
2024/2025,25_SturRiv_92,Sturgeon River,Tissue,2-Mar-14,,,Y,2024/2025 Contract Box 3,2024/2025 Contract Plate 4,N,Tissue,Chest Freezer,,,,,,,,,,,,,
2024/2025,25_SturRiv_93,Sturgeon River,Tissue,23-Jan-14,,,Y,2024/2025 Contract Box 3,2024/2025 Contract Plate 4,N,Tissue,Chest Freezer,,,,,,,,,,,,,
2024/2025,25_SturRiv_94,Sturgeon River,Tissue,18-Feb-14,,,N,NA,NA,Sample in lysis - Bison 2025 Sturgeon River Box,Tissue,Chest Freezer,,,,,,,,,,,,,
2024/2025,25_SturRiv_95,Sturgeon River,Tissue,25-Feb-14,,,N,NA,NA,Sample in lysis - Bison 2025 Sturgeon River Box,Tissue,Chest Freezer,,,,,,,,,,,,,
2024/2025,25_SturRiv_96,Sturgeon River,Tissue,28-Aug-16,,,Y,2024/2025 Contract Box 3,2024/2025 Contract Plate 4,N,Tissue,Chest Freezer,,,,,,,,,,,,,
2024/2025,25_SturRiv_97,Sturgeon River,Tissue,9-Sep-16,,,N,NA,NA,Sample in lysis - Bison 2025 Sturgeon River Box,Tissue,Chest Freezer,,,,,,,,,,,,,
2024/2025,25_SturRiv_98,Sturgeon River,Tissue,9-Sep-16,,,Y,2024/2025 Contract Box 3,2024/2025 Contract Plate 4,N,Hair,Chest Freezer,,,,,,,,,,,,,
2024/2025,25_SturRiv_99,Sturgeon River,Tissue,11-Aug-16,,,Y,2024/2025 Contract Box 3,2024/2025 Contract Plate 4,N,Tissue,Chest Freezer,,,,,,,,,,,,,
2024/2025,25BNP001,Banff National Park,Fecal,18-Feb-25,,,Y,2024/2025 Contract Box 4,2024/2025 Contract Plate 4,Swab - Sample Duplicates Box 2,Fecal,Chest Freezer,,,,,,,,,,,,,
2024/2025,25BNP002,Banff National Park,Fecal,18-Feb-25,,,Y,2024/2025 Contract Box 4,2024/2025 Contract Plate 4,Swab - Sample Duplicates Box 2,Fecal,Chest Freezer,,,,,,,,,,,,,
2024/2025,25BNP003,Banff National Park,Fecal,18-Feb-25,,,Y,2024/2025 Contract Box 4,2024/2025 Contract Plate 4,Swab - Sample Duplicates Box 2,Fecal,Chest Freezer,,,,,,,,,,,,,
2024/2025,25BNP004,Banff National Park,Fecal,18-Feb-25,,,Y,2024/2025 Contract Box 4,2024/2025 Contract Plate 4,Swab - Sample Duplicates Box 2,Fecal,Chest Freezer,,,,,,,,,,,,,
2024/2025,25BNP005,Banff National Park,Fecal,18-Feb-25,,,Y,2024/2025 Contract Box 4,2024/2025 Contract Plate 4,Swab - Sample Duplicates Box 2,Fecal,Chest Freezer,,,,,,,,,,,,,
2024/2025,25BNP006,Banff National Park,Fecal,18-Feb-25,,,Y,2024/2025 Contract Box 4,2024/2025 Contract Plate 4,Swab - Sample Duplicates Box 2,Fecal,Chest Freezer,,,,,,,,,,,,,
2024/2025,25BNP007,Banff National Park,Fecal,18-Feb-25,,,Y,2024/2025 Contract Box 4,2024/2025 Contract Plate 4,Swab - Sample Duplicates Box 2,Fecal,Chest Freezer,,,,,,,,,,,,,
2024/2025,25BNP008,Banff National Park,Fecal,18-Feb-25,,,Y,2024/2025 Contract Box 4,2024/2025 Contract Plate 4,Swab - Sample Duplicates Box 2,Fecal,Chest Freezer,,,,,,,,,,,,,
2024/2025,25BNP009,Banff National Park,Fecal,18-Feb-25,,,Y,2024/2025 Contract Box 4,2024/2025 Contract Plate 4,Swab - Sample Duplicates Box 2,Fecal,Chest Freezer,,,,,,,,,,,,,
2024/2025,25BNP010,Banff National Park,Fecal,18-Feb-25,,,Y,2024/2025 Contract Box 4,2024/2025 Contract Plate 4,Swab - Sample Duplicates Box 2,Fecal,Chest Freezer,,,,,,,,,,,,,
2024/2025,25BNP011,Banff National Park,Fecal,18-Feb-25,,,Y,2024/2025 Contract Box 4,2024/2025 Contract Plate 4,Swab - Sample Duplicates Box 2,Fecal,Chest Freezer,,,,,,,,,,,,,
2024/2025,25BNP012,Banff National Park,Fecal,18-Feb-25,,,Y,2024/2025 Contract Box 4,2024/2025 Contract Plate 4,Swab - Sample Duplicates Box 2,Fecal,Chest Freezer,,,,,,,,,,,,,
2024/2025,25BNP013,Banff National Park,Fecal,18-Feb-25,,,Y,2024/2025 Contract Box 4,2024/2025 Contract Plate 4,Swab - Sample Duplicates Box 2,Fecal,Chest Freezer,,,,,,,,,,,,,
2024/2025,25BNP014,Banff National Park,Fecal,18-Feb-25,,,Y,2024/2025 Contract Box 4,2024/2025 Contract Plate 4,Swab - Sample Duplicates Box 2,Fecal,Chest Freezer,,,,,,,,,,,,,
2024/2025,25BNP015,Banff National Park,Fecal,18-Feb-25,,,Y,2024/2025 Contract Box 4,2024/2025 Contract Plate 4,Swab - Sample Duplicates Box 2,Fecal,Chest Freezer,,,,,,,,,,,,,
2024/2025,25BNP016,Banff National Park,Fecal,18-Feb-25,,,Y,2024/2025 Contract Box 4,2024/2025 Contract Plate 4,Swab - Sample Duplicates Box 2,Fecal,Chest Freezer,,,,,,,,,,,,,
2024/2025,25BNP017,Banff National Park,Fecal,18-Feb-25,,,Y,2024/2025 Contract Box 4,2024/2025 Contract Plate 4,Swab - Sample Duplicates Box 2,Fecal,Chest Freezer,,,,,,,,,,,,,
2024/2025,25BNP018,Banff National Park,Fecal,18-Feb-25,,,Y,2024/2025 Contract Box 4,2024/2025 Contract Plate 4,Swab - Sample Duplicates Box 2,Fecal,Chest Freezer,,,,,,,,,,,,,
2024/2025,25BNP019,Banff National Park,Fecal,18-Feb-25,,,Y,2024/2025 Contract Box 4,2024/2025 Contract Plate 4,Swab - Sample Duplicates Box 2,Fecal,Chest Freezer,,,,,,,,,,,,,
2024/2025,25BNP020,Banff National Park,Fecal,20-Feb-25,,,Y,2024/2025 Contract Box 4,2024/2025 Contract Plate 4,Swab - Sample Duplicates Box 2,Fecal,Chest Freezer,,,,,,,,,,,,,
2024/2025,25BNP021,Banff National Park,Fecal,20-Feb-25,,,Y,2024/2025 Contract Box 4,2024/2025 Contract Plate 4,Swab - Sample Duplicates Box 2,Fecal,Chest Freezer,,,,,,,,,,,,,
2024/2025,25BNP022,Banff National Park,Fecal,20-Feb-25,,,Y,2024/2025 Contract Box 4,2024/2025 Contract Plate 4,Swab - Sample Duplicates Box 2,Fecal,Chest Freezer,,,,,,,,,,,,,
2024/2025,25BNP023,Banff National Park,Fecal,20-Feb-25,,,Y,2024/2025 Contract Box 4,2024/2025 Contract Plate 4,Swab - Sample Duplicates Box 2,Fecal,Chest Freezer,,,,,,,,,,,,,
2024/2025,25BNP024,Banff National Park,Fecal,20-Feb-25,,,Y,2024/2025 Contract Box 4,2024/2025 Contract Plate 4,Swab - Sample Duplicates Box 2,Fecal,Chest Freezer,,,,,,,,,,,,,
2024/2025,25BNP025,Banff National Park,Fecal,20-Feb-25,,,Y,2024/2025 Contract Box 4,2024/2025 Contract Plate 4,Swab - Sample Duplicates Box 2,Fecal,Chest Freezer,,,,,,,,,,,,,
2024/2025,25BNP026,Banff National Park,Fecal,18-Feb-25,,,Y,2024/2025 Contract Box 4,2024/2025 Contract Plate 4,Swab - Sample Duplicates Box 2,Fecal,Chest Freezer,,,,,,,,,,,,,
2024/2025,25BNP027,Banff National Park,Fecal,20-Feb-25,,,Y,2024/2025 Contract Box 4,2024/2025 Contract Plate 4,Swab - Sample Duplicates Box 2,Fecal,Chest Freezer,,,,,,,,,,,,,
2024/2025,25BNP028,Banff National Park,Fecal,20-Feb-25,,,Y,2024/2025 Contract Box 4,2024/2025 Contract Plate 4,Swab - Sample Duplicates Box 2,Fecal,Chest Freezer,,,,,,,,,,,,,
2024/2025,25BNP029,Banff National Park,Fecal,18-Feb-25,,,Y,2024/2025 Contract Box 4,2024/2025 Contract Plate 4,Swab - Sample Duplicates Box 2,Fecal,Chest Freezer,,,,,,,,,,,,,
2024/2025,25BNP030,Banff National Park,Fecal,20-Feb-25,,,Y,2024/2025 Contract Box 4,2024/2025 Contract Plate 4,Swab - Sample Duplicates Box 2,Fecal,Chest Freezer,,,,,,,,,,,,,
2024/2025,25BNP031,Banff National Park,Fecal,18-Feb-25,,,Y,2024/2025 Contract Box 4,2024/2025 Contract Plate 4,Swab - Sample Duplicates Box 2,Fecal,Chest Freezer,,,,,,,,,,,,,
2024/2025,25BNP032,Banff National Park,Fecal,18-Feb-25,,,Y,2024/2025 Contract Box 4,2024/2025 Contract Plate 4,Swab - Sample Duplicates Box 2,Fecal,Chest Freezer,,,,,,,,,,,,,
2024/2025,25BNP033,Banff National Park,Fecal,18-Feb-25,,,Y,2024/2025 Contract Box 4,2024/2025 Contract Plate 4,Swab - Sample Duplicates Box 2,Fecal,Chest Freezer,,,,,,,,,,,,,
2024/2025,25BNP034,Banff National Park,Fecal,20-Feb-25,,,Y,2024/2025 Contract Box 4,2024/2025 Contract Plate 4,Swab - Sample Duplicates Box 2,Fecal,Chest Freezer,,,,,,,,,,,,,
2024/2025,25BNP035,Banff National Park,Fecal,20-Feb-25,,,Y,2024/2025 Contract Box 4,2024/2025 Contract Plate 4,Swab - Sample Duplicates Box 2,Fecal,Chest Freezer,,,,,,,,,,,,,
2024/2025,25BNP036,Banff National Park,Fecal,20-Feb-25,,,Y,2024/2025 Contract Box 4,2024/2025 Contract Plate 4,Swab - Sample Duplicates Box 2,Fecal,Chest Freezer,,,,,,,,,,,,,
2024/2025,25BNP037,Banff National Park,Fecal,20-Feb-25,,,Y,2024/2025 Contract Box 4,2024/2025 Contract Plate 4,Swab - Sample Duplicates Box 2,Fecal,Chest Freezer,,,,,,,,,,,,,
2024/2025,25BNP038,Banff National Park,Fecal,20-Feb-25,,,Y,2024/2025 Contract Box 4,2024/2025 Contract Plate 4,Swab - Sample Duplicates Box 2,Fecal,Chest Freezer,,,,,,,,,,,,,
2024/2025,3_Piikani,Piikani,fecal,11-Jun-24,,,Y,2024/2025 Contract Box 2,2024/2025 Contract Plate 2,Swab - Bison 2024 Sample Duplicates in Lysis Box,Fecal,Chest Freezer - 2024/2025 Sample bin 1,,,,,,,,,,,,,
2024/2025,4_Piikani,Piikani,fecal,ND,,,Y,2024/2025 Contract Box 2,2024/2025 Contract Plate 2,Swab - Bison 2024 Sample Duplicates in Lysis Box,Fecal,Chest Freezer - 2024/2025 Sample bin 1,,,,,,,,,,,,,
2024/2025,4A,PANP,Teeth,4-Jun-12,,,Y,2024/2025 Contract Box 2,NA - Stock tube only,N,,,,,,,,,,,,,,,
2024/2025,4B,PANP,Teeth,,,,Y,2024/2025 Contract Box 2,NA - Stock tube only,N,,,,,,,,,,,,,,,
2024/2025,5_Piikani,Piikani,fecal,ND,,,Y,2024/2025 Contract Box 2,2024/2025 Contract Plate 2,Swab - Bison 2024 Sample Duplicates in Lysis Box,Fecal,Chest Freezer - 2024/2025 Sample bin 1,,,,,,,,,,,,,
2024/2025,6_Piikani,Piikani,fecal,11-Jun-24,,,Y,2024/2025 Contract Box 2,2024/2025 Contract Plate 2,Swab - Bison 2024 Sample Duplicates in Lysis Box,Fecal,Chest Freezer - 2024/2025 Sample bin 1,,,,,,,,,,,,,
2024/2025,7_Piikani,Piikani,fecal,11-Jun-24,,,Y,2024/2025 Contract Box 2,2024/2025 Contract Plate 2,Swab - Bison 2024 Sample Duplicates in Lysis Box,Fecal,Chest Freezer - 2024/2025 Sample bin 1,,,,,,,,,,,,,
2024/2025,7A,PANP,Teeth,6-Jun-12,,,Y,2024/2025 Contract Box 2,NA - Stock tube only,N,,,,,,,,,,,,,,,
2024/2025,7B,PANP,Teeth,,,,Y,2024/2025 Contract Box 2,NA - Stock tube only,N,,,,,,,,,,,,,,,
2024/2025,8_Piikani,Piikani,hair,ND,,,Y,2024/2025 Contract Box 2,2024/2025 Contract Plate 2,Swab - Bison 2024 Sample Duplicates in Lysis Box,Fecal,Chest Freezer - 2024/2025 Sample bin 1,,,,,,,,,,,,,
2024/2025,Biso24-007,Wabasca,fecal,20-Mar-24,,,Y,2024/2025 Contract Box 1,2024/2025 Contract Plate 1,Swab - Sample Duplicates Box 2,N,Sent to Toronto Zoo,,,,,,,,,,,,,
2024/2025,Biso24-009,Wabasca,fecal,20-Mar-24,,,Y,2024/2025 Contract Box 1,2024/2025 Contract Plate 1,Swab - Sample Duplicates Box 2,N,Sent to Toronto Zoo,,,,,,,,,,,,,
2024/2025,BSN-120,WBNP,ear,20-Oct-23,,,Y,2024/2025 Contract Box 2,2024/2025 Contract Plate 2,Sample in lysis - Bison 2024 Sample Duplicates in Lysis Box,Full ear,Chest Freezer,,,,,,,,,,,,,
2024/2025,BSN-121,WBNP,ear,9-Sep-24,,,Y,2024/2025 Contract Box 2,2024/2025 Contract Plate 2,Sample in lysis - Bison 2024 Sample Duplicates in Lysis Box,Full ear,Chest Freezer,,,,,,,,,,,,,
2024/2025,BSN-123,WBNP,ear,9-Dec-24,,,Y,2024/2025 Contract Box 2,2024/2025 Contract Plate 2,Sample in lysis - Bison 2024 Sample Duplicates in Lysis Box,Full ear,Chest Freezer,,,,,,,,,,,,,
2024/2025,BSN-125,WBNP,ear and tail,17-Sep-24,,,Y,2024/2025 Contract Box 2,2024/2025 Contract Plate 2,Sample in lysis - Bison 2024 Sample Duplicates in Lysis Box,Full ear and tail piece,Chest Freezer,,,,,,,,,,,,,
2024/2025,BSN-127,WBNP,ear and tail,17-Sep-24,,,Y,2024/2025 Contract Box 2,2024/2025 Contract Plate 2,Sample in lysis - Bison 2024 Sample Duplicates in Lysis Box,Full ear and tail piece,Chest Freezer,,,,,,,,,,,,,
2024/2025,BSN-129,WBNP,ear and tail,27-Sep-24,,,Y,2024/2025 Contract Box 2,2024/2025 Contract Plate 2,Sample in lysis - Bison 2024 Sample Duplicates in Lysis Box,Full ear and tail piece,Chest Freezer,,,,,,,,,,,,,
2024/2025,BSN-130,WBNP,ear,12-Oct-23,,,Y,2024/2025 Contract Box 2,2024/2025 Contract Plate 2,Sample in lysis - Bison 2024 Sample Duplicates in Lysis Box,Full ear,Chest Freezer,,,,,,,,,,,,,
2024/2025,BSN-131,WBNP,ear,12-Jul-23,,,Y,2024/2025 Contract Box 2,2024/2025 Contract Plate 2,Sample in lysis - Bison 2024 Sample Duplicates in Lysis Box,Full ear,Chest Freezer,,,,,,,,,,,,,
2024/2025,BSN-132,WBNP,ear,1-Oct-23,,,Y,2024/2025 Contract Box 2,2024/2025 Contract Plate 2,Sample in lysis - Bison 2024 Sample Duplicates in Lysis Box,Full ear,Chest Freezer,,,,,,,,,,,,,
2024/2025,BSN-133,WBNP,ear,4-Oct-24,,,Y,2024/2025 Contract Box 2,2024/2025 Contract Plate 2,Sample in lysis - Bison 2024 Sample Duplicates in Lysis Box,Full ear,Chest Freezer,,,,,,,,,,,,,
2024/2025,BSN-33,WBNP,ear,27-Sep-10,,,Y,2024/2025 Contract Box 2,2024/2025 Contract Plate 2,Sample in lysis - Bison 2024 Sample Duplicates in Lysis Box,Full ear,Chest Freezer,,,,,,,,,,,,,
2024/2025,BSN-34,WBNP,ear,3-Sep-09,,,Y,2024/2025 Contract Box 2,2024/2025 Contract Plate 2,Sample in lysis - Bison 2024 Sample Duplicates in Lysis Box,Full ear,Chest Freezer,,,,,,,,,,,,,
2024/2025,BSN-35,WBNP,ear,8-Nov-07,,,Y,2024/2025 Contract Box 2,2024/2025 Contract Plate 2,Sample in lysis - Bison 2024 Sample Duplicates in Lysis Box,Full ear,Chest Freezer,,,,,,,,,,,,,
2024/2025,BSN-36,WBNP,ear,1-Nov-09,,,Y,2024/2025 Contract Box 2,2024/2025 Contract Plate 2,Sample in lysis - Bison 2024 Sample Duplicates in Lysis Box,Full ear,Chest Freezer,,,,,,,,,,,,,
2024/2025,BSN-37,WBNP,ear,28-Oct-08,,,Y,2024/2025 Contract Box 2,2024/2025 Contract Plate 2,Sample in lysis - Bison 2024 Sample Duplicates in Lysis Box,Full ear,Chest Freezer,,,,,,,,,,,,,
2024/2025,BSN-38,WBNP,ear,28-Oct-08,,,Y,2024/2025 Contract Box 2,2024/2025 Contract Plate 2,Sample in lysis - Bison 2024 Sample Duplicates in Lysis Box,Full ear,Chest Freezer,,,,,,,,,,,,,
2024/2025,BSN-42,WBNP,ear,23-Nov-17,,,Y,2024/2025 Contract Box 2,2024/2025 Contract Plate 2,Sample in lysis - Bison 2024 Sample Duplicates in Lysis Box,Full ear,Chest Freezer,,,,,,,,,,,,,
2024/2025,BSN-93,WBNP,ear,17-Aug-21,,,Y,2024/2025 Contract Box 2,2024/2025 Contract Plate 2,Sample in lysis - Bison 2024 Sample Duplicates in Lysis Box,Full ear,Chest Freezer,,,,,,,,,,,,,
2024/2025,BSN-94,WBNP,ear,17-Aug-21,,,Y,2024/2025 Contract Box 2,2024/2025 Contract Plate 2,Sample in lysis - Bison 2024 Sample Duplicates in Lysis Box,Full ear,Chest Freezer,,,,,,,,,,,,,
2024/2025,DBH-16-15,Delta (AK),tissue,ND,,,Y,2024/2025 Contract Box 2,2024/2025 Contract Plate 2,Leftover lysate - Sample Duplicates Box 2,Tissue,Chest Freezer,,,,,,,,,,,,,
2024/2025,DBH-16-18,Delta (AK),tissue,ND,,,Y,2024/2025 Contract Box 2,2024/2025 Contract Plate 2,Leftover lysate - Sample Duplicates Box 2,Tissue,Chest Freezer,,,,,,,,,,,,,
2024/2025,DBH-16-22,Delta (AK),tissue,ND,,,Y,2024/2025 Contract Box 2,2024/2025 Contract Plate 2,Leftover lysate - Sample Duplicates Box 2,Tissue,Chest Freezer,,,,,,,,,,,,,
2024/2025,DBH-16-34,Delta (AK),tissue,ND,,,Y,2024/2025 Contract Box 2,2024/2025 Contract Plate 2,Leftover lysate - Sample Duplicates Box 2,Tissue,Chest Freezer,,,,,,,,,,,,,
2024/2025,DBH-19-02,Delta (AK),tissue,ND,,,Y,2024/2025 Contract Box 2,2024/2025 Contract Plate 2,Leftover lysate - Sample Duplicates Box 2,Tissue,Chest Freezer,,,,,,,,,,,,,
2024/2025,DBH-19-07,Delta (AK),tissue,ND,,,Y,2024/2025 Contract Box 2,2024/2025 Contract Plate 2,Leftover lysate - Sample Duplicates Box 2,Tissue,Chest Freezer,,,,,,,,,,,,,
2024/2025,DBH-19-08,Delta (AK),tissue,ND,,,Y,2024/2025 Contract Box 2,2024/2025 Contract Plate 2,Leftover lysate - Sample Duplicates Box 2,Tissue,Chest Freezer,,,,,,,,,,,,,
2024/2025,DBH-19-09,Delta (AK),tissue,ND,,,Y,2024/2025 Contract Box 2,2024/2025 Contract Plate 2,Leftover lysate - Sample Duplicates Box 2,Tissue,Chest Freezer,,,,,,,,,,,,,
2024/2025,DBH-19-11,Delta (AK),tissue,ND,,,Y,2024/2025 Contract Box 2,2024/2025 Contract Plate 2,Leftover lysate - Sample Duplicates Box 2,Tissue,Chest Freezer,,,,,,,,,,,,,
2024/2025,DBH-19-13,Delta (AK),tissue,ND,,,Y,2024/2025 Contract Box 2,2024/2025 Contract Plate 2,Leftover lysate - Sample Duplicates Box 2,Tissue,Chest Freezer,,,,,,,,,,,,,
2024/2025,DBH-19-14,Delta (AK),tissue,ND,,,Y,2024/2025 Contract Box 2,2024/2025 Contract Plate 2,Leftover lysate - Sample Duplicates Box 2,Tissue,Chest Freezer,,,,,,,,,,,,,
2024/2025,DBH-19-19,Delta (AK),tissue,ND,,,Y,2024/2025 Contract Box 2,2024/2025 Contract Plate 2,Leftover lysate - Sample Duplicates Box 2,Tissue,Chest Freezer,,,,,,,,,,,,,
2024/2025,DBH-19-20,Delta (AK),tissue,ND,,,Y,2024/2025 Contract Box 2,2024/2025 Contract Plate 2,Leftover lysate - Sample Duplicates Box 2,Tissue,Chest Freezer,,,,,,,,,,,,,
2024/2025,DBH-19-21,Delta (AK),tissue,ND,,,Y,2024/2025 Contract Box 2,2024/2025 Contract Plate 2,Leftover lysate - Sample Duplicates Box 2,Tissue,Chest Freezer,,,,,,,,,,,,,
2024/2025,DBH-19-22,Delta (AK),tissue,ND,,,Y,2024/2025 Contract Box 2,2024/2025 Contract Plate 2,Leftover lysate - Sample Duplicates Box 2,Tissue,Chest Freezer,,,,,,,,,,,,,
2024/2025,DBH-19-24,Delta (AK),tissue,ND,,,Y,2024/2025 Contract Box 2,2024/2025 Contract Plate 2,Leftover lysate - Sample Duplicates Box 2,Tissue,Chest Freezer,,,,,,,,,,,,,
2024/2025,DBH-19-25,Delta (AK),tissue,ND,,,Y,2024/2025 Contract Box 2,2024/2025 Contract Plate 2,Leftover lysate - Sample Duplicates Box 2,Tissue,Chest Freezer,,,,,,,,,,,,,
2024/2025,DBH-19-26,Delta (AK),tissue,ND,,,Y,2024/2025 Contract Box 2,2024/2025 Contract Plate 2,Leftover lysate - Sample Duplicates Box 2,Tissue,Chest Freezer,,,,,,,,,,,,,
2024/2025,DBH-19-28,Delta (AK),tissue,ND,,,Y,2024/2025 Contract Box 2,2024/2025 Contract Plate 2,Leftover lysate - Sample Duplicates Box 2,Tissue,Chest Freezer,,,,,,,,,,,,,
2024/2025,DBH-19-29,Delta (AK),tissue,ND,,,Y,2024/2025 Contract Box 2,2024/2025 Contract Plate 2,Leftover lysate - Sample Duplicates Box 2,Tissue,Chest Freezer,,,,,,,,,,,,,
2024/2025,DBH-19-33-1,Delta (AK),tissue,ND,,,Y,2024/2025 Contract Box 2,2024/2025 Contract Plate 2,Leftover lysate - Sample Duplicates Box 2,Tissue,Chest Freezer,,,,,,,,,,,,,
2024/2025,DBH-19-33-2,Delta (AK),tissue,ND,,,Y,2024/2025 Contract Box 2,2024/2025 Contract Plate 2,Leftover lysate - Sample Duplicates Box 2,Tissue,Chest Freezer,,,,,,,,,,,,,
2024/2025,DBH-19-34,Delta (AK),tissue,ND,,,Y,2024/2025 Contract Box 2,2024/2025 Contract Plate 2,Leftover lysate - Sample Duplicates Box 2,Tissue,Chest Freezer,,,,,,,,,,,,,
2024/2025,DBH-19-37,Delta (AK),tissue,ND,,,Y,2024/2025 Contract Box 2,2024/2025 Contract Plate 2,Leftover lysate - Sample Duplicates Box 2,Tissue,Chest Freezer,,,,,,,,,,,,,
2024/2025,DBH-19-38,Delta (AK),tissue,ND,,,Y,2024/2025 Contract Box 2,2024/2025 Contract Plate 2,Leftover lysate - Sample Duplicates Box 2,Tissue,Chest Freezer,,,,,,,,,,,,,
2024/2025,DBH-19-41,Delta (AK),tissue,ND,,,Y,2024/2025 Contract Box 2,2024/2025 Contract Plate 2,Leftover lysate - Sample Duplicates Box 2,Tissue,Chest Freezer,,,,,,,,,,,,,
2024/2025,DBH-19-43,Delta (AK),tissue,ND,,,Y,2024/2025 Contract Box 2,2024/2025 Contract Plate 2,Leftover lysate - Sample Duplicates Box 2,Tissue,Chest Freezer,,,,,,,,,,,,,
2024/2025,DBH-19-45,Delta (AK),tissue,ND,,,Y,2024/2025 Contract Box 2,2024/2025 Contract Plate 2,Leftover lysate - Sample Duplicates Box 2,Tissue,Chest Freezer,,,,,,,,,,,,,
2024/2025,DBH-19-46,Delta (AK),tissue,ND,,,Y,2024/2025 Contract Box 2,2024/2025 Contract Plate 2,Leftover lysate - Sample Duplicates Box 2,Tissue,Chest Freezer,,,,,,,,,,,,,
2024/2025,DBH-19-48,Delta (AK),tissue,ND,,,Y,2024/2025 Contract Box 2,2024/2025 Contract Plate 2,Leftover lysate - Sample Duplicates Box 2,Tissue,Chest Freezer,,,,,,,,,,,,,
2024/2025,Hair 4,WBNP,Hair,Feb-29,,,Y,2024/2025 Contract Box 4,2024/2025 Contract Plate 4,N,Hair,Chest freezer - hair and biopsy bin,,,,,,,,,,,,,
2024/2025,Hair 5,WBNP,Hair,20-Feb-25,,,Y,2024/2025 Contract Box 4,2024/2025 Contract Plate 4,N,Hair,Chest freezer - hair and biopsy bin,,,,,,,,,,,,,
2024/2025,Hair 6,WBNP,Hair,20-Feb-25,,,Y,2024/2025 Contract Box 4,2024/2025 Contract Plate 4,N,Hair,Chest freezer - hair and biopsy bin,,,,,,,,,,,,,
2024/2025,Hair 6_dup,WBNP,Hair,20-Feb-25,,,Y,2024/2025 Contract Box 4,2024/2025 Contract Plate 4,N,Hair,Chest freezer - hair and biopsy bin,,,,,,,,,,,,,
2024/2025,MAN-401-Fe,Chitek Lake (MB),Fecal,3/14/2023,,,Y,2024/2025 Contract Box 2,2024/2025 Contract Plate 2,,,,,,,,,,,,,,,,
2024/2025,PM24_01,Pink Mountain,hide,2021,,,Y,2024/2025 Contract Box 1,2024/2025 Contract Plate 1,N,Tissue/Hair,Chest Freezer - 2024/2025 Sample bin 1,,,,,,,,,,,,,
2024/2025,PM24_02,Pink Mountain,hide,2022,,,Y,2024/2025 Contract Box 1,2024/2025 Contract Plate 1,N,Tissue/Hair,Chest Freezer - 2024/2025 Sample bin 1,,,,,,,,,,,,,
2024/2025,PM24_03,Pink Mountain,hide,17-Oct-20,,,Y,2024/2025 Contract Box 1,2024/2025 Contract Plate 1,N,Tissue/Hair,Chest Freezer - 2024/2025 Sample bin 1,,,,,,,,,,,,,
2024/2025,PM24_04,Pink Mountain,hide,ND,,,Y,2024/2025 Contract Box 1,2024/2025 Contract Plate 1,N,Tissue/Hair,Chest Freezer - 2024/2025 Sample bin 1,,,,,,,,,,,,,
2024/2025,PM24_05,Pink Mountain,hide,2022,,,Y,2024/2025 Contract Box 1,2024/2025 Contract Plate 1,N,Tissue/Hair,Chest Freezer - 2024/2025 Sample bin 1,,,,,,,,,,,,,
2024/2025,PM24_06,Pink Mountain,hide,2022,,,Y,2024/2025 Contract Box 1,2024/2025 Contract Plate 1,N,Tissue/Hair,Chest Freezer - 2024/2025 Sample bin 1,,,,,,,,,,,,,
2024/2025,PM24_07,Pink Mountain,hide,16-Jan-23,,,Y,2024/2025 Contract Box 1,2024/2025 Contract Plate 1,N,Tissue/Hair,Chest Freezer - 2024/2025 Sample bin 1,,,,,,,,,,,,,
2024/2025,PM24_08,Pink Mountain,hide,2022,,,Y,2024/2025 Contract Box 1,2024/2025 Contract Plate 1,N,Tissue/Hair,Chest Freezer - 2024/2025 Sample bin 1,,,,,,,,,,,,,
2024/2025,PM24_09,Pink Mountain,hide,2022,,,Y,2024/2025 Contract Box 1,2024/2025 Contract Plate 1,N,Tissue/Hair,Chest Freezer - 2024/2025 Sample bin 1,,,,,,,,,,,,,
2024/2025,PM24_10,Pink Mountain,hide,2022,,,Y,2024/2025 Contract Box 1,2024/2025 Contract Plate 1,N,Tissue/Hair,Chest Freezer - 2024/2025 Sample bin 1,,,,,,,,,,,,,
2024/2025,Wab24_010A,Wabasca,fecal,20-Feb-24,,,Y,2024/2025 Contract Box 1,2024/2025 Contract Plate 1,Swab - Sample Duplicates Box 2,N,Sent to Toronto Zoo,,,,,,,,,,,,,
2024/2025,Wab24_011A,Wabasca,fecal,20-Feb-24,,,Y,2024/2025 Contract Box 1,2024/2025 Contract Plate 1,Swab - Sample Duplicates Box 2,N,Sent to Toronto Zoo,,,,,,,,,,,,,
2024/2025,Wab24_012A,Wabasca,fecal,20-Feb-24,,,Y,2024/2025 Contract Box 1,2024/2025 Contract Plate 1,Swab - Sample Duplicates Box 2,N,Sent to Toronto Zoo,,,,,,,,,,,,,
2024/2025,Wab24_01A,Wabasca,fecal,20-Feb-24,,,Y,2024/2025 Contract Box 1,2024/2025 Contract Plate 1,Swab - Sample Duplicates Box 2,N,Sent to Toronto Zoo,,,,,,,,,,,,,
2024/2025,Wab24_02A,Wabasca,fecal,20-Feb-24,,,Y,2024/2025 Contract Box 1,2024/2025 Contract Plate 1,Swab - Sample Duplicates Box 2,N,Sent to Toronto Zoo,,,,,,,,,,,,,
2024/2025,Wab24_03A,Wabasca,fecal,20-Feb-24,,,Y,2024/2025 Contract Box 1,2024/2025 Contract Plate 1,Swab - Sample Duplicates Box 2,N,Sent to Toronto Zoo,,,,,,,,,,,,,
2024/2025,Wab24_04A,Wabasca,fecal,20-Feb-24,,,Y,2024/2025 Contract Box 1,2024/2025 Contract Plate 1,Swab - Sample Duplicates Box 2,N,Sent to Toronto Zoo,,,,,,,,,,,,,
2024/2025,Wab24_05A,Wabasca,fecal,20-Feb-24,,,Y,2024/2025 Contract Box 1,2024/2025 Contract Plate 1,Swab - Sample Duplicates Box 2,N,Sent to Toronto Zoo,,,,,,,,,,,,,
2024/2025,Wab24_06A,Wabasca,fecal,20-Feb-24,,,Y,2024/2025 Contract Box 1,2024/2025 Contract Plate 1,Swab - Sample Duplicates Box 2,N,Sent to Toronto Zoo,,,,,,,,,,,,,
2024/2025,Wab24_07A,Wabasca,fecal,20-Feb-24,,,Y,2024/2025 Contract Box 1,2024/2025 Contract Plate 1,Swab - Sample Duplicates Box 2,N,Sent to Toronto Zoo,,,,,,,,,,,,,
2024/2025,Wab24_08A,Wabasca,fecal,20-Feb-24,,,Y,2024/2025 Contract Box 1,2024/2025 Contract Plate 1,Swab - Sample Duplicates Box 2,N,Sent to Toronto Zoo,,,,,,,,,,,,,
2024/2025,Wab24_09A,Wabasca,fecal,20-Feb-24,,,Y,2024/2025 Contract Box 1,2024/2025 Contract Plate 1,Swab - Sample Duplicates Box 2,N,Sent to Toronto Zoo,,,,,,,,,,,,,
2024/2025,Wabasca Ghost 1-2024,Wabasca,fecal,,,,Y,2024/2025 Contract Box 4,2024/2025 Contract Plate 4,Swab - Sample Duplicates Box 2,Fecal ,Chest Freezer - 2024/2025 Sample bin 1,,,,,,,,,,,,,
2024/2025,BISO25-001,Etthithun,hair/tissue,13-Mar-25,,F,Y,2024/2025 Contract Box 5,2024/2025 Contract Plate 5,Swab - Sample Duplicates Box 3,Hair and part of biopsy punch,Chest Freezer -Brown Cardboard Box,,,,,,,,,,,,,
2024/2025,BISO25-002,Etthithun,hair/tissue,13-Mar-25,,F,Y,2024/2025 Contract Box 5,2024/2025 Contract Plate 5,Leftover lysate - Sample Leftover Box 3,Hair and part of biopsy punch,Chest Freezer -Brown Cardboard Box,,,,,,,,,,,,,
2024/2025,BISO25-003,Etthithun,hair/tissue,13-Mar-25,,F,Y,2024/2025 Contract Box 5,2024/2025 Contract Plate 5,Leftover lysate - Sample Leftover Box 3,Hair and part of biopsy punch,Chest Freezer -Brown Cardboard Box,,,,,,,,,,,,,
2024/2025,BISO25-004,Etthithun,hair/tissue,13-Mar-25,,F,Y,2024/2025 Contract Box 5,2024/2025 Contract Plate 5,Leftover lysate - Sample Leftover Box 3,Hair and part of biopsy punch,Chest Freezer -Brown Cardboard Box,,,,,,,,,,,,,
2024/2025,BISO25-005,Etthithun,hair/tissue,13-Mar-25,,F,Y,2024/2025 Contract Box 5,2024/2025 Contract Plate 5,Leftover lysate - Sample Leftover Box 3,Hair and part of biopsy punch,Chest Freezer -Brown Cardboard Box,,,,,,,,,,,,,
2024/2025,BISO25-006,Etthithun,hair/tissue,13-Mar-25,,F,Y,2024/2025 Contract Box 5,2024/2025 Contract Plate 5,Leftover lysate - Sample Leftover Box 3,Hair and part of biopsy punch,Chest Freezer -Brown Cardboard Box,,,,,,,,,,,,,
2024/2025,BISO25-007,Etthithun,hair/tissue,13-Mar-25,,F,Y,2024/2025 Contract Box 5,2024/2025 Contract Plate 5,Leftover lysate - Sample Leftover Box 3,Hair and part of biopsy punch,Chest Freezer -Brown Cardboard Box,,,,,,,,,,,,,
2024/2025,BISO25-008,Etthithun,hair/tissue,13-Mar-25,,F,Y,2024/2025 Contract Box 5,2024/2025 Contract Plate 5,Leftover lysate - Sample Leftover Box 3,Hair and part of biopsy punch,Chest Freezer -Brown Cardboard Box,,,,,,,,,,,,,
2024/2025,BISO25-009,Etthithun,hair/tissue,13-Mar-25,,F,Y,2024/2025 Contract Box 5,2024/2025 Contract Plate 5,Leftover lysate - Sample Leftover Box 3,Hair and part of biopsy punch,Chest Freezer -Brown Cardboard Box,,,,,,,,,,,,,
2024/2025,BISO25-010,Etthithun,hair/tissue,13-Mar-25,,F,Y,2024/2025 Contract Box 5,2024/2025 Contract Plate 5,Leftover lysate - Sample Leftover Box 3,Hair and part of biopsy punch,Chest Freezer -Brown Cardboard Box,,,,,,,,,,,,,
2024/2025,BISO25-011,Hay-Zama,hair/tissue,14-Mar-25,,F,Y,2024/2025 Contract Box 5,2024/2025 Contract Plate 5,Leftover lysate - Sample Leftover Box 3,Hair and part of biopsy punch,Chest Freezer -Brown Cardboard Box,,,,,,,,,,,,,
2024/2025,BISO25-012,Hay-Zama,hair/tissue,14-Mar-25,,F,Y,2024/2025 Contract Box 5,2024/2025 Contract Plate 5,Leftover lysate - Sample Leftover Box 3,Hair and part of biopsy punch,Chest Freezer -Brown Cardboard Box,,,,,,,,,,,,,
2024/2025,BISO25-013,Hay-Zama,hair/tissue,14-Mar-25,,F,Y,2024/2025 Contract Box 5,2024/2025 Contract Plate 5,Leftover lysate - Sample Leftover Box 3,Hair and part of biopsy punch,Chest Freezer -Brown Cardboard Box,,,,,,,,,,,,,
2024/2025,BISO25-014,Hay-Zama,hair/tissue,14-Mar-25,,F,Y,2024/2025 Contract Box 5,2024/2025 Contract Plate 5,Leftover lysate - Sample Leftover Box 3,Hair and part of biopsy punch,Chest Freezer -Brown Cardboard Box,,,,,,,,,,,,,
2024/2025,BISO25-015,Hay-Zama,hair/tissue,14-Mar-25,,F,Y,2024/2025 Contract Box 5,2024/2025 Contract Plate 5,Leftover lysate - Sample Leftover Box 3,Hair and part of biopsy punch,Chest Freezer -Brown Cardboard Box,,,,,,,,,,,,,
2024/2025,BISO25-016,Wentzel,hair/tissue,15-Mar-25,,F,Y,2024/2025 Contract Box 5,2024/2025 Contract Plate 5,Leftover lysate - Sample Leftover Box 3,Hair and part of biopsy punch,Chest Freezer -Brown Cardboard Box,,,,,,,,,,,,,
2024/2025,BISO25-017,Wentzel,hair/tissue,15-Mar-25,,F,Y,2024/2025 Contract Box 5,2024/2025 Contract Plate 5,Leftover lysate - Sample Leftover Box 3,Hair and part of biopsy punch,Chest Freezer -Brown Cardboard Box,,,,,,,,,,,,,
2024/2025,BISO25-018,Garden River,hair/tissue,15-Mar-25,,F,Y,2024/2025 Contract Box 5,2024/2025 Contract Plate 5,Leftover lysate - Sample Leftover Box 3,Hair and part of biopsy punch,Chest Freezer -Brown Cardboard Box,,,,,,,,,,,,,
2024/2025,BISO25-019,Hay-Zama,hair/tissue,14-Mar-25,,F,Y,2024/2025 Contract Box 5,2024/2025 Contract Plate 5,Leftover lysate - Sample Leftover Box 3,Hair and part of biopsy punch,Chest Freezer -Brown Cardboard Box,,,,,,,,,,,,,
2024/2025,BISO25-020,Hay-Zama,hair/tissue,14-Mar-25,,F,Y,2024/2025 Contract Box 5,2024/2025 Contract Plate 5,Leftover lysate - Sample Leftover Box 3,Hair and part of biopsy punch,Chest Freezer -Brown Cardboard Box,,,,,,,,,,,,,
2024/2025,BISO25-021,Hay-Zama,hair/tissue,14-Mar-25,,F,Y,2024/2025 Contract Box 5,2024/2025 Contract Plate 5,Leftover lysate - Sample Leftover Box 3,Hair and part of biopsy punch,Chest Freezer -Brown Cardboard Box,,,,,,,,,,,,,
2024/2025,BISO25-022,Wentzel,hair/tissue,15-Mar-25,,F,Y,2024/2025 Contract Box 5,2024/2025 Contract Plate 5,Leftover lysate - Sample Leftover Box 3,Hair and part of biopsy punch,Chest Freezer -Brown Cardboard Box,,,,,,,,,,,,,
2024/2025,BISO25-023,Wentzel,hair/tissue,15-Mar-25,,F,Y,2024/2025 Contract Box 5,2024/2025 Contract Plate 5,Leftover lysate - Sample Leftover Box 3,Hair and part of biopsy punch,Chest Freezer -Brown Cardboard Box,,,,,,,,,,,,,
2024/2025,BISO25-024,Wentzel,hair/tissue,15-Mar-25,,F,Y,2024/2025 Contract Box 5,2024/2025 Contract Plate 5,Leftover lysate - Sample Leftover Box 3,Hair and part of biopsy punch,Chest Freezer -Brown Cardboard Box,,,,,,,,,,,,,
2024/2025,BISO25-025,Garden River,hair/tissue,15-Mar-25,,F,Y,2024/2025 Contract Box 5,2024/2025 Contract Plate 5,Leftover lysate - Sample Leftover Box 3,Hair and part of biopsy punch,Chest Freezer -Brown Cardboard Box,,,,,,,,,,,,,
2024/2025,BISO25-026,Garden River,hair/tissue,15-Mar-25,,F,Y,2024/2025 Contract Box 5,2024/2025 Contract Plate 5,Leftover lysate - Sample Leftover Box 3,Hair and part of biopsy punch,Chest Freezer -Brown Cardboard Box,,,,,,,,,,,,,
2024/2025,25WBNP_DL1,WBNP,hair,28-Apr-25,,,Y,2024/2025 Contract Box 4,2024/2025 Contract Plate 5,N,Hair,Chest freezer - hair and biopsy bin,,,,,,,,,,,,,
2024/2025,25WBNP_GR26,WBNP,hair,18-Mar-25,,,Y,2024/2025 Contract Box 4,2024/2025 Contract Plate 5,N,Hair,Chest freezer - hair and biopsy bin,,,,,,,,,,,,,
2024/2025,25WBNP_BF04,WBNP,hair,29-Mar-25,,,Y,2024/2025 Contract Box 4,2024/2025 Contract Plate 5,N,Hair,Chest freezer - hair and biopsy bin,,,,,,,,,,,,,
2024/2025,25WBNP_BF02,WBNP,hair,ND,,,Y,2024/2025 Contract Box 4,2024/2025 Contract Plate 5,N,Hair,Chest freezer - hair and biopsy bin,,,,,,,,,,,,,
2024/2025,25WBNP_NY1,WBNP,hair,25-May-25,,,Y,2024/2025 Contract Box 4,2024/2025 Contract Plate 5,N,Hair,Chest freezer - hair and biopsy bin,,,,,,,,,,,,,
2024/2025,25WBNP_GRS33,WBNP,hair,18-Mar-25,,,Y,2024/2025 Contract Box 4,2024/2025 Contract Plate 5,N,Hair,Chest freezer - hair and biopsy bin,,,,,,,,,,,,,
2024/2025,25WBNP_DL36,WBNP,hair,19-Mar-25,,,Y,2024/2025 Contract Box 4,2024/2025 Contract Plate 5,N,Hair,Chest freezer - hair and biopsy bin,,,,,,,,,,,,,
2024/2025,25WBNP_LO38,WBNP,hair,20-Mar-25,,,Y,2024/2025 Contract Box 4,2024/2025 Contract Plate 5,N,Hair,Chest freezer - hair and biopsy bin,,,,,,,,,,,,,
2024/2025,25WBNP_LO1,WBNP,hair,29-Apr-25,,,Y,2024/2025 Contract Box 4,2024/2025 Contract Plate 5,N,Hair,Chest freezer - hair and biopsy bin,,,,,,,,,,,,,
2024/2025,25WBNP_LO107,WBNP,hair,29-Apr-25,,,Y,2024/2025 Contract Box 4,2024/2025 Contract Plate 5,N,Hair,Chest freezer - hair and biopsy bin,,,,,,,,,,,,,
2024/2025,25WBNP_DL38,WBNP,hair,19-Mar-25,,,Y,2024/2025 Contract Box 4,2024/2025 Contract Plate 5,N,Hair,Chest freezer - hair and biopsy bin,,,,,,,,,,,,,
2024/2025,25WBNP_DL35,WBNP,hair,19-Mar-25,,,Y,2024/2025 Contract Box 4,2024/2025 Contract Plate 5,N,Hair,Chest freezer - hair and biopsy bin,,,,,,,,,,,,,
2024/2025,25WBNP_DL37,WBNP,hair,19-Mar-25,,,Y,2024/2025 Contract Box 4,2024/2025 Contract Plate 5,N,Hair,Chest freezer - hair and biopsy bin,,,,,,,,,,,,,
2024/2025,25WBNP_GR25,WBNP,hair,18-Mar-25,,,Y,2024/2025 Contract Box 4,2024/2025 Contract Plate 5,N,Hair,Chest freezer - hair and biopsy bin,,,,,,,,,,,,,
2024/2025,25WBNP_DL39,WBNP,hair,20-Mar-25,,,Y,2024/2025 Contract Box 4,2024/2025 Contract Plate 5,N,Hair,Chest freezer - hair and biopsy bin,,,,,,,,,,,,,
2024/2025,25WBNP_GRS29,WBNP,hair,18-Mar-25,,,Y,2024/2025 Contract Box 4,2024/2025 Contract Plate 5,N,Hair,Chest freezer - hair and biopsy bin,,,,,,,,,,,,,
2024/2025,25WBNP_DL34,WBNP,hair,19-Mar-25,,,Y,2024/2025 Contract Box 4,2024/2025 Contract Plate 5,N,Hair,Chest freezer - hair and biopsy bin,,,,,,,,,,,,,
2024/2025,25WBNP_BF24,WBNP,hair,17-Mar-25,,,Y,2024/2025 Contract Box 4,2024/2025 Contract Plate 5,N,Hair,Chest freezer - hair and biopsy bin,,,,,,,,,,,,,
2024/2025,25WBNP_GRS28,WBNP,hair,18-Mar-25,,,Y,2024/2025 Contract Box 4,2024/2025 Contract Plate 5,N,Hair,Chest freezer - hair and biopsy bin,,,,,,,,,,,,,
2024/2025,124000301155334,OMB,hair,25-Apr,PB,M,TBD,,,,,,,,,,,,,,,,,,
2024/2025,124000301155335,OMB,hair,25-Apr,PB,F,TBD,,,,,,,,,,,,,,,,,,
2024/2025,124000301155337,OMB,hair,25-Apr,PB,M,TBD,,,,,,,,,,,,,,,,,,
2024/2025,124000301155338,OMB,hair,25-Apr,PB,,TBD,,,,,,,,,,,,,,,,,,
2024/2025,124000301155339,OMB,hair,25-Apr,PB,F,TBD,,,,,,,,,,,,,,,,,,
2024/2025,124000301155340,OMB,hair,25-Apr,PB,F,TBD,,,,,,,,,,,,,,,,,,
2024/2025,124000301155341,OMB,hair,25-Apr,PB,,TBD,,,,,,,,,,,,,,,,,,
2024/2025,124000301155343,OMB,hair,25-Apr,PB,M,TBD,,,,,,,,,,,,,,,,,,
2024/2025,124000301155344,OMB,hair,25-Apr,PB,M,TBD,,,,,,,,,,,,,,,,,,
2024/2025,124000301155346,OMB,hair,25-Apr,PB,M,TBD,,,,,,,,,,,,,,,,,,
2024/2025,124000301155347,OMB,hair,25-Apr,PB,F,TBD,,,,,,,,,,,,,,,,,,
2024/2025,124000301155348,OMB,hair,25-Apr,PB,M,TBD,,,,,,,,,,,,,,,,,,
2024/2025,124000301155349,OMB,hair,25-Apr,PB,F,TBD,,,,,,,,,,,,,,,,,,
2024/2025,124000301155350,OMB,hair,25-Apr,PB,F,TBD,,,,,,,,,,,,,,,,,,
2024/2025,124000301155351,OMB,hair,25-Apr,PB,M,TBD,,,,,,,,,,,,,,,,,,
2024/2025,124000301155352,OMB,hair,25-Apr,PB,F,TBD,,,,,,,,,,,,,,,,,,
2024/2025,124000301155354,OMB,hair,25-Apr,PB,M,TBD,,,,,,,,,,,,,,,,,,
2024/2025,124000301155355,OMB,hair,25-Apr,PB,M,TBD,,,,,,,,,,,,,,,,,,
2024/2025,124000301155356,OMB,hair,25-Apr,PB,F,TBD,,,,,,,,,,,,,,,,,,
2024/2025,124000301155357,OMB,hair,25-Apr,PB,M,TBD,,,,,,,,,,,,,,,,,,
2024/2025,124000301155359,OMB,hair,25-Apr,PB,F,TBD,,,,,,,,,,,,,,,,,,
2024/2025,124000301155360,OMB,hair,25-Apr,PB,M,TBD,,,,,,,,,,,,,,,,,,
2024/2025,124000301155361,OMB,hair,25-Apr,PB,M,TBD,,,,,,,,,,,,,,,,,,
2024/2025,124000301155363,OMB,hair,25-Apr,PB,M,TBD,,,,,,,,,,,,,,,,,,
2024/2025,124000301155364,OMB,hair,25-Apr,PB,F,TBD,,,,,,,,,,,,,,,,,,
2024/2025,124000301155365,OMB,hair,25-Apr,PB,M,TBD,,,,,,,,,,,,,,,,,,
2024/2025,124000301155367,OMB,hair,25-Apr,PB,M,TBD,,,,,,,,,,,,,,,,,,
2024/2025,124000301155369,OMB,hair,25-Apr,PB,M,TBD,,,,,,,,,,,,,,,,,,
2024/2025,124000301155370,OMB,hair,25-Apr,PB,F,TBD,,,,,,,,,,,,,,,,,,
2024/2025,124000301155371,OMB,hair,25-Apr,PB,F,TBD,,,,,,,,,,,,,,,,,,
2024/2025,124000301155372,OMB,hair,25-Apr,PB,M,TBD,,,,,,,,,,,,,,,,,,
2024/2025,124000301155373,OMB,hair,25-Apr,PB,M,TBD,,,,,,,,,,,,,,,,,,
2024/2025,124000301155374,OMB,hair,25-Apr,PB,M,TBD,,,,,,,,,,,,,,,,,,
2024/2025,124000301155375,OMB,hair,25-Apr,PB,M,TBD,,,,,,,,,,,,,,,,,,
2024/2025,124000301155376,OMB,hair,25-Apr,PB,M,TBD,,,,,,,,,,,,,,,,,,
2024/2025,124000301155377,OMB,hair,25-Apr,PB,M,TBD,,,,,,,,,,,,,,,,,,
2024/2025,124000301155378,OMB,hair,25-Apr,PB,,TBD,,,,,,,,,,,,,,,,,,
2024/2025,124000301155379,OMB,hair,25-Apr,PB,F,TBD,,,,,,,,,,,,,,,,,,
2024/2025,124000301155381,OMB,hair,25-Apr,PB,M,TBD,,,,,,,,,,,,,,,,,,
2024/2025,124000301155382,OMB,hair,25-Apr,PB,M,TBD,,,,,,,,,,,,,,,,,,
2024/2025,124000301155383,OMB,hair,25-Apr,PB,M,TBD,,,,,,,,,,,,,,,,,,
2024/2025,124000301155387,OMB,hair,25-Apr,PB,M,TBD,,,,,,,,,,,,,,,,,,
Controls,EIB603,WBNP,DNA,,WB,M,Y,,Control Sample Plate,,,,,,,,,,,,,,,,
Controls,EIB604,WBNP,DNA,,WB,F,Y,,Control Sample Plate,,,,,,,,,,,,,,,,
Controls,EIB606,WBNP,DNA,,WB,F,Y,,Control Sample Plate,,,,,,,,,,,,,,,,
Controls,EIB607,WBNP,DNA,,WB,F,Y,,Control Sample Plate,,,,,,,,,,,,,,,,
Controls,EIB609,WBNP,DNA,,WB,F,Y,Bison Control Box,Control Sample Plate,,,,,,,,,,,,,,,,
Controls,EIB610,WBNP,DNA,,WB,F,Y,,Control Sample Plate,,,,,,,,,,,,,,,,
Controls,EIB611,WBNP,DNA,,WB,F,Y,,Control Sample Plate,,,,,,,,,,,,,,,,
Controls,EIB623,WBNP,DNA,,WB,M,Y,Bison Control Box,Control Sample Plate,,,,,,,,,,,,,,,,
Controls,EIB624,WBNP,DNA,,WB,M,Y,Bison Control Box,Control Sample Plate,,,,,,,,,,,,,,,,
Controls,EIB625,WBNP,DNA,,WB,M,Y,Bison Control Box,Control Sample Plate,,,,,,,,,,,,,,,,
Controls,EIB626,WBNP,DNA,,WB,M,Y,Bison Control Box,Control Sample Plate,,,,,,,,,,,,,,,,
Controls,EIB627,WBNP,DNA,,WB,M,Y,Bison Control Box,Control Sample Plate,,,,,,,,,,,,,,,,
Controls,EIB77,OMB,DNA,,PB,F,Y,Bison Control Box,Control Sample Plate,,,,,,,,,,,,,,,,
Controls,EIB78,OMB,DNA,,PB,F,Y,Bison Control Box,Control Sample Plate,,,,,,,,,,,,,,,,
Controls,EIB79,OMB,DNA,,PB,F,Y,Bison Control Box,Control Sample Plate,,,,,,,,,,,,,,,,
Controls,EIB80,OMB,DNA,,PB,F,Y,Bison Control Box,Control Sample Plate,,,,,,,,,,,,,,,,
Controls,EIB81,OMB,DNA,,PB,F,Y,Bison Control Box,Control Sample Plate,,,,,,,,,,,,,,,,
Controls,EIB82,OMB,DNA,,PB,F,Y,Bison Control Box,Control Sample Plate,,,,,,,,,,,,,,,,
Controls,EIB83,OMB,DNA,,PB,F,Y,Bison Control Box,Control Sample Plate,,,,,,,,,,,,,,,,
Controls,EIB84,OMB,DNA,,PB,F,Y,Bison Control Box,Control Sample Plate,,,,,,,,,,,,,,,,
NA,BNP-122-Fe,Banff National Park,Fecal,2022-06-14,,,Thesis Samples - Mikaella,Kyle Lab?,NA,,,,,,,,,,,,,,,,
NA,BNP-125-Fe,Banff National Park,Fecal,2022-06-14,,,Thesis Samples - Mikaella,Kyle Lab?,NA,,,,,,,,,,,,,,,,
NA,BNP-127-Fe,Banff National Park,Fecal,2022-06-14,,,Thesis Samples - Mikaella,Kyle Lab?,NA,,,,,,,,,,,,,,,,
NA,BNP-128-Fe,Banff National Park,Fecal,2022-06-14,,,Thesis Samples - Mikaella,Kyle Lab?,NA,,,,,,,,,,,,,,,,
NA,BNP-129-Fe,Banff National Park,Fecal,2022-06-14,,,Thesis Samples - Mikaella,Kyle Lab?,NA,,,,,,,,,,,,,,,,
NA,BNP-130-Fe,Banff National Park,Fecal,2022-06-14,,,Thesis Samples - Mikaella,Kyle Lab?,NA,,,,,,,,,,,,,,,,
NA,BNP-131-Fe,Banff National Park,Fecal,2022-06-14,,,Thesis Samples - Mikaella,Kyle Lab?,NA,,,,,,,,,,,,,,,,
NA,EINP-PB0001-Fe,Elk Island National Park,Fecal,2022-08-16,,,Thesis Samples - Mikaella,Kyle Lab?,NA,,,,,,,,,,,,,,,,
NA,EINP-PB0002-Fe,Elk Island National Park,Fecal,2022-08-16,,,Thesis Samples - Mikaella,Kyle Lab?,NA,,,,,,,,,,,,,,,,
NA,EINP-PB0003-Fe,Elk Island National Park,Fecal,2022-08-16,,,Thesis Samples - Mikaella,Kyle Lab?,NA,,,,,,,,,,,,,,,,
NA,EINP-PB0004-Fe,Elk Island National Park,Fecal,2022-08-16,,,Thesis Samples - Mikaella,Kyle Lab?,NA,,,,,,,,,,,,,,,,
NA,EINP-PB0005-Fe,Elk Island National Park,Fecal,2022-08-16,,,Thesis Samples - Mikaella,Kyle Lab?,NA,,,,,,,,,,,,,,,,
NA,EINP-PB0006-Fe,Elk Island National Park,Fecal,2022-08-16,,,Thesis Samples - Mikaella,Kyle Lab?,NA,,,,,,,,,,,,,,,,
NA,EINP-PB0007-Fe,Elk Island National Park,Fecal,2022-08-16,,,Thesis Samples - Mikaella,Kyle Lab?,NA,,,,,,,,,,,,,,,,
NA,EINP-PB0008-Fe,Elk Island National Park,Fecal,2022-08-16,,,Thesis Samples - Mikaella,Kyle Lab?,NA,,,,,,,,,,,,,,,,
NA,EINPW136,,,,,,Thesis Samples - Mikaella,EINP Sampling Oct 2024 - Swab DNA  Box,,,,,,,,,,,,,,,,,
NA,EINPW137,,,,,,Thesis Samples - Mikaella,Extract sent to CA for sequencing,,,,,,,,,,,,,,,,,
NA,EINPW138,,,,,,Thesis Samples - Mikaella,Extract sent to CA for sequencing,,,,,,,,,,,,,,,,,
NA,EINPW139,,,,,,Thesis Samples - Mikaella,EINP Sampling Oct 2024 - Swab DNA  Box,,,,,,,,,,,,,,,,,
NA,EINPW140,,,,,,Thesis Samples - Mikaella,EINP Sampling Oct 2024 - Swab DNA  Box,,,,,,,,,,,,,,,,,
NA,EINPW141,,,,,,Thesis Samples - Mikaella,EINP Sampling Oct 2024 - Swab DNA  Box,,,,,,,,,,,,,,,,,
NA,EINPW142,,,,,,Thesis Samples - Mikaella,EINP Sampling Oct 2024 - Swab DNA  Box,,,,,,,,,,,,,,,,,
NA,EINPW143,,,,,,Thesis Samples - Mikaella,EINP Sampling Oct 2024 - Swab DNA  Box,,,,,,,,,,,,,,,,,
NA,EINPW144,,,,,,Thesis Samples - Mikaella,EINP Sampling Oct 2024 - Swab DNA  Box,,,,,,,,,,,,,,,,,
NA,EINPW145,,,,,,Thesis Samples - Mikaella,EINP Sampling Oct 2024 - Swab DNA  Box,,,,,,,,,,,,,,,,,
NA,EINPW146,,,,,,Thesis Samples - Mikaella,EINP Sampling Oct 2024 - Swab DNA  Box,,,,,,,,,,,,,,,,,
NA,EINPW147,,,,,,Thesis Samples - Mikaella,EINP Sampling Oct 2024 - Swab DNA  Box,,,,,,,,,,,,,,,,,
NA,EINPW148,,,,,,Thesis Samples - Mikaella,EINP Sampling Oct 2024 - Swab DNA  Box,,,,,,,,,,,,,,,,,
NA,EINPW149,,,,,,Thesis Samples - Mikaella,EINP Sampling Oct 2024 - Swab DNA  Box,,,,,,,,,,,,,,,,,
NA,EINPW150,,,,,,Thesis Samples - Mikaella,EINP Sampling Oct 2024 - Swab DNA  Box,,,,,,,,,,,,,,,,,
NA,EINP192,,,,,,Thesis Samples - Mikaella,Bison Fecal Swabs DNA Box,,,,,,,,,,,,,,,,,
NA,EINP200,,,,,,Thesis Samples - Mikaella,Bison Fecal Swabs DNA Box,,,,,,,,,,,,,,,,,
NA,EINP243,,,,,,Thesis Samples - Mikaella,Bison Fecal Swabs DNA Box,,,,,,,,,,,,,,,,,
NA,EINP249,,,,,,Thesis Samples - Mikaella,Bison Fecal Swabs DNA Box,,,,,,,,,,,,,,,,,
NA,EINP331,,,,,,Thesis Samples - Mikaella,Bison Fecal Swabs DNA Box,,,,,,,,,,,,,,,,,
NA,EINP346,,,,,,Thesis Samples - Mikaella,Bison Fecal Swabs DNA Box,,,,,,,,,,,,,,,,,
NA,EINP-WB0001-Fe,Elk Island National Park,Fecal,2022-08-16,,,Thesis Samples - Mikaella,Kyle Lab?,NA,,,,,,,,,,,,,,,,
NA,EINP-WB0002-Fe,Elk Island National Park,Fecal,2022-08-16,,,Thesis Samples - Mikaella,Kyle Lab?,NA,,,,,,,,,,,,,,,,
NA,EINP-WB0003-Fe,Elk Island National Park,Fecal,2022-08-16,,,Thesis Samples - Mikaella,Kyle Lab?,NA,,,,,,,,,,,,,,,,
NA,EINP-WB0005-Fe,Elk Island National Park,Fecal,2022-08-16,,,Thesis Samples - Mikaella,Kyle Lab?,NA,,,,,,,,,,,,,,,,
NA,EINP-WB0006-Fe,Elk Island National Park,Fecal,2022-08-16,,,Thesis Samples - Mikaella,Kyle Lab?,NA,,,,,,,,,,,,,,,,
NA,EINP-WB0007-Fe,Elk Island National Park,Fecal,2022-08-16,,,Thesis Samples - Mikaella,Kyle Lab?,NA,,,,,,,,,,,,,,,,
NA,EINP-WB0008-Fe,Elk Island National Park,Fecal,2022-08-16,,,Thesis Samples - Mikaella,Kyle Lab?,NA,,,,,,,,,,,,,,,,
NA,EINP-WB0009-Fe,Elk Island National Park,Fecal,2022-08-16,,,Thesis Samples - Mikaella,Kyle Lab?,NA,,,,,,,,,,,,,,,,
NA,PANP003,PANP,,,,,Thesis Samples - Mikaella,Kyle Lab?,,,,,,,,,,,,,,,,,
NA,PANP006,PANP,,,,,Thesis Samples - Mikaella,Bison Fecal Swabs DNA Box,,,,,,,,,,,,,,,,,
NA,PANP011,PANP,,,,,Thesis Samples - Mikaella,Kyle Lab?,,,,,,,,,,,,,,,,,
NA,PANP012,PANP,,,,,Thesis Samples - Mikaella,Bison Fecal Swabs DNA Box,,,,,,,,,,,,,,,,,
NA,PANP034,PANP,,,,,Thesis Samples - Mikaella,Bison Fecal Swabs DNA Box,,,,,,,,,,,,,,,,,
NA,PANP035,PANP,,,,,Thesis Samples - Mikaella,Bison Fecal Swabs DNA Box,,,,,,,,,,,,,,,,,
NA,PANP038,PANP,,,,,Thesis Samples - Mikaella,Bison Fecal Swabs DNA Box,,,,,,,,,,,,,,,,,
NA,PANP041,PANP,,,,,Thesis Samples - Mikaella,Bison Fecal Swabs DNA Box,,,,,,,,,,,,,,,,,
NA,PANP043,PANP,,,,,Thesis Samples - Mikaella,Bison Fecal Swabs DNA Box,,,,,,,,,,,,,,,,,
NA,PANP045,PANP,,,,,Thesis Samples - Mikaella,Bison Fecal Swabs DNA Box,,,,,,,,,,,,,,,,,
NA,PANP051,PANP,,,,,Thesis Samples - Mikaella,Bison Fecal Swabs DNA Box,,,,,,,,,,,,,,,,,
NA,PANP052,PANP,,,,,Thesis Samples - Mikaella,Kyle Lab?,,,,,,,,,,,,,,,,,
NA,PANP054,PANP,,,,,Thesis Samples - Mikaella,Bison Fecal Swabs DNA Box,,,,,,,,,,,,,,,,,
NA,PANP055,PANP,,,,,Thesis Samples - Mikaella,Bison Fecal Swabs DNA Box,,,,,,,,,,,,,,,,,
NA,PANP057,PANP,,,,,Thesis Samples - Mikaella,Bison Fecal Swabs DNA Box,,,,,,,,,,,,,,,,,
NA,PANP061,PANP,,,,,Thesis Samples - Mikaella,Bison Fecal Swabs DNA Box,,,,,,,,,,,,,,,,,
NA,PANP062,PANP,,,,,Thesis Samples - Mikaella,Bison Fecal Swabs DNA Box,,,,,,,,,,,,,,,,,
NA,PANP068,PANP,,,,,Thesis Samples - Mikaella,Bison Fecal Swabs DNA Box,,,,,,,,,,,,,,,,,
NA,PANP070,PANP,,,,,Thesis Samples - Mikaella,Bison Fecal Swabs DNA Box,,,,,,,,,,,,,,,,,
NA,PANP071,PANP,,,,,Thesis Samples - Mikaella,Bison Fecal Swabs DNA Box,,,,,,,,,,,,,,,,,
NA,PANP072,PANP,,,,,Thesis Samples - Mikaella,Bison Fecal Swabs DNA Box,,,,,,,,,,,,,,,,,
NA,PANP073,PANP,,,,,Thesis Samples - Mikaella,Bison Fecal Swabs DNA Box,,,,,,,,,,,,,,,,,
NA,PANP080,PANP,,,,,Thesis Samples - Mikaella,Bison Fecal Swabs DNA Box,,,,,,,,,,,,,,,,,
NA,PANP081,PANP,,,,,Thesis Samples - Mikaella,Bison Fecal Swabs DNA Box,,,,,,,,,,,,,,,,,
NA,PANP082,PANP,,,,,Thesis Samples - Mikaella,Bison Fecal Swabs DNA Box,,,,,,,,,,,,,,,,,
NA,PANP085,PANP,,,,,Thesis Samples - Mikaella,Bison Fecal Swabs DNA Box,,,,,,,,,,,,,,,,,
NA,PANP086,PANP,,,,,Thesis Samples - Mikaella,Bison Fecal Swabs DNA Box,,,,,,,,,,,,,,,,,
NA,PANP087,PANP,,,,,Thesis Samples - Mikaella,Bison Fecal Swabs DNA Box,,,,,,,,,,,,,,,,,
NA,PANP18,PANP,,,,,Thesis Samples - Mikaella,Kyle Lab?,,,,,,,,,,,,,,,,,
NA,PANP19,PANP,,,,,Thesis Samples - Mikaella,Kyle Lab?,,,,,,,,,,,,,,,,,
NA,PANP23,PANP,,,,,Thesis Samples - Mikaella,Kyle Lab?,,,,,,,,,,,,,,,,,
NA,PANP24,PANP,,,,,Thesis Samples - Mikaella,Kyle Lab?,,,,,,,,,,,,,,,,,
NA,PANP74,PANP,,,,,Thesis Samples - Mikaella,Bison Swab DNA Reruns Box,,,,,,,,,,,,,,,,,
NA,PB101,,,,,,Thesis Samples - Mikaella,EINP Sampling Oct 2024 - Swab DNA  Box,,,,,,,,,,,,,,,,,
NA,PB102,,,,,,Thesis Samples - Mikaella,EINP Sampling Oct 2024 - Swab DNA  Box,,,,,,,,,,,,,,,,,
NA,PB103,,,,,,Thesis Samples - Mikaella,EINP Sampling Oct 2024 - Swab DNA  Box,,,,,,,,,,,,,,,,,
NA,PB104,,,,,,Thesis Samples - Mikaella,EINP Sampling Oct 2024 - Swab DNA  Box,,,,,,,,,,,,,,,,,
NA,PB105,,,,,,Thesis Samples - Mikaella,EINP Sampling Oct 2024 - Swab DNA  Box,,,,,,,,,,,,,,,,,
NA,PB106,,,,,,Thesis Samples - Mikaella,EINP Sampling Oct 2024 - Swab DNA  Box,,,,,,,,,,,,,,,,,
NA,PB107,,,,,,Thesis Samples - Mikaella,EINP Sampling Oct 2024 - Swab DNA  Box,,,,,,,,,,,,,,,,,
NA,PB108,,,,,,Thesis Samples - Mikaella,EINP Sampling Oct 2024 - Swab DNA  Box,,,,,,,,,,,,,,,,,
NA,PB109,,,,,,Thesis Samples - Mikaella,EINP Sampling Oct 2024 - Swab DNA  Box,,,,,,,,,,,,,,,,,
NA,PB110,,,,,,Thesis Samples - Mikaella,EINP Sampling Oct 2024 - Swab DNA  Box,,,,,,,,,,,,,,,,,
NA,PB111,,,,,,Thesis Samples - Mikaella,EINP Sampling Oct 2024 - Swab DNA  Box,,,,,,,,,,,,,,,,,
NA,PB112,,,,,,Thesis Samples - Mikaella,EINP Sampling Oct 2024 - Swab DNA  Box,,,,,,,,,,,,,,,,,
NA,PB113,,,,,,Thesis Samples - Mikaella,EINP Sampling Oct 2024 - Swab DNA  Box,,,,,,,,,,,,,,,,,
NA,PB114,,,,,,Thesis Samples - Mikaella,EINP Sampling Oct 2024 - Swab DNA  Box,,,,,,,,,,,,,,,,,
NA,PB115,,,,,,Thesis Samples - Mikaella,EINP Sampling Oct 2024 - Swab DNA  Box,,,,,,,,,,,,,,,,,
NA,PB116,,,,,,Thesis Samples - Mikaella,EINP Sampling Oct 2024 - Swab DNA  Box,,,,,,,,,,,,,,,,,
NA,PB117,,,,,,Thesis Samples - Mikaella,EINP Sampling Oct 2024 - Swab DNA  Box,,,,,,,,,,,,,,,,,
NA,PB118,,,,,,Thesis Samples - Mikaella,EINP Sampling Oct 2024 - Swab DNA  Box,,,,,,,,,,,,,,,,,
NA,PB119,,,,,,Thesis Samples - Mikaella,EINP Sampling Oct 2024 - Swab DNA  Box,,,,,,,,,,,,,,,,,
NA,PB120,,,,,,Thesis Samples - Mikaella,EINP Sampling Oct 2024 - Swab DNA  Box,,,,,,,,,,,,,,,,,
NA,PB121,,,,,,Thesis Samples - Mikaella,EINP Sampling Oct 2024 - Swab DNA  Box,,,,,,,,,,,,,,,,,
NA,PB122,,,,,,Thesis Samples - Mikaella,EINP Sampling Oct 2024 - Swab DNA  Box,,,,,,,,,,,,,,,,,
NA,PB123,,,,,,Thesis Samples - Mikaella,EINP Sampling Oct 2024 - Swab DNA  Box,,,,,,,,,,,,,,,,,
NA,PB124,,,,,,Thesis Samples - Mikaella,EINP Sampling Oct 2024 - Swab DNA  Box,,,,,,,,,,,,,,,,,
NA,PB125,,,,,,Thesis Samples - Mikaella,EINP Sampling Oct 2024 - Swab DNA  Box,,,,,,,,,,,,,,,,,
NA,PB126,,,,,,Thesis Samples - Mikaella,EINP Sampling Oct 2024 - Swab DNA  Box,,,,,,,,,,,,,,,,,
NA,PB127,,,,,,Thesis Samples - Mikaella,EINP Sampling Oct 2024 - Swab DNA  Box,,,,,,,,,,,,,,,,,
NA,PB128,,,,,,Thesis Samples - Mikaella,EINP Sampling Oct 2024 - Swab DNA  Box,,,,,,,,,,,,,,,,,
NA,PB129,,,,,,Thesis Samples - Mikaella,EINP Sampling Oct 2024 - Swab DNA  Box,,,,,,,,,,,,,,,,,
NA,PB130,,,,,,Thesis Samples - Mikaella,EINP Sampling Oct 2024 - Swab DNA  Box,,,,,,,,,,,,,,,,,
NA,PB132,,,,,,Thesis Samples - Mikaella,EINP Sampling Oct 2024 - Swab DNA  Box,,,,,,,,,,,,,,,,,
NA,PB133,,,,,,Thesis Samples - Mikaella,EINP Sampling Oct 2024 - Swab DNA  Box,,,,,,,,,,,,,,,,,
NA,PB134,,,,,,Thesis Samples - Mikaella,EINP Sampling Oct 2024 - Swab DNA  Box,,,,,,,,,,,,,,,,,
NA,PB135,,,,,,Thesis Samples - Mikaella,EINP Sampling Oct 2024 - Swab DNA  Box,,,,,,,,,,,,,,,,,
NA,Pool 6,Intern control,Freeze-dried ruminal content ,NA,,,Thesis Samples - Mikaella,Kyle Lab?,NA,,,,,,,,,,,,,,,,
NA,Pool 8,Intern control,Freeze-dried ruminal content ,NA,,,Thesis Samples - Mikaella,Kyle Lab?,NA,,,,,,,,,,,,,,,,
NA,sample 17,PANP,,2021-02-16,,,Thesis Samples - Mikaella,Kyle Lab?,NA,,,,,,,,,,,,,,,,
NA,sample 11,PANP,,,,,Thesis Samples - Mikaella,Kyle Lab?,NA,,,,,,,,,,,,,,,,
NA,sample 12,PANP,,,,,Thesis Samples - Mikaella,Kyle Lab?,NA,,,,,,,,,,,,,,,,
NA,sample 14,PANP,,,,,Thesis Samples - Mikaella,Kyle Lab?,NA,,,,,,,,,,,,,,,,
NA,sample 16,PANP,,2021-02-16,,,Thesis Samples - Mikaella,Kyle Lab?,NA,,,,,,,,,,,,,,,,
NA,sample 18,PANP,,2021-02-16,,,Thesis Samples - Mikaella,Kyle Lab?,NA,,,,,,,,,,,,,,,,
NA,sample 19,PANP,,2021-02-16,,,Thesis Samples - Mikaella,Kyle Lab?,NA,,,,,,,,,,,,,,,,
NA,sample 2,PANP,,2021-02-16,,,Thesis Samples - Mikaella,Kyle Lab?,NA,,,,,,,,,,,,,,,,
NA,sample 20,PANP,,2021-02-16,,,Thesis Samples - Mikaella,Kyle Lab?,NA,,,,,,,,,,,,,,,,
NA,sample 23,PANP,,2021-02-16,,,Thesis Samples - Mikaella,Kyle Lab?,NA,,,,,,,,,,,,,,,,
NA,sample 24,PANP,,2021-02-16,,,Thesis Samples - Mikaella,Kyle Lab?,NA,,,,,,,,,,,,,,,,
NA,sample 25,PANP,,2021-02-16,,,Thesis Samples - Mikaella,Kyle Lab?,NA,,,,,,,,,,,,,,,,
NA,sample 26,PANP,,2021-02-16,,,Thesis Samples - Mikaella,Kyle Lab?,NA,,,,,,,,,,,,,,,,
NA,sample 3,PANP,,2021-02-16,,,Thesis Samples - Mikaella,Kyle Lab?,NA,,,,,,,,,,,,,,,,
NA,sample 31,PANP,,,,,Thesis Samples - Mikaella,Kyle Lab?,NA,,,,,,,,,,,,,,,,
NA,sample 34,PANP,,,,,Thesis Samples - Mikaella,Kyle Lab?,NA,,,,,,,,,,,,,,,,
NA,sample 35,PANP,,,,,Thesis Samples - Mikaella,Kyle Lab?,NA,,,,,,,,,,,,,,,,
NA,sample 38,PANP,,,,,Thesis Samples - Mikaella,Kyle Lab?,NA,,,,,,,,,,,,,,,,
NA,sample 39,PANP,,,,,Thesis Samples - Mikaella,Kyle Lab?,NA,,,,,,,,,,,,,,,,
NA,sample 4,PANP,,2021-02-16,,,Thesis Samples - Mikaella,Kyle Lab?,NA,,,,,,,,,,,,,,,,
NA,sample 41,PANP,,,,,Thesis Samples - Mikaella,Kyle Lab?,NA,,,,,,,,,,,,,,,,
NA,sample 43,PANP,,2021-02-16,,,Thesis Samples - Mikaella,Kyle Lab?,NA,,,,,,,,,,,,,,,,
NA,sample 45,PANP,,2021-02-16,,,Thesis Samples - Mikaella,Kyle Lab?,NA,,,,,,,,,,,,,,,,
NA,sample 48,PANP,,2021-02-16,,,Thesis Samples - Mikaella,Kyle Lab?,NA,,,,,,,,,,,,,,,,
NA,sample 50,PANP,,2021-02-16,,,Thesis Samples - Mikaella,Kyle Lab?,NA,,,,,,,,,,,,,,,,
NA,sample 51,PANP,,2021-02-16,,,Thesis Samples - Mikaella,Kyle Lab?,NA,,,,,,,,,,,,,,,,
NA,sample 52,PANP,,2021-02-16,,,Thesis Samples - Mikaella,Kyle Lab?,NA,,,,,,,,,,,,,,,,
NA,sample 54,PANP,,2021-02-16,,,Thesis Samples - Mikaella,Kyle Lab?,NA,,,,,,,,,,,,,,,,
NA,sample 55,PANP,,2021-02-16,,,Thesis Samples - Mikaella,Kyle Lab?,NA,,,,,,,,,,,,,,,,
NA,sample 57,PANP,,2021-02-16,,,Thesis Samples - Mikaella,Kyle Lab?,NA,,,,,,,,,,,,,,,,
NA,sample 6,PANP,,2021-02-16,,,Thesis Samples - Mikaella,Kyle Lab?,NA,,,,,,,,,,,,,,,,
NA,sample 61,PANP,,2021-02-16,,,Thesis Samples - Mikaella,Kyle Lab?,NA,,,,,,,,,,,,,,,,
NA,sample 62,PANP,,2021-02-16,,,Thesis Samples - Mikaella,Kyle Lab?,NA,,,,,,,,,,,,,,,,
NA,sample 68,PANP,,,,,Thesis Samples - Mikaella,Kyle Lab?,NA,,,,,,,,,,,,,,,,
NA,sample 70,PANP,,,,,Thesis Samples - Mikaella,Kyle Lab?,NA,,,,,,,,,,,,,,,,
NA,sample 71,PANP,,,,,Thesis Samples - Mikaella,Kyle Lab?,NA,,,,,,,,,,,,,,,,
NA,sample 72,PANP,,,,,Thesis Samples - Mikaella,Kyle Lab?,NA,,,,,,,,,,,,,,,,
NA,sample 73,PANP,,,,,Thesis Samples - Mikaella,Kyle Lab?,NA,,,,,,,,,,,,,,,,
NA,sample 74,PANP,,,,,Thesis Samples - Mikaella,Kyle Lab?,NA,,,,,,,,,,,,,,,,
NA,sample 75,PANP,,,,,Thesis Samples - Mikaella,Kyle Lab?,NA,,,,,,,,,,,,,,,,
NA,sample 8,PANP,,2021-02-16,,,Thesis Samples - Mikaella,Kyle Lab?,NA,,,,,,,,,,,,,,,,
NA,sample 80,PANP,,2021-02-16,,,Thesis Samples - Mikaella,Kyle Lab?,NA,,,,,,,,,,,,,,,,
NA,sample 82,PANP,,2021-02-16,,,Thesis Samples - Mikaella,Kyle Lab?,NA,,,,,,,,,,,,,,,,
NA,sample 85,PANP,,2021-02-16,,,Thesis Samples - Mikaella,Kyle Lab?,NA,,,,,,,,,,,,,,,,
NA,sample no info 2,PANP,,,,,Thesis Samples - Mikaella,Kyle Lab?,NA,,,,,,,,,,,,,,,,
NA,sample no info 3,PANP,,,,,Thesis Samples - Mikaella,Kyle Lab?,NA,,,,,,,,,,,,,,,,
NA,WB101,,,,,,Thesis Samples - Mikaella,EINP Sampling Oct 2024 - Swab DNA  Box,,,,,,,,,,,,,,,,,
NA,WB102,,,,,,Thesis Samples - Mikaella,EINP Sampling Oct 2024 - Swab DNA  Box,,,,,,,,,,,,,,,,,
NA,WB103,,,,,,Thesis Samples - Mikaella,EINP Sampling Oct 2024 - Swab DNA  Box,,,,,,,,,,,,,,,,,
NA,WB104,,,,,,Thesis Samples - Mikaella,EINP Sampling Oct 2024 - Swab DNA  Box,,,,,,,,,,,,,,,,,
NA,WB105,,,,,,Thesis Samples - Mikaella,EINP Sampling Oct 2024 - Swab DNA  Box,,,,,,,,,,,,,,,,,
NA,WB106,,,,,,Thesis Samples - Mikaella,EINP Sampling Oct 2024 - Swab DNA  Box,,,,,,,,,,,,,,,,,
NA,WB107,,,,,,Thesis Samples - Mikaella,EINP Sampling Oct 2024 - Swab DNA  Box,,,,,,,,,,,,,,,,,
NA,WB108,,,,,,Thesis Samples - Mikaella,EINP Sampling Oct 2024 - Swab DNA  Box,,,,,,,,,,,,,,,,,
NA,WB109,,,,,,Thesis Samples - Mikaella,EINP Sampling Oct 2024 - Swab DNA  Box,,,,,,,,,,,,,,,,,
NA,WB110,,,,,,Thesis Samples - Mikaella,EINP Sampling Oct 2024 - Swab DNA  Box,,,,,,,,,,,,,,,,,
NA,WB111,,,,,,Thesis Samples - Mikaella,EINP Sampling Oct 2024 - Swab DNA  Box,,,,,,,,,,,,,,,,,
NA,WB112,,,,,,Thesis Samples - Mikaella,EINP Sampling Oct 2024 - Swab DNA  Box,,,,,,,,,,,,,,,,,
NA,WB113,,,,,,Thesis Samples - Mikaella,EINP Sampling Oct 2024 - Swab DNA  Box,,,,,,,,,,,,,,,,,
NA,WB114,,,,,,Thesis Samples - Mikaella,EINP Sampling Oct 2024 - Swab DNA  Box,,,,,,,,,,,,,,,,,
NA,WB115,,,,,,Thesis Samples - Mikaella,EINP Sampling Oct 2024 - Swab DNA  Box,,,,,,,,,,,,,,,,,
NA,WB116,,,,,,Thesis Samples - Mikaella,EINP Sampling Oct 2024 - Swab DNA  Box,,,,,,,,,,,,,,,,,
NA,WB117,,,,,,Thesis Samples - Mikaella,EINP Sampling Oct 2024 - Swab DNA  Box,,,,,,,,,,,,,,,,,
NA,WB118,,,,,,Thesis Samples - Mikaella,EINP Sampling Oct 2024 - Swab DNA  Box,,,,,,,,,,,,,,,,,
NA,WB119,,,,,,Thesis Samples - Mikaella,EINP Sampling Oct 2024 - Swab DNA  Box,,,,,,,,,,,,,,,,,
NA,WB120,,,,,,Thesis Samples - Mikaella,EINP Sampling Oct 2024 - Swab DNA  Box,,,,,,,,,,,,,,,,,
NA,WB121,,,,,,Thesis Samples - Mikaella,EINP Sampling Oct 2024 - Swab DNA  Box,,,,,,,,,,,,,,,,,
NA,WB122,,,,,,Thesis Samples - Mikaella,EINP Sampling Oct 2024 - Swab DNA  Box,,,,,,,,,,,,,,,,,
NA,WB123,,,,,,Thesis Samples - Mikaella,EINP Sampling Oct 2024 - Swab DNA  Box,,,,,,,,,,,,,,,,,
NA,WB124,,,,,,Thesis Samples - Mikaella,EINP Sampling Oct 2024 - Swab DNA  Box,,,,,,,,,,,,,,,,,
NA,WB125,,,,,,Thesis Samples - Mikaella,EINP Sampling Oct 2024 - Swab DNA  Box,,,,,,,,,,,,,,,,,
NA,WB126,,,,,,Thesis Samples - Mikaella,EINP Sampling Oct 2024 - Swab DNA  Box,,,,,,,,,,,,,,,,,
NA,WB127,,,,,,Thesis Samples - Mikaella,EINP Sampling Oct 2024 - Swab DNA  Box,,,,,,,,,,,,,,,,,
NA,WB128,,,,,,Thesis Samples - Mikaella,EINP Sampling Oct 2024 - Swab DNA  Box,,,,,,,,,,,,,,,,,
NA,WB129,,,,,,Thesis Samples - Mikaella,EINP Sampling Oct 2024 - Swab DNA  Box,,,,,,,,,,,,,,,,,
NA,WB130,,,,,,Thesis Samples - Mikaella,EINP Sampling Oct 2024 - Swab DNA  Box,,,,,,,,,,,,,,,,,
NA,WB131,,,,,,Thesis Samples - Mikaella,EINP Sampling Oct 2024 - Swab DNA  Box,,,,,,,,,,,,,,,,,
NA,WB132,,,,,,Thesis Samples - Mikaella,EINP Sampling Oct 2024 - Swab DNA  Box,,,,,,,,,,,,,,,,,
NA,WB133,,,,,,Thesis Samples - Mikaella,EINP Sampling Oct 2024 - Swab DNA  Box,,,,,,,,,,,,,,,,,
NA,WB134,,,,,,Thesis Samples - Mikaella,EINP Sampling Oct 2024 - Swab DNA  Box,,,,,,,,,,,,,,,,,
NA,WB135,,,,,,Thesis Samples - Mikaella,EINP Sampling Oct 2024 - Swab DNA  Box,,,,,,,,,,,,,,,,,
NA,WBNP_SW-1,,,,,,Thesis Samples - Mikaella,Kyle Lab?,,,,,,,,,,,,,,,,,
NA,WBNP1012,,,,,,Thesis Samples - Mikaella,Bison Swab DNA Reruns Box,,,,,,,,,,,,,,,,,
NA,WBNP1014,,,,,,Thesis Samples - Mikaella,Bison Swab DNA Reruns Box,,,,,,,,,,,,,,,,,
NA,WBNP1015,,,,,,Thesis Samples - Mikaella,Bison Swab DNA Reruns Box,,,,,,,,,,,,,,,,,
NA,WBNP1016,,,,,,Thesis Samples - Mikaella,Bison Swab DNA Reruns Box,,,,,,,,,,,,,,,,,
NA,WBNP1017,,,,,,Thesis Samples - Mikaella,Bison Swab DNA Reruns Box,,,,,,,,,,,,,,,,,
NA,WBNP1018,,,,,,Thesis Samples - Mikaella,Kyle Lab?,,,,,,,,,,,,,,,,,
NA,WBNP1019,,,,,,Thesis Samples - Mikaella,Bison Swab DNA Reruns Box,,,,,,,,,,,,,,,,,
NA,WBNP1020,,,,,,Thesis Samples - Mikaella,Bison Swab DNA Reruns Box,,,,,,,,,,,,,,,,,
NA,WBNP1021,,,,,,Thesis Samples - Mikaella,Bison Swab DNA Reruns Box,,,,,,,,,,,,,,,,,
NA,WBNP1129,,,,,,Thesis Samples - Mikaella,Kyle Lab?,,,,,,,,,,,,,,,,,
NA,WBNP1131,,,,,,Thesis Samples - Mikaella,Bison Swab DNA Reruns Box,,,,,,,,,,,,,,,,,
NA,WBNP1133,,,,,,Thesis Samples - Mikaella,Bison Swab DNA Reruns Box,,,,,,,,,,,,,,,,,
NA,WBNP1134,,,,,,Thesis Samples - Mikaella,Bison Swab DNA Reruns Box,,,,,,,,,,,,,,,,,
NA,WBNP1137,,,,,,Thesis Samples - Mikaella,Kyle Lab?,,,,,,,,,,,,,,,,,
NA,WBNP1138,,,,,,Thesis Samples - Mikaella,Kyle Lab?,,,,,,,,,,,,,,,,,
NA,WBNP1139,,,,,,Thesis Samples - Mikaella,Bison Swab DNA Reruns Box,,,,,,,,,,,,,,,,,
NA,WBNP1140,,,,,,Thesis Samples - Mikaella,Kyle Lab?,,,,,,,,,,,,,,,,,
NA,WBNP1149,,,,,,Thesis Samples - Mikaella,Kyle Lab?,,,,,,,,,,,,,,,,,
NA,WBNP1150,,,,,,Thesis Samples - Mikaella,Bison Swab DNA Reruns Box,,,,,,,,,,,,,,,,,
NA,WBNP117,,,,,,Thesis Samples - Mikaella,Bison Swab DNA Reruns Box,,,,,,,,,,,,,,,,,
NA,WBNP118,,,,,,Thesis Samples - Mikaella,Bison Swab DNA Reruns Box,,,,,,,,,,,,,,,,,
NA,WBNP738,,,,,,Thesis Samples - Mikaella,Kyle Lab?,,,,,,,,,,,,,,,,,
NA,WBNP749,,,,,,Thesis Samples - Mikaella,Kyle Lab?,,,,,,,,,,,,,,,,,
NA,WBNP750,,,,,,Thesis Samples - Mikaella,Bison Swab DNA Reruns Box,,,,,,,,,,,,,,,,,
NA,WBNP751,,,,,,Thesis Samples - Mikaella,Kyle Lab?,,,,,,,,,,,,,,,,,
NA,WBNP752,,,,,,Thesis Samples - Mikaella,Bison Swab DNA Reruns Box,,,,,,,,,,,,,,,,,
NA,WBNP753,,,,,,Thesis Samples - Mikaella,Kyle Lab?,,,,,,,,,,,,,,,,,
NA,WBNP754,,,,,,Thesis Samples - Mikaella,Bison Swab DNA Reruns Box,,,,,,,,,,,,,,,,,
NA,WBNP755,,,,,,Thesis Samples - Mikaella,Bison Swab DNA Reruns Box,,,,,,,,,,,,,,,,,
NA,WBNP758,,,,,,Thesis Samples - Mikaella,Bison Swab DNA Reruns Box,,,,,,,,,,,,,,,,,
NA,WBNP759,,,,,,Thesis Samples - Mikaella,Kyle Lab?,,,,,,,,,,,,,,,,,
NA,WBNP761,,,,,,Thesis Samples - Mikaella,Kyle Lab?,,,,,,,,,,,,,,,,,
NA,WBNP763,,,,,,Thesis Samples - Mikaella,Bison Swab DNA Reruns Box,,,,,,,,,,,,,,,,,
NA,WBNP764,,,,,,Thesis Samples - Mikaella,Bison Swab DNA Reruns Box,,,,,,,,,,,,,,,,,
NA,WBNP765,,,,,,Thesis Samples - Mikaella,Bison Swab DNA Reruns Box,,,,,,,,,,,,,,,,,
NA,WBNP766,,,,,,Thesis Samples - Mikaella,Bison Swab DNA Reruns Box,,,,,,,,,,,,,,,,,
NA,WBNP767,,,,,,Thesis Samples - Mikaella,Bison Swab DNA Reruns Box,,,,,,,,,,,,,,,,,
NA,WBNP768,,,,,,Thesis Samples - Mikaella,Bison Swab DNA Reruns Box,,,,,,,,,,,,,,,,,
NA,WBNP769,,,,,,Thesis Samples - Mikaella,Kyle Lab?,,,,,,,,,,,,,,,,,
NA,WBNP771,WBNP,Fecal,,,,Thesis Samples - Mikaella,Bison Swab DNA Reruns Box,NA,,,,,,,,,,,,,,,,
NA,WBNP772,WBNP,Fecal,,,,Thesis Samples - Mikaella,Bison Swab DNA Reruns Box,NA,,,,,,,,,,,,,,,,
NA,WBNP773,WBNP,Fecal,,,,Thesis Samples - Mikaella,Bison Swab DNA Reruns Box,NA,,,,,,,,,,,,,,,,
NA,WBNP774,WBNP,Fecal,,,,Thesis Samples - Mikaella,Bison Swab DNA Reruns Box,NA,,,,,,,,,,,,,,,,
NA,WBNP775,WBNP,Fecal,,,,Thesis Samples - Mikaella,Bison Swab DNA Reruns Box,NA,,,,,,,,,,,,,,,,
NA,WBNP776,WBNP,Fecal,,,,Thesis Samples - Mikaella,Bison Swab DNA Reruns Box,NA,,,,,,,,,,,,,,,,
NA,WBNP777,WBNP,Fecal,,,,Thesis Samples - Mikaella,Bison Swab DNA Reruns Box,NA,,,,,,,,,,,,,,,,
NA,WBNP778,WBNP,Fecal,,,,Thesis Samples - Mikaella,Bison Swab DNA Reruns Box,NA,,,,,,,,,,,,,,,,
NA,WBNP779,WBNP,Fecal,,,,Thesis Samples - Mikaella,Bison Swab DNA Reruns Box,NA,,,,,,,,,,,,,,,,
NA,WBNP780,WBNP,Fecal,,,,Thesis Samples - Mikaella,Bison Swab DNA Reruns Box,NA,,,,,,,,,,,,,,,,
NA,WBNP781,WBNP,Fecal,,,,Thesis Samples - Mikaella,Bison Swab DNA Reruns Box,NA,,,,,,,,,,,,,,,,
NA,WBNP782,WBNP,Fecal,,,,Thesis Samples - Mikaella,Bison Swab DNA Reruns Box,NA,,,,,,,,,,,,,,,,
NA,WBNP783,WBNP,Fecal,,,,Thesis Samples - Mikaella,Bison Swab DNA Reruns Box,NA,,,,,,,,,,,,,,,,
NA,WBNP784,WBNP,Fecal,,,,Thesis Samples - Mikaella,Bison Swab DNA Reruns Box,NA,,,,,,,,,,,,,,,,
NA,WBNP785,WBNP,Fecal,,,,Thesis Samples - Mikaella,Bison Swab DNA Reruns Box,NA,,,,,,,,,,,,,,,,
NA,WBNP786,WBNP,Fecal,,,,Thesis Samples - Mikaella,Bison Swab DNA Reruns Box,NA,,,,,,,,,,,,,,,,
NA,WBNP787,WBNP,Fecal,,,,Thesis Samples - Mikaella,Bison Swab DNA Reruns Box,NA,,,,,,,,,,,,,,,,
NA,WBNP788,WBNP,Fecal,,,,Thesis Samples - Mikaella,Bison Swab DNA Reruns Box,NA,,,,,,,,,,,,,,,,
NA,WBNP789,WBNP,Fecal,,,,Thesis Samples - Mikaella,Bison Swab DNA Reruns Box,NA,,,,,,,,,,,,,,,,
NA,WBNP790,WBNP,Fecal,,,,Thesis Samples - Mikaella,Bison Swab DNA Reruns Box,NA,,,,,,,,,,,,,,,,
NA,WBNP791,WBNP,Fecal,,,,Thesis Samples - Mikaella,Bison Swab DNA Reruns Box,NA,,,,,,,,,,,,,,,,
NA,WBNP792,WBNP,Fecal,,,,Thesis Samples - Mikaella,Bison Swab DNA Reruns Box,NA,,,,,,,,,,,,,,,,
NA,WBNP793,WBNP,Fecal,,,,Thesis Samples - Mikaella,Bison Swab DNA Reruns Box,NA,,,,,,,,,,,,,,,,
NA,WBNP794,WBNP,Fecal,,,,Thesis Samples - Mikaella,Bison Swab DNA Reruns Box,NA,,,,,,,,,,,,,,,,
NA,WBNP795,WBNP,Fecal,,,,Thesis Samples - Mikaella,Bison Swab DNA Reruns Box,NA,,,,,,,,,,,,,,,,
NA,WBNP796,WBNP,Fecal,,,,Thesis Samples - Mikaella,Bison Swab DNA Reruns Box,NA,,,,,,,,,,,,,,,,
NA,WBNP797,WBNP,Fecal,,,,Thesis Samples - Mikaella,Bison Swab DNA Reruns Box,NA,,,,,,,,,,,,,,,,
NA,WBNP798,WBNP,Fecal,,,,Thesis Samples - Mikaella,Bison Swab DNA Reruns Box,NA,,,,,,,,,,,,,,,,
NA,WBNP799,WBNP,Fecal,,,,Thesis Samples - Mikaella,Bison Swab DNA Reruns Box,NA,,,,,,,,,,,,,,,,
NA,WBNP800,WBNP,Fecal,,,,Thesis Samples - Mikaella,Bison Swab DNA Reruns Box,NA,,,,,,,,,,,,,,,,
NA,WBNP801,WBNP,Fecal,,,,Thesis Samples - Mikaella,Bison Swab DNA Reruns Box,NA,,,,,,,,,,,,,,,,
NA,WBNP802,WBNP,Fecal,,,,Thesis Samples - Mikaella,Bison Swab DNA Reruns Box,NA,,,,,,,,,,,,,,,,
NA,WBNP803,WBNP,Fecal,,,,Thesis Samples - Mikaella,Bison Swab DNA Reruns Box,NA,,,,,,,,,,,,,,,,
NA,WBNP804,WBNP,Fecal,,,,Thesis Samples - Mikaella,Bison Swab DNA Reruns Box,NA,,,,,,,,,,,,,,,,
NA,WBNP805,WBNP,Fecal,,,,Thesis Samples - Mikaella,Bison Swab DNA Reruns Box,NA,,,,,,,,,,,,,,,,
NA,WBNP806,WBNP,Fecal,,,,Thesis Samples - Mikaella,Bison Swab DNA Reruns Box,NA,,,,,,,,,,,,,,,,
NA,WBNP807,WBNP,Fecal,,,,Thesis Samples - Mikaella,Bison Swab DNA Reruns Box,NA,,,,,,,,,,,,,,,,
NA,WBNP808,WBNP,Fecal,,,,Thesis Samples - Mikaella,Bison Swab DNA Reruns Box,NA,,,,,,,,,,,,,,,,
NA,WBNP809,WBNP,Fecal,,,,Thesis Samples - Mikaella,Bison Swab DNA Reruns Box,NA,,,,,,,,,,,,,,,,
NA,WBNP810,WBNP,Fecal,,,,Thesis Samples - Mikaella,Bison Swab DNA Reruns Box,NA,,,,,,,,,,,,,,,,
NA,WBNP811,WBNP,Fecal,,,,Thesis Samples - Mikaella,Bison Fecal Swabs DNA Box,NA,,,,,,,,,,,,,,,,
NA,WNP-62-Fe,Waterton National Park,Fecal,2022-06-29,,,Thesis Samples - Mikaella,Kyle Lab?,NA,,,,,,,,,,,,,,,,
NA,WNP-63-Fe,Waterton National Park,Fecal,2022-06-29,,,Thesis Samples - Mikaella,Kyle Lab?,NA,,,,,,,,,,,,,,,,
NA,WNP-64-Fe,Waterton National Park,Fecal,2022-06-29,,,Thesis Samples - Mikaella,Kyle Lab?,NA,,,,,,,,,,,,,,,,
NA,WNP-66-Fe,Waterton National Park,Fecal,2022-06-29,,,Thesis Samples - Mikaella,Kyle Lab?,NA,,,,,,,,,,,,,,,,
NA,WNP-67-Fe,Waterton National Park,Fecal,2022-06-29,,,Thesis Samples - Mikaella,Kyle Lab?,NA,,,,,,,,,,,,,,,,
NA,WNP-74-Fe,Waterton National Park,Fecal,2022-06-29,,,Thesis Samples - Mikaella,Kyle Lab?,NA,,,,,,,,,,,,,,,,
NA,WNP-75-Fe,Waterton National Park,Fecal,2022-06-29,,,Thesis Samples - Mikaella,Kyle Lab?,NA,,,,,,,,,,,,,,,,
NA,WNP-76-Fe,Waterton National Park,Fecal,2022-06-29,,,Thesis Samples - Mikaella,Kyle Lab?,NA,,,,,,,,,,,,,,,,
NA,WNP-77-Fe,Waterton National Park,Fecal,2022-06-29,,,Thesis Samples - Mikaella,Kyle Lab?,NA,,,,,,,,,,,,,,,,
NA,WNP-78-Fe,Waterton National Park,Fecal,2022-06-29,,,Thesis Samples - Mikaella,Kyle Lab?,NA,,,,,,,,,,,,,,,,
NA,WNP-79-Fe,Waterton National Park,Fecal,2022-06-29,,,Thesis Samples - Mikaella,Kyle Lab?,NA,,,,,,,,,,,,,,,,
NA,WNP-80-Fe,Waterton National Park,Fecal,2022-06-29,,,Thesis Samples - Mikaella,Kyle Lab?,NA,,,,,,,,,,,,,,,,
NA,WNP-81-Fe,Waterton National Park,Fecal,2022-06-29,,,Thesis Samples - Mikaella,Kyle Lab?,NA,,,,,,,,,,,,,,,,
NA,WNP-82-Fe,Waterton National Park,Fecal,2022-06-29,,,Thesis Samples - Mikaella,Kyle Lab?,NA,,,,,,,,,,,,,,,,
NA,WNP-84-Fe,Waterton National Park,Fecal,2022-06-29,,,Thesis Samples - Mikaella,Kyle Lab?,NA,,,,,,,,,,,,,,,,
NA,WNP-85-Fe,Waterton National Park,Fecal,2022-06-29,,,Thesis Samples - Mikaella,Kyle Lab?,NA,,,,,,,,,,,,,,,,
NA,WNP-88-Fe,Waterton National Park,Fecal,2022-06-29,,,Thesis Samples - Mikaella,Kyle Lab?,NA,,,,,,,,,,,,,,,,
NA,WNP-89-Fe,Waterton National Park,Fecal,2022-06-29,,,Thesis Samples - Mikaella,Kyle Lab?,NA,,,,,,,,,,,,,,,,
NA,WNP-90-Fe,Waterton National Park,Fecal,2022-06-29,,,Thesis Samples - Mikaella,Kyle Lab?,NA,,,,,,,,,,,,,,,,
NA,YUK10,Yukon,Fecal,,,,Thesis Samples - Mikaella,Bison Swab DNA Reruns Box,,,,,,,,,,,,,,,,,
NA,YUK1071,Yukon,Fecal,,,,Thesis Samples - Mikaella,Bison Swab DNA Reruns Box,,,,,,,,,,,,,,,,,
NA,YUK1081,Yukon,Fecal,,,,Thesis Samples - Mikaella,Kyle Lab?,,,,,,,,,,,,,,,,,
NA,YUK1085,Yukon,Fecal,,,,Thesis Samples - Mikaella,Bison Swab DNA Reruns Box,,,,,,,,,,,,,,,,,
NA,YUK1086,Yukon,Fecal,,,,Thesis Samples - Mikaella,Bison Swab DNA Reruns Box,,,,,,,,,,,,,,,,,
NA,YUK1088,Yukon,Fecal,,,,Thesis Samples - Mikaella,Bison Swab DNA Reruns Box,,,,,,,,,,,,,,,,,
NA,YUK1089,Yukon,Fecal,,,,Thesis Samples - Mikaella,Kyle Lab?,,,,,,,,,,,,,,,,,
NA,YUK1091,Yukon,Fecal,,,,Thesis Samples - Mikaella,Kyle Lab?,,,,,,,,,,,,,,,,,
NA,YUK11,Yukon,Fecal,,,,Thesis Samples - Mikaella,Bison Swab DNA Reruns Box,,,,,,,,,,,,,,,,,
NA,YUK1116,Yukon,Fecal,,,,Thesis Samples - Mikaella,Bison Swab DNA Reruns Box,,,,,,,,,,,,,,,,,
NA,YUK1117,Yukon,Fecal,,,,Thesis Samples - Mikaella,Bison Swab DNA Reruns Box,,,,,,,,,,,,,,,,,
NA,YUK1118,Yukon,Fecal,,,,Thesis Samples - Mikaella,Kyle Lab?,,,,,,,,,,,,,,,,,
NA,YUK1119,Yukon,Fecal,,,,Thesis Samples - Mikaella,Bison Swab DNA Reruns Box,,,,,,,,,,,,,,,,,
NA,YUK1121,Yukon,Fecal,,,,Thesis Samples - Mikaella,Bison Swab DNA Reruns Box,,,,,,,,,,,,,,,,,
NA,YUK1122,Yukon,Fecal,,,,Thesis Samples - Mikaella,Bison Swab DNA Reruns Box,,,,,,,,,,,,,,,,,
NA,YUK1123,Yukon,Fecal,,,,Thesis Samples - Mikaella,Bison Swab DNA Reruns Box,,,,,,,,,,,,,,,,,
NA,YUK1125,Yukon,Fecal,,,,Thesis Samples - Mikaella,Bison Swab DNA Reruns Box,,,,,,,,,,,,,,,,,
NA,YUK1129,Yukon,Fecal,,,,Thesis Samples - Mikaella,Bison Swab DNA Reruns Box,,,,,,,,,,,,,,,,,
NA,YUK12,Yukon,Fecal,,,,Thesis Samples - Mikaella,Kyle Lab?,,,,,,,,,,,,,,,,,
NA,YUK17,Yukon,Fecal,,,,Thesis Samples - Mikaella,Bison Swab DNA Reruns Box,,,,,,,,,,,,,,,,,
NA,YUK18,Yukon,Fecal,,,,Thesis Samples - Mikaella,Bison Swab DNA Reruns Box,,,,,,,,,,,,,,,,,
NA,YUK19,Yukon,Fecal,,,,Thesis Samples - Mikaella,Kyle Lab?,,,,,,,,,,,,,,,,,
NA,YUK20,Yukon,Fecal,,,,Thesis Samples - Mikaella,Bison Swab DNA Reruns Box,,,,,,,,,,,,,,,,,
NA,YUK21,Yukon,Fecal,,,,Thesis Samples - Mikaella,Bison Swab DNA Reruns Box,,,,,,,,,,,,,,,,,
NA,YUK22,Yukon,Fecal,,,,Thesis Samples - Mikaella,Bison Swab DNA Reruns Box,,,,,,,,,,,,,,,,,
NA,YUK-221-Fe,Yukon,Fecal,2022-04-28,,,Thesis Samples - Mikaella,Kyle Lab?,NA,,,,,,,,,,,,,,,,
NA,YUK-221-Ru,Yukon,Rumen,2022-04-28,,,Thesis Samples - Mikaella,Kyle Lab?,NA,,,,,,,,,,,,,,,,
NA,YUK23,Yukon,Fecal,,,,Thesis Samples - Mikaella,Bison Swab DNA Reruns Box,,,,,,,,,,,,,,,,,
NA,YUK-239-Fe,Yukon,Fecal,2022-04-28,,,Thesis Samples - Mikaella,Kyle Lab?,NA,,,,,,,,,,,,,,,,
NA,YUK-239-Ru,Yukon,Rumen,2022-04-28,,,Thesis Samples - Mikaella,Kyle Lab?,NA,,,,,,,,,,,,,,,,
NA,YUK-249-Fe,Yukon,Fecal,2022-04-28,,,Thesis Samples - Mikaella,Kyle Lab?,NA,,,,,,,,,,,,,,,,
NA,YUK-249-Ru,Yukon,Rumen,2022-04-28,,,Thesis Samples - Mikaella,Kyle Lab?,NA,,,,,,,,,,,,,,,,
NA,YUK25,Yukon,Fecal,,,,Thesis Samples - Mikaella,Bison Swab DNA Reruns Box,,,,,,,,,,,,,,,,,
NA,YUK-251-Fe,Yukon,Fecal,2022-04-28,,,Thesis Samples - Mikaella,Kyle Lab?,NA,,,,,,,,,,,,,,,,
NA,YUK-251-Ru,Yukon,Rumen,2022-04-28,,,Thesis Samples - Mikaella,Kyle Lab?,NA,,,,,,,,,,,,,,,,
NA,YUK-259-Fe,Yukon,Fecal,2022-04-28,,,Thesis Samples - Mikaella,Kyle Lab?,NA,,,,,,,,,,,,,,,,
NA,YUK-259-Ru,Yukon,Rumen,2022-04-28,,,Thesis Samples - Mikaella,Kyle Lab?,NA,,,,,,,,,,,,,,,,
NA,YUK-262-Fe,Yukon,Fecal,2022-04-28,,,Thesis Samples - Mikaella,Kyle Lab?,NA,,,,,,,,,,,,,,,,
NA,YUK-262-Ru,Yukon,Rumen,2022-04-28,,,Thesis Samples - Mikaella,Kyle Lab?,NA,,,,,,,,,,,,,,,,
NA,YUK27,Yukon,Fecal,,,,Thesis Samples - Mikaella,Kyle Lab?,,,,,,,,,,,,,,,,,
NA,YUK-289-Fe,Yukon,Fecal,NA,,,Thesis Samples - Mikaella,Kyle Lab?,NA,,,,,,,,,,,,,,,,
NA,YUK29,Yukon,Fecal,,,,Thesis Samples - Mikaella,Bison Swab DNA Reruns Box,,,,,,,,,,,,,,,,,
NA,YUK30,Yukon,Fecal,,,,Thesis Samples - Mikaella,Bison Swab DNA Reruns Box,,,,,,,,,,,,,,,,,
NA,YUK-302-Fe,Yukon,Fecal,2022-04-28,,,Thesis Samples - Mikaella,Kyle Lab?,NA,,,,,,,,,,,,,,,,
NA,YUK-302-Ru,Yukon,Rumen,2022-04-28,,,Thesis Samples - Mikaella,Kyle Lab?,NA,,,,,,,,,,,,,,,,
NA,YUK-311-Fe,Yukon,Fecal,2022-04-28,,,Thesis Samples - Mikaella,Kyle Lab?,NA,,,,,,,,,,,,,,,,
NA,YUK-311-Ru,Yukon,Rumen,2022-04-28,,,Thesis Samples - Mikaella,Kyle Lab?,NA,,,,,,,,,,,,,,,,
NA,YUK-313-Ru,Yukon,Rumen,2022-04-28,,,Thesis Samples - Mikaella,Kyle Lab?,NA,,,,,,,,,,,,,,,,
NA,YUK-331-Fe,Yukon,Fecal,2022-04-28,,,Thesis Samples - Mikaella,Kyle Lab?,NA,,,,,,,,,,,,,,,,
NA,YUK-331-Ru,Yukon,Rumen,2022-04-28,,,Thesis Samples - Mikaella,Kyle Lab?,NA,,,,,,,,,,,,,,,,
NA,YUK-336-Fe,Yukon,Fecal,2022-04-28,,,Thesis Samples - Mikaella,Kyle Lab?,NA,,,,,,,,,,,,,,,,
NA,YUK-336-Ru,Yukon,Rumen,2022-04-28,,,Thesis Samples - Mikaella,Kyle Lab?,NA,,,,,,,,,,,,,,,,
NA,YUK-345-Fe,Yukon,Fecal,2022-04-28,,,Thesis Samples - Mikaella,Kyle Lab?,NA,,,,,,,,,,,,,,,,
NA,YUK4,Yukon,Fecal,,,,Thesis Samples - Mikaella,Bison Swab DNA Reruns Box,,,,,,,,,,,,,,,,,
NA,YUK5,Yukon,Fecal,,,,Thesis Samples - Mikaella,Bison Swab DNA Reruns Box,,,,,,,,,,,,,,,,,
NA,YUK6,Yukon,Fecal,,,,Thesis Samples - Mikaella,Bison Swab DNA Reruns Box,,,,,,,,,,,,,,,,,
NA,YUK7,Yukon,Fecal,,,,Thesis Samples - Mikaella,Bison Swab DNA Reruns Box,,,,,,,,,,,,,,,,,
NA,YUK8,Yukon,Fecal,,,,Thesis Samples - Mikaella,Bison Swab DNA Reruns Box,,,,,,,,,,,,,,,,,
NA,YUK9,Yukon,Fecal,,,,Thesis Samples - Mikaella,Bison Swab DNA Reruns Box,,,,,,,,,,,,,,,,,
,,,,,,,,,,,,,,,,,,,,,,,,,
,,,,,,,,,,,,,,,,,,,,,,,,,
,,,,,,,,,,,,,,,,,,,,,,,,,
