Herd,Subspecies,Case #,Lab,Metadata file,Date sampled,Genotypes received,File,ID NAME,ID,Sample,BMS1117,BMS1117_2,TGLA53,TGLA53_2,BMC4214,BMC4214_2
BNP,plains,EIB553,Davis,,,2021,EIB77_773_Parks Canada_Results,20,27,,89,91,136,138,175,175
BNP,plains,EIB554,Davis,,,2021,EIB77_773_Parks Canada_Results,21,28,,89,91,136,136,187,187
BNP,plains,EIB555,Davis,,,2021,EIB77_773_Parks Canada_Results,22,29,,89,91,136,138,175,187
BNP,plains,EIB556,Davis,,,2021,EIB77_773_Parks Canada_Results,23,30,,89,91,134,136,179,185
BNP,plains,EIB557,Davis,,,2021,EIB77_773_Parks Canada_Results,24,31,,91,91,136,136,185,187
BNP,plains,EIB558,Davis,,,2021,EIB77_773_Parks Canada_Results,25,32,,91,91,136,140,181,187
BNP,plains,EIB559,Davis,,,2021,EIB77_773_Parks Canada_Results,26,33,,89,89,134,136,175,187
BNP,plains,EIB560,Davis,,,2021,EIB77_773_Parks Canada_Results,27,34,,91,93,136,136,181,187
BNP,plains,EIB561,Davis,,,2021,EIB77_773_Parks Canada_Results,28,35,,91,91,136,140,175,187
BNP,plains,EIB562,Davis,,,2021,EIB77_773_Parks Canada_Results,29,36,,91,91,136,140,175,185
BNP,plains,EIB511,Davis,all samples,2017,2021,EIB77_773_Parks Canada_Results,415 / F12,13,,89,89,134,136,185,187
BNP,plains,EIB505,Davis,all samples,2017,2021,EIB77_773_Parks Canada_Results,420 / M19,11,,89,91,134,136,175,181
BNP,plains,EIB499,Davis,all samples,2017,2021,EIB77_773_Parks Canada_Results,421 / F17,9,,89,91,136,140,185,187
BNP,plains,EIB487,Davis,all samples,2017,2021,EIB77_773_Parks Canada_Results,424 / F6,6,,91,91,136,136,175,187
BNP,plains,EIB481,Davis,all samples,2017,2021,EIB77_773_Parks Canada_Results,425 / F15,4,,89,91,136,136,181,185
BNP,plains,EIB475,Davis,all samples,2017,2021,EIB77_773_Parks Canada_Results,426 / F11,1,,89,91,136,136,175,175
BNP,plains,EIB518,Davis,all samples,2017,2021,EIB77_773_Parks Canada_Results,428 / F7,15,,89,91,136,136,187,187
BNP,plains,EIB512,Davis,all samples,2017,2021,EIB77_773_Parks Canada_Results,431 / M2,14,,91,91,136,140,175,187
BNP,plains,EIB506,Davis,all samples,2017,2021,EIB77_773_Parks Canada_Results,432 / M4,12,,89,91,136,136,185,187
BNP,plains,EIB500,Davis,all samples,2017,2021,EIB77_773_Parks Canada_Results,433 / F14,10,,91,91,136,136,181,187
BNP,plains,EIB488,Davis,all samples,2017,2021,EIB77_773_Parks Canada_Results,436 / F8,7,,91,91,136,136,187,187
BNP,plains,EIB476,Davis,all samples,2017,2021,EIB77_773_Parks Canada_Results,443 / F10,2,,89,91,136,136,185,185
BNP,plains,EIB495,Davis,all samples,2017,2021,EIB77_773_Parks Canada_Results,457 / M18(30),8,,89,91,136,136,175,187
BNP,plains,EIB483,Davis,all samples,2017,2021,EIB77_773_Parks Canada_Results,473 / M5,5,,91,91,134,136,185,187
BNP,plains,EIB477,Davis,all samples,2017,2021,EIB77_773_Parks Canada_Results,474 / M3,3,,91,91,136,138,175,187
BNP,plains,EIB520,Davis,all samples,2017,2021,EIB77_773_Parks Canada_Results,479 / F13,16,,89,91,136,136,187,187
BNP,plains,EIB719,Davis,Bison biopsy samples_BNP,2020,2021,EIB77_773_Parks Canada_Results,1-003,39,,91,91,134,136,175,187
BNP,plains,EIB723,Davis,Bison biopsy samples_BNP,2020,2021,EIB77_773_Parks Canada_Results,1-007,43,,89,91,136,136,175,175
BNP,plains,EIB724,Davis,Bison biopsy samples_BNP,2020,2021,EIB77_773_Parks Canada_Results,1-008,44,,91,91,134,136,175,185
BNP,plains,EIB725,Davis,Bison biopsy samples_BNP,2020,2021,EIB77_773_Parks Canada_Results,1-009,45,,89,89,134,136,181,185
BNP,plains,EIB728,Davis,Bison biopsy samples_BNP,2020,2021,EIB77_773_Parks Canada_Results,1-012,48,,89,89,136,136,181,185
BNP,plains,EIB729,Davis,Bison biopsy samples_BNP,2020,2021,EIB77_773_Parks Canada_Results,1-013,49,,89,91,136,136,175,185
BNP,plains,EIB732,Davis,Bison biopsy samples_BNP,2020,2021,EIB77_773_Parks Canada_Results,1-016,51,,89,91,134,136,175,187
BNP,plains,EIB717,Davis,Bison biopsy samples_BNP,2020,2021,EIB77_773_Parks Canada_Results,Banff 1?,37,,91,91,136,136,187,187
BNP,plains,EIB726,Davis,Bison biopsy samples_BNP,2020,2021,EIB77_773_Parks Canada_Results,Banff 10?,46,,89,89,136,136,175,187
BNP,plains,EIB727,Davis,Bison biopsy samples_BNP,2020,2021,EIB77_773_Parks Canada_Results,Banff 11?,47,,89,91,136,136,181,187
BNP,plains,EIB731,Davis,Bison biopsy samples_BNP,2020,2021,EIB77_773_Parks Canada_Results,Banff 15?,50,,89,91,136,136,185,187
BNP,plains,EIB734,Davis,Bison biopsy samples_BNP,2020,2021,EIB77_773_Parks Canada_Results,Banff 18?,52,,89,91,136,138,175,185
BNP,plains,EIB735,Davis,Bison biopsy samples_BNP,2020,2021,EIB77_773_Parks Canada_Results,Banff 19?,53,,91,91,136,136,175,187
BNP,plains,EIB718,Davis,Bison biopsy samples_BNP,2020,2021,EIB77_773_Parks Canada_Results,Banff 2?,38,,89,89,136,136,187,187
BNP,plains,EIB739,Davis,Bison biopsy samples_BNP,2020,2021,EIB77_773_Parks Canada_Results,Banff 23?,54,,89,89,136,136,187,187
BNP,plains,EIB720,Davis,Bison biopsy samples_BNP,2020,2021,EIB77_773_Parks Canada_Results,Banff 4?,40,,89,91,136,136,181,181
BNP,plains,EIB721,Davis,Bison biopsy samples_BNP,2020,2021,EIB77_773_Parks Canada_Results,Banff 5?,41,,89,91,136,136,175,187
BNP,plains,EIB722,Davis,Bison biopsy samples_BNP,2020,2021,EIB77_773_Parks Canada_Results,Banff 6?,42,,89,91,136,136,175,181
EINPP,plains,EIB523,Davis,all samples,2017,2021,EIB77_773_Parks Canada_Results,1,17,,89,91,136,140,187,187
EINPP,plains,EIB524,Davis,all samples,2017,2021,EIB77_773_Parks Canada_Results,2,18,,89,91,136,136,175,185
EINPP,plains,EIB525,Davis,all samples,2017,2021,EIB77_773_Parks Canada_Results,3,19,,89,91,136,138,175,179
EINPP,plains,EIB526,Davis,all samples,2017,2021,EIB77_773_Parks Canada_Results,4,20,,91,91,136,138,187,187
EINPP,plains,EIB527,Davis,all samples,2017,2021,EIB77_773_Parks Canada_Results,5,21,,89,91,136,136,175,187
EINPP,plains,EIB528,Davis,all samples,2017,2021,EIB77_773_Parks Canada_Results,6,22,,89,91,136,136,175,175
EINPP,plains,EIB529,Davis,all samples,2017,2021,EIB77_773_Parks Canada_Results,7,23,,91,91,136,136,185,185
EINPP,plains,EIB530,Davis,all samples,2017,2021,EIB77_773_Parks Canada_Results,8,24,,91,91,134,136,175,175
EINPP,plains,EIB531,Davis,all samples,2017,2021,EIB77_773_Parks Canada_Results,9,25,,89,89,136,136,187,187
EINPP,plains,EIB532,Davis,all samples,2017,2021,EIB77_773_Parks Canada_Results,10,26,,89,93,136,138,181,185
EINPP,plains,EIB517,Davis,,,2021,EIB77_773_Parks Canada_Results,414,113,,89,91,140,140,175,187
EINPP,plains,EIB514,Davis,,,2021,EIB77_773_Parks Canada_Results,417,110,,89,91,136,136,175,187
EINPP,plains,EIB508,Davis,,,2021,EIB77_773_Parks Canada_Results,418,106,,89,89,136,140,187,191
EINPP,plains,EIB515,Davis,,,2021,EIB77_773_Parks Canada_Results,419,111,,91,91,136,142,175,187
EINPP,plains,EIB502,Davis,,,2021,EIB77_773_Parks Canada_Results,422,102,,91,91,134,136,175,187
EINPP,plains,EIB493,Davis,,,2021,EIB77_773_Parks Canada_Results,423,96,,89,91,136,136,185,187
EINPP,plains,EIB496,Davis,,,2021,EIB77_773_Parks Canada_Results,427,98,,91,91,136,136,175,179
EINPP,plains,EIB509,Davis,,,2021,EIB77_773_Parks Canada_Results,430,107,,89,89,136,136,175,175
EINPP,plains,EIB490,Davis,,,2021,EIB77_773_Parks Canada_Results,434,93,,91,91,136,138,179,187
EINPP,plains,EIB494,Davis,,,2021,EIB77_773_Parks Canada_Results,435,97,,89,91,136,140,185,187
EINPP,plains,EIB482,Davis,,,2021,EIB77_773_Parks Canada_Results,437,88,,89,91,136,138,179,187
EINPP,plains,EIB503,Davis,,,2021,EIB77_773_Parks Canada_Results,438,103,,89,89,138,142,185,187
EINPP,plains,EIB497,Davis,,,2021,EIB77_773_Parks Canada_Results,439,99,,91,91,136,138,185,187
EINPP,plains,EIB484,Davis,,,2021,EIB77_773_Parks Canada_Results,440,89,,91,91,136,138,185,187
EINPP,plains,EIB491,Davis,,,2021,EIB77_773_Parks Canada_Results,441,94,,91,91,134,136,187,187
EINPP,plains,EIB485,Davis,,,2021,EIB77_773_Parks Canada_Results,442,90,,91,91,136,136,181,187
EINPP,plains,EIB519,Davis,,,2021,EIB77_773_Parks Canada_Results,444,114,,89,91,134,136,185,185
EINPP,plains,EIB513,Davis,,,2021,EIB77_773_Parks Canada_Results,445,109,,91,91,134,138,181,191
EINPP,plains,EIB479,Davis,,,2021,EIB77_773_Parks Canada_Results,446,86,,89,91,136,136,187,187
EINPP,plains,EIB522,Davis,,,2021,EIB77_773_Parks Canada_Results,447,116,,91,91,134,138,187,187
EINPP,plains,EIB516,Davis,,,2021,EIB77_773_Parks Canada_Results,448,112,,91,93,134,136,175,187
EINPP,plains,EIB507,Davis,,,2021,EIB77_773_Parks Canada_Results,449,105,,89,89,138,140,181,187
EINPP,plains,EIB510,Davis,,,2021,EIB77_773_Parks Canada_Results,450,108,,89,91,134,136,187,191
EINPP,plains,EIB504,Davis,,,2021,EIB77_773_Parks Canada_Results,451,104,,89,91,134,138,175,181
EINPP,plains,EIB498,Davis,,,2021,EIB77_773_Parks Canada_Results,452,100,,91,91,136,142,187,187
EINPP,plains,EIB501,Davis,,,2021,EIB77_773_Parks Canada_Results,453,101,,91,91,136,138,175,187
EINPP,plains,EIB492,Davis,,,2021,EIB77_773_Parks Canada_Results,454,95,,91,91,136,138,187,187
EINPP,plains,EIB486,Davis,,,2021,EIB77_773_Parks Canada_Results,455,91,,89,89,136,136,181,187
EINPP,plains,EIB480,Davis,,,2021,EIB77_773_Parks Canada_Results,456,87,,89,91,134,136,175,187
EINPP,plains,EIB489,Davis,,,2021,EIB77_773_Parks Canada_Results,461,92,,91,91,136,136,175,175
EINPP,plains,EIB478,Davis,,,2021,EIB77_773_Parks Canada_Results,465,85,,91,91,136,136,175,175
EINPP,plains,EIB521,Davis,,,2021,EIB77_773_Parks Canada_Results,478,115,,89,91,136,138,179,187
EINPP,plains,EIB213,Davis,all samples,,2021,EIB77_773_Parks Canada_Results,85029,55,,89,91,136,138,181,187
EINPP,plains,EIB214,Davis,all samples,,2021,EIB77_773_Parks Canada_Results,86063,56,,89,93,136,138,185,187
EINPP,plains,EIB215,Davis,all samples,,2021,EIB77_773_Parks Canada_Results,2v68758,57,,91,91,136,138,179,185
EINPP,plains,EIB216,Davis,all samples,,2021,EIB77_773_Parks Canada_Results,2v68760,58,,91,91,136,136,187,187
EINPP,plains,EIB217,Davis,all samples,,2021,EIB77_773_Parks Canada_Results,2v68761,59,,89,89,140,140,187,187
EINPP,plains,EIB218,Davis,all samples,,2021,EIB77_773_Parks Canada_Results,2v68767,60,,91,91,136,136,175,187
EINPP,plains,EIB219,Davis,all samples,,2021,EIB77_773_Parks Canada_Results,2v68771,61,,91,91,136,136,179,185
EINPP,plains,EIB220,Davis,all samples,1990,2021,EIB77_773_Parks Canada_Results,7V88809,62,,89,91,136,138,187,187
EINPP,plains,EIB221,Davis,all samples,,2021,EIB77_773_Parks Canada_Results,P2V68754,63,,91,91,136,136,179,185
EINPP,plains,EIB222,Davis,all samples,,2021,EIB77_773_Parks Canada_Results,P2V68759,64,,91,91,136,136,185,187
EINPP,plains,EIB223,Davis,all samples,,2021,EIB77_773_Parks Canada_Results,P2V68763,65,,89,91,134,140,175,175
EINPP,plains,EIB224,Davis,all samples,,2021,EIB77_773_Parks Canada_Results,P2V68765,66,,91,91,134,138,187,187
EINPP,plains,EIB225,Davis,all samples,,2021,EIB77_773_Parks Canada_Results,P2V68766,67,,91,93,136,136,179,187
EINPP,plains,EIB226,Davis,all samples,,2021,EIB77_773_Parks Canada_Results,P2V68770,68,,89,89,138,142,181,187
EINPP,plains,EIB227,Davis,all samples,,2021,EIB77_773_Parks Canada_Results,P2V68772,69,,89,91,138,142,175,185
EINPP,plains,EIB228,Davis,all samples,1990,2021,EIB77_773_Parks Canada_Results,P81037,70,,91,91,136,138,175,187
EINPP,plains,EIB229,Davis,all samples,1990,2021,EIB77_773_Parks Canada_Results,P84013,71,,91,91,136,136,185,187
EINPP,plains,EIB230,Davis,all samples,1990,2021,EIB77_773_Parks Canada_Results,P84015,72,,91,91,136,136,181,185
EINPP,plains,EIB231,Davis,all samples,,2021,EIB77_773_Parks Canada_Results,P84030,73,,89,91,134,138,187,187
EINPP,plains,EIB233,Davis,all samples,1990,2021,EIB77_773_Parks Canada_Results,P84063,74,,89,91,136,136,179,185
EINPP,plains,EIB234,Davis,all samples,1990,2021,EIB77_773_Parks Canada_Results,P85027,75,,89,91,136,138,179,187
EINPP,plains,EIB235,Davis,all samples,1990,2021,EIB77_773_Parks Canada_Results,P85028,76,,89,91,136,136,181,185
EINPP,plains,EIB236,Davis,all samples,,2021,EIB77_773_Parks Canada_Results,P85030,77,,89,89,136,138,175,175
EINPP,plains,EIB237,Davis,all samples,1990,2021,EIB77_773_Parks Canada_Results,P85032,78,,89,89,136,138,179,187
EINPP,plains,EIB238,Davis,all samples,,2021,EIB77_773_Parks Canada_Results,P85033,79,,89,91,134,136,175,185
EINPP,plains,EIB239,Davis,all samples,1990,2021,EIB77_773_Parks Canada_Results,P85034,80,,89,91,136,138,179,187
EINPP,plains,EIB240,Davis,all samples,1990,2021,EIB77_773_Parks Canada_Results,P86057,81,,89,91,136,136,175,185
EINPP,plains,EIB241,Davis,all samples,1990,2021,EIB77_773_Parks Canada_Results,P86059,82,,89,89,136,136,185,187
EINPP,plains,EIB242,Davis,all samples,1990,2021,EIB77_773_Parks Canada_Results,P86061,83,,89,91,134,136,179,181
EINPP,plains,EIB243,Davis,all samples,,2021,EIB77_773_Parks Canada_Results,P86064,84,,89,91,134,138,175,175
GNP,plains,,Davis,,,2022,MASTER_GNP bison_genetic data,124000300680249,982,,91,91,136,138,185,187
GNP,plains,,Davis,,,2022,MASTER_GNP bison_genetic data,124000300850134,983,,89,91,142,142,175,187
GNP,plains,,Davis,,,2022,MASTER_GNP bison_genetic data,124000300850137,992,,89,91,136,138,179,187
GNP,plains,,Davis,,,2022,MASTER_GNP bison_genetic data,124000300850138,984,,89,91,136,138,179,187
GNP,plains,,Davis,,,2022,MASTER_GNP bison_genetic data,124000300850144,993,,91,91,136,136,185,187
GNP,plains,,Davis,,,2022,MASTER_GNP bison_genetic data,124000300850151,985,,89,91,136,138,185,187
GNP,plains,,Davis,,,2022,MASTER_GNP bison_genetic data,124000300850167,994,,91,91,136,136,175,187
GNP,plains,,Davis,,,2022,MASTER_GNP bison_genetic data,124000300850168,995,,89,89,136,138,175,185
GNP,plains,,Davis,,,2022,MASTER_GNP bison_genetic data,124000300850170,996,,89,91,136,136,185,187
GNP,plains,,Davis,,,2022,MASTER_GNP bison_genetic data,124000300850174,997,,89,91,138,138,175,187
GNP,plains,,Davis,,,2022,MASTER_GNP bison_genetic data,124000300850177,998,,91,91,136,136,175,175
GNP,plains,,Davis,,,2022,MASTER_GNP bison_genetic data,124000300850194,999,,89,91,136,138,175,185
GNP,plains,,Davis,,,2022,MASTER_GNP bison_genetic data,124000300850198,986,,91,91,134,136,187,187
GNP,plains,,Davis,,,2022,MASTER_GNP bison_genetic data,124000300850202,1004,,91,91,136,136,185,187
GNP,plains,,Davis,,,2022,MASTER_GNP bison_genetic data,124000300850205,987,,91,91,134,136,175,175
GNP,plains,,Davis,,,2022,MASTER_GNP bison_genetic data,124000300850206,1000,,91,93,134,136,175,187
GNP,plains,,Davis,,,2022,MASTER_GNP bison_genetic data,124000300850223,1001,,91,91,136,138,175,179
GNP,plains,,Davis,,,2022,MASTER_GNP bison_genetic data,124000300850245,988,,89,89,134,136,185,185
GNP,plains,,Davis,,,2022,MASTER_GNP bison_genetic data,124000300850262,989,,89,91,138,138,175,179
GNP,plains,,Davis,,,2022,MASTER_GNP bison_genetic data,124000300850263,1002,,91,91,136,138,185,187
GNP,plains,,Davis,,,2022,MASTER_GNP bison_genetic data,124000300850265,990,,89,91,136,138,179,187
GNP,plains,,Davis,,,2022,MASTER_GNP bison_genetic data,124000300850267,991,,89,91,134,136,175,179
GNP,plains,,Davis,,,2022,MASTER_GNP bison_genetic data,124000300850280,1003,,91,91,134,138,175,185
GNP,plains,,Davis,,,2022,MASTER_GNP bison_genetic data,989002004883487,855,,89,91,134,138,187,187
GNP,plains,,Davis,,,2022,MASTER_GNP bison_genetic data,989002004885960,1091,,91,91,136,136,185,187
GNP,plains,,Davis,,,2022,MASTER_GNP bison_genetic data,989002004886398,756,,89,91,136,136,185,187
GNP,plains,,Davis,,,2022,MASTER_GNP bison_genetic data,989002004886421,915,,89,91,136,138,185,187
GNP,plains,,Davis,,,2022,MASTER_GNP bison_genetic data,989002004886580,1014,,89,91,136,136,175,187
GNP,plains,,Davis,,,2022,MASTER_GNP bison_genetic data,989002004886600,928,,89,89,136,136,175,187
GNP,plains,,Davis,,,2022,MASTER_GNP bison_genetic data,989002004889682,757,,89,91,134,136,179,181
GNP,plains,,Davis,,,2022,MASTER_GNP bison_genetic data,989002004889757,903,,89,91,138,138,179,187
GNP,plains,,Davis,,,2022,MASTER_GNP bison_genetic data,989002004889758,1109,,91,91,136,136,185,185
GNP,plains,,Davis,,,2022,MASTER_GNP bison_genetic data,989002004893189,1105,,89,91,136,136,185,187
GNP,plains,,Davis,,,2022,MASTER_GNP bison_genetic data,989002004893204,758,,89,91,136,136,185,187
GNP,plains,,Davis,,,2022,MASTER_GNP bison_genetic data,989002004893592,976,,89,91,136,136,179,187
GNP,plains,,Davis,,,2022,MASTER_GNP bison_genetic data,989002004893606,856,,89,89,134,138,187,187
GNP,plains,,Davis,,,2022,MASTER_GNP bison_genetic data,989002004896799,910,,89,91,136,136,187,191
GNP,plains,,Davis,,,2022,MASTER_GNP bison_genetic data,989002004899687,1038,,89,91,134,136,175,191
GNP,plains,,Davis,,,2022,MASTER_GNP bison_genetic data,989002004903362,1028,,89,91,134,136,179,187
GNP,plains,,Davis,,,2022,MASTER_GNP bison_genetic data,989002004903811,968,,91,91,138,138,175,187
GNP,plains,,Davis,,,2022,MASTER_GNP bison_genetic data,989002004903878,759,,89,91,136,136,185,187
GNP,plains,,Davis,,,2022,MASTER_GNP bison_genetic data,989002004904188,1030,,89,89,136,136,179,179
GNP,plains,,Davis,,,2022,MASTER_GNP bison_genetic data,989002004904212,857,,89,91,136,138,179,185
GNP,plains,,Davis,,,2022,MASTER_GNP bison_genetic data,989002004907414,973,,89,89,134,136,175,187
GNP,plains,,Davis,,,2022,MASTER_GNP bison_genetic data,989002004907419,760,,91,91,136,140,185,185
GNP,plains,,Davis,,,2022,MASTER_GNP bison_genetic data,989002004907423,761,,91,91,136,138,185,187
GNP,plains,,Davis,,,2022,MASTER_GNP bison_genetic data,989002004907727,1049,,89,91,134,136,175,185
GNP,plains,,Davis,,,2022,MASTER_GNP bison_genetic data,989002004910835,762,,89,91,134,136,175,187
GNP,plains,,Davis,,,2022,MASTER_GNP bison_genetic data,989002004910941,1090,,89,89,136,136,187,187
GNP,plains,,Davis,,,2022,MASTER_GNP bison_genetic data,989002004913966,1089,,91,91,134,136,185,191
GNP,plains,,Davis,,,2022,MASTER_GNP bison_genetic data,989002004916725,763,,91,91,136,138,175,179
GNP,plains,,Davis,,,2022,MASTER_GNP bison_genetic data,989002004920918,764,,91,91,136,136,175,185
GNP,plains,,Davis,,,2022,MASTER_GNP bison_genetic data,989002004922781,765,,89,91,136,138,185,187
GNP,plains,,Davis,,,2022,MASTER_GNP bison_genetic data,989002004922782,1011,,91,91,136,138,175,187
GNP,plains,,Davis,,,2022,MASTER_GNP bison_genetic data,989002004923212,858,,89,89,136,140,187,187
GNP,plains,,Davis,,,2022,MASTER_GNP bison_genetic data,989002004923519,1044,,89,91,136,136,185,187
GNP,plains,,Davis,,,2022,MASTER_GNP bison_genetic data,989002004923653,1102,,91,93,138,138,185,185
GNP,plains,,Davis,,,2022,MASTER_GNP bison_genetic data,989002004925466,859,,89,91,136,136,175,187
GNP,plains,,Davis,,,2022,MASTER_GNP bison_genetic data,989002004926342,1035,,91,93,136,138,175,175
GNP,plains,,Davis,,,2022,MASTER_GNP bison_genetic data,989002004926416,1048,,91,91,136,138,187,187
GNP,plains,,Davis,,,2022,MASTER_GNP bison_genetic data,989002004926619,972,,91,93,136,136,179,187
GNP,plains,,Davis,,,2022,MASTER_GNP bison_genetic data,989002004929672,860,,89,91,136,136,175,187
GNP,plains,,Davis,,,2022,MASTER_GNP bison_genetic data,989002004929749,906,,89,91,136,136,185,187
GNP,plains,,Davis,,,2022,MASTER_GNP bison_genetic data,989002004931425,917,,89,91,136,138,185,187
GNP,plains,,Davis,,,2022,MASTER_GNP bison_genetic data,989002004931550,1010,,89,89,136,138,175,187
GNP,plains,,Davis,,,2022,MASTER_GNP bison_genetic data,989002004931937,1115,,89,91,136,138,175,185
GNP,plains,,Davis,,,2022,MASTER_GNP bison_genetic data,989002004932051,766,,89,89,136,138,179,185
GNP,plains,,Davis,,,2022,MASTER_GNP bison_genetic data,989002004932268,768,,91,91,136,136,175,175
GNP,plains,,Davis,,,2022,MASTER_GNP bison_genetic data,989002004932890,769,,89,91,136,138,175,187
GNP,plains,,Davis,,,2022,MASTER_GNP bison_genetic data,989002004932901,946,,91,91,136,136,179,191
GNP,plains,,Davis,,,2022,MASTER_GNP bison_genetic data,989002004933232,920,,91,91,136,136,175,175
GNP,plains,,Davis,,,2022,MASTER_GNP bison_genetic data,989002004933285,895,,91,91,136,138,187,187
GNP,plains,,Davis,,,2022,MASTER_GNP bison_genetic data,989002004935026,770,,91,91,136,138,175,187
GNP,plains,,Davis,,,2022,MASTER_GNP bison_genetic data,989002004935643,771,,89,91,136,138,175,181
GNP,plains,,Davis,,,2022,MASTER_GNP bison_genetic data,989002004936526,889,,89,91,136,142,175,185
GNP,plains,,Davis,,,2022,MASTER_GNP bison_genetic data,989002004938788,772,,89,91,138,138,175,187
GNP,plains,,Davis,,,2022,MASTER_GNP bison_genetic data,989002004939814,861,,91,91,132,136,175,187
GNP,plains,,Davis,,,2022,MASTER_GNP bison_genetic data,989002004940134,956,,89,93,136,138,181,187
GNP,plains,,Davis,,,2022,MASTER_GNP bison_genetic data,989002004942063,862,,91,91,136,138,175,187
GNP,plains,,Davis,,,2022,MASTER_GNP bison_genetic data,989002004942477,1021,,89,91,136,136,185,187
GNP,plains,,Davis,,,2022,MASTER_GNP bison_genetic data,989002004943491,1027,,91,91,136,138,175,179
GNP,plains,,Davis,,,2022,MASTER_GNP bison_genetic data,989002004943809,1069,,91,91,136,136,175,187
GNP,plains,,Davis,,,2022,MASTER_GNP bison_genetic data,989002004945988,773,,91,91,136,136,175,179
GNP,plains,,Davis,,,2022,MASTER_GNP bison_genetic data,989002004946146,1046,,89,91,136,138,185,187
GNP,plains,,Davis,,,2022,MASTER_GNP bison_genetic data,989002004946184,774,,91,93,136,136,185,187
GNP,plains,,Davis,,,2022,MASTER_GNP bison_genetic data,989002004947416,775,,91,91,138,138,179,187
GNP,plains,,Davis,,,2022,MASTER_GNP bison_genetic data,989002004947418,884,,89,91,136,138,175,187
GNP,plains,,Davis,,,2022,MASTER_GNP bison_genetic data,989002004947460,776,,91,91,136,136,185,185
GNP,plains,,Davis,,,2022,MASTER_GNP bison_genetic data,989002004947503,777,,89,91,136,138,175,187
GNP,plains,,Davis,,,2022,MASTER_GNP bison_genetic data,989002004948151,778,,91,91,136,138,185,185
GNP,plains,,Davis,,,2022,MASTER_GNP bison_genetic data,989002004949000,1083,,89,91,136,136,175,187
GNP,plains,,Davis,,,2022,MASTER_GNP bison_genetic data,989002004949122,779,,89,91,136,138,175,175
GNP,plains,,Davis,,,2022,MASTER_GNP bison_genetic data,989002004949569,954,,89,89,136,136,185,187
GNP,plains,,Davis,,,2022,MASTER_GNP bison_genetic data,989002004949652,780,,89,91,136,136,187,187
GNP,plains,,Davis,,,2022,MASTER_GNP bison_genetic data,989002004949725,863,,89,91,136,138,179,185
GNP,plains,,Davis,,,2022,MASTER_GNP bison_genetic data,989002004949761,1082,,91,91,136,136,185,191
GNP,plains,,Davis,,,2022,MASTER_GNP bison_genetic data,989002004950011,1052,,89,91,136,136,175,187
GNP,plains,,Davis,,,2022,MASTER_GNP bison_genetic data,989002004950503,781,,91,91,136,138,175,187
GNP,plains,,Davis,,,2022,MASTER_GNP bison_genetic data,989002004950916,1068,,89,91,134,136,175,187
GNP,plains,,Davis,,,2022,MASTER_GNP bison_genetic data,989002004951073,893,,89,91,136,136,185,187
GNP,plains,,Davis,,,2022,MASTER_GNP bison_genetic data,989002004952907,782,,89,89,136,138,175,187
GNP,plains,,Davis,,,2022,MASTER_GNP bison_genetic data,989002004954615,909,,89,89,136,138,175,179
GNP,plains,,Davis,,,2022,MASTER_GNP bison_genetic data,989002004954645,783,,89,91,136,138,185,187
GNP,plains,,Davis,,,2022,MASTER_GNP bison_genetic data,989002004955734,784,,91,91,136,136,175,179
GNP,plains,,Davis,,,2022,MASTER_GNP bison_genetic data,989002004955834,1040,,89,89,136,138,187,187
GNP,plains,,Davis,,,2022,MASTER_GNP bison_genetic data,989002004958598,1015,,91,91,134,138,187,187
GNP,plains,,Davis,,,2022,MASTER_GNP bison_genetic data,989002004959646,785,,89,91,136,136,187,187
GNP,plains,,Davis,,,2022,MASTER_GNP bison_genetic data,989002004961133,1062,,89,91,134,136,185,185
GNP,plains,,Davis,,,2022,MASTER_GNP bison_genetic data,989002004961157,786,,89,91,136,138,175,175
GNP,plains,,Davis,,,2022,MASTER_GNP bison_genetic data,989002004961285,1018,,89,93,136,138,175,187
GNP,plains,,Davis,,,2022,MASTER_GNP bison_genetic data,989002004961315,787,,89,89,136,136,187,187
GNP,plains,,Davis,,,2022,MASTER_GNP bison_genetic data,989002004961436,788,,89,91,136,136,187,187
GNP,plains,,Davis,,,2022,MASTER_GNP bison_genetic data,989002004961683,1033,,89,91,136,136,187,187
GNP,plains,,Davis,,,2022,MASTER_GNP bison_genetic data,989002004962209,1036,,91,91,136,136,175,175
GNP,plains,,Davis,,,2022,MASTER_GNP bison_genetic data,989002004962518,1078,,91,93,136,136,185,185
GNP,plains,,Davis,,,2022,MASTER_GNP bison_genetic data,989002004962917,789,,89,91,134,138,175,179
GNP,plains,,Davis,,,2022,MASTER_GNP bison_genetic data,989002004962997,864,,91,91,136,136,175,175
GNP,plains,,Davis,,,2022,MASTER_GNP bison_genetic data,989002004963343,790,,91,91,136,136,185,187
GNP,plains,,Davis,,,2022,MASTER_GNP bison_genetic data,989002004963440,791,,91,91,138,138,179,187
GNP,plains,,Davis,,,2022,MASTER_GNP bison_genetic data,989002004963516,1113,,89,91,136,138,187,187
GNP,plains,,Davis,,,2022,MASTER_GNP bison_genetic data,989002004963527,792,,89,91,136,136,187,187
GNP,plains,,Davis,,,2022,MASTER_GNP bison_genetic data,989002004963553,865,,89,91,136,136,185,187
GNP,plains,,Davis,,,2022,MASTER_GNP bison_genetic data,989002004963784,1076,,91,91,136,136,187,187
GNP,plains,,Davis,,,2022,MASTER_GNP bison_genetic data,989002004963864,938,,89,89,136,138,175,185
GNP,plains,,Davis,,,2022,MASTER_GNP bison_genetic data,989002004964118,927,,89,89,136,136,185,185
GNP,plains,,Davis,,,2022,MASTER_GNP bison_genetic data,989002004964175,793,,91,91,136,136,187,187
GNP,plains,,Davis,,,2022,MASTER_GNP bison_genetic data,989002004964183,1012,,89,91,134,138,175,187
GNP,plains,,Davis,,,2022,MASTER_GNP bison_genetic data,989002004964795,794,,91,91,138,138,175,175
GNP,plains,,Davis,,,2022,MASTER_GNP bison_genetic data,989002004964955,970,,91,93,136,138,187,187
GNP,plains,,Davis,,,2022,MASTER_GNP bison_genetic data,989002004965198,795,,91,91,136,138,175,187
GNP,plains,,Davis,,,2022,MASTER_GNP bison_genetic data,989002004965714,912,,89,91,136,136,175,179
GNP,plains,,Davis,,,2022,MASTER_GNP bison_genetic data,989002004966174,1112,,89,91,136,138,187,187
GNP,plains,,Davis,,,2022,MASTER_GNP bison_genetic data,989002004966477,1009,,89,91,136,136,175,179
GNP,plains,,Davis,,,2022,MASTER_GNP bison_genetic data,989002004968665,1075,,91,91,136,138,179,185
GNP,plains,,Davis,,,2022,MASTER_GNP bison_genetic data,989002004969715,890,,91,91,134,136,175,187
GNP,plains,,Davis,,,2022,MASTER_GNP bison_genetic data,989002004969892,965,,89,91,136,140,179,185
GNP,plains,,Davis,,,2022,MASTER_GNP bison_genetic data,989002004970246,961,,89,91,138,138,179,187
GNP,plains,,Davis,,,2022,MASTER_GNP bison_genetic data,989002004970312,796,,89,91,142,142,175,187
GNP,plains,,Davis,,,2022,MASTER_GNP bison_genetic data,989002004970351,797,,91,91,134,136,181,187
GNP,plains,,Davis,,,2022,MASTER_GNP bison_genetic data,989002004971212,1074,,89,93,134,142,179,187
GNP,plains,,Davis,,,2022,MASTER_GNP bison_genetic data,989002004971275,1013,,89,91,134,138,175,191
GNP,plains,,Davis,,,2022,MASTER_GNP bison_genetic data,989002004972493,866,,91,93,136,138,175,187
GNP,plains,,Davis,,,2022,MASTER_GNP bison_genetic data,989002004972758,943,,89,91,136,136,185,187
GNP,plains,,Davis,,,2022,MASTER_GNP bison_genetic data,989002004973051,930,,91,91,136,136,175,185
GNP,plains,,Davis,,,2022,MASTER_GNP bison_genetic data,989002004973538,950,,91,93,136,136,179,187
GNP,plains,,Davis,,,2022,MASTER_GNP bison_genetic data,989002004974191,964,,89,89,136,136,175,187
GNP,plains,,Davis,,,2022,MASTER_GNP bison_genetic data,989002004975999,939,,91,91,134,138,175,187
GNP,plains,,Davis,,,2022,MASTER_GNP bison_genetic data,989002004976189,798,,91,93,138,138,187,187
GNP,plains,,Davis,,,2022,MASTER_GNP bison_genetic data,989002004976611,921,,89,91,136,136,187,187
GNP,plains,,Davis,,,2022,MASTER_GNP bison_genetic data,989002004976646,1060,,91,91,136,136,187,187
GNP,plains,,Davis,,,2022,MASTER_GNP bison_genetic data,989002004976657,867,,89,91,136,136,187,187
GNP,plains,,Davis,,,2022,MASTER_GNP bison_genetic data,989002004976919,1025,,91,91,136,136,187,187
GNP,plains,,Davis,,,2022,MASTER_GNP bison_genetic data,989002004977137,1085,,89,91,138,138,187,187
GNP,plains,,Davis,,,2022,MASTER_GNP bison_genetic data,989002004978079,1016,,91,91,136,138,175,187
GNP,plains,,Davis,,,2022,MASTER_GNP bison_genetic data,989002004978611,799,,89,91,136,136,179,185
GNP,plains,,Davis,,,2022,MASTER_GNP bison_genetic data,989002004978619,1045,,91,91,138,138,185,187
GNP,plains,,Davis,,,2022,MASTER_GNP bison_genetic data,989002004978624,929,,89,89,136,138,175,187
GNP,plains,,Davis,,,2022,MASTER_GNP bison_genetic data,989002004978648,868,,89,91,134,138,175,187
GNP,plains,,Davis,,,2022,MASTER_GNP bison_genetic data,989002004979514,971,,91,91,136,136,179,187
GNP,plains,,Davis,,,2022,MASTER_GNP bison_genetic data,989002004979707,800,,89,91,136,138,179,187
GNP,plains,,Davis,,,2022,MASTER_GNP bison_genetic data,989002004980343,945,,89,91,136,138,175,185
GNP,plains,,Davis,,,2022,MASTER_GNP bison_genetic data,989002004980390,916,,89,91,136,136,175,179
GNP,plains,,Davis,,,2022,MASTER_GNP bison_genetic data,989002004980630,801,,89,91,136,138,175,187
GNP,plains,,Davis,,,2022,MASTER_GNP bison_genetic data,989002004980773,802,,89,91,136,136,187,187
GNP,plains,,Davis,,,2022,MASTER_GNP bison_genetic data,989002004981504,935,,91,91,136,136,175,179
GNP,plains,,Davis,,,2022,MASTER_GNP bison_genetic data,989002004981939,1106,,89,89,138,138,179,187
GNP,plains,,Davis,,,2022,MASTER_GNP bison_genetic data,989002004982806,803,,91,93,138,140,187,187
GNP,plains,,Davis,,,2022,MASTER_GNP bison_genetic data,989002004982935,767,,91,91,136,138,187,191
GNP,plains,,Davis,,,2022,MASTER_GNP bison_genetic data,989002004982968,1071,,89,91,136,136,185,187
GNP,plains,,Davis,,,2022,MASTER_GNP bison_genetic data,989002004983031,913,,91,91,136,138,185,187
GNP,plains,,Davis,,,2022,MASTER_GNP bison_genetic data,989002004983232,941,,91,91,136,136,185,187
GNP,plains,,Davis,,,2022,MASTER_GNP bison_genetic data,989002004983738,804,,91,93,134,138,175,179
GNP,plains,,Davis,,,2022,MASTER_GNP bison_genetic data,989002004983785,914,,91,91,134,136,175,181
GNP,plains,,Davis,,,2022,MASTER_GNP bison_genetic data,989002004983824,1059,,89,91,136,138,175,179
GNP,plains,,Davis,,,2022,MASTER_GNP bison_genetic data,989002004983985,951,,89,93,136,138,175,187
GNP,plains,,Davis,,,2022,MASTER_GNP bison_genetic data,989002004984187,953,,89,91,136,136,179,187
GNP,plains,,Davis,,,2022,MASTER_GNP bison_genetic data,989002004984397,869,,89,91,138,138,175,179
GNP,plains,,Davis,,,2022,MASTER_GNP bison_genetic data,989002004984614,952,,91,91,134,138,179,187
GNP,plains,,Davis,,,2022,MASTER_GNP bison_genetic data,989002004984961,1058,,89,91,134,138,175,187
GNP,plains,,Davis,,,2022,MASTER_GNP bison_genetic data,989002004984969,805,,91,91,136,136,187,187
GNP,plains,,Davis,,,2022,MASTER_GNP bison_genetic data,989002004985083,870,,89,91,136,136,185,187
GNP,plains,,Davis,,,2022,MASTER_GNP bison_genetic data,989002004985173,1026,,91,91,136,138,185,187
GNP,plains,,Davis,,,2022,MASTER_GNP bison_genetic data,989002004985404,1047,,91,91,136,136,175,187
GNP,plains,,Davis,,,2022,MASTER_GNP bison_genetic data,989002004986323,1061,,89,93,134,136,175,187
GNP,plains,,Davis,,,2022,MASTER_GNP bison_genetic data,989002004986369,806,,89,89,138,138,175,185
GNP,plains,,Davis,,,2022,MASTER_GNP bison_genetic data,989002004986393,1057,,89,91,134,136,175,187
GNP,plains,,Davis,,,2022,MASTER_GNP bison_genetic data,989002004986635,1064,,91,91,136,138,185,187
GNP,plains,,Davis,,,2022,MASTER_GNP bison_genetic data,989002004986790,981,,91,91,136,136,175,187
GNP,plains,,Davis,,,2022,MASTER_GNP bison_genetic data,989002004987107,807,,89,91,136,138,185,187
GNP,plains,,Davis,,,2022,MASTER_GNP bison_genetic data,989002004987361,933,,89,91,136,136,179,187
GNP,plains,,Davis,,,2022,MASTER_GNP bison_genetic data,989002004987733,1053,,89,91,134,138,175,187
GNP,plains,,Davis,,,2022,MASTER_GNP bison_genetic data,989002004987812,808,,89,91,136,138,175,187
GNP,plains,,Davis,,,2022,MASTER_GNP bison_genetic data,989002004988400,949,,91,93,136,138,185,187
GNP,plains,,Davis,,,2022,MASTER_GNP bison_genetic data,989002004988747,977,,89,91,136,136,179,187
GNP,plains,,Davis,,,2022,MASTER_GNP bison_genetic data,989002004988804,809,,91,91,136,136,187,191
GNP,plains,,Davis,,,2022,MASTER_GNP bison_genetic data,989002004990104,1031,,91,91,136,136,179,187
GNP,plains,,Davis,,,2022,MASTER_GNP bison_genetic data,989002004990355,810,,91,91,136,136,187,187
GNP,plains,,Davis,,,2022,MASTER_GNP bison_genetic data,989002004990847,1022,,91,91,136,138,175,187
GNP,plains,,Davis,,,2022,MASTER_GNP bison_genetic data,989002004990881,925,,91,91,136,136,175,187
GNP,plains,,Davis,,,2022,MASTER_GNP bison_genetic data,989002004991044,811,,89,89,136,138,187,187
GNP,plains,,Davis,,,2022,MASTER_GNP bison_genetic data,989002004991062,881,,89,89,136,140,187,187
GNP,plains,,Davis,,,2022,MASTER_GNP bison_genetic data,989002004991291,1042,,89,91,136,138,175,187
GNP,plains,,Davis,,,2022,MASTER_GNP bison_genetic data,989002004991301,871,,89,91,136,138,179,185
GNP,plains,,Davis,,,2022,MASTER_GNP bison_genetic data,989002004991404,1063,,89,89,136,136,175,187
GNP,plains,,Davis,,,2022,MASTER_GNP bison_genetic data,989002004991508,1110,,89,91,136,136,185,187
GNP,plains,,Davis,,,2022,MASTER_GNP bison_genetic data,989002004991650,1050,,89,91,134,136,175,187
GNP,plains,,Davis,,,2022,MASTER_GNP bison_genetic data,989002004991983,969,,89,91,136,136,185,187
GNP,plains,,Davis,,,2022,MASTER_GNP bison_genetic data,989002004992574,922,,89,91,134,142,179,187
GNP,plains,,Davis,,,2022,MASTER_GNP bison_genetic data,989002004993397,812,,89,91,136,136,185,187
GNP,plains,,Davis,,,2022,MASTER_GNP bison_genetic data,989002004993459,1088,,89,91,136,138,175,185
GNP,plains,,Davis,,,2022,MASTER_GNP bison_genetic data,989002004993486,967,,91,91,136,136,175,185
GNP,plains,,Davis,,,2022,MASTER_GNP bison_genetic data,989002004993566,813,,91,91,138,138,187,187
GNP,plains,,Davis,,,2022,MASTER_GNP bison_genetic data,989002004994185,1093,,91,91,136,136,175,185
GNP,plains,,Davis,,,2022,MASTER_GNP bison_genetic data,989002004994371,872,,89,91,136,138,179,187
GNP,plains,,Davis,,,2022,MASTER_GNP bison_genetic data,989002004994520,880,,91,91,136,138,175,175
GNP,plains,,Davis,,,2022,MASTER_GNP bison_genetic data,989002004995598,918,,89,91,136,138,187,187
GNP,plains,,Davis,,,2022,MASTER_GNP bison_genetic data,989002004995710,1103,,89,91,138,138,187,187
GNP,plains,,Davis,,,2022,MASTER_GNP bison_genetic data,989002004996857,814,,89,91,136,136,179,187
GNP,plains,,Davis,,,2022,MASTER_GNP bison_genetic data,989002004997164,947,,91,91,134,138,185,185
GNP,plains,,Davis,,,2022,MASTER_GNP bison_genetic data,989002004997293,873,,89,91,136,138,175,185
GNP,plains,,Davis,,,2022,MASTER_GNP bison_genetic data,989002004997297,936,,89,91,136,136,187,187
GNP,plains,,Davis,,,2022,MASTER_GNP bison_genetic data,989002004998370,815,,91,91,134,138,185,191
GNP,plains,,Davis,,,2022,MASTER_GNP bison_genetic data,989002004998783,816,,91,91,136,138,179,185
GNP,plains,,Davis,,,2022,MASTER_GNP bison_genetic data,989002004998810,817,,89,91,136,136,179,187
GNP,plains,,Davis,,,2022,MASTER_GNP bison_genetic data,989002004998830,1055,,89,89,136,136,179,185
GNP,plains,,Davis,,,2022,MASTER_GNP bison_genetic data,989002004998891,940,,91,91,136,136,187,187
GNP,plains,,Davis,,,2022,MASTER_GNP bison_genetic data,989002004999112,896,,91,91,136,138,185,187
GNP,plains,,Davis,,,2022,MASTER_GNP bison_genetic data,989002005000236,818,,91,91,136,136,187,187
GNP,plains,,Davis,,,2022,MASTER_GNP bison_genetic data,989002005000398,1095,,91,91,136,138,175,175
GNP,plains,,Davis,,,2022,MASTER_GNP bison_genetic data,989002005000409,911,,89,91,138,138,179,187
GNP,plains,,Davis,,,2022,MASTER_GNP bison_genetic data,989002005000428,887,,89,89,136,138,185,187
GNP,plains,,Davis,,,2022,MASTER_GNP bison_genetic data,989002005000450,1056,,91,91,136,136,185,187
GNP,plains,,Davis,,,2022,MASTER_GNP bison_genetic data,989002005000472,1086,,91,91,134,138,175,187
GNP,plains,,Davis,,,2022,MASTER_GNP bison_genetic data,989002005000480,919,,89,91,136,138,175,185
GNP,plains,,Davis,,,2022,MASTER_GNP bison_genetic data,989002005000586,1084,,89,91,138,138,175,191
GNP,plains,,Davis,,,2022,MASTER_GNP bison_genetic data,989002005686004,900,,91,93,136,138,187,187
GNP,plains,,Davis,,,2022,MASTER_GNP bison_genetic data,989002005715301,924,,91,91,136,138,185,185
GNP,plains,,Davis,,,2022,MASTER_GNP bison_genetic data,989002005729224,1077,,91,91,136,136,179,187
GNP,plains,,Davis,,,2022,MASTER_GNP bison_genetic data,989002005732341,1104,,91,91,136,136,175,179
GNP,plains,,Davis,,,2022,MASTER_GNP bison_genetic data,989002005740182,1054,,89,89,136,138,175,185
GNP,plains,,Davis,,,2022,MASTER_GNP bison_genetic data,989002005740468,975,,91,91,136,138,175,187
GNP,plains,,Davis,,,2022,MASTER_GNP bison_genetic data,989002005741887,819,,89,91,134,136,175,179
GNP,plains,,Davis,,,2022,MASTER_GNP bison_genetic data,989002005742320,1107,,89,91,136,136,185,187
GNP,plains,,Davis,,,2022,MASTER_GNP bison_genetic data,989002005744706,1079,,89,91,136,136,181,185
GNP,plains,,Davis,,,2022,MASTER_GNP bison_genetic data,989002005744718,980,,91,91,136,138,185,187
GNP,plains,,Davis,,,2022,MASTER_GNP bison_genetic data,989002005745470,959,,91,91,136,136,187,187
GNP,plains,,Davis,,,2022,MASTER_GNP bison_genetic data,989002005745476,820,,89,91,134,136,175,175
GNP,plains,,Davis,,,2022,MASTER_GNP bison_genetic data,989002005745703,888,,89,91,136,136,175,185
GNP,plains,,Davis,,,2022,MASTER_GNP bison_genetic data,989002005745994,821,,91,91,134,136,181,187
GNP,plains,,Davis,,,2022,MASTER_GNP bison_genetic data,989002005746140,1101,,91,91,136,138,187,187
GNP,plains,,Davis,,,2022,MASTER_GNP bison_genetic data,989002005746596,822,,91,91,136,136,181,187
GNP,plains,,Davis,,,2022,MASTER_GNP bison_genetic data,989002005747521,1043,,91,91,136,136,175,187
GNP,plains,,Davis,,,2022,MASTER_GNP bison_genetic data,989002005748287,874,,91,91,136,138,187,187
GNP,plains,,Davis,,,2022,MASTER_GNP bison_genetic data,989002005748907,898,,91,91,136,136,187,191
GNP,plains,,Davis,,,2022,MASTER_GNP bison_genetic data,989002005749245,823,,89,91,136,136,179,187
GNP,plains,,Davis,,,2022,MASTER_GNP bison_genetic data,989002005749693,1081,,91,91,136,136,185,187
GNP,plains,,Davis,,,2022,MASTER_GNP bison_genetic data,989002005751183,1072,,91,91,136,136,185,187
GNP,plains,,Davis,,,2022,MASTER_GNP bison_genetic data,989002005751426,824,,89,91,136,136,175,187
GNP,plains,,Davis,,,2022,MASTER_GNP bison_genetic data,989002005751610,957,,91,91,134,138,175,187
GNP,plains,,Davis,,,2022,MASTER_GNP bison_genetic data,989002005751866,942,,89,91,136,138,179,187
GNP,plains,,Davis,,,2022,MASTER_GNP bison_genetic data,989002005752433,825,,89,91,136,136,175,179
GNP,plains,,Davis,,,2022,MASTER_GNP bison_genetic data,989002005752611,1029,,91,91,136,136,175,175
GNP,plains,,Davis,,,2022,MASTER_GNP bison_genetic data,989002005752739,826,,89,91,136,136,187,187
GNP,plains,,Davis,,,2022,MASTER_GNP bison_genetic data,989002005752853,875,,89,91,136,140,185,187
GNP,plains,,Davis,,,2022,MASTER_GNP bison_genetic data,989002005752915,1087,,89,91,136,136,187,187
GNP,plains,,Davis,,,2022,MASTER_GNP bison_genetic data,989002005753007,827,,91,91,136,136,185,187
GNP,plains,,Davis,,,2022,MASTER_GNP bison_genetic data,989002005753104,1032,,89,91,136,138,185,185
GNP,plains,,Davis,,,2022,MASTER_GNP bison_genetic data,989002005755271,960,,91,91,136,138,175,185
GNP,plains,,Davis,,,2022,MASTER_GNP bison_genetic data,989002005755502,978,,89,89,136,136,179,187
GNP,plains,,Davis,,,2022,MASTER_GNP bison_genetic data,989002005755514,1005,,91,93,136,136,185,187
GNP,plains,,Davis,,,2022,MASTER_GNP bison_genetic data,989002005755548,899,,89,91,136,138,175,185
GNP,plains,,Davis,,,2022,MASTER_GNP bison_genetic data,989002005755907,907,,91,91,134,140,175,185
GNP,plains,,Davis,,,2022,MASTER_GNP bison_genetic data,989002005756102,1073,,89,91,136,136,175,185
GNP,plains,,Davis,,,2022,MASTER_GNP bison_genetic data,989002005756446,894,,91,91,136,136,181,185
GNP,plains,,Davis,,,2022,MASTER_GNP bison_genetic data,989002005756580,828,,91,91,136,138,187,191
GNP,plains,,Davis,,,2022,MASTER_GNP bison_genetic data,989002005757053,891,,91,91,136,136,175,185
GNP,plains,,Davis,,,2022,MASTER_GNP bison_genetic data,989002005758493,901,,89,91,134,138,175,187
GNP,plains,,Davis,,,2022,MASTER_GNP bison_genetic data,989002005758691,955,,89,89,136,138,179,187
GNP,plains,,Davis,,,2022,MASTER_GNP bison_genetic data,989002005758939,1066,,89,91,136,136,179,185
GNP,plains,,Davis,,,2022,MASTER_GNP bison_genetic data,989002005758982,829,,89,91,136,136,179,185
GNP,plains,,Davis,,,2022,MASTER_GNP bison_genetic data,989002005759235,944,,89,91,136,136,187,191
GNP,plains,,Davis,,,2022,MASTER_GNP bison_genetic data,989002005759255,876,,91,91,136,138,175,185
GNP,plains,,Davis,,,2022,MASTER_GNP bison_genetic data,989002005759333,830,,91,91,136,136,175,187
GNP,plains,,Davis,,,2022,MASTER_GNP bison_genetic data,989002005759338,1111,,89,91,136,136,179,185
GNP,plains,,Davis,,,2022,MASTER_GNP bison_genetic data,989002005759544,1051,,91,91,136,136,187,187
GNP,plains,,Davis,,,2022,MASTER_GNP bison_genetic data,989002005759922,1108,,89,91,136,136,175,187
GNP,plains,,Davis,,,2022,MASTER_GNP bison_genetic data,989002005760005,831,,91,91,136,136,175,187
GNP,plains,,Davis,,,2022,MASTER_GNP bison_genetic data,989002005760384,1096,,89,91,136,138,181,187
GNP,plains,,Davis,,,2022,MASTER_GNP bison_genetic data,989002005762866,886,,89,91,136,136,187,187
GNP,plains,,Davis,,,2022,MASTER_GNP bison_genetic data,989002005762955,1092,,89,89,138,138,179,187
GNP,plains,,Davis,,,2022,MASTER_GNP bison_genetic data,989002005763081,832,,91,91,134,138,185,187
GNP,plains,,Davis,,,2022,MASTER_GNP bison_genetic data,989002005763605,926,,89,91,134,136,185,187
GNP,plains,,Davis,,,2022,MASTER_GNP bison_genetic data,989002005764663,1099,,89,91,136,138,187,187
GNP,plains,,Davis,,,2022,MASTER_GNP bison_genetic data,989002005764945,833,,89,91,138,138,175,187
GNP,plains,,Davis,,,2022,MASTER_GNP bison_genetic data,989002005764993,908,,91,91,136,142,179,187
GNP,plains,,Davis,,,2022,MASTER_GNP bison_genetic data,989002005765516,1094,,89,91,136,138,175,187
GNP,plains,,Davis,,,2022,MASTER_GNP bison_genetic data,989002005765825,834,,89,91,136,136,187,187
GNP,plains,,Davis,,,2022,MASTER_GNP bison_genetic data,989002005766197,835,,89,91,136,136,185,187
GNP,plains,,Davis,,,2022,MASTER_GNP bison_genetic data,989002005767401,1037,,89,91,136,138,185,185
GNP,plains,,Davis,,,2022,MASTER_GNP bison_genetic data,989002005767485,836,,89,91,136,136,179,187
GNP,plains,,Davis,,,2022,MASTER_GNP bison_genetic data,989002005769427,883,,89,91,136,138,179,185
GNP,plains,,Davis,,,2022,MASTER_GNP bison_genetic data,989002005769516,837,,89,91,136,138,175,179
GNP,plains,,Davis,,,2022,MASTER_GNP bison_genetic data,989002005769617,1098,,91,91,136,136,185,187
GNP,plains,,Davis,,,2022,MASTER_GNP bison_genetic data,989002005770070,934,,91,91,138,138,185,187
GNP,plains,,Davis,,,2022,MASTER_GNP bison_genetic data,989002005770232,1024,,91,91,138,138,187,187
GNP,plains,,Davis,,,2022,MASTER_GNP bison_genetic data,989002005770273,966,,91,91,136,136,185,187
GNP,plains,,Davis,,,2022,MASTER_GNP bison_genetic data,989002005772626,1023,,91,91,136,138,175,187
GNP,plains,,Davis,,,2022,MASTER_GNP bison_genetic data,989002005772871,904,,89,91,136,136,187,187
GNP,plains,,Davis,,,2022,MASTER_GNP bison_genetic data,989002005773050,974,,91,91,136,138,175,187
GNP,plains,,Davis,,,2022,MASTER_GNP bison_genetic data,989002005773363,755,,91,91,134,136,175,175
GNP,plains,,Davis,,,2022,MASTER_GNP bison_genetic data,989002005775234,1100,,89,91,136,138,175,185
GNP,plains,,Davis,,,2022,MASTER_GNP bison_genetic data,989002005775671,838,,91,91,134,136,175,185
GNP,plains,,Davis,,,2022,MASTER_GNP bison_genetic data,989002005775947,1067,,91,91,136,136,187,191
GNP,plains,,Davis,,,2022,MASTER_GNP bison_genetic data,989002005776029,902,,89,91,136,136,175,185
GNP,plains,,Davis,,,2022,MASTER_GNP bison_genetic data,989002005776077,963,,91,91,136,136,175,187
GNP,plains,,Davis,,,2022,MASTER_GNP bison_genetic data,989002005776365,932,,91,91,138,140,187,187
GNP,plains,,Davis,,,2022,MASTER_GNP bison_genetic data,989002005776368,877,,89,91,136,138,175,187
GNP,plains,,Davis,,,2022,MASTER_GNP bison_genetic data,989002005777536,1097,,91,91,136,138,187,187
GNP,plains,,Davis,,,2022,MASTER_GNP bison_genetic data,989002005777716,1116,,91,93,136,138,185,187
GNP,plains,,Davis,,,2022,MASTER_GNP bison_genetic data,989002005777913,839,,89,91,138,142,187,187
GNP,plains,,Davis,,,2022,MASTER_GNP bison_genetic data,989002005777976,1065,,91,93,136,136,175,187
GNP,plains,,Davis,,,2022,MASTER_GNP bison_genetic data,989002005778949,937,,89,89,136,136,179,185
GNP,plains,,Davis,,,2022,MASTER_GNP bison_genetic data,989002005778975,840,,91,91,136,136,175,185
GNP,plains,,Davis,,,2022,MASTER_GNP bison_genetic data,989002005779330,841,,89,91,136,136,175,187
GNP,plains,,Davis,,,2022,MASTER_GNP bison_genetic data,989002005782469,842,,91,91,136,138,175,185
GNP,plains,,Davis,,,2022,MASTER_GNP bison_genetic data,989002005782529,905,,89,89,136,138,185,187
GNP,plains,,Davis,,,2022,MASTER_GNP bison_genetic data,989002005783118,931,,91,91,134,136,185,187
GNP,plains,,Davis,,,2022,MASTER_GNP bison_genetic data,989002005787686,843,,89,91,138,138,185,191
GNP,plains,,Davis,,,2022,MASTER_GNP bison_genetic data,989002005788473,844,,91,91,136,136,175,185
GNP,plains,,Davis,,,2022,MASTER_GNP bison_genetic data,989002005788743,1006,,91,91,134,136,175,181
GNP,plains,,Davis,,,2022,MASTER_GNP bison_genetic data,989002005791182,845,,89,91,136,138,175,187
GNP,plains,,Davis,,,2022,MASTER_GNP bison_genetic data,989002005794814,1080,,89,91,136,136,179,187
GNP,plains,,Davis,,,2022,MASTER_GNP bison_genetic data,989002005795425,846,,91,93,134,138,175,187
GNP,plains,,Davis,,,2022,MASTER_GNP bison_genetic data,989002005796014,1034,,89,91,136,136,175,187
GNP,plains,,Davis,,,2022,MASTER_GNP bison_genetic data,989002005798432,1114,,89,91,136,136,175,187
GNP,plains,,Davis,,,2022,MASTER_GNP bison_genetic data,989002005798630,979,,91,91,136,138,185,187
GNP,plains,,Davis,,,2022,MASTER_GNP bison_genetic data,989002005798636,1017,,89,91,138,138,179,185
GNP,plains,,Davis,,,2022,MASTER_GNP bison_genetic data,989002005798796,847,,89,91,136,136,175,175
GNP,plains,,Davis,,,2022,MASTER_GNP bison_genetic data,989002005798849,892,,89,93,136,138,175,187
GNP,plains,,Davis,,,2022,MASTER_GNP bison_genetic data,989002005799555,878,,91,93,136,136,175,185
GNP,plains,,Davis,,,2022,MASTER_GNP bison_genetic data,989002005799571,1007,,89,91,136,138,175,187
GNP,plains,,Davis,,,2022,MASTER_GNP bison_genetic data,989002005805652,848,,89,91,136,136,179,185
GNP,plains,,Davis,,,2022,MASTER_GNP bison_genetic data,989002005805834,849,,91,91,136,136,175,187
GNP,plains,,Davis,,,2022,MASTER_GNP bison_genetic data,989002005805972,1019,,91,91,136,138,179,187
GNP,plains,,Davis,,,2022,MASTER_GNP bison_genetic data,989002005806347,1039,,91,91,134,138,175,187
GNP,plains,,Davis,,,2022,MASTER_GNP bison_genetic data,989002005806381,850,,89,93,132,136,187,187
GNP,plains,,Davis,,,2022,MASTER_GNP bison_genetic data,989002005806705,1070,,89,91,136,136,175,187
GNP,plains,,Davis,,,2022,MASTER_GNP bison_genetic data,989002005808816,958,,91,91,134,136,175,175
GNP,plains,,Davis,,,2022,MASTER_GNP bison_genetic data,989002005808929,851,,89,91,136,136,175,187
GNP,plains,,Davis,,,2022,MASTER_GNP bison_genetic data,989002005809524,882,,91,91,134,136,179,187
GNP,plains,,Davis,,,2022,MASTER_GNP bison_genetic data,989002005809834,852,,89,91,132,136,187,187
GNP,plains,,Davis,,,2022,MASTER_GNP bison_genetic data,989002005810023,853,,89,89,136,138,175,185
GNP,plains,,Davis,,,2022,MASTER_GNP bison_genetic data,989002005815226,948,,89,91,134,136,175,185
GNP,plains,,Davis,,,2022,MASTER_GNP bison_genetic data,989002005815532,962,,89,91,136,138,175,187
GNP,plains,,Davis,,,2022,MASTER_GNP bison_genetic data,989002005816268,1020,,91,91,136,136,181,187
GNP,plains,,Davis,,,2022,MASTER_GNP bison_genetic data,989002005817647,879,,91,91,136,136,187,187
GNP,plains,,Davis,,,2022,MASTER_GNP bison_genetic data,989002005817967,854,,89,91,136,138,179,187
GNP,plains,,Davis,,,2022,MASTER_GNP bison_genetic data,989002005818095,897,,89,89,136,136,175,187
GNP,plains,,Davis,,,2022,MASTER_GNP bison_genetic data,989002005820524,1041,,89,91,136,138,185,187
GNP,plains,,Davis,,,2022,MASTER_GNP bison_genetic data,989002005823971,923,,89,91,136,136,175,187
GNP,plains,,Davis,,,2022,MASTER_GNP bison_genetic data,989002006077645,885,,89,91,136,136,179,191
GNP,plains,,Davis,,,2022,MASTER_GNP bison_genetic data,989002006084611,1008,,91,93,136,138,175,175
GNP,plains,NCB5398,Davis,,,20-Feb-24,NCB5398_5482_Diversity Report,NCB5398,NCB5398,,91,91,136,136,179,187
GNP,plains,NCB5399,Davis,,,20-Feb-24,NCB5398_5482_Diversity Report,NCB5399,NCB5399,,89,89,136,136,175,187
GNP,plains,NCB5400,Davis,,,20-Feb-24,NCB5398_5482_Diversity Report,NCB5400,NCB5400,,91,91,136,136,185,185
GNP,plains,NCB5401,Davis,,,20-Feb-24,NCB5398_5482_Diversity Report,NCB5401,NCB5401,,89,91,136,136,175,175
GNP,plains,NCB5402,Davis,,,20-Feb-24,NCB5398_5482_Diversity Report,NCB5402,NCB5402,,91,91,138,138,175,185
GNP,plains,NCB5403,Davis,,,20-Feb-24,NCB5398_5482_Diversity Report,NCB5403,NCB5403,,89,91,134,136,175,175
GNP,plains,NCB5404,Davis,,,20-Feb-24,NCB5398_5482_Diversity Report,NCB5404,NCB5404,,91,91,136,136,185,187
GNP,plains,NCB5405,Davis,,,20-Feb-24,NCB5398_5482_Diversity Report,NCB5405,NCB5405,,89,91,134,138,175,187
GNP,plains,NCB5406,Davis,,,20-Feb-24,NCB5398_5482_Diversity Report,NCB5406,NCB5406,,91,91,136,136,175,187
GNP,plains,NCB5407,Davis,,,20-Feb-24,NCB5398_5482_Diversity Report,NCB5407,NCB5407,,89,93,138,138,175,185
GNP,plains,NCB5408,Davis,,,20-Feb-24,NCB5398_5482_Diversity Report,NCB5408,NCB5408,,89,91,136,136,179,185
GNP,plains,NCB5409,Davis,,,20-Feb-24,NCB5398_5482_Diversity Report,NCB5409,NCB5409,,91,93,136,136,185,185
GNP,plains,NCB5410,Davis,,,20-Feb-24,NCB5398_5482_Diversity Report,NCB5410,NCB5410,,91,91,136,138,185,187
GNP,plains,NCB5411,Davis,,,20-Feb-24,NCB5398_5482_Diversity Report,NCB5411,NCB5411,,89,93,134,138,179,187
GNP,plains,NCB5412,Davis,,,20-Feb-24,NCB5398_5482_Diversity Report,NCB5412,NCB5412,,89,91,136,138,179,185
GNP,plains,NCB5413,Davis,,,20-Feb-24,NCB5398_5482_Diversity Report,NCB5413,NCB5413,,89,91,136,138,187,187
GNP,plains,NCB5414,Davis,,,20-Feb-24,NCB5398_5482_Diversity Report,NCB5414,NCB5414,,91,91,136,136,187,187
GNP,plains,NCB5415,Davis,,,20-Feb-24,NCB5398_5482_Diversity Report,NCB5415,NCB5415,,89,91,136,136,175,185
GNP,plains,NCB5416,Davis,,,20-Feb-24,NCB5398_5482_Diversity Report,NCB5416,NCB5416,,91,91,136,138,175,187
GNP,plains,NCB5417,Davis,,,20-Feb-24,NCB5398_5482_Diversity Report,NCB5417,NCB5417,,89,91,134,138,185,185
GNP,plains,NCB5418,Davis,,,20-Feb-24,NCB5398_5482_Diversity Report,NCB5418,NCB5418,,89,89,136,138,175,185
GNP,plains,NCB5419,Davis,,,20-Feb-24,NCB5398_5482_Diversity Report,NCB5419,NCB5419,,89,91,138,138,175,187
GNP,plains,NCB5420,Davis,,,20-Feb-24,NCB5398_5482_Diversity Report,NCB5420,NCB5420,,89,91,138,138,185,187
GNP,plains,NCB5421,Davis,,,20-Feb-24,NCB5398_5482_Diversity Report,NCB5421,NCB5421,,89,91,136,138,187,187
GNP,plains,NCB5422,Davis,,,20-Feb-24,NCB5398_5482_Diversity Report,NCB5422,NCB5422,,89,91,136,138,175,185
GNP,plains,NCB5423,Davis,,,20-Feb-24,NCB5398_5482_Diversity Report,NCB5423,NCB5423,,91,91,136,136,175,187
GNP,plains,NCB5424,Davis,,,20-Feb-24,NCB5398_5482_Diversity Report,NCB5424,NCB5424,,91,91,136,138,175,187
GNP,plains,NCB5425,Davis,,,20-Feb-24,NCB5398_5482_Diversity Report,NCB5425,NCB5425,,89,91,136,138,179,185
GNP,plains,NCB5426,Davis,,,20-Feb-24,NCB5398_5482_Diversity Report,NCB5426,NCB5426,,91,91,136,136,175,187
GNP,plains,NCB5427,Davis,,,20-Feb-24,NCB5398_5482_Diversity Report,NCB5427,NCB5427,,89,91,136,136,185,187
GNP,plains,NCB5428,Davis,,,20-Feb-24,NCB5398_5482_Diversity Report,NCB5428,NCB5428,,89,91,136,138,185,185
GNP,plains,NCB5429,Davis,,,20-Feb-24,NCB5398_5482_Diversity Report,NCB5429,NCB5429,,91,91,136,138,187,187
GNP,plains,NCB5430,Davis,,,20-Feb-24,NCB5398_5482_Diversity Report,NCB5430,NCB5430,,91,91,136,136,175,175
GNP,plains,NCB5431,Davis,,,20-Feb-24,NCB5398_5482_Diversity Report,NCB5431,NCB5431,,91,91,136,136,175,187
GNP,plains,NCB5432,Davis,,,20-Feb-24,NCB5398_5482_Diversity Report,NCB5432,NCB5432,,89,91,136,136,175,187
GNP,plains,NCB5433,Davis,,,20-Feb-24,NCB5398_5482_Diversity Report,NCB5433,NCB5433,,89,91,136,138,175,187
GNP,plains,NCB5434,Davis,,,20-Feb-24,NCB5398_5482_Diversity Report,NCB5434,NCB5434,,91,91,136,136,185,187
GNP,plains,NCB5435,Davis,,,20-Feb-24,NCB5398_5482_Diversity Report,NCB5435,NCB5435,,89,89,134,136,175,187
GNP,plains,NCB5436,Davis,,,20-Feb-24,NCB5398_5482_Diversity Report,NCB5436,NCB5436,,91,93,136,138,185,187
GNP,plains,NCB5437,Davis,,,20-Feb-24,NCB5398_5482_Diversity Report,NCB5437,NCB5437,,91,91,136,136,179,185
GNP,plains,NCB5438,Davis,,,20-Feb-24,NCB5398_5482_Diversity Report,NCB5438,NCB5438,,91,91,136,138,175,175
GNP,plains,NCB5439,Davis,,,20-Feb-24,NCB5398_5482_Diversity Report,NCB5439,NCB5439,,91,91,136,136,187,187
GNP,plains,NCB5440,Davis,,,20-Feb-24,NCB5398_5482_Diversity Report,NCB5440,NCB5440,,89,91,134,138,181,187
GNP,plains,NCB5441,Davis,,,20-Feb-24,NCB5398_5482_Diversity Report,NCB5441,NCB5441,,89,91,134,138,179,187
GNP,plains,NCB5442,Davis,,,20-Feb-24,NCB5398_5482_Diversity Report,NCB5442,NCB5442,,91,91,136,136,179,181
GNP,plains,NCB5443,Davis,,,20-Feb-24,NCB5398_5482_Diversity Report,NCB5443,NCB5443,,91,91,138,138,185,187
GNP,plains,NCB5444,Davis,,,20-Feb-24,NCB5398_5482_Diversity Report,NCB5444,NCB5444,,89,91,134,138,175,175
GNP,plains,NCB5445,Davis,,,20-Feb-24,NCB5398_5482_Diversity Report,NCB5445,NCB5445,,89,91,136,138,175,185
GNP,plains,NCB5446,Davis,,,20-Feb-24,NCB5398_5482_Diversity Report,NCB5446,NCB5446,,91,91,136,136,185,187
GNP,plains,NCB5447,Davis,,,20-Feb-24,NCB5398_5482_Diversity Report,NCB5447,NCB5447,,89,89,136,136,175,187
GNP,plains,NCB5448,Davis,,,20-Feb-24,NCB5398_5482_Diversity Report,NCB5448,NCB5448,,89,91,136,138,185,187
GNP,plains,NCB5449,Davis,,,20-Feb-24,NCB5398_5482_Diversity Report,NCB5449,NCB5449,,89,91,136,138,187,187
GNP,plains,NCB5450,Davis,,,20-Feb-24,NCB5398_5482_Diversity Report,NCB5450,NCB5450,,89,89,136,136,187,187
GNP,plains,NCB5451,Davis,,,20-Feb-24,NCB5398_5482_Diversity Report,NCB5451,NCB5451,,89,91,136,138,175,179
GNP,plains,NCB5452,Davis,,,20-Feb-24,NCB5398_5482_Diversity Report,NCB5452,NCB5452,,91,91,134,136,175,185
GNP,plains,NCB5453,Davis,,,20-Feb-24,NCB5398_5482_Diversity Report,NCB5453,NCB5453,,89,89,136,138,179,187
GNP,plains,NCB5454,Davis,,,20-Feb-24,NCB5398_5482_Diversity Report,NCB5454,NCB5454,,91,91,136,136,179,187
GNP,plains,NCB5455,Davis,,,20-Feb-24,NCB5398_5482_Diversity Report,NCB5455,NCB5455,,91,91,136,136,175,187
GNP,plains,NCB5456,Davis,,,20-Feb-24,NCB5398_5482_Diversity Report,NCB5456,NCB5456,,89,91,136,136,179,187
GNP,plains,NCB5457,Davis,,,20-Feb-24,NCB5398_5482_Diversity Report,NCB5457,NCB5457,,89,91,136,138,187,191
GNP,plains,NCB5458,Davis,,,20-Feb-24,NCB5398_5482_Diversity Report,NCB5458,NCB5458,,89,91,134,136,175,179
GNP,plains,NCB5459,Davis,,,20-Feb-24,NCB5398_5482_Diversity Report,NCB5459,NCB5459,,89,91,134,138,187,187
GNP,plains,NCB5460,Davis,,,20-Feb-24,NCB5398_5482_Diversity Report,NCB5460,NCB5460,,89,91,136,138,187,187
GNP,plains,NCB5461,Davis,,,20-Feb-24,NCB5398_5482_Diversity Report,NCB5461,NCB5461,,91,91,138,138,179,187
GNP,plains,NCB5462,Davis,,,20-Feb-24,NCB5398_5482_Diversity Report,NCB5462,NCB5462,,91,91,136,138,175,185
GNP,plains,NCB5463,Davis,,,20-Feb-24,NCB5398_5482_Diversity Report,NCB5463,NCB5463,,89,89,136,138,187,187
GNP,plains,NCB5464,Davis,,,20-Feb-24,NCB5398_5482_Diversity Report,NCB5464,NCB5464,,89,89,134,138,175,185
GNP,plains,NCB5465,Davis,,,20-Feb-24,NCB5398_5482_Diversity Report,NCB5465,NCB5465,,91,91,136,136,175,175
GNP,plains,NCB5466,Davis,,,20-Feb-24,NCB5398_5482_Diversity Report,NCB5466,NCB5466,,91,91,136,136,175,187
GNP,plains,NCB5467,Davis,,,20-Feb-24,NCB5398_5482_Diversity Report,NCB5467,NCB5467,,89,91,136,138,179,187
GNP,plains,NCB5468,Davis,,,20-Feb-24,NCB5398_5482_Diversity Report,NCB5468,NCB5468,,89,89,136,138,187,187
GNP,plains,NCB5469,Davis,,,20-Feb-24,NCB5398_5482_Diversity Report,NCB5469,NCB5469,,91,91,136,136,185,187
GNP,plains,NCB5470,Davis,,,20-Feb-24,NCB5398_5482_Diversity Report,NCB5470,NCB5470,,89,91,136,138,175,187
GNP,plains,NCB5471,Davis,,,20-Feb-24,NCB5398_5482_Diversity Report,NCB5471,NCB5471,,89,91,136,138,175,187
GNP,plains,NCB5472,Davis,,,20-Feb-24,NCB5398_5482_Diversity Report,NCB5472,NCB5472,,89,91,136,136,187,187
GNP,plains,NCB5473,Davis,,,20-Feb-24,NCB5398_5482_Diversity Report,NCB5473,NCB5473,,89,91,138,138,185,187
GNP,plains,NCB5474,Davis,,,20-Feb-24,NCB5398_5482_Diversity Report,NCB5474,NCB5474,,89,91,134,136,179,179
GNP,plains,NCB5475,Davis,,,20-Feb-24,NCB5398_5482_Diversity Report,NCB5475,NCB5475,,89,91,134,136,187,191
GNP,plains,NCB5476,Davis,,,20-Feb-24,NCB5398_5482_Diversity Report,NCB5476,NCB5476,,89,91,136,138,187,187
GNP,plains,NCB5477,Davis,,,20-Feb-24,NCB5398_5482_Diversity Report,NCB5477,NCB5477,,91,91,136,136,187,187
GNP,plains,NCB5478,Davis,,,20-Feb-24,NCB5398_5482_Diversity Report,NCB5478,NCB5478,,89,89,136,138,179,185
GNP,plains,NCB5479,Davis,,,20-Feb-24,NCB5398_5482_Diversity Report,NCB5479,NCB5479,,89,91,138,138,175,175
GNP,plains,NCB5480,Davis,,,20-Feb-24,NCB5398_5482_Diversity Report,NCB5480,NCB5480,,89,91,136,136,187,187
GNP,plains,NCB5481,Davis,,,20-Feb-24,NCB5398_5482_Diversity Report,NCB5481,NCB5481,,89,89,134,136,179,179
GNP,plains,NCB5482,Davis,,,20-Feb-24,NCB5398_5482_Diversity Report,NCB5482,NCB5482,,89,91,138,138,175,187
OMOHB,plains,EIB77,Davis,OMB_Bison Samples_worksheet,2019,2021,EIB77_773_Parks Canada_Results,1,165,,91,91,136,140,185,187
OMOHB,plains,EIB78,Davis,OMB_Bison Samples_worksheet,2019,2021,EIB77_773_Parks Canada_Results,2,166,,91,91,140,140,185,187
OMOHB,plains,EIB79,Davis,OMB_Bison Samples_worksheet,2019,2021,EIB77_773_Parks Canada_Results,3,167,,91,93,138,140,185,187
OMOHB,plains,EIB80,Davis,OMB_Bison Samples_worksheet,2019,2021,EIB77_773_Parks Canada_Results,5,168,,91,91,134,136,185,185
OMOHB,plains,EIB81,Davis,OMB_Bison Samples_worksheet,2019,2021,EIB77_773_Parks Canada_Results,6,169,,89,91,134,136,179,185
OMOHB,plains,EIB82,Davis,OMB_Bison Samples_worksheet,2019,2021,EIB77_773_Parks Canada_Results,8,170,,89,89,138,138,185,187
OMOHB,plains,EIB83,Davis,OMB_Bison Samples_worksheet,2019,2021,EIB77_773_Parks Canada_Results,9,171,,91,91,138,140,185,187
OMOHB,plains,EIB84,Davis,OMB_Bison Samples_worksheet,2019,2021,EIB77_773_Parks Canada_Results,10,172,,91,91,136,138,175,187
OMOHB,plains,EIB85,Davis,OMB_Bison Samples_worksheet,2019,2021,EIB77_773_Parks Canada_Results,11,173,,91,91,136,138,181,181
OMOHB,plains,EIB86,Davis,OMB_Bison Samples_worksheet,2019,2021,EIB77_773_Parks Canada_Results,14,174,,89,91,136,138,175,179
OMOHB,plains,EIB87,Davis,OMB_Bison Samples_worksheet,2019,2021,EIB77_773_Parks Canada_Results,16,175,,89,91,136,138,187,187
OMOHB,plains,EIB88,Davis,OMB_Bison Samples_worksheet,2019,2021,EIB77_773_Parks Canada_Results,18,176,,91,91,136,136,187,187
OMOHB,plains,EIB89,Davis,OMB_Bison Samples_worksheet,2019,2021,EIB77_773_Parks Canada_Results,20,177,,89,91,136,136,175,175
OMOHB,plains,EIB90,Davis,OMB_Bison Samples_worksheet,2019,2021,EIB77_773_Parks Canada_Results,21,178,,91,91,138,140,185,185
OMOHB,plains,EIB91,Davis,OMB_Bison Samples_worksheet,2019,2021,EIB77_773_Parks Canada_Results,23,179,,91,91,136,140,185,187
OMOHB,plains,EIB92,Davis,OMB_Bison Samples_worksheet,2019,2021,EIB77_773_Parks Canada_Results,26,180,,89,91,136,138,175,187
OMOHB,plains,EIB93,Davis,OMB_Bison Samples_worksheet,2019,2021,EIB77_773_Parks Canada_Results,28,181,,91,91,136,136,181,187
OMOHB,plains,EIB94,Davis,OMB_Bison Samples_worksheet,2019,2021,EIB77_773_Parks Canada_Results,29,182,,91,91,134,138,175,185
OMOHB,plains,EIB95,Davis,OMB_Bison Samples_worksheet,2019,2021,EIB77_773_Parks Canada_Results,30,183,,89,91,136,138,175,185
OMOHB,plains,EIB96,Davis,OMB_Bison Samples_worksheet,2019,2021,EIB77_773_Parks Canada_Results,31,184,,91,91,136,136,185,187
OMOHB,plains,EIB97,Davis,OMB_Bison Samples_worksheet,2019,2021,EIB77_773_Parks Canada_Results,32,185,,89,93,136,138,179,187
OMOHB,plains,EIB98,Davis,OMB_Bison Samples_worksheet,2019,2021,EIB77_773_Parks Canada_Results,33,186,,89,91,138,138,181,185
OMOHB,plains,EIB99,Davis,OMB_Bison Samples_worksheet,2019,2021,EIB77_773_Parks Canada_Results,34,187,,89,91,136,138,175,187
OMOHB,plains,EIB100,Davis,OMB_Bison Samples_worksheet,2019,2021,EIB77_773_Parks Canada_Results,35,140,,89,89,136,136,185,187
OMOHB,plains,EIB101,Davis,OMB_Bison Samples_worksheet,2019,2021,EIB77_773_Parks Canada_Results,36,141,,91,91,134,136,185,185
OMOHB,plains,EIB102,Davis,OMB_Bison Samples_worksheet,2019,2021,EIB77_773_Parks Canada_Results,37,142,,91,91,136,136,185,187
OMOHB,plains,EIB103,Davis,OMB_Bison Samples_worksheet,2019,2021,EIB77_773_Parks Canada_Results,38,143,,91,91,136,140,181,187
OMOHB,plains,EIB104,Davis,OMB_Bison Samples_worksheet,2019,2021,EIB77_773_Parks Canada_Results,39,144,,89,93,136,136,187,187
OMOHB,plains,EIB105,Davis,OMB_Bison Samples_worksheet,2019,2021,EIB77_773_Parks Canada_Results,40,145,,91,91,134,136,179,185
OMOHB,plains,EIB106,Davis,OMB_Bison Samples_worksheet,2019,2021,EIB77_773_Parks Canada_Results,41,146,,89,91,136,140,179,185
OMOHB,plains,EIB107,Davis,OMB_Bison Samples_worksheet,2019,2021,EIB77_773_Parks Canada_Results,42,147,,89,91,134,136,187,187
OMOHB,plains,EIB108,Davis,OMB_Bison Samples_worksheet,2019,2021,EIB77_773_Parks Canada_Results,43,148,,89,89,136,138,185,187
OMOHB,plains,EIB109,Davis,OMB_Bison Samples_worksheet,2019,2021,EIB77_773_Parks Canada_Results,44,149,,89,91,136,138,185,187
OMOHB,plains,EIB110,Davis,OMB_Bison Samples_worksheet,2019,2021,EIB77_773_Parks Canada_Results,45,150,,91,91,134,136,185,185
OMOHB,plains,EIB111,Davis,OMB_Bison Samples_worksheet,2019,2021,EIB77_773_Parks Canada_Results,46,151,,89,91,136,138,175,175
OMOHB,plains,EIB112,Davis,OMB_Bison Samples_worksheet,2019,2021,EIB77_773_Parks Canada_Results,48,152,,89,91,134,140,185,185
OMOHB,plains,EIB113,Davis,OMB_Bison Samples_worksheet,2019,2021,EIB77_773_Parks Canada_Results,49,153,,91,91,134,136,179,185
OMOHB,plains,EIB114,Davis,OMB_Bison Samples_worksheet,2019,2021,EIB77_773_Parks Canada_Results,50,154,,89,89,136,138,175,187
OMOHB,plains,EIB115,Davis,OMB_Bison Samples_worksheet,2019,2021,EIB77_773_Parks Canada_Results,51,155,,89,89,136,138,175,187
OMOHB,plains,EIB116,Davis,OMB_Bison Samples_worksheet,2019,2021,EIB77_773_Parks Canada_Results,52,156,,89,91,134,140,185,187
OMOHB,plains,EIB117,Davis,OMB_Bison Samples_worksheet,2019,2021,EIB77_773_Parks Canada_Results,53,157,,89,91,136,140,175,185
OMOHB,plains,EIB118,Davis,OMB_Bison Samples_worksheet,2019,2021,EIB77_773_Parks Canada_Results,55,158,,89,91,134,136,185,187
OMOHB,plains,EIB119,Davis,OMB_Bison Samples_worksheet,2019,2021,EIB77_773_Parks Canada_Results,56,159,,89,91,136,136,175,185
OMOHB,plains,EIB120,Davis,OMB_Bison Samples_worksheet,2019,2021,EIB77_773_Parks Canada_Results,60,160,,89,91,136,136,187,187
OMOHB,plains,EIB121,Davis,OMB_Bison Samples_worksheet,2019,2021,EIB77_773_Parks Canada_Results,61,161,,91,91,138,140,185,187
OMOHB,plains,EIB122,Davis,OMB_Bison Samples_worksheet,2019,2021,EIB77_773_Parks Canada_Results,62,162,,91,91,136,136,175,185
OMOHB,plains,EIB123,Davis,OMB_Bison Samples_worksheet,2019,2021,EIB77_773_Parks Canada_Results,63,163,,89,91,136,140,185,185
OMOHB,plains,EIB124,Davis,OMB_Bison Samples_worksheet,2019,2021,EIB77_773_Parks Canada_Results,65,164,,89,91,136,138,185,185
PANP,plains,EIB533,Davis,,,2021,EIB77_773_Parks Canada_Results,1,224,,89,91,136,136,185,187
PANP,plains,EIB447,Davis,all samples,2010,2021,EIB77_773_Parks Canada_Results,10,196,,91,91,136,142,185,187
PANP,plains,EIB455,Davis,all samples,2010,2021,EIB77_773_Parks Canada_Results,11,204,,91,91,136,138,185,185
PANP,plains,EIB445,Davis,all samples,2010,2021,EIB77_773_Parks Canada_Results,13,194,,91,91,136,136,187,187
PANP,plains,EIB552,Davis,,,2021,EIB77_773_Parks Canada_Results,19,236,,89,91,136,136,185,187
PANP,plains,EIB779,Davis,all samples,,2021,EIB78_815_Parks Canada_Results 10-01-2021,31,238,,89,91,136,142,185,187
PANP,plains,EIB463,Davis,all samples,2018,2021,EIB77_773_Parks Canada_Results,32,212,,91,91,142,142,187,187
PANP,plains,EIB786,Davis,all samples,,2021,EIB78_815_Parks Canada_Results 10-01-2026,34,243,,91,91,136,142,187,187
PANP,plains,EIB465,Davis,all samples,2018,2021,EIB77_773_Parks Canada_Results,37,214,,89,91,142,142,185,187
PANP,plains,EIB785,Davis,all samples,,2021,EIB78_815_Parks Canada_Results 10-01-2025,37,242,,89,91,142,142,185,187
PANP,plains,EIB782,Davis,all samples,,2021,EIB78_815_Parks Canada_Results 10-01-2023,38,240,,89,91,142,142,185,187
PANP,plains,EIB774,Davis,all samples,,2021,EIB77_773_Parks Canada_Results,40,237,,91,91,136,142,185,187
PANP,plains,EIB450,Davis,all samples,2012,2021,EIB77_773_Parks Canada_Results,41,199,,91,91,136,142,185,187
PANP,plains,EIB454,Davis,all samples,2012,2021,EIB77_773_Parks Canada_Results,42,203,,89,91,136,136,185,187
PANP,plains,EIB452,Davis,all samples,2013,2021,EIB77_773_Parks Canada_Results,43,201,,89,91,136,136,185,187
PANP,plains,EIB449,Davis,all samples,2013,2021,EIB77_773_Parks Canada_Results,44,198,,91,91,136,138,187,187
PANP,plains,EIB448,Davis,all samples,2013,2021,EIB77_773_Parks Canada_Results,45,197,,91,91,136,136,187,187
PANP,plains,EIB473,Davis,all samples,2014,2021,EIB77_773_Parks Canada_Results,94,222,,91,91,138,142,187,187
PANP,plains,EIB451,Davis,all samples,2014,2021,EIB77_773_Parks Canada_Results,95,200,,89,91,136,142,185,187
PANP,plains,EIB472,Davis,all samples,2014,2021,EIB77_773_Parks Canada_Results,96,221,,91,91,136,142,185,187
PANP,plains,EIB474,Davis,all samples,2014,2021,EIB77_773_Parks Canada_Results,97,223,,91,91,136,142,185,187
PANP,plains,EIB783,Davis,all samples,,2021,EIB78_815_Parks Canada_Results 10-01-2024,125,241,,89,89,136,142,187,187
PANP,plains,EIB469,Davis,all samples,2018,2021,EIB77_773_Parks Canada_Results,129,218,,91,91,136,142,185,187
PANP,plains,EIB467,Davis,all samples,2018,2021,EIB77_773_Parks Canada_Results,131,216,,89,91,136,136,185,185
PANP,plains,EIB466,Davis,all samples,2018,2021,EIB77_773_Parks Canada_Results,132,215,,89,91,138,142,187,187
PANP,plains,EIB471,Davis,all samples,2018,2021,EIB77_773_Parks Canada_Results,133,220,,89,91,136,142,185,187
PANP,plains,EIB464,Davis,all samples,2018,2021,EIB77_773_Parks Canada_Results,134,213,,89,91,142,142,185,187
PANP,plains,EIB468,Davis,all samples,2018,2021,EIB77_773_Parks Canada_Results,135,217,,89,91,136,142,187,187
PANP,plains,EIB461,Davis,all samples,2019,2021,EIB77_773_Parks Canada_Results,151,210,,91,91,136,142,187,187
PANP,plains,EIB459,Davis,all samples,2019,2021,EIB77_773_Parks Canada_Results,152,208,,91,91,142,142,187,187
PANP,plains,EIB462,Davis,all samples,2019,2021,EIB77_773_Parks Canada_Results,153,211,,89,91,136,136,185,187
PANP,plains,EIB457,Davis,all samples,2019,2021,EIB77_773_Parks Canada_Results,154,206,,89,91,142,142,185,185
PANP,plains,EIB458,Davis,all samples,2019,2021,EIB77_773_Parks Canada_Results,155,207,,91,91,136,142,187,187
PANP,plains,EIB456,Davis,all samples,2019,2021,EIB77_773_Parks Canada_Results,156,205,,89,89,136,142,185,187
PANP,plains,EIB460,Davis,all samples,2019,2021,EIB77_773_Parks Canada_Results,157,209,,91,91,136,142,185,187
PANP,plains,EIB453,Davis,all samples,2012,2021,EIB77_773_Parks Canada_Results,514,202,,91,91,136,136,187,187
PANP,plains,EIB446,Davis,,,2021,EIB77_773_Parks Canada_Results,517,195,,89,89,136,142,187,187
PANP,plains,EIB780,Davis,all samples,,2021,EIB78_815_Parks Canada_Results 10-01-2022,519,239,,89,91,136,136,185,187
PANP,plains,EIB546,Davis,,,2021,EIB77_773_Parks Canada_Results,10A,235,,91,91,136,136,187,187
PANP,plains,EIB470,Davis,all samples,2018,2021,EIB77_773_Parks Canada_Results,124A,219,,89,91,136,138,185,187
PANP,plains,EIB534,Davis,,,2021,EIB77_773_Parks Canada_Results,2A,225,,91,91,136,136,185,187
PANP,plains,EIB535,Davis,,,2021,EIB77_773_Parks Canada_Results,2B,226,,89,91,136,142,185,187
PANP,plains,EIB536,Davis,,,2021,EIB77_773_Parks Canada_Results,3B,227,,89,89,136,142,187,187
PANP,plains,EIB538,Davis,,,2021,EIB77_773_Parks Canada_Results,5B,228,,89,91,136,142,185,185
PANP,plains,EIB539,Davis,,,2021,EIB77_773_Parks Canada_Results,6B,229,,89,89,136,142,187,187
PANP,plains,EIB540,Davis,,,2021,EIB77_773_Parks Canada_Results,7A,230,,91,91,136,142,185,187
PANP,plains,EIB541,Davis,,,2021,EIB77_773_Parks Canada_Results,7B,231,,89,91,136,142,187,187
PANP,plains,EIB543,Davis,,,2021,EIB77_773_Parks Canada_Results,8B,232,,89,91,142,142,185,187
PANP,plains,EIB544,Davis,,,2021,EIB77_773_Parks Canada_Results,9A,233,,91,91,142,142,185,185
PANP,plains,EIB545,Davis,,,2021,EIB77_773_Parks Canada_Results,9B,234,,89,91,138,142,187,187
PANP,plains,EIB387,Davis,all samples,1999,2021,EIB77_773_Parks Canada_Results,cow,192,,91,91,142,142,185,185
PANP,plains,EIB381,Davis,all samples,1999,2021,EIB77_773_Parks Canada_Results,Prince Albert NP 1,188,,91,91,136,142,187,187
PANP,plains,EIB382,Davis,all samples,1999,2021,EIB77_773_Parks Canada_Results,Prince Albert NP 2,189,,89,91,136,136,185,187
PANP,plains,EIB383,Davis,all samples,1999,2021,EIB77_773_Parks Canada_Results,Prince Albert NP 3,190,,91,91,136,136,185,187
PANP,plains,EIB385,Davis,all samples,2000,2021,EIB77_773_Parks Canada_Results,Prince Albert NP 5,191,,89,91,142,142,185,187
PANP,plains,EIB388,Davis,,,2021,EIB77_773_Parks Canada_Results,SN,193,,89,91,136,136,185,185
PM,plains,EIB361,Davis,all samples,1992,2021,EIB77_773_Parks Canada_Results,50236,244,,91,93,136,136,175,187
PM,plains,EIB362,Davis,all samples,1992,2021,EIB77_773_Parks Canada_Results,54036,245,,89,91,136,138,175,181
PM,plains,EIB363,Davis,all samples,1992,2021,EIB77_773_Parks Canada_Results,54298,246,,89,91,134,138,185,187
PM,plains,EIB364,Davis,all samples,1992,2021,EIB77_773_Parks Canada_Results,54299,247,,91,91,136,136,175,175
PM,plains,EIB373,Davis,all samples,1992,2021,EIB77_773_Parks Canada_Results,54301,255,,89,89,136,138,175,185
PM,plains,EIB366,Davis,all samples,1992,2021,EIB77_773_Parks Canada_Results,54302,248,,91,91,136,138,185,187
PM,plains,EIB374,Davis,all samples,1992,2021,EIB77_773_Parks Canada_Results,54305,256,,89,91,138,138,175,187
PM,plains,EIB367,Davis,all samples,1992,2021,EIB77_773_Parks Canada_Results,54307,249,,91,93,136,138,187,187
PM,plains,EIB375,Davis,all samples,1992,2021,EIB77_773_Parks Canada_Results,54313,257,,89,89,134,134,185,187
PM,plains,EIB368,Davis,all samples,1992,2021,EIB77_773_Parks Canada_Results,54321,250,,91,91,136,138,175,187
PM,plains,EIB376,Davis,all samples,1992,2021,EIB77_773_Parks Canada_Results,54322,258,,89,89,136,138,175,187
PM,plains,EIB369,Davis,all samples,1992,2021,EIB77_773_Parks Canada_Results,54323,251,,89,91,136,136,185,185
PM,plains,EIB377,Davis,all samples,1992,2021,EIB77_773_Parks Canada_Results,54324,259,,89,91,134,138,185,187
PM,plains,EIB370,Davis,all samples,1992,2021,EIB77_773_Parks Canada_Results,54327,252,,89,93,134,138,187,187
PM,plains,EIB378,Davis,all samples,1992,2021,EIB77_773_Parks Canada_Results,54328,260,,89,89,138,138,175,187
PM,plains,EIB371,Davis,all samples,,2021,EIB77_773_Parks Canada_Results,54329,253,,91,91,134,138,175,185
PM,plains,EIB379,Davis,all samples,1992,2021,EIB77_773_Parks Canada_Results,54332,261,,89,91,134,136,175,187
PM,plains,EIB372,Davis,all samples,1992,2021,EIB77_773_Parks Canada_Results,54334,254,,89,89,136,138,175,187
PM,plains,EIB380,Davis,all samples,1992,2021,EIB77_773_Parks Canada_Results,5430x,262,,91,91,138,138,175,175
PM,plains,EIB582,Davis,Bison Samples_to_GregWilson_16Nov2020_BC,2017,2021,EIB77_773_Parks Canada_Results,BIBI091017A,263,,91,91,136,136,187,187
PM,plains,EIB598,Davis,all samples,,2021,EIB77_773_Parks Canada_Results,Sikanni 20-001,264,,89,89,136,138,175,181
RMNP,plains,EIB439,Davis,all samples,2021,2021,EIB77_773_Parks Canada_Results,177,280,,91,91,136,136,175,181
RMNP,plains,EIB438,Davis,all samples,2020,2021,EIB77_773_Parks Canada_Results,201,279,,91,93,136,140,175,187
RMNP,plains,EIB442,Davis,all samples,2020,2021,EIB77_773_Parks Canada_Results,203,283,,89,91,136,136,175,175
RMNP,plains,EIB443,Davis,all samples,2020,2021,EIB77_773_Parks Canada_Results,204,284,,93,93,136,136,175,175
RMNP,plains,EIB444,Davis,all samples,2020,2021,EIB77_773_Parks Canada_Results,205,285,,91,91,136,140,187,187
RMNP,plains,EIB440,Davis,all samples,2021,2021,EIB77_773_Parks Canada_Results,315,281,,91,91,134,136,175,185
RMNP,plains,EIB441,Davis,all samples,2021,2021,EIB77_773_Parks Canada_Results,381,282,,91,91,134,136,175,185
RMNP,plains,EIB755,Davis,,,2021,EIB77_773_Parks Canada_Results,7535409,291,,91,93,136,136,185,187
RMNP,plains,EIB754,Davis,,,2021,EIB77_773_Parks Canada_Results,7586321,290,,91,91,136,138,185,187
RMNP,plains,EIB753,Davis,,,2021,EIB77_773_Parks Canada_Results,7586347,289,,91,91,136,136,175,185
RMNP,plains,EIB751,Davis,all samples,,2021,EIB77_773_Parks Canada_Results,7586374,287,,89,91,134,140,175,187
RMNP,plains,EIB757,Davis,,,2021,EIB77_773_Parks Canada_Results,7586382,293,,91,91,136,140,175,175
RMNP,plains,EIB756,Davis,,,2021,EIB77_773_Parks Canada_Results,7586383,292,,91,91,136,136,185,187
RMNP,plains,EIB750,Davis,all samples,,2021,EIB77_773_Parks Canada_Results,9G92869,286,,89,91,134,136,175,185
RMNP,plains,EIB758,Davis,,,2021,EIB77_773_Parks Canada_Results,9H29246,294,,91,93,134,136,175,175
RMNP,plains,EIB752,Davis,all samples,,2021,EIB77_773_Parks Canada_Results,9H29294,288,,91,93,136,136,175,185
RMNP,plains,EIB431,Davis,Riding Mountain Bison Data for Wilson,2015,2021,EIB77_773_Parks Canada_Results,B-10A,273,,89,93,138,140,175,187
RMNP,plains,EIB432,Davis,Riding Mountain Bison Data for Wilson,2009,2021,EIB77_773_Parks Canada_Results,B-11A,274,,89,91,134,138,175,175
RMNP,plains,EIB433,Davis,Riding Mountain Bison Data for Wilson,2017,2021,EIB77_773_Parks Canada_Results,B-12A,275,,91,91,134,136,175,175
RMNP,plains,EIB434,Davis,Riding Mountain Bison Data for Wilson,2015,2021,EIB77_773_Parks Canada_Results,B-13A,276,,89,91,134,136,175,175
RMNP,plains,EIB435,Davis,Riding Mountain Bison Data for Wilson,2014,2021,EIB77_773_Parks Canada_Results,B-14A,277,,91,91,136,136,185,187
RMNP,plains,EIB436,Davis,Riding Mountain Bison Data for Wilson,2015,2021,EIB77_773_Parks Canada_Results,B-15A,278,,89,91,136,136,185,185
RMNP,plains,EIB422,Davis,Riding Mountain Bison Data for Wilson,2018,2021,EIB77_773_Parks Canada_Results,B-1A,265,,91,93,136,136,175,185
RMNP,plains,EIB423,Davis,Riding Mountain Bison Data for Wilson,2015,2021,EIB77_773_Parks Canada_Results,B-2A,266,,89,91,136,140,175,185
RMNP,plains,EIB424,Davis,Riding Mountain Bison Data for Wilson,2015,2021,EIB77_773_Parks Canada_Results,B-3A,267,,91,91,136,136,175,187
RMNP,plains,EIB425,Davis,Riding Mountain Bison Data for Wilson,2015,2021,EIB77_773_Parks Canada_Results,B-4A,268,,91,91,136,136,175,185
RMNP,plains,EIB426,Davis,Riding Mountain Bison Data for Wilson,2015,2021,EIB77_773_Parks Canada_Results,B-5A,269,,91,93,134,140,175,175
RMNP,plains,EIB427,Davis,Riding Mountain Bison Data for Wilson,2015,2021,EIB77_773_Parks Canada_Results,B-6A,270,,91,93,136,140,175,187
RMNP,plains,EIB429,Davis,Riding Mountain Bison Data for Wilson,2014,2021,EIB77_773_Parks Canada_Results,B-8A,271,,91,93,134,134,175,175
RMNP,plains,EIB430,Davis,Riding Mountain Bison Data for Wilson,2013,2021,EIB77_773_Parks Canada_Results,B-9A,272,,91,93,138,140,175,187
RMNP,plains,EIB759,Davis,all samples,,2021,EIB77_773_Parks Canada_Results,Bison (bull) hair 1,295,,89,91,136,136,181,185
RMNP,plains,EIB768,Davis,all samples,,2021,EIB77_773_Parks Canada_Results,Bison Hair 10,304,,89,93,134,138,185,187
RMNP,plains,EIB769,Davis,all samples,,2021,EIB77_773_Parks Canada_Results,Bison Hair 11,305,,89,91,136,136,185,185
RMNP,plains,EIB770,Davis,all samples,,2021,EIB77_773_Parks Canada_Results,Bison Hair 12,306,,89,91,136,140,175,187
RMNP,plains,EIB771,Davis,all samples,,2021,EIB77_773_Parks Canada_Results,Bison Hair 13,307,,91,93,136,136,185,185
RMNP,plains,EIB772,Davis,all samples,,2021,EIB77_773_Parks Canada_Results,Bison Hair 14,308,,91,91,136,136,185,187
RMNP,plains,EIB773,Davis,all samples,,2021,EIB77_773_Parks Canada_Results,Bison Hair 15,309,,91,91,134,140,175,185
RMNP,plains,EIB765,Davis,all samples,,2021,EIB77_773_Parks Canada_Results,Bison Hair 7,301,,91,93,136,138,185,187
RMNP,plains,EIB766,Davis,all samples,,2021,EIB77_773_Parks Canada_Results,Bison Hair 8,302,,91,91,136,136,175,185
RMNP,plains,EIB767,Davis,all samples,,2021,EIB77_773_Parks Canada_Results,Bison Hair 9,303,,91,91,134,140,175,185
RMNP,plains,EIB760,Davis,all samples,,2021,EIB77_773_Parks Canada_Results,Bull (no tag) 2,296,,91,91,136,140,185,187
RMNP,plains,EIB762,Davis,all samples,,2021,EIB77_773_Parks Canada_Results,calf (no tag) 4,298,,93,93,136,136,175,175
RMNP,plains,EIB763,Davis,all samples,,2021,EIB77_773_Parks Canada_Results,No ID (Calf) 5,299,,91,91,136,140,175,185
RMNP,plains,EIB761,Davis,all samples,,2021,EIB77_773_Parks Canada_Results,no tag (cow?) 3,297,,91,91,136,140,185,187
RMNP,plains,EIB764,Davis,all samples,,2021,EIB77_773_Parks Canada_Results,no tag 6,300,,91,91,134,136,187,187
AISH,wood,EIB658,Davis,Yukon Bison Population Viability Analysis Sample List,2016,2021,EIB77_773_Parks Canada_Results,38077-YT,310,,89,91,136,136,181,181
AISH,wood,EIB659,Davis,Yukon Bison Population Viability Analysis Sample List,2016,2021,EIB77_773_Parks Canada_Results,38078-YT,311,,89,91,134,134,187,187
AISH,wood,EIB660,Davis,Yukon Bison Population Viability Analysis Sample List,2016,2021,EIB77_773_Parks Canada_Results,38079-YT,312,,89,91,136,136,179,181
AISH,wood,EIB661,Davis,Yukon Bison Population Viability Analysis Sample List,2017,2021,EIB77_773_Parks Canada_Results,38085-YT,313,,89,89,136,136,187,187
AISH,wood,EIB662,Davis,Yukon Bison Population Viability Analysis Sample List,2017,2021,EIB77_773_Parks Canada_Results,39216-YT,314,,89,89,136,136,179,181
AISH,wood,EIB663,Davis,Yukon Bison Population Viability Analysis Sample List,2017,2021,EIB77_773_Parks Canada_Results,39637-YT,315,,89,89,136,138,181,187
AISH,wood,EIB664,Davis,Yukon Bison Population Viability Analysis Sample List,2017,2021,EIB77_773_Parks Canada_Results,39638-YT,316,,89,91,136,138,187,187
AISH,wood,EIB665,Davis,Yukon Bison Population Viability Analysis Sample List,2017,2021,EIB77_773_Parks Canada_Results,39786-YT,317,,89,89,136,136,187,187
AISH,wood,EIB666,Davis,Yukon Bison Population Viability Analysis Sample List,2016,2021,EIB77_773_Parks Canada_Results,40975-YT,318,,89,89,134,136,181,181
AISH,wood,EIB667,Davis,Yukon Bison Population Viability Analysis Sample List,2016,2021,EIB77_773_Parks Canada_Results,40976-YT,319,,89,89,134,136,181,187
AISH,wood,EIB668,Davis,Yukon Bison Population Viability Analysis Sample List,2016,2021,EIB77_773_Parks Canada_Results,40979-YT,320,,89,89,136,136,181,181
AISH,wood,EIB669,Davis,Yukon Bison Population Viability Analysis Sample List,2017,2021,EIB77_773_Parks Canada_Results,40982-YT,321,,89,91,134,136,187,187
AISH,wood,EIB670,Davis,Yukon Bison Population Viability Analysis Sample List,2017,2021,EIB77_773_Parks Canada_Results,40994-YT,322,,91,91,134,136,187,187
AISH,wood,EIB671,Davis,Yukon Bison Population Viability Analysis Sample List,2017,2021,EIB77_773_Parks Canada_Results,40996-YT,323,,89,89,134,136,179,181
AISH,wood,EIB672,Davis,Yukon Bison Population Viability Analysis Sample List,2017,2021,EIB77_773_Parks Canada_Results,40997-YT,324,,89,91,134,136,179,181
AISH,wood,EIB673,Davis,Yukon Bison Population Viability Analysis Sample List,2017,2021,EIB77_773_Parks Canada_Results,41000-YT,325,,89,89,136,136,181,187
AISH,wood,EIB674,Davis,Yukon Bison Population Viability Analysis Sample List,2016,2021,EIB77_773_Parks Canada_Results,41351-YT,326,,91,91,134,136,181,187
AISH,wood,EIB675,Davis,Yukon Bison Population Viability Analysis Sample List,2016,2021,EIB77_773_Parks Canada_Results,41352-YT,327,,89,91,136,136,181,187
AISH,wood,EIB676,Davis,Yukon Bison Population Viability Analysis Sample List,2016,2021,EIB77_773_Parks Canada_Results,41358-YT,328,,89,89,136,136,179,179
AISH,wood,EIB677,Davis,Yukon Bison Population Viability Analysis Sample List,2016,2021,EIB77_773_Parks Canada_Results,41359-YT,329,,89,89,136,136,179,181
AISH,wood,EIB678,Davis,Yukon Bison Population Viability Analysis Sample List,2017,2021,EIB77_773_Parks Canada_Results,41403-YT,330,,91,91,136,136,187,187
AISH,wood,EIB679,Davis,Yukon Bison Population Viability Analysis Sample List,2017,2021,EIB77_773_Parks Canada_Results,41406-YT,331,,89,91,134,136,181,187
AISH,wood,EIB680,Davis,Yukon Bison Population Viability Analysis Sample List,2017,2021,EIB77_773_Parks Canada_Results,41407-YT,332,,89,89,136,138,187,187
AISH,wood,EIB681,Davis,Yukon Bison Population Viability Analysis Sample List,2017,2021,EIB77_773_Parks Canada_Results,41408-YT,333,,91,91,136,136,179,181
AISH,wood,EIB682,Davis,Yukon Bison Population Viability Analysis Sample List,2017,2021,EIB77_773_Parks Canada_Results,41409-YT,334,,89,91,134,138,179,191
AISH,wood,EIB683,Davis,Yukon Bison Population Viability Analysis Sample List,2017,2021,EIB77_773_Parks Canada_Results,41410-YT,335,,89,89,136,138,181,187
AISH,wood,EIB684,Davis,Yukon Bison Population Viability Analysis Sample List,2017,2021,EIB77_773_Parks Canada_Results,41412-YT,336,,91,91,134,136,179,187
AISH,wood,EIB685,Davis,Yukon Bison Population Viability Analysis Sample List,2017,2021,EIB77_773_Parks Canada_Results,41416-YT,337,,89,89,134,136,181,181
AISH,wood,EIB686,Davis,Yukon Bison Population Viability Analysis Sample List,2017,2021,EIB77_773_Parks Canada_Results,41418-YT,338,,89,91,134,140,181,187
AISH,wood,EIB687,Davis,Yukon Bison Population Viability Analysis Sample List,2017,2021,EIB77_773_Parks Canada_Results,41420-YT,339,,89,89,136,136,181,181
AISH,wood,EIB688,Davis,Yukon Bison Population Viability Analysis Sample List,2017,2021,EIB77_773_Parks Canada_Results,41422-YT,340,,91,91,136,138,181,181
AISH,wood,EIB689,Davis,Yukon Bison Population Viability Analysis Sample List,2017,2021,EIB77_773_Parks Canada_Results,41424-YT,341,,89,91,136,136,181,187
AISH,wood,EIB690,Davis,Yukon Bison Population Viability Analysis Sample List,2017,2021,EIB77_773_Parks Canada_Results,41435-YT,342,,89,91,134,134,179,187
AISH,wood,EIB691,Davis,Yukon Bison Population Viability Analysis Sample List,2017,2021,EIB77_773_Parks Canada_Results,41443-YT,343,,89,89,136,138,179,187
AISH,wood,EIB692,Davis,Yukon Bison Population Viability Analysis Sample List,2017,2021,EIB77_773_Parks Canada_Results,41444-YT,344,,89,91,138,138,187,187
AISH,wood,EIB693,Davis,Yukon Bison Population Viability Analysis Sample List,2017,2021,EIB77_773_Parks Canada_Results,41447-YT,345,,91,91,134,136,179,179
AISH,wood,EIB694,Davis,Yukon Bison Population Viability Analysis Sample List,2017,2021,EIB77_773_Parks Canada_Results,41453-YT,346,,89,89,134,136,179,187
AISH,wood,EIB695,Davis,Yukon Bison Population Viability Analysis Sample List,2017,2021,EIB77_773_Parks Canada_Results,41454-YT,347,,89,89,134,136,179,179
AISH,wood,EIB696,Davis,Yukon Bison Population Viability Analysis Sample List,2017,2021,EIB77_773_Parks Canada_Results,41460-YT,348,,89,89,138,138,187,187
AISH,wood,EIB697,Davis,Yukon Bison Population Viability Analysis Sample List,2017,2021,EIB77_773_Parks Canada_Results,41468-YT,349,,89,91,134,136,181,187
AISH,wood,EIB698,Davis,Yukon Bison Population Viability Analysis Sample List,2017,2021,EIB77_773_Parks Canada_Results,41471-YT,350,,91,91,134,136,187,187
AISH,wood,EIB699,Davis,Yukon Bison Population Viability Analysis Sample List,2017,2021,EIB77_773_Parks Canada_Results,41479-YT,351,,89,89,136,138,187,187
AISH,wood,EIB700,Davis,Yukon Bison Population Viability Analysis Sample List,2017,2021,EIB77_773_Parks Canada_Results,41480-YT,352,,89,91,134,140,179,179
AISH,wood,EIB701,Davis,Yukon Bison Population Viability Analysis Sample List,2017,2021,EIB77_773_Parks Canada_Results,41483-YT,353,,89,91,134,138,179,181
AISH,wood,EIB702,Davis,Yukon Bison Population Viability Analysis Sample List,2017,2021,EIB77_773_Parks Canada_Results,41515-YT,354,,91,91,134,138,181,187
AISH,wood,EIB703,Davis,Yukon Bison Population Viability Analysis Sample List,2017,2021,EIB77_773_Parks Canada_Results,41517-YT,355,,89,89,134,136,181,181
AISH,wood,EIB704,Davis,Yukon Bison Population Viability Analysis Sample List,2017,2021,EIB77_773_Parks Canada_Results,41522-YT,356,,89,89,136,138,179,187
AISH,wood,EIB705,Davis,Yukon Bison Population Viability Analysis Sample List,2017,2021,EIB77_773_Parks Canada_Results,41524-YT,357,,89,91,134,134,181,181
AISH,wood,EIB706,Davis,Yukon Bison Population Viability Analysis Sample List,2017,2021,EIB77_773_Parks Canada_Results,41526-YT,358,,89,91,136,138,179,187
AISH,wood,EIB707,Davis,Yukon Bison Population Viability Analysis Sample List,2017,2021,EIB77_773_Parks Canada_Results,41527-YT,359,,89,91,136,138,181,187
AISH,wood,EIB708,Davis,Yukon Bison Population Viability Analysis Sample List,2017,2021,EIB77_773_Parks Canada_Results,41538-YT,360,,91,91,138,138,187,187
AISH,wood,EIB710,Davis,Yukon Bison Population Viability Analysis Sample List,2017,2021,EIB77_773_Parks Canada_Results,41546-YT,361,,89,89,136,136,181,187
AISH,wood,EIB711,Davis,Yukon Bison Population Viability Analysis Sample List,2017,2021,EIB77_773_Parks Canada_Results,41605-YT,362,,89,89,138,138,179,181
AISH,wood,EIB712,Davis,Yukon Bison Population Viability Analysis Sample List,2017,2021,EIB77_773_Parks Canada_Results,42941-YT,363,,89,89,134,138,181,187
AISH,wood,EIB713,Davis,Yukon Bison Population Viability Analysis Sample List,2016,2021,EIB77_773_Parks Canada_Results,43484-YT,364,,89,91,136,136,179,181
AISH,wood,EIB714,Davis,Yukon Bison Population Viability Analysis Sample List,2016,2021,EIB77_773_Parks Canada_Results,43493-YT,365,,89,89,136,138,187,187
AISH,wood,EIB715,Davis,Yukon Bison Population Viability Analysis Sample List,2016,2021,EIB77_773_Parks Canada_Results,43889-YT,366,,89,91,134,136,181,181
AISH,wood,EIB716,Davis,Yukon Bison Population Viability Analysis Sample List,2016,2021,EIB77_773_Parks Canada_Results,43894-YT,367,,89,91,136,138,179,181
AK,wood,EIB1,Davis,AK samples.pdf,,2021,Alaska_EIB1_76_Diversity_Results,PID009,368,,89,91,136,136,179,187
AK,wood,EIB6,Davis,AK samples.pdf,,2021,Alaska_EIB1_76_Diversity_Results,PID014,423,,89,91,134,136,179,181
AK,wood,EIB36,Davis,AK samples.pdf,,2021,Alaska_EIB1_76_Diversity_Results,PID018,397,,89,89,134,140,179,187
AK,wood,EIB5,Davis,AK samples.pdf,,2021,Alaska_EIB1_76_Diversity_Results,PID031,412,,89,89,136,140,179,179
AK,wood,EIB4,Davis,AK samples.pdf,,2021,Alaska_EIB1_76_Diversity_Results,PID035,401,,89,91,136,136,181,181
AK,wood,EIB35,Davis,AK samples.pdf,,2021,Alaska_EIB1_76_Diversity_Results,PID048,396,,91,91,134,136,179,179
AK,wood,EIB13,Davis,AK samples.pdf,,2021,Alaska_EIB1_76_Diversity_Results,PID061,372,,89,91,136,136,181,187
AK,wood,EIB34,Davis,AK samples.pdf,,2021,Alaska_EIB1_76_Diversity_Results,PID092,395,,89,91,134,136,187,191
AK,wood,EIB33,Davis,AK samples.pdf,,2021,Alaska_EIB1_76_Diversity_Results,PID102,394,,89,91,134,136,179,187
AK,wood,EIB32,Davis,AK samples.pdf,,2021,Alaska_EIB1_76_Diversity_Results,PID106,393,,89,91,134,136,179,179
AK,wood,EIB31,Davis,AK samples.pdf,,2021,Alaska_EIB1_76_Diversity_Results,PID112,392,,89,91,134,136,179,179
AK,wood,EIB66,Davis,AK samples.pdf,,2021,Alaska_EIB1_76_Diversity_Results,PID119,430,,89,91,134,134,179,187
AK,wood,EIB30,Davis,AK samples.pdf,,2021,Alaska_EIB1_76_Diversity_Results,PID120,391,,89,89,134,136,179,179
AK,wood,EIB29,Davis,AK samples.pdf,,2021,Alaska_EIB1_76_Diversity_Results,PID121,389,,91,91,134,136,179,187
AK,wood,EIB28,Davis,AK samples.pdf,,2021,Alaska_EIB1_76_Diversity_Results,PID122,388,,89,91,136,138,187,187
AK,wood,EIB65,Davis,AK samples.pdf,,2021,Alaska_EIB1_76_Diversity_Results,PID131,429,,89,89,134,140,187,187
AK,wood,EIB64,Davis,AK samples.pdf,,2021,Alaska_EIB1_76_Diversity_Results,PID135,428,,89,91,136,138,179,191
AK,wood,EIB63,Davis,AK samples.pdf,,2021,Alaska_EIB1_76_Diversity_Results,PID136,427,,89,89,138,138,187,191
AK,wood,EIB62,Davis,AK samples.pdf,,2021,Alaska_EIB1_76_Diversity_Results,PID137,426,,91,93,136,136,179,187
AK,wood,EIB61,Davis,AK samples.pdf,,2021,Alaska_EIB1_76_Diversity_Results,PID139,425,,89,91,136,136,181,181
AK,wood,EIB60,Davis,AK samples.pdf,,2021,Alaska_EIB1_76_Diversity_Results,PID140,424,,89,91,136,138,179,181
AK,wood,EIB59,Davis,AK samples.pdf,,2021,Alaska_EIB1_76_Diversity_Results,PID144,422,,89,89,134,136,179,191
AK,wood,EIB58,Davis,AK samples.pdf,,2021,Alaska_EIB1_76_Diversity_Results,PID145,421,,91,91,136,136,179,181
AK,wood,EIB57,Davis,AK samples.pdf,,2021,Alaska_EIB1_76_Diversity_Results,PID150,420,,89,89,136,136,187,187
AK,wood,EIB40,Davis,AK samples.pdf,,2021,Alaska_EIB1_76_Diversity_Results,PID151,402,,89,89,134,136,179,181
AK,wood,EIB39,Davis,AK samples.pdf,,2021,Alaska_EIB1_76_Diversity_Results,PID152,400,,89,91,136,136,181,187
AK,wood,EIB38,Davis,AK samples.pdf,,2021,Alaska_EIB1_76_Diversity_Results,PID154,399,,89,91,134,134,179,179
AK,wood,EIB37,Davis,AK samples.pdf,,2021,Alaska_EIB1_76_Diversity_Results,PID156,398,,89,91,134,136,181,187
AK,wood,EIB76,Davis,AK samples.pdf,,2021,Alaska_EIB1_76_Diversity_Results,PID158,441,,89,89,134,138,179,187
AK,wood,EIB75,Davis,AK samples.pdf,,2021,Alaska_EIB1_76_Diversity_Results,PID159,440,,89,91,136,136,181,187
AK,wood,EIB12,Davis,AK samples.pdf,,2021,Alaska_EIB1_76_Diversity_Results,PID160,371,,89,91,136,136,179,187
AK,wood,EIB74,Davis,AK samples.pdf,,2021,Alaska_EIB1_76_Diversity_Results,PID163,439,,89,91,136,138,179,187
AK,wood,EIB73,Davis,AK samples.pdf,,2021,Alaska_EIB1_76_Diversity_Results,PID164,438,,89,89,136,140,179,187
AK,wood,EIB72,Davis,AK samples.pdf,,2021,Alaska_EIB1_76_Diversity_Results,PID165,437,,91,91,136,136,181,187
AK,wood,EIB71,Davis,AK samples.pdf,,2021,Alaska_EIB1_76_Diversity_Results,PID167,436,,89,89,136,138,187,187
AK,wood,EIB70,Davis,AK samples.pdf,,2021,Alaska_EIB1_76_Diversity_Results,PID171,435,,89,89,136,136,179,187
AK,wood,EIB2,Davis,AK samples.pdf,,2021,Alaska_EIB1_76_Diversity_Results,PID172,379,,89,91,136,136,181,187
AK,wood,EIB69,Davis,AK samples.pdf,,2021,Alaska_EIB1_76_Diversity_Results,PID176,433,,91,91,134,136,179,187
AK,wood,EIB68,Davis,AK samples.pdf,,2021,Alaska_EIB1_76_Diversity_Results,PID179,432,,91,91,136,138,179,187
AK,wood,EIB67,Davis,AK samples.pdf,,2021,Alaska_EIB1_76_Diversity_Results,PID180,431,,91,91,136,136,179,187
AK,wood,EIB55,Davis,AK samples.pdf,,2021,Alaska_EIB1_76_Diversity_Results,PID183,418,,91,91,134,134,179,179
AK,wood,EIB54,Davis,AK samples.pdf,,2021,Alaska_EIB1_76_Diversity_Results,PID184,417,,89,89,136,136,187,187
AK,wood,EIB53,Davis,AK samples.pdf,,2021,Alaska_EIB1_76_Diversity_Results,PID185,416,,89,91,136,138,179,179
AK,wood,EIB52,Davis,AK samples.pdf,,2021,Alaska_EIB1_76_Diversity_Results,PID186,415,,91,91,136,136,179,179
AK,wood,EIB51,Davis,AK samples.pdf,,2021,Alaska_EIB1_76_Diversity_Results,PID191,414,,89,89,134,136,179,187
AK,wood,EIB47,Davis,AK samples.pdf,,2021,Alaska_EIB1_76_Diversity_Results,PID192,409,,91,93,134,136,179,179
AK,wood,EIB50,Davis,AK samples.pdf,,2021,Alaska_EIB1_76_Diversity_Results,PID193,413,,89,89,134,136,179,181
AK,wood,EIB49,Davis,AK samples.pdf,,2021,Alaska_EIB1_76_Diversity_Results,PID194,411,,89,91,134,136,179,179
AK,wood,EIB45,Davis,AK samples.pdf,,2021,Alaska_EIB1_76_Diversity_Results,PID196,407,,89,91,136,136,187,187
AK,wood,EIB44,Davis,AK samples.pdf,,2021,Alaska_EIB1_76_Diversity_Results,PID197,406,,91,91,136,136,181,181
AK,wood,EIB41,Davis,AK samples.pdf,,2021,Alaska_EIB1_76_Diversity_Results,PID198,403,,89,91,134,136,179,179
AK,wood,EIB48,Davis,AK samples.pdf,,2021,Alaska_EIB1_76_Diversity_Results,PID199,410,,91,91,134,134,179,187
AK,wood,EIB43,Davis,AK samples.pdf,,2021,Alaska_EIB1_76_Diversity_Results,PID200,405,,89,91,136,136,187,187
AK,wood,EIB11,Davis,AK samples.pdf,,2021,Alaska_EIB1_76_Diversity_Results,PID201,370,,89,91,134,136,179,187
AK,wood,EIB42,Davis,AK samples.pdf,,2021,Alaska_EIB1_76_Diversity_Results,PID202,404,,89,89,136,136,181,187
AK,wood,EIB46,Davis,AK samples.pdf,,2021,Alaska_EIB1_76_Diversity_Results,PID211,408,,91,91,136,138,181,187
AK,wood,EIB14,Davis,AK samples.pdf,,2021,Alaska_EIB1_76_Diversity_Results,PID212,373,,89,91,136,136,179,187
AK,wood,EIB9,Davis,AK samples.pdf,,2021,Alaska_EIB1_76_Diversity_Results,PID213,443,,89,89,136,136,187,187
AK,wood,EIB10,Davis,AK samples.pdf,,2021,Alaska_EIB1_76_Diversity_Results,PID214,369,,89,91,136,136,179,187
AK,wood,EIB3,Davis,AK samples.pdf,,2021,Alaska_EIB1_76_Diversity_Results,PID216,390,,89,91,136,136,179,181
AK,wood,EIB8,Davis,AK samples.pdf,,2021,Alaska_EIB1_76_Diversity_Results,PID217,442,,89,91,134,136,179,179
AK,wood,EIB7,Davis,AK samples.pdf,,2021,Alaska_EIB1_76_Diversity_Results,PID218,434,,89,89,136,136,179,187
AK,wood,EIB27,Davis,AK samples.pdf,,2021,Alaska_EIB1_76_Diversity_Results,PID219,387,,89,91,136,136,179,187
AK,wood,EIB26,Davis,AK samples.pdf,,2021,Alaska_EIB1_76_Diversity_Results,PID220,386,,89,89,134,136,179,181
AK,wood,EIB25,Davis,AK samples.pdf,,2021,Alaska_EIB1_76_Diversity_Results,PID221,385,,89,91,136,136,181,181
AK,wood,EIB24,Davis,AK samples.pdf,,2021,Alaska_EIB1_76_Diversity_Results,PID222,384,,89,89,136,136,179,181
AK,wood,EIB23,Davis,AK samples.pdf,,2021,Alaska_EIB1_76_Diversity_Results,PID228,383,,89,91,136,136,187,187
AK,wood,EIB22,Davis,AK samples.pdf,,2021,Alaska_EIB1_76_Diversity_Results,PID229,382,,89,91,136,136,179,187
AK,wood,EIB15,Davis,AK samples.pdf,,2021,Alaska_EIB1_76_Diversity_Results,PID230,374,,89,91,136,136,179,179
AK,wood,EIB20,Davis,AK samples.pdf,,2021,Alaska_EIB1_76_Diversity_Results,PID231,380,,89,91,136,136,179,179
AK,wood,EIB19,Davis,AK samples.pdf,,2021,Alaska_EIB1_76_Diversity_Results,PID232,378,,89,89,136,136,181,187
AK,wood,EIB18,Davis,AK samples.pdf,,2021,Alaska_EIB1_76_Diversity_Results,PID233,377,,89,91,136,136,179,179
AK,wood,EIB56,Davis,AK samples.pdf,,2021,Alaska_EIB1_76_Diversity_Results,PID234,419,,89,93,136,136,179,179
AK,wood,EIB17,Davis,AK samples.pdf,,2021,Alaska_EIB1_76_Diversity_Results,PID235,376,,89,91,136,136,179,181
AK,wood,EIB21,Davis,AK samples.pdf,,2021,Alaska_EIB1_76_Diversity_Results,PID236,381,,89,89,136,136,181,181
AK,wood,EIB16,Davis,AK samples.pdf,,2021,Alaska_EIB1_76_Diversity_Results,PID237,375,,89,91,136,136,179,187
EINPW,wood,EIB129,Davis,all samples,,2021,EIB77_773_Parks Canada_Results,88,448,,89,91,136,136,187,187
EINPW,wood,EIB130,Davis,all samples,,2021,EIB77_773_Parks Canada_Results,89,449,,89,89,136,140,187,187
EINPW,wood,EIB131,Davis,all samples,,2021,EIB77_773_Parks Canada_Results,90,450,,89,91,134,138,179,179
EINPW,wood,EIB132,Davis,all samples,,2021,EIB77_773_Parks Canada_Results,91,451,,91,93,134,138,179,179
EINPW,wood,EIB133,Davis,all samples,,2021,EIB77_773_Parks Canada_Results,92,452,,91,91,136,136,187,187
EINPW,wood,EIB134,Davis,all samples,,2021,EIB77_773_Parks Canada_Results,93,453,,89,91,136,136,181,187
EINPW,wood,EIB135,Davis,all samples,,2021,EIB77_773_Parks Canada_Results,114,454,,89,89,136,136,181,187
EINPW,wood,EIB136,Davis,all samples,,2021,EIB77_773_Parks Canada_Results,115,455,,91,93,136,138,179,179
EINPW,wood,EIB137,Davis,all samples,,2021,EIB77_773_Parks Canada_Results,116,456,,89,89,136,136,179,187
EINPW,wood,EIB139,Davis,all samples,,2021,EIB77_773_Parks Canada_Results,118,457,,89,91,134,136,179,179
EINPW,wood,EIB140,Davis,all samples,,2021,EIB77_773_Parks Canada_Results,119,458,,89,91,136,140,179,187
EINPW,wood,EIB141,Davis,all samples,,2021,EIB77_773_Parks Canada_Results,120,459,,89,91,136,138,181,187
EINPW,wood,EIB142,Davis,all samples,,2021,EIB77_773_Parks Canada_Results,121,460,,89,91,136,138,179,187
EINPW,wood,EIB143,Davis,all samples,,2021,EIB77_773_Parks Canada_Results,122,461,,89,91,134,136,179,187
EINPW,wood,EIB144,Davis,all samples,,2021,EIB77_773_Parks Canada_Results,123,462,,89,93,134,136,181,181
EINPW,wood,EIB145,Davis,all samples,,2021,EIB77_773_Parks Canada_Results,124,463,,89,91,136,136,181,187
EINPW,wood,EIB146,Davis,all samples,,2021,EIB77_773_Parks Canada_Results,125,464,,89,89,136,138,179,187
EINPW,wood,EIB147,Davis,all samples,,2021,EIB77_773_Parks Canada_Results,126,465,,89,91,136,136,187,187
EINPW,wood,EIB148,Davis,all samples,,2021,EIB77_773_Parks Canada_Results,127,466,,91,91,136,136,179,187
EINPW,wood,EIB150,Davis,all samples,,2021,EIB77_773_Parks Canada_Results,129,467,,89,93,136,136,187,187
EINPW,wood,EIB151,Davis,all samples,,2021,EIB77_773_Parks Canada_Results,130,468,,89,91,136,138,179,187
EINPW,wood,EIB152,Davis,all samples,,2021,EIB77_773_Parks Canada_Results,131,469,,89,93,134,136,179,187
EINPW,wood,EIB153,Davis,all samples,,2021,EIB77_773_Parks Canada_Results,132,470,,89,91,136,140,187,187
EINPW,wood,EIB154,Davis,all samples,,2021,EIB77_773_Parks Canada_Results,133,471,,89,91,136,138,179,187
EINPW,wood,EIB155,Davis,all samples,,2021,EIB77_773_Parks Canada_Results,134,472,,89,91,136,138,179,179
EINPW,wood,EIB156,Davis,all samples,,2021,EIB77_773_Parks Canada_Results,135,473,,89,91,136,138,179,187
EINPW,wood,EIB157,Davis,all samples,,2021,EIB77_773_Parks Canada_Results,136,474,,89,89,136,136,181,187
EINPW,wood,EIB158,Davis,all samples,,2021,EIB77_773_Parks Canada_Results,137,475,,91,91,136,138,187,187
EINPW,wood,EIB159,Davis,all samples,,2021,EIB77_773_Parks Canada_Results,138,476,,91,91,134,138,179,187
EINPW,wood,EIB160,Davis,all samples,,2021,EIB77_773_Parks Canada_Results,139,477,,91,91,136,138,179,187
EINPW,wood,EIB161,Davis,all samples,,2021,EIB77_773_Parks Canada_Results,140,478,,89,91,134,136,181,187
EINPW,wood,EIB162,Davis,all samples,,2021,EIB77_773_Parks Canada_Results,141,479,,89,89,134,138,179,187
EINPW,wood,EIB163,Davis,all samples,,2021,EIB77_773_Parks Canada_Results,142,480,,89,89,136,136,187,187
EINPW,wood,EIB164,Davis,all samples,,2021,EIB77_773_Parks Canada_Results,143,481,,89,91,134,140,179,179
EINPW,wood,EIB165,Davis,all samples,,2021,EIB77_773_Parks Canada_Results,144,482,,91,91,136,138,179,187
EINPW,wood,EIB166,Davis,all samples,,2021,EIB77_773_Parks Canada_Results,145,483,,93,93,136,136,179,187
EINPW,wood,EIB167,Davis,all samples,,2021,EIB77_773_Parks Canada_Results,146,484,,89,89,134,138,187,187
EINPW,wood,EIB168,Davis,all samples,,2021,EIB77_773_Parks Canada_Results,147,485,,89,89,134,138,187,187
EINPW,wood,EIB169,Davis,all samples,,2021,EIB77_773_Parks Canada_Results,148,486,,91,93,136,136,179,181
EINPW,wood,EIB170,Davis,all samples,,2021,EIB77_773_Parks Canada_Results,149,487,,89,89,136,136,179,181
EINPW,wood,EIB171,Davis,all samples,1986,2021,EIB77_773_Parks Canada_Results,85014,488,,89,91,138,138,179,187
EINPW,wood,EIB172,Davis,all samples,1986,2021,EIB77_773_Parks Canada_Results,85026,489,,91,91,136,140,187,187
EINPW,wood,EIB125,Davis,all samples,,2021,EIB77_773_Parks Canada_Results,Collar 1,444,,89,89,134,138,187,187
EINPW,wood,EIB126,Davis,all samples,,2021,EIB77_773_Parks Canada_Results,Collar 2,445,,89,91,134,138,179,179
EINPW,wood,EIB127,Davis,all samples,,2021,EIB77_773_Parks Canada_Results,Collar 3,446,,91,93,134,136,179,179
EINPW,wood,EIB128,Davis,all samples,,2021,EIB77_773_Parks Canada_Results,Collar 4,447,,89,91,136,140,181,187
EINPW,wood,EIB173,Davis,all samples,1990,2021,EIB77_773_Parks Canada_Results,L27599,490,,89,89,136,138,179,181
EINPW,wood,EIB174,Davis,all samples,1990,2021,EIB77_773_Parks Canada_Results,R87001,491,,89,89,134,138,179,179
EINPW,wood,EIB175,Davis,all samples,1990,2021,EIB77_773_Parks Canada_Results,R87029,492,,89,93,134,134,181,187
EINPW,wood,EIB176,Davis,all samples,1990,2021,EIB77_773_Parks Canada_Results,W79001,493,,89,89,134,138,187,187
EINPW,wood,EIB177,Davis,all samples,,2021,EIB77_773_Parks Canada_Results,W83035,494,,89,91,136,136,187,187
EINPW,wood,EIB178,Davis,all samples,1990,2021,EIB77_773_Parks Canada_Results,W84001,495,,89,91,136,138,179,187
EINPW,wood,EIB179,Davis,all samples,,2021,EIB77_773_Parks Canada_Results,W84003,496,,89,91,136,138,187,187
EINPW,wood,EIB180,Davis,all samples,,2021,EIB77_773_Parks Canada_Results,WR86013,497,,89,89,134,136,179,181
EINPW,wood,EIB181,Davis,all samples,,2021,EIB77_773_Parks Canada_Results,WR86015,498,,89,91,136,136,181,187
EINPW,wood,EIB182,Davis,all samples,,2021,EIB77_773_Parks Canada_Results,WR86017,499,,89,89,136,136,179,187
EINPW,wood,EIB183,Davis,all samples,,2021,EIB77_773_Parks Canada_Results,WR86024,500,,91,91,136,136,179,181
EINPW,wood,EIB184,Davis,all samples,,2021,EIB77_773_Parks Canada_Results,WR86028,501,,89,91,136,136,179,181
EINPW,wood,EIB185,Davis,all samples,,2021,EIB77_773_Parks Canada_Results,WR87005,502,,89,89,136,136,181,187
EINPW,wood,EIB186,Davis,all samples,,2021,EIB77_773_Parks Canada_Results,WR87006,503,,89,91,136,136,179,187
EINPW,wood,EIB187,Davis,all samples,,2021,EIB77_773_Parks Canada_Results,WR87009,504,,89,91,136,136,179,187
EINPW,wood,EIB188,Davis,all samples,,2021,EIB77_773_Parks Canada_Results,WR87010,505,,89,91,136,136,179,187
EINPW,wood,EIB189,Davis,all samples,,2021,EIB77_773_Parks Canada_Results,WR87012,506,,89,91,136,138,179,187
EINPW,wood,EIB190,Davis,all samples,,2021,EIB77_773_Parks Canada_Results,WR87013,507,,91,91,136,136,187,187
EINPW,wood,EIB191,Davis,all samples,,2021,EIB77_773_Parks Canada_Results,WR87017,508,,89,89,136,136,179,187
EINPW,wood,EIB192,Davis,all samples,,2021,EIB77_773_Parks Canada_Results,WR87018,509,,91,93,136,140,181,181
EINPW,wood,EIB193,Davis,all samples,,2021,EIB77_773_Parks Canada_Results,WR87019,510,,89,91,136,138,179,187
EINPW,wood,EIB194,Davis,all samples,,2021,EIB77_773_Parks Canada_Results,WR87020,511,,89,91,134,134,179,179
EINPW,wood,EIB195,Davis,all samples,,2021,EIB77_773_Parks Canada_Results,WR87023,512,,89,93,136,136,181,181
EINPW,wood,EIB196,Davis,all samples,,2021,EIB77_773_Parks Canada_Results,WR87035,513,,89,91,136,138,187,187
EINPW,wood,EIB197,Davis,all samples,,2021,EIB77_773_Parks Canada_Results,WR87037,514,,89,91,136,138,179,187
EINPW,wood,EIB198,Davis,all samples,,2021,EIB77_773_Parks Canada_Results,WR87039,515,,89,89,136,136,179,181
EINPW,wood,EIB199,Davis,all samples,,2021,EIB77_773_Parks Canada_Results,WR87040,516,,89,93,138,138,179,187
EINPW,wood,EIB201,Davis,all samples,,2021,EIB77_773_Parks Canada_Results,WR88006,517,,89,91,134,134,187,187
EINPW,wood,EIB202,Davis,all samples,,2021,EIB77_773_Parks Canada_Results,WR88012,518,,91,91,136,138,179,181
EINPW,wood,EIB203,Davis,all samples,,2021,EIB77_773_Parks Canada_Results,WR88023,519,,89,91,134,136,179,187
EINPW,wood,EIB205,Davis,all samples,,2021,EIB77_773_Parks Canada_Results,WR89003,520,,89,89,134,136,181,187
EINPW,wood,EIB206,Davis,all samples,,2021,EIB77_773_Parks Canada_Results,WR89012,521,,89,93,134,136,181,191
EINPW,wood,EIB207,Davis,all samples,,2021,EIB77_773_Parks Canada_Results,WR89017,522,,89,91,138,138,179,181
EINPW,wood,EIB208,Davis,all samples,,2021,EIB77_773_Parks Canada_Results,WR89026,523,,89,89,136,138,187,187
EINPW,wood,EIB209,Davis,all samples,,2021,EIB77_773_Parks Canada_Results,WR89030,524,,89,89,136,136,187,187
EINPW,wood,EIB210,Davis,all samples,,2021,EIB77_773_Parks Canada_Results,WR89031,525,,89,91,134,140,187,187
EINPW,wood,EIB211,Davis,all samples,,2021,EIB77_773_Parks Canada_Results,WR89036,526,,89,89,136,136,179,179
ETH,wood,EIB578,Davis,Bison Samples_to_GregWilson_16Nov2020_BC,,2021,EIB77_773_Parks Canada_Results,13-4034,528,,89,89,136,136,179,179
ETH,wood,EIB581,Davis,Bison Samples_to_GregWilson_16Nov2020_BC,,2021,EIB77_773_Parks Canada_Results,14-5138,529,,89,93,136,136,181,187
ETH,wood,EIB585,Davis,Bison Samples_to_GregWilson_16Nov2020_BC,2009,2021,EIB77_773_Parks Canada_Results,2009-2234,530,,89,91,134,138,187,187
ETH,wood,EIB586,Davis,Bison Samples_to_GregWilson_16Nov2020_BC,2009,2021,EIB77_773_Parks Canada_Results,2009-2235,531,,89,91,134,136,179,187
ETH,wood,EIB587,Davis,Bison Samples_to_GregWilson_16Nov2020_BC,2009,2021,EIB77_773_Parks Canada_Results,2009-2236,532,,89,91,136,136,179,179
ETH,wood,EIB588,Davis,Bison Samples_to_GregWilson_16Nov2020_BC,2009,2021,EIB77_773_Parks Canada_Results,2009-2237,533,,89,93,134,136,181,187
ETH,wood,EIB589,Davis,Bison Samples_to_GregWilson_16Nov2020_BC,,2021,EIB77_773_Parks Canada_Results,2009-2238,534,,89,93,136,138,179,187
ETH,wood,EIB571,Davis,Bison Samples_to_GregWilson_16Nov2020_BC,2010,2021,EIB77_773_Parks Canada_Results,BIBI021110A,527,,89,91,134,138,187,187
ETH,wood,EIB593,Davis,all samples,,2021,EIB77_773_Parks Canada_Results,Etthithun 14-006,538,,91,93,136,136,179,187
ETH,wood,EIB592,Davis,all samples,,2021,EIB77_773_Parks Canada_Results,Etthithun 14-007,537,,89,91,136,136,181,187
ETH,wood,EIB597,Davis,,,2021,EIB77_773_Parks Canada_Results,Etthithun 14-010,540,,89,91,136,136,187,187
ETH,wood,EIB591,Davis,all samples,,2021,EIB77_773_Parks Canada_Results,Etthithun 14-011,536,,89,93,136,136,179,179
ETH,wood,EIB590,Davis,all samples,,2021,EIB77_773_Parks Canada_Results,Etthithun 14-101,535,,91,91,134,136,179,179
ETH,wood,EIB596,Davis,all samples,,2021,EIB77_773_Parks Canada_Results,Etthithun 14-102,539,,91,91,134,138,179,187
HZ,wood,EIB563,Davis,all samples,2012,2021,EIB77_773_Parks Canada_Results,Hay Zama,541,,89,89,136,138,187,187
MACK,wood,EIB389,Davis,Bison Samples_worksheet_Mackenzie_DNA,2009,2021,EIB77_773_Parks Canada_Results,M09-01,570,,89,91,134,134,179,179
MACK,wood,EIB390,Davis,Bison Samples_worksheet_Mackenzie_DNA,2009,2021,EIB77_773_Parks Canada_Results,M09-02,571,,89,89,134,138,179,181
MACK,wood,EIB391,Davis,Bison Samples_worksheet_Mackenzie_DNA,2009,2021,EIB77_773_Parks Canada_Results,M09-03,572,,91,93,136,136,179,181
MACK,wood,EIB392,Davis,Bison Samples_worksheet_Mackenzie_DNA,2009,2021,EIB77_773_Parks Canada_Results,M09-04,573,,89,89,134,136,181,187
MACK,wood,EIB393,Davis,Bison Samples_worksheet_Mackenzie_DNA,2009,2021,EIB77_773_Parks Canada_Results,M09-05,574,,89,89,136,136,179,187
MACK,wood,EIB394,Davis,Bison Samples_worksheet_Mackenzie_DNA,2009,2021,EIB77_773_Parks Canada_Results,M09-06,575,,91,91,134,142,181,187
MACK,wood,EIB396,Davis,Bison Samples_worksheet_Mackenzie_DNA,2009,2021,EIB77_773_Parks Canada_Results,M09-08,576,,91,91,134,136,179,179
MACK,wood,EIB397,Davis,Bison Samples_worksheet_Mackenzie_DNA,2009,2021,EIB77_773_Parks Canada_Results,M09-09,577,,89,93,134,136,181,185
MACK,wood,EIB398,Davis,Bison Samples_worksheet_Mackenzie_DNA,2009,2021,EIB77_773_Parks Canada_Results,M09-10,578,,89,93,136,142,179,187
MACK,wood,EIB399,Davis,Bison Samples_worksheet_Mackenzie_DNA,2009,2021,EIB77_773_Parks Canada_Results,M09-11,579,,91,91,136,136,181,181
MACK,wood,EIB400,Davis,Bison Samples_worksheet_Mackenzie_DNA,2009,2021,EIB77_773_Parks Canada_Results,M09-12,580,,89,91,134,138,175,179
MACK,wood,EIB401,Davis,Bison Samples_worksheet_Mackenzie_DNA,2009,2021,EIB77_773_Parks Canada_Results,M09-13,581,,91,91,134,136,179,187
MACK,wood,EIB402,Davis,Bison Samples_worksheet_Mackenzie_DNA,2009,2021,EIB77_773_Parks Canada_Results,M09-14,582,,91,91,136,136,185,187
MACK,wood,EIB403,Davis,Bison Samples_worksheet_Mackenzie_DNA,2009,2021,EIB77_773_Parks Canada_Results,M09-15,583,,91,91,138,138,179,181
MACK,wood,EIB404,Davis,Bison Samples_worksheet_Mackenzie_DNA,2009,2021,EIB77_773_Parks Canada_Results,M09-16,584,,89,91,136,136,179,181
MACK,wood,EIB249,Davis,all samples,,2021,EIB77_773_Parks Canada_Results,Mackenzie Bison Sanctuary 11,547,,91,91,134,136,181,181
MACK,wood,EIB250,Davis,all samples,,2021,EIB77_773_Parks Canada_Results,Mackenzie Bison Sanctuary 12,548,,89,91,136,136,175,179
MACK,wood,EIB251,Davis,all samples,,2021,EIB77_773_Parks Canada_Results,Mackenzie Bison Sanctuary 13,549,,89,91,136,138,179,187
MACK,wood,EIB252,Davis,all samples,,2021,EIB77_773_Parks Canada_Results,Mackenzie Bison Sanctuary 14,550,,89,89,134,136,187,187
MACK,wood,EIB253,Davis,all samples,,2021,EIB77_773_Parks Canada_Results,Mackenzie Bison Sanctuary 15,551,,89,91,134,136,181,187
MACK,wood,EIB254,Davis,all samples,,2021,EIB77_773_Parks Canada_Results,Mackenzie Bison Sanctuary 16,552,,89,91,136,142,181,181
MACK,wood,EIB255,Davis,all samples,,2021,EIB77_773_Parks Canada_Results,Mackenzie Bison Sanctuary 17,553,,93,93,136,142,175,185
MACK,wood,EIB256,Davis,all samples,,2021,EIB77_773_Parks Canada_Results,Mackenzie Bison Sanctuary 18,554,,89,91,134,136,181,181
MACK,wood,EIB257,Davis,all samples,,2021,EIB77_773_Parks Canada_Results,Mackenzie Bison Sanctuary 19,555,,89,91,134,134,179,179
MACK,wood,EIB258,Davis,all samples,,2021,EIB77_773_Parks Canada_Results,Mackenzie Bison Sanctuary 20,556,,89,91,136,136,179,181
MACK,wood,EIB259,Davis,all samples,,2021,EIB77_773_Parks Canada_Results,Mackenzie Bison Sanctuary 21,557,,89,91,136,142,179,181
MACK,wood,EIB260,Davis,all samples,1990,2021,EIB77_773_Parks Canada_Results,Mackenzie Bison Sanctuary 35,558,,89,89,134,134,179,187
MACK,wood,EIB261,Davis,all samples,1990,2021,EIB77_773_Parks Canada_Results,Mackenzie Bison Sanctuary 36,559,,91,91,136,136,179,181
MACK,wood,EIB262,Davis,all samples,1990,2021,EIB77_773_Parks Canada_Results,Mackenzie Bison Sanctuary 37,560,,91,93,134,136,179,181
MACK,wood,EIB263,Davis,all samples,1990,2021,EIB77_773_Parks Canada_Results,Mackenzie Bison Sanctuary 39,561,,91,91,136,138,181,187
MACK,wood,EIB244,Davis,all samples,,2021,EIB77_773_Parks Canada_Results,Mackenzie Bison Sanctuary 4,542,,89,91,136,138,179,181
MACK,wood,EIB264,Davis,all samples,1990,2021,EIB77_773_Parks Canada_Results,Mackenzie Bison Sanctuary 40,562,,91,91,136,136,179,185
MACK,wood,EIB265,Davis,all samples,1990,2021,EIB77_773_Parks Canada_Results,Mackenzie Bison Sanctuary 41,563,,91,91,134,136,179,181
MACK,wood,EIB266,Davis,all samples,1990,2021,EIB77_773_Parks Canada_Results,Mackenzie Bison Sanctuary 42,564,,89,91,136,142,179,187
MACK,wood,EIB267,Davis,all samples,1990,2021,EIB77_773_Parks Canada_Results,Mackenzie Bison Sanctuary 44,565,,89,91,134,136,179,187
MACK,wood,EIB268,Davis,all samples,1990,2021,EIB77_773_Parks Canada_Results,Mackenzie Bison Sanctuary 45,566,,91,93,136,140,179,179
MACK,wood,EIB269,Davis,all samples,1990,2021,EIB77_773_Parks Canada_Results,Mackenzie Bison Sanctuary 46,567,,91,91,136,136,181,187
MACK,wood,EIB270,Davis,all samples,1990,2021,EIB77_773_Parks Canada_Results,Mackenzie Bison Sanctuary 47,568,,89,91,134,136,181,181
MACK,wood,EIB271,Davis,all samples,1990,2021,EIB77_773_Parks Canada_Results,Mackenzie Bison Sanctuary 48,569,,91,91,134,136,179,181
MACK,wood,EIB245,Davis,all samples,,2021,EIB77_773_Parks Canada_Results,Mackenzie Bison Sanctuary 5,543,,89,89,136,136,179,179
MACK,wood,EIB246,Davis,all samples,,2021,EIB77_773_Parks Canada_Results,Mackenzie Bison Sanctuary 7,544,,89,89,134,142,187,187
MACK,wood,EIB247,Davis,all samples,,2021,EIB77_773_Parks Canada_Results,Mackenzie Bison Sanctuary 8,545,,89,89,134,138,179,181
MACK,wood,EIB248,Davis,all samples,,2021,EIB77_773_Parks Canada_Results,Mackenzie Bison Sanctuary 9,546,,89,91,136,136,179,179
MACK,wood,EIB408,Davis,Bison Samples_worksheet_Mackenzie_DNA,2010,2021,EIB77_773_Parks Canada_Results,Tag3476,588,,89,91,136,136,179,181
MACK,wood,EIB409,Davis,Bison Samples_worksheet_Mackenzie_DNA,2009,2021,EIB77_773_Parks Canada_Results,Tag3477,589,,91,91,136,138,179,179
MACK,wood,EIB410,Davis,Bison Samples_worksheet_Mackenzie_DNA,2009,2021,EIB77_773_Parks Canada_Results,Tag3478,590,,91,91,138,142,179,179
MACK,wood,EIB411,Davis,Bison Samples_worksheet_Mackenzie_DNA,2009,2021,EIB77_773_Parks Canada_Results,Tag3479,591,,89,91,136,136,181,181
MACK,wood,EIB412,Davis,Bison Samples_worksheet_Mackenzie_DNA,2009,2021,EIB77_773_Parks Canada_Results,Tag3481,592,,89,89,134,136,179,181
MACK,wood,EIB413,Davis,Bison Samples_worksheet_Mackenzie_DNA,2009,2021,EIB77_773_Parks Canada_Results,Tag3482,593,,89,91,134,136,179,179
MACK,wood,EIB415,Davis,Bison Samples_worksheet_Mackenzie_DNA,2009,2021,EIB77_773_Parks Canada_Results,Tag3484,594,,89,91,136,142,179,179
MACK,wood,EIB416,Davis,Bison Samples_worksheet_Mackenzie_DNA,2009,2021,EIB77_773_Parks Canada_Results,Tag3486,595,,91,91,136,142,179,187
MACK,wood,EIB417,Davis,Bison Samples_worksheet_Mackenzie_DNA,2009,2021,EIB77_773_Parks Canada_Results,Tag3488,596,,89,91,136,136,181,187
MACK,wood,EIB418,Davis,Bison Samples_worksheet_Mackenzie_DNA,2009,2021,EIB77_773_Parks Canada_Results,Tag3489,597,,91,91,136,138,179,187
MACK,wood,EIB419,Davis,Bison Samples_worksheet_Mackenzie_DNA,2009,2021,EIB77_773_Parks Canada_Results,Tag3490,598,,89,91,134,136,179,179
MACK,wood,EIB420,Davis,Bison Samples_worksheet_Mackenzie_DNA,2009,2021,EIB77_773_Parks Canada_Results,Tag3491,599,,91,91,134,134,179,179
MACK,wood,EIB421,Davis,Bison Samples_worksheet_Mackenzie_DNA,2009,2021,EIB77_773_Parks Canada_Results,Tag3493,600,,89,91,134,134,179,181
MACK,wood,EIB406,Davis,Bison Samples_worksheet_Mackenzie_DNA,2010,2021,EIB77_773_Parks Canada_Results,Tag3640,586,,89,91,136,136,181,187
MACK,wood,EIB407,Davis,Bison Samples_worksheet_Mackenzie_DNA,2010,2021,EIB77_773_Parks Canada_Results,Tag3641,587,,89,89,134,134,179,179
MACK,wood,EIB405,Davis,,,2021,EIB77_773_Parks Canada_Results,Tag3644,585,,89,91,136,136,179,179
NAH,wood,EIB584,Davis,Bison Samples_to_GregWilson_16Nov2020_BC,2018,2021,EIB77_773_Parks Canada_Results,18-11515,602,,89,93,134,134,185,185
NAH,wood,EIB583,Davis,Bison Samples_to_GregWilson_16Nov2020_BC,2018,2021,EIB77_773_Parks Canada_Results,18-11516,601,,89,93,134,136,185,187
NORD,wood,EIB564,Davis,Bison Samples_to_GregWilson_16Nov2020_BC,2009,2021,EIB77_773_Parks Canada_Results,BIBI100209A,603,,89,91,138,138,179,187
NORD,wood,EIB565,Davis,Bison Samples_to_GregWilson_16Nov2020_BC,2009,2021,EIB77_773_Parks Canada_Results,BIBI100209B,604,,89,91,138,138,179,187
NORD,wood,EIB568,Davis,Bison Samples_to_GregWilson_16Nov2020_BC,2009,2021,EIB77_773_Parks Canada_Results,BIBI121009A2,605,,89,89,136,138,179,187
NORD,wood,EIB574,Davis,Bison Samples_to_GregWilson_16Nov2020_BC,2009,2021,EIB77_773_Parks Canada_Results,BIBI121210A1,607,,89,91,136,140,179,179
NORD,wood,EIB573,Davis,Bison Samples_to_GregWilson_16Nov2020_BC,2010,2021,EIB77_773_Parks Canada_Results,BIBI301110A2,606,,89,91,134,136,179,179
NORD,wood,EIB595,Davis,all samples,,2021,EIB77_773_Parks Canada_Results,Nordquist 14-003,609,,89,91,138,138,179,187
NORD,wood,EIB594,Davis,all samples,,2021,EIB77_773_Parks Canada_Results,Nordquist 14-004,608,,89,89,134,136,181,187
WBNPGR,wood,EIB355,Davis,all samples,1992,2021,EIB77_773_Parks Canada_Results,Wood Buffalo NP 108,619,,91,91,134,136,179,187
WBNPGR,wood,EIB292,Davis,all samples,1990,2021,EIB77_773_Parks Canada_Results,Wood Buffalo NP 21,610,,89,93,134,140,185,191
WBNPGR,wood,EIB293,Davis,all samples,1990,2021,EIB77_773_Parks Canada_Results,Wood Buffalo NP 22,611,,89,89,134,136,179,181
WBNPGR,wood,EIB294,Davis,all samples,1990,2021,EIB77_773_Parks Canada_Results,Wood Buffalo NP 23,612,,89,89,136,138,175,187
WBNPGR,wood,EIB295,Davis,all samples,1990,2021,EIB77_773_Parks Canada_Results,Wood Buffalo NP 24,613,,89,91,136,138,179,179
WBNPGR,wood,EIB296,Davis,all samples,1990,2021,EIB77_773_Parks Canada_Results,Wood Buffalo NP 25,614,,89,89,134,136,179,187
WBNPGR,wood,EIB297,Davis,all samples,1990,2021,EIB77_773_Parks Canada_Results,Wood Buffalo NP 26,615,,89,89,134,136,179,181
WBNPGR,wood,EIB298,Davis,all samples,1990,2021,EIB77_773_Parks Canada_Results,Wood Buffalo NP 27,616,,89,93,138,138,179,181
WBNPGR,wood,EIB299,Davis,all samples,1990,2021,EIB77_773_Parks Canada_Results,Wood Buffalo NP 28,617,,89,91,136,140,179,187
WBNPGR,wood,EIB331,Davis,all samples,1990,2021,EIB77_773_Parks Canada_Results,Wood Buffalo NP 62,618,,91,93,134,136,185,187
WBNPHC,wood,EIB602,Davis,,,2021,EIB77_773_Parks Canada_Results,BSN-04,644,,89,91,134,138,181,181
WBNPHC,wood,EIB604,Davis,,,2021,EIB77_773_Parks Canada_Results,BSN-06,645,,89,91,136,136,181,187
WBNPHC,wood,EIB605,Davis,,,2021,EIB77_773_Parks Canada_Results,BSN-07,646,,89,89,136,136,181,181
WBNPHC,wood,EIB619,Davis,,,2021,EIB77_773_Parks Canada_Results,BSN-49,647,,89,91,134,138,181,187
WBNPHC,wood,EIB620,Davis,,,2021,EIB77_773_Parks Canada_Results,BSN-50,648,,89,91,136,138,181,187
WBNPHC,wood,EIB624,Davis,,,2021,EIB77_773_Parks Canada_Results,BSN-54,649,,89,89,140,142,175,181
WBNPHC,wood,EIB625,Davis,,,2021,EIB77_773_Parks Canada_Results,BSN-55,650,,89,91,134,138,181,181
WBNPHC,wood,EIB626,Davis,,,2021,EIB77_773_Parks Canada_Results,BSN-57,651,,89,89,138,138,181,187
WBNPHC,wood,EIB629,Davis,,,2021,EIB77_773_Parks Canada_Results,BSN-60,652,,89,89,134,136,181,187
WBNPHC,wood,EIB630,Davis,,,2021,EIB77_773_Parks Canada_Results,BSN-61,653,,89,89,134,136,179,185
WBNPHC,wood,EIB631,Davis,,,2021,EIB77_773_Parks Canada_Results,BSN-62,654,,89,91,134,138,179,187
WBNPHC,wood,EIB632,Davis,,,2021,EIB77_773_Parks Canada_Results,BSN-63,655,,91,91,138,138,179,181
WBNPHC,wood,EIB633,Davis,,,2021,EIB77_773_Parks Canada_Results,BSN-64,656,,91,91,134,138,179,187
WBNPHC,wood,EIB634,Davis,,,2021,EIB77_773_Parks Canada_Results,BSN-65,657,,89,91,132,138,179,179
WBNPHC,wood,EIB635,Davis,,,2021,EIB77_773_Parks Canada_Results,BSN-66,658,,89,93,132,140,179,181
WBNPHC,wood,EIB636,Davis,,,2021,EIB77_773_Parks Canada_Results,BSN-67,659,,89,91,136,138,175,179
WBNPHC,wood,EIB638,Davis,,,2021,EIB77_773_Parks Canada_Results,BSN-69,660,,89,91,134,138,179,181
WBNPHC,wood,EIB639,Davis,,,2021,EIB77_773_Parks Canada_Results,BSN-70,661,,89,91,138,138,179,187
WBNPHC,wood,EIB351,Davis,all samples,1992,2021,EIB77_773_Parks Canada_Results,Wood Buffalo NP 104,640,,89,91,134,136,187,187
WBNPHC,wood,EIB352,Davis,all samples,1992,2021,EIB77_773_Parks Canada_Results,Wood Buffalo NP 105,641,,89,89,134,138,179,181
WBNPHC,wood,EIB353,Davis,all samples,1992,2021,EIB77_773_Parks Canada_Results,Wood Buffalo NP 106,642,,89,91,134,136,179,187
WBNPHC,wood,EIB354,Davis,all samples,1992,2021,EIB77_773_Parks Canada_Results,Wood Buffalo NP 107,643,,89,91,134,136,179,187
WBNPHC,wood,EIB300,Davis,all samples,1990,2021,EIB77_773_Parks Canada_Results,Wood Buffalo NP 29,620,,89,91,138,138,181,187
WBNPHC,wood,EIB301,Davis,all samples,1990,2021,EIB77_773_Parks Canada_Results,Wood Buffalo NP 30,621,,91,91,134,136,179,191
WBNPHC,wood,EIB302,Davis,all samples,1990,2021,EIB77_773_Parks Canada_Results,Wood Buffalo NP 31,622,,89,93,134,134,181,187
WBNPHC,wood,EIB303,Davis,all samples,1990,2021,EIB77_773_Parks Canada_Results,Wood Buffalo NP 32,623,,89,89,136,136,187,187
WBNPHC,wood,EIB304,Davis,all samples,1990,2021,EIB77_773_Parks Canada_Results,Wood Buffalo NP 33,624,,89,91,136,138,179,179
WBNPHC,wood,EIB313,Davis,all samples,1990,2021,EIB77_773_Parks Canada_Results,Wood Buffalo NP 42,625,,89,93,132,136,181,187
WBNPHC,wood,EIB314,Davis,all samples,1990,2021,EIB77_773_Parks Canada_Results,Wood Buffalo NP 43,626,,91,99,138,138,179,187
WBNPHC,wood,EIB315,Davis,all samples,1990,2021,EIB77_773_Parks Canada_Results,Wood Buffalo NP 44,627,,89,89,134,134,179,185
WBNPHC,wood,EIB316,Davis,all samples,1990,2021,EIB77_773_Parks Canada_Results,Wood Buffalo NP 45,628,,89,91,134,136,179,181
WBNPHC,wood,EIB317,Davis,all samples,1990,2021,EIB77_773_Parks Canada_Results,Wood Buffalo NP 46,629,,89,91,134,134,179,179
WBNPHC,wood,EIB318,Davis,all samples,1990,2021,EIB77_773_Parks Canada_Results,Wood Buffalo NP 47,630,,89,91,134,138,181,187
WBNPHC,wood,EIB319,Davis,all samples,1990,2021,EIB77_773_Parks Canada_Results,Wood Buffalo NP 48,631,,89,91,138,138,179,181
WBNPHC,wood,EIB320,Davis,all samples,1990,2021,EIB77_773_Parks Canada_Results,Wood Buffalo NP 49,632,,89,89,136,140,175,187
WBNPHC,wood,EIB321,Davis,all samples,1990,2021,EIB77_773_Parks Canada_Results,Wood Buffalo NP 50,633,,89,91,132,134,179,187
WBNPHC,wood,EIB322,Davis,all samples,1990,2021,EIB77_773_Parks Canada_Results,Wood Buffalo NP 51,634,,89,99,134,136,175,179
WBNPHC,wood,EIB323,Davis,all samples,1990,2021,EIB77_773_Parks Canada_Results,Wood Buffalo NP 52,635,,89,91,134,136,179,187
WBNPHC,wood,EIB324,Davis,all samples,1990,2021,EIB77_773_Parks Canada_Results,Wood Buffalo NP 53,636,,89,89,132,134,181,185
WBNPHC,wood,EIB325,Davis,all samples,1990,2021,EIB77_773_Parks Canada_Results,Wood Buffalo NP 54,637,,89,91,132,136,187,187
WBNPHC,wood,EIB327,Davis,all samples,1990,2021,EIB77_773_Parks Canada_Results,Wood Buffalo NP 57,638,,91,99,136,138,179,187
WBNPHC,wood,EIB333,Davis,all samples,1990,2021,EIB77_773_Parks Canada_Results,Wood Buffalo NP 67,639,,89,91,138,140,187,187
WBNPNY,wood,EIB603,Davis,,,2021,EIB77_773_Parks Canada_Results,BSN-05,675,,89,91,138,142,181,187
WBNPNY,wood,EIB606,Davis,,,2021,EIB77_773_Parks Canada_Results,BSN-08,676,,89,91,140,142,181,181
WBNPNY,wood,EIB607,Davis,,,2021,EIB77_773_Parks Canada_Results,BSN-09,677,,89,91,134,136,179,181
WBNPNY,wood,EIB609,Davis,,,2021,EIB77_773_Parks Canada_Results,BSN-12,678,,91,93,138,138,175,185
WBNPNY,wood,EIB610,Davis,,,2021,EIB77_773_Parks Canada_Results,BSN-13,679,,91,91,134,142,179,179
WBNPNY,wood,EIB612,Davis,,,2021,EIB77_773_Parks Canada_Results,BSN-42,680,,89,91,136,138,181,185
WBNPNY,wood,EIB613,Davis,,,2021,EIB77_773_Parks Canada_Results,BSN-43,681,,91,93,138,138,175,179
WBNPNY,wood,EIB614,Davis,,,2021,EIB77_773_Parks Canada_Results,BSN-44,682,,89,91,134,140,179,185
WBNPNY,wood,EIB615,Davis,,,2021,EIB77_773_Parks Canada_Results,BSN-45,683,,89,91,134,138,179,179
WBNPNY,wood,EIB616,Davis,,,2021,EIB77_773_Parks Canada_Results,BSN-46,684,,89,91,134,138,175,181
WBNPNY,wood,EIB621,Davis,,,2021,EIB77_773_Parks Canada_Results,BSN-51,685,,91,91,138,138,181,185
WBNPNY,wood,EIB622,Davis,,,2021,EIB77_773_Parks Canada_Results,BSN-52,686,,91,91,138,142,179,185
WBNPNY,wood,EIB623,Davis,,,2021,EIB77_773_Parks Canada_Results,BSN-53,687,,89,89,134,138,179,181
WBNPNY,wood,EIB627,Davis,,,2021,EIB77_773_Parks Canada_Results,BSN-58,688,,89,91,134,138,175,179
WBNPNY,wood,EIB628,Davis,,,2021,EIB77_773_Parks Canada_Results,BSN-59,689,,91,91,134,138,181,187
WBNPNY,wood,EIB349,Davis,all samples,1992,2021,EIB77_773_Parks Canada_Results,Wood Buffalo NP 102,670,,89,93,134,136,179,187
WBNPNY,wood,EIB350,Davis,all samples,1992,2021,EIB77_773_Parks Canada_Results,Wood Buffalo NP 103,671,,91,93,138,140,179,187
WBNPNY,wood,EIB356,Davis,all samples,1992,2021,EIB77_773_Parks Canada_Results,Wood Buffalo NP 109,672,,89,89,134,138,179,187
WBNPNY,wood,EIB357,Davis,all samples,1992,2021,EIB77_773_Parks Canada_Results,Wood Buffalo NP 110,673,,89,93,134,136,179,181
WBNPNY,wood,EIB358,Davis,all samples,1992,2021,EIB77_773_Parks Canada_Results,Wood Buffalo NP 111,674,,91,91,136,140,179,187
WBNPNY,wood,EIB329,Davis,all samples,1990,2021,EIB77_773_Parks Canada_Results,Wood Buffalo NP 60,662,,89,89,134,134,181,191
WBNPNY,wood,EIB330,Davis,all samples,1990,2021,EIB77_773_Parks Canada_Results,Wood Buffalo NP 61,663,,89,89,134,134,175,181
WBNPNY,wood,EIB332,Davis,all samples,1990,2021,EIB77_773_Parks Canada_Results,Wood Buffalo NP 66,664,,91,93,134,136,175,185
WBNPNY,wood,EIB334,Davis,all samples,1992,2021,EIB77_773_Parks Canada_Results,Wood Buffalo NP 81,665,,89,91,136,140,179,187
WBNPNY,wood,EIB335,Davis,all samples,1992,2021,EIB77_773_Parks Canada_Results,Wood Buffalo NP 82,666,,89,91,134,136,181,187
WBNPNY,wood,EIB336,Davis,all samples,1992,2021,EIB77_773_Parks Canada_Results,Wood Buffalo NP 89,667,,89,91,134,138,185,187
WBNPNY,wood,EIB337,Davis,all samples,1992,2021,EIB77_773_Parks Canada_Results,Wood Buffalo NP 90,668,,91,93,134,136,179,191
WBNPNY,wood,EIB338,Davis,all samples,1992,2021,EIB77_773_Parks Canada_Results,Wood Buffalo NP 91,669,,89,93,134,136,179,191
WBNPPAD,wood,EIB645,Davis,all samples,2020,2021,EIB77_773_Parks Canada_Results,20,719,,89,91,134,134,181,187
WBNPPAD,wood,EIB646,Davis,all samples,2020,2021,EIB77_773_Parks Canada_Results,69,720,,89,91,138,138,179,181
WBNPPAD,wood,EIB647,Davis,all samples,2020,2021,EIB77_773_Parks Canada_Results,99,721,,89,93,136,136,187,187
WBNPPAD,wood,EIB648,Davis,all samples,2020,2021,EIB77_773_Parks Canada_Results,130,722,,89,89,134,136,181,187
WBNPPAD,wood,EIB649,Davis,all samples,2020,2021,EIB77_773_Parks Canada_Results,150,723,,89,91,0,0,181,187
WBNPPAD,wood,EIB650,Davis,all samples,2020,2021,EIB77_773_Parks Canada_Results,160,724,,89,93,0,0,179,179
WBNPPAD,wood,EIB651,Davis,all samples,2020,2021,EIB77_773_Parks Canada_Results,170,725,,89,91,0,0,175,187
WBNPPAD,wood,EIB652,Davis,all samples,2020,2021,EIB77_773_Parks Canada_Results,180,726,,89,91,0,0,187,187
WBNPPAD,wood,EIB653,Davis,all samples,2020,2021,EIB77_773_Parks Canada_Results,200,727,,91,91,0,0,181,181
WBNPPAD,wood,EIB654,Davis,all samples,2020,2021,EIB77_773_Parks Canada_Results,230,728,,89,91,134,138,179,181
WBNPPAD,wood,EIB655,Davis,all samples,2020,2021,EIB77_773_Parks Canada_Results,280,729,,89,91,138,138,179,181
WBNPPAD,wood,EIB656,Davis,all samples,2020,2021,EIB77_773_Parks Canada_Results,320,730,,89,91,0,0,187,187
WBNPPAD,wood,EIB657,Davis,all samples,2020,2021,EIB77_773_Parks Canada_Results,900,731,,89,91,138,140,187,187
WBNPPAD,wood,EIB748,Davis,all samples,,2021,EIB77_773_Parks Canada_Results,37499,740,,89,89,134,140,185,187
WBNPPAD,wood,EIB744,Davis,all samples,,2021,EIB77_773_Parks Canada_Results,37500,736,,91,91,134,136,181,187
WBNPPAD,wood,EIB747,Davis,all samples,,2021,EIB77_773_Parks Canada_Results,37501,739,,89,93,138,138,187,191
WBNPPAD,wood,EIB740,Davis,all samples,,2021,EIB77_773_Parks Canada_Results,37502,732,,89,91,136,138,179,179
WBNPPAD,wood,EIB749,Davis,all samples,,2021,EIB77_773_Parks Canada_Results,37503,741,,89,99,138,140,191,191
WBNPPAD,wood,EIB741,Davis,all samples,,2021,EIB77_773_Parks Canada_Results,37504,733,,89,89,136,138,179,187
WBNPPAD,wood,EIB743,Davis,all samples,,2021,EIB77_773_Parks Canada_Results,37505,735,,89,91,136,138,179,187
WBNPPAD,wood,EIB742,Davis,all samples,,2021,EIB77_773_Parks Canada_Results,37506,734,,89,89,136,136,175,179
WBNPPAD,wood,EIB745,Davis,all samples,,2021,EIB77_773_Parks Canada_Results,37507,737,,89,91,134,138,181,187
WBNPPAD,wood,EIB746,Davis,all samples,,2021,EIB77_773_Parks Canada_Results,37508,738,,89,93,136,138,179,185
WBNPPAD,wood,EIB599,Davis,,,2021,EIB77_773_Parks Canada_Results,BSN-01,715,,89,99,136,138,185,191
WBNPPAD,wood,EIB600,Davis,,,2021,EIB77_773_Parks Canada_Results,BSN-02,716,,91,99,134,138,179,185
WBNPPAD,wood,EIB601,Davis,,,2021,EIB77_773_Parks Canada_Results,BSN-03,717,,89,91,138,138,181,185
WBNPPAD,wood,EIB611,Davis,,,2021,EIB77_773_Parks Canada_Results,BSN-25,718,,89,91,134,136,181,181
WBNPPAD,wood,EIB272,Davis,all samples,1990,2021,EIB77_773_Parks Canada_Results,Wood Buffalo NP 1,690,,89,91,134,140,181,185
WBNPPAD,wood,EIB281,Davis,all samples,1990,2021,EIB77_773_Parks Canada_Results,Wood Buffalo NP 10,698,,89,91,138,138,181,187
WBNPPAD,wood,EIB282,Davis,all samples,1990,2021,EIB77_773_Parks Canada_Results,Wood Buffalo NP 11,699,,89,89,134,134,181,185
WBNPPAD,wood,EIB283,Davis,all samples,1990,2021,EIB77_773_Parks Canada_Results,Wood Buffalo NP 12,700,,89,91,134,136,179,181
WBNPPAD,wood,EIB284,Davis,all samples,1990,2021,EIB77_773_Parks Canada_Results,Wood Buffalo NP 13,701,,91,93,136,136,179,187
WBNPPAD,wood,EIB285,Davis,all samples,1990,2021,EIB77_773_Parks Canada_Results,Wood Buffalo NP 14,702,,89,93,140,140,179,179
WBNPPAD,wood,EIB286,Davis,all samples,1990,2021,EIB77_773_Parks Canada_Results,Wood Buffalo NP 15,703,,89,91,134,138,179,181
WBNPPAD,wood,EIB287,Davis,all samples,1990,2021,EIB77_773_Parks Canada_Results,Wood Buffalo NP 16,704,,89,91,136,140,187,187
WBNPPAD,wood,EIB288,Davis,all samples,1990,2021,EIB77_773_Parks Canada_Results,Wood Buffalo NP 17,705,,91,91,134,136,185,187
WBNPPAD,wood,EIB289,Davis,all samples,1990,2021,EIB77_773_Parks Canada_Results,Wood Buffalo NP 18,706,,89,89,136,142,175,187
WBNPPAD,wood,EIB290,Davis,all samples,1990,2021,EIB77_773_Parks Canada_Results,Wood Buffalo NP 19,707,,89,89,136,136,181,187
WBNPPAD,wood,EIB273,Davis,all samples,1990,2021,EIB77_773_Parks Canada_Results,Wood Buffalo NP 2,691,,89,89,134,136,187,187
WBNPPAD,wood,EIB291,Davis,all samples,1990,2021,EIB77_773_Parks Canada_Results,Wood Buffalo NP 20,708,,89,91,138,138,179,185
WBNPPAD,wood,EIB275,Davis,all samples,1990,2021,EIB77_773_Parks Canada_Results,Wood Buffalo NP 4,692,,89,89,134,140,187,187
WBNPPAD,wood,EIB276,Davis,all samples,1990,2021,EIB77_773_Parks Canada_Results,Wood Buffalo NP 5,693,,89,91,136,138,179,187
WBNPPAD,wood,EIB277,Davis,all samples,1990,2021,EIB77_773_Parks Canada_Results,Wood Buffalo NP 6,694,,89,89,134,138,175,187
WBNPPAD,wood,EIB278,Davis,all samples,1990,2021,EIB77_773_Parks Canada_Results,Wood Buffalo NP 7,695,,89,91,136,140,175,179
WBNPPAD,wood,EIB279,Davis,all samples,1990,2021,EIB77_773_Parks Canada_Results,Wood Buffalo NP 8,696,,89,91,134,136,185,185
WBNPPAD,wood,EIB280,Davis,all samples,1990,2021,EIB77_773_Parks Canada_Results,Wood Buffalo NP 9,697,,89,91,136,138,179,187
WBNPPAD,wood,EIB339,Davis,all samples,1992,2021,EIB77_773_Parks Canada_Results,Wood Buffalo NP 92,709,,89,91,136,138,179,185
WBNPPAD,wood,EIB340,Davis,all samples,1992,2021,EIB77_773_Parks Canada_Results,Wood Buffalo NP 93,710,,89,91,136,138,179,187
WBNPPAD,wood,EIB341,Davis,all samples,1992,2021,EIB77_773_Parks Canada_Results,Wood Buffalo NP 94,711,,89,91,134,138,181,187
WBNPPAD,wood,EIB342,Davis,all samples,1992,2021,EIB77_773_Parks Canada_Results,Wood Buffalo NP 95,712,,89,91,138,138,181,181
WBNPPAD,wood,EIB343,Davis,all samples,1992,2021,EIB77_773_Parks Canada_Results,Wood Buffalo NP 96,713,,91,91,134,138,179,191
WBNPPAD,wood,EIB344,Davis,all samples,1992,2021,EIB77_773_Parks Canada_Results,Wood Buffalo NP 97,714,,89,91,136,138,175,185
WBNPSRL,wood,EIB617,Davis,,,2021,EIB77_773_Parks Canada_Results,BSN-47,753,,89,91,134,138,175,179
WBNPSRL,wood,EIB618,Davis,,,2021,EIB77_773_Parks Canada_Results,BSN-48,754,,89,91,134,136,179,181
WBNPSRL,wood,EIB347,Davis,all samples,1992,2021,EIB77_773_Parks Canada_Results,Wood Buffalo NP 100,751,,89,91,136,136,181,181
WBNPSRL,wood,EIB348,Davis,all samples,1992,2021,EIB77_773_Parks Canada_Results,Wood Buffalo NP 101,752,,89,93,136,136,179,187
WBNPSRL,wood,EIB305,Davis,all samples,1990,2021,EIB77_773_Parks Canada_Results,Wood Buffalo NP 34,742,,91,93,134,136,179,185
WBNPSRL,wood,EIB306,Davis,all samples,1990,2021,EIB77_773_Parks Canada_Results,Wood Buffalo NP 35,743,,91,93,134,136,179,181
WBNPSRL,wood,EIB307,Davis,all samples,1990,2021,EIB77_773_Parks Canada_Results,Wood Buffalo NP 36,744,,89,91,134,138,179,187
WBNPSRL,wood,EIB308,Davis,all samples,1990,2021,EIB77_773_Parks Canada_Results,Wood Buffalo NP 37,745,,89,91,138,138,179,185
WBNPSRL,wood,EIB309,Davis,all samples,1990,2021,EIB77_773_Parks Canada_Results,Wood Buffalo NP 38,746,,89,89,136,138,179,181
WBNPSRL,wood,EIB310,Davis,all samples,1990,2021,EIB77_773_Parks Canada_Results,Wood Buffalo NP 39,747,,89,89,136,138,179,187
WBNPSRL,wood,EIB312,Davis,all samples,1990,2021,EIB77_773_Parks Canada_Results,Wood Buffalo NP 41,748,,89,91,138,138,179,179
WBNPSRL,wood,EIB345,Davis,all samples,1992,2021,EIB77_773_Parks Canada_Results,Wood Buffalo NP 98,749,,89,93,136,136,179,181
WBNPSRL,wood,EIB346,Davis,all samples,1992,2021,EIB77_773_Parks Canada_Results,Wood Buffalo NP 99,750,,89,89,136,136,179,185
Banff National Park,plains,,Trent,,,6/13/2024,Bison_2024_Genotypes_ClientCopy,24BNP_001,,Fecal,89,91,136,140,181,187
Banff National Park,plains,,Trent,,,6/13/2024,Bison_2024_Genotypes_ClientCopy,24BNP_002,,Fecal,89,91,134,136,175,187
Banff National Park,plains,,Trent,,,6/13/2024,Bison_2024_Genotypes_ClientCopy,24BNP_003,,Fecal,91,91,136,140,181,187
Banff National Park,plains,,Trent,,,6/13/2024,Bison_2024_Genotypes_ClientCopy,24BNP_005,,Fecal,91,91,136,138,175,175
Banff National Park,plains,,Trent,,,6/13/2024,Bison_2024_Genotypes_ClientCopy,24BNP_006,,Fecal,89,89,136,136,187,187
Banff National Park,plains,,Trent,,,6/13/2024,Bison_2024_Genotypes_ClientCopy,24BNP_007,,Fecal,89,89,136,136,185,187
Banff National Park,plains,,Trent,,,6/13/2024,Bison_2024_Genotypes_ClientCopy,24BNP_008,,Fecal,89,89,136,136,181,185
Banff National Park,plains,,Trent,,,6/13/2024,Bison_2024_Genotypes_ClientCopy,24BNP_009,,Fecal,91,93,136,138,181,187
Banff National Park,plains,,Trent,,,6/13/2024,Bison_2024_Genotypes_ClientCopy,24BNP_011,,Fecal,91,91,136,136,175,175
Banff National Park,plains,,Trent,,,6/13/2024,Bison_2024_Genotypes_ClientCopy,24BNP_013,,Fecal,89,91,136,136,175,175
Banff National Park,plains,,Trent,,,6/13/2024,Bison_2024_Genotypes_ClientCopy,24BNP_015,,Fecal,91,91,136,136,175,187
Dan Fox / Blood,plains,,Trent,,,2023,Bison_Genotypes_2023_230319,0124 000 300 931 364,,Hair,89,91,136,138,181,187
Dan Fox / Blood,plains,,Trent,,,2023,Bison_Genotypes_2023_230319,0124 000 300 931 365,,Hair,89,91,136,136,181,187
Dan Fox / Blood,plains,,Trent,,,2023,Bison_Genotypes_2023_230319,0124 000 300 931 366,,Hair,89,93,136,136,187,187
Dan Fox / Blood,plains,,Trent,,,2023,Bison_Genotypes_2023_230319,0124 000 300 931 367,,Hair,91,91,136,136,179,187
Dan Fox / Blood,plains,,Trent,,,2023,Bison_Genotypes_2023_230319,0124 000 300 931 374,,Hair,91,93,136,140,185,187
Dan Fox / Blood,plains,,Trent,,,2023,Bison_Genotypes_2023_230319,0124 000 300 931 375,,Hair,89,91,134,136,179,187
Dan Fox / Blood,plains,,Trent,,,2023,Bison_Genotypes_2023_230319,0124 000 300 931 376,,Hair,89,91,134,136,175,187
Dan Fox / Blood,plains,,Trent,,,2023,Bison_Genotypes_2023_230319,0124 000 300 931 377,,Hair,89,91,136,140,185,187
Dan Fox / Blood,plains,,Trent,,,2023,Bison_Genotypes_2023_230319,0124 000 300 931 378,,Hair,89,89,134,136,187,187
Dan Fox / Blood,plains,,Trent,,,2023,Bison_Genotypes_2023_230319,0124 000 300 931 379,,Hair,91,93,136,136,181,187
Dan Fox / Blood,plains,,Trent,,,2023,Bison_Genotypes_2023_230319,0124 000 300 931 380,,Hair,89,89,134,136,185,187
Dan Fox / Blood,plains,,Trent,,,2023,Bison_Genotypes_2023_230319,0124 000 300 931 381,,Hair,89,91,136,136,187,187
Dan Fox / Blood,plains,,Trent,,,2023,Bison_Genotypes_2023_230319,0124 000 300 931 382,,Hair,89,91,136,136,181,187
Dan Fox / Blood,plains,,Trent,,,2023,Bison_Genotypes_2023_230319,124 000 300 684 696 2020,,Hair,93,93,136,136,187,187
Dan Fox / Blood,plains,,Trent,,,2023,Bison_Genotypes_2023_230319,124 000 300 684 697 2020,,Hair,89,91,136,136,185,187
Dan Fox / Blood,plains,,Trent,,,2023,Bison_Genotypes_2023_230319,124 000 300 703 245 2019,,Hair,89,91,136,136,185,187
Dan Fox / Blood,plains,,Trent,,,2023,Bison_Genotypes_2023_230319,124 000 300 931 368 2020,,Hair,89,91,136,136,187,187
Dan Fox / Blood,plains,,Trent,,,2023,Bison_Genotypes_2023_230319,124 000 300 931 369 2020,,Hair,89,93,134,136,181,187
Dan Fox / Blood,plains,,Trent,,,2023,Bison_Genotypes_2023_230319,124 000 300 931 370 2020,,Hair,93,93,136,142,179,187
Dan Fox / Blood,plains,,Trent,,,2023,Bison_Genotypes_2023_230319,124 000 300 931 371 2020,,Hair,93,93,136,136,181,187
Dan Fox / Blood,plains,,Trent,,,2023,Bison_Genotypes_2023_230319,124 000 300 931 372 2020,,Hair,89,91,136,136,187,187
Dan Fox / Blood,plains,,Trent,,,2023,Bison_Genotypes_2023_230319,124 000 300 931 373,,Hair,89,93,136,136,181,187
Dan Fox / Blood,plains,,Trent,,,2023,Bison_Genotypes_2023_230319,DFox246-2019,,Hair,89,91,136,136,181,187
Grasslands National Park,plains,,Trent,,,6/13/2024,Bison_2024_Genotypes_ClientCopy,124000300955494,,hair,89,91,136,138,179,191
Grasslands National Park,plains,,Trent,,,6/13/2024,Bison_2024_Genotypes_ClientCopy,124000301008024,,hair,89,89,136,138,175,179
Grasslands National Park,plains,,Trent,,,6/13/2024,Bison_2024_Genotypes_ClientCopy,124000301008026,,hair,89,91,136,136,175,179
Grasslands National Park,plains,,Trent,,,6/13/2024,Bison_2024_Genotypes_ClientCopy,124000301008028,,hair,89,91,134,136,175,187
Grasslands National Park,plains,,Trent,,,6/13/2024,Bison_2024_Genotypes_ClientCopy,124000301008032,,hair,91,91,138,138,175,185
Grasslands National Park,plains,,Trent,,,6/13/2024,Bison_2024_Genotypes_ClientCopy,124000301008034,,hair,91,91,136,138,185,185
Grasslands National Park,plains,,Trent,,,6/13/2024,Bison_2024_Genotypes_ClientCopy,124000301008039,,hair,91,93,138,138,175,187
Grasslands National Park,plains,,Trent,,,6/13/2024,Bison_2024_Genotypes_ClientCopy,124000301008040,,hair,89,91,136,136,185,187
Grasslands National Park,plains,,Trent,,,6/13/2024,Bison_2024_Genotypes_ClientCopy,124000301008044,,hair,89,91,134,136,187,187
Grasslands National Park,plains,,Trent,,,6/13/2024,Bison_2024_Genotypes_ClientCopy,124000301008050,,hair,91,91,136,136,175,187
Grasslands National Park,plains,,Trent,,,6/13/2024,Bison_2024_Genotypes_ClientCopy,124000301008052,,hair,89,91,134,136,187,191
Grasslands National Park,plains,,Trent,,,6/13/2024,Bison_2024_Genotypes_ClientCopy,124000301008057,,hair,91,91,136,136,187,187
Grasslands National Park,plains,,Trent,,,6/13/2024,Bison_2024_Genotypes_ClientCopy,124000301008059,,hair,89,91,136,138,185,187
Grasslands National Park,plains,,Trent,,,6/13/2024,Bison_2024_Genotypes_ClientCopy,124000301008062,,hair,89,91,136,138,179,185
Grasslands National Park,plains,,Trent,,,6/13/2024,Bison_2024_Genotypes_ClientCopy,124000301008064,,hair,89,89,136,136,187,187
Grasslands National Park,plains,,Trent,,,6/13/2024,Bison_2024_Genotypes_ClientCopy,124000301008065,,hair,89,91,136,140,185,187
Grasslands National Park,plains,,Trent,,,6/13/2024,Bison_2024_Genotypes_ClientCopy,124000301008083,,hair,89,91,136,138,175,185
Grasslands National Park,plains,,Trent,,,6/13/2024,Bison_2024_Genotypes_ClientCopy,124000301008097,,hair,89,91,134,136,175,187
Grasslands National Park,plains,,Trent,,,6/13/2024,Bison_2024_Genotypes_ClientCopy,124000301008110,,hair,91,91,136,138,187,187
Grasslands National Park,plains,,Trent,,,6/13/2024,Bison_2024_Genotypes_ClientCopy,124000301008117,,hair,89,91,136,136,175,185
Grasslands National Park,plains,,Trent,,,6/13/2024,Bison_2024_Genotypes_ClientCopy,124000301008118,,hair,91,91,136,138,175,175
Grasslands National Park,plains,,Trent,,,6/13/2024,Bison_2024_Genotypes_ClientCopy,124000301008122,,hair,91,91,134,136,175,185
Grasslands National Park,plains,,Trent,,,6/13/2024,Bison_2024_Genotypes_ClientCopy,124000301008128,,hair,91,91,136,138,175,187
Grasslands National Park,plains,,Trent,,,6/13/2024,Bison_2024_Genotypes_ClientCopy,124000301008141,,hair,91,91,136,136,181,187
Grasslands National Park,plains,,Trent,,,6/13/2024,Bison_2024_Genotypes_ClientCopy,124000301008145,,hair,89,89,136,136,187,187
Grasslands National Park,plains,,Trent,,,6/13/2024,Bison_2024_Genotypes_ClientCopy,124000301008151,,hair,91,91,136,136,187,187
Grasslands National Park,plains,,Trent,,,6/13/2024,Bison_2024_Genotypes_ClientCopy,124000301008154,,hair,91,91,136,136,185,187
Grasslands National Park,plains,,Trent,,,6/13/2024,Bison_2024_Genotypes_ClientCopy,124000301008164,,hair,89,93,136,138,179,187
Grasslands National Park,plains,,Trent,,,6/13/2024,Bison_2024_Genotypes_ClientCopy,124000301008173,,hair,89,91,134,138,185,187
Grasslands National Park,plains,,Trent,,,6/13/2024,Bison_2024_Genotypes_ClientCopy,124000301008179,,hair,89,89,136,136,187,187
Grasslands National Park,plains,,Trent,,,6/13/2024,Bison_2024_Genotypes_ClientCopy,124000301008184,,hair,91,91,136,136,175,185
Grasslands National Park,plains,,Trent,,,6/13/2024,Bison_2024_Genotypes_ClientCopy,124000301008190,,hair,89,91,136,136,175,187
Grasslands National Park,plains,,Trent,,,6/13/2024,Bison_2024_Genotypes_ClientCopy,124000301008193,,hair,91,91,136,140,185,187
Grasslands National Park,plains,,Trent,,,6/13/2024,Bison_2024_Genotypes_ClientCopy,124000301008197,,hair,89,89,136,138,175,187
Grasslands National Park,plains,,Trent,,,6/13/2024,Bison_2024_Genotypes_ClientCopy,124000301008207,,hair,91,91,136,138,175,187
Grasslands National Park,plains,,Trent,,,6/13/2024,Bison_2024_Genotypes_ClientCopy,124000301008209,,hair,91,91,134,136,179,187
Grasslands National Park,plains,,Trent,,,6/13/2024,Bison_2024_Genotypes_ClientCopy,124000301008233,,hair,91,91,136,136,175,187
Grasslands National Park,plains,,Trent,,,6/13/2024,Bison_2024_Genotypes_ClientCopy,124000301008236,,hair,91,91,136,138,175,187
Grasslands National Park,plains,,Trent,,,6/13/2024,Bison_2024_Genotypes_ClientCopy,124000301008246,,hair,91,91,136,136,179,187
Grasslands National Park,plains,,Trent,,,6/13/2024,Bison_2024_Genotypes_ClientCopy,124000301008253,,hair,89,91,136,138,187,191
Grasslands National Park,plains,,Trent,,,6/13/2024,Bison_2024_Genotypes_ClientCopy,124000301071927,,hair,91,91,136,138,175,185
Grasslands National Park,plains,,Trent,,,6/13/2024,Bison_2024_Genotypes_ClientCopy,124000301071929,,hair,89,91,134,136,175,179
Grasslands National Park,plains,,Trent,,,6/13/2024,Bison_2024_Genotypes_ClientCopy,124000301071930,,hair,91,91,136,136,175,187
Grasslands National Park,plains,,Trent,,,6/13/2024,Bison_2024_Genotypes_ClientCopy,124000301071931,,hair,89,91,136,136,187,187
Grasslands National Park,plains,,Trent,,,6/13/2024,Bison_2024_Genotypes_ClientCopy,124000301071932,,hair,89,91,136,136,175,179
Grasslands National Park,plains,,Trent,,,6/13/2024,Bison_2024_Genotypes_ClientCopy,124000301071933,,hair,89,91,134,136,187,187
Grasslands National Park,plains,,Trent,,,6/13/2024,Bison_2024_Genotypes_ClientCopy,124000301071934,,hair,89,91,136,138,175,187
Grasslands National Park,plains,,Trent,,,6/13/2024,Bison_2024_Genotypes_ClientCopy,124000301071935,,hair,89,91,136,138,175,179
Grasslands National Park,plains,,Trent,,,6/13/2024,Bison_2024_Genotypes_ClientCopy,124000301071936,,hair,89,91,134,136,175,179
Grasslands National Park,plains,,Trent,,,6/13/2024,Bison_2024_Genotypes_ClientCopy,124000301071939,,hair,89,91,//,//,185,185
Grasslands National Park,plains,,Trent,,,6/13/2024,Bison_2024_Genotypes_ClientCopy,124000301071940,,hair,89,91,136,136,185,185
Grasslands National Park,plains,,Trent,,,6/13/2024,Bison_2024_Genotypes_ClientCopy,124000301071941,,hair,89,91,136,138,187,187
Grasslands National Park,plains,,Trent,,,6/13/2024,Bison_2024_Genotypes_ClientCopy,124000301071945,,hair,89,91,136,136,179,187
Grasslands National Park,plains,,Trent,,,6/13/2024,Bison_2024_Genotypes_ClientCopy,124000301071947,,hair,89,91,136,136,175,179
Grasslands National Park,plains,,Trent,,,6/13/2024,Bison_2024_Genotypes_ClientCopy,124000301071949,,hair,91,91,136,138,175,187
Grasslands National Park,plains,,Trent,,,6/13/2024,Bison_2024_Genotypes_ClientCopy,124000301071950,,hair,91,91,136,136,185,185
Grasslands National Park,plains,,Trent,,,6/13/2024,Bison_2024_Genotypes_ClientCopy,124000301071959,,hair,91,91,136,138,187,187
Grasslands National Park,plains,,Trent,,,6/13/2024,Bison_2024_Genotypes_ClientCopy,124000301071960,,hair,89,91,136,138,185,185
Grasslands National Park,plains,,Trent,,,6/13/2024,Bison_2024_Genotypes_ClientCopy,124000301071962,,hair,91,91,134,134,175,175
Grasslands National Park,plains,,Trent,,,6/13/2024,Bison_2024_Genotypes_ClientCopy,124000301071964,,hair,91,91,136,136,179,187
Grasslands National Park,plains,,Trent,,,6/13/2024,Bison_2024_Genotypes_ClientCopy,124000301071965,,hair,89,89,138,138,187,187
Grasslands National Park,plains,,Trent,,,6/13/2024,Bison_2024_Genotypes_ClientCopy,124000301071966,,hair,91,91,136,138,185,187
Grasslands National Park,plains,,Trent,,,6/13/2024,Bison_2024_Genotypes_ClientCopy,124000301071967,,hair,91,91,136,138,175,187
Grasslands National Park,plains,,Trent,,,6/13/2024,Bison_2024_Genotypes_ClientCopy,124000301071969,,hair,89,91,138,138,175,179
Grasslands National Park,plains,,Trent,,,6/13/2024,Bison_2024_Genotypes_ClientCopy,124000301071974,,hair,89,91,136,138,175,179
Grasslands National Park,plains,,Trent,,,6/13/2024,Bison_2024_Genotypes_ClientCopy,124000301071975,,hair,91,91,136,136,175,185
Grasslands National Park,plains,,Trent,,,6/13/2024,Bison_2024_Genotypes_ClientCopy,124000301071976,,hair,89,91,138,138,175,185
Grasslands National Park,plains,,Trent,,,6/13/2024,Bison_2024_Genotypes_ClientCopy,124000301071977,,hair,89,89,136,136,187,187
Grasslands National Park,plains,,Trent,,,6/13/2024,Bison_2024_Genotypes_ClientCopy,124000301071979,,hair,89,91,138,138,187,187
Grasslands National Park,plains,,Trent,,,6/13/2024,Bison_2024_Genotypes_ClientCopy,124000301071981,,hair,91,91,136,136,187,191
Grasslands National Park,plains,,Trent,,,6/13/2024,Bison_2024_Genotypes_ClientCopy,124000301071983,,hair,89,91,138,138,175,187
Grasslands National Park,plains,,Trent,,,6/13/2024,Bison_2024_Genotypes_ClientCopy,124000301071985,,hair,89,91,136,138,175,187
Grasslands National Park,plains,,Trent,,,6/13/2024,Bison_2024_Genotypes_ClientCopy,124000301071987,,hair,89,89,138,138,185,187
Grasslands National Park,plains,,Trent,,,6/13/2024,Bison_2024_Genotypes_ClientCopy,214000301008268,,hair,89,91,136,136,179,187
Grasslands National Park,plains,,Trent,,,6/13/2024,Bison_2024_Genotypes_ClientCopy,214000301008274,,hair,89,89,136,136,187,187
Grasslands National Park,plains,,Trent,,,6/13/2024,Bison_2024_Genotypes_ClientCopy,214000301008275,,hair,89,91,136,136,185,187
Grasslands National Park,plains,,Trent,,,6/13/2024,Bison_2024_Genotypes_ClientCopy,214000301008280,,hair,89,91,136,136,175,187
Grasslands National Park,plains,,Trent,,,6/13/2024,Bison_2024_Genotypes_ClientCopy,214000301008290,,hair,89,93,134,138,175,187
Grasslands National Park,plains,,Trent,,,6/13/2024,Bison_2024_Genotypes_ClientCopy,214000301008296,,hair,91,91,136,138,175,179
McCusker River,plains,,Trent,,,6/13/2024,Bison_2024_Genotypes_ClientCopy,24_McCR_001,,Fecal,89,89,138,140,185,187
McCusker River,plains,,Trent,,,6/13/2024,Bison_2024_Genotypes_ClientCopy,24_McCR_002,,Fecal,89,91,136,136,175,185
McCusker River,plains,,Trent,,,6/13/2024,Bison_2024_Genotypes_ClientCopy,24_McCR_003,,Fecal,89,89,136,136,179,185
McCusker River,plains,,Trent,,,6/13/2024,Bison_2024_Genotypes_ClientCopy,24_McCR_004,,Fecal,91,91,136,138,175,185
McCusker River,plains,,Trent,,,6/13/2024,Bison_2024_Genotypes_ClientCopy,24_McCR_009,,Fecal,91,91,136,138,175,175
McCusker River,plains,,Trent,,,6/13/2024,Bison_2024_Genotypes_ClientCopy,24_McCR_010,,Fecal,89,91,136,138,175,185
Sturgeon River,plains,,Trent,,,2023,Bison_Genotypes_2023_230319,10-273,,Fecal swab,91,91,142,142,187,187
Sturgeon River,plains,,Trent,,,2023,Bison_Genotypes_2023_230319,11-272,,Fecal swab,91,91,138,142,187,187
Sturgeon River,plains,,Trent,,,2023,Bison_Genotypes_2023_230319,12-273,,Fecal swab,91,91,136,142,187,187
Sturgeon River,plains,,Trent,,,2023,Bison_Genotypes_2023_230319,1-268,,Fecal swab,91,91,136,136,185,187
Sturgeon River,plains,,Trent,,,2023,Bison_Genotypes_2023_230319,1-273,,Fecal swab,89,91,136,136,187,187
Sturgeon River,plains,,Trent,,,2023,Bison_Genotypes_2023_230319,13-273,,Fecal swab,91,91,142,142,187,187
Sturgeon River,plains,,Trent,,,2023,Bison_Genotypes_2023_230319,16-272,,Fecal swab,91,91,136,136,185,187
Sturgeon River,plains,,Trent,,,2023,Bison_Genotypes_2023_230319,2-273,,Fecal swab,91,91,136,142,185,187
Sturgeon River,plains,,Trent,,,2023,Bison_Genotypes_2023_230319,23-273,,Fecal swab,89,91,136,136,185,187
Sturgeon River,plains,,Trent,,,2023,Bison_Genotypes_2023_230319,24-273,,Fecal swab,91,91,142,142,187,187
Sturgeon River,plains,,Trent,,,2023,Bison_Genotypes_2023_230319,26-273,,Fecal swab,91,91,136,136,187,187
Sturgeon River,plains,,Trent,,,2023,Bison_Genotypes_2023_230319,28-273,,Fecal swab,91,91,136,136,185,185
Sturgeon River,plains,,Trent,,,2023,Bison_Genotypes_2023_230319,31-270,,Fecal swab,89,89,136,136,187,187
Sturgeon River,plains,,Trent,,,2023,Bison_Genotypes_2023_230319,32-270,,Fecal swab,91,91,136,136,187,187
Sturgeon River,plains,,Trent,,,2023,Bison_Genotypes_2023_230319,34-270,,Fecal swab,91,91,136,136,187,187
Sturgeon River,plains,,Trent,,,2023,Bison_Genotypes_2023_230319,36-270,,Fecal swab,91,91,136,136,187,187
Sturgeon River,plains,,Trent,,,2023,Bison_Genotypes_2023_230319,41-270,,Fecal swab,89,91,142,142,185,185
Sturgeon River,plains,,Trent,,,2023,Bison_Genotypes_2023_230319,50-270,,Fecal swab,91,91,142,142,185,187
Sturgeon River,plains,,Trent,,,2023,Bison_Genotypes_2023_230319,52-47,,Fecal swab,91,91,142,142,185,185
Sturgeon River,plains,,Trent,,,2023,Bison_Genotypes_2023_230319,55-47,,Fecal swab,91,91,136,142,187,187
Sturgeon River,plains,,Trent,,,2023,Bison_Genotypes_2023_230319,57-47,,Fecal swab,91,91,136,142,187,187
Sturgeon River,plains,,Trent,,,2023,Bison_Genotypes_2023_230319,58-47,,Fecal swab,89,91,142,142,185,187
Waterton Lakes,plains,,Trent,,,6/13/2024,Bison_2024_Genotypes_ClientCopy,WLNP02,,Fecal,89,91,136,140,179,185
Waterton Lakes,plains,,Trent,,,6/13/2024,Bison_2024_Genotypes_ClientCopy,WLNP03,,Fecal,89,91,134,134,187,187
Waterton Lakes,plains,,Trent,,,6/13/2024,Bison_2024_Genotypes_ClientCopy,WLNP07,,Fecal,89,91,134,134,187,187
Waterton Lakes,plains,,Trent,,,6/13/2024,Bison_2024_Genotypes_ClientCopy,WLNP08,,Fecal,89,91,136,136,179,191
Waterton Lakes,plains,,Trent,,,6/13/2024,Bison_2024_Genotypes_ClientCopy,WLNP10,,Fecal,91,91,136,136,175,187
Waterton Lakes,plains,,Trent,,,6/13/2024,Bison_2024_Genotypes_ClientCopy,WLNP306,,Tissue,89,89,136,138,185,185
Waterton Lakes,plains,,Trent,,,6/13/2024,Bison_2024_Genotypes_ClientCopy,WLNP308,,Tissue,89,91,138,142,175,187
Waterton Lakes,plains,,Trent,,,6/13/2024,Bison_2024_Genotypes_ClientCopy,WLNP309,,Tissue,89,91,134,136,185,187
Waterton Lakes,plains,,Trent,,,6/13/2024,Bison_2024_Genotypes_ClientCopy,WLNP316,,Tissue,91,91,136,136,185,187
Waterton Lakes,plains,,Trent,,,6/13/2024,Bison_2024_Genotypes_ClientCopy,WLNP320,,Tissue,//,//,134,134,175,187
Chinchaga,wood,,Trent,,,2023,ParksCanadaBisonProject_15Jan2023_Genotypes_Updated,chinchaga 1,,DNA,89,91,136,138,187,187
Chinchaga,wood,,Trent,,,2023,ParksCanadaBisonProject_15Jan2023_Genotypes_Updated,chinchaga 2,,DNA,89,89,134,138,187,187
Chitek Lake,wood,,Trent,,,6/13/2024,Bison_2024_Genotypes_ClientCopy,MAN391,,Fecal,91,91,134,136,181,187
Chitek Lake,wood,,Trent,,,6/13/2024,Bison_2024_Genotypes_ClientCopy,MAN392,,Fecal,93,93,136,140,179,181
Chitek Lake,wood,,Trent,,,6/13/2024,Bison_2024_Genotypes_ClientCopy,MAN394,,Fecal,89,89,136,138,187,187
Chitek Lake,wood,,Trent,,,6/13/2024,Bison_2024_Genotypes_ClientCopy,MAN395,,Fecal,89,89,136,138,179,187
Chitek Lake,wood,,Trent,,,6/13/2024,Bison_2024_Genotypes_ClientCopy,MAN399,,Fecal,89,91,134,140,187,187
Chitek Lake,wood,,Trent,,,6/13/2024,Bison_2024_Genotypes_ClientCopy,MAN400,,Fecal,89,89,136,136,181,187
Chitek Lake,wood,,Trent,,,6/13/2024,Bison_2024_Genotypes_ClientCopy,MAN402,,Fecal,89,89,134,136,187,187
Chitek Lake,wood,,Trent,,,6/13/2024,Bison_2024_Genotypes_ClientCopy,MAN403,,Fecal,89,89,136,138,181,187
Chitek Lake,wood,,Trent,,,6/13/2024,Bison_2024_Genotypes_ClientCopy,MAN404,,Fecal,89,91,136,138,187,187
Chitek Lake,wood,,Trent,,,6/13/2024,Bison_2024_Genotypes_ClientCopy,MAN405,,Fecal,89,93,136,138,179,187
Chitek Lake,wood,,Trent,,,6/13/2024,Bison_2024_Genotypes_ClientCopy,MAN406,,Fecal,89,91,136,138,179,187
Chitek Lake,wood,,Trent,,,6/13/2024,Bison_2024_Genotypes_ClientCopy,MAN409,,Fecal,89,89,138,138,187,187
Chitek Lake,wood,,Trent,,,6/13/2024,Bison_2024_Genotypes_ClientCopy,MAN410,,Fecal,89,91,138,138,181,187
Chitek Lake,wood,,Trent,,,6/13/2024,Bison_2024_Genotypes_ClientCopy,MAN411,,Fecal,89,91,134,136,179,187
Chitek Lake,wood,,Trent,,,6/13/2024,Bison_2024_Genotypes_ClientCopy,MAN412,,Fecal,91,93,138,138,187,187
Chitek Lake,wood,,Trent,,,6/13/2024,Bison_2024_Genotypes_ClientCopy,MAN413,,Fecal,89,89,138,138,181,187
Chitek Lake,wood,,Trent,,,6/13/2024,Bison_2024_Genotypes_ClientCopy,MAN414,,Fecal,89,93,136,136,187,187
Chitek Lake,wood,,Trent,,,6/13/2024,Bison_2024_Genotypes_ClientCopy,MAN416,,Fecal,89,91,136,136,181,187
Chitek Lake,wood,,Trent,,,6/13/2024,Bison_2024_Genotypes_ClientCopy,MAN417,,Fecal,89,93,138,140,187,187
Chitek Lake,wood,,Trent,,,6/13/2024,Bison_2024_Genotypes_ClientCopy,MAN420,,Fecal,89,91,134,136,179,187
Etthithun,wood,,Trent,,,2023,Bison_Genotypes_2023_230319,2,,Biopsy,89,89,134,136,187,187
Etthithun,wood,,Trent,,,2023,Bison_Genotypes_2023_230319,3,,Biopsy,89,93,136,136,187,187
Etthithun,wood,,Trent,,,2023,Bison_Genotypes_2023_230319,5,,Biopsy,89,89,136,136,187,187
Etthithun,wood,,Trent,,,2023,Bison_Genotypes_2023_230319,7,,Biopsy,93,93,134,136,187,187
Etthithun,wood,,Trent,,,2023,Bison_Genotypes_2023_230319,9,,Biopsy,91,93,134,136,187,187
Etthithun,wood,,Trent,,,2023,Bison_Genotypes_2023_230319,12,,Biopsy,89,91,136,136,187,187
Etthithun,wood,,Trent,,,2023,Bison_Genotypes_2023_230319,21,,Biopsy,89,91,136,136,179,179
Etthithun,wood,,Trent,,,2023,Bison_Genotypes_2023_230319,22,,Biopsy,89,91,136,136,179,181
Etthithun,wood,,Trent,,,2023,Bison_Genotypes_2023_230319,23,,Biopsy,91,93,136,136,187,187
Etthithun,wood,,Trent,,,2023,Bison_Genotypes_2023_230319,24,,Biopsy,91,91,136,136,179,179
Etthithun,wood,,Trent,,,2023,Bison_Genotypes_2023_230319,25,,Biopsy,91,91,134,138,179,187
Etthithun,wood,,Trent,,,2023,Bison_Genotypes_2023_230319,26,,Biopsy,89,91,136,136,179,187
Etthithun,wood,,Trent,,,2023,Bison_Genotypes_2023_230319,27,,Biopsy,89,93,136,136,179,187
Etthithun,wood,,Trent,,,2023,Bison_Genotypes_2023_230319,28,,Biopsy,89,91,134,134,179,187
Etthithun,wood,,Trent,,,2023,Bison_Genotypes_2023_230319,29,,Biopsy,91,91,136,138,179,187
Etthithun,wood,,Trent,,,2023,Bison_Genotypes_2023_230319,1 GP1,,Fecal swab,89,91,136,138,179,181
Etthithun,wood,,Trent,,,2023,Bison_Genotypes_2023_230319,10 GP2,,Fecal swab,89,91,136,138,179,187
Etthithun,wood,,Trent,,,2023,Bison_Genotypes_2023_230319,11 GP1,,Fecal swab,91,93,134,136,187,187
Etthithun,wood,,Trent,,,2023,Bison_Genotypes_2023_230319,12 GP1,,Fecal swab,89,91,136,140,179,179
Etthithun,wood,,Trent,,,2023,Bison_Genotypes_2023_230319,13 GP1,,Fecal swab,89,93,134,134,179,187
Etthithun,wood,,Trent,,,2023,Bison_Genotypes_2023_230319,14 GP1,,Fecal swab,89,89,136,138,179,187
Etthithun,wood,,Trent,,,2023,Bison_Genotypes_2023_230319,15 GP1,,Fecal swab,89,93,136,138,187,187
Etthithun,wood,,Trent,,,2023,Bison_Genotypes_2023_230319,150_020,,Hair,91,91,136,136,179,187
Etthithun,wood,,Trent,,,2023,Bison_Genotypes_2023_230319,150_060,,Fecal swab,89,89,136,140,179,187
Etthithun,wood,,Trent,,,2023,Bison_Genotypes_2023_230319,150_070,,Hair,89,91,136,138,179,187
Etthithun,wood,,Trent,,,2023,Bison_Genotypes_2023_230319,150_080,,Fecal swab,89,93,134,136,179,187
Etthithun,wood,,Trent,,,2023,Bison_Genotypes_2023_230319,150_100,,Fecal swab,91,91,134,140,179,179
Etthithun,wood,,Trent,,,2023,Bison_Genotypes_2023_230319,150_130,,Hair,89,91,134,134,179,187
Etthithun,wood,,Trent,,,2023,Bison_Genotypes_2023_230319,17 GP1,,Fecal swab,89,91,136,140,179,187
Etthithun,wood,,Trent,,,2023,Bison_Genotypes_2023_230319,18 GP2,,Fecal swab,89,93,134,138,187,187
Etthithun,wood,,Trent,,,2023,Bison_Genotypes_2023_230319,2 GP1,,Fecal swab,91,91,136,138,187,187
Etthithun,wood,,Trent,,,2023,Bison_Genotypes_2023_230319,20 GP2,,Fecal swab,89,93,136,138,179,187
Etthithun,wood,,Trent,,,2023,Bison_Genotypes_2023_230319,21 GP2,,Fecal swab,89,89,136,138,187,187
Etthithun,wood,,Trent,,,2023,Bison_Genotypes_2023_230319,22 GP2,,Fecal swab,89,93,134,134,179,187
Etthithun,wood,,Trent,,,2023,Bison_Genotypes_2023_230319,23 GP2,,Fecal swab,91,91,136,136,187,187
Etthithun,wood,,Trent,,,2023,Bison_Genotypes_2023_230319,26 GP2,,Fecal swab,89,89,134,136,179,187
Etthithun,wood,,Trent,,,2023,ParksCanadaBisonProject_15Jan2023_Genotypes_Updated,31GP3,,Fecal (Pre-Swabbed),91,91,136,136,179,187
Etthithun,wood,,Trent,,,2023,ParksCanadaBisonProject_15Jan2023_Genotypes_Updated,33GP3,,Fecal (Pre-Swabbed),91,91,136,136,179,187
Etthithun,wood,,Trent,,,2023,ParksCanadaBisonProject_15Jan2023_Genotypes_Updated,34GP3,,Fecal (Pre-Swabbed),91,91,136,138,179,187
Etthithun,wood,,Trent,,,2023,ParksCanadaBisonProject_15Jan2023_Genotypes_Updated,35GP3,,Fecal (Pre-Swabbed),91,91,136,140,179,179
Etthithun,wood,,Trent,,,2023,ParksCanadaBisonProject_15Jan2023_Genotypes_Updated,36GP3,,Fecal (Pre-Swabbed),89,91,136,136,181,187
Etthithun,wood,,Trent,,,2023,ParksCanadaBisonProject_15Jan2023_Genotypes_Updated,39GP3,,Fecal (Pre-Swabbed),89,91,136,138,179,181
Etthithun,wood,,Trent,,,2023,ParksCanadaBisonProject_15Jan2023_Genotypes_Updated,43GP3,,Fecal (Pre-Swabbed),91,93,136,136,179,187
Etthithun,wood,,Trent,,,2023,ParksCanadaBisonProject_15Jan2023_Genotypes_Updated,44GP3,,Fecal (Pre-Swabbed),89,91,134,136,179,187
Etthithun,wood,,Trent,,,2023,ParksCanadaBisonProject_15Jan2023_Genotypes_Updated,45GP3,,Fecal (Pre-Swabbed),91,91,134,138,179,187
Etthithun,wood,,Trent,,,2023,ParksCanadaBisonProject_15Jan2023_Genotypes_Updated,46GP3,,Fecal (Pre-Swabbed),91,91,136,138,187,187
Etthithun,wood,,Trent,,,2023,ParksCanadaBisonProject_15Jan2023_Genotypes_Updated,47GP3,,Fecal (Pre-Swabbed),91,91,136,136,179,179
Etthithun,wood,,Trent,,,2023,ParksCanadaBisonProject_15Jan2023_Genotypes_Updated,49GP3,,Fecal (Pre-Swabbed),89,91,134,136,185,187
Etthithun,wood,,Trent,,,2023,ParksCanadaBisonProject_15Jan2023_Genotypes_Updated,4GP1,,Fecal (Pre-Swabbed),91,91,136,138,187,187
Etthithun,wood,,Trent,,,2023,ParksCanadaBisonProject_15Jan2023_Genotypes_Updated,50GP3,,Fecal (Pre-Swabbed),91,91,136,136,179,179
Etthithun,wood,,Trent,,,2023,ParksCanadaBisonProject_15Jan2023_Genotypes_Updated,51GP3,,Fecal (Pre-Swabbed),89,91,134,138,181,187
Etthithun,wood,,Trent,,,2023,ParksCanadaBisonProject_15Jan2023_Genotypes_Updated,52GP3,,Fecal (Pre-Swabbed),91,91,136,136,179,187
Etthithun,wood,,Trent,,,2023,ParksCanadaBisonProject_15Jan2023_Genotypes_Updated,53GP3,,Fecal (Pre-Swabbed),91,91,134,138,179,187
Etthithun,wood,,Trent,,,2023,ParksCanadaBisonProject_15Jan2023_Genotypes_Updated,54GP3,,Fecal (Pre-Swabbed),89,91,136,136,187,187
Etthithun,wood,,Trent,,,2023,ParksCanadaBisonProject_15Jan2023_Genotypes_Updated,55GP3,,Fecal (Pre-Swabbed),91,93,134,136,187,187
Etthithun,wood,,Trent,,,2023,ParksCanadaBisonProject_15Jan2023_Genotypes_Updated,56GP3,,Fecal (Pre-Swabbed),89,89,136,136,179,187
Etthithun,wood,,Trent,,,2023,ParksCanadaBisonProject_15Jan2023_Genotypes_Updated,58GP3,,Fecal (Pre-Swabbed),89,91,136,136,181,187
Etthithun,wood,,Trent,,,2023,ParksCanadaBisonProject_15Jan2023_Genotypes_Updated,5GP1,,Fecal (Pre-Swabbed),89,93,136,136,181,187
Etthithun,wood,,Trent,,,2023,ParksCanadaBisonProject_15Jan2023_Genotypes_Updated,61GP3,,Fecal (Pre-Swabbed),89,89,136,136,179,187
Etthithun,wood,,Trent,,,2023,ParksCanadaBisonProject_15Jan2023_Genotypes_Updated,62GP3,,Fecal (Pre-Swabbed),91,91,136,136,187,187
Etthithun,wood,,Trent,,,2023,ParksCanadaBisonProject_15Jan2023_Genotypes_Updated,63GP3,,Fecal (Pre-Swabbed),91,91,136,138,187,187
Etthithun,wood,,Trent,,,2023,ParksCanadaBisonProject_15Jan2023_Genotypes_Updated,64/84GP5,,Fecal (Pre-Swabbed),91,91,136,136,179,187
Etthithun,wood,,Trent,,,2023,ParksCanadaBisonProject_15Jan2023_Genotypes_Updated,65GP5,,Fecal (Pre-Swabbed),89,93,134,134,179,187
Etthithun,wood,,Trent,,,2023,ParksCanadaBisonProject_15Jan2023_Genotypes_Updated,66GP5,,Fecal (Pre-Swabbed),89,89,134,140,179,179
Etthithun,wood,,Trent,,,2023,ParksCanadaBisonProject_15Jan2023_Genotypes_Updated,67GP5,,Fecal (Pre-Swabbed),91,93,134,136,179,181
Etthithun,wood,,Trent,,,2023,ParksCanadaBisonProject_15Jan2023_Genotypes_Updated,68GP5,,Fecal (Pre-Swabbed),89,91,134,138,179,187
Etthithun,wood,,Trent,,,2023,ParksCanadaBisonProject_15Jan2023_Genotypes_Updated,6GP1,,Fecal (Pre-Swabbed),89,89,134,136,179,187
Etthithun,wood,,Trent,,,2023,ParksCanadaBisonProject_15Jan2023_Genotypes_Updated,70GP5,,Fecal (Pre-Swabbed),91,91,136,136,181,187
Etthithun,wood,,Trent,,,2023,ParksCanadaBisonProject_15Jan2023_Genotypes_Updated,72GP5,,Fecal (Pre-Swabbed),91,91,136,138,179,187
Etthithun,wood,,Trent,,,2023,ParksCanadaBisonProject_15Jan2023_Genotypes_Updated,73GP5,,Fecal (Pre-Swabbed),89,91,136,136,179,187
Etthithun,wood,,Trent,,,2023,ParksCanadaBisonProject_15Jan2023_Genotypes_Updated,75GP5,,Fecal (Pre-Swabbed),89,91,134,138,179,179
Etthithun,wood,,Trent,,,2023,ParksCanadaBisonProject_15Jan2023_Genotypes_Updated,77GP5,,Fecal (Pre-Swabbed),89,91,136,136,181,187
Etthithun,wood,,Trent,,,2023,ParksCanadaBisonProject_15Jan2023_Genotypes_Updated,78GP5,,Fecal (Pre-Swabbed),93,93,136,136,179,187
Etthithun,wood,,Trent,,,2023,ParksCanadaBisonProject_15Jan2023_Genotypes_Updated,79GP5,,Fecal (Pre-Swabbed),89,91,136,136,181,187
Etthithun,wood,,Trent,,,2023,ParksCanadaBisonProject_15Jan2023_Genotypes_Updated,80GP5,,Fecal (Pre-Swabbed),91,91,136,136,179,179
Etthithun,wood,,Trent,,,2023,ParksCanadaBisonProject_15Jan2023_Genotypes_Updated,81GP5,,Fecal (Pre-Swabbed),89,91,136,136,181,187
Etthithun,wood,,Trent,,,2023,ParksCanadaBisonProject_15Jan2023_Genotypes_Updated,82GP5,,Fecal (Pre-Swabbed),89,93,134,138,179,187
Etthithun,wood,,Trent,,,2023,ParksCanadaBisonProject_15Jan2023_Genotypes_Updated,85GP5,,Fecal (Pre-Swabbed),89,91,136,138,187,187
Etthithun,wood,,Trent,,,2023,ParksCanadaBisonProject_15Jan2023_Genotypes_Updated,8GP1,,Fecal (Pre-Swabbed),89,91,134,138,179,187
Etthithun,wood,,Trent,,,2023,ParksCanadaBisonProject_15Jan2023_Genotypes_Updated,9GP1,,Fecal (Pre-Swabbed),89,91,136,136,179,187
Hay Zama,wood,,Trent,,,2023,ParksCanadaBisonProject_15Jan2023_Genotypes_Updated,4,,DNA,89,91,138,138,179,191
Hay Zama,wood,,Trent,,,2023,ParksCanadaBisonProject_15Jan2023_Genotypes_Updated,28,,DNA,89,93,136,138,181,191
Hay Zama,wood,,Trent,,,2023,ParksCanadaBisonProject_15Jan2023_Genotypes_Updated,33,,DNA,89,93,138,140,179,191
Hay Zama,wood,,Trent,,,2023,ParksCanadaBisonProject_15Jan2023_Genotypes_Updated,36,,DNA,89,93,136,140,179,191
Hay Zama,wood,,Trent,,,2023,ParksCanadaBisonProject_15Jan2023_Genotypes_Updated,38,,DNA,89,89,138,138,187,191
Hay Zama,wood,,Trent,,,2023,ParksCanadaBisonProject_15Jan2023_Genotypes_Updated,41,,DNA,89,89,138,138,179,187
Hay Zama,wood,,Trent,,,2023,ParksCanadaBisonProject_15Jan2023_Genotypes_Updated,45,,DNA,89,91,134,136,187,187
Hay Zama,wood,,Trent,,,2023,ParksCanadaBisonProject_15Jan2023_Genotypes_Updated,48,,DNA,89,91,138,140,179,187
Hay Zama,wood,,Trent,,,2023,ParksCanadaBisonProject_15Jan2023_Genotypes_Updated,52,,DNA,89,89,138,138,187,187
Hay Zama,wood,,Trent,,,2023,ParksCanadaBisonProject_15Jan2023_Genotypes_Updated,54,,DNA,89,89,136,140,179,179
Hay Zama,wood,,Trent,,,2023,ParksCanadaBisonProject_15Jan2023_Genotypes_Updated,55,,DNA,89,89,134,136,187,187
Hay Zama,wood,,Trent,,,2023,ParksCanadaBisonProject_15Jan2023_Genotypes_Updated,57,,DNA,89,89,136,136,179,187
Hay Zama,wood,,Trent,,,2023,ParksCanadaBisonProject_15Jan2023_Genotypes_Updated,68,,DNA,89,93,136,138,179,187
Hay Zama,wood,,Trent,,,2023,ParksCanadaBisonProject_15Jan2023_Genotypes_Updated,71,,DNA,89,93,138,140,179,187
Hay Zama,wood,,Trent,,,2023,ParksCanadaBisonProject_15Jan2023_Genotypes_Updated,79,,DNA,89,91,//,//,187,187
Hay Zama,wood,,Trent,,,2023,ParksCanadaBisonProject_15Jan2023_Genotypes_Updated,88,,DNA,89,89,136,140,185,187
Hay Zama,wood,,Trent,,,2023,ParksCanadaBisonProject_15Jan2023_Genotypes_Updated,89,,DNA,89,93,138,140,179,187
Hay Zama,wood,,Trent,,,2023,ParksCanadaBisonProject_15Jan2023_Genotypes_Updated,90,,DNA,89,93,138,140,179,187
Hay Zama,wood,,Trent,,,2023,ParksCanadaBisonProject_15Jan2023_Genotypes_Updated,92,,DNA,89,89,136,138,179,179
Hay Zama,wood,,Trent,,,2023,ParksCanadaBisonProject_15Jan2023_Genotypes_Updated,95,,DNA,89,89,136,136,191,191
Hay Zama,wood,,Trent,,,2023,ParksCanadaBisonProject_15Jan2023_Genotypes_Updated,96,,DNA,89,89,136,138,179,187
Hay Zama,wood,,Trent,,,2023,ParksCanadaBisonProject_15Jan2023_Genotypes_Updated,98,,DNA,89,89,136,138,187,191
Hay Zama,wood,,Trent,,,2023,ParksCanadaBisonProject_15Jan2023_Genotypes_Updated,100,,DNA,89,93,136,140,187,187
Hay Zama,wood,,Trent,,,2023,ParksCanadaBisonProject_15Jan2023_Genotypes_Updated,135,,DNA,89,89,134,136,187,187
Hay Zama,wood,,Trent,,,2023,ParksCanadaBisonProject_15Jan2023_Genotypes_Updated,136,,DNA,89,89,138,140,179,187
Hay Zama,wood,,Trent,,,2023,ParksCanadaBisonProject_15Jan2023_Genotypes_Updated,154,,DNA,89,91,134,136,179,181
Hay Zama,wood,,Trent,,,2023,ParksCanadaBisonProject_15Jan2023_Genotypes_Updated,155,,DNA,89,91,136,138,187,191
Hay Zama,wood,,Trent,,,2023,ParksCanadaBisonProject_15Jan2023_Genotypes_Updated,170,,DNA,93,93,136,136,187,187
Hay Zama,wood,,Trent,,,2023,ParksCanadaBisonProject_15Jan2023_Genotypes_Updated,174,,DNA,89,91,136,136,187,187
Hay Zama,wood,,Trent,,,2023,ParksCanadaBisonProject_15Jan2023_Genotypes_Updated,177,,DNA,89,91,138,138,187,191
Hay Zama,wood,,Trent,,,2023,ParksCanadaBisonProject_15Jan2023_Genotypes_Updated,178,,DNA,89,89,136,136,179,191
Hay Zama,wood,,Trent,,,2023,ParksCanadaBisonProject_15Jan2023_Genotypes_Updated,180,,DNA,89,89,136,138,179,187
Hay Zama,wood,,Trent,,,2023,Bison_Genotypes_2023_230319,150_000,,Hair,89,93,136,138,187,187
Hay Zama,wood,,Trent,,,2023,Bison_Genotypes_2023_230319,150_320,,Hair,89,91,136,136,187,187
Hay Zama,wood,,Trent,,,2023,Bison_Genotypes_2023_230319,150_400,,Hair,89,89,136,140,187,191
Hay Zama,wood,,Trent,,,2023,Bison_Genotypes_2023_230319,150_490,,Hair,89,89,136,138,187,187
Hay Zama,wood,,Trent,,,2023,Bison_Genotypes_2023_230319,150_510,,Hair,89,91,138,140,187,187
Hay Zama,wood,,Trent,,,2023,Bison_Genotypes_2023_230319,150_610,,Hair,89,89,136,138,179,187
Hay Zama,wood,,Trent,,,2023,Bison_Genotypes_2023_230319,150_620,,Fecal swab,89,91,138,138,187,191
Hay Zama,wood,,Trent,,,2023,Bison_Genotypes_2023_230319,150_680,,Hair,89,89,136,136,179,179
Hay Zama,wood,,Trent,,,2023,Bison_Genotypes_2023_230319,150_790,,Fecal swab,89,91,136,138,187,191
Hay Zama,wood,,Trent,,,2023,Bison_Genotypes_2023_230319,150_820,,Hair,89,91,138,140,179,187
Hay Zama,wood,,Trent,,,2023,Bison_Genotypes_2023_230319,151_060,,Hair,89,89,136,136,181,187
Hay Zama,wood,,Trent,,,2023,Bison_Genotypes_2023_230319,151_220,,Hair,93,93,136,140,179,187
Hay Zama,wood,,Trent,,,2023,Bison_Genotypes_2023_230319,151_310,,Hair,89,89,136,136,179,187
Hay Zama,wood,,Trent,,,2023,Bison_Genotypes_2023_230319,151_390,,Hair,89,91,138,138,187,187
Hay Zama,wood,,Trent,,,2023,Bison_Genotypes_2023_230319,151_410,,Hair,89,89,136,138,187,187
Mackenzie,wood,,Trent,,,2023,ParksCanadaBisonProject_15Jan2023_Genotypes_Updated,2161,,DNA,89,93,134,136,179,179
Mackenzie,wood,,Trent,,,2023,ParksCanadaBisonProject_15Jan2023_Genotypes_Updated,2162,,DNA,91,91,136,142,179,181
Mackenzie,wood,,Trent,,,2023,ParksCanadaBisonProject_15Jan2023_Genotypes_Updated,2163,,DNA,89,91,136,138,179,187
Mackenzie,wood,,Trent,,,2023,ParksCanadaBisonProject_15Jan2023_Genotypes_Updated,2165,,DNA,89,91,136,142,179,181
Mackenzie,wood,,Trent,,,2023,ParksCanadaBisonProject_15Jan2023_Genotypes_Updated,2166,,DNA,91,91,136,138,179,179
Mackenzie,wood,,Trent,,,2023,ParksCanadaBisonProject_15Jan2023_Genotypes_Updated,2171,,DNA,89,91,134,134,179,179
Mackenzie,wood,,Trent,,,2023,ParksCanadaBisonProject_15Jan2023_Genotypes_Updated,2176,,DNA,91,91,136,142,179,187
Mackenzie,wood,,Trent,,,2023,ParksCanadaBisonProject_15Jan2023_Genotypes_Updated,2177,,DNA,89,91,134,136,179,181
Mackenzie,wood,,Trent,,,2023,ParksCanadaBisonProject_15Jan2023_Genotypes_Updated,2182,,DNA,91,93,134,138,179,181
Mackenzie,wood,,Trent,,,2023,ParksCanadaBisonProject_15Jan2023_Genotypes_Updated,2187,,DNA,89,89,134,138,179,181
Mackenzie,wood,,Trent,,,2023,ParksCanadaBisonProject_15Jan2023_Genotypes_Updated,2188,,DNA,89,89,134,134,179,179
Mackenzie,wood,,Trent,,,2023,ParksCanadaBisonProject_15Jan2023_Genotypes_Updated,2190,,DNA,89,89,136,136,179,179
Mackenzie,wood,,Trent,,,2023,ParksCanadaBisonProject_15Jan2023_Genotypes_Updated,2196,,DNA,89,89,134,136,179,187
Mackenzie,wood,,Trent,,,2023,ParksCanadaBisonProject_15Jan2023_Genotypes_Updated,2198,,DNA,89,91,134,134,179,187
Mackenzie,wood,,Trent,,,2023,ParksCanadaBisonProject_15Jan2023_Genotypes_Updated,2272,,DNA,89,89,134,134,179,179
Mackenzie,wood,,Trent,,,2023,ParksCanadaBisonProject_15Jan2023_Genotypes_Updated,2276,,DNA,91,91,136,136,175,179
Mackenzie,wood,,Trent,,,2023,ParksCanadaBisonProject_15Jan2023_Genotypes_Updated,2277,,DNA,89,89,136,136,175,187
Mackenzie,wood,,Trent,,,2023,ParksCanadaBisonProject_15Jan2023_Genotypes_Updated,2283,,DNA,89,91,136,136,181,187
Mackenzie,wood,,Trent,,,2023,ParksCanadaBisonProject_15Jan2023_Genotypes_Updated,2289,,DNA,89,91,136,136,175,181
Mackenzie,wood,,Trent,,,2023,ParksCanadaBisonProject_15Jan2023_Genotypes_Updated,2295,,DNA,89,91,134,138,179,181
Mackenzie,wood,,Trent,,,2023,ParksCanadaBisonProject_15Jan2023_Genotypes_Updated,2296,,DNA,91,91,136,138,179,181
Mackenzie,wood,,Trent,,,2023,ParksCanadaBisonProject_15Jan2023_Genotypes_Updated,2310,,DNA,89,91,136,136,181,181
Nahanni,wood,,Trent,,,2023,Bison_Genotypes_2023_230319,1,,Biopsy,91,91,136,136,187,187
Nahanni,wood,,Trent,,,6/13/2024,Bison_2024_Genotypes_ClientCopy,Nahanni-1,,Fecal,91,91,136,136,179,187
Nahanni,wood,,Trent,,,6/13/2024,Bison_2024_Genotypes_ClientCopy,Nahanni-10,,Fecal,89,89,136,136,181,187
Nahanni,wood,,Trent,,,6/13/2024,Bison_2024_Genotypes_ClientCopy,Nahanni-4,,Fecal,89,91,136,136,179,187
Nahanni,wood,,Trent,,,6/13/2024,Bison_2024_Genotypes_ClientCopy,Nahanni-6,,Fecal,89,91,136,136,179,187
Nahanni,wood,,Trent,,,6/13/2024,Bison_2024_Genotypes_ClientCopy,Nahanni-7,,Fecal,89,89,134,136,179,187
Nahanni,wood,,Trent,,,6/13/2024,Bison_2024_Genotypes_ClientCopy,Nahanni-8,,Fecal,89,91,136,136,179,187
Nordquist,wood,,Trent,,,2023,Bison_Genotypes_2023_230319,31,,Biopsy,89,91,134,138,179,187
Nordquist,wood,,Trent,,,2023,Bison_Genotypes_2023_230319,32,,Biopsy,89,89,136,140,187,187
Nordquist,wood,,Trent,,,2023,Bison_Genotypes_2023_230319,33,,Biopsy,89,89,136,140,187,187
Nordquist,wood,,Trent,,,2023,Bison_Genotypes_2023_230319,34,,Biopsy,91,91,136,138,187,187
Nordquist,wood,,Trent,,,2023,Bison_Genotypes_2023_230319,35,,Biopsy,89,91,138,140,179,179
Nordquist/Liard,wood,,Trent,,,2023,Bison_Genotypes_2023_230319,4,,Biopsy,89,89,134,134,179,187
Nordquist/Liard,wood,,Trent,,,2023,Bison_Genotypes_2023_230319,6,,Biopsy,89,91,136,136,181,187
Nordquist/Liard,wood,,Trent,,,2023,Bison_Genotypes_2023_230319,8,,Biopsy,89,89,136,140,181,187
Nordquist/Liard,wood,,Trent,,,2023,Bison_Genotypes_2023_230319,10,,Biopsy,89,91,136,140,181,187
Nordquist/Liard,wood,,Trent,,,2023,Bison_Genotypes_2023_230319,11,,Biopsy,89,91,136,138,187,187
Nordquist/Liard,wood,,Trent,,,2023,Bison_Genotypes_2023_230319,13,,Biopsy,89,91,134,138,179,179
Nordquist/Liard,wood,,Trent,,,2023,Bison_Genotypes_2023_230319,14,,Biopsy,89,91,138,138,181,187
Nordquist/Liard,wood,,Trent,,,2023,Bison_Genotypes_2023_230319,15,,Biopsy,89,91,138,140,187,187
Nordquist/Liard,wood,,Trent,,,2023,Bison_Genotypes_2023_230319,16,,Biopsy,89,91,138,138,179,181
Nordquist/Liard,wood,,Trent,,,2023,Bison_Genotypes_2023_230319,17,,Biopsy,89,89,134,140,187,187
Nordquist/Liard,wood,,Trent,,,2023,Bison_Genotypes_2023_230319,18,,Biopsy,91,91,138,138,181,181
Nordquist/Liard,wood,,Trent,,,2023,Bison_Genotypes_2023_230319,19,,Biopsy,89,91,138,138,179,181
Rainbow Lake,wood,,Trent,,,2023,ParksCanadaBisonProject_15Jan2023_Genotypes_Updated,rainbow lake 1,,DNA,91,93,136,136,179,187
Ronald Lake,wood,,Trent,,,2023,Bison_Genotypes_2023_230319,35462,,serum,89,91,134,138,185,191
Ronald Lake,wood,,Trent,,,2023,Bison_Genotypes_2023_230319,35463,,serum,89,91,134,136,185,187
Ronald Lake,wood,,Trent,,,2023,Bison_Genotypes_2023_230319,35464,,serum,89,89,134,136,185,185
Ronald Lake,wood,,Trent,,,2023,Bison_Genotypes_2023_230319,35465,,serum,91,93,134,134,181,187
Ronald Lake,wood,,Trent,,,2023,Bison_Genotypes_2023_230319,35466,,serum,91,93,134,138,185,191
Ronald Lake,wood,,Trent,,,2023,Bison_Genotypes_2023_230319,37488,,serum,89,91,134,136,185,187
Ronald Lake,wood,,Trent,,,2023,Bison_Genotypes_2023_230319,37489,,serum,89,89,134,136,185,185
Ronald Lake,wood,,Trent,,,2023,Bison_Genotypes_2023_230319,37490,,serum,89,89,134,138,185,191
Ronald Lake,wood,,Trent,,,2023,Bison_Genotypes_2023_230319,37491,,serum,89,91,134,136,185,187
Ronald Lake,wood,,Trent,,,2023,Bison_Genotypes_2023_230319,37495,,serum,89,91,138,138,185,191
Ronald Lake,wood,,Trent,,,2023,Bison_Genotypes_2023_230319,37496,,serum,91,93,134,134,185,187
Ronald Lake,wood,,Trent,,,2023,Bison_Genotypes_2023_230319,37497,,serum,89,91,136,136,185,187
Ronald Lake,wood,,Trent,,,2023,ParksCanadaBisonProject_15Jan2023_Genotypes_Updated,12-09,,DNA,89,91,134,136,187,191
Ronald Lake,wood,,Trent,,,2023,ParksCanadaBisonProject_15Jan2023_Genotypes_Updated,12-10,,DNA,89,89,134,136,181,185
Ronald Lake,wood,,Trent,,,2023,ParksCanadaBisonProject_15Jan2023_Genotypes_Updated,12-11,,DNA,91,91,136,138,187,191
Ronald Lake,wood,,Trent,,,2023,ParksCanadaBisonProject_15Jan2023_Genotypes_Updated,12-12,,DNA,89,91,136,136,187,191
Ronald Lake,wood,,Trent,,,2023,ParksCanadaBisonProject_15Jan2023_Genotypes_Updated,12-13,,DNA,89,91,136,136,185,187
Ronald Lake,wood,,Trent,,,2023,ParksCanadaBisonProject_15Jan2023_Genotypes_Updated,12-14,,DNA,91,91,134,136,187,187
Ronald Lake,wood,,Trent,,,2023,ParksCanadaBisonProject_15Jan2023_Genotypes_Updated,12-15,,DNA,89,89,136,136,191,191
Ronald Lake,wood,,Trent,,,2023,ParksCanadaBisonProject_15Jan2023_Genotypes_Updated,12-16,,DNA,89,89,136,136,187,187
Ronald Lake,wood,,Trent,,,2023,ParksCanadaBisonProject_15Jan2023_Genotypes_Updated,12-17,,DNA,89,89,134,136,187,187
Ronald Lake,wood,,Trent,,,2023,ParksCanadaBisonProject_15Jan2023_Genotypes_Updated,12-18,,DNA,89,91,134,136,187,187
Ronald Lake,wood,,Trent,,,2023,ParksCanadaBisonProject_15Jan2023_Genotypes_Updated,12-19,,DNA,89,89,136,136,185,187
Ronald Lake,wood,,Trent,,,2023,ParksCanadaBisonProject_15Jan2023_Genotypes_Updated,12-14B,,DNA,89,91,134,136,175,187
Ronald Lake,wood,,Trent,,,2023,ParksCanadaBisonProject_15Jan2023_Genotypes_Updated,12-17B,,DNA,89,89,134,136,187,191
Ronald Lake,wood,,Trent,,,2023,Bison_Genotypes_2023_230319,6345-207459,,serum,89,91,134,138,185,185
Ronald Lake,wood,,Trent,,,2023,Bison_Genotypes_2023_230319,6346-207496,,serum,91,93,134,134,181,187
Ronald Lake,wood,,Trent,,,2023,Bison_Genotypes_2023_230319,6347-207497,,serum,89,91,134,134,187,187
Ronald Lake,wood,,Trent,,,2023,Bison_Genotypes_2023_230319,6349-207499,,serum,89,89,136,136,185,191
Ronald Lake,wood,,Trent,,,2023,Bison_Genotypes_2023_230319,6350-207500,,serum,89,91,134,136,185,187
Ronald Lake,wood,,Trent,,,2023,Bison_Genotypes_2023_230319,6351-207501,,serum,89,89,136,138,185,185
Ronald Lake,wood,,Trent,,,2023,Bison_Genotypes_2023_230319,RL21-01,,Biopsy,89,89,134,136,185,185
Ronald Lake,wood,,Trent,,,2023,Bison_Genotypes_2023_230319,RL21-02,,Biopsy,89,91,134,138,185,191
Ronald Lake,wood,,Trent,,,2023,Bison_Genotypes_2023_230319,RL21-03,,Biopsy,89,91,136,138,185,187
Ronald Lake,wood,,Trent,,,2023,Bison_Genotypes_2023_230319,RL21-05,,Biopsy,89,91,134,134,185,185
Ronald Lake,wood,,Trent,,,2023,Bison_Genotypes_2023_230319,RL21-06,,Biopsy,89,91,134,136,187,191
Ronald Lake,wood,,Trent,,,2023,Bison_Genotypes_2023_230319,RL21-07,,Biopsy,89,89,136,138,185,191
Ronald Lake,wood,,Trent,,,2023,Bison_Genotypes_2023_230319,RL21-09,,Biopsy,89,89,134,136,187,191
Ronald Lake,wood,,Trent,,,2023,Bison_Genotypes_2023_230319,RL21-10,,Biopsy,89,89,136,138,181,185
Ronald Lake,wood,,Trent,,,2023,Bison_Genotypes_2023_230319,RL21-11,,Biopsy,89,89,136,136,185,187
Ronald Lake,wood,,Trent,,,2023,Bison_Genotypes_2023_230319,RL21-12,,Biopsy,89,89,136,136,185,191
Ronald Lake,wood,,Trent,,,2023,Bison_Genotypes_2023_230319,RL21-13,,Biopsy,91,93,134,136,181,191
Ronald Lake,wood,,Trent,,,2023,Bison_Genotypes_2023_230319,RL21-14,,Biopsy,89,91,136,136,187,191
Ronald Lake,wood,,Trent,,,2023,Bison_Genotypes_2023_230319,RL21-15,,Biopsy,89,89,136,136,187,191
Ronald Lake,wood,,Trent,,,2023,Bison_Genotypes_2023_230319,RL21-17,,Biopsy,89,91,134,136,185,187
Ronald Lake,wood,,Trent,,,2023,Bison_Genotypes_2023_230319,RL21-20,,Biopsy,91,91,134,136,181,185
Ronald Lake,wood,,Trent,,,2023,Bison_Genotypes_2023_230319,RL21-25,,Biopsy,89,89,134,136,185,185
Ronald Lake,wood,,Trent,,,2023,ParksCanadaBisonProject_15Jan2023_Genotypes_Updated,ronald lake fetus,,DNA,89,89,136,138,187,191
Wabasca,wood,,Trent,,,2023,ParksCanadaBisonProject_15Jan2023_Genotypes_Updated,11-04,,DNA,91,99,138,138,181,187
Wabasca,wood,,Trent,,,2023,ParksCanadaBisonProject_15Jan2023_Genotypes_Updated,11-05,,DNA,91,99,138,138,187,187
Wabasca,wood,,Trent,,,2023,ParksCanadaBisonProject_15Jan2023_Genotypes_Updated,11-06,,DNA,91,91,138,138,187,187
Wabasca,wood,,Trent,,,2023,ParksCanadaBisonProject_15Jan2023_Genotypes_Updated,12-01,,DNA,91,99,138,138,187,187
Wabasca,wood,,Trent,,,2023,ParksCanadaBisonProject_15Jan2023_Genotypes_Updated,12-02,,DNA,91,91,138,138,187,187
Wabasca,wood,,Trent,,,2023,ParksCanadaBisonProject_15Jan2023_Genotypes_Updated,12-03,,DNA,89,99,138,138,181,187
Wabasca,wood,,Trent,,,2023,ParksCanadaBisonProject_15Jan2023_Genotypes_Updated,12-05,,DNA,91,91,138,138,187,187
Wabasca,wood,,Trent,,,2023,ParksCanadaBisonProject_15Jan2023_Genotypes_Updated,12-06,,DNA,91,91,138,138,187,187
Wabasca,wood,,Trent,,,2023,ParksCanadaBisonProject_15Jan2023_Genotypes_Updated,12-07,,DNA,99,99,138,138,187,187
Wabasca,wood,,Trent,,,2023,ParksCanadaBisonProject_15Jan2023_Genotypes_Updated,12-08,,DNA,93,99,136,138,181,187
Wabasca,wood,,Trent,,,2023,Bison_Genotypes_2023_230319,150_190,,Hair,91,91,136,138,181,187
Wabasca,wood,,Trent,,,2023,Bison_Genotypes_2023_230319,150_230,,Hair,91,99,138,138,187,187
Wabasca,wood,,Trent,,,2023,Bison_Genotypes_2023_230319,150_250,,Hair,91,99,138,138,187,187
Wabasca,wood,,Trent,,,2023,Bison_Genotypes_2023_230319,150_300,,Hair,91,99,138,138,187,187
Wabasca,wood,,Trent,,,6/13/2024,Bison_2024_Genotypes_ClientCopy,24Wab_001,,Fecal,91,91,136,138,181,187
Wabasca,wood,,Trent,,,6/13/2024,Bison_2024_Genotypes_ClientCopy,24Wab_0010,,Fecal,91,91,138,138,187,187
Wabasca,wood,,Trent,,,6/13/2024,Bison_2024_Genotypes_ClientCopy,24Wab_0011,,Fecal,91,99,138,138,187,187
Wabasca,wood,,Trent,,,6/13/2024,Bison_2024_Genotypes_ClientCopy,24Wab_002,,Fecal,91,91,136,138,181,187
Wabasca,wood,,Trent,,,6/13/2024,Bison_2024_Genotypes_ClientCopy,24Wab_003,,Fecal,91,91,138,138,187,187
Wabasca,wood,,Trent,,,6/13/2024,Bison_2024_Genotypes_ClientCopy,24Wab_005,,Fecal,91,99,138,138,187,187
Wabasca,wood,,Trent,,,6/13/2024,Bison_2024_Genotypes_ClientCopy,24Wab_006,,Fecal,91,91,136,138,181,187
WBNP,wood,,Trent,,,2023,Bison_Genotypes_2023_230319,658,,blood,89,89,134,138,181,187
WBNP,wood,,Trent,,,2023,Bison_Genotypes_2023_230319,88209,,Hair,89,89,136,136,179,187
WBNP,wood,,Trent,,,2023,Bison_Genotypes_2023_230319,659602,,blood,89,89,134,136,181,191
WBNP,wood,,Trent,,,6/13/2024,Bison_2024_Genotypes_ClientCopy,BSN-01,,Tissue - Ear,89,99,136,138,185,191
WBNP,wood,,Trent,,,6/13/2024,Bison_2024_Genotypes_ClientCopy,BSN-02,,Tissue - Ear,91,99,134,138,179,185
WBNP,wood,,Trent,,,6/13/2024,Bison_2024_Genotypes_ClientCopy,BSN-03,,Tissue - Ear,89,91,138,138,181,185
WBNP,wood,,Trent,,,6/13/2024,Bison_2024_Genotypes_ClientCopy,BSN-04,,Tissue - Ear,89,91,134,138,181,181
WBNP,wood,,Trent,,,6/13/2024,Bison_2024_Genotypes_ClientCopy,BSN-05,,Tissue - Ear,89,91,138,142,181,187
WBNP,wood,,Trent,,,6/13/2024,Bison_2024_Genotypes_ClientCopy,BSN-07,,Tissue - Ear,89,89,136,136,179,181
WBNP,wood,,Trent,,,6/13/2024,Bison_2024_Genotypes_ClientCopy,BSN-08,,Tissue - Ear,89,91,140,142,181,181
WBNP,wood,,Trent,,,6/13/2024,Bison_2024_Genotypes_ClientCopy,BSN-25,,Tissue - Ear,89,91,134,136,181,181
WBNP,wood,,Trent,,,6/13/2024,Bison_2024_Genotypes_ClientCopy,BSN-43,,Tissue - Ear,91,93,138,138,175,179
WBNP,wood,,Trent,,,6/13/2024,Bison_2024_Genotypes_ClientCopy,BSN-46,,Tissue - Ear,89,91,134,138,175,181
WBNP,wood,,Trent,,,6/13/2024,Bison_2024_Genotypes_ClientCopy,BSN-47,,Tissue - Ear,89,91,134,138,175,179
WBNP,wood,,Trent,,,6/13/2024,Bison_2024_Genotypes_ClientCopy,BSN-51,,Tissue - Ear,91,91,138,138,181,185
WBNP,wood,,Trent,,,6/13/2024,Bison_2024_Genotypes_ClientCopy,BSN-52,,Tissue - Ear,91,91,138,142,179,185
WBNP,wood,,Trent,,,6/13/2024,Bison_2024_Genotypes_ClientCopy,BSN-55,,Tissue - Ear,89,91,134,138,181,181
WBNP,wood,,Trent,,,6/13/2024,Bison_2024_Genotypes_ClientCopy,BSN-62,,Tissue - Ear,89,91,134,138,179,187
WBNP,wood,,Trent,,,6/13/2024,Bison_2024_Genotypes_ClientCopy,BSN-63,,Tissue - Ear,91,91,138,138,179,181
WBNP,wood,,Trent,,,6/13/2024,Bison_2024_Genotypes_ClientCopy,BSN-64,,Tissue - Ear,91,91,134,138,179,187
WBNP,wood,,Trent,,,6/13/2024,Bison_2024_Genotypes_ClientCopy,BSN-65,,Tissue - Ear,89,91,132,138,179,179
WBNP,wood,,Trent,,,6/13/2024,Bison_2024_Genotypes_ClientCopy,BSN-66,,Tissue - Ear,89,93,132,140,179,181
WBNP,wood,,Trent,,,6/13/2024,Bison_2024_Genotypes_ClientCopy,BSN-67,,Tissue - Ear,89,91,136,138,175,179
WBNP,wood,,Trent,,,6/13/2024,Bison_2024_Genotypes_ClientCopy,BSN-68,,Tissue - Ear,89,89,134,136,181,187
WBNP,wood,,Trent,,,6/13/2024,Bison_2024_Genotypes_ClientCopy,BSN-69,,Tissue - Ear,89,91,134,138,179,181
WBNP,wood,,Trent,,,6/13/2024,Bison_2024_Genotypes_ClientCopy,BSN-70,,Tissue - Ear,89,91,138,138,179,187
WBNP,wood,,Trent,,,6/13/2024,Bison_2024_Genotypes_ClientCopy,BSN-95,,Tissue - Ear,89,91,134,134,187,187
WBNP,wood,,Trent,,,2023,Bison_Genotypes_2023_230319,UKNWN (*NO SAMPLE ID*,,Ear Tissue,89,91,134,138,181,187
WBNP,wood,,Trent,,,6/13/2024,Bison_2024_Genotypes_ClientCopy,WBNP152,,Fecal,89,91,136,136,175,179
WBNP,wood,,Trent,,,6/13/2024,Bison_2024_Genotypes_ClientCopy,WBNP159,,Fecal,89,91,134,134,179,185
WBNP,wood,,Trent,,,6/13/2024,Bison_2024_Genotypes_ClientCopy,WBNP165,,Fecal,89,91,134,136,179,187
WBNP,wood,,Trent,,,6/13/2024,Bison_2024_Genotypes_ClientCopy,WBNP166,,Fecal,89,89,134,136,181,187
WBNP,wood,,Trent,,,6/13/2024,Bison_2024_Genotypes_ClientCopy,WBNP170,,Fecal,89,89,134,140,179,185
WBNP,wood,,Trent,,,6/13/2024,Bison_2024_Genotypes_ClientCopy,WBNP188,,Fecal,89,91,134,138,181,187
WBNP,wood,,Trent,,,6/13/2024,Bison_2024_Genotypes_ClientCopy,WBNP189,,Fecal,89,89,138,138,179,187
WBNP,wood,,Trent,,,6/13/2024,Bison_2024_Genotypes_ClientCopy,WBNP210,,Fecal,89,91,136,138,179,181
WBNP,wood,,Trent,,,6/13/2024,Bison_2024_Genotypes_ClientCopy,WBNP962,,Fecal,89,91,//,//,179,179
WBNP,wood,,Trent,,,6/13/2024,Bison_2024_Genotypes_ClientCopy,WBNP963,,Fecal,89,89,134,138,179,185
WBNP,wood,,Trent,,,6/13/2024,Bison_2024_Genotypes_ClientCopy,WBNP964,,Fecal,91,93,134,138,185,187
WBNP,wood,,Trent,,,6/13/2024,Bison_2024_Genotypes_ClientCopy,WBNP-972-Fe,,Fecal,89,91,134,138,187,187
WBNP,wood,,Trent,,,6/13/2024,Bison_2024_Genotypes_ClientCopy,WBNP-973-Fe,,Fecal,89,91,134,140,179,181
WBNP,wood,,Trent,,,6/13/2024,Bison_2024_Genotypes_ClientCopy,WBNP-974-Fe,,Fecal,89,89,138,138,181,185
WBNP,wood,,Trent,,,6/13/2024,Bison_2024_Genotypes_ClientCopy,WBNP-975-Fe,,Fecal,89,91,136,142,185,187
WBNP,wood,,Trent,,,6/13/2024,Bison_2024_Genotypes_ClientCopy,WBNP-976-Fe,,Fecal,89,91,134,138,175,179
WBNP,wood,,Trent,,,6/13/2024,Bison_2024_Genotypes_ClientCopy,WBNP-977-Fe,,Fecal,89,91,138,138,175,181
WBNP,wood,,Trent,,,6/13/2024,Bison_2024_Genotypes_ClientCopy,WBNP-978-Fe,,Fecal,89,91,134,142,181,187
WBNP,wood,,Trent,,,6/13/2024,Bison_2024_Genotypes_ClientCopy,WBNP-982-Fe,,Fecal,89,91,132,134,175,179
WBNP,wood,,Trent,,,6/13/2024,Bison_2024_Genotypes_ClientCopy,WBNP-983-Fe,,Fecal,89,91,134,138,179,187
WBNP,wood,,Trent,,,6/13/2024,Bison_2024_Genotypes_ClientCopy,WBNP-984-Fe,,Fecal,91,91,136,138,179,187
WBNP,wood,,Trent,,,6/13/2024,Bison_2024_Genotypes_ClientCopy,WPNB967,,Fecal,91,91,134,136,175,179
WBNP,wood,,Trent,,,6/13/2024,Bison_2024_Genotypes_ClientCopy,WPNB968,,Fecal,89,91,138,140,181,187
WBNP,wood,,Trent,,,6/13/2024,Bison_2024_Genotypes_ClientCopy,WPNB969,,Fecal,91,91,134,138,179,179
WBNP/Garden River,wood,,Trent,,,2023,Bison_Genotypes_2023_230319,20,,Hair,89,91,136,136,179,179
WBNP/Garden River,wood,,Trent,,,2023,Bison_Genotypes_2023_230319,40,,Hair,89,89,138,138,187,191
WBNP/Garden River,wood,,Trent,,,2023,Bison_Genotypes_2023_230319,60,,Hair,89,89,138,138,179,187
WBNP/Garden River,wood,,Trent,,,2023,Bison_Genotypes_2023_230319,80,,Hair,89,89,134,134,179,181
WBNP/Garden River,wood,,Trent,,,2023,Bison_Genotypes_2023_230319,100,,Hair,89,91,136,140,187,187
WBNP/Garden River,wood,,Trent,,,2023,Bison_Genotypes_2023_230319,120,,Hair,89,89,132,138,175,181
WBNP/Garden River,wood,,Trent,,,2023,Bison_Genotypes_2023_230319,140,,Hair,89,89,136,138,179,187
WBNP/Garden River,wood,,Trent,,,2023,Bison_Genotypes_2023_230319,160,,Hair,89,93,134,136,179,179
WBNP/Garden River,wood,,Trent,,,2023,Bison_Genotypes_2023_230319,180,,Hair,91,91,132,138,179,187
WBNP/Garden River,wood,,Trent,,,2023,Bison_Genotypes_2023_230319,200,,Hair,89,89,134,138,179,185
WBNP/Garden River,wood,,Trent,,,2023,Bison_Genotypes_2023_230319,220,,Hair,89,91,136,136,175,181
WBNP/Garden River,wood,,Trent,,,2023,Bison_Genotypes_2023_230319,240,,Hair,89,89,136,138,175,187
WBNP/Garden River,wood,,Trent,,,2023,Bison_Genotypes_2023_230319,260,,blood,89,93,136,136,179,187
WBNP/Garden River,wood,,Trent,,,2023,Bison_Genotypes_2023_230319,280,,Hair,89,91,136,138,179,181
WBNP/Garden River,wood,,Trent,,,2023,Bison_Genotypes_2023_230319,300,,Hair,91,91,136,140,187,187
WBNP/Garden River,wood,,Trent,,,2023,Bison_Genotypes_2023_230319,320,,Hair,91,93,136,136,175,187
WBNP/Garden River,wood,,Trent,,,2023,Bison_Genotypes_2023_230319,340,,Hair,89,93,134,138,187,187
WBNP/Garden River,wood,,Trent,,,2023,Bison_Genotypes_2023_230319,360,,Hair,89,89,136,138,187,191
WBNP/Garden River,wood,,Trent,,,2023,Bison_Genotypes_2023_230319,380,,Hair,89,91,136,138,179,185
WBNP/Hay Camp,wood,,Trent,,,2023,Bison_Genotypes_2023_230319,BSN-107 (Yearling Female),,Ear Tissue,89,89,138,138,179,187
WBNP/Hay Camp,wood,,Trent,,,2023,Bison_Genotypes_2023_230319,BSN-49,,Ear Tissue,89,91,134,138,181,187
WBNP/Hay Camp,wood,,Trent,,,2023,Bison_Genotypes_2023_230319,BSN-50,,Ear Tissue,89,91,136,138,181,187
WBNP/Hay Camp,wood,,Trent,,,2023,Bison_Genotypes_2023_230319,BSN-57,,Ear Tissue,89,89,138,138,181,187
WBNP/Hay Camp,wood,,Trent,,,2023,Bison_Genotypes_2023_230319,BSN-60,,Ear Tissue,89,89,134,136,181,187
WBNP/Hay Camp,wood,,Trent,,,2023,Bison_Genotypes_2023_230319,BSN-61,,Ear Tissue,89,89,136,136,179,185
WBNP/Hay Camp,wood,,Trent,,,2023,Bison_Genotypes_2023_230319,BSN71,,Biopsy,89,91,134,138,185,187
WBNP/Hay Camp,wood,,Trent,,,2023,Bison_Genotypes_2023_230319,BSN81,,Biopsy,89,91,134,136,181,181
WBNP/Hay Camp,wood,,Trent,,,2023,Bison_Genotypes_2023_230319,BSN82,,Biopsy,89,91,134,136,181,187
WBNP/Hay Camp,wood,,Trent,,,2023,Bison_Genotypes_2023_230319,BSN83,,Biopsy,89,91,134,134,187,191
WBNP/Hay Camp,wood,,Trent,,,2023,Bison_Genotypes_2023_230319,BSN84,,Biopsy,91,91,134,138,187,187
WBNP/Hay Camp,wood,,Trent,,,2023,Bison_Genotypes_2023_230319,BSN86,,Biopsy,89,91,138,140,179,187
WBNP/Hay Camp,wood,,Trent,,,2023,Bison_Genotypes_2023_230319,BSN87,,Biopsy,89,91,134,142,175,187
WBNP/Hay Camp,wood,,Trent,,,2023,Bison_Genotypes_2023_230319,BSN97,,Biopsy,91,93,138,138,181,185
WBNP/Hay Camp,wood,,Trent,,,2023,Bison_Genotypes_2023_230319,BSN98,,Biopsy,89,91,134,138,181,187
WBNP/Hay Camp,wood,,Trent,,,2023,Bison_Genotypes_2023_230319,BSN99,,Biopsy,89,91,138,138,179,181
WBNP/Nyarling,wood,,Trent,,,2023,Bison_Genotypes_2023_230319,BlueDart4,,Biopsy,89,91,136,138,181,187
WBNP/Nyarling,wood,,Trent,,,2023,Bison_Genotypes_2023_230319,BSN-08,,Ear Tissue,91,91,136,140,181,187
WBNP/Nyarling,wood,,Trent,,,2023,Bison_Genotypes_2023_230319,BSN-107 (Adult Male),,Ear Tissue,89,91,136,142,179,187
WBNP/Nyarling,wood,,Trent,,,2023,Bison_Genotypes_2023_230319,BSN-108,,Ear Tissue,89,93,134,138,181,185
WBNP/Nyarling,wood,,Trent,,,2023,Bison_Genotypes_2023_230319,BSN-117,,Ear Tissue,89,91,134,142,179,179
WBNP/Nyarling,wood,,Trent,,,2023,Bison_Genotypes_2023_230319,BSN-43,,Ear Tissue,91,93,138,138,175,179
WBNP/Nyarling,wood,,Trent,,,2023,Bison_Genotypes_2023_230319,BSN-44,,Ear Tissue,89,91,134,140,179,185
WBNP/Nyarling,wood,,Trent,,,2023,Bison_Genotypes_2023_230319,BSN-58,,Ear Tissue,89,91,134,138,175,179
WBNP/Nyarling,wood,,Trent,,,2023,Bison_Genotypes_2023_230319,BSN-59,,Ear Tissue,91,91,134,138,181,187
WBNP/Nyarling,wood,,Trent,,,2023,Bison_Genotypes_2023_230319,BSN72,,Biopsy,89,91,134,138,179,187
WBNP/Nyarling,wood,,Trent,,,2023,Bison_Genotypes_2023_230319,BSN90,,Biopsy,89,91,138,138,179,181
WBNP/Nyarling,wood,,Trent,,,2023,Bison_Genotypes_2023_230319,BSN91,,Biopsy,91,91,134,138,187,187
WBNP/Nyarling,wood,,Trent,,,2023,Bison_Genotypes_2023_230319,BSN92,,Biopsy,89,91,136,138,179,179
WBNP/Nyarling,wood,,Trent,,,2023,Bison_Genotypes_2023_230319,dart4-03,,Biopsy,89,89,134,138,179,187
WBNP/Slave River Lowlands,wood,,Trent,,,2023,Bison_Genotypes_2023_230319,BSN-102,,Ear Tissue,89,91,138,138,179,187
WBNP/Slave River Lowlands,wood,,Trent,,,2023,Bison_Genotypes_2023_230319,BSN-103,,Ear Tissue,89,91,134,134,179,181
WBNP/Slave River Lowlands,wood,,Trent,,,2023,Bison_Genotypes_2023_230319,BSN-104,,Ear Tissue,89,89,134,138,181,181
WBNP/Slave River Lowlands,wood,,Trent,,,2023,Bison_Genotypes_2023_230319,BSN-105,,Ear Tissue,91,91,136,140,181,187
WBNP/Slave River Lowlands,wood,,Trent,,,2023,Bison_Genotypes_2023_230319,BSN-106,,Ear Tissue,89,89,136,140,181,187
WBNP/Slave River Lowlands,wood,,Trent,,,2023,Bison_Genotypes_2023_230319,BSN-112,,Ear Tissue,89,99,138,138,175,181
WBNP/Slave River Lowlands,wood,,Trent,,,2023,Bison_Genotypes_2023_230319,BSN-113,,Ear Tissue,89,89,138,142,175,179
WBNP/Slave River Lowlands,wood,,Trent,,,2023,Bison_Genotypes_2023_230319,BSN-114,,Ear Tissue,89,91,134,138,175,187
WBNP/Slave River Lowlands,wood,,Trent,,,2023,Bison_Genotypes_2023_230319,BSN-115,,Ear Tissue,91,99,134,138,175,181
WBNP/Slave River Lowlands,wood,,Trent,,,2023,Bison_Genotypes_2023_230319,BSN-116,,Ear Tissue,91,91,136,142,181,187
WBNP/Slave River Lowlands,wood,,Trent,,,2023,Bison_Genotypes_2023_230319,BSN-118,,Ear Tissue,89,89,134,134,179,185
WBNP/Slave River Lowlands,wood,,Trent,,,2023,Bison_Genotypes_2023_230319,BSN-119,,Ear Tissue,89,89,134,134,181,191
WBNP/Slave River Lowlands,wood,,Trent,,,2023,Bison_Genotypes_2023_230319,BSN-47,,Ear Tissue,89,91,134,138,175,179
WBNP/Slave River Lowlands,wood,,Trent,,,2023,Bison_Genotypes_2023_230319,BSN-48,,Ear Tissue,89,91,134,136,179,181
WBNP/Slave River Lowlands,wood,,Trent,,,2023,Bison_Genotypes_2023_230319,BSN73,,Biopsy,89,89,136,138,179,181
WBNP/Slave River Lowlands,wood,,Trent,,,2023,Bison_Genotypes_2023_230319,BSN75,,Biopsy,89,91,138,142,175,187
WBNP/Slave River Lowlands,wood,,Trent,,,2023,Bison_Genotypes_2023_230319,BSN76-1,,Biopsy,89,89,134,134,179,181
WBNP/Slave River Lowlands,wood,,Trent,,,2023,Bison_Genotypes_2023_230319,BSN76-2,,Biopsy,89,91,138,142,175,187
WBNP/Sweetgrass,wood,,Trent,,,2023,Bison_Genotypes_2023_230319,88210,,Hair,89,91,134,136,181,187
WBNP/Sweetgrass,wood,,Trent,,,2023,Bison_Genotypes_2023_230319,88211,,Hair,89,91,136,140,185,187
WBNP/Sweetgrass,wood,,Trent,,,2023,Bison_Genotypes_2023_230319,88212,,Hair,89,89,134,136,181,191
WBNP/Sweetgrass,wood,,Trent,,,2023,Bison_Genotypes_2023_230319,88213,,Hair,89,89,134,138,185,187
WBNP/Sweetgrass,wood,,Trent,,,2023,Bison_Genotypes_2023_230319,88214,,Hair,91,91,136,136,179,185
WBNP/Sweetgrass,wood,,Trent,,,2023,Bison_Genotypes_2023_230319,88216,,Hair,91,91,134,138,175,179
WBNP/Sweetgrass,wood,,Trent,,,2023,Bison_Genotypes_2023_230319,88217,,Hair,89,89,136,140,179,187
WBNP/Sweetgrass,wood,,Trent,,,2023,Bison_Genotypes_2023_230319,88218,,Hair,89,93,136,138,179,185
WBNP/Sweetgrass,wood,,Trent,,,2023,Bison_Genotypes_2023_230319,88219,,Hair,89,91,134,138,179,181
WBNP/Sweetgrass,wood,,Trent,,,2023,Bison_Genotypes_2023_230319,88220,,Hair,89,91,136,136,187,187
WBNP/Sweetgrass,wood,,Trent,,,2023,Bison_Genotypes_2023_230319,88221,,Hair,89,89,134,134,175,187
WBNP/Sweetgrass,wood,,Trent,,,2023,Bison_Genotypes_2023_230319,88222,,Hair,91,91,136,136,175,187
WBNP/Sweetgrass,wood,,Trent,,,2023,Bison_Genotypes_2023_230319,88223,,Hair,89,93,132,136,179,187
WBNP/Sweetgrass,wood,,Trent,,,2023,Bison_Genotypes_2023_230319,88224,,Hair,89,89,136,136,181,187
WBNP/Sweetgrass,wood,,Trent,,,2023,Bison_Genotypes_2023_230319,88225,,Hair,89,89,136,136,181,181
WBNP/Sweetgrass,wood,,Trent,,,2023,Bison_Genotypes_2023_230319,88226,,Hair,89,89,136,138,187,187
WBNP/Sweetgrass,wood,,Trent,,,2023,Bison_Genotypes_2023_230319,88227,,Hair,89,89,136,136,181,181
WBNP/Sweetgrass,wood,,Trent,,,2023,Bison_Genotypes_2023_230319,88228,,Hair,89,91,136,138,175,185
WBNP/Sweetgrass,wood,,Trent,,,2023,Bison_Genotypes_2023_230319,88251,,Hair,89,89,136,138,181,187
Wentzel,wood,,Trent,,,2023,ParksCanadaBisonProject_15Jan2023_Genotypes_Updated,11-01,,DNA,89,91,136,138,187,187
Wentzel,wood,,Trent,,,2023,ParksCanadaBisonProject_15Jan2023_Genotypes_Updated,11-02,,DNA,93,93,132,136,187,187
Wentzel,wood,,Trent,,,2023,ParksCanadaBisonProject_15Jan2023_Genotypes_Updated,11-08,,DNA,89,93,134,136,175,179
Wentzel,wood,,Trent,,,2023,ParksCanadaBisonProject_15Jan2023_Genotypes_Updated,11-10,,DNA,89,89,140,140,187,187
Wentzel,wood,,Trent,,,2023,ParksCanadaBisonProject_15Jan2023_Genotypes_Updated,11-11,,DNA,91,93,136,140,187,187
