Kit #,Sample name,Description,Contact,Date received at LeRDC/Sherbrooke,Condition on Arrival,Sample temperature,Bison Sex,Age,Bison Herd,Area,Bison subspecies,Date of Collection,Location (GPS?),Notes,date of gDNA extraction,DNA/Sample sent to Trent,Metagenomic,5 mL tube,2 mL tube,Ziploc,Comments,,1
121,BNP-121-Fe,RNA later/Fecal,Saundi Stevens,6/14/2022,Thawed,Frozen,Unknown,Adult,Banff National Park Main Herd,Banff National Park,Plain,1/11/2022,11u 593243  5717168,,10/14/2022,,1/12/2023,x,,,,,
122,BNP-122-Fe,RNA later/Fecal,Saundi Stevens,6/14/2022,Thawed,Frozen,Unknown,Adult,Banff National Park Main Herd,Banff National Park,Plain,1/11/2022,11u 593232  5717159,,10/14/2022,11/16/2022,1/12/2023,x,,,,,
123,BNP-123-Fe,RNA later/Fecal,Saundi Stevens,6/14/2022,Thawed,Frozen,Unknown,NA,Banff National Park Main Herd,Banff National Park,Plain,3/12/2022,utm 11u 0593035  5716384,,10/14/2022,,1/12/2023,x,,,,,
124,BNP-124-Fe,RNA later/Fecal,Saundi Stevens,6/14/2022,Thawed,Frozen,Unknown,NA,Banff National Park Main Herd,Banff National Park,Plain,3/12/2022,utm 11u 0593035 5716384,,10/14/2022,,1/12/2023,x,,,,,
125,BNP-125-Fe,RNA later/Fecal,Saundi Stevens,6/14/2022,Thawed,Warm,Unknown,NA,Banff National Park Main Herd,Banff National Park,Plain,5/10/2022,"0580472, 5724446",,10/14/2022,11/16/2022,1/12/2023,x,,,,,
126,BNP-126-Fe,RNA later/Fecal,Saundi Stevens,6/14/2022,Thawed,Warm,Male,NA,Banff National Park Main Herd,Banff National Park,Plain,5/10/2022,"11u 580248, 5724616",scotch,10/14/2022,,1/12/2023,x,,,,,
127,BNP-127-Fe,RNA later/Fecal,Saundi Stevens,6/14/2022,Thawed,NA,Unknown,NA,Banff National Park Main Herd,Banff National Park,Plain,5/10/2022,580425 5724441,scotch,10/27/2022,11/16/2022,1/12/2023,x,,,,,
128,BNP-128-Fe,RNA later/Fecal,Saundi Stevens,6/14/2022,Thawed,Cold,Male,Adult,Banff National Park Main Herd,Banff National Park,Plain,5/27/2022,utm 11u 0593961 5717201,,10/14/2022,11/16/2022,1/12/2023,x,,,,,
129,BNP-129-Fe,RNA later/Fecal,Saundi Stevens,6/14/2022,Thawed,Cold,Unknown,NA,Banff National Park Main Herd,Banff National Park,Plain,6/8/2022,11u 580708E 5724327N,,10/14/2022,11/16/2022,1/12/2023,x,,,,,
130,BNP-130-Fe,RNA later/Fecal,Saundi Stevens,6/14/2022,Thawed,Cold,Unknown,NA,Banff National Park Main Herd,Banff National Park,Plain,6/8/2022,11u 580710E 5724037 N,,10/14/2022,11/16/2022,1/12/2023,x,,,,,
131,BNP-131-Fe,RNA later/Fecal,Saundi Stevens,6/14/2022,Thawed,Cold,Unknown,NA,Banff National Park Main Herd,Banff National Park,Plain,6/8/2022,11u 05804831 5724436,51.66512  X  115.83630,10/14/2022,11/16/2022,1/12/2023,x,,,,,
133,BNP-133-Fe,RNA later/Fecal,Karsten Heuer,5/24/2023,Frozen,Cold,unknown,Unknown,env 50 head,Banff National Park,Plain,7/25/2022,51.739366-115.9228477,,11/8/2024,,,,,,,,
134,BNP-134-Fe,RNA later/Fecal,Karsten Heuer,5/24/2023,Frozen,Cold,unknown,Unknown,env 50 head,Banff National Park,Plain,7/25/2022,51.73935-115.927669,,11/8/2024,,,,,,,,
135,BNP-135-Fe,RNA later/Fecal,Karsten Heuer,5/24/2023,Frozen,Frozen,unknown,Young adult or adult,Banff National Park Main Herd,Banff National Park,Plain,1/8/2023,utm 11u 592397/5715756,,11/8/2024,,,,,,,,
136,BNP-136-Fe,RNA later/Fecal,Karsten Heuer,5/24/2023,Frozen,Warm,unknown,Young adult or adult,Banff National Park Main Herd,Banff National Park,Plain,10/17/2022,51.66226-115.83659,,11/8/2024,,,,,,,,
137,BNP-137-Fe,RNA later/Fecal,Karsten Heuer,5/24/2023,Frozen,Warm,unknown,Young adult or adult,Banff National Park Main Herd,Banff National Park,Plain,10/17/2022,51.66226-115.83659,,11/8/2024,,,,,,,,
138,BNP-138-Fe,RNA later/Fecal,Karsten Heuer,5/24/2023,Frozen,Frozen,unknown,Young adult or adult,Banff National Park Main Herd,Banff National Park,Plain,1/8/2023,utm 11u 592397/5715756,,11/8/2024,,,,,,,,
139,BNP-139-Fe,RNA later/Fecal,Karsten Heuer,5/24/2023,Frozen,Frozen,unknown,Young adult or adult,Banff National Park Main Herd,Banff National Park,Plain,1/9/2023,utm 11u 593894/5717366,,11/8/2024,,,,,,,,
140,BNP-140-Fe,RNA later/Fecal,Karsten Heuer,5/24/2023,Frozen,Warm,unknown,Young adult or adult,Banff National Park Main Herd,Banff National Park,Plain,10/17/2022,51.66226-115.8366,,11/8/2024,,,,,,,,
141,BNP-141-Fe,RNA later/Fecal,Karsten Heuer,5/24/2023,Frozen,Cold,unknown,NA,Banff (Panther Valley),Banff National Park,Plain,2/17/2023,51.582551-115.677286,,11/8/2024,,,,,,,,
142,BNP-142-Fe,RNA later/Fecal,Karsten Heuer,5/24/2023,Frozen,Cold,unknown,Adult,Banff,Banff National Park,Plain,3/7/2023,51.681139-115.731929,,11/8/2024,,,,,,,,
143,BNP-143-Fe,RNA later/Fecal,Karsten Heuer,5/24/2023,Frozen,Frozen,unknown,Young adult or adult,Banff National Park Main Herd,Banff National Park,Plain,4/6/2023,"51.59742,-115.65441",,11/8/2024,,,,,,,,
144,BNP-144-Fe,RNA later/Fecal,Karsten Heuer,5/24/2023,Frozen,Warm,Female,NA,Banff National Park Main Herd,Banff National Park,Plain,5/12/2023,51.693479-115.710914,,11/8/2024,,,,,,,,
145,BNP-145-Fe,RNA later/Fecal,Dillon Watt,,Frozen,Warm,unknown,unknown,Banff National Park,Red Deer Valley,Plain,8/2/2023,11U 580526  5724429,,11/7/2024,,,,,,,,
146,BNP-146-Fe,RNA later/Fecal,Dillon Watt,,,Warm,unknown,unknown,Banff National Park,Red Deer Valley,Plain,7/22/2023,11U 578327  5724916,,11/7/2024,,,,,,,,
148,BNP-148-Fe,RNA later/Fecal,Dillon Watt,,,Warm,unknown,unknown,Banff National Park,Middle Panther,Plain,11/6/2023,11U 593296  5716094,,11/7/2024,,,,,,,,
149,BNP-149-Fe,RNA later/Fecal,Dillon Watt,,,Warm,unknown,unknown,Banff National Park,Middle Panther,Plain,9/25/2023,11U 593357  5715896,,11/7/2024,,,,,,,,
150,BNP-150-Fe,RNA later/Fecal,Dillon Watt,,,Warm,unknown,unknown,Banff National Park,Red Deer Valley,Plain,8/3/2023,11U 586600  5725990,,11/7/2024,,,,,,,,
1000,EINP-1000-fe,fecal,Reshma Rizvi,9/12/2023,Frozen,Fresh from rectum,F,~3 yrs,Elk Island National Park,Elk Island National Park,Wood,7/13/2023,"53.5661, -112.9230",WB0036,3/12/2024,,,,,,,,
1001,EINP-1001-fe,fecal,Reshma Rizvi,9/12/2023,Frozen,Fresh from rectum,F,~3 yrs,Elk Island National Park,Elk Island National Park,Wood,7/13/2023,"53.5660, -112.9143",WB0037,3/12/2024,,,,,,,,
1002,EINP-1002-fe,fecal,Reshma Rizvi,9/12/2023,Frozen,Fresh from rectum,M,~7 yrs,Elk Island National Park,Elk Island National Park,Wood,7/13/2023,"53.5603, -112.8546",WB0019,3/12/2024,,,,,,,,
1003,EINP-1003-fe,fecal,Reshma Rizvi,9/12/2023,Frozen,Fresh from rectum,F,~6 yrs,Elk Island National Park,Elk Island National Park,Wood,7/14/2023,"53.5600, -112.8533",WB0038,3/14/2024,,,,,,,,
1004,EINP-1004-fe,fecal,Reshma Rizvi,9/12/2023,Frozen,Fresh from rectum,F,~8 yrs,Elk Island National Park,Elk Island National Park,Wood,7/14/2023,"53.5594, -112.8529",WB0039,3/14/2024,,,,,,,,
1005,EINP-1005-fe,fecal,Reshma Rizvi,9/12/2023,Frozen,Fresh from rectum,F,~10 yrs,Elk Island National Park,Elk Island National Park,Wood,7/14/2023,"53.5603, -112.8499",WB0040,3/14/2024,,,,,,,,
1182,EINP-1182-fe,Fecal,David Bruinsma,9/10/2024,Frozen,Warm,Unknown,Adult,Wood Bison - EINP,Elk Island National Park,Wood,6/26/2024,53.561130,-112.850689,10/4/2024,,,,,,Thawed upon arrival at Saskatoon - Subsampled (2024-09-13),,
1183,EINP-1183-fe,Fecal,David Bruinsma,9/10/2024,Frozen,Warm,Unknown,Adult,Plains Bison - EINP,Elk Island National Park,Plain,7/31/2024,53.59458,-112.84226,10/4/2024,,,,,,Thawed upon arrival at Saskatoon - Subsampled (2024-09-20),,
1184,EINP-1184,Fecal,David Bruinsma,6/20/2024,Frozen,Warm,unknown,unknown,Elk Island National Park,Elk Island National Park,Plain,1/3/2024,"53.63350, -112.85699",,8/5/2024,,,,,,Subsampled (2024-08-01),,
1185,EINP-1185-fe,Fecal,David Bruinsma,9/10/2024,Frozen,Warm,Unknown,Unknown,Wood Bison - EINP,Elk Island National Park,Wood,6/26/2024,53.56155,-112.85365,10/4/2024,,,,,,Thawed upon arrival at Saskatoon - Subsampled (2024-09-13),,
1186,EINP-1186,Fecal,David Bruinsma,6/20/2024,Frozen,Warm,unknown,unknown,Elk Island National Park,Elk Island National Park,Wood,3/31/2024,"53.56013,-112.84988",,8/5/2024,,,,,,Subsampled (2024-08-01),,
1187,EINP-1187,Fecal,David Bruinsma,6/20/2024,Frozen,Warm,Female,Adult,Elk Island National Park,Elk Island National Park,Plain,3/31/2024,"53.58113,-112.82831",,8/5/2024,,,,,,Subsampled (2024-08-01),,
1188,EINP-1188,Fecal,David Bruinsma,6/20/2024,Frozen,Warm,Male,Adult,Elk Island National Park,Elk Island National Park,Plain,3/31/2024,"53.63366, -112.85774",,8/5/2024,,,,,,Subsampled (2024-08-01),,
1189,EINP-1189-fe,Fecal,David Bruinsma,9/10/2024,Frozen,Warm,Unknown,Adult,Wood Bison - EINP,Elk Island National Park,Wood,6/26/2024,53.56112,-112.84999,10/4/2024,,,,,,Thawed upon arrival at Saskatoon - Subsampled (2024-09-20),,
1190,EINP-1190-fe,Fecal,David Bruinsma,9/10/2024,Frozen,Warm,Male,Adult,Wood Bison - EINP,Elk Island National Park,Wood,5/29/2024,53.52300,-112.93799,10/4/2024,,,,,,Thawed upon arrival at Saskatoon - Subsampled (2024-09-13),,
1192,EINP-1192-fe,Fecal,David Bruinsma,9/10/2024,Frozen,Warm,Unknown,Adult,Plains Bison - EINP,Elk Island National Park,Plain,6/26/2024,53.59573,-112.82803,10/4/2024,,,,,,Thawed upon arrival at Saskatoon - Subsampled (2024-09-20),,
1193,EINP-1193-fe,Fecal,David Bruinsma,9/10/2024,Frozen,Warm,Unknown,Adult,Plains Bison - EINP,Elk Island National Park,Plain,6/26/2024,53.57935,-112.80679,10/4/2024,,,,,,Thawed upon arrival at Saskatoon - Subsampled (2024-09-20),,
1195,EINP-1195,Fecal,David Bruinsma,6/20/2024,Frozen,Warm,unknown,unknown,Elk Island National Park,Elk Island National Park,Wood,1/5/2024,"53.56875, -112.82357",,8/5/2024,,,,,,Subsampled (2024-08-01),,
1198,EINP-1198,Fecal,David Bruinsma,6/20/2024,Frozen,Warm,Female,2-4 years,Elk Island National Park,Elk Island National Park,Plain,3/30/2024,"53.59575, -112.83808",,8/5/2024,,,,,,Subsampled (2024-08-01),,
1199,EINP-1199-fe,Fecal,David Bruinsma,9/10/2024,Frozen,Warm,Unknown,Adult,Wood Bison - EINP,Elk Island National Park,Wood,6/26/2024,53.56125,-112.85121,10/4/2024,,,,,,Thawed upon arrival at Saskatoon - Subsampled (2024-09-20),,
1200,EINP-1200,Fecal,David Bruinsma,6/20/2024,Frozen,Warm,Male,2-4 years,Elk Island National Park,Elk Island National Park,Plain,2/6/2024,"53.583327, -112.831060",,8/5/2024,,,,,,Subsampled (2024-08-01),,
1201,EINP-1201,Fecal,David Bruinsma,6/20/2024,Frozen,Warm,Female,Adult,Elk Island National Park,Elk Island National Park,Plain,2/6/2024,"53.583298, -112.831013",,8/5/2024,,,,,,Subsampled (2024-08-01),,
1202,EINP-1202-fe,Fecal,David Bruinsma,9/10/2024,Frozen,Warm,Unknown,Unknown,Plains Bison - EINP,Elk Island National Park,Plain,6/26/2024,53.57599,-112.81409,10/4/2024,,,,,,Thawed upon arrival at Saskatoon - Subsampled (2024-09-20),,
1204,EINP-1204-fe,Fecal,David Bruinsma,9/10/2024,Frozen,Warm,Male,Young Adult (2-4 years),Plains Bison - EINP,Elk Island National Park,Plain,8/26/2024,53.57956,-112.81137,10/4/2024,,,,,,Thawed upon arrival at Saskatoon - Subsampled (2024-09-13),,
1205,EINP-1205-fe,Fecal,David Bruinsma,9/10/2024,Frozen,Warm,Female,Adult,Plains Bison - EINP,Elk Island National Park,Plain,6/26/2024,53.58132,-112.82479,10/4/2024,,,,,,Thawed upon arrival at Saskatoon - Subsampled (2024-09-20),,
1206,EINP-1206,Fecal,David Bruinsma,6/20/2024,Frozen,Warm,Female,Adult,Elk Island National Park,Elk Island National Park,Wood,3/31/2024,"53.56007, -112.84984",,8/5/2024,,,,,,Subsampled (2024-08-01),,
1207,EINP-1207,Fecal,David Bruinsma,6/20/2024,Frozen,Cold,unknown,unknown,Elk Island National Park,Elk Island National Park,Wood,1/4/2024,"53.56059, -112.85313",,8/5/2024,,,,,,Subsampled (2024-08-01),,
1209,EINP-1209-fe,Fecal,David Bruinsma,9/10/2024,Frozen,Warm,Female,Young Adult (2-4 years),Plains Bison - EINP,Elk Island National Park,Plain,8/26/2024,53.57952,-112.81121,10/4/2024,,,,,,Thawed upon arrival at Saskatoon - Subsampled (2024-09-13),,
1210,EINP-1210,Fecal,David Bruinsma,6/20/2024,Frozen,Warm,unknown,Adult,Elk Island National Park,Elk Island National Park,Plain,2/25/2024,"53.597723, -112.839207",,8/5/2024,,,,,,Subsampled (2024-08-01),,
1235,EINP-1235-fe,Fecal,David Bruinsma,9/10/2024,Frozen,Warm,Unknown,Adult,Wood Bison - EINP,Elk Island National Park,Wood,8/29/2024,53.55973,-112.85316,10/4/2024,,,,,,Thawed upon arrival at Saskatoon - Subsampled (2024-09-13),,
1236,EINP-1236-fe,Fecal,David Bruinsma,9/10/2024,Frozen,Warm,Unknown,Young Adult (2-4 years),Plains Bison - EINP,Elk Island National Park,Plain,7/31/2024,53.59279,-112.83882,10/3/2024,,,,,,Thawed upon arrival at Saskatoon - Subsampled (2024-09-13),,
1237,EINP-1237-fe,Fecal,David Bruinsma,9/10/2024,Frozen,Warm,Unknown,Young Adult (2-4 years),Plains Bison - EINP,Elk Island National Park,Plain,7/31/2024,53.59264,-112.83948,10/3/2024,,,,,,Thawed upon arrival at Saskatoon - Subsampled (2024-09-13),,
1238,EINP-1238-fe,Fecal,David Bruinsma,9/10/2024,Frozen,Warm,Unknown,Adult,Plains Bison - EINP,Elk Island National Park,Plain,7/31/2024,53.59445,-112.83385,10/3/2024,,,,,,Thawed upon arrival at Saskatoon - Subsampled (2024-09-13),,
1239,EINP-1239-fe,Fecal,David Bruinsma,9/10/2024,Frozen,Warm,Unknown,Adult,Wood Bison - EINP,Elk Island National Park,Wood,7/31/2024,53.56533,-112.90257,10/3/2024,,,,,,Thawed upon arrival at Saskatoon - Subsampled (2024-09-20),,
1240,EINP-1240-fe,Fecal,David Bruinsma,9/10/2024,Frozen,Warm,Unknown,Adult,Plains Bison - EINP,Elk Island National Park,Plain,7/31/2024,53.59462,-112.84489,10/3/2024,,,,,,Thawed upon arrival at Saskatoon - Subsampled (2024-09-20),,
1241,EINP-1241-fe,Fecal,David Bruinsma,9/10/2024,Frozen,Warm,Unknown,Young Adult (2-4 years),Plains Bison - EINP,Elk Island National Park,Plain,6/26/2024,53.58523,-112.82951,10/4/2024,,,,,,Thawed upon arrival at Saskatoon - Subsampled (2024-09-13),,
1242,EINP-1242-fe,Fecal,David Bruinsma,9/10/2024,Frozen,Warm,Male,Adult,Wood Bison - EINP,Elk Island National Park,Wood,8/29/2024,53.55985,-112.85352,10/3/2024,,,,,,Thawed upon arrival at Saskatoon - Subsampled (2024-09-13),,
1243,EINP-1243-fe,Fecal,David Bruinsma,9/10/2024,Frozen,Warm,Unknown,Young Adult (2-4 years),Plains Bison - EINP,Elk Island National Park,Plain,6/26/2024,53.57861,-112.82395,10/3/2024,,,,,,Thawed upon arrival at Saskatoon - Subsampled (2024-09-20),,
1244,EINP-1244-fe,Fecal,David Bruinsma,9/10/2024,Frozen,Warm,Unknown,Unknown,Wood Bison - EINP,Elk Island National Park,Wood,6/26/2024,53.55957,-112.85445,10/3/2024,,,,,,Thawed upon arrival at Saskatoon - Subsampled (2024-09-20),,
1245,EINP-1245-fe,Fecal,David Bruinsma,9/10/2024,Frozen,Warm,Male,Adult,Plains Bison - EINP,Elk Island National Park,Plain,6/26/2024,53.57589,-112.81407,10/3/2024,,,,,,Thawed upon arrival at Saskatoon - Subsampled (2024-09-13),,
1246,EINP-1246-fe,Fecal,David Bruinsma,9/10/2024,Frozen,Warm,Unknown,Young Adult (2-4 years),Wood Bison - EINP,Elk Island National Park,Wood,6/26/2024,53.56107,-112.85400,10/3/2024,,,,,,Thawed upon arrival at Saskatoon - Subsampled (2024-09-20),,
1247,EINP-1247-fe,Fecal,David Bruinsma,9/10/2024,Frozen,Warm,Unknown,Adult,Wood Bison - EINP,Elk Island National Park,Wood,7/31/2024,53.56550,-112.90395,10/3/2024,,,,,,Thawed upon arrival at Saskatoon - Subsampled (2024-09-13),,
1248,EINP-1248-fe,Fecal,David Bruinsma,9/10/2024,Frozen,Warm,Unknown,Young Adult (2-4 years),Wood Bison - EINP,Elk Island National Park,Wood,7/31/2024,53.56699,-112.91537,10/3/2024,,,,,,Thawed upon arrival at Saskatoon - Subsampled (2024-09-13),,
1249,EINP-1249-fe,Fecal,David Bruinsma,9/10/2024,Frozen,Warm,Unknown,Adult,Plains Bison - EINP,Elk Island National Park,Plain,6/26/2024,53.58101,-112.82330,10/3/2024,,,,,,Thawed upon arrival at Saskatoon - Subsampled (2024-09-13),,
1250,EINP-1250-fe,Fecal,David Bruinsma,9/10/2024,Frozen,Warm,Unknown,Unknown,Wood Bison - EINP,Elk Island National Park,Wood,6/26/2024,53.55926,-112.85316,10/3/2024,,,,,,Thawed upon arrival at Saskatoon - Subsampled (2024-09-20),,
1251,EINP-1251-fe,Fecal,David Bruinsma,9/10/2024,Frozen,Warm,Unknown,Adult,Wood Bison - EINP,Elk Island National Park,Wood,6/26/2024,53.56100,-112.85300,10/3/2024,,,,,,Thawed upon arrival at Saskatoon - Subsampled (2024-09-13),,
1252,EINP-1252-fe,Fecal,David Bruinsma,9/10/2024,Frozen,Warm,Unknown,Young Adult (2-4 years),Plains Bison - EINP,Elk Island National Park,Plain,7/31/2024,53.59442,-112.84122,10/3/2024,,,,,,Thawed upon arrival at Saskatoon - Subsampled (2024-09-13),,
1253,EINP-1253-fe,Fecal,David Bruinsma,9/10/2024,Frozen,Warm,Unknown,Young Adult (2-4 years),Plains Bison - EINP,Elk Island National Park,Plain,6/26/2024,53.57978,-112.81107,10/3/2024,,,,,,Thawed upon arrival at Saskatoon - Subsampled (2024-09-13),,
1254,EINP-1254-fe,Fecal,David Bruinsma,9/10/2024,Frozen,Warm,Unknown,Unknown,Plains Bison - EINP,Elk Island National Park,Plain,6/26/2024,53.57625,-112.81927,10/3/2024,,,,,,Thawed upon arrival at Saskatoon - Subsampled (2024-09-13),,
1255,EINP-1255-fe,Fecal,David Bruinsma,9/10/2024,Frozen,Warm,Unknown,Unknown,Plains Bison - EINP,Elk Island National Park,Plain,6/26/2024,53.58907,-112.82511,10/3/2024,,,,,,Thawed upon arrival at Saskatoon - Subsampled (2024-09-20),,
1256,EINP-1256-fe,Fecal,David Bruinsma,9/10/2024,Frozen,Warm,Unknown,Unknown,Plains Bison - EINP,Elk Island National Park,Plain,6/26/2024,53.58090,-112.81544,10/3/2024,,,,,,Thawed upon arrival at Saskatoon - Subsampled (2024-09-20),,
1257,EINP-1257-fe,Fecal,David Bruinsma,9/10/2024,Frozen,Warm,Unknown,Young Adult (2-4 years),Plains Bison - EINP,Elk Island National Park,Plain,7/31/2024,53.59491,-112.84274,10/3/2024,,,,,,Thawed upon arrival at Saskatoon - Subsampled (2024-09-13),,
1258,EINP-1258-fe,Fecal,David Bruinsma,9/10/2024,Frozen,Warm,Unknown,Adult,Plains Bison - EINP,Elk Island National Park,Plain,7/31/2024,53.59341,-112.83780,10/3/2024,,,,,,Thawed upon arrival at Saskatoon - Subsampled (2024-09-20),,
1259,EINP-1259-fe,Fecal,David Bruinsma,9/10/2024,Frozen,Warm,Unknown,Unknown,Wood Bison - EINP,Elk Island National Park,Wood,6/26/2024,53.55950,-112.85461,10/3/2024,,,,,,Thawed upon arrival at Saskatoon - Subsampled (2024-09-20),,
1260,EINP-1260-fe,Fecal,David Bruinsma,9/10/2024,Frozen,Warm,Unknown,Adult,Plains Bison - EINP,Elk Island National Park,Plain,7/31/2024,53.59484,-112.84148,10/3/2024,,,,,,Thawed upon arrival at Saskatoon - Subsampled (2024-09-20),,
1261,EINP-1261-fe,Fecal,David Bruinsma,9/10/2024,Frozen,Warm,Unknown,Unknown,Plains Bison - EINP,Elk Island National Park,Plain,7/31/2024,53.59369,-112.83658,10/2/2024,,,,,,Thawed upon arrival at Saskatoon - Subsampled (2024-09-20),,
1262,EINP-1262-fe,Fecal,David Bruinsma,9/10/2024,Frozen,Warm,Male,Adult,Wood Bison - EINP,Elk Island National Park,Wood,7/31/2024,53.56478,-112.89687,10/2/2024,,,,,,Thawed upon arrival at Saskatoon - Subsampled (2024-09-20),,
1263,EINP-1263-fe,Fecal,David Bruinsma,9/10/2024,Frozen,Warm,Unknown,Young Adult (2-4 years),Plains Bison - EINP,Elk Island National Park,Plain,6/26/2024,53.59256,-112.82261,10/2/2024,,,,,,Thawed upon arrival at Saskatoon - Subsampled (2024-09-20),,
1264,EINP-1264-fe,Fecal,David Bruinsma,9/10/2024,Frozen,Warm,Unknown,Adult,Wood Bison - EINP,Elk Island National Park,Wood,7/31/2024,53.56733,-112.91819,10/2/2024,,,,,,Thawed upon arrival at Saskatoon - Subsampled (2024-09-20),,
377 (304),EINP-377-Fe,Fecal ,David Bruinsma,5/24/2023,Frozen,,Male,Calf,Elk Island National Park Plains Bison Herd,Elk Island National Park,Plain,1/24/2023,"EINP’s plains bison handling facility (53.58131, -112.83197)","Weight 129,5 kg RFID 124000300816304",3/26/2024,,,,,,"The bison were held in pens at the facility for 1-2 months before the fecal samples were collected, during which time they were fed hay (which I think was a mix of timothy, orchard grass, and alfalfa)",,
378 (305),EINP-378-Fe,Fecal ,David Bruinsma,5/24/2023,Frozen,,Male,Calf,Elk Island National Park Plains Bison Herd,Elk Island National Park,Plain,1/24/2023,"EINP’s plains bison handling facility (53.58131, -112.83197)",Weight 108 kg RFID 124000300816305,3/26/2024,,,,,,"The bison were held in pens at the facility for 1-2 months before the fecal samples were collected, during which time they were fed hay (which I think was a mix of timothy, orchard grass, and alfalfa)",,
379 (307),EINP-379-Fe,Fecal ,David Bruinsma,5/24/2023,Frozen,,Female,Calf,Elk Island National Park Plains Bison Herd,Elk Island National Park,Plain,1/24/2023,"EINP’s plains bison handling facility (53.58131, -112.83197)","Weight 130,5 kg RFID 124000300816307",3/26/2024,,,,,,"The bison were held in pens at the facility for 1-2 months before the fecal samples were collected, during which time they were fed hay (which I think was a mix of timothy, orchard grass, and alfalfa)",,
380 (314),EINP-380-Fe,Fecal ,David Bruinsma,5/24/2023,Frozen,,Male,subprime (3-5),Elk Island National Park Plains Bison Herd,Elk Island National Park,Plain,1/24/2023,"EINP’s plains bison handling facility (53.58131, -112.83197)","Weight 336,5 kg RFID 124000300816314",3/26/2024,,,,,,"The bison were held in pens at the facility for 1-2 months before the fecal samples were collected, during which time they were fed hay (which I think was a mix of timothy, orchard grass, and alfalfa)",,
381 (322),EINP-381-Fe,Fecal ,David Bruinsma,5/24/2023,Frozen,,Female,adult (8),Elk Island National Park Plains Bison Herd,Elk Island National Park,Plain,1/24/2023,"EINP’s plains bison handling facility (53.58131, -112.83197)",Weight 453 kg RFID 124000300816322 Pregnant,3/26/2024,,,,,,"The bison were held in pens at the facility for 1-2 months before the fecal samples were collected, during which time they were fed hay (which I think was a mix of timothy, orchard grass, and alfalfa)",,
382 (324),EINP-382-Fe,Fecal ,David Bruinsma,5/24/2023,Frozen,,Female,"adult (6,5)",Elk Island National Park Plains Bison Herd,Elk Island National Park,Plain,1/24/2023,"EINP’s plains bison handling facility (53.58131, -112.83197)","Weight 424,5 kg RFID 124000300816324 Pregnant",3/26/2024,,,,,,"The bison were held in pens at the facility for 1-2 months before the fecal samples were collected, during which time they were fed hay (which I think was a mix of timothy, orchard grass, and alfalfa)",,
383 (326),EINP-383-Fe,Fecal ,David Bruinsma,5/24/2023,Frozen,,Female,adult (old 15-17),Elk Island National Park Plains Bison Herd,Elk Island National Park,Plain,1/24/2023,"EINP’s plains bison handling facility (53.58131, -112.83197)","Weight 501,5 kg RFID 124000300816326 Pregnant",3/26/2024,,,,,,"The bison were held in pens at the facility for 1-2 months before the fecal samples were collected, during which time they were fed hay (which I think was a mix of timothy, orchard grass, and alfalfa)",,
384 (148),EINP-384-Fe,Fecal ,David Bruinsma,5/24/2023,Frozen,,Male,Yearling,Elk Island National Park Plains Bison Herd,Elk Island National Park,Plain,2/13/2023,"EINP’s plains bison handling facility (53.58131, -112.83197)",Weight 235 kg RFID 124000301014148,3/26/2024,,,,,,"The bison were held in pens at the facility for 1-2 months before the fecal samples were collected, during which time they were fed hay (which I think was a mix of timothy, orchard grass, and alfalfa)",,
385 (181),EINP-385-Fe,Fecal ,David Bruinsma,5/24/2023,Frozen,,Male,Yearling,Elk Island National Park Plains Bison Herd,Elk Island National Park,Plain,2/13/2023,"EINP’s plains bison handling facility (53.58131, -112.83197)",Weight 272 kg RFID 124000301014181,3/26/2024,,,,,,"The bison were held in pens at the facility for 1-2 months before the fecal samples were collected, during which time they were fed hay (which I think was a mix of timothy, orchard grass, and alfalfa)",,
386 (251),EINP-386-Fe,Fecal ,David Bruinsma,5/24/2023,Frozen,,Male,adult (old 16),Elk Island National Park Plains Bison Herd,Elk Island National Park,Plain,2/16/2023,"EINP’s plains bison handling facility (53.58131, -112.83197)",Weight 640 kg RFID 124000301014251,3/26/2024,,,,,,"The bison were held in pens at the facility for 1-2 months before the fecal samples were collected, during which time they were fed hay (which I think was a mix of timothy, orchard grass, and alfalfa)",,
387 (252),EINP-387-Fe,Fecal ,David Bruinsma,5/24/2023,Frozen,,Male,"adult (5,5)",Elk Island National Park Plains Bison Herd,Elk Island National Park,Plain,2/16/2023,"EINP’s plains bison handling facility (53.58131, -112.83197)","Weight 647,5 kg RFID 124000301014252",3/26/2024,,,,,,"The bison were held in pens at the facility for 1-2 months before the fecal samples were collected, during which time they were fed hay (which I think was a mix of timothy, orchard grass, and alfalfa)",,
388 (253),EINP-388-Fe,Fecal ,David Bruinsma,5/24/2023,Frozen,,Male,"adult (5,5)",Elk Island National Park Plains Bison Herd,Elk Island National Park,Plain,2/16/2023,"EINP’s plains bison handling facility (53.58131, -112.83197)",Weight 613 kg RFID 124000301014253,3/26/2024,,,,,,"The bison were held in pens at the facility for 1-2 months before the fecal samples were collected, during which time they were fed hay (which I think was a mix of timothy, orchard grass, and alfalfa)",,
985,EINP-985-fe,fecal,Reshma Rizvi,9/12/2023,Frozen,Fresh from rectum,F,~12-13 yrs,Elk Island National Park,Elk Island National Park,Wood,7/10/2023,"53.55995, -112.8479",WB0030,3/12/2024,,,,,,,,2
986,EINP-986-fe,fecal,Reshma Rizvi,9/12/2023,Frozen,Fresh from rectum,F,~10 yrs,Elk Island National Park,Elk Island National Park,Wood,7/10/2023,"53.5608, -112.8527",WB0031,3/12/2024,,,,,,,,
987,EINP-987-fe,fecal,Reshma Rizvi,9/12/2023,Frozen,Fresh from rectum,F,~15 yrs,Elk Island National Park,Elk Island National Park,Wood,7/10/2023,"53.5598, -112.8522",WB0032,3/12/2024,,,,,,,,
988,EINP-988-fe,fecal,Reshma Rizvi,9/12/2023,Frozen,Fresh from rectum,F,~10-12 yrs,Elk Island National Park,Elk Island National Park,Wood,7/10/2023,"53.5598, -112.8510",WB0033,3/12/2024,,,,,,,,
989,EINP-989-fe,fecal,Reshma Rizvi,9/12/2023,Frozen,Fresh from rectum,M,~10 yrs,Elk Island National Park,Elk Island National Park,Wood,7/11/2023,"53.5682, -112.9430",WB0010,3/12/2024,,,,,,,,
990,EINP-990-fe,fecal,Reshma Rizvi,9/12/2023,Frozen,Fresh from rectum,M,~10 yrs,Elk Island National Park,Elk Island National Park,Wood,7/11/2023,"53.5231, -112.9343",WB0011,3/12/2024,,,,,,,,
991,EINP-991-fe,fecal,Reshma Rizvi,9/12/2023,Frozen,Fresh from rectum,M,~10 yrs,Elk Island National Park,Elk Island National Park,Wood,7/11/2023,"53.5241, -112.9333",WB0012,3/12/2024,,,,,,,,
992,EINP-992-fe,fecal,Reshma Rizvi,9/12/2023,Frozen,Fresh from rectum,M,~8 yrs,Elk Island National Park,Elk Island National Park,Wood,7/11/2023,"53.5120, -112.8600",WB0013,3/12/2024,,,,,,,,
993,EINP-993-fe,fecal,Reshma Rizvi,9/12/2023,Frozen,Fresh from rectum,M,~8 yrs,Elk Island National Park,Elk Island National Park,Wood,7/12/2023,"53.5653, -112.9028",WB0014,3/12/2024,,,,,,,,
994,EINP-994-fe,fecal,Reshma Rizvi,9/12/2023,Frozen,Fresh from rectum,M,8-10 yrs,Elk Island National Park,Elk Island National Park,Wood,7/12/2023,"53.5682, -112.9413",WB0015,3/12/2024,,,,,,,,
995,EINP-995-fe,fecal,Reshma Rizvi,9/12/2023,Frozen,Fresh from rectum,M,~8 yrs,Elk Island National Park,Elk Island National Park,Wood,7/12/2023,"53.5259, -112.9502",WB0016,3/12/2024,,,,,,,,
996,EINP-996-fe,fecal,Reshma Rizvi,9/12/2023,Frozen,Fresh from rectum,F,~14 yrs,Elk Island National Park,Elk Island National Park,Wood,7/12/2023,"53.5602, -112.8493",WB0034,3/12/2024,,,,,,,,
997,EINP-997-fe,fecal,Reshma Rizvi,9/12/2023,Frozen,Fresh from rectum,F,,Elk Island National Park,Elk Island National Park,Wood,7/12/2023,"53.5606, -112.8511",WB0035,3/12/2024,,,,,,,,
998,EINP-998-fe,fecal,Reshma Rizvi,9/12/2023,Frozen,Fresh from rectum,M,~9 yrs,Elk Island National Park,Elk Island National Park,Wood,7/12/2023,"53.5221, -112.9347",WB0017,3/12/2024,,,,,,,,
999,EINP-999-fe,fecal,Reshma Rizvi,9/12/2023,Frozen,Fresh from rectum,M,~6 yrs,Elk Island National Park,Elk Island National Park,Wood,7/13/2023,"53.5705, -112.8533",WB0018,3/12/2024,,,,,,,,
PB0001,EINP-PB0001-Fe,Fecal,Jonathan Demoor,8/16/2022,Frozen,Warm,Male,NA,Elk Island National Park,Elk Island National Park,Plains,8/2/2022,53.58206N 112.82095W,"Fresh fecal from the ground, unsure if it is from the animal darted",10/7/2022,11/16/2022,1/11/2023,x,,x,,,
PB0002,EINP-PB0002-Fe,Fecal,Jonathan Demoor,8/16/2022,Frozen,NA,Male,NA,Elk Island National Park,Elk Island National Park,Plains,8/2/2022,53.58454N 112.82098W,PB0002,10/7/2022,11/16/2022,1/11/2023,x,,x,,,
PB0003,EINP-PB0003-Fe,Fecal,Jonathan Demoor,8/16/2022,Frozen,NA,Male,NA,Elk Island National Park,Elk Island National Park,Plains,8/2/2022,53.58954N 112.82957W,PB0003,10/7/2022,11/16/2022,1/11/2023,x,,x,,,
PB0004,EINP-PB0004-Fe,Fecal,Jonathan Demoor,8/16/2022,Frozen,NA,Male,NA,Elk Island National Park,Elk Island National Park,Plains,8/2/2022,53.59207N 112.82817W,PB0004,10/7/2022,11/16/2022,1/11/2023,x,,x,,,
PB0005,EINP-PB0005-Fe,Fecal,Jonathan Demoor,8/16/2022,Frozen,NA,Male,NA,Elk Island National Park,Elk Island National Park,Plains,8/2/2022,53.59166N 112.82855W,PB0005,10/7/2022,11/16/2022,1/11/2023,x,,x,,,
PB0006,EINP-PB0006-Fe,Fecal,Jonathan Demoor,8/16/2022,Frozen,NA,Male,NA,Elk Island National Park,Elk Island National Park,Plains,8/3/2022,53.59098N 112.83263W,PB0006,10/25/2022,11/16/2022,1/11/2023,x,,x,,,
PB0007,EINP-PB0007-Fe,Fecal,Jonathan Demoor,8/16/2022,Frozen,NA,Male,NA,Elk Island National Park,Elk Island National Park,Plains,8/3/2022,53.59323N 112.83080W,PB0007,10/7/2022,11/16/2022,1/11/2023,x,,x,,,
PB0008,EINP-PB0008-Fe,Fecal,Jonathan Demoor,8/16/2022,Frozen,NA,Male,NA,Elk Island National Park,Elk Island National Park,Plains,8/3/2022,53.59206N 112.82750W,PB0008,10/7/2022,11/16/2022,1/11/2023,x,,x,,,
WB0001,EINP-WB0001-Fe,Fecal,Jonathan Demoor,8/16/2022,Frozen,NA,Male,NA,Elk Island National Park,Elk Island National Park,Wood,8/4/2022,53.56941N 112.85281W,WB0001,10/25/2022,11/16/2022,1/11/2023,x,,x,,,
WB0002,EINP-WB0002-Fe,Fecal,Jonathan Demoor,8/16/2022,Frozen,NA,Male,NA,Elk Island National Park,Elk Island National Park,Wood,8/4/2022,53.56047N 112.84963W,WB0002 Estimated GPS location,10/7/2022,11/16/2022,1/11/2023,x,,x,,,
WB0003,EINP-WB0003-Fe,Fecal,Jonathan Demoor,8/16/2022,Frozen,NA,Male,NA,Elk Island National Park,Elk Island National Park,Wood,8/4/2022,53.561255N 112.849642W,WB0003 Estimated GPS location,10/5/2022,11/16/2022,1/11/2023,x,,x,,,
WB0005,EINP-WB0005-Fe,Fecal,Jonathan Demoor,8/16/2022,Frozen,NA,Male,NA,Elk Island National Park,Elk Island National Park,Wood,8/4/2022,53.56064N 112.94953W,WB0005 Estimated GPS location,10/7/2022,11/16/2022,1/11/2023,x,,x,,,
WB0006,EINP-WB0006-Fe,Fecal,Jonathan Demoor,8/16/2022,Frozen,NA,Female,NA,Elk Island National Park,Elk Island National Park,Wood,8/5/2022,53.56064N 112.94953W,WB0006,10/5/2022,11/16/2022,1/11/2023,x,,x,,,
WB0007,EINP-WB0007-Fe,Fecal,Jonathan Demoor,8/16/2022,Frozen,NA,Female,NA,Elk Island National Park,Elk Island National Park,Wood,8/5/2022,53.56096N 112.85300W,WB0007,10/7/2022,11/16/2022,1/11/2023,x,,x,,,
WB0008,EINP-WB0008-Fe,Fecal,Jonathan Demoor,8/16/2022,Frozen,NA,Female,NA,Elk Island National Park,Elk Island National Park,Wood,8/5/2022,53.56063N 112.84741W,WB0008,10/25/2022,11/16/2022,1/11/2023,x,,x,,,
WB0009,EINP-WB0009-Fe,Fecal,Jonathan Demoor,8/16/2022,Frozen,NA,Female,NA,Elk Island National Park,Elk Island National Park,Wood,8/5/2022,53.56074N 112.84751W,WB0009,10/7/2022,11/16/2022,1/11/2023,x,,x,,,
391,MAN-391-Fe,Fecal,Brian Joynt,3/14/2023,Frozen,NA,NA,NA,Chitek Lake Wood Bison ,Manitoba,Wood,2/24/2023,N52 36.337  W099 32.469,Photo # 7,11/7/2023,,,,,,"Swabbed + subsampled, already at Trent (2023-08-04)",,
392,MAN-392-Fe,Fecal,Brian Joynt,3/14/2023,Frozen,Cold,NA,Yearling,Chitek Lake Wood Bison ,Manitoba,Wood,2/24/2023,N52 36.337  W099 32.469,Photo # 7,11/7/2023,,,,,,"Swabbed + subsampled, already at Trent (2023-08-04)",,
393,MAN-393-Fe,Fecal,Brian Joynt,3/14/2023,Frozen,NA,NA,NA,Chitek Lake Wood Bison ,Manitoba,Wood,2/24/2023,N52 36.337  W099 32.469,Photo # 7,11/7/2023,,,,,,"Swabbed + subsampled, already at Trent (2023-08-04)",,
394,MAN-394-Fe,Fecal,Brian Joynt,3/14/2023,Frozen,NA,NA,NA,Chitek Lake Wood Bison ,Manitoba,Wood,2/24/2023,N52 34.772 W099 33.138,Photo #6,11/7/2023,,,,,,"Swabbed + subsampled, already at Trent (2023-08-04)",,
395,MAN-395-Fe,Fecal,Brian Joynt,3/14/2023,Frozen,Warm,NA,Yearling,Chitek Lake Wood Bison ,Manitoba,Wood,2/24/2023,N52 36.337  W099 32.469,Photo # 7,1/30/2024,,,,,,"Swabbed + subsampled, already at Trent (2023-08-04)",,
396,MAN-396-Fe,Fecal,Brian Joynt,3/14/2023,Frozen,NA,NA,NA,Chitek Lake Wood Bison ,Manitoba,Wood,2/24/2023,N52 34.772 W099 33.138,Photo #6,1/30/2024,,,,,,"Swabbed + subsampled, already at Trent (2023-08-04)",,
397,MAN-397-Fe,Fecal,Brian Joynt,3/14/2023,Frozen,NA,NA,NA,Chitek Lake Wood Bison ,Manitoba,Wood,2/24/2023,N52 34.772 W099 33.138,Photo #6,1/30/2024,,,,,,"Swabbed + subsampled, already at Trent (2023-08-04)",,
398,MAN-398-Fe,Fecal,Brian Joynt,3/14/2023,Frozen,NA,NA,NA,Chitek Lake Wood Bison ,Manitoba,Wood,2/24/2023,N52 34.772 W099 33.138,Photo #6,1/30/2024,,,,,,"Swabbed + subsampled, already at Trent (2023-08-04)",,
399,MAN-399-Fe,Fecal,Brian Joynt,3/14/2023,Frozen,Frozen,NA,NA,Chitek Lake Wood Bison ,Manitoba,Wood,2/23/2023,N52 24 09 W099 26 39,Photo #4,11/7/2023,,,,,,"Swabbed + subsampled, already at Trent (2023-08-04)",,
400,MAN-400-Fe,Fecal,Brian Joynt,3/14/2023,Frozen,NA,NA,NA,Chitek Lake Wood Bison ,Manitoba,Wood,2/24/2023,N52 34.772 W099 33.138,Photo #6,11/7/2023,,,,,,"Swabbed + subsampled, already at Trent (2023-08-04)",,
401,MAN-401-Fe,Fecal,Brian Joynt,3/14/2023,Frozen,Warm,NA,Yearling,Chitek Lake Wood Bison ,Manitoba,Wood,2/24/2023,N52 36.337  W099 32.469,Photo # 7,4/9/2024,,,,,,Need to be sent to Trent ,,
402,MAN-402-Fe,Fecal,Brian Joynt,3/14/2023,Frozen,Frozen,NA,NA,Chitek Lake Wood Bison ,Manitoba,Wood,2/23/2023,N52 24 09 W099 26 39,Photo #4,11/7/2023,,,,,,"Swabbed + subsampled, already at Trent (2023-08-04)",,
403,MAN-403-Fe,Fecal,Brian Joynt,3/14/2023,Frozen,Frozen,NA,NA,Chitek Lake Wood Bison ,Manitoba,Wood,2/23/2023,N52 26 32 W099 27 36,Photo #5,11/7/2023,,,,,,"Swabbed + subsampled, already at Trent (2023-08-04)",,
404,MAN-404-Fe,Fecal,Brian Joynt,3/14/2023,Frozen,Frozen,NA,NA,Chitek Lake Wood Bison ,Manitoba,Wood,2/23/2023,N52 26 32 W099 27 36,Photo #5,11/7/2023,,,,,,"Swabbed + subsampled, already at Trent (2023-08-04)",,
405,MAN-405-Fe,Fecal,Brian Joynt,3/14/2023,Frozen,Frozen,NA,Adult,Chitek Lake Wood Bison ,Manitoba,Wood,2/23/2023,N52 23 11  W099 27 38,Photo #3,11/7/2023,,,,,,"Swabbed + subsampled, already at Trent (2023-08-04)",,
406,MAN-406-Fe,Fecal,Brian Joynt,3/14/2023,Frozen,Frozen,NA,Adult,Chitek Lake Wood Bison ,Manitoba,Wood,2/23/2023,N52 23 11  W099 27 38,Photo #3,11/7/2023,,,,,,"Swabbed + subsampled, already at Trent (2023-08-04)",,
407,MAN-407-Fe,Fecal,Brian Joynt,3/14/2023,Frozen,Frozen,NA,Adult,Chitek Lake Wood Bison ,Manitoba,Wood,2/23/2023,N52 23 11  W099 27 38,Photo #3,1/30/2024,,,,,,"Swabbed + subsampled, already at Trent (2023-08-04)",,
408,MAN-408-Fe,Fecal,Brian Joynt,3/14/2023,Frozen,Frozen,NA,Adult,Chitek Lake Wood Bison ,Manitoba,Wood,2/23/2023,N52 23 11  W099 27 38,Photo #3,1/30/2024,,,,,,"Swabbed + subsampled, already at Trent (2023-08-04)",,
409,MAN-409-Fe,Fecal,Brian Joynt,3/14/2023,Frozen,Frozen,NA,Adult,Chitek Lake Wood Bison ,Manitoba,Wood,2/23/2023,N52 23 11  W099 27 38,Photo #3,11/9/2023,,,,,,"Swabbed + subsampled, already at Trent (2023-08-04)",,
410,MAN-410-Fe,Fecal,Brian Joynt,3/14/2023,Frozen,Frozen,NA,NA,Chitek Lake Wood Bison ,Manitoba,Wood,2/23/2023,N52 23.983 W099 21.486,Photo #2,11/9/2023,,,,,,"Swabbed + subsampled, already at Trent (2023-08-04)",,
411,MAN-411-Fe,Fecal,Brian Joynt,3/14/2023,Frozen,Frozen,NA,NA,Chitek Lake Wood Bison ,Manitoba,Wood,2/23/2023,N52 26 32 W099 27 36,Photo #5,11/9/2023,,,,,,"Swabbed + subsampled, already at Trent (2023-08-04)",,
412,MAN-412-Fe,Fecal,Brian Joynt,3/14/2023,Frozen,NA,NA,NA,Chitek Lake Wood Bison ,Manitoba,Wood,2/23/2023,N52 23.983 W099 21.846,Photo #2,11/9/2023,,,,,,"Swabbed + subsampled, already at Trent (2023-08-04)",,
413,MAN-413-Fe,Fecal,Brian Joynt,3/14/2023,Frozen,NA,NA,NA,Chitek Lake Wood Bison ,Manitoba,Wood,2/23/2023,N52 23.983 W099 21.846,Photo #2,11/9/2023,,,,,,"Swabbed + subsampled, already at Trent (2023-08-04)",,
414,MAN-414-Fe,Fecal,Brian Joynt,3/14/2023,Frozen,NA,NA,NA,Chitek Lake Wood Bison ,Manitoba,Wood,2/23/2023,N52 23.983 W099 21.846,Photo #2,11/9/2023,,,,,,"Swabbed + subsampled, already at Trent (2023-08-04)",,
415,MAN-415-Fe,Fecal,Brian Joynt,3/14/2023,Frozen,NA,NA,NA,Chitek Lake Wood Bison ,Manitoba,Wood,2/23/2023,N52 23.983 W099 21.846,Photo #2,2/5/2024,,,,,,"Swabbed + subsampled, already at Trent (2023-08-04)",,
416,MAN-416-Fe,Fecal,Brian Joynt,3/14/2023,Frozen,Frozen,NA,NA,Chitek Lake Wood Bison ,Manitoba,Wood,2/23/2023,N52 26 .741 W099 22.327,Photo #1,11/14/2023,,,,,,"Swabbed + subsampled, already at Trent (2023-08-04)",,
417,MAN-417-Fe,Fecal,Brian Joynt,3/14/2023,Frozen,NA,NA,NA,Chitek Lake Wood Bison ,Manitoba,Wood,2/23/2023,N52 26 .741 W099 22.327,Photo #1,11/14/2023,,,,,,"Swabbed + subsampled, already at Trent (2023-08-04)",,
418,MAN-418-Fe,Fecal,Brian Joynt,3/14/2023,Frozen,NA,NA,NA,Chitek Lake Wood Bison ,Manitoba,Wood,2/23/2023,N52 26 .741 W099 22.327,Photo #1,2/5/2024,,,,,,"Swabbed + subsampled, already at Trent (2023-08-04)",,
419,MAN-419-Fe,Fecal,Brian Joynt,3/14/2023,Frozen,NA,NA,NA,Chitek Lake Wood Bison ,Manitoba,Wood,2/23/2023,N52 26 .741 W099 22.327,Photo #1,2/5/2024,,,,,,"Swabbed + subsampled, already at Trent (2023-08-04)",,
420,MAN-420-Fe,Fecal,Brian Joynt,3/14/2023,Frozen,NA,NA,NA,Chitek Lake Wood Bison ,Manitoba,Wood,2/23/2023,N52 26 .741 W099 22.327,Photo #1,11/14/2023,,,,,,"Swabbed + subsampled, already at Trent (2023-08-04)",,
1452,NAB-1452-fe,Fecal,Taylor Dickinson,9/10/2024,Frozen,,,,Hay Zama,AB Government,,11/11/2023,"59,101459, --118,638574",7,9/27/2024,,,,,,Subsampled (2024-09-20),,
1453,NAB-1453-fe,Fecal,Taylor Dickinson,9/10/2024,Frozen,,,,Hay Zama,AB Government,,11/11/2023,"59,101841, -118.606069",8,9/27/2024,,,,,,Subsampled (2024-09-20),,
1454,NAB-1454-fe,Fecal,Taylor Dickinson,9/10/2024,Frozen,,,,Hay Zama,AB Government,,11/11/2023,"59,101466, -118.641158",9,9/27/2024,,,,,,Subsampled (2024-09-20),,
1455,NAB-1455-fe,Fecal,Taylor Dickinson,9/10/2024,Frozen,,,,Hay Zama,AB Government,,11/11/2023,"59,085491, -118.674323",10,9/27/2024,,,,,,Subsampled (2024-09-20),,
1456,NAB-1456-fe,Fecal,Taylor Dickinson,9/10/2024,Frozen,,,,Hay Zama,AB Government,,11/17/2023,"59,068718, -118.803502",11,9/27/2024,,,,,,Subsampled (2024-09-20),,
1457,NAB-1457-fe,Fecal,Taylor Dickinson,9/10/2024,Frozen,,,,Hay Zama,AB Government,,11/12/2023,"58,686191, -118.976434",13,9/27/2024,,,,,,Subsampled (2024-09-20),,
1458,NAB-1458-fe,Fecal,Taylor Dickinson,9/10/2024,Frozen,,,,Hay Zama,AB Government,,11/12/2023,"58,67923, -118.984898",14,9/27/2024,,,,,,Subsampled (2024-09-20),,
1459,NAB-1459-fe,Fecal,Taylor Dickinson,9/10/2024,Frozen,,,,Hay Zama,AB Government,,11/13/2023,"58,772914, -118.720345",15,9/27/2024,,,,,,Subsampled (2024-09-20),,
1460,NAB-1460-fe,Fecal,Taylor Dickinson,9/10/2024,Frozen,,,,Hay Zama,AB Government,,11/13/2023,"58,785696, -118.718842",16,9/27/2024,,,,,,Subsampled (2024-09-20),,
1461,NAB-1461-fe,Fecal,Taylor Dickinson,9/10/2024,Frozen,,,,Hay Zama,AB Government,,11/13/2023,"58,775904, -118.606430",17,9/27/2024,,,,,,Subsampled (2024-09-20),,
1462,NAB-1462-fe,Fecal,Taylor Dickinson,9/10/2024,Frozen,,,,Hay Zama,AB Government,,11/13/2023,"58,775769, -118.611105",18,9/27/2024,,,,,,Subsampled (2024-09-20),,
1463,NAB-1463-fe,Fecal,Taylor Dickinson,9/10/2024,Frozen,,,,Hay Zama,AB Government,,11/17/2023,"58,961307, -118.449887",19,9/27/2024,,,,,,Subsampled (2024-09-20),,
1464,NAB-1464-fe,Fecal,Taylor Dickinson,9/10/2024,Frozen,,,,Hay Zama,AB Government,,11/17/2023,"58,967753, -118.449831",20,9/27/2024,,,,,,Subsampled (2024-09-20),,
1465,NAB-1465-fe,Fecal,Taylor Dickinson,9/10/2024,Frozen,,,,Hay Zama,AB Government,,12/6/2023,"59,111094, -118.499334",21,9/27/2024,,,,,,Subsampled (2024-09-20),,
1466,NAB-1466-fe,Fecal,Taylor Dickinson,9/10/2024,Frozen,,,,Hay Zama,AB Government,,12/6/2023,"59,064164, -118.868768",22,9/27/2024,,,,,,Subsampled (2024-09-20),,
1467,NAB-1467-fe,Fecal,Taylor Dickinson,9/10/2024,Frozen,,,,Hay Zama,AB Government,,12/6/2023,"59,06255, -118.868446",23,9/27/2024,,,,,,Subsampled (2024-09-20),,
1468,NAB-1468-fe,Fecal,Taylor Dickinson,9/10/2024,Frozen,,,,Hay Zama,AB Government,,12/6/2023,"59,036814, -118.883235",24,9/27/2024,,,,,,Subsampled (2024-09-20),,
1469,NAB-1469-fe,Fecal,Taylor Dickinson,9/10/2024,Frozen,,,,Hay Zama,AB Government,,12/8/2023,"59,208573, -118.739634",25,9/27/2024,,,,,,Subsampled (2024-09-20),,
1470,NAB-1470-fe,Fecal,Taylor Dickinson,9/10/2024,Frozen,,,,Hay Zama,AB Government,,12/8/2023,"59,208532, -118.741060",26,9/27/2024,,,,,,Subsampled (2024-09-20),,
1471,NAB-1471-fe,Fecal,Taylor Dickinson,9/10/2024,Frozen,,,,Hay Zama,AB Government,,12/8/2023,"59,208012, -118.739229",27,9/27/2024,,,,,,Subsampled (2024-09-20),,
1472,NAB-1472-fe,Fecal,Taylor Dickinson,9/10/2024,Frozen,,,,Hay Zama,AB Government,,12/10/2023,"59,20088, -118.815227",29,9/27/2024,,,,,,Subsampled (2024-09-20),,
1473,NAB-1473-fe,Fecal,Taylor Dickinson,9/10/2024,Frozen,,,,Hay Zama,AB Government,,12/10/2023,"59,201067, -118.813818",30,9/27/2024,,,,,,Subsampled (2024-09-20),,
1474,NAB-1474-fe,Fecal,Taylor Dickinson,9/10/2024,Frozen,,,,Hay Zama,AB Government,,12/18/2023,"59,10187, -118.641835",31,10/2/2024,,,,,,Subsampled (2024-09-20),,
1475,NAB-1475-fe,Fecal,Taylor Dickinson,9/10/2024,Frozen,,,,Hay Zama,AB Government,,12/18/2023,"59,101641, -118.630125",32,10/2/2024,,,,,,Subsampled (2024-09-20),,
1476,NAB-1476-fe,Fecal,Taylor Dickinson,9/10/2024,Frozen,,,,Hay Zama,AB Government,,12/18/2023,"59,091193, -118.578352",33,10/2/2024,,,,,,Subsampled (2024-09-20),,
1477,NAB-1477-fe,Fecal,Taylor Dickinson,9/10/2024,Frozen,,,,Hay Zama,AB Government,,12/18/2023,"59,042509, -118.543956",34,10/2/2024,,,,,,Subsampled (2024-09-20),,
1478,NAB-1478-ru,Rumen,Taylor Dickinson,9/10/2024,Frozen,,,,Hay Zama,AB Government,,12/18/2023,"59,081623, -118.581313",35,11/7/2024,,,,,,Subsampled (2024-09-20),,
1479,NAB-1479-fe,Fecal,Taylor Dickinson,9/10/2024,Frozen,,,,Hay Zama,AB Government,,12/18/2023,"59,083071, -118.576293",37,10/2/2024,,,,,,Subsampled (2024-09-20),,
1480,NAB-1480-fe,Fecal,Taylor Dickinson,9/10/2024,Frozen,,,,Hay Zama,AB Government,,12/19/2023,"59,15337, -118.706621",38,10/2/2024,,,,,,Subsampled (2024-09-20),,
1481,NAB-1481-fe,Fecal,Taylor Dickinson,9/10/2024,Frozen,,,,Hay Zama,AB Government,,12/19/2023,"59,113401, -118.566285",39,9/27/2024,,,,,,Subsampled (2024-09-20),,
1482,NAB-1482-fe,Fecal,Taylor Dickinson,9/10/2024,Frozen,,,,Hay Zama,AB Government,,12/19/2023,"59,114327, -118.570340",40,10/2/2024,,,,,,Subsampled (2024-09-20),,
1483,NAB-1483-ru,Rumen,Taylor Dickinson,9/10/2024,Frozen,,,,Hay Zama,AB Government,,12/20/2023,"59,105382, -118.868543",42,11/7/2024,,,,,,Subsampled (2024-09-20),,
1484,NAB-1484-ru,Rumen,Taylor Dickinson,9/10/2024,Frozen,,,,Hay Zama,AB Government,,12/20/2023,"59,046684, -118.898334",43 Hay Zama hunt ID BISO23034,11/7/2024,,,,,,Subsampled (2024-09-20),,
1485,NAB-1485-ru,Rumen,Taylor Dickinson,9/10/2024,Frozen,,,,Hay Zama,AB Government,,1/25/2024,"59,005925, -118.932073",44 Hay Zama hunt ID BISO23034,11/7/2024,,,,,,Subsampled (2024-09-20),,
1486,NAB-1486-ru,Rumen,Taylor Dickinson,9/10/2024,Frozen,,,,Hay Zama,AB Government,,1/27/2024,"59,209613, -118.677580",46,11/7/2024,,,,,,Subsampled (2024-09-20),,
1487,NAB-1487-ru,Rumen,Taylor Dickinson,9/10/2024,Frozen,,,,Hay Zama,AB Government,,1/27/2024,"59,237451, -118.630334",47 Hay Zama hunt ID BISO23026,11/7/2024,,,,,,Subsampled (2024-09-20),,
1414,NBC-1414-fe,Fecal,Chris Lewis,8/20/2024,Frozen,,Bulls?,Unknown,Nahanni,BC Government,Wood,11/14/2023,"58.896184, -123.171082",Sample 1A,10/4/2024,,,,,,Subsampled (2024-08-21),,
1415,NBC-1415-fe,Fecal,Chris Lewis,8/20/2024,Frozen,,Bulls?,Unknown,Nahanni,BC Government,Wood,11/14/2023,"58.896184, -123.171082",Sample 1B,10/30/2024,,,,,,Subsampled (2024-08-21),,
1416,NBC-1416-fe,Fecal,Chris Lewis,8/20/2024,Frozen,,Bulls?,Unknown,Nahanni,BC Government,Wood,11/14/2023,"58.896184, -123.171082",Sample 2A,10/4/2024,,,,,,Subsampled (2024-08-21),,
1417,NBC-1417-fe,Fecal,Chris Lewis,8/20/2024,Frozen,,Bulls?,Unknown,Nahanni,BC Government,Wood,11/14/2023,"58.896184, -123.171082",Sample 2B,10/4/2024,,,,,,Subsampled (2024-08-21),,
1418,NBC-1418-fe,Fecal,Chris Lewis,8/20/2024,Frozen,,Bulls?,Unknown,Nahanni,BC Government,Wood,11/14/2023,"58.896184, -123.171082",Sample 3A,10/4/2024,,,,,,Subsampled (2024-08-21),,
1419,NBC-1419-fe,Fecal,Chris Lewis,8/20/2024,Frozen,,Bulls?,Unknown,Nahanni,BC Government,Wood,11/14/2023,"58.896184, -123.171082",Sample 3B,10/4/2024,,,,,,Subsampled (2024-08-21),,
1420,NBC-1420-fe,Fecal,Chris Lewis,8/20/2024,Frozen,,Bulls?,Unknown,Nahanni,BC Government,Wood,11/14/2023,"58.896184, -123.171082",Sample 3C,10/4/2024,,,,,,Subsampled (2024-08-22),,
1421,NBC-1421-fe,Fecal,Chris Lewis,8/20/2024,Frozen,,Bulls?,Unknown,Nahanni,BC Government,Wood,11/14/2023,"58.896184, -123.171082",Sample 4A,10/4/2024,,,,,,Subsampled (2024-08-21),,
1422,NBC-1422-fe,Fecal,Chris Lewis,8/20/2024,Frozen,,Bulls?,Unknown,Nahanni,BC Government,Wood,11/14/2023,"58.896184, -123.171082",Sample 4B,10/4/2024,,,,,,Subsampled (2024-08-21),,
1423,NBC-1423-fe,Fecal,Chris Lewis,8/20/2024,Frozen,,Bulls?,Unknown,Nahanni,BC Government,Wood,11/14/2023,"58.896184, -123.171082",Sample 5A,10/4/2024,,,,,,Subsampled (2024-08-21),,
1424,NBC-1424-fe,Fecal,Chris Lewis,8/20/2024,Frozen,,Bulls?,Unknown,Nahanni,BC Government,Wood,11/14/2023,"58.896184, -123.171082",Sample 5B,10/4/2024,,,,,,Subsampled (2024-08-21),,
1425,NBC-1425-fe,Fecal,Chris Lewis,8/20/2024,Frozen,,Cows and Calf,,Nahanni,BC Government,Wood,1/28/2022,"59.60495,-123.11489",N1-77,10/4/2024,,,,,,Subsampled (2024-08-22),,
1426,NBC-1426-fe,Fecal,Chris Lewis,8/20/2024,Frozen,,Cows and Calf,,Nahanni,BC Government,Wood,1/28/2022,"59.60495,-123.11489",N2-77,10/4/2024,,,,,,Subsampled (2024-08-22),,
1427,NBC-1427-fe,Fecal,Chris Lewis,8/20/2024,Frozen,,Cows and Calf,,Nahanni,BC Government,Wood,1/28/2022,"59.60495,-123.11489",N3-77,10/4/2024,,,,,,Subsampled (2024-08-22),,
1428,NBC-1428-fe,Fecal,Chris Lewis,8/20/2024,Frozen,,Cows and Calf,,Nahanni,BC Government,Wood,1/28/2022,"59.60495,-123.11489",N4-77,10/4/2024,,,,,,Subsampled (2024-08-22),,
1429,NBC-1429-fe,Fecal,Chris Lewis,8/20/2024,Frozen,,Cows and Calf,,Nahanni,BC Government,Wood,1/28/2022,"59.60495,-123.11489",N5-77,10/4/2024,,,,,,Subsampled (2024-08-22),,
1430,NBC-1430-fe,Fecal,Chris Lewis,8/20/2024,Frozen,,Cows and Calf,,Nahanni,BC Government,Wood,1/28/2022,"59.60495,-123.11489",N6-77,10/4/2024,,,,,,Subsampled (2024-08-22),,
1431,NBC-1431-fe,Fecal,Chris Lewis,8/20/2024,Frozen,,Cows and Calf,,Nahanni,BC Government,Wood,1/28/2022,"59.60495,-123.11489",N7-77,Manquant,,,,,,,,
1432,NBC-1432-fe,Fecal,Chris Lewis,8/20/2024,Frozen,,Cows and Calf,,Nahanni,BC Government,Wood,1/28/2022,"59.60495,-123.11489",N8-77,10/4/2024,,,,,,Subsampled (2024-08-22),,
1433,NBC-1433-fe,Fecal,Chris Lewis,8/20/2024,Frozen,,Cows and Calf,,Nahanni,BC Government,Wood,1/28/2022,"59.60495,-123.11489",N9-77,10/29/2024,,,,,,Subsampled (2024-08-22),,
1434,NBC-1434-fe,Fecal,Chris Lewis,8/20/2024,Frozen,,Cows and Calf,,Nahanni,BC Government,Wood,1/28/2022,"59.60495,-123.11489",N10-77,10/4/2024,,,,,,Subsampled (2024-08-22),,
1435,NBC-1435-fe,Fecal,Chris Lewis,8/20/2024,Frozen,,Cows and Calf,,Nahanni,BC Government,Wood,1/28/2022,"59.60495,-123.11489",N11-77,10/4/2024,,,,,,Subsampled (2024-08-22),,
1436,NBC-1436-fe,Fecal,Chris Lewis,8/20/2024,Frozen,,Cows and Calf,,Nahanni,BC Government,Wood,1/28/2022,"59.60495,-123.11489",N12-77,10/4/2024,,,,,,Subsampled (2024-08-22) Half extra 5 ml,,
1437,NBC-1437-fe,Fecal,Chris Lewis,8/20/2024,Frozen,,Cows and Calf,,Nahanni,BC Government,Wood,1/28/2022,"59.60495,-123.11489",N13-77,10/30/2024,,,,,,Subsampled (2024-08-22),,
1438,NBC-1438-fe,Fecal,Chris Lewis,8/20/2024,Frozen,,Cows and Calf,,Nahanni,BC Government,Wood,1/28/2022,"59.60495,-123.11489",N14-77,10/29/2024,,,,,,Subsampled (2024-08-22),,
1439,NBC-1439-fe,Fecal,Chris Lewis,8/20/2024,Frozen,,Cows and Calf,,Nahanni,BC Government,Wood,1/28/2022,"59.60495,-123.11489",N15-77,10/29/2024,,,,,,Subsampled (2024-08-22),,
1440,NBC-1440-fe,Fecal,Chris Lewis,8/20/2024,Frozen,,Cows and Calf,,Nahanni,BC Government,Wood,1/28/2022,"59.60495,-123.11489",N16-77,10/4/2024,,,,,,Subsampled (2024-08-22),,
1441,NBC-1441-fe,Fecal,Chris Lewis,8/20/2024,Frozen,,Unknown,Unknown,Ettithun,BC Government,Wood,1/25/2022,"57.85509, -120.29256",Site #1 (capture site #14??) S1-1,10/29/2024,,,,,,Subsampled (2024-08-23),,
1442,NBC-1442-fe,Fecal,Chris Lewis,8/20/2024,Frozen,,Unknown,Unknown,Ettithun,BC Government,Wood,1/25/2022,"57.85509, -120.29256",Site #1 (capture site #14??) S1-2,10/4/2024,,,,,,Subsampled (2024-08-23),,
1443,NBC-1443-fe,Fecal,Chris Lewis,8/20/2024,Frozen,,Unknown,Unknown,Ettithun,BC Government,Wood,1/25/2022,"57.85509, -120.29256",Site #1 (capture site #14??) S1-3,10/29/2024,,,,,,Subsampled (2024-08-23),,
1444,NBC-1444-fe,Fecal,Chris Lewis,8/20/2024,Frozen,,Unknown,Unknown,Ettithun,BC Government,Wood,1/25/2022,"57.85509, -120.29256",Site #1 (capture site #14??) S1-4,10/29/2024,,,,,,Subsampled (2024-08-23),,
1445,NBC-1445-fe,Fecal,Chris Lewis,8/20/2024,Frozen,,Unknown,Unknown,Ettithun,BC Government,Wood,1/25/2022,"57.85509, -120.29256",Site #1 (capture site #14??) S1-5,10/29/2024,,,,,,Subsampled (2024-08-23),,
1446,NBC-1446-fe,Fecal,Chris Lewis,8/20/2024,Frozen,,Unknown,Unknown,Ettithun,BC Government,Wood,1/25/2022,"57.85509, -120.29256",Site #1 (capture site #14??) S1-6,10/29/2024,,,,,,Subsampled (2024-08-23),,
1447,NBC-1447-fe,Fecal,Chris Lewis,8/20/2024,Frozen,,Unknown,Unknown,Ettithun,BC Government,Wood,1/25/2022,"57.85509, -120.29256",Site #1 (capture site #14??) S1-7,10/29/2024,,,,,,Subsampled (2024-08-23),,
1448,NBC-1448-fe,Fecal,Chris Lewis,8/20/2024,Frozen,,Unknown,Unknown,Ettithun,BC Government,Wood,1/25/2022,"57.85509, -120.29256",Site #1 (capture site #14??) S1-8,10/4/2024,,,,,,Subsampled (2024-08-23),,
1449,NBC-1449-fe,Fecal,Chris Lewis,8/20/2024,Frozen,,Unknown,Unknown,Ettithun,BC Government,Wood,1/25/2022,"57.88036, -119.99496",Site #2 (AB border) S2-1,10/29/2024,,,,,,Subsampled (2024-08-22),,
1450,NBC-1450-fe,Fecal,Chris Lewis,8/20/2024,Frozen,,Unknown,Unknown,Ettithun,BC Government,Wood,1/25/2022,"57.88036, -119.99496",Site #2 (AB border) S2-2,10/29/2024,,,,,,Subsampled (2024-08-23),,
1451,NBC-1451-fe,Fecal,Chris Lewis,8/20/2024,Frozen,,Unknown,Unknown,Ettithun,BC Government,Wood,1/25/2022,"57.88036, -119.99496",Site #2 (AB border) S2-3,10/29/2024,,,,,,Subsampled (2024-08-23),,
671,NBC-671-fe,Fecal,Chris Lewis,8/20/2024,Frozen,,Unknown,Unknown,Ettithun,BC Government,Wood,8/14/2023,"57.77567, -120.20062",Site 3,10/22/2024,,,,,,Subsampled (2024-08-21),,
672,NBC-672-fe,Fecal,Chris Lewis,8/20/2024,Frozen,,Unknown,Unknown,Ettithun,BC Government,Wood,8/14/2023,"57.30248, -120.44066",Site 2,10/22/2024,,,,,,Subsampled (2024-08-21),,
675,NBC-675-fe,Fecal,Chris Lewis,8/20/2024,Frozen,,Unknown,Unknown,Ettithun,BC Government,Wood,8/14/2023,"57.30248, -120.44066",Site 2,10/22/2024,,,,,,Subsampled (2024-08-21),,
676,NBC-676-fe,Fecal,Chris Lewis,8/20/2024,Frozen,,Unknown,Unknown,Ettithun,BC Government,Wood,8/14/2023,"57.20282, -120.48648",Site 1,10/22/2024,,,,,,Subsampled (2024-08-21),,
677,NBC-677-fe,Fecal,Chris Lewis,8/20/2024,Frozen,,Unknown,Unknown,Ettithun,BC Government,Wood,8/14/2023,"57.64920, -120.32995",Site 5,10/22/2024,,,,,,Subsampled (2024-08-21),,
678,NBC-678-fe,Fecal,Chris Lewis,8/20/2024,Frozen,,Unknown,Unknown,Ettithun,BC Government,Wood,8/14/2023,"57.64920, -120.32995",Site 5,10/22/2024,,,,,,Subsampled (2024-08-21),,
679,NBC-679-fe,Fecal,Chris Lewis,8/20/2024,Frozen,,Unknown,Unknown,Ettithun,BC Government,Wood,8/14/2023,"57.64920, -120.32995",Site 5,10/22/2024,,,,,,Subsampled (2024-08-21),,
680,NBC-680-fe,Fecal,Chris Lewis,8/20/2024,Frozen,,Unknown,Unknown,Ettithun,BC Government,Wood,8/14/2023,"57.64920, -120.32995",Site 5,10/22/2024,,,,,,Subsampled (2024-08-21),,
688,NBC-688-fe,Fecal,Chris Lewis,8/20/2024,Frozen,,Unknown,Unknown,Ettithun,BC Government,Wood,8/14/2023,"57.30248, -120.44066",Site 2,10/22/2024,,,,,,Subsampled (2024-08-22) Probably NBC-688 ?,,
686,NBC-686-fe,Fecal,Chris Lewis,8/20/2024,Frozen,,Unknown,Unknown,Ettithun,BC Government,Wood,8/14/2023,"57.64920, -120.32995",Site 5,10/22/2024,,,,,,Subsampled (2024-08-21),,
687,NBC-687-fe,Fecal,Chris Lewis,8/20/2024,Frozen,,Unknown,Unknown,Ettithun,BC Government,Wood,8/14/2023,"57.64920, -120.32995",Site 5,10/22/2024,,,,,,Subsampled (2024-08-21),,
689,NBC-689-fe,Fecal,Chris Lewis,8/20/2024,Frozen,,Unknown,Unknown,Ettithun,BC Government,Wood,8/14/2023,"57.20282, -120.48648",Site 1,10/22/2024,,,,,,Subsampled (2024-08-21),,
690,NBC-690-fe,Fecal,Chris Lewis,8/20/2024,Frozen,,Unknown,Unknown,Ettithun,BC Government,Wood,8/14/2023,"57.30248, -120.44066",Site 2,10/22/2024,,,,,,Subsampled (2024-08-21),,
692,NBC-692-fe,Fecal,Chris Lewis,8/20/2024,Frozen,,Unknown,Unknown,Ettithun,BC Government,Wood,8/14/2023,"57.77519, -120.26623",Site 4,10/22/2024,,,,,,Subsampled (2024-08-22),,
696,NBC-696-fe,Fecal,Chris Lewis,8/20/2024,Frozen,,Unknown,Unknown,Ettithun,BC Government,Wood,8/14/2023,"57.64920, -120.32995",Site 5,10/22/2024,,,,,,Subsampled (2024-08-21),,
697,NBC-697-fe,Fecal,Chris Lewis,8/20/2024,Frozen,,Unknown,Unknown,Ettithun,BC Government,Wood,8/14/2023,"57.64920, -120.32995",Site 5,10/22/2024,,,,,,Subsampled (2024-08-21),,
701,NBC-701-fe,Fecal,Chris Lewis,8/20/2024,Frozen,,Unknown,Unknown,Ettithun,BC Government,Wood,8/14/2023,"57.77519, -120.26623",Site 4,10/22/2024,,,,,,Subsampled (2024-08-22),,
702,NBC-702-fe,Fecal,Chris Lewis,8/20/2024,Frozen,,Unknown,Unknown,Ettithun,BC Government,Wood,8/14/2023,"57.77519, -120.26623",Site 4,10/22/2024,,,,,,Subsampled (2024-08-22),,
703,NBC-703-fe,Fecal,Chris Lewis,8/20/2024,Frozen,,Unknown,Unknown,Ettithun,BC Government,Wood,8/14/2023,"57.77519, -120.26623",Site 4,10/22/2024,,,,,,Subsampled (2024-08-23),,
705,NBC-705-fe,Fecal,Chris Lewis,8/20/2024,Frozen,,Unknown,Unknown,Ettithun,BC Government,Wood,8/14/2023,"57.64920, -120.32995",Site 5,10/22/2024,,,,,,Subsampled (2024-08-21),,
706,NBC-706-fe,Fecal,Chris Lewis,8/20/2024,Frozen,,Unknown,Unknown,Ettithun,BC Government,Wood,8/14/2023,"57.64920, -120.32995",Site 5,10/22/2024,,,,,,Subsampled (2024-08-21),,
707,NBC-707-fe,Fecal,Chris Lewis,8/20/2024,Frozen,,Unknown,Unknown,Ettithun,BC Government,Wood,8/14/2023,"57.64920, -120.32995",Site 5,10/22/2024,,,,,,Subsampled (2024-08-21),,
708,NBC-708-fe,Fecal,Chris Lewis,8/20/2024,Frozen,,Unknown,Unknown,Ettithun,BC Government,Wood,8/14/2023,"57.64920, -120.32995",Site 5,10/30/2024,,,,,,Subsampled (2024-08-21),,
709,NBC-709-fe,Fecal,Chris Lewis,8/20/2024,Frozen,,Unknown,Unknown,Ettithun,BC Government,Wood,8/14/2023,"57.64920, -120.32995",Site 5,10/30/2024,,,,,,Subsampled (2024-08-21),,
710,NBC-710-fe,Fecal,Chris Lewis,8/20/2024,Frozen,,Unknown,Unknown,Ettithun,BC Government,Wood,8/14/2023,"57.64920, -120.32995",Site 5,10/30/2024,,,,,,Subsampled (2024-08-21),,
695,NBC-695-fe,Fecal,Chris Lewis,8/20/2024,Frozen,,Unknown,Unknown,Ettithun,BC Government,Wood,8/14/2023,"57.64920, -120.32995",Site 5,10/22/2024,,,,,,Subsampled (2024-08-21)  Is it 695 or 795? ,,
2,PANP-002-fe,fecal,,8/1/2023,Frozen,,,,,Prince Albert National Park,Plain,2/1/2021,,,3/20/2024,,,,,,"Swabbed + subsampled, already at Trent (2023-08-04)",,
3,PANP-003-fe,fecal,,8/1/2023,Frozen,,,,,Prince Albert National Park,Plain,2/1/2021,,,11/23/2023,,,,,,"Swabbed + subsampled, already at Trent (2023-08-04)",,
4,PANP-004-fe,fecal,,8/1/2023,Frozen,,,,,Prince Albert National Park,Plain,2/1/2021,,,3/20/2024,,,,,,"Swabbed + subsampled, already at Trent (2023-08-04)",,
6,PANP-006-fe,fecal,,8/1/2023,Frozen,,,,,Prince Albert National Park,Plain,2/1/2021,,,11/23/2023,,,,,,"Swabbed + subsampled, already at Trent (2023-08-04)",,
8,PANP-008-fe,fecal,,8/1/2023,Frozen,,,,,Prince Albert National Park,Plain,2/1/2021,,,3/20/2024,,,,,,"Swabbed + subsampled, already at Trent (2023-08-04)",,
11,PANP-011-fe,fecal,,8/1/2023,Frozen,,,,,Prince Albert National Park,Plain,2/1/2021,,,2/6/2024,,,,,,"Swabbed + subsampled, already at Trent (2023-08-04)",,
12,PANP-012-fe,fecal,,8/1/2023,Frozen,,,,,Prince Albert National Park,Plain,2/1/2021,,,2/5/2024,,,,,,"Swabbed + subsampled, already at Trent (2023-08-04)",,
14,PANP-014-fe,fecal,,8/1/2023,Frozen,,,,,Prince Albert National Park,Plain,2/1/2021,,,3/20/2024,,,,,,"Swabbed + subsampled, already at Trent (2023-08-04)",,
16,PANP-016-fe,fecal,,8/1/2023,Frozen,,,,,Prince Albert National Park,Plain,2/1/2021,,,3/20/2024,,,,,,"Swabbed + subsampled, already at Trent (2023-08-04)",,
17,PANP-017-fe,fecal,,8/1/2023,Frozen,,,,,Prince Albert National Park,Plain,2/1/2021,,,3/20/2024,,,,,,"Swabbed + subsampled, already at Trent (2023-08-04)",,
18,PANP-018-fe,fecal,,8/1/2023,Frozen,,,,,Prince Albert National Park,Plain,2/1/2021,,,3/20/2024,,,,,,"Swabbed + subsampled, already at Trent (2023-08-04)",,
19,PANP-019-fe,fecal,,8/1/2023,Frozen,,,,,Prince Albert National Park,Plain,2/1/2021,,,3/20/2024,,,,,,"Swabbed + subsampled, already at Trent (2023-08-04)",,
20,PANP-020-fe,fecal,,8/1/2023,Frozen,,,,,Prince Albert National Park,Plain,2/1/2021,,,3/20/2024,,,,,,"Swabbed + subsampled, already at Trent (2023-08-04)",,
23,PANP-023-fe,fecal,,8/1/2023,Frozen,,,,,Prince Albert National Park,Plain,2/1/2021,,,3/20/2024,,,,,,"Swabbed + subsampled, already at Trent (2023-08-04)",,
24,PANP-024-fe,fecal,,8/1/2023,Frozen,,,,,Prince Albert National Park,Plain,2/1/2021,,,3/20/2024,,,,,,"Swabbed + subsampled, already at Trent (2023-08-04)",,
25,PANP-025-fe,fecal,,8/1/2023,Frozen,,,,,Prince Albert National Park,Plain,2/1/2021,,,3/20/2024,,,,,,"Swabbed + subsampled, already at Trent (2023-08-04)",,
26,PANP-026-fe,fecal,,8/1/2023,Frozen,,,,,Prince Albert National Park,Plain,2/1/2021,,,3/20/2024,,,,,,"Swabbed + subsampled, already at Trent (2023-08-04)",,
31,PANP-031-fe,fecal,,8/1/2023,Frozen,,,,,Prince Albert National Park,Plain,2/1/2021,,,11/23/2023,,,,,,"Swabbed + subsampled, already at Trent (2023-08-04)",,
34,PANP-034-fe,fecal,,8/1/2023,Frozen,,,,,Prince Albert National Park,Plain,2/1/2021,,,2/6/2024,,,,,,"Swabbed + subsampled, already at Trent (2023-08-04)",,
35,PANP-035-fe,fecal,,8/1/2023,Frozen,,,,,Prince Albert National Park,Plain,2/1/2021,,,11/23/2023,,,,,,"Swabbed + subsampled, already at Trent (2023-08-04)",,
38,PANP-038-fe,fecal,,8/1/2023,Frozen,,,,,Prince Albert National Park,Plain,2/1/2021,,,11/23/2023,,,,,,"Swabbed + subsampled, already at Trent (2023-08-04)",,
41,PANP-041-fe,fecal,,8/1/2023,Frozen,,,,,Prince Albert National Park,Plain,2/1/2021,,,2/5/2024,,,,,,"Swabbed + subsampled, already at Trent (2023-08-04)",,
43,PANP-043-fe,fecal,,8/1/2023,Frozen,,,,,Prince Albert National Park,Plain,2/1/2021,,,2/5/2024,,,,,,"Swabbed + subsampled, already at Trent (2023-08-04)",,
45,PANP-045-fe,fecal,,8/1/2023,Frozen,,,,,Prince Albert National Park,Plain,2/1/2021,,,2/5/2024,,,,,,"Swabbed + subsampled, already at Trent (2023-08-04)",,
48,PANP-048-fe,fecal,,8/1/2023,Frozen,,,,,Prince Albert National Park,Plain,2/1/2021,,,3/20/2024,,,,,,"Swabbed + subsampled, already at Trent (2023-08-04)",,
50,PANP-050-fe,fecal,,8/1/2023,Frozen,,,,,Prince Albert National Park,Plain,2/1/2021,,,2/8/2024,,,,,,"Swabbed + subsampled, already at Trent (2023-08-04)",,
51,PANP-051-fe,fecal,,8/1/2023,Frozen,,,,,Prince Albert National Park,Plain,2/1/2021,,,2/6/2024,,,,,,"Swabbed + subsampled, already at Trent (2023-08-04)",,
52,PANP-052-fe,fecal,,8/1/2023,Frozen,,,,,Prince Albert National Park,Plain,2/1/2021,,,2/6/2024,,,,,,"Swabbed + subsampled, already at Trent (2023-08-04)",,
54,PANP-054-fe,fecal,,8/1/2023,Frozen,,,,,Prince Albert National Park,Plain,2/1/2021,,,11/23/2023,,,,,,"Swabbed + subsampled, already at Trent (2023-08-04)",,
55,PANP-055-fe,fecal,,8/1/2023,Frozen,,,,,Prince Albert National Park,Plain,2/1/2021,,,11/23/2023,,,,,,"Swabbed + subsampled, already at Trent (2023-08-04)",,
57,PANP-057-fe,fecal,,8/1/2023,Frozen,,,,,Prince Albert National Park,Plain,2/1/2021,,,11/23/2023,,,,,,"Swabbed + subsampled, already at Trent (2023-08-04)",,
61,PANP-061-fe,fecal,,8/1/2023,Frozen,,,,,Prince Albert National Park,Plain,2/1/2021,,,2/8/2024,,,,,,"Swabbed + subsampled, already at Trent (2023-08-04)",,
62,PANP-062-fe,fecal,,8/1/2023,Frozen,,,,,Prince Albert National Park,Plain,2/1/2021,,,12/4/2023,,,,,,"Swabbed + subsampled, already at Trent (2023-08-04)",,
68,PANP-068-fe,fecal,,8/1/2023,Frozen,,,,,Prince Albert National Park,Plain,2/1/2021,,,2/8/2024,,,,,,"Swabbed + subsampled, already at Trent (2023-08-04)",,
70,PANP-070-fe,fecal,,8/1/2023,Frozen,,,,,Prince Albert National Park,Plain,2/1/2021,,,2/6/2024,,,,,,"Swabbed + subsampled, already at Trent (2023-08-04)",,
71,PANP-071-fe,fecal,,8/1/2023,Frozen,,,,,Prince Albert National Park,Plain,2/1/2021,,,2/6/2024,,,,,,"Swabbed + subsampled, already at Trent (2023-08-04)",,
72,PANP-072-fe,fecal,,8/1/2023,Frozen,,,,,Prince Albert National Park,Plain,2/1/2021,,,2/6/2024,,,,,,"Swabbed + subsampled, already at Trent (2023-08-04)",,
73,PANP-073-fe,fecal,,8/1/2023,Frozen,,,,,Prince Albert National Park,Plain,2/1/2021,,,2/5/2024,,,,,,"Swabbed + subsampled, already at Trent (2023-08-04)",,
74,PANP-074-fe,fecal,,8/1/2023,Frozen,,,,,Prince Albert National Park,Plain,2/1/2021,,,3/20/2024,,,,,,"Swabbed + subsampled, already at Trent (2023-08-04)",,
75,PANP-075-fe,fecal,,8/1/2023,Frozen,,,,,Prince Albert National Park,Plain,2/1/2021,,,3/20/2024,,,,,,"Swabbed + subsampled, already at Trent (2023-08-04)",,
80,PANP-080-fe,fecal,,8/1/2023,Frozen,,,,,Prince Albert National Park,Plain,2/1/2021,,,2/6/2024,,,,,,"Swabbed + subsampled, already at Trent (2023-08-04)",,
82,PANP-082-fe,fecal,,8/1/2023,Frozen,,,,,Prince Albert National Park,Plain,2/1/2021,,,2/5/2024,,,,,,"Swabbed + subsampled, already at Trent (2023-08-04)",,
85,PANP-085-fe,fecal,,8/1/2023,Frozen,,,,,Prince Albert National Park,Plain,2/1/2021,,,2/8/2024,,,,,,"Swabbed + subsampled, already at Trent (2023-08-04)",,
86,PANP-086-fe,fecal,,8/1/2023,Frozen,,,,,Prince Albert National Park,Plain,2/1/2021,,,2/6/2024,,,,,,"Swabbed + subsampled, already at Trent (2023-08-04)",,
87,PANP-087-fe,fecal,,8/1/2023,Frozen,,,,,Prince Albert National Park,Plain,2/1/2021,,,2/8/2024,,,,,,"Swabbed + subsampled, already at Trent (2023-08-04)",,
1022,RBQC-1022-fe,Fecal,Anouk Caron,5/10/2024,Frozen,Warm,Female,2-4 years,Rustik,Québec,Plain,1/15/2024,,#29,5/23/2024,,,,,,,,
1023,RBQC-1023-fe,Fecal,Anouk Caron,5/10/2024,Frozen,Warm,Female,2-4 years,Rustik,Québec,Plain,1/15/2024,,#15,5/23/2024,,,,,,,,
1024,RBQC-1024-fe,Fecal,Anouk Caron,5/10/2024,Frozen,Warm,Female,2-4 years,Rustik,Québec,Plain,1/15/2024,,#01,5/23/2024,,,,,,,,
1025,RBQC-1025-fe,Fecal,Anouk Caron,5/10/2024,Frozen,Warm,Female,2-4 years,Rustik,Québec,Plain,4/17/2024,,#01?,5/23/2024,,,,,,,,
1027,RBQC-1027-fe,Fecal,Anouk Caron,5/10/2024,Frozen,Warm,Female,2-4 years,Rustik,Québec,Plain,4/17/2024,,#29,5/23/2024,,,,,,,,
1028,RBQC-1028-fe,Fecal,Anouk Caron,5/10/2024,Frozen,Warm,Female,2-4 years,Rustik,Québec,Plain,4/17/2024,,#64,5/23/2024,,,,,,,,
1029,RBQC-1029-fe,Fecal,Anouk Caron,5/10/2024,Frozen,Warm,Male,2-4 years,Rustik,Québec,Plain,4/17/2024,,#34,5/23/2024,,,,,,,,
1031,RBQC-1031-fe,Fecal,Anouk Caron,5/10/2024,Frozen,Warm,Female,2-4 years,Rustik,Québec,Plain,4/18/2024,,#03,5/23/2024,,,,,,,,
1032,RBQC-1032-fe,Fecal,Anouk Caron,5/10/2024,Frozen,Warm,Female,2-4 years,Rustik,Québec,Plain,4/18/2024,,#43,5/23/2024,,,,,,,,
1033,RBQC-1033-fe,Fecal,Anouk Caron,5/10/2024,Frozen,Warm,Female,2-4 years,Rustik,Québec,Plain,4/17/2024,,#47,5/23/2024,,,,,,,,
1035,RBQC-1035-fe,Fecal,Anouk Caron,5/10/2024,Frozen,Warm,Male,2-4 years,Rustik,Québec,Plain,4/17/2024,,#05,5/23/2024,,,,,,,,
1040,RBQC-1040-fe,Fecal,Anouk Caron,5/10/2024,Frozen,Warm,Female,2-4 years,Rustik,Québec,Plain,2/18/2024,,#49,5/23/2024,,,,,,,,
1042,RBQC-1042-fe,Fecal,Anouk Caron,5/10/2024,Frozen,Warm,Male,2-4 years,Rustik,Québec,Plain,2/18/2024,,#31,5/23/2024,,,,,,,,
1043,RBQC-1043-fe,Fecal,Anouk Caron,5/10/2024,Frozen,Warm,Female,2-4 years,Rustik,Québec,Plain,2/18/2024,,#45,5/23/2024,,,,,,,,
1044,RBQC-1044-fe,Fecal,Anouk Caron,5/10/2024,Frozen,Warm,Female,2-4 years,Rustik,Québec,Plain,4/17/2024,,#47  (2e échantillon),5/23/2024,,,,,,,,
1045,RBQC-1045-fe,Fecal,Anouk Caron,5/10/2024,Frozen,Warm,Female,2-4 years,Rustik,Québec,Plain,4/17/2024,,#38,5/23/2024,,,,,,,,
1012,WBNP-1012-fe,fecal,Robert Bélanger,9/12/2023,Frozen,,,,Sweetgrass,Wood Buffalo National Park,Wood,5/10/2023,"58.84339, -111.99785",SG01,3/14/2024,,,,,,,,
1013,WBNP-1013-fe,fecal,Robert Bélanger,9/12/2023,Frozen,,,,Sweetgrass,Wood Buffalo National Park,Wood,5/10/2023,"58.84386, -111.99850",SG02,3/14/2024,,,,,,,,
1014,WBNP-1014-fe,fecal,Robert Bélanger,9/12/2023,Frozen,,,,Sweetgrass,Wood Buffalo National Park,Wood,5/10/2023,"58.84582, -112.00297",SG03,3/14/2024,,,,,,,,
1015,WBNP-1015-fe,fecal,Robert Bélanger,9/12/2023,Frozen,,,,Sweetgrass,Wood Buffalo National Park,Wood,5/10/2023,"58.84402, -111.99777",SG04,3/14/2024,,,,,,,,
1016,WBNP-1016-fe,fecal,Robert Bélanger,9/12/2023,Frozen,,,,Sweetgrass,Wood Buffalo National Park,Wood,5/10/2023,"58.84196, -111.99406",SG05,3/14/2024,,,,,,,,
1017,WBNP-1017-fe,fecal,Robert Bélanger,9/12/2023,Frozen,,,,Sweetgrass,Wood Buffalo National Park,Wood,5/10/2023,,SG06,3/14/2024,,,,,,,,
1018,WBNP-1018-fe,fecal,Robert Bélanger,9/12/2023,Frozen,,,,Sweetgrass,Wood Buffalo National Park,Wood,5/10/2023,,SG07,3/14/2024,,,,,,,,
1019,WBNP-1019-fe,fecal,Robert Bélanger,9/12/2023,Frozen,,,,Sweetgrass,Wood Buffalo National Park,Wood,5/10/2023,,SG08,3/14/2024,,,,,,,,
1020,WBNP-1020-fe,fecal,Robert Bélanger,9/12/2023,Frozen,,,,Sweetgrass,Wood Buffalo National Park,Wood,5/10/2023,,SG09,3/14/2024,,,,,,,,
1021,WBNP-1021-fe,fecal,Robert Bélanger,9/12/2023,Frozen,,,,Sweetgrass,Wood Buffalo National Park,Wood,5/10/2023,,SG10,3/14/2024,,,,,,,,
1126,WBNP-1126-fe,fecal,Robert Bélanger,9/12/2023,Frozen,,M,,Sweetgrass,Wood Buffalo National Park,Wood,3/14/2023,"59.0702, -112.4372 ",88235,3/14/2024,,,,,,,,
1127,WBNP-1127-fe,fecal,Robert Bélanger,9/12/2023,Frozen,,M,,Sweetgrass,Wood Buffalo National Park,Wood,3/16/2023,"58.81720, -111.86116",88237,3/14/2024,,,,,,,,
1128,WBNP-1128-fe,fecal,Robert Bélanger,9/12/2023,Frozen,,M,,Carlson,Wood Buffalo National Park,Wood,3/15/2023,"58.96720, -111.89399",89238,3/14/2024,,,,,,,,
1129,WBNP-1129-fe,fecal,Robert Bélanger,9/12/2023,Frozen,,F,,Hay Camp,Wood Buffalo National Park,Wood,3/14/2023,"59.40872, -111.88466",89749,3/14/2024,,,,,,,,
1130,WBNP-1130-fe,fecal,Robert Bélanger,9/12/2023,Frozen,,F,,Hay Camp,Wood Buffalo National Park,Wood,3/14/2023,"59.39338, -111.94966",89752,3/14/2024,,,,,,,,
1131,WBNP-1131-fe,fecal,Robert Bélanger,9/12/2023,Frozen,,F,,Hay Camp,Wood Buffalo National Park,Wood,3/15/2023,"59.24963, -111.75038",89753,3/18/2024,,,,,,,,
1132,WBNP-1132-fe,fecal,Robert Bélanger,9/12/2023,Frozen,,F,,Sweetgrass,Wood Buffalo National Park,Wood,3/14/2023,"58.81921, -111.91741",89757,3/18/2024,,,,,,,,
1133,WBNP-1133-fe,fecal,Robert Bélanger,9/12/2023,Frozen,,F,,Carlson,Wood Buffalo National Park,Wood,3/15/2023,"58.98681, -111.94230",89759,3/18/2024,,,,,,,,
1134,WBNP-1134-fe,fecal,Robert Bélanger,9/12/2023,Frozen,,F,,Hay Camp,Wood Buffalo National Park,Wood,3/15/2023,"59.57022, -111.63504",89760,3/18/2024,,,,,,,,
1135,WBNP-1135-fe,fecal,Robert Bélanger,9/12/2023,Frozen,,F,,Carlson,Wood Buffalo National Park,Wood,3/15/2023,"58.96792, -112.01052",89761,3/18/2024,,,,,,,,
1136,WBNP-1136-fe,fecal,Robert Bélanger,9/12/2023,Frozen,,F,,Sweetgrass,Wood Buffalo National Park,Wood,3/14/2023,"58.84185, -111.76455",89762,3/18/2024,,,,,,,,
1137,WBNP-1137-fe,fecal,Robert Bélanger,9/12/2023,Frozen,,F,,Hay Camp,Wood Buffalo National Park,Wood,3/15/2023,"59.40728, -111.90021",89764,3/18/2024,,,,,,,,
1138,WBNP-1138-fe,fecal,Robert Bélanger,9/12/2023,Frozen,,F,,Sweetgrass,Wood Buffalo National Park,Wood,3/14/2023,"58.78518, -111.72124",89765,3/18/2024,,,,,,,,
1139,WBNP-1139-fe,fecal,Robert Bélanger,9/12/2023,Frozen,,F,,Hay Camp,Wood Buffalo National Park,Wood,3/15/2023,"59.57144, -111.67349",89769,3/18/2024,,,,,,,,
1140,WBNP-1140-fe,fecal,Robert Bélanger,9/12/2023,Frozen,,F,,Lake One,Wood Buffalo National Park,Wood,3/15/2023,"58.98199, -111.92901",89771,3/18/2024,,,,,,,,
1141,WBNP-1141-fe,fecal,Robert Bélanger,9/12/2023,Frozen,,F,,Sweetgrass,Wood Buffalo National Park,Wood,3/14/2023,"58.87085, -111.83103",89775,3/18/2024,,,,,,,,
1142,WBNP-1142-fe,fecal,Robert Bélanger,9/12/2023,Frozen,,F,,Hay Camp,Wood Buffalo National Park,Wood,3/15/2023,"59.28058, -112.08657",89776,3/18/2024,,,,,,,,
1143,WBNP-1143-fe,fecal,Robert Bélanger,9/12/2023,Frozen,,M,,Lake One,Wood Buffalo National Park,Wood,3/15/2023,"59.06692, -112.39190",89803,3/18/2024,,,,,,,,
1144,WBNP-1144-fe,fecal,Robert Bélanger,9/12/2023,Frozen,,M,,Hay Camp,Wood Buffalo National Park,Wood,3/15/2023,"59.34319, -111.91698",89805,3/18/2024,,,,,,,,
1145,WBNP-1145-fe,fecal,Robert Bélanger,9/12/2023,Frozen,,M,,Hay Camp,Wood Buffalo National Park,Wood,3/15/2023,"59.16004, -111.54979",89809,3/18/2024,,,,,,,,
1146,WBNP-1146-fe,fecal,Robert Bélanger,9/12/2023,Frozen,,M,,Hay Camp,Wood Buffalo National Park,Wood,3/15/2023,"59.16004, -111.54979",89809,3/18/2024,,,,,,,,
1147,WBNP-1147-fe,fecal,Robert Bélanger,9/12/2023,Frozen,,M,,Hay Camp,Wood Buffalo National Park,Wood,3/15/2023,"59.39322, -111.95084",89811,3/18/2024,,,,,,,,
1148,WBNP-1148-fe,fecal,Robert Bélanger,9/12/2023,Frozen,,M,,Sweetgrass,Wood Buffalo National Park,Wood,3/14/2023,"58.88729, -112.20573",89812,3/18/2024,,,,,,,,
1149,WBNP-1149-fe,fecal,Robert Bélanger,9/12/2023,Frozen,,M,,Hay Camp,Wood Buffalo National Park,Wood,3/15/2023,"59.39420, -111.96182",89815,3/20/2024,,,,,,,,
1150,WBNP-1150-fe,fecal,Robert Bélanger,9/12/2023,Frozen,,M,,Ronald Lake,Wood Buffalo National Park,Wood,3/14/2023,"58.15986, -111.75382",89816,3/20/2024,,,,,,,,
152,WBNP-152-Fe,Fecal,Keith Hartery,11/17/2022,Frozen ,Cold,Unknown,Unknown,Hay Camp,Wood Buffalo National Park ,Wood,10/24/2022,"59.746995, -112.110395",,12/4/2023,,,,,,"Swabbed + subsampled, already at Trent (2023-08-04)",,
153,WBNP-153-Fe,Fecal,Keith Hartery,11/17/2022,Frozen ,Cold,Unknown,Unknown,Hay Camp,Wood Buffalo National Park ,Wood,10/21/2022,"59.543087, -112.266079",,12/4/2023,,,,,,"Swabbed + subsampled, already at Trent (2023-08-04)",,
157,WBNP-157-Fe,Fecal,Keith Hartery,11/17/2022,Frozen ,Cold,Unknown,Unknown,Nyarling,Wood Buffalo National Park ,Wood,10/20/2022,"60.133298, -113.669597",,2/8/2024,,,,,,"Swabbed + subsampled, already at Trent (2023-08-04)",,
159,WBNP-159-Fe,Fecal,Keith Hartery,11/17/2022,Frozen ,Cold,Unknown,Unknown,Nyarling,Wood Buffalo National Park ,Wood,10/20/2022,"60.133151, -113.669575",,2/8/2024,,,,,,"Swabbed + subsampled, already at Trent (2023-08-04)",,
161,WBNP-161-Fe,Fecal,Keith Hartery,11/17/2022,Frozen ,Warm,Unknown,Unknown,Little Buffalo,Wood Buffalo National Park ,Wood,9/7/2022,"60.033282, -113.154994",,2/8/2024,,,,,,"Swabbed + subsampled, already at Trent (2023-08-04)",,
162,WBNP-162-Fe,Fecal,Keith Hartery,11/17/2022,Frozen ,Cold,Unknown,Unknown,Nyarling,Wood Buffalo National Park ,Wood,10/20/2022,"60.133249, -113,669727",,2/8/2024,,,,,,"Swabbed + subsampled, already at Trent (2023-08-04)",,
163,WBNP-163-Fe,Fecal,Keith Hartery,11/17/2022,Frozen ,Cold,Unknown,Unknown,Hay Camp,Wood Buffalo National Park ,Wood,10/17/2022,"59.562309, -112.263072",,12/4/2023,,,,,,"Swabbed + subsampled, already at Trent (2023-08-04)",,
165,WBNP-165-Fe,Fecal,Keith Hartery,11/17/2022,Frozen ,Warm,Unknown,Unknown,Hay Camp,Wood Buffalo National Park ,Wood,10/19/2022,"59.584200, -112.274427",,12/4/2023,,,,,,"Swabbed + subsampled, already at Trent (2023-08-04)",,
166,WBNP-166-Fe,Fecal,Keith Hartery,11/17/2022,Frozen ,Warm,Unknown,Unknown,Hay Camp,Wood Buffalo National Park ,Wood,10/19/2022,"59.585268, -112.275167",,2/16/2024,,,,,,"Swabbed + subsampled, already at Trent (2023-08-04)",,
169,WBNP-169-Fe,Fecal,Keith Hartery,11/17/2022,Frozen ,Warm,Unknown,Unknown,Hay Camp,Wood Buffalo National Park ,Wood,10/19/2022,"59.585302, -112.275533",,2/16/2024,,,,,,"Swabbed + subsampled, already at Trent (2023-08-04)",,
170,WBNP-170-Fe,Fecal,Keith Hartery,11/17/2022,Frozen ,Warm,Unknown,Unknown,Hay Camp,Wood Buffalo National Park ,Wood,10/19/2022,"59.584310, -112.275339",,12/4/2023,,,,,,"Swabbed + subsampled, already at Trent (2023-08-04)",,
172,WBNP-172-Fe,Fecal,Keith Hartery,11/17/2022,Frozen ,Cold,Unknown,Unknown,Hay Camp,Wood Buffalo National Park ,Wood,10/17/2022,"59.561610, -112.262683",,12/4/2023,,,,,,"Swabbed + subsampled, already at Trent (2023-08-04)",,
175,WBNP-175-Fe,Fecal,Keith Hartery,11/17/2022,Frozen ,Cold,Unknown,Unknown,Hay Camp,Wood Buffalo National Park ,Wood,10/14/2022,"59.536134, -112.243610",,12/4/2023,,,,,,"Swabbed + subsampled, already at Trent (2023-08-04)",,
176,WBNP-176-Fe,Fecal,Keith Hartery,11/17/2022,Frozen ,Cold,Unknown,Unknown,Hay Camp,Wood Buffalo National Park ,,10/14/2022,"59.536134, -112.243611",,,,,,,,No sample,,
178,WBNP-178-Fe,Fecal,Keith Hartery,11/17/2022,Frozen ,Cold,Unknown,Unknown,Hay Camp,Wood Buffalo National Park ,Wood,10/14/2022,"59.561486, -112.211913",,12/4/2023,,,,,,"Swabbed + subsampled, already at Trent (2023-08-04)",,
179,WBNP-179-Fe,Fecal,Keith Hartery,11/17/2022,Frozen ,Cold,Unknown,Unknown,Hay Camp,Wood Buffalo National Park ,Wood,10/13/2022,"59.541715, -112.249420",,12/4/2023,,,,,,"Swabbed + subsampled, already at Trent (2023-08-04)",,
181,WBNP-181-Fe,Fecal,Keith Hartery,11/17/2022,Frozen ,Cold,Unknown,Unknown,Nyarling,Wood Buffalo National Park ,Wood,10/20/2022,"60.132924, -113.669147",,2/16/2024,,,,,,"Swabbed + subsampled, already at Trent (2023-08-04)",,
185,WBNP-185-Fe,Fecal,Keith Hartery,11/17/2022,Frozen ,Cold,Unknown,Unknown,Hay Camp,Wood Buffalo National Park ,Wood,10/17/2022,"59.561797, -112.262804",,12/4/2023,,,,,,"Swabbed + subsampled, already at Trent (2023-08-04)",,
187,WBNP-187-Fe,Fecal,Keith Hartery,11/17/2022,Frozen ,Warm,Unknown,Unknown,Little Buffalo,Wood Buffalo National Park ,Wood,9/7/2022,"60.033498, -113.154971",,2/15/2024,,,,,,"Swabbed + subsampled, already at Trent (2023-08-04)",,
188,WBNP-188-Fe,Fecal,Keith Hartery,11/17/2022,Frozen ,Warm,Unknown,Unknown,Little Buffalo,Wood Buffalo National Park ,Wood,9/7/2022,"60.033324, -113.154940",,2/15/2024,,,,,,"Swabbed + subsampled, already at Trent (2023-08-04)",,
189,WBNP-189-Fe,Fecal,Keith Hartery,11/17/2022,Frozen ,Warm,Unknown,Unknown,Hay Camp,Wood Buffalo National Park ,Wood,8/19/2022,"59.291585, -112.477735",,12/4/2023,,,,,,"Swabbed + subsampled, already at Trent (2023-08-04)",,
190,WBNP-190-Fe,Fecal,Keith Hartery,11/17/2022,Frozen ,Warm,Unknown,Unknown,Hay Camp,Wood Buffalo National Park ,Wood,8/19/2022,"59.460007, -112.297671",,2/15/2024,,,,,,"Swabbed + subsampled, already at Trent (2023-08-04)",,
191,WBNP-191-Fe,Fecal,Keith Hartery,11/17/2022,Frozen ,Cold,Unknown,Unknown,Hay Camp,Wood Buffalo National Park ,Wood,10/24/2022,"59.746999, -112.110123",,12/4/2023,,,,,,"Swabbed + subsampled, already at Trent (2023-08-04)",,
194,WBNP-194-Fe,Fecal,Keith Hartery,11/17/2022,Frozen ,Cold,Unknown,Unknown,Hay Camp,Wood Buffalo National Park ,Wood,10/21/2022,"59.537057, -112.265209",,12/4/2023,,,,,,"Swabbed + subsampled, already at Trent (2023-08-04)",,
195,WBNP-195-Fe,Fecal,Keith Hartery,11/17/2022,Frozen ,Cold,Unknown,Unknown,Hay Camp,Wood Buffalo National Park ,Wood,10/24/2022,"59.74178, -112.110270",,----------------------,,,,,,"Swabbed + subsampled, already at Trent (2023-08-04)",,
198,WBNP-198-Fe,Fecal,Keith Hartery,11/17/2022,Frozen ,Warm,Unknown,Unknown,Little Buffalo,Wood Buffalo National Park ,Wood,9/7/2022,"60.033249, -113.154770",,2/15/2024,,,,,,"Swabbed + subsampled, already at Trent (2023-08-04)",,
200,WBNP-200-Fe,Fecal,Keith Hartery,11/17/2022,Frozen ,Warm,Unknown,Unknown,Little Buffalo,Wood Buffalo National Park ,Wood,9/7/2022,"60.033120, -113.154623",,2/15/2024,,,,,,"Swabbed + subsampled, already at Trent (2023-08-04)",,
202,WBNP-202-Fe,Fecal,Keith Hartery,11/17/2022,Frozen ,Warm,Unknown,Unknown,Hay Camp,Wood Buffalo National Park ,Wood,8/19/2022,"59.316021, -112.495414",,2/15/2024,,,,,,"Swabbed + subsampled, already at Trent (2023-08-04)",,
203,WBNP-203-Fe,Fecal,Keith Hartery,11/17/2022,Frozen ,Warm,Unknown,Unknown,Hay Camp,Wood Buffalo National Park ,Wood,8/19/2022,"59.317072, -112.497067",,12/4/2023,,,,,,"Swabbed + subsampled, already at Trent (2023-08-04)",,
204,WBNP-204-Fe,Fecal,Keith Hartery,11/17/2022,Frozen ,Warm,Unknown,Unknown,Hay Camp,Wood Buffalo National Park ,Wood,8/19/2022,"59.464356, -112.284850",,2/15/2024,,,,,,"Swabbed + subsampled, already at Trent (2023-08-04)",,
205,WBNP-205-Fe,Fecal,Keith Hartery,11/17/2022,Frozen ,Cold,Unknown,Unknown,Hay Camp,Wood Buffalo National Park ,Wood,8/20/2022,"59.461135, -112.294167",,12/4/2023,,,,,,"Swabbed + subsampled, already at Trent (2023-08-04)",,
208,WBNP-208-Fe,Fecal,Keith Hartery,11/17/2022,Frozen ,Warm,Unknown,Unknown,Little Buffalo,Wood Buffalo National Park ,Wood,9/7/2022,"60.033256, -113.154894",,2/15/2024,,,,,,"Swabbed + subsampled, already at Trent (2023-08-04)",,
209,WBNP-209-Fe,Fecal,Keith Hartery,11/17/2022,Frozen ,Warm,Unknown,Unknown,Little Buffalo,Wood Buffalo National Park ,Wood,9/7/2022,"60.03358, -113.154777",,2/15/2024,,,,,,"Swabbed + subsampled, already at Trent (2023-08-04)",,
210,WBNP-210-Fe,Fecal,Keith Hartery,11/17/2022,Frozen ,Warm,Unknown,Unknown,Hay Camp,Wood Buffalo National Park ,Wood,8/19/2022,"59.421242, -112.372619",,12/4/2023,,,,,,"Swabbed + subsampled, already at Trent (2023-08-04)",,
736,WBNP-736-fe,Fecal,Keith Hartery,11/29/2023,Frozen,COLD,Unknown,Unknown,Nyarling,Wood Buffalo National Park,Wood,3/17/2023,"60.258828, -113.957087",,4/9/2024,,,,,,,,
738,WBNP-738-fe,Fecal,Keith Hartery,11/29/2023,Frozen,WARM,Unknown,Unknown,Nyarlying,Wood Buffalo National Park,Wood,4/24/2023,"60.246167, -113.913179",,4/9/2024,,,,,,,,
748,WBNP-748-fe,Fecal,Keith Hartery,11/29/2023,Frozen,WARM,Unknown,Unknown,Hay Camp,Wood Buffalo National Park,Wood,4/3/2023,"59.754995, -112.100686",,4/9/2024,,,,,,,,
749,WBNP-749-fe,Fecal,Keith Hartery,11/29/2023,Frozen,WARM,Unknown,Unknown,Hay Camp,Wood Buffalo National Park,Wood,4/3/2023,"59.767651, -112.085314",,4/9/2024,,,,,,,,
750,WBNP-750-fe,Fecal,Keith Hartery,11/29/2023,Frozen,WARM,Unknown,Unknown,Hay Camp,Wood Buffalo National Park,Wood,10/26/2023,"59,633964, -112,233420",,4/9/2024,,,,,,,,
751,WBNP-751-fe,Fecal,Keith Hartery,11/29/2023,Frozen,WARM,Unknown,Unknown,Hay Camp,Wood Buffalo National Park,Wood,10/13/2023,"59.481703, -112.273731",,4/9/2024,,,,,,,,
752,WBNP-752-fe,Fecal,Keith Hartery,11/29/2023,Frozen,COLD,Unknown,Unknown,Nyarling,Wood Buffalo National Park,Wood,10/13/2023,"60.023024, -112.933421",,4/9/2024,,,,,,,,
753,WBNP-753-fe,Fecal,Keith Hartery,11/29/2023,Frozen,WARM,Unknown,Unknown,Nyarling,Wood Buffalo National Park,Wood,10/18/2023,"60.033280, -113.16016",,4/9/2024,,,,,,,,
754,WBNP-754-fe,Fecal,Keith Hartery,11/29/2023,Frozen,WARM,Unknown,Unknown,Nyarling,Wood Buffalo National Park,Wood,10/18/2023,"60.033314, -113.159700",,4/16/2024,,,,,,,,
755,WBNP-755-fe,Fecal,Keith Hartery,11/29/2023,Frozen,WARM,Unknown,Unknown,Hay Camp,Wood Buffalo National Park,Wood,10/20/2023,"59.558466, -112.268220",,4/16/2024,,,,,,,,
757,WBNP-757-fe,Fecal,Keith Hartery,11/29/2023,Frozen,FROZEN,Unknown,Unknown,Nyarling,Wood Buffalo National Park,Wood,3/17/2023,"60.258828, -113.957087",,4/16/2024,,,,,,,,
758,WBNP-758-fe,Fecal,Keith Hartery,11/29/2023,Frozen,COLD,Unknown,Unknown,Delta,Wood Buffalo National Park,Wood,10/20/2023,"58.84297, -111.99662",,4/16/2024,,,,,,,,
759,WBNP-759-fe,Fecal,Keith Hartery,11/29/2023,Frozen,WARM,Unknown,Unknown,Hay Camp,Wood Buffalo National Park,Wood,10/26/2023,"59,634021, -112,233455",,4/16/2024,,,,,,,,
761,WBNP-761-fe,Fecal,Keith Hartery,11/29/2023,Frozen,COLD,Unknown,Unknown,Sweetgrass,Wood Buffalo National Park,Wood,10/21/2023,"58.84298, -111.99660",,4/16/2024,,,,,,,,
763,WBNP-763-fe,Fecal,Keith Hartery,11/29/2023,Frozen,COLD,Unknown,Unknown,Sweetgrass,Wood Buffalo National Park,Wood,10/20/2023,"58.84291, -111.99631",,4/16/2024,,,,,,,,
764,WBNP-764-fe,Fecal,Keith Hartery,11/29/2023,Frozen,COLD,Unknown,Unknown,Sweetgrass,Wood Buffalo National Park,Wood,10/20/2023,"58.84291, -111.99632",,4/16/2024,,,,,,,,
765,WBNP-765-fe,Fecal,Keith Hartery,11/29/2023,Frozen,COLD,Unknown,Unknown,Delta,Wood Buffalo National Park,Wood,10/20/2023,"58.84291, -111.99633",,4/16/2024,,,,,,,,
766,WBNP-766-fe,Fecal,Keith Hartery,11/29/2023,Frozen,COLD,Unknown,Unknown,Hay Camp,Wood Buffalo National Park,Wood,4/11/2023,"59.750157, -112.106329",,4/16/2024,,,,,,,,
767,WBNP-767-fe,Fecal,Keith Hartery,11/29/2023,Frozen,COLD,Unknown,Unknown,Hay Camp,Wood Buffalo National Park,Wood,4/11/2023,"59.750186, -112.106312",,4/16/2024,,,,,,,,
768,WBNP-768-fe,Fecal,Keith Hartery,11/29/2023,Frozen,COLD,Unknown,Unknown,Delta,Wood Buffalo National Park,Wood,10/20/2023,"58.84291, -111.99634",,4/16/2024,,,,,,,,
769,WBNP-769-fe,Fecal,Keith Hartery,11/29/2023,Frozen,WARM,Unknown,Unknown,Hay Camp,Wood Buffalo National Park,Wood,10/20/2023,"59.559064, -112.268340",,4/16/2024,,,,,,,,
770,WBNP-770-fe,Fecal,Keith Hartery,11/29/2023,Frozen,WARM,Unknown,Unknown,Hay Camp,Wood Buffalo National Park,Wood,10/25/2023,"59,604786, -112,264759",,4/16/2024,,,,,,,,
771,WBNP-771-Fe,Fecal,Robert Belanger,11/17/2022,Frozen,,,,Sweetgrass,Wood Buffalo National Park ,Wood,6/6/2022,,SG1,2/19/2024,,,,,,"Swabbed + subsampled, already at Trent (2023-08-04)",,
772,WBNP-772-Fe,Fecal,Robert Belanger,11/17/2022,Frozen,,,,Sweetgrass,Wood Buffalo National Park ,Wood,6/6/2022,,SG2,2/19/2024,,,,,,"Swabbed + subsampled, already at Trent (2023-08-04)",,
773,WBNP-773-Fe,Fecal,Robert Belanger,11/17/2022,Frozen,,,,Sweetgrass,Wood Buffalo National Park ,Wood,6/6/2022,,SG3,2/16/2024,,,,,,"Swabbed + subsampled, already at Trent (2023-08-04)",,
774,WBNP-774-Fe,Fecal,Robert Belanger,11/17/2022,Frozen,,,,Sweetgrass,Wood Buffalo National Park ,Wood,6/6/2022,,SG4,2/19/2024,,,,,,"Swabbed + subsampled, already at Trent (2023-08-04)",,
775,WBNP-775-Fe,Fecal,Robert Belanger,11/17/2022,Frozen,,,,Sweetgrass,Wood Buffalo National Park ,Wood,6/6/2022,,SG5,2/19/2024,,,,,,"Swabbed + subsampled, already at Trent (2023-08-04)",,
776,WBNP-776-Fe,Fecal,Robert Belanger,11/17/2022,Frozen,,,,Sweetgrass,Wood Buffalo National Park ,Wood,6/6/2022,,SG6,2/16/2024,,,,,,"Swabbed + subsampled, already at Trent (2023-08-04)",,
777,WBNP-777-Fe,Fecal,Robert Belanger,11/17/2022,Frozen,,,,Sweetgrass,Wood Buffalo National Park ,Wood,6/6/2022,,SG7,2/19/2024,,,,,,"Swabbed + subsampled, already at Trent (2023-08-04)",,
778,WBNP-778-Fe,Fecal,Robert Belanger,11/17/2022,Frozen,,,,Sweetgrass,Wood Buffalo National Park ,Wood,6/6/2022,,SG8,2/16/2024,,,,,,"Swabbed + subsampled, already at Trent (2023-08-04)",,
779,WBNP-779-Fe,Fecal,Robert Belanger,11/17/2022,Frozen,,,,Sweetgrass,Wood Buffalo National Park ,Wood,6/6/2022,,SG9,2/19/2024,,,,,,"Swabbed + subsampled, already at Trent (2023-08-04)",,
780,WBNP-780-Fe,Fecal,Robert Belanger,11/17/2022,Frozen,,,,Sweetgrass,Wood Buffalo National Park ,Wood,6/6/2022,,SG10,2/19/2024,,,,,,"Swabbed + subsampled, already at Trent (2023-08-04)",,
781,WBNP-781-Fe,Fecal,Robert Belanger,11/17/2022,Frozen,,,,Sweetgrass,Wood Buffalo National Park ,Wood,6/6/2022,,SG11,2/19/2024,,,,,,"Swabbed + subsampled, already at Trent (2023-08-04)",,
782,WBNP-782-Fe,Fecal,Robert Belanger,11/17/2022,Frozen,,,,Sweetgrass,Wood Buffalo National Park ,Wood,6/6/2022,,SG12,2/19/2024,,,,,,"Swabbed + subsampled, already at Trent (2023-08-04)",,
783,WBNP-783-Fe,Fecal,Robert Belanger,11/17/2022,Frozen,,,,Sweetgrass,Wood Buffalo National Park ,Wood,6/6/2022,,SG13,2/19/2024,,,,,,"Swabbed + subsampled, already at Trent (2023-08-04)",,
784,WBNP-784-Fe,Fecal,Robert Belanger,11/17/2022,Frozen,,,,Sweetgrass,Wood Buffalo National Park ,Wood,6/6/2022,,SG14,2/19/2024,,,,,,"Swabbed + subsampled, already at Trent (2023-08-04)",,
785,WBNP-785-Fe,Fecal,Robert Belanger,11/17/2022,Frozen,,,,Sweetgrass,Wood Buffalo National Park ,Wood,6/6/2022,,SG15,2/16/2024,,,,,,"Swabbed + subsampled, already at Trent (2023-08-04)",,
786,WBNP-786-Fe,Fecal,Robert Belanger,11/17/2022,Frozen,,,,Sweetgrass A,Wood Buffalo National Park ,Wood,9/7/2022,,01A,2/16/2024,,,,,,"Swabbed + subsampled, already at Trent (2023-08-04)",,
787,WBNP-787-Fe,Fecal,Robert Belanger,11/17/2022,Frozen,,,,Sweetgrass A,Wood Buffalo National Park ,Wood,9/7/2022,,02A,2/13/2024,,,,,,"Swabbed + subsampled, already at Trent (2023-08-04)",,
788,WBNP-788-Fe,Fecal,Robert Belanger,11/17/2022,Frozen,,,,Sweetgrass A,Wood Buffalo National Park ,Wood,9/7/2022,,03A,2/13/2024,,,,,,"Swabbed + subsampled, already at Trent (2023-08-04)",,
789,WBNP-789-Fe,Fecal,Robert Belanger,11/17/2022,Frozen,,,,Sweetgrass A,Wood Buffalo National Park ,Wood,9/7/2022,,04A,1/22/2024,,,,,,"Swabbed + subsampled, already at Trent (2023-08-04)",,
790,WBNP-790-Fe,Fecal,Robert Belanger,11/17/2022,Frozen,,,,Sweetgrass A,Wood Buffalo National Park ,Wood,9/7/2022,,05A,2/13/2024,,,,,,"Swabbed + subsampled, already at Trent (2023-08-04)",,
791,WBNP-791-Fe,Fecal,Robert Belanger,11/17/2022,Frozen,,,,Sweetgrass A,Wood Buffalo National Park ,Wood,9/7/2022,,06A,2/13/2024,,,,,,"Swabbed + subsampled, already at Trent (2023-08-04)",,
792,WBNP-792-Fe,Fecal,Robert Belanger,11/17/2022,Frozen,,,,Sweetgrass A,Wood Buffalo National Park ,Wood,9/7/2022,,07A,2/13/2024,,,,,,"Swabbed + subsampled, already at Trent (2023-08-04)",,
793,WBNP-793-Fe,Fecal,Robert Belanger,11/17/2022,Frozen,,,,Sweetgrass A,Wood Buffalo National Park ,Wood,9/7/2022,,08A,2/13/2024,,,,,,"Swabbed + subsampled, already at Trent (2023-08-04)",,
794,WBNP-794-Fe,Fecal,Robert Belanger,11/17/2022,Frozen,,,,Sweetgrass A,Wood Buffalo National Park ,Wood,9/7/2022,,09A,2/13/2024,,,,,,"Swabbed + subsampled, already at Trent (2023-08-04)",,
795,WBNP-795-Fe,Fecal,Robert Belanger,11/17/2022,Frozen,,,,Sweetgrass A,Wood Buffalo National Park ,Wood,9/7/2022,,10A,2/19/2024,,,,,,"Swabbed + subsampled, already at Trent (2023-08-04)",,
796,WBNP-796-Fe,Fecal,Robert Belanger,11/17/2022,Frozen,,,,Sweetgrass A,Wood Buffalo National Park ,Wood,10/20/2022,,01A,2/16/2024,,,,,,"Swabbed + subsampled, already at Trent (2023-08-04)",,
797,WBNP-797-Fe,Fecal,Robert Belanger,11/17/2022,Frozen,,,,Sweetgrass A,Wood Buffalo National Park ,Wood,10/20/2022,,02A,2/21/2024,,,,,,"Swabbed + subsampled, already at Trent (2023-08-04)",,
798,WBNP-798-Fe,Fecal,Robert Belanger,11/17/2022,Frozen,,,,Sweetgrass A,Wood Buffalo National Park ,Wood,10/20/2022,,03A,2/13/2024,,,,,,"Swabbed + subsampled, already at Trent (2023-08-04)",,
799,WBNP-799-Fe,Fecal,Robert Belanger,11/17/2022,Frozen,,,,Sweetgrass A,Wood Buffalo National Park ,Wood,10/20/2022,,04A,2/21/2024,,,,,,"Swabbed + subsampled, already at Trent (2023-08-04)",,
800,WBNP-800-Fe,Fecal,Robert Belanger,11/17/2022,Frozen,,,,Sweetgrass A,Wood Buffalo National Park ,Wood,10/20/2022,,05A,2/21/2024,,,,,,"Swabbed + subsampled, already at Trent (2023-08-04)",,
801,WBNP-801-Fe,Fecal,Robert Belanger,11/17/2022,Frozen,,,,Sweetgrass A,Wood Buffalo National Park ,Wood,10/20/2022,,06A,2/19/2024,,,,,,"Swabbed + subsampled, already at Trent (2023-08-04)",,
802,WBNP-802-Fe,Fecal,Robert Belanger,11/17/2022,Frozen,,,,Sweetgrass A,Wood Buffalo National Park ,Wood,10/20/2022,,07A,2/19/2024,,,,,,"Swabbed + subsampled, already at Trent (2023-08-04)",,
803,WBNP-803-Fe,Fecal,Robert Belanger,11/17/2022,Frozen,,,,Sweetgrass A,Wood Buffalo National Park ,Wood,10/20/2022,,08A,2/19/2024,,,,,,"Swabbed + subsampled, already at Trent (2023-08-04)",,
804,WBNP-804-Fe,Fecal,Robert Belanger,11/17/2022,Frozen,,,,Sweetgrass A,Wood Buffalo National Park ,Wood,10/20/2022,,09A,2/21/2024,,,,,,"Swabbed + subsampled, already at Trent (2023-08-04)",,
805,WBNP-805-Fe,Fecal,Robert Belanger,11/17/2022,Frozen,,,,Sweetgrass A,Wood Buffalo National Park ,Wood,10/20/2022,,10A,2/13/2024,,,,,,"Swabbed + subsampled, already at Trent (2023-08-04)",,
806,WBNP-806-Fe,Fecal,Robert Belanger,11/17/2022,Frozen,,,,Sweetgrass A,Wood Buffalo National Park ,Wood,10/20/2022,,11A,2/19/2024,,,,,,"Swabbed + subsampled, already at Trent (2023-08-04)",,
807,WBNP-807-Fe,Fecal,Robert Belanger,11/17/2022,Frozen,,,,Sweetgrass A,Wood Buffalo National Park ,Wood,10/20/2022,,12A,2/21/2024,,,,,,"Swabbed + subsampled, already at Trent (2023-08-04)",,
808,WBNP-808-Fe,Fecal,Robert Belanger,11/17/2022,Frozen,,,,Sweetgrass A,Wood Buffalo National Park ,Wood,10/20/2022,,13A,2/21/2024,,,,,,"Swabbed + subsampled, already at Trent (2023-08-04)",,
809,WBNP-809-Fe,Fecal,Robert Belanger,11/17/2022,Frozen,,,,Sweetgrass A,Wood Buffalo National Park ,Wood,10/20/2022,,14A,2/21/2024,,,,,,"Swabbed + subsampled, already at Trent (2023-08-04)",,
810,WBNP-810-Fe,Fecal,Robert Belanger,11/17/2022,Frozen,,,,Sweetgrass A,Wood Buffalo National Park ,Wood,10/20/2022,,15A,2/19/2024,,,,,,"Swabbed + subsampled, already at Trent (2023-08-04)",,
811,WBNP-811-Fe,Fecal,Robert Belanger,11/17/2022,Frozen,,,,Sweetgrass A,Wood Buffalo National Park ,Wood,10/20/2022,,16A,2/19/2024,,,,,,"Swabbed + subsampled, already at Trent (2023-08-04)",,
962,WBNP-962-Fe,Fecal,Keith Hartery,3/14/2023,Frozen,Warm,Male,Adult,Nyarling,Wood Buffalo National Park ,Wood,11/8/2022,"60.030923, -112.892050",,2/13/2024,,,1,,,"Swabbed + subsampled, already at Trent (2023-08-04)",,
963,WBNP-963-Fe,Fecal,Keith Hartery,3/14/2023,Frozen,Warm,Male,Adult,Nyarling,Wood Buffalo National Park ,Wood,11/15/2022,"59.565244, -111.528362",,2/13/2024,,,2,,,"Swabbed + subsampled, already at Trent (2023-08-04)",,
964,WBNP-964-Fe,Fecal,Keith Hartery,3/14/2023,Frozen,Warm,Male,Adult,Nyarling,Wood Buffalo National Park ,Wood,11/15/2022,"60.114645, -113.372177",,2/13/2024,,,3,,,"Swabbed + subsampled, already at Trent (2023-08-04)",,
965,WBNP-965-Fe,Fecal,Keith Hartery,3/14/2023,Frozen,Warm,Male,Adult,Nyarling,Wood Buffalo National Park ,Wood,11/22/2022,"60.040402, -112.835127",,2/13/2024,,,4,,,"Swabbed + subsampled, already at Trent (2023-08-04)",,
966,WBNP-966-Fe,Fecal,Keith Hartery,3/14/2023,Frozen,Warm,Male,Adult,Nyarling,Wood Buffalo National Park ,Wood,11/22/2022,"60.040402, -112.835127",,2/13/2024,,,5,,,"Swabbed + subsampled, already at Trent (2023-08-04)",,
967,WBNP-967-Fe,Fecal ,Keith Hartery,3/14/2023,Frozen,Warm,Male,Adult,Hay Camp,Wood Buffalo National Park ,Wood,11/25/2022,"59.412960, -112.151398",,11/23/2023,,,1,,,"Swabbed + subsampled, already at Trent (2023-08-04)",,
968,WBNP-968-Fe,Fecal ,Keith Hartery,3/14/2023,Frozen,Warm,Male,Adult,Nyarling,Wood Buffalo National Park ,Wood,11/29/2022,"60.039987, -112.837657",,2/13/2024,,,6,,,"Swabbed + subsampled, already at Trent (2023-08-04)",,
969,WBNP-969-Fe,Fecal ,Keith Hartery,3/14/2023,Frozen,Warm,NA,NA,Hay Camp,Wood Buffalo National Park ,Wood,12/15/2022,"59.029535, -111.874503",Group of 36 bisons,11/23/2023,,,2,,,"Swabbed + subsampled, already at Trent (2023-08-04)",,
970,WBNP-970-Fe,Fecal ,Keith Hartery,3/14/2023,Frozen,Warm,NA,NA,Hay Camp,Wood Buffalo National Park ,Wood,12/15/2022,"59.029535, -111.874503",Group of 36 bisons,2/13/2024,,,3,,,"Swabbed + subsampled, already at Trent (2023-08-04)",,
971,WBNP-971-Fe,Fecal ,Keith Hartery,3/14/2023,Frozen,Warm,NA,NA,Hay Camp,Wood Buffalo National Park ,Wood,12/15/2022,"59.029535, -111.874503",Group of 36 bisons,11/23/2023,,,4,,,"Swabbed + subsampled, already at Trent (2023-08-04)",,
972,WBNP-972-Fe,Fecal ,Keith Hartery,3/14/2023,Frozen,Warm,NA,NA,Hay Camp,Wood Buffalo National Park ,Wood,12/15/2022,"59.029535, -111.874503",Group of 36 bisons,2/13/2024,,,5,,,"Swabbed + subsampled, already at Trent (2023-08-04)",,
973,WBNP-973-Fe,Fecal ,Keith Hartery,3/14/2023,Frozen,Cold,NA,NA,Nyarling,Wood Buffalo National Park ,Wood,12/20/2022,"60.189362, -113.737542",,2/13/2024,,,7,,,"Swabbed + subsampled, already at Trent (2023-08-04)",,
974,WBNP-974-Fe,Fecal ,Keith Hartery,3/14/2023,Frozen,Cold,NA,NA,Nyarling,Wood Buffalo National Park ,Wood,12/20/2022,"60.189362, -113.737542",,2/12/2024,,,8,,,"Swabbed + subsampled, already at Trent (2023-08-04)",,
975,WBNP-975-Fe,Fecal ,Keith Hartery,3/14/2023,Frozen,Cold,NA,NA,Nyarling,Wood Buffalo National Park ,Wood,12/20/2022,"60.189362, -113.737542",,2/12/2024,,,9,,,"Swabbed + subsampled, already at Trent (2023-08-04)",,
976,WBNP-976-Fe,Fecal ,Keith Hartery,3/14/2023,Frozen,Cold,NA,NA,Nyarling,Wood Buffalo National Park ,Wood,12/20/2022,"60.189362, -113.737542",,2/12/2024,,,10,,,"Swabbed + subsampled, already at Trent (2023-08-04)",,
977,WBNP-977-Fe,Fecal ,Keith Hartery,3/14/2023,Frozen,Cold,NA,NA,Nyarling,Wood Buffalo National Park ,Wood,2/10/2023,"60.145831, -113.452019",km 168 Highway 5 ,2/12/2024,,,3,Received in saskatoon partially thawed,,"Swabbed + subsampled, already at Trent (2023-08-04)",,
978,WBNP-978-Fe,Fecal ,Keith Hartery,3/14/2023,Frozen,Warm,NA,NA,Nyarling,Wood Buffalo National Park ,Wood,2/15/2023,"60.258709, -113.956933",km 136 Highway 5,2/12/2024,,,19,Received in saskatoon partially thawed,,"Swabbed + subsampled, already at Trent (2023-08-04)",,
979,WBNP-979-Fe,Fecal ,Keith Hartery,3/14/2023,Frozen,Warm,NA,NA,Nyarling,Wood Buffalo National Park ,Wood,2/15/2023,"60.258709, -113.956933",km 136 Highway 5,2/12/2024,,,20,Received in saskatoon partially thawed,,"Swabbed + subsampled, already at Trent (2023-08-04)",,
980,WBNP-980-Fe,Fecal ,Keith Hartery,3/14/2023,Frozen,Warm,NA,NA,Nyarling,Wood Buffalo National Park ,Wood,2/15/2023,"60.258709, -113.956933",km 136 Highway 5,2/12/2024,,,21,Received in saskatoon partially thawed,,"Swabbed + subsampled, already at Trent (2023-08-04)",,
981,WBNP-981-Fe,Fecal ,Keith Hartery,3/14/2023,Frozen,Warm,NA,NA,Nyarling,Wood Buffalo National Park ,Wood,2/15/2023,"60.258709, -113.956933",km 136 Highway 5,2/12/2024,,,22,Received in saskatoon partially thawed,,"Swabbed + subsampled, already at Trent (2023-08-04)",,
982,WBNP-982-Fe,Fecal ,Keith Hartery,3/14/2023,Frozen,Cold,NA,NA,Nyarling,Wood Buffalo National Park ,Wood,2/16/2023,"60.250898, -113.929535",km 138 Highway 5,2/12/2024,,,23,Received in saskatoon partially thawed,,"Swabbed + subsampled, already at Trent (2023-08-04)",,
983,WBNP-983-Fe,Fecal ,Keith Hartery,3/14/2023,Frozen,Cold,NA,NA,Nyarling,Wood Buffalo National Park ,Wood,2/16/2023,"60.240783, -113.894520",km 140 Highway 5,1/22/2024,,,25,Received in saskatoon partially thawed,,"Swabbed + subsampled, already at Trent (2023-08-04)",,
984,WBNP-984-Fe,Fecal ,Keith Hartery,3/14/2023,Frozen,Cold,NA,NA,Hay Camp,Wood Buffalo National Park ,Wood,2/22/2023,"59.123251, -112.061052",km 134 Carlson,1/22/2024,,,26,Received in saskatoon partially thawed,,"Swabbed + subsampled, already at Trent (2023-08-04)",,
62,WNP-62-Fe,Fecal,Rob Found,6/29/2022,Frozen,Frozen,Unknown,2-4 years,,Waterton National Park,Plain,2/22/2022,Winter paddock,,10/5/2022,11/16/2022,1/12/2023,x,x,x,,,
63,WNP-63-Fe,Fecal,Rob Found,6/29/2022,Frozen,Fresh,Unknown,2-4 years,,Waterton National Park,Plain,2/22/2022,Winter paddock,,10/5/2022,11/16/2022,1/12/2023,x,x,x,,,
64,WNP-64-Fe,Fecal,Rob Found,6/29/2022,Frozen,Frozen,Unknown,2-4 years,,Waterton National Park,Plain,2/22/2022,Winter paddock,,10/5/2022,11/16/2022,1/12/2023,x,x,x,,,
65,WNP-65-Fe,Fecal,Rob Found,6/29/2022,Frozen,Frozen,Unknown,2-4 years,,Waterton National Park,Plain,2/22/2022,Winter paddock,,10/3/2022,NO,,x,x,x,,,
66,WNP-66-Fe,Fecal,Rob Found,6/29/2022,Frozen,Frozen,Unknown,2-4 years,,Waterton National Park,Plain,2/22/2022,Winter paddock,,10/5/2022,11/16/2022,1/12/2023,x,x,x,,,
67,WNP-67-Fe,Fecal,Rob Found,6/29/2022,Frozen,Warm,Unknown,2-4 years,Kainai,Waterton National Park,Plain,3/21/2022,NA,,10/5/2022,11/16/2022,1/12/2023,x,x,x,,,
74,WNP-74-Fe,Fecal,Rob Found,6/29/2022,Frozen,Warm,Unknown,2-4 years,Kainai,Waterton National Park,Plain,3/21/2022,NA,,10/27/2022,11/16/2022,1/12/2023,x,x,x,,,
75,WNP-75-Fe,Fecal,Rob Found,6/29/2022,Frozen,Warm,Unknown,2-4 years,Kainai,Waterton National Park,Plain,3/21/2022,NA,,10/3/2022,11/16/2022,,x,x,x,,,
76,WNP-76-Fe,Fecal,Rob Found,6/29/2022,Frozen,Warm,Unknown,2-4 years,Kainai,Waterton National Park,Plain,3/21/2022,NA,,10/5/2022,11/16/2022,1/12/2023,x,x,x,,,
77,WNP-77-Fe,Fecal,Rob Found,6/29/2022,Frozen,Warm,Unknown,2-4 years,Kainai,Waterton National Park,Plain,3/21/2022,NA,,10/5/2022,11/16/2022,1/12/2023,x,x,x,,,
78,WNP-78-Fe,Fecal,Rob Found,6/29/2022,Frozen,Warm,Unknown,unknown,Piikani CY Ranch,Waterton National Park,Plain,3/21/2022,12u  287342N  5437339E,,10/3/2022,11/16/2022,1/12/2023,x,x,x,,,
79,WNP-79-Fe,Fecal,Rob Found,6/29/2022,Frozen,Warm,Unknown,unknown,Piikani CY Ranch,Waterton National Park,Plain,3/21/2022,12u  287342N  5437339E,,10/5/2022,11/16/2022,1/12/2023,x,x,x,,,
80,WNP-80-Fe,Fecal,Rob Found,6/29/2022,Frozen,Cold,Unknown,unknown,Piikani CY Ranch,Waterton National Park,Plain,3/21/2022,12u  287342N  5437339E,,10/5/2022,11/16/2022,1/12/2023,x,x,x,,,
81,WNP-81-Fe,Fecal,Rob Found,6/29/2022,Frozen,Cold,Unknown,unknown,Piikani CY Ranch,Waterton National Park,Plain,3/21/2022,12u  287342N  5437339E,,10/5/2022,11/16/2022,1/12/2023,x,x,x,,,
82,WNP-82-Fe,Fecal,Rob Found,6/29/2022,Frozen,Warm,Unknown,unknown,Piikani CY Ranch,Waterton National Park,Plain,3/21/2022,12u  287342N  5437339E,,10/5/2022,11/16/2022,1/12/2023,x,x,x,,,
84,WNP-84-Fe,Fecal,Rob Found,6/29/2022,Frozen,Cold,Unknown,2-4 years,,Waterton National Park,Plain,5/6/2022,Winter paddock,,10/5/2022,11/16/2022,1/12/2023,x,x,x,,,
85,WNP-85-Fe,Fecal,Rob Found,6/29/2022,Frozen,Cold,Unknown,2-4 years,,Waterton National Park,Plain,5/6/2022,Winter paddock,,10/5/2022,11/16/2022,1/12/2023,x,x,x,,,
88,WNP-88-Fe,Fecal,Rob Found,6/29/2022,Frozen,Cold,Unknown,2-4 years,,Waterton National Park,Plain,5/7/2022,Winter paddock,,10/5/2022,11/16/2022,1/12/2023,x,x,x,,,
89,WNP-89-Fe,Fecal,Rob Found,6/29/2022,Frozen,Cold,Unknown,2-4 years,,Waterton National Park,Plain,5/7/2022,Winter paddock,,10/5/2022,11/16/2022,,x,x,x,,,
90,WNP-90-Fe,Fecal,Rob Found,6/29/2022,Frozen,Cold,Unknown,2-4 years,,Waterton National Park,Plain,5/6/2022,Winter paddock,,10/5/2022,11/16/2022,1/12/2023,x,x,x,,,
1,YUK-01-fe,Fecal,Thomas Jung/Chris Lewis/Caeley Thacker,11/29/2023,Frozen,,,,Norquist,BC/YT Government,Wood,10/9/2022,,,3/27/2024,,,,,,,,
4,YUK-04-fe,Fecal,Thomas Jung/Chris Lewis/Caeley Thacker,11/29/2023,Frozen,,,,Norquist,BC/YT Government,Wood,10/9/2022,,,3/26/2024,,,,,,,,
5,YUK-05-fe,Fecal,Thomas Jung/Chris Lewis/Caeley Thacker,11/29/2023,Frozen,,,,Norquist,BC/YT Government,Wood,9/1/2022,,,3/27/2024,,,,,,,,
6,YUK-06-fe,Fecal,Thomas Jung/Chris Lewis/Caeley Thacker,11/29/2023,Frozen,,,,Norquist,BC/YT Government,Wood,10/9/2022,,,3/26/2024,,,,,,,,
7,YUK-07-fe,Fecal,Thomas Jung/Chris Lewis/Caeley Thacker,11/29/2023,Frozen,,,,Norquist,BC/YT Government,Wood,10/9/2022,,,3/27/2024,,,,,,,,
8,YUK-08-fe,Fecal,Thomas Jung/Chris Lewis/Caeley Thacker,11/29/2023,Frozen,,,,Norquist,BC/YT Government,Wood,9/1/2022,,,3/26/2024,,,,,,,,
9,YUK-09-fe,Fecal,Thomas Jung/Chris Lewis/Caeley Thacker,11/29/2023,Frozen,,,,Norquist,BC/YT Government,Wood,9/1/2022,,,3/27/2024,,,,,,,,
1047,YUK-1047-fe,Fecal,Shannon Stotyn/Thomas Jung/Jane Harms,11/29/2023,Frozen,,,,Aishihik,Yukon-Hunter,Wood,2/23/2022,,YG ID 51563,3/27/2024,,,,,,,,
1071,YUK-1071-fe,Fecal,Thomas Jung/Chris Lewis/Caeley Thacker,11/29/2023,Frozen,,,,Norquist,BC/YT Government,Wood,10/9/2022,,YG ID 114,3/26/2024,,,,,,,,
1081,YUK-1081-fe,Fecal,Thomas Jung/Chris Lewis/Caeley Thacker,11/29/2023,Frozen,,,,Norquist,BC/YT Government,Wood,10/9/2022,,YG ID 110,3/26/2024,,,,,,,,
1085,YUK-1085-fe,Fecal,Thomas Jung/Chris Lewis/Caeley Thacker,11/29/2023,Frozen,,,,Norquist,BC/YT Government,Wood,10/9/2022,,YG ID 115,4/9/2024,,,,,,,,
1086,YUK-1086-fe,Fecal,Thomas Jung/Chris Lewis/Caeley Thacker,11/29/2023,Frozen,,,,Norquist,BC/YT Government,Wood,10/9/2022,,YG ID 111,3/27/2024,,,,,,,,
1088,YUK-1088-fe,Fecal,Thomas Jung/Chris Lewis/Caeley Thacker,11/29/2023,Frozen,,,,Norquist,BC/YT Government,Wood,10/9/2022,,YG ID 117,3/27/2024,,,,,,,,
1089,YUK-1089-fe,Fecal,Thomas Jung/Chris Lewis/Caeley Thacker,11/29/2023,Frozen,,,,Norquist,BC/YT Government,Wood,10/9/2022,,YG ID 113,4/9/2024,,,,,,,,
1091,YUK-1091-fe,Fecal,Thomas Jung/Chris Lewis/Caeley Thacker,11/29/2023,Frozen,,,,Norquist,BC/YT Government,Wood,10/9/2022,,YG ID 119,3/26/2024,,,,,,,,
10,YUK-10-fe,Fecal,Thomas Jung/Chris Lewis/Caeley Thacker,11/29/2023,Frozen,,,,Norquist,BC/YT Government,Wood,9/1/2022,,,3/26/2024,,,,,,,,
1116,YUK-1116-fe,Fecal,Thomas Jung/Chris Lewis/Caeley Thacker,11/29/2023,Frozen,,,,Norquist,BC/YT Government,Wood,10/9/2022,,YG ID 108,4/9/2024,,,,,,,,
1117,YUK-1117-fe,Fecal,Thomas Jung/Chris Lewis/Caeley Thacker,11/29/2023,Frozen,,,,Norquist,BC/YT Government,Wood,10/9/2022,,YG ID 105,3/26/2024,,,,,,,,
1118,YUK-1118-fe,Fecal,Thomas Jung/Chris Lewis/Caeley Thacker,11/29/2023,Frozen,,,,Norquist,BC/YT Government,Wood,10/9/2022,,YG ID 106,4/9/2024,,,,,,,,
1119,YUK-1119-fe,Fecal,Thomas Jung/Chris Lewis/Caeley Thacker,11/29/2023,Frozen,,,,Norquist,BC/YT Government,Wood,10/9/2022,,YG ID 100,3/26/2024,,,,,,,,
1121,YUK-1121-fe,Fecal,Thomas Jung/Chris Lewis/Caeley Thacker,11/29/2023,Frozen,,,,Norquist,BC/YT Government,Wood,10/9/2022,,YG ID 107,3/26/2024,,,,,,,,
1122,YUK-1122-fe,Fecal,Thomas Jung/Chris Lewis/Caeley Thacker,11/29/2023,Frozen,Warm,NA,Adult,Norquist,BC/YT Government,Wood,10/9/2022,,YG ID 101,3/26/2024,,,,,,,,
1123,YUK-1123-fe,Fecal,Thomas Jung/Chris Lewis/Caeley Thacker,11/29/2023,Frozen,,,,Norquist,BC/YT Government,Wood,10/9/2022,,YG ID 103,3/26/2024,,,,,,,,
1124,YUK-1124-fe,Fecal,Thomas Jung/Chris Lewis/Caeley Thacker,11/29/2023,Frozen,,,,Norquist,BC/YT Government,Wood,10/9/2022,,YG ID 104,4/9/2024,,,,,,,,
1125,YUK-1125-fe,Fecal,Thomas Jung/Chris Lewis/Caeley Thacker,11/29/2023,Frozen,,,,Norquist,BC/YT Government,Wood,10/9/2022,,YG ID 102,3/26/2024,,,,,,,,
11,YUK-11-fe,Fecal,Thomas Jung/Chris Lewis/Caeley Thacker,11/29/2023,Frozen,,,,Norquist,BC/YT Government,Wood,9/1/2022,,,3/26/2024,,,,,,,,
1285,YUK-1285-fe,Fecal,Thomas Jung/Chris Lewis/Caeley Thacker,6/20/2024,Frozen,Frozen,Unknown,Unknown,Nordquist,BC/YT Government,Wood,1/4/2024,,2024-Jan-Nord-01,8/6/2024,,,,,,Subsampled (2024-07-31),,
1286,YUK-1286-fe,Fecal,Thomas Jung/Chris Lewis/Caeley Thacker,6/20/2024,Frozen,Frozen,Unknown,Unknown,Nordquist,BC/YT Government,Wood,1/4/2024,,2024-Jan-Nord-02,8/6/2024,,,,,,Subsampled (2024-07-31),,
1287,YUK-1287-fe,Fecal,Thomas Jung/Chris Lewis/Caeley Thacker,6/20/2024,Frozen,Frozen,Unknown,Unknown,Nordquist,BC/YT Government,Wood,1/4/2024,,2024-Jan-Nord-03,8/6/2024,,,,,,Subsampled (2024-07-31),,
1288,YUK-1288-fe,Fecal,Thomas Jung/Chris Lewis/Caeley Thacker,6/20/2024,Frozen,Frozen,Unknown,Unknown,Nordquist,BC/YT Government,Wood,1/4/2024,,2024-Jan-Nord-04,8/6/2024,,,,,,Subsampled (2024-07-31),,
1289,YUK-1289-fe,Fecal,Thomas Jung/Chris Lewis/Caeley Thacker,6/20/2024,Frozen,Frozen,Unknown,Unknown,Nordquist,BC/YT Government,Wood,1/4/2024,,2024-Jan-Nord-05,8/6/2024,,,,,,Subsampled (2024-07-31),,
1290,YUK-1290-fe,Fecal,Thomas Jung/Chris Lewis/Caeley Thacker,6/20/2024,Frozen,Frozen,Unknown,Unknown,Nordquist,BC/YT Government,Wood,1/4/2024,,2024-Jan-Nord-06,8/6/2024,,,,,,Subsampled (2024-07-30),,
1291,YUK-1291-fe,Fecal,Thomas Jung/Chris Lewis/Caeley Thacker,6/20/2024,Frozen,Frozen,Unknown,Unknown,Nordquist,BC/YT Government,Wood,1/4/2024,,2024-Jan-Nord-07,8/6/2024,,,,,,Subsampled (2024-07-30),,
1292,YUK-1292-fe,Fecal,Thomas Jung/Chris Lewis/Caeley Thacker,6/20/2024,Frozen,Frozen,Unknown,Unknown,Nordquist,BC/YT Government,Wood,1/4/2024,,2024-Jan-Nord-08,8/6/2024,,,,,,Subsampled (2024-07-31),,
1293,YUK-1293-fe,Fecal,Thomas Jung/Chris Lewis/Caeley Thacker,6/20/2024,Frozen,Frozen,Unknown,Unknown,Nordquist,BC/YT Government,Wood,1/4/2024,,2024-Jan-Nord-09,8/6/2024,,,,,,Subsampled (2024-07-30),,
1294,YUK-1294-fe,Fecal,Thomas Jung/Chris Lewis/Caeley Thacker,6/20/2024,Frozen,Frozen,Unknown,Unknown,Nordquist,BC/YT Government,Wood,1/4/2024,,2024-Jan-Nord-10,8/6/2024,,,,,,Subsampled (2024-07-30),,
1295,YUK-1295-fe,Fecal,Thomas Jung/Chris Lewis/Caeley Thacker,6/20/2024,Frozen,Frozen,Unknown,Unknown,Nordquist,BC/YT Government,Wood,1/4/2024,,2024-Jan-Nord-11,8/6/2024,,,,,,Subsampled (2024-07-31),,
1296,YUK-1296-fe,Fecal,Thomas Jung/Chris Lewis/Caeley Thacker,6/20/2024,Frozen,Frozen,Unknown,Unknown,Nordquist,BC/YT Government,Wood,1/4/2024,,2024-Jan-Nord-12,8/6/2024,,,,,,Subsampled (2024-07-30),,
1297,YUK-1297-fe,Fecal,Thomas Jung/Chris Lewis/Caeley Thacker,6/20/2024,Frozen,Frozen,Unknown,Unknown,Nordquist,BC/YT Government,Wood,1/4/2024,,2024-Jan-Nord-13,8/6/2024,,,,,,Subsampled (2024-07-31),,
1298,YUK-1298-fe,Fecal,Thomas Jung/Chris Lewis/Caeley Thacker,6/20/2024,Frozen,Frozen,Unknown,Unknown,Nordquist,BC/YT Government,Wood,1/4/2024,,2024-Jan-Nord-14,8/6/2024,,,,,,Subsampled (2024-07-30),,
1299,YUK-1299-fe,Fecal,Thomas Jung/Chris Lewis/Caeley Thacker,6/20/2024,Frozen,Frozen,Unknown,Unknown,Nordquist,BC/YT Government,Wood,1/4/2024,,2024-Jan-Nord-15,8/6/2024,,,,,,Subsampled (2024-07-31),,
12,YUK-12-fe,Fecal,Thomas Jung/Chris Lewis/Caeley Thacker,11/29/2023,Frozen,,,,Norquist,BC/YT Government,Wood,9/1/2022,,,3/27/2024,,,,,,,,
1300,YUK-1300-fe,Fecal,Thomas Jung/Chris Lewis/Caeley Thacker,6/20/2024,Frozen,Frozen,Unknown,Unknown,Nordquist,BC/YT Government,Wood,1/4/2024,,2024-Jan-Nord-16,8/6/2024,,,,,,Subsampled (2024-07-31),,
1301,YUK-1301-fe,Fecal,Thomas Jung/Chris Lewis/Caeley Thacker,6/20/2024,Frozen,Frozen,Unknown,Unknown,Nordquist,BC/YT Government,Wood,1/4/2024,,2024-Jan-Nord-17,8/6/2024,,,,,,Subsampled (2024-07-31),,
1302,YUK-1302-fe,Fecal,Thomas Jung/Chris Lewis/Caeley Thacker,6/20/2024,Frozen,Frozen,Unknown,Unknown,Nordquist,BC/YT Government,Wood,1/4/2024,,2024-Jan-Nord-18,8/6/2024,,,,,,Subsampled (2024-07-30),,
1303,YUK-1303-fe,Fecal,Thomas Jung/Chris Lewis/Caeley Thacker,6/20/2024,Frozen,Frozen,Unknown,Unknown,Nordquist,BC/YT Government,Wood,1/4/2024,,2024-Jan-Nord-19,8/6/2024,,,,,,Subsampled (2024-07-31),,
1304,YUK-1304-fe,Fecal,Thomas Jung/Chris Lewis/Caeley Thacker,6/20/2024,Frozen,Frozen,Unknown,Unknown,Nordquist,BC/YT Government,Wood,1/4/2024,,2024-Jan-Nord-20,8/6/2024,,,,,,Subsampled (2024-07-30),,
1305,YUK-1305-fe,Fecal,Thomas Jung/Chris Lewis/Caeley Thacker,6/20/2024,Frozen,Frozen,Unknown,Unknown,Nordquist,BC/YT Government,Wood,1/4/2024,,2024-Jan-Nord-21,8/6/2024,,,,,,Subsampled (2024-07-30),,
1306,YUK-1306-fe,Fecal,Thomas Jung/Chris Lewis/Caeley Thacker,6/20/2024,Frozen,Frozen,Unknown,Unknown,Nordquist,BC/YT Government,Wood,1/4/2024,,2024-Jan-Nord-22,8/6/2024,,,,,,Subsampled (2024-07-31),,
1307,YUK-1307-fe,Fecal,Thomas Jung/Chris Lewis/Caeley Thacker,6/20/2024,Frozen,Frozen,Unknown,Unknown,Nordquist,BC/YT Government,Wood,1/4/2024,,2024-Jan-Nord-23,8/6/2024,,,,,,Subsampled (2024-07-30),,
1308,YUK-1308-fe,Fecal,Thomas Jung/Chris Lewis/Caeley Thacker,6/20/2024,Frozen,Frozen,Unknown,Unknown,Nordquist,BC/YT Government,Wood,1/4/2024,,2024-Jan-Nord-24,8/6/2024,,,,,,Subsampled (2024-07-31),,
1309,YUK-1309-fe,Fecal,Thomas Jung/Chris Lewis/Caeley Thacker,6/20/2024,Frozen,Frozen,Unknown,Unknown,Nordquist,BC/YT Government,Wood,1/4/2024,,2024-Jan-Nord-25,8/6/2024,,,,,,Subsampled (2024-07-30),,
1310,YUK-1310-fe,Fecal,Thomas Jung/Chris Lewis/Caeley Thacker,6/20/2024,Frozen,Frozen,Unknown,Unknown,Nordquist,BC/YT Government,Wood,1/4/2024,,2024-Jan-Nord-26,8/6/2024,,,,,,Subsampled (2024-07-30),,
1311,YUK-1311-fe,Fecal,Thomas Jung/Chris Lewis/Caeley Thacker,6/20/2024,Frozen,Frozen,Unknown,Unknown,Nordquist,BC/YT Government,Wood,1/4/2024,,2024-Jan-Nord-27,8/6/2024,,,,,,Subsampled (2024-07-31),,
1312,YUK-1312-fe,Fecal,Thomas Jung/Chris Lewis/Caeley Thacker,6/20/2024,Frozen,Frozen,Unknown,Unknown,Nordquist,BC/YT Government,Wood,1/4/2024,,2024-Jan-Nord-28,8/6/2024,,,,,,Subsampled (2024-07-31),,
1313,YUK-1313-fe,Fecal,Thomas Jung/Chris Lewis/Caeley Thacker,6/20/2024,Frozen,Frozen,Unknown,Unknown,Nordquist,BC/YT Government,Wood,1/4/2024,,2024-Jan-Nord-29,8/6/2024,,,,,,Subsampled (2024-07-31),,
1314,YUK-1314-fe,Fecal,Thomas Jung/Chris Lewis/Caeley Thacker,6/20/2024,Frozen,Frozen,Unknown,Unknown,Nordquist,BC/YT Government,Wood,1/4/2024,,2024-Jan-Nord-30,8/6/2024,,,,,,Subsampled (2024-07-30),,
1315,YUK-1315-fe,Fecal,Thomas Jung/Hannah Miller/Jane Harms,6/20/2024,Frozen,Frozen,Unknown,Unknown,Aishihik,Yukon Government,Wood,3/22/2024,,2024-Mar-AH-01,8/7/2024,,,,,,Subsampled (2024-07-30),,
1316,YUK-1316-fe,Fecal,Thomas Jung/Hannah Miller/Jane Harms,6/20/2024,Frozen,Frozen,Unknown,Unknown,Aishihik,Yukon Government,Wood,3/22/2024,,2024-Mar-AH-02,8/6/2024,,,,,,Subsampled (2024-07-30),,
1317,YUK-1317-fe,Fecal,Thomas Jung/Hannah Miller/Jane Harms,6/20/2024,Frozen,Frozen,Unknown,Unknown,Aishihik,Yukon Government,Wood,3/22/2024,,2024-Mar-AH-03,8/7/2024,,,,,,Subsampled (2024-07-31),,
1318,YUK-1318-fe,Fecal,Thomas Jung/Hannah Miller/Jane Harms,6/20/2024,Frozen,Frozen,Unknown,Unknown,Aishihik,Yukon Government,Wood,3/22/2024,,2024-Mar-AH-04,8/7/2024,,,,,,Subsampled (2024-07-30),,
1319,YUK-1319-fe,Fecal,Thomas Jung/Hannah Miller/Jane Harms,6/20/2024,Frozen,Frozen,Unknown,Unknown,Aishihik,Yukon Government,Wood,3/22/2024,,2024-Mar-AH-05,8/7/2024,,,,,,Subsampled (2024-07-30),,
1320,YUK-1320-fe,Fecal,Thomas Jung/Hannah Miller/Jane Harms,6/20/2024,Frozen,Frozen,Unknown,Unknown,Aishihik,Yukon Government,Wood,3/22/2024,,2024-Mar-AH-06,8/7/2024,,,,,,Subsampled (2024-07-31),,
1321,YUK-1321-fe,Fecal,Thomas Jung/Hannah Miller/Jane Harms,6/20/2024,Frozen,Frozen,Unknown,Unknown,Aishihik,Yukon Government,Wood,3/22/2024,,2024-Mar-AH-07,8/6/2024,,,,,,Subsampled (2024-07-31),,
1322,YUK-1322-fe,Fecal,Thomas Jung/Hannah Miller/Jane Harms,6/20/2024,Frozen,Frozen,Unknown,Unknown,Aishihik,Yukon Government,Wood,3/22/2024,,2024-Mar-AH-08,8/6/2024,,,,,,Subsampled (2024-08-01),,
1323,YUK-1323-fe,Fecal,Thomas Jung/Hannah Miller/Jane Harms,6/20/2024,Frozen,Frozen,Unknown,Unknown,Aishihik,Yukon Government,Wood,3/22/2024,,2024-Mar-AH-09,8/7/2024,,,,,,Subsampled (2024-07-30),,
1324,YUK-1324-fe,Fecal,Thomas Jung/Hannah Miller/Jane Harms,6/20/2024,Frozen,Frozen,Unknown,Unknown,Aishihik,Yukon Government,Wood,3/22/2024,,2024-Mar-AH-10,8/7/2024,,,,,,Subsampled (2024-07-30),,
1325,YUK-1325-fe,Fecal,Thomas Jung/Hannah Miller/Jane Harms,6/20/2024,Frozen,Frozen,Unknown,Unknown,Aishihik,Yukon Government,Wood,3/22/2024,,2024-Mar-AH-11,8/7/2024,,,,,,Subsampled (2024-07-30),,
1326,YUK-1326-fe,Fecal,Thomas Jung/Hannah Miller/Jane Harms,6/20/2024,Frozen,Frozen,Unknown,Unknown,Aishihik,Yukon Government,Wood,3/22/2024,,2024-Mar-AH-12,8/7/2024,,,,,,Subsampled (2024-07-31),,
1327,YUK-1327-fe,Fecal,Thomas Jung/Hannah Miller/Jane Harms,6/20/2024,Frozen,Frozen,Unknown,Unknown,Aishihik,Yukon Government,Wood,3/22/2024,,2024-Mar-AH-13,8/6/2024,,,,,,Subsampled (2024-08-01),,
1328,YUK-1328-fe,Fecal,Thomas Jung/Hannah Miller/Jane Harms,6/20/2024,Frozen,Frozen,Unknown,Unknown,Aishihik,Yukon Government,Wood,3/22/2024,,2024-Mar-AH-14,8/7/2024,,,,,,Subsampled (2024-07-30),,
1329,YUK-1329-fe,Fecal,Thomas Jung/Hannah Miller/Jane Harms,6/20/2024,Frozen,Frozen,Unknown,Unknown,Aishihik,Yukon Government,Wood,3/22/2024,,2024-Mar-AH-15,8/7/2024,,,,,,Subsampled (2024-07-30),,
1330,YUK-1330-fe,Fecal,Thomas Jung/Hannah Miller/Jane Harms,6/20/2024,Frozen,Frozen,Unknown,Unknown,Aishihik,Yukon Government,Wood,3/22/2024,,2024-Mar-AH-16,8/7/2024,,,,,,Subsampled (2024-07-30),,
1331,YUK-1331-fe,Fecal,Thomas Jung/Hannah Miller/Jane Harms,6/20/2024,Frozen,Frozen,Unknown,Unknown,Aishihik,Yukon Government,Wood,3/22/2024,,2024-Mar-AH-17,8/6/2024,,,,,,Subsampled (2024-08-01),,
1332,YUK-1332-fe,Fecal,Thomas Jung/Hannah Miller/Jane Harms,6/20/2024,Frozen,Frozen,Unknown,Unknown,Aishihik,Yukon Government,Wood,3/22/2024,,2024-Mar-AH-18,8/7/2024,,,,,,Subsampled (2024-07-30),,
1333,YUK-1333-fe,Fecal,Thomas Jung/Hannah Miller/Jane Harms,6/20/2024,Frozen,Frozen,Unknown,Unknown,Aishihik,Yukon Government,Wood,3/22/2024,,2024-Mar-AH-19,8/6/2024,,,,,,Subsampled (2024-07-31),,
1334,YUK-1334-fe,Fecal,Thomas Jung/Hannah Miller/Jane Harms,6/20/2024,Frozen,Frozen,Unknown,Unknown,Aishihik,Yukon Government,Wood,3/22/2024,,2024-Mar-AH-20,8/7/2024,,,,,,Subsampled (2024-07-31),,
1335,YUK-1335-fe,Fecal,Thomas Jung/Hannah Miller/Jane Harms,6/20/2024,Frozen,Frozen,Unknown,Unknown,Aishihik,Yukon Government,Wood,3/22/2024,,2024-Mar-AH-21,8/7/2024,,,,,,Subsampled (2024-07-30),,
1336,YUK-1336-fe,Fecal,Thomas Jung/Hannah Miller/Jane Harms,6/20/2024,Frozen,Frozen,Unknown,Unknown,Aishihik,Yukon Government,Wood,3/22/2024,,2024-Mar-AH-22,8/14/2024,,,,,,Subsampled (2024-08-01),,
1337,YUK-1337-fe,Fecal,Thomas Jung/Hannah Miller/Jane Harms,6/20/2024,Frozen,Frozen,Unknown,Unknown,Aishihik,Yukon Government,Wood,3/22/2024,,2024-Mar-AH-23,8/7/2024,,,,,,Subsampled (2024-07-30),,
1338,YUK-1338-fe,Fecal,Thomas Jung/Hannah Miller/Jane Harms,6/20/2024,Frozen,Frozen,Unknown,Unknown,Aishihik,Yukon Government,Wood,3/22/2024,,2024-Mar-AH-24,8/6/2024,,,,,,Subsampled (2024-08-01),,
1339,YUK-1339-fe,Fecal,Thomas Jung/Hannah Miller/Jane Harms,6/20/2024,Frozen,Frozen,Unknown,Unknown,Aishihik,Yukon Government,Wood,3/22/2024,,2024-Mar-AH-25,8/6/2024,,,,,,Subsampled (2024-07-31),,
1340,YUK-1340-fe,Fecal,Thomas Jung/Hannah Miller/Jane Harms,6/20/2024,Frozen,Frozen,Unknown,Unknown,Aishihik,Yukon Government,Wood,3/22/2024,,2024-Mar-AH-26,,,,,,,,,
1341,YUK-1341-fe,Fecal,Thomas Jung/Hannah Miller/Jane Harms,6/20/2024,Frozen,Frozen,Unknown,Unknown,Aishihik,Yukon Government,Wood,3/22/2024,,2024-Mar-AH-27,8/7/2024,,,,,,Subsampled (2024-07-30),,
1342,YUK-1342-fe,Fecal,Thomas Jung/Hannah Miller/Jane Harms,6/20/2024,Frozen,Frozen,Unknown,Unknown,Aishihik,Yukon Government,Wood,3/22/2024,,2024-Mar-AH-28,8/6/2024,,,,,,Subsampled (2024-07-30),,
1343,YUK-1343-fe,Fecal,Thomas Jung/Hannah Miller/Jane Harms,6/20/2024,Frozen,Frozen,Unknown,Unknown,Aishihik,Yukon Government,Wood,3/22/2024,,2024-Mar-AH-29,8/7/2024,,,,,,Subsampled (2024-07-30),,
1344,YUK-1344-fe,Fecal,Thomas Jung/Hannah Miller/Jane Harms,6/20/2024,Frozen,Frozen,Unknown,Unknown,Aishihik,Yukon Government,Wood,3/22/2024,,2024-Mar-AH-30,8/7/2024,,,,,,Subsampled (2024-07-30),,
1345,YUK-1345-fe,Fecal,Thomas Jung/Hannah Miller/Jane Harms,6/20/2024,Frozen,Frozen,Unknown,Unknown,Aishihik,Yukon Government,Wood,3/22/2024,,2024-Mar-AH-31,8/7/2024,,,,,,Subsampled (2024-07-30),,
1346,YUK-1346-fe,Fecal,Thomas Jung/Hannah Miller/Jane Harms,6/20/2024,Frozen,Frozen,Unknown,Unknown,Aishihik,Yukon Government,Wood,3/22/2024,,2024-Mar-AH-32,8/7/2024,,,,,,Subsampled (2024-08-01),,
1347,YUK-1347-fe,Fecal,Thomas Jung/Chris Lewis/Caeley Thacker,6/20/2024,Frozen,Frozen,Unknown,Unknown,Nordquist,BC/YT Government,Wood,3/13/2024,,2024-Mar-Nord-01,8/14/2024,,,,,,Subsampled (2024-08-01),,
1348,YUK-1348-fe,Fecal,Thomas Jung/Chris Lewis/Caeley Thacker,6/20/2024,Frozen,Frozen,Unknown,Unknown,Nordquist,BC/YT Government,Wood,3/13/2024,,2024-Mar-Nord-02,8/14/2024,,,,,,Subsampled (2024-07-31),,
1349,YUK-1349-fe,Fecal,Thomas Jung/Chris Lewis/Caeley Thacker,6/20/2024,Frozen,Frozen,Unknown,Unknown,Nordquist,BC/YT Government,Wood,3/13/2024,,2024-Mar-Nord-03,8/13/2024,,,,,,Subsampled (2024-07-31),,
1350,YUK-1350-fe,Fecal,Thomas Jung/Chris Lewis/Caeley Thacker,6/20/2024,Frozen,Frozen,Unknown,Unknown,Nordquist,BC/YT Government,Wood,3/13/2024,,2024-Mar-Nord-04,8/14/2024,,,,,,Subsampled (2024-08-01),,
1351,YUK-1351-fe,Fecal,Thomas Jung/Chris Lewis/Caeley Thacker,6/20/2024,Frozen,Frozen,Unknown,Unknown,Nordquist,BC/YT Government,Wood,3/13/2024,,2024-Mar-Nord-05,8/13/2024,,,,,,Subsampled (2024-07-31),,
1352,YUK-1352-fe,Fecal,Thomas Jung/Chris Lewis/Caeley Thacker,6/20/2024,Frozen,Frozen,Unknown,Unknown,Nordquist,BC/YT Government,Wood,3/13/2024,,2024-Mar-Nord-06,8/7/2024,,,,,,Subsampled (2024-07-31),,
1353,YUK-1353-fe,Fecal,Thomas Jung/Chris Lewis/Caeley Thacker,6/20/2024,Frozen,Frozen,Unknown,Unknown,Nordquist,BC/YT Government,Wood,3/13/2024,,2024-Mar-Nord-07,8/14/2024,,,,,,Subsampled (2024-08-01),,
1354,YUK-1354-fe,Fecal,Thomas Jung/Chris Lewis/Caeley Thacker,6/20/2024,Frozen,Frozen,Unknown,Unknown,Nordquist,BC/YT Government,Wood,3/13/2024,,2024-Mar-Nord-08,8/14/2024,,,,,,Subsampled (2024-08-01),,
1355,YUK-1355-fe,Fecal,Thomas Jung/Chris Lewis/Caeley Thacker,6/20/2024,Frozen,Frozen,Unknown,Unknown,Nordquist,BC/YT Government,Wood,3/13/2024,,2024-Mar-Nord-09,8/14/2024,,,,,,Subsampled (2024-08-01),,
1356,YUK-1356-fe,Fecal,Thomas Jung/Chris Lewis/Caeley Thacker,6/20/2024,Frozen,Frozen,Unknown,Unknown,Nordquist,BC/YT Government,Wood,3/13/2024,,2024-Mar-Nord-10,8/13/2024,,,,,,Subsampled (2024-07-31),,
1357,YUK-1357-fe,Fecal,Thomas Jung/Chris Lewis/Caeley Thacker,6/20/2024,Frozen,Frozen,Unknown,Unknown,Nordquist,BC/YT Government,Wood,3/13/2024,,2024-Mar-Nord-11,8/13/2024,,,,,,Subsampled (2024-07-31),,
1358,YUK-1358-fe,Fecal,Thomas Jung/Chris Lewis/Caeley Thacker,6/20/2024,Frozen,Frozen,Unknown,Unknown,Nordquist,BC/YT Government,Wood,3/13/2024,,2024-Mar-Nord-12,8/7/2024,,,,,,Subsampled (2024-08-01),,
1359,YUK-1359-fe,Fecal,Thomas Jung/Chris Lewis/Caeley Thacker,6/20/2024,Frozen,Frozen,Unknown,Unknown,Nordquist,BC/YT Government,Wood,3/13/2024,,2024-Mar-Nord-13,8/14/2024,,,,,,Subsampled (2024-07-31),,
1360,YUK-1360-fe,Fecal,Thomas Jung/Chris Lewis/Caeley Thacker,6/20/2024,Frozen,Frozen,Unknown,Unknown,Nordquist,BC/YT Government,Wood,3/13/2024,,2024-Mar-Nord-14,8/13/2024,,,,,,Subsampled (2024-07-31),,
1361,YUK-1361-fe,Fecal,Thomas Jung/Chris Lewis/Caeley Thacker,6/20/2024,Frozen,Frozen,Unknown,Unknown,Nordquist,BC/YT Government,Wood,3/13/2024,,2024-Mar-Nord-15,8/13/2024,,,,,,Subsampled (2024-07-31),,
1362,YUK-1362-fe,Fecal,Thomas Jung/Chris Lewis/Caeley Thacker,6/20/2024,Frozen,Frozen,Unknown,Unknown,Nordquist,BC/YT Government,Wood,3/13/2024,,2024-Mar-Nord-16,8/13/2024,,,,,,Subsampled (2024-07-30),,
1363,YUK-1363-fe,Fecal,Thomas Jung/Chris Lewis/Caeley Thacker,6/20/2024,Frozen,Frozen,Unknown,Unknown,Nordquist,BC/YT Government,Wood,3/13/2024,,2024-Mar-Nord-17,8/13/2024,,,,,,Subsampled (2024-07-31),,
1364,YUK-1364-fe,Fecal,Thomas Jung/Chris Lewis/Caeley Thacker,6/20/2024,Frozen,Frozen,Unknown,Unknown,Nordquist,BC/YT Government,Wood,3/13/2024,,2024-Mar-Nord-18,8/14/2024,,,,,,Subsampled (2024-08-01),,
1365,YUK-1365-fe,Fecal,Thomas Jung/Chris Lewis/Caeley Thacker,6/20/2024,Frozen,Frozen,Unknown,Unknown,Nordquist,BC/YT Government,Wood,3/13/2024,,2024-Mar-Nord-19,8/14/2024,,,,,,Subsampled (2024-08-01),,
1366,YUK-1366-fe,Fecal,Thomas Jung/Chris Lewis/Caeley Thacker,6/20/2024,Frozen,Frozen,Unknown,Unknown,Nordquist,BC/YT Government,Wood,3/13/2024,,2024-Mar-Nord-20,8/14/2024,,,,,,Subsampled (2024-07-30),,
1367,YUK-1367-fe,Fecal,Thomas Jung/Chris Lewis/Caeley Thacker,6/20/2024,Frozen,Frozen,Unknown,Unknown,Nordquist,BC/YT Government,Wood,3/13/2024,,2024-Mar-Nord-21,8/13/2024,,,,,,Subsampled (2024-07-30),,
1368,YUK-1368-fe,Fecal,Thomas Jung/Chris Lewis/Caeley Thacker,6/20/2024,Frozen,Frozen,Unknown,Unknown,Nordquist,BC/YT Government,Wood,3/13/2024,,2024-Mar-Nord-22,8/14/2024,,,,,,Subsampled (2024-07-30),,
1369,YUK-1369-fe,Fecal,Thomas Jung/Chris Lewis/Caeley Thacker,6/20/2024,Frozen,Frozen,Unknown,Unknown,Nordquist,BC/YT Government,Wood,3/13/2024,,2024-Mar-Nord-23,8/13/2024,,,,,,Subsampled (2024-07-30),,
1370,YUK-1370-fe,Fecal,Thomas Jung/Chris Lewis/Caeley Thacker,6/20/2024,Frozen,Frozen,Unknown,Unknown,Nordquist,BC/YT Government,Wood,3/13/2024,,2024-Mar-Nord-24,8/14/2024,,,,,,Subsampled (2024-07-30),,
1371,YUK-1371-fe,Fecal,Thomas Jung/Chris Lewis/Caeley Thacker,6/20/2024,Frozen,Frozen,Unknown,Unknown,Nordquist,BC/YT Government,Wood,3/13/2024,,2024-Mar-Nord-25,8/13/2024,,,,,,Subsampled (2024-07-30),,
1372,YUK-1372-fe,Fecal,Thomas Jung/Chris Lewis/Caeley Thacker,6/20/2024,Frozen,Frozen,Unknown,Unknown,Nordquist,BC/YT Government,Wood,3/13/2024,,2024-Mar-Nord-26,8/14/2024,,,,,,Subsampled (2024-07-31),,
1373,YUK-1373-fe,Fecal,Thomas Jung/Chris Lewis/Caeley Thacker,6/20/2024,Frozen,Frozen,Unknown,Unknown,Nordquist,BC/YT Government,Wood,3/13/2024,,2024-Mar-Nord-27,8/14/2024,,,,,,Subsampled (2024-07-31),,
1374,YUK-1374-fe,Fecal,Thomas Jung/Chris Lewis/Caeley Thacker,6/20/2024,Frozen,Frozen,Unknown,Unknown,Nordquist,BC/YT Government,Wood,3/13/2024,,2024-Mar-Nord-28,8/13/2024,,,,,,Subsampled (2024-07-31),,
1375,YUK-1375-fe,Fecal,Thomas Jung/Chris Lewis/Caeley Thacker,6/20/2024,Frozen,Frozen,Unknown,Unknown,Nordquist,BC/YT Government,Wood,3/13/2024,,2024-Mar-Nord-29,8/14/2024,,,,,,Subsampled (2024-08-01),,
1376,YUK-1376-fe,Fecal,Thomas Jung/Chris Lewis/Caeley Thacker,6/20/2024,Frozen,Frozen,Unknown,Unknown,Nordquist,BC/YT Government,Wood,3/13/2024,,2024-Mar-Nord-30,8/13/2024,,,,,,Subsampled (2024-07-31),,
1377,YUK-1377-fe,Fecal,Thomas Jung/Chris Lewis/Caeley Thacker,6/20/2024,Frozen,Frozen,Unknown,Unknown,Nordquist,BC/YT Government,Wood,3/13/2024,,2024-Mar-Nord-31,8/14/2024,,,,,,Subsampled (2024-07-31),,
1378,YUK-1378-fe,Fecal,Thomas Jung/Chris Lewis/Caeley Thacker/Hannah Miller,8/20/2024,Frozen,Warm,Unknown,Unknown,Nordquist,BC/YT Government,Wood,5/30/2024,,2024-Jun-Nord-01,10/30/2024,,,,,,Subsampled (2024-08-22),,
1379,YUK-1379-fe,Fecal,Thomas Jung/Chris Lewis/Caeley Thacker/Hannah Miller,8/20/2024,Frozen,Warm,Unknown,Unknown,Nordquist,BC/YT Government,Wood,5/30/2024,,2024-Jun-Nord-02,10/30/2024,,,,,,Subsampled (2024-08-23),,
1380,YUK-1380-fe,Fecal,Thomas Jung/Chris Lewis/Caeley Thacker/Hannah Miller,8/20/2024,Frozen,Warm,Unknown,Unknown,Nordquist,BC/YT Government,Wood,5/30/2024,,2024-Jun-Nord-03,10/30/2024,,,,,,Subsampled (2024-08-23),,
1381,YUK-1381-fe,Fecal,Thomas Jung/Chris Lewis/Caeley Thacker/Hannah Miller,8/20/2024,Frozen,Warm,Unknown,Unknown,Nordquist,BC/YT Government,Wood,5/30/2024,,2024-Jun-Nord-04,10/30/2024,,,,,,Subsampled (2024-08-22),,
1382,YUK-1382-fe,Fecal,Thomas Jung/Chris Lewis/Caeley Thacker/Hannah Miller,8/20/2024,Frozen,Warm,Unknown,Unknown,Nordquist,BC/YT Government,Wood,5/30/2024,,2024-Jun-Nord-05,10/30/2024,,,,,,Subsampled (2024-08-22),,
1383,YUK-1383-fe,Fecal,Thomas Jung/Chris Lewis/Caeley Thacker/Hannah Miller,8/20/2024,Frozen,Warm,Unknown,Unknown,Nordquist,BC/YT Government,Wood,5/30/2024,,2024-Jun-Nord-06,10/30/2024,,,,,,Subsampled (2024-08-21),,
1384,YUK-1384-fe,Fecal,Thomas Jung/Chris Lewis/Caeley Thacker/Hannah Miller,8/20/2024,Frozen,Warm,Unknown,Unknown,Nordquist,BC/YT Government,Wood,5/30/2024,,2024-Jun-Nord-07,10/30/2024,,,,,,Subsampled (2024-08-21),,
1385,YUK-1385-fe,Fecal,Thomas Jung/Chris Lewis/Caeley Thacker/Hannah Miller,8/20/2024,Frozen,Warm,Unknown,Unknown,Nordquist,BC/YT Government,Wood,5/30/2024,,2024-Jun-Nord-08,10/30/2024,,,,,,Subsampled (2024-08-22),,
1386,YUK-1386-fe,Fecal,Thomas Jung/Chris Lewis/Caeley Thacker/Hannah Miller,8/20/2024,Frozen,Warm,Unknown,Unknown,Nordquist,BC/YT Government,Wood,5/30/2024,,2024-Jun-Nord-09,10/30/2024,,,,,,Subsampled (2024-08-21),,
1387,YUK-1387-fe,Fecal,Thomas Jung/Chris Lewis/Caeley Thacker/Hannah Miller,8/20/2024,Frozen,Warm,Unknown,Unknown,Nordquist,BC/YT Government,Wood,5/30/2024,,2024-Jun-Nord-10,10/30/2024,,,,,,Subsampled (2024-08-21),,
1388,YUK-1388-fe,Fecal,Thomas Jung/Chris Lewis/Caeley Thacker/Hannah Miller,8/20/2024,Frozen,Warm,Unknown,Unknown,Nordquist,BC/YT Government,Wood,5/30/2024,,2024-Jun-Nord-11,10/30/2024,,,,,,Subsampled (2024-08-21),,
1389,YUK-1389-fe,Fecal,Thomas Jung/Chris Lewis/Caeley Thacker/Hannah Miller,8/20/2024,Frozen,Warm,Unknown,Unknown,Nordquist,BC/YT Government,Wood,5/30/2024,,2024-Jun-Nord-12,10/30/2024,,,,,,Subsampled (2024-08-22),,
1390,YUK-1390-fe,Fecal,Thomas Jung/Chris Lewis/Caeley Thacker/Hannah Miller,8/20/2024,Frozen,Warm,Unknown,Unknown,Nordquist,BC/YT Government,Wood,5/30/2024,,2024-Jun-Nord-13,10/30/2024,,,,,,Subsampled (2024-08-21),,
1391,YUK-1391-fe,Fecal,Thomas Jung/Chris Lewis/Caeley Thacker/Hannah Miller,8/20/2024,Frozen,Warm,Unknown,Unknown,Nordquist,BC/YT Government,Wood,5/30/2024,,2024-Jun-Nord-14,10/30/2024,,,,,,Subsampled (2024-08-21),,
1392,YUK-1392-fe,Fecal,Thomas Jung/Chris Lewis/Caeley Thacker/Hannah Miller,8/20/2024,Frozen,Warm,Unknown,Unknown,Nordquist,BC/YT Government,Wood,5/30/2024,,2024-Jun-Nord-15,10/30/2024,,,,,,Subsampled (2024-08-21),,
1393,YUK-1393-fe,Fecal,Thomas Jung/Chris Lewis/Caeley Thacker/Hannah Miller,8/20/2024,Frozen,Warm,Unknown,Unknown,Nordquist,BC/YT Government,Wood,5/30/2024,,2024-Jun-Nord-16,10/30/2024,,,,,,Subsampled (2024-08-22),,
1394,YUK-1394-fe,Fecal,Thomas Jung/Chris Lewis/Caeley Thacker/Hannah Miller,8/20/2024,Frozen,Warm,Unknown,Unknown,Nordquist,BC/YT Government,Wood,5/30/2024,,2024-Jun-Nord-17,10/30/2024,,,,,,Subsampled (2024-08-21),,
1395,YUK-1395-fe,Fecal,Thomas Jung/Chris Lewis/Caeley Thacker/Hannah Miller,8/20/2024,Frozen,Warm,Unknown,Unknown,Nordquist,BC/YT Government,Wood,5/30/2024,,2024-Jun-Nord-18,10/30/2024,,,,,,Subsampled (2024-08-22),,
1396,YUK-1396-fe,Fecal,Thomas Jung/Chris Lewis/Caeley Thacker/Hannah Miller,8/20/2024,Frozen,Warm,Unknown,Unknown,Nordquist,BC/YT Government,Wood,5/30/2024,,2024-Jun-Nord-19,10/30/2024,,,,,,Subsampled (2024-08-21),,
1397,YUK-1397-fe,Fecal,Thomas Jung/Chris Lewis/Caeley Thacker/Hannah Miller,8/20/2024,Frozen,Warm,Unknown,Unknown,Nordquist,BC/YT Government,Wood,5/30/2024,,2024-Jun-Nord-20,11/1/2024,,,,,,Subsampled (2024-08-22),,
1398,YUK-1398-fe,Fecal,Thomas Jung/Chris Lewis/Caeley Thacker/Hannah Miller,8/20/2024,Frozen,Warm,Unknown,Unknown,Nordquist,BC/YT Government,Wood,5/30/2024,,2024-Jun-Nord-21,11/1/2024,,,,,,Subsampled (2024-08-22),,
1399,YUK-1399-fe,Fecal,Thomas Jung/Chris Lewis/Caeley Thacker/Hannah Miller,8/20/2024,Frozen,Warm,Unknown,Unknown,Nordquist,BC/YT Government,Wood,5/30/2024,,2024-Jun-Nord-22,11/1/2024,,,,,,Subsampled (2024-08-22),,
13,YUK-13-fe,Fecal,Shannon Stotyn/Thomas Jung/Jane Harms,11/29/2023,Frozen,,,,Aishihik,Yukon-Government,Wood,2/23/2022,,,3/27/2024,,,,,,,,
1400,YUK-1400-fe,Fecal,Thomas Jung/Chris Lewis/Caeley Thacker/Hannah Miller,8/20/2024,Frozen,Warm,Unknown,Unknown,Nordquist,BC/YT Government,Wood,5/30/2024,,2024-Jun-Nord-23,11/1/2024,,,,,,Subsampled (2024-08-23),,
1401,YUK-1401-fe,Fecal,Thomas Jung/Chris Lewis/Caeley Thacker/Hannah Miller,8/20/2024,Frozen,Warm,Unknown,Unknown,Nordquist,BC/YT Government,Wood,5/30/2024,,2024-Jun-Nord-24,11/1/2024,,,,,,Subsampled (2024-08-21),,
1402,YUK-1402-fe,Fecal,Thomas Jung/Chris Lewis/Caeley Thacker/Hannah Miller,8/20/2024,Frozen,Warm,Unknown,Unknown,Nordquist,BC/YT Government,Wood,5/30/2024,,2024-Jun-Nord-25,11/1/2024,,,,,,Subsampled (2024-08-21),,
1403,YUK-1403-fe,Fecal,Thomas Jung/Chris Lewis/Caeley Thacker/Hannah Miller,8/20/2024,Frozen,Warm,Unknown,Unknown,Nordquist,BC/YT Government,Wood,5/30/2024,,2024-Jun-Nord-26,11/1/2024,,,,,,Subsampled (2024-08-22),,
1404,YUK-1404-fe,Fecal,Thomas Jung/Chris Lewis/Caeley Thacker/Hannah Miller,8/20/2024,Frozen,Warm,Unknown,Unknown,Nordquist,BC/YT Government,Wood,5/30/2024,,2024-Jun-Nord-27,11/1/2024,,,,,,Subsampled (2024-08-21),,
1405,YUK-1405-fe,Fecal,Thomas Jung/Chris Lewis/Caeley Thacker/Hannah Miller,8/20/2024,Frozen,Warm,Unknown,Unknown,Nordquist,BC/YT Government,Wood,5/30/2024,,2024-Jun-Nord-28,11/1/2024,,,,,,Subsampled (2024-08-21),,
1406,YUK-1406-fe,Fecal,Thomas Jung/Chris Lewis/Caeley Thacker/Hannah Miller,8/20/2024,Frozen,Warm,Unknown,Unknown,Nordquist,BC/YT Government,Wood,5/30/2024,,2024-Jun-Nord-29,11/1/2024,,,,,,Subsampled (2024-08-23),,
1407,YUK-1407-fe,Fecal,Thomas Jung/Chris Lewis/Caeley Thacker/Hannah Miller,8/20/2024,Frozen,Warm,Unknown,Unknown,Nordquist,BC/YT Government,Wood,5/30/2024,,2024-Jun-Nord-30,11/1/2024,,,,,,Subsampled (2024-08-21),,
1408,YUK-1408-fe,Fecal,Thomas Jung/Chris Lewis/Caeley Thacker/Hannah Miller,8/20/2024,Frozen,Warm,Unknown,Unknown,Nordquist,BC/YT Government,Wood,5/30/2024,,2024-Jun-Nord-31,11/1/2024,,,,,,Subsampled (2024-08-23),,
1409,YUK-1409-fe,Fecal,Thomas Jung/Chris Lewis/Caeley Thacker/Hannah Miller,8/20/2024,Frozen,Warm,Unknown,Unknown,Nordquist,BC/YT Government,Wood,5/30/2024,,2024-Jun-Nord-32,11/1/2024,,,,,,Subsampled (2024-08-22),,
1410,YUK-1410-fe,Fecal,Thomas Jung/Chris Lewis/Caeley Thacker/Hannah Miller,8/20/2024,Frozen,Warm,Bull,Adult,Nordquist,BC/YT Government,Wood,5/30/2024,,2024-Jun-Nord-33,11/1/2024,,,,,,Subsampled (2024-08-22),,
1411,YUK-1411-fe,Fecal,Thomas Jung/Chris Lewis/Caeley Thacker/Hannah Miller,8/20/2024,Frozen,Warm,Bull,Adult,Nordquist,BC/YT Government,Wood,5/30/2024,,2024-Jun-Nord-34,11/1/2024,,,,,,Subsampled (2024-08-22),,
1412,YUK-1412-fe,Fecal,Thomas Jung/Chris Lewis/Caeley Thacker/Hannah Miller,8/20/2024,Frozen,Warm,Bull,Adult,Nordquist,BC/YT Government,Wood,5/30/2024,,2024-Jun-Nord-35,11/1/2024,,,,,,Subsampled (2024-08-22),,
1413,YUK-1413-fe,Fecal,Thomas Jung/Chris Lewis/Caeley Thacker/Hannah Miller,8/20/2024,Frozen,Warm,Bull,Adult,Nordquist,BC/YT Government,Wood,5/30/2024,,2024-Jun-Nord-36,11/1/2024,,,,,,Subsampled (2024-08-22),,
1488,YUK-1488-fe,Fecal,Thomas Jung/Ryan Drummond/Hannah Miller/Jane Harms,9/10/2024,Frozen,,Unknown,Unknown,Aishihik,YT Government,Wood,7/27/2024,,2024-Jul-AH-01,10/1/2024,,,,,,Subsampled (2024-09-20),,
1489,YUK-1489-fe,Fecal,Thomas Jung/Ryan Drummond/Hannah Miller/Jane Harms,9/10/2024,Frozen,,Unknown,Unknown,Aishihik,YT Government,Wood,7/27/2024,,2024-Jul-AH-02,10/1/2024,,,,,,Subsampled (2024-09-20),,
1490,YUK-1490-fe,Fecal,Thomas Jung/Ryan Drummond/Hannah Miller/Jane Harms,9/10/2024,Frozen,,Unknown,Unknown,Aishihik,YT Government,Wood,7/27/2024,,2024-Jul-AH-03,10/1/2024,,,,,,Subsampled (2024-09-20),,
1491,YUK-1491-fe,Fecal,Thomas Jung/Ryan Drummond/Hannah Miller/Jane Harms,9/10/2024,Frozen,,Unknown,Unknown,Aishihik,YT Government,Wood,7/27/2024,,2024-Jul-AH-04,10/1/2024,,,,,,Subsampled (2024-09-20),,
1492,YUK-1492-fe,Fecal,Thomas Jung/Ryan Drummond/Hannah Miller/Jane Harms,9/10/2024,Frozen,,Unknown,Unknown,Aishihik,YT Government,Wood,7/27/2024,,2024-Jul-AH-05,10/1/2024,,,,,,Subsampled (2024-09-20),,
1493,YUK-1493-fe,Fecal,Thomas Jung/Ryan Drummond/Hannah Miller/Jane Harms,9/10/2024,Frozen,,Unknown,Unknown,Aishihik,YT Government,Wood,7/27/2024,,2024-Jul-AH-06,10/1/2024,,,,,,Subsampled (2024-09-20),,
1494,YUK-1494-fe,Fecal,Thomas Jung/Ryan Drummond/Hannah Miller/Jane Harms,9/10/2024,Frozen,,Unknown,Unknown,Aishihik,YT Government,Wood,7/27/2024,,2024-Jul-AH-07,10/1/2024,,,,,,Subsampled (2024-09-20),,
1495,YUK-1495-fe,Fecal,Thomas Jung/Ryan Drummond/Hannah Miller/Jane Harms,9/10/2024,Frozen,,Unknown,Unknown,Aishihik,YT Government,Wood,7/27/2024,,2024-Jul-AH-08,10/1/2024,,,,,,Subsampled (2024-09-20),,
1496,YUK-1496-fe,Fecal,Thomas Jung/Ryan Drummond/Hannah Miller/Jane Harms,9/10/2024,Frozen,,Unknown,Unknown,Aishihik,YT Government,Wood,7/27/2024,,2024-Jul-AH-09,10/1/2024,,,,,,Subsampled (2024-09-20),,
1497,YUK-1497-fe,Fecal,Thomas Jung/Ryan Drummond/Hannah Miller/Jane Harms,9/10/2024,Frozen,,Unknown,Unknown,Aishihik,YT Government,Wood,7/27/2024,,2024-Jul-AH-10,10/1/2024,,,,,,Subsampled (2024-09-20),,
1498,YUK-1498-fe,Fecal,Thomas Jung/Ryan Drummond/Hannah Miller/Jane Harms,9/10/2024,Frozen,,Unknown,Unknown,Aishihik,YT Government,Wood,7/27/2024,,2024-Jul-AH-11,10/1/2024,,,,,,Subsampled (2024-09-20),,
1499,YUK-1499-fe,Fecal,Thomas Jung/Ryan Drummond/Hannah Miller/Jane Harms,9/10/2024,Frozen,,Unknown,Unknown,Aishihik,YT Government,Wood,7/27/2024,,2024-Jul-AH-12,10/1/2024,,,,,,Subsampled (2024-09-20),,
1500,YUK-1500-fe,Fecal,Thomas Jung/Ryan Drummond/Hannah Miller/Jane Harms,9/10/2024,Frozen,,Unknown,Unknown,Aishihik,YT Government,Wood,7/27/2024,,2024-Jul-AH-13,10/1/2024,,,,,,Subsampled (2024-09-27),,
1501,YUK-1501-fe,Fecal,Thomas Jung/Ryan Drummond/Hannah Miller/Jane Harms,9/10/2024,Frozen,,Unknown,Unknown,Aishihik,YT Government,Wood,7/27/2024,,2024-Jul-AH-14,10/1/2024,,,,,,Subsampled (2024-09-27),,
1502,YUK-1502-fe,Fecal,Thomas Jung/Ryan Drummond/Hannah Miller/Jane Harms,9/10/2024,Frozen,,Unknown,Unknown,Aishihik,YT Government,Wood,7/27/2024,,2024-Jul-AH-15,10/1/2024,,,,,,Subsampled (2024-09-27),,
1503,YUK-1503-fe,Fecal,Thomas Jung/Ryan Drummond/Hannah Miller/Jane Harms,9/10/2024,Frozen,,Unknown,Unknown,Aishihik,YT Government,Wood,7/27/2024,,2024-Jul-AH-16,10/1/2024,,,,,,Subsampled (2024-09-27),,
1504,YUK-1504-fe,Fecal,Thomas Jung/Ryan Drummond/Hannah Miller/Jane Harms,9/10/2024,Frozen,,Unknown,Unknown,Aishihik,YT Government,Wood,7/27/2024,,2024-Jul-AH-17,10/1/2024,,,,,,Subsampled (2024-09-27),,
1505,YUK-1505-fe,Fecal,Thomas Jung/Ryan Drummond/Hannah Miller/Jane Harms,9/10/2024,Frozen,,Unknown,Unknown,Aishihik,YT Government,Wood,7/27/2024,,2024-Jul-AH-18,10/1/2024,,,,,,Subsampled (2024-09-27),,
1506,YUK-1506-fe,Fecal,Thomas Jung/Ryan Drummond/Hannah Miller/Jane Harms,9/10/2024,Frozen,,Unknown,Unknown,Aishihik,YT Government,Wood,7/27/2024,,2024-Jul-AH-19,10/1/2024,,,,,,Subsampled (2024-09-27),,
1507,YUK-1507-fe,Fecal,Thomas Jung/Ryan Drummond/Hannah Miller/Jane Harms,9/10/2024,Frozen,,Unknown,Unknown,Aishihik,YT Government,Wood,7/27/2024,,2024-Jul-AH-20,10/1/2024,,,,,,Subsampled (2024-09-27),,
1508,YUK-1508-fe,Fecal,Thomas Jung/Ryan Drummond/Hannah Miller/Jane Harms,9/10/2024,Frozen,,Unknown,Unknown,Aishihik,YT Government,Wood,7/27/2024,,2024-Jul-AH-21,10/1/2024,,,,,,Subsampled (2024-09-27),,
1509,YUK-1509-fe,Fecal,Thomas Jung/Ryan Drummond/Hannah Miller/Jane Harms,9/10/2024,Frozen,,Unknown,Unknown,Aishihik,YT Government,Wood,7/27/2024,,2024-Jul-AH-22,10/1/2024,,,,,,Subsampled (2024-09-27),,
1510,YUK-1510-fe,Fecal,Thomas Jung/Ryan Drummond/Hannah Miller/Jane Harms,9/10/2024,Frozen,,Unknown,Unknown,Aishihik,YT Government,Wood,7/27/2024,,2024-Jul-AH-23,10/1/2024,,,,,,Subsampled (2024-09-27),,
1511,YUK-1511-fe,Fecal,Thomas Jung/Ryan Drummond/Hannah Miller/Jane Harms,9/10/2024,Frozen,,Unknown,Unknown,Aishihik,YT Government,Wood,7/27/2024,,2024-Jul-AH-24,10/2/2024,,,,,,Subsampled (2024-09-27),,
15,YUK-15-fe,Fecal,Shannon Stotyn/Thomas Jung/Jane Harms,11/29/2023,Frozen,,,,Aishihik,Yukon-Government,Wood,2/23/2022,,,3/26/2024,,,,,,,,
17,YUK-17-fe,Fecal,Thomas Jung/Chris Lewis/Caeley Thacker,11/29/2023,Frozen,,,,Norquist,BC/YT Government,Wood,9/1/2022,,,3/26/2024,,,,,,,,
18,YUK-18-fe,Fecal,Thomas Jung/Chris Lewis/Caeley Thacker,11/29/2023,Frozen,,,,Norquist,BC/YT Government,Wood,10/9/2022,,,3/26/2024,,,,,,,,
19,YUK-19-fe,Fecal,Thomas Jung/Chris Lewis/Caeley Thacker,11/29/2023,Frozen,,,,Norquist,BC/YT Government,Wood,10/9/2022,,,3/27/2024,,,,,,,,
20,YUK-20-fe,Fecal,Thomas Jung/Chris Lewis/Caeley Thacker,11/29/2023,Frozen,,,,Norquist,BC/YT Government,Wood,10/9/2022,,,3/27/2024,,,,,,,,
21,YUK-21-fe,Fecal,Thomas Jung/Chris Lewis/Caeley Thacker,11/29/2023,Frozen,,,,Norquist,BC/YT Government,Wood,9/1/2022,,,3/27/2024,,,,,,,,
221,YUK-221-Fe,Fecal,Shannon Stotyn/Thomas Jung/Jane Harms,4/28/2022,Thawed,NA,Female,2-4 years,Aishihik,Yukon-Hunter,Wood,2/3/2022,N61'5'6.025 W 137'52'47.161,,10/3/2022,11/16/2022,,x,x,,,,
221,YUK-221-Ru,Rumen,Shannon Stotyn/Thomas Jung/Jane Harms,4/28/2022,Thawed,NA,Female,2-4 years,Aishihik,Yukon-Hunter,Wood,2/3/2022,N61'5'6.025 W 137'52'47.161,,10/25/2022,11/16/2022,,x,x,,,,
224,YUK-224-fe,Fecal,Shannon Stotyn/Thomas Jung/Jane Harms,11/29/2023,Frozen,,,,Aishihik,Yukon-Hunter,Wood,3/1/2022,,,3/26/2024,,,,,,,,
22,YUK-22-fe,Fecal,Thomas Jung/Chris Lewis/Caeley Thacker,11/29/2023,Frozen,,,,Norquist,BC/YT Government,Wood,10/9/2022,,,3/27/2024,,,,,,,,
233,YUK-233-fe,Fecal,Shannon Stotyn/Thomas Jung/Jane Harms,11/29/2023,Frozen,,,,Aishihik,Yukon-Hunter,Wood,2/19/2022,,,3/26/2024,,,,,,,,
239,YUK-239-Fe,Fecal,Shannon Stotyn/Thomas Jung/Jane Harms,4/28/2022,Thawed,NA,NA,NA,Aishihik,Yukon-Hunter,Wood,NA,NA,HRH 51522,10/3/2022,11/16/2022,,x,x,,,,
239,YUK-239-Ru,Rumen,Shannon Stotyn/Thomas Jung/Jane Harms,4/28/2022,Thawed,NA,NA,NA,Aishihik,Yukon-Hunter,Wood,NA,NA,HRH 51522,10/25/2022,11/16/2022,,x,x,,,,
23,YUK-23-fe,Fecal,Thomas Jung/Chris Lewis/Caeley Thacker,11/29/2023,Frozen,,,,Norquist,BC/YT Government,Wood,Sep-22,,,3/27/2024,,,,,,,,
249,YUK-249-Fe,Fecal,Shannon Stotyn/Thomas Jung/Jane Harms,4/28/2022,Thawed,Frozen,Male,Adult,Aishihik,Yukon-Hunter,Wood,3/4/2022,"61.4747644N, 136.812452W",,10/3/2022,11/16/2022,,x,x,,,,
249,YUK-249-Ru,Rumen,Shannon Stotyn/Thomas Jung/Jane Harms,4/28/2022,Thawed,Frozen,Male,Adult,Aishihik,Yukon-Hunter,Wood,3/4/2022,"61.4747644N, 136.812452W",,10/25/2022,11/16/2022,,x,x,,,,
251,YUK-251-Fe,Fecal,Shannon Stotyn/Thomas Jung/Jane Harms,4/28/2022,Thawed,Warm,Male,8 big teeth,Aishihik,Yukon-Hunter,Wood,3/8/2022,Zone 5-44,,10/27/2022,11/16/2022,,x,x,,,,
251,YUK-251-Ru,Rumen,Shannon Stotyn/Thomas Jung/Jane Harms,4/28/2022,Thawed,Warm,Male,8 big teeth,Aishihik,Yukon-Hunter,Wood,3/8/2022,Zone 5-44,,10/25/2022,11/16/2022,,x,x,,,,
254,YUK-254-fe,Fecal,Shannon Stotyn/Thomas Jung/Jane Harms,11/29/2023,Frozen,,,,Aishihik,Yukon-Hunter,Wood,2/18/2022,,YG ID 51552,3/26/2024,,,,,,,,
259,YUK-259-Fe,Fecal,Shannon Stotyn/Thomas Jung/Jane Harms,4/28/2022,Thawed,Warm,Female,Adult,Aishihik,Yukon-Hunter,Wood,2/23/2022,NA,,10/4/2022,11/16/2022,,x,x,,,,
259,YUK-259-Ru,Rumen,Shannon Stotyn/Thomas Jung/Jane Harms,4/28/2022,Thawed,Warm,Female,Adult,Aishihik,Yukon-Hunter,Wood,2/23/2022,NA,,10/25/2022,11/16/2022,,x,x,,,,
25,YUK-25-fe,Fecal,Thomas Jung/Chris Lewis/Caeley Thacker,11/29/2023,Frozen,,,,Norquist,BC/YT Government,Wood,10/9/2022,,,3/27/2024,,,,,,,,
262,YUK-262-Fe,Fecal,Shannon Stotyn/Thomas Jung/Jane Harms,4/28/2022,Thawed,Warm,Female,4 years,Aishihik,Yukon-Hunter,Wood,1/29/2022,"North of Taye lake, towards Hutshii",,10/3/2022,11/16/2022,,x,x,,,,
262,YUK-262-Ru,Rumen,Shannon Stotyn/Thomas Jung/Jane Harms,4/28/2022,Thawed,Warm,Female,4 years,Aishihik,Yukon-Hunter,Wood,1/29/2022,"North of Taye lake, towards Hutshii",,10/25/2022,11/16/2022,,x,x,,,,
267,YUK-267-fe,Fecal,Shannon Stotyn/Thomas Jung/Jane Harms,11/29/2023,Frozen,,,,Aishihik,Yukon-Hunter,Wood,2022,,,3/26/2024,,,,,,,,
27,YUK-27-fe,Fecal,Thomas Jung/Chris Lewis/Caeley Thacker,11/29/2023,Frozen,,,,Norquist,BC/YT Government,Wood,10/9/2022,,,3/27/2024,,,,,,,,
289,YUK-289-Fe,NA (Fecal),Shannon Stotyn/Thomas Jung/Jane Harms,NA,NA,NA,NA,NA,Aishihik,Yukon-Hunter,Wood,NA,NA,,10/25/2022,11/16/2022,,x,x,,,,
29,YUK-29-fe,Fecal,Thomas Jung/Chris Lewis/Caeley Thacker,11/29/2023,Frozen,,,,Norquist,BC/YT Government,Wood,Sep-22,,,3/27/2024,,,,,,,,
302,YUK-302-Fe,Fecal,Shannon Stotyn/Thomas Jung/Jane Harms,4/28/2022,Thawed,Warm,Female,2-4 years,Ashihik,Yukon-Hunter,Wood,3/5/2022,North End of Ashihik,,10/4/2022,11/16/2022,,x,x,,,,
302,YUK-302-Ru,Rumen,Shannon Stotyn/Thomas Jung/Jane Harms,4/28/2022,Thawed,Warm,Female,2-4 years,Ashihik,Yukon-Hunter,Wood,3/5/2022,North End of Ashihik,,10/25/2022,11/16/2022,,x,x,,,,
30,YUK-30-fe,Fecal,Shannon Stotyn/Thomas Jung/Jane Harms,11/29/2023,Frozen,,,,Aishihik,Yukon-Government,Wood,2/15/2022,,,3/27/2024,,,,,,,,
311,YUK-311-Fe,Fecal,Shannon Stotyn/Thomas Jung/Jane Harms,4/28/2022,Thawed,Warm,Male,Adult,Aishihik,Yukon-Hunter,Wood,3/6/2022,Zone 5-44,,10/4/2022,11/16/2022,,x,x,,,,
311,YUK-311-Ru,Rumen,Shannon Stotyn/Thomas Jung/Jane Harms,4/28/2022,Thawed,Warm,Male,Adult,Aishihik,Yukon-Hunter,Wood,3/6/2022,Zone 5-44,,10/25/2022,11/16/2022,,x,x,,,,
313,YUK-313-Ru,Rumen,Shannon Stotyn/Thomas Jung/Jane Harms,4/28/2022,Thawed,Cold,Female,Adult,Aishihik,Yukon-Hunter,Wood,3/1/2022,NA,,10/25/2022,11/16/2022,,x,x,,,,
331,YUK-331-Fe,Fecal,Shannon Stotyn/Thomas Jung/Jane Harms,4/28/2022,Thawed,Warm,Male,4 years,Aishihik,Yukon-Hunter,Wood,2/21/2022,61.26.09N 136.38.284W,HRBS 57553,10/3/2022,11/16/2022,,x,x,,,,
331,YUK-331-Ru,Rumen,Shannon Stotyn/Thomas Jung/Jane Harms,4/28/2022,Thawed,Warm,Male,4 years,Aishihik,Yukon-Hunter,Wood,2/21/2022,61.26.09N 136.38.284W,HRBS 57553,10/25/2022,11/16/2022,,x,x,,,,
336,YUK-336-Fe,Fecal,Shannon Stotyn/Thomas Jung/Jane Harms,4/28/2022,Thawed,Cold,Female,2-4 years,Aishihik,Yukon-Hunter,Wood,2/12/2022,Macintosh,,10/3/2022,11/16/2022,,x,x,,,,
336,YUK-336-Ru,Rumen,Shannon Stotyn/Thomas Jung/Jane Harms,4/28/2022,Thawed,Cold,Female,2-4 years,Aishihik,Yukon-Hunter,Wood,2/12/2022,Macintosh,,10/25/2022,11/16/2022,,x,x,,,,
345,YUK-345-Fe,Fecal,Shannon Stotyn/Thomas Jung/Jane Harms,4/28/2022,Thawed,Warm,Female,18 months,Aishihik,Yukon-Hunter,Wood,2/5/2022,25km N on Dawson Trail from Train head at Taraini River,,10/4/2022,11/16/2022,,x,x,,,,
559,YUK-559-fe,Fecal,Shannon Stotyn/Thomas Jung/Jane Harms,11/29/2023,Frozen,,,,Aishihik,Yukon-Hunter,Wood,Mar-23,3/26/2024,,3/26/2024,,,,,,,,
578,YUK-578-fe,Fecal,Shannon Stotyn/Thomas Jung/Jane Harms,11/29/2023,Frozen,,,,Aishihik,Yukon-Hunter,Wood,Feb-21,3/26/2024,,3/26/2024,,,,,,,,
958,NWT-958-Fe,Fecal,Terry Armstrong,11/21/2024,Frozen,Warm,,,Mackenzie,,,7/30/2024,"62.00118, -116.33558","Gouvernement and Natural Ressources, GNWT",12/5/2024,,,,,,Subsampled (2024-11-28),,
959,NWT-959-Fe,Fecal,Terry Armstrong,11/21/2024,Frozen,Warm,,,Mackenzie,,,7/30/2024,"62.001166, -116.33564","Gouvernement and Natural Ressources, GNWT",12/5/2024,,,,,,Subsampled (2024-11-28),,
960,NWT-960-Fe,Fecal,Terry Armstrong,11/21/2024,Frozen,Warm,,,Mackenzie,,,7/30/2024,"62.022872, -116.312989","Gouvernement and Natural Ressources, GNWT",12/5/2024,,,,,,Subsampled (2024-11-27),,
931,NWT-931-Fe,Fecal,Terry Armstrong,11/21/2024,Frozen,Cold,,,Mackenzie,,,8/3/2024,"61.651155, -117.121097","Gouvernement and Natural Ressources, GNWT",12/3/2024,,,,,,Subsampled (2024-11-28),,
932,NWT-932-Fe,Fecal,Terry Armstrong,11/21/2024,Frozen,Cold,,,Mackenzie,,,8/3/2024,"61.603270, -117.141723","Gouvernement and Natural Ressources, GNWT",12/3/2024,,,,,,Subsampled (2024-11-28),,
933,NWT-933-Fe,Fecal,Terry Armstrong,11/21/2024,Frozen,,,,,,,,,"Gouvernement and Natural Ressources, GNWT",12/3/2024,,,,,,"Subsampled (2024-11-27) // Not on the ""NWT Bison Fecal Samples"" sheet we received // was received however, ",,
934,NWT-934-Fe,Fecal,Terry Armstrong,11/21/2024,Frozen,Cold,,,Mackenzie,,,8/2/2024,"62.71730, -116.85094","Gouvernement and Natural Ressources, GNWT",12/3/2024,,,,,,Subsampled (2024-11-28),,
935,NWT-935-Fe,Fecal,Terry Armstrong,11/21/2024,Frozen,Cold,,,Mackenzie,"Gouvernement and Natural Ressources, GNWT",,8/2/2024,"62.7173, -116.85094","Gouvernement and Natural Ressources, GNWT",12/3/2024,,,,,,Subsampled (2024-11-28),,
936,NWT-936-Fe,Fecal,Terry Armstrong,11/21/2024,Frozen,Cold,,,Mackenzie,,,8/2/2024,"62.7173, -116.85094","Gouvernement and Natural Ressources, GNWT",12/3/2024,,,,,,Subsampled (2024-11-28),,
937,NWT-937-Fe,Fecal,Terry Armstrong,11/21/2024,Frozen,Cold,,,Mackenzie,,,8/2/2024,"62.7173, -116.85094","Gouvernement and Natural Ressources, GNWT",12/3/2024,,,,,,Subsampled (2024-11-28),,
938,NWT-938-Fe,Fecal,Terry Armstrong,11/21/2024,Frozen,Cold,,,Mackenzie,,,8/2/2024,"62.7173, -116.85094","Gouvernement and Natural Ressources, GNWT",12/3/2024,,,,,,Subsampled (2024-11-28),,
939,NWT-939-Fe,Fecal,Terry Armstrong,11/21/2024,Frozen,Cold,,,Mackenzie,,,8/2/2024,"62.7173, -116.85094","Gouvernement and Natural Ressources, GNWT",12/3/2024,,,,,,Subsampled (2024-11-27),,
940,NWT-940-Fe,Fecal,Terry Armstrong,11/21/2024,Frozen,Cold,,,Mackenzie,,,8/2/2024,"62.7173, -116.85094","Gouvernement and Natural Ressources, GNWT",12/3/2024,,,,,,Subsampled (2024-11-28),,
941,NWT-941-Fe,Fecal,Terry Armstrong,11/21/2024,Frozen,Cold,,,Mackenzie,,,8/2/2024,"62.7173, -116.85094","Gouvernement and Natural Ressources, GNWT",12/5/2024,,,,,,Subsampled (2024-11-28),,
942,NWT-942-Fe,Fecal,Terry Armstrong,11/21/2024,Frozen,Cold,,,Mackenzie,,,8/2/2024,"62.7173, -116.85094","Gouvernement and Natural Ressources, GNWT",12/5/2024,,,,,,Subsampled (2024-11-28),,
943,NWT-943-Fe,Fecal,Terry Armstrong,11/21/2024,Frozen,Cold,,,Mackenzie,,,8/2/2024,"62.7173, -116.85094","Gouvernement and Natural Ressources, GNWT",12/5/2024,,,,,,Subsampled (2024-11-28),,
944,NWT-944-Fe,Fecal,Terry Armstrong,11/21/2024,Frozen,Cold,,,Mackenzie,,,8/2/2024,"62.7173, -116.85094","Gouvernement and Natural Ressources, GNWT",12/5/2024,,,,,,Subsampled (2024-11-27),,
945,NWT-945-Fe,Fecal,Terry Armstrong,11/21/2024,Frozen,Cold,,,Mackenzie,,,8/2/2024,"62.710296, -116.855293","Gouvernement and Natural Ressources, GNWT",12/5/2024,,,,,,Subsampled (2024-11-28),,
946,NWT-946-Fe,Fecal,Terry Armstrong,11/21/2024,Frozen,Cold,,,Mackenzie,,,8/2/2024,"62.48505, -116.63671","Gouvernement and Natural Ressources, GNWT",12/5/2024,,,,,,Subsampled (2024-11-28),,
494,WNP-494-Fe,,Rob Found,11/21/2024,Frozen,Warm,Unknown,,Waterton,,,9/5/2024,Summer paddock s. pond,,12/5/2024,,,,,,Subsampled (2024-11-27),,
495,WNP-495-Fe,,Rob Found,11/21/2024,Frozen,Warm,Unknown,,Waterton,,,9/6/2024,Summer paddock s. pond,,12/5/2024,,,,,,Subsampled (2024-11-28),,
496,WNP-496-Fe,,Rob Found,11/21/2024,Frozen,Warm,Unknown,,Waterton,,,9/7/2024,Summer paddock s. pond,,12/5/2024,,,,,,Subsampled (2024-11-27),,
497,WNP-497-Fe,,Rob Found,11/21/2024,Frozen,Warm,Unknown,,Waterton,,,9/8/2024,Summer paddock s. pond,,12/6/2024,,,,,,Subsampled (2024-11-27),,
500,WNP-500-Fe,,Rob Found,11/21/2024,Frozen,Warm,Unknown,,Waterton,,,9/5/2024,Summer paddock s. pond,,12/6/2024,,,,,,Subsampled (2024-11-27),,
504,EINP-504-fe,,Jonathan Demoor,11/21/2024,Frozen,Cold,Unknown,,Elk Island National Park Wood Bison,Elk Island National Park,Wood,10/9/2022,"53.57098, -112.826048",,12/6/2024,,,,,,Subsampled (2024-11-27),,
505,EINP-505-fe,,Jonathan Demoor,11/21/2024,Frozen,Cold,Unknown,,Elk Island National Park Wood Bison,Elk Island National Park,Wood,10/9/2022,"53.55849, -112.851947",,12/6/2024,,,,,,Subsampled (2024-11-27),,
506,EINP-506-fe,,Jonathan Demoor,11/21/2024,Frozen,Cold,Unknown,,Elk Island National Park Plains Bison,Elk Island National Park,Plain,10/7/2022,"53.61206, -112.8859",,12/6/2024,,,,,,Subsampled (2024-11-27),,
507,EINP-507-fe,,Jonathan Demoor,11/21/2024,Frozen,Warm,Unknown,,Elk Island National Park Wood Bison,Elk Island National Park,Wood,10/9/2022,"53.56825, -112.92831",,12/6/2024,,,,,,Subsampled (2024-11-27),,
508,EINP-508-fe,,Jonathan Demoor,11/21/2024,Frozen,Cold,Unknown,,Elk Island National Park Wood Bison,Elk Island National Park,Wood,10/21/2022,"53.56952, -112.85274",,12/6/2024,,,,,,Subsampled (2024-11-27),,
513,EINP-513-fe,,Jonathan Demoor,11/21/2024,Frozen,Cold,Unknown,,Elk Island National Park Wood Bison,Elk Island National Park,Wood,10/21/2022,"53.56555, -112.90581",,12/6/2024,,,,,,Subsampled (2024-11-28),,
514,EINP-514-fe,,Jonathan Demoor,11/21/2024,Frozen,Cold,Unknown,,Elk Island National Park Plains Bison,Elk Island National Park,Plain,10/25/2022,"53.58549, -112.88162",,12/6/2024,,,,,,Subsampled (2024-11-28),,
519,EINP-519-fe,,Jonathan Demoor,11/21/2024,Frozen,Cold,Male,Adult,Elk Island National Park Plains Bison,Elk Island National Park,Plain,10/9/2022,"53.64502, -112.90733",Shirley Lake Meadow,12/6/2024,,,,,,Subsampled (2024-11-27),,
520,EINP-520-fe,,Jonathan Demoor,11/21/2024,Frozen,Warm,"Female, saw her defecate",Adult,Elk Island National Park Plains Bison,Elk Island National Park,Plain,10/7/2022,"53.58008, -112.82818",South Hay Meadow,12/6/2024,,,,,,Subsampled (2024-11-27),,
2366,EINP-2366-fe,,Jonathan Demoor,11/21/2024,Frozen,Cold,,2-4 years,West Mud Lake,Elk Island National Park,,2/15/2022,"53.59441, -112.85049",,11/29/2024,,,,,,Subsampled (2024-11-27),,
2367,EINP-2367-fe,,Jonathan Demoor,11/21/2024,Frozen,Warm,,Adult,West Mud Lake,Elk Island National Park,,2/15/2022,"53.59436, -112.85058",,,,,,,,,,
2368,EINP-2368-fe,,Jonathan Demoor,11/21/2024,Frozen,Cold,,Unknown,West Mud Lake,Elk Island National Park,,2/15/2022,"53.59432, -112.85068",,11/29/2024,,,,,,Subsampled (2024-11-27),,
2369,EINP-2369-fe,,Jonathan Demoor,11/21/2024,Frozen,Warm,,Adult,West Mud Lake,Elk Island National Park,,2/15/2022,"53.59436, -112.85057",,11/29/2024,,,,,,Subsampled (2024-11-27),,
2370,EINP-2370-fe,,Jonathan Demoor,11/21/2024,Frozen,Warm,,Adult?,Elk Island National Park Wood Bison,Elk Island National Park,Wood,5/21/2022,"53.56947, -112.85297",,11/29/2024,,,,,,Subsampled (2024-11-27),,
2379,EINP-2379-fe,,Jonathan Demoor,11/21/2024,Frozen,Warm,,Adult?,Elk Island National Park Wood Bison,Elk Island National Park,Wood,5/21/2022,"53.55875, -112.85161",,11/29/2024,,,,,,Subsampled (2024-11-27),,
2371,EINP-2371-fe,,Jonathan Demoor,11/21/2024,Frozen,Warm,,Adult,Elk Island National Park Plains Bison,Elk Island National Park,Plain,8/2/2022,"53.58443, -112.82080",South hay Meadow,11/29/2024,,,,,,Subsampled (2024-11-27),,
2372,EINP-2372-fe,,Jonathan Demoor,11/21/2024,Frozen,,,Adult,Elk Island National Park Wood Bison,Elk Island National Park,Wood,5/21/2022,"53.57025, -112.82485",Goose Meadow,11/29/2024,,,,,,Subsampled (2024-11-27),,
2373,EINP-2373-fe,,Jonathan Demoor,11/21/2024,Frozen,Warm,,Adult,Elk Island National Park Plains Bison,Elk Island National Park,Plain,5/23/2022,"53.59084, -112.82489",North hay Meadow,11/29/2024,,,,,,Subsampled (2024-11-27),,
2374,EINP-2374-fe,,Jonathan Demoor,11/21/2024,Frozen,Warm,,Adult,Elk Island National Park Plains Bison,Elk Island National Park,Plain,8/12/2022,"53.586863, -112.887194",,11/29/2024,,,,,,Subsampled (2024-11-27),,
2375,EINP-2375-fe,,Jonathan Demoor,11/21/2024,Frozen,Warm,,Adult,Elk Island National Park Plains Bison,Elk Island National Park,Plain,7/30/2022,"53.60591, -112.80884",Soap holes,11/29/2024,,,,,,Subsampled (2024-11-27),,
2376,EINP-2376-fe,,Jonathan Demoor,11/21/2024,Frozen,Warm,,Adult,Elk Island National Park Wood Bison,Elk Island National Park,Wood,8/9/2022,"53.56113, -112.85003","Wood bison Facility, Pasture 9",11/29/2024,,,,,,Subsampled (2024-11-28),,
2377,EINP-2377-fe,,Jonathan Demoor,11/21/2024,Frozen,Warm,,2-4 years?,Elk Island National Park Wood Bison,Elk Island National Park,Wood,5/21/2022,"53.57086, -112.82441",,11/29/2024,,,,,,Subsampled (2024-11-27),,
2378,EINP-2378-fe,,Jonathan Demoor,11/21/2024,Frozen,Warm,,Adult,Elk Island National Park Wood Bison,Elk Island National Park,Wood,8/12/2022,"53.56626, -112.92216","South of Hway 16, east of Rge P 210",11/29/2024,,,,,,Subsampled (2024-11-27),,
2380,EINP-2380-fe,,Jonathan Demoor,11/21/2024,Frozen,Warm,,Adult,Elk Island National Park Wood Bison,Elk Island National Park,Wood,7/31/2022,"53.53692, -112.88556",Bailey Lakes Drainage,11/29/2024,,,,,,Subsampled (2024-11-27),,
2381,EINP-2381-fe,,Jonathan Demoor,11/21/2024,Frozen,Warm,,Adult?,Elk Island National Park Wood Bison,Elk Island National Park,Wood,5/21/2022,"53.56011, -112.85632",,11/29/2024,,,,,,Subsampled (2024-11-27),,
2382,EINP-2382-fe,,Jonathan Demoor,11/21/2024,Frozen,Warm,,Adult,"West Mud Lake,",Elk Island National Park,mix herd,2/15/2022,"53.59442, -112.85058",,11/29/2024,,,,,,Subsampled (2024-11-27),,
2383,EINP-2383-fe,,Jonathan Demoor,11/21/2024,Frozen,Warm,,Adult?,Elk Island National Park Plains Bison,Elk Island National Park,Plain,5/23/2022,"53.68406, -112.87068",,11/29/2024,,,,,,Subsampled (2024-11-27),,
2384,EINP-2384-fe,,Jonathan Demoor,11/21/2024,Frozen,Warm,,Adult,Elk Island National Park Plains Bison,Elk Island National Park,Plain,8/9/2022,"53.64585, -112.90201",Shirley Lake Meadow,11/29/2024,,,,,,Subsampled (2024-11-27),,
2385,EINP-2385-fe,,Jonathan Demoor,11/21/2024,Frozen,Warm,,Adult,Elk Island National Park Wood Bison,Elk Island National Park,Wood,7/30/2022,"53.57270, -112.82918","Goose Meadow, near Hway 16",11/29/2024,,,,,,Subsampled (2024-11-27),,
2386,EINP-2386-fe,,Jonathan Demoor,11/21/2024,Frozen,Warm,,Adult,Elk Island National Park Plains Bison,Elk Island National Park,Plain,7/31/2022,"53.59468, -112.84204",Mud Lake Area,11/29/2024,,,,,,Subsampled (2024-11-27),,
2387,EINP-2387-fe,,Jonathan Demoor,11/21/2024,Frozen,Warm,,Adult,Elk Island National Park Wood Bison,Elk Island National Park,Wood,8/9/2022,"53.56974, -112.85293","Wood Bison Facility, Acces Road",11/29/2024,,,,,,Subsampled (2024-11-27),,
2388,EINP-2388-fe,,Jonathan Demoor,11/21/2024,Frozen,Warm,,Adult,"8 adults bulls, Tawayik Narrows",Elk Island National Park,Plain,6/1/2022,"53.588394, -112.881783",Tawayik narrows,11/29/2024,,,,,,Subsampled (2024-11-27),,
2389,EINP-2389-fe,,Jonathan Demoor,11/21/2024,Frozen,Warm,,Adult,Elk Island National Park Plains Bison,Elk Island National Park,Plain,5/23/2022,"53.58094, -112.81308",South hay Meadow,11/29/2024,,,,,,Subsampled (2024-11-27),,
2390,EINP-2390-fe,,Jonathan Demoor,11/21/2024,Frozen,Cold,,Adult,Elk Island National Park Plains Bison,Elk Island National Park,Plain,10/7/2022,"53.59411, -112.83167",North hay Meadow,12/3/2024,,,,,,Subsampled (2024-11-27),,
1265,BNP-1265-fe,,Dillon Watt/Rob Belanger,12/18/2024,Thawed,Warm,Unknown,Unknown,Banff National Park,Banff National Park,Plain,6/21/2024,"51.66443, -115.83583",,,,,,,,,,
1266,BNP-1266-fe,,Dillon Watt/Rob Belanger,12/18/2024,Thawed,Warm,Unknown,Young adult,Banff National Park,Banff National Park,Plain,11/19/2024,"591912, 5715414 UTM 11N",,,,,,,,,,
1267,BNP-1267-fe,,Dillon Watt/Rob Belanger,12/18/2024,Thawed,Warm,Male,Adult,Banff National Park,Banff National Park,Plain,11/19/2024,"591889, 5715446 UTM 11N",,,,,,,,,,
1268,BNP-1268-fe,,Dillon Watt/Rob Belanger,12/18/2024,Thawed,Warm,Unknown,Adult,Banff National Park,Banff National Park,Plain,11/19/2024,"591889, 5715445 UTM 11N",,,,,,,,,,
1276,BNP-1276-fe,,Dillon Watt/Rob Belanger,12/18/2024,Thawed,Warm,Unknown,Young adult,Banff National Park,Banff National Park,Plain,8/9/2024,"589283, 5728349 UTM 11N",,,,,,,,,,
,,,,,,,,,,,,,,,,,,,,,,,
,,,,,,,,,,,,,,,,,,,,,,,
,,,,,,,,,,,,,,,,,,,,,,,
,,,,,,,,,,,,,,,,,,,,,,,
,,,,,,,,,,,,,,,,,,,,,,,
,,,,,,,,,,,,,,,,,,,,,,,
,,,,,,,,,,,,,,,,,,,,,,,
,,,,,,,,,,,,,,,,,,,,,,,
,,,,,,,,,,,,,,,,,,,,,,,
,,,,,,,,,,,,,,,,,,,,,,,
,,,,,,,,,,,,,,,,,,,,,,,
,,,,,,,,,,,,,,,,,,,,,,,
,,,,,,,,,,,,,,,,,,,,,,,
,,,,,,,,,,,,,,,,,,,,,,,
,,,,,,,,,,,,,,,,,,,,,,,
,,,,,,,,,,,,,,,,,,,,,,,
,,,,,,,,,,,,,,,,,,,,,,,
,,,,,,,,,,,,,,,,,,,,,,,
,,,,,,,,,,,,,,,,,,,,,,,
,,,,,,,,,,,,,,,,,,,,,,,
,,,,,,,,,,,,,,,,,,,,,,,
,,,,,,,,,,,,,,,,,,,,,,,
,,,,,,,,,,,,,,,,,,,,,,,
,,,,,,,,,,,,,,,,,,,,,,,
,,,,,,,,,,,,,,,,,,,,,,,
,,,,,,,,,,,,,,,,,,,,,,,
,,,,,,,,,,,,,,,,,,,,,,,
,,,,,,,,,,,,,,,,,,,,,,,
,,,,,,,,,,,,,,,,,,,,,,,
,,,,,,,,,,,,,,,,,,,,,,,
,,,,,,,,,,,,,,,,,,,,,,,
,,,,,,,,,,,,,,,,,,,,,,,
,,,,,,,,,,,,,,,,,,,,,,,
,,,,,,,,,,,,,,,,,,,,,,,
,,,,,,,,,,,,,,,,,,,,,,,
,,,,,,,,,,,,,,,,,,,,,,,
,,,,,,,,,,,,,,,,,,,,,,,
,,,,,,,,,,,,,,,,,,,,,,,
,,,,,,,,,,,,,,,,,,,,,,,
,,,,,,,,,,,,,,,,,,,,,,,
,,,,,,,,,,,,,,,,,,,,,,,
,,,,,,,,,,,,,,,,,,,,,,,
,,,,,,,,,,,,,,,,,,,,,,,
,,,,,,,,,,,,,,,,,,,,,,,
,Sent to Genome Qc Jan 2023,,,,,,,,,,,,,,,,,,,,,,
,Sent to Genome Qc (June 2024),,,,,,,,,,,,,,,,,,,,,,
,To be sent to Genome Qc (Dec 2024),,,,,,,,,,,,,,,,,,,,,,
