"IND" "POP" "BMS1117" "TGLA53" "BMC4214" "BM1225" "BM47" "BMS1315" "IL4" "BM2113" "BMS1716" "BM1706" "BMS1675" "BMS1857" "BMS1001" "BMS601" "BM720" "ILSTS102" "BMS1074" "BMS1172" "BMS2258" "BM757" "SPS115" "BMS527" "BM2830" "INRA194" "BMS941" "INRA037" "BM4107" "TGLA122" "HUJ246" "BMS528" "BM4440" "TGLA44" "BMS510" "BMS1355" "BM1824" "BMS812" "BMS2639" "BMS410" "AGLA232" "BM17132" "BM711" "INRA133" "RM372" "BM4311" "BMS1747" "BL1036" "BM1862" "BMS1862" "URB011"
34 1 89 136 187 241 103 141 93 129 191 238 87 147 108 172 225 143 158 90 142 190 252 167 152 154 81 126 183 142 260 150 125 155 92 146 180 110 172 85 161 89 167 228 130 98 101 181 205 144 151
34 1 89 138 187 269 103 141 103 149 195 238 87 158 115 174 229 143 158 90 146 190 252 177 152 158 83 132 183 148 262 150 129 155 92 150 184 112 172 89 169 91 167 238 130 104 101 181 205 166 153
38 1 89 138 187 253 103 145 103 129 195 238 87 160 108 174 227 143 158 90 127 190 244 165 152 154 83 132 183 142 260 146 129 155 92 150 180 108 172 85 161 85 167 228 130 98 101 181 205 144 153
38 1 93 140 187 253 103 147 103 143 195 252 87 162 113 176 231 143 158 90 146 194 252 167 152 154 83 132 183 142 262 150 129 155 95 150 196 110 176 89 169 89 167 238 130 102 103 181 207 166 153
41 1 89 136 179 253 103 145 97 129 191 238 87 147 115 172 229 143 156 90 146 190 252 173 152 154 81 124 183 142 260 140 125 155 92 150 184 110 166 85 159 91 161 228 130 98 101 181 205 168 149
41 1 93 138 187 269 103 147 103 149 191 238 87 158 115 174 229 143 158 102 146 190 252 173 152 154 83 132 183 142 262 150 129 155 92 150 196 112 166 89 161 91 167 238 130 102 101 181 205 168 153
44 1 89 136 179 253 103 141 91 129 191 232 87 158 115 174 229 143 158 102 142 190 252 173 152 154 83 132 183 138 260 150 129 155 91 150 196 110 166 89 159 83 167 228 130 98 95 181 205 142 145
44 1 89 138 187 269 103 145 103 129 191 238 89 160 115 176 229 143 160 102 142 190 252 173 154 154 83 132 183 142 262 150 129 155 92 150 196 112 172 89 161 89 167 238 130 102 99 181 211 168 153
45 1 89 136 179 253 103 135 93 129 189 232 87 147 115 174 227 143 156 90 142 190 252 173 146 144 83 126 183 138 260 150 125 153 91 150 180 110 170 89 169 89 161 228 130 102 101 181 205 142 149
45 1 91 138 187 253 103 141 103 149 191 238 89 158 115 174 227 143 158 90 146 194 252 173 152 154 83 132 183 148 260 150 129 155 92 150 196 112 172 89 169 91 167 228 130 102 101 181 205 168 153
47 1 89 138 181 269 103 135 93 129 191 232 87 158 115 172 225 143 156 90 138 194 252 165 152 154 83 126 175 142 262 146 125 155 91 150 180 110 166 89 169 85 167 228 130 104 99 181 205 142 145
47 1 91 138 187 269 103 147 103 129 195 232 89 160 115 176 225 143 158 102 142 194 252 175 152 154 83 132 183 142 262 150 129 155 95 150 196 112 174 89 173 87 167 238 130 106 101 181 205 144 153
50 1 93 136 179 253 103 135 93 129 191 238 87 158 108 174 225 143 156 90 142 190 252 165 146 154 83 124 175 142 260 146 125 155 91 150 180 110 172 85 161 87 167 228 130 92 95 181 205 168 149
50 1 93 140 181 253 103 147 103 143 191 252 89 158 115 176 227 145 158 90 146 194 252 177 152 154 83 132 183 148 262 150 125 155 92 150 180 112 172 89 161 91 167 228 134 104 101 181 205 168 151
384 1 91 134 181 253 103 141 93 141 191 238 87 158 113 172 225 143 158 90 127 190 252 173 152 160 77 124 183 142 262 140 125 155 91 150 180 112 166 85 161 89 167 228 130 102 101 181 205 142 149
384 1 91 136 187 269 103 141 93 149 191 238 87 162 113 174 229 143 160 90 127 194 252 175 152 160 83 132 183 142 262 146 129 155 92 150 184 112 166 89 165 89 167 238 130 104 101 181 205 142 153
385 1 89 134 187 253 103 141 103 129 191 238 87 158 108 174 227 143 -9 90 127 190 252 167 152 154 83 132 183 142 260 146 129 155 92 150 180 110 166 85 161 87 161 228 130 102 101 181 205 144 153
385 1 91 140 187 269 103 147 103 143 195 252 89 162 115 176 231 145 -9 90 142 190 252 173 152 154 83 132 183 142 260 150 129 155 92 150 198 110 172 89 173 91 167 238 134 102 103 181 211 166 153
386 1 89 136 181 253 103 135 103 129 189 238 89 147 115 174 227 143 154 90 142 190 252 173 152 154 81 132 183 142 262 150 125 155 91 148 196 110 166 89 161 89 167 228 130 98 95 181 205 142 149
386 1 89 136 187 253 103 141 103 141 191 252 89 158 115 174 229 143 156 90 146 194 252 177 152 154 83 132 183 142 262 150 129 155 95 150 196 112 172 89 173 89 167 238 130 102 101 191 205 168 153
387 1 89 134 187 269 103 141 103 129 191 232 87 158 115 174 225 143 156 90 138 190 252 167 152 154 83 124 183 142 260 146 129 155 92 150 180 110 166 89 169 87 161 228 130 102 95 181 205 142 149
387 1 89 136 187 269 103 141 103 129 191 238 89 162 115 174 227 143 156 102 142 190 252 177 152 154 83 132 183 148 260 150 129 155 92 150 198 110 166 89 173 91 167 228 130 104 101 181 205 166 153
388 1 89 136 181 253 103 135 93 129 191 238 87 160 115 174 225 143 158 90 142 190 252 167 152 154 77 124 175 138 260 146 129 155 91 150 184 110 172 83 161 87 167 228 130 102 101 181 205 142 145
388 1 89 138 187 253 103 141 103 149 191 238 89 162 115 174 229 143 160 102 142 194 252 173 152 160 83 132 183 138 260 150 129 155 92 150 184 110 172 89 169 91 167 228 130 102 101 181 205 166 145
389 1 89 136 187 253 103 145 103 129 191 238 87 162 108 172 225 143 158 90 142 190 252 173 152 154 77 124 175 138 260 150 129 155 92 150 180 110 166 83 169 87 167 228 130 102 101 181 205 144 149
389 1 91 138 187 269 103 145 103 129 195 238 87 162 115 174 227 143 160 90 146 194 252 173 152 160 83 132 183 138 260 150 129 155 95 150 196 110 166 89 173 91 167 238 130 102 103 181 205 168 153
390 1 89 138 187 241 103 135 93 129 189 238 87 158 108 174 225 143 158 90 138 194 -9 167 152 154 83 132 175 142 -9 146 125 155 91 150 180 108 176 89 161 89 167 228 114 98 101 181 205 166 145
390 1 89 138 187 253 103 145 103 129 195 254 87 160 115 176 227 143 158 90 146 194 -9 177 152 160 83 132 183 142 -9 150 129 155 92 150 196 112 176 89 169 91 167 238 130 104 103 181 211 166 153
391 1 89 134 179 253 103 141 93 129 191 232 87 158 115 172 225 143 158 90 127 188 252 167 152 144 81 124 183 138 260 146 123 155 91 146 184 110 166 85 161 85 167 228 114 98 101 181 205 142 153
391 1 91 136 187 269 103 141 103 129 195 238 89 160 115 176 229 143 160 90 142 190 252 167 152 144 83 132 183 142 260 150 125 155 92 150 196 110 172 89 169 89 167 228 130 104 103 181 211 168 153
392 1 91 138 187 269 103 141 93 129 189 238 87 158 115 172 229 143 158 90 140 194 252 167 152 154 83 124 183 142 260 146 129 155 92 148 180 110 166 89 161 87 167 228 130 102 101 181 205 142 145
392 1 93 138 187 269 103 141 103 149 191 238 89 158 115 172 233 143 158 102 146 194 252 173 152 154 83 124 183 142 262 150 129 155 92 150 184 112 176 95 161 89 167 238 130 104 101 181 205 144 153
393 1 89 138 181 253 103 141 -9 129 191 238 89 158 113 172 225 143 156 90 142 190 252 175 152 154 77 124 175 138 260 146 129 155 92 150 180 110 166 85 161 89 167 228 130 102 101 181 201 166 149
393 1 89 138 187 269 103 147 -9 129 195 238 89 162 115 176 227 143 160 90 142 194 252 177 152 154 83 132 183 142 260 146 129 155 95 150 194 110 172 89 173 89 167 228 130 104 103 181 205 166 153
394 1 89 136 187 269 103 141 93 141 189 238 87 158 115 174 225 143 156 90 146 190 252 173 152 154 81 124 183 138 260 140 125 155 92 150 184 110 166 85 161 89 167 228 130 92 101 181 205 168 145
394 1 93 136 187 269 103 145 103 149 191 238 89 162 115 176 229 143 160 102 146 194 252 173 152 154 83 132 183 142 262 150 129 155 92 150 196 110 172 89 161 89 167 228 130 96 103 181 211 168 153
395 1 89 136 181 253 103 141 91 129 189 238 87 160 115 174 229 143 154 90 127 190 252 167 152 154 81 126 183 138 260 146 125 155 91 148 184 110 172 83 161 87 167 228 114 102 95 181 205 142 149
395 1 91 136 187 269 103 147 97 129 195 238 89 160 115 174 233 143 158 90 142 194 252 173 152 154 83 132 183 142 260 150 129 155 92 150 196 110 172 89 161 91 167 228 134 102 99 181 211 168 153
396 1 89 134 179 241 103 135 103 129 191 238 89 160 115 172 225 143 156 90 142 190 244 167 152 154 83 124 183 138 260 140 125 155 92 150 194 90 172 85 161 89 161 228 130 98 101 181 205 142 149
396 1 91 136 187 253 103 141 103 129 191 238 89 160 115 176 229 143 160 102 146 190 252 173 152 160 83 124 183 142 260 150 129 155 95 150 194 90 172 89 161 89 167 228 130 102 103 181 207 168 149
328 10 89 136 179 241 103 141 93 129 191 238 87 160 113 172 227 143 156 90 127 188 246 173 152 144 83 124 183 138 262 146 125 155 91 146 180 106 170 85 161 85 161 228 128 98 95 181 205 142 145
328 10 89 138 181 269 103 145 97 129 191 252 91 162 115 174 231 145 158 90 127 190 252 177 166 160 83 124 183 148 262 146 129 159 91 154 196 112 172 89 165 89 167 238 130 104 101 181 211 144 151
333 10 89 138 175 247 103 141 83 129 189 232 87 158 115 172 229 143 158 90 127 194 252 173 152 144 83 124 165 142 260 150 129 155 92 146 192 108 166 83 165 89 167 228 128 102 101 177 205 166 149
333 10 91 142 187 269 103 145 93 149 195 232 87 160 115 174 229 143 158 90 140 200 252 175 152 154 83 124 175 142 260 150 129 157 92 150 192 112 174 89 173 89 167 238 132 104 103 181 207 166 153
918 10 89 138 179 253 103 145 89 129 191 232 87 160 113 172 229 143 156 90 127 194 252 173 152 144 81 124 165 142 262 140 129 155 91 150 180 106 170 85 165 85 167 228 118 104 95 181 205 142 149
918 10 91 138 187 253 103 145 97 129 195 238 89 162 115 176 233 143 158 90 127 194 254 173 156 154 83 132 183 142 262 146 129 157 92 150 184 106 172 95 173 91 167 238 128 104 103 191 205 166 153
919 10 89 134 179 253 103 141 93 129 189 238 87 162 115 172 227 143 156 90 127 194 252 175 152 154 81 122 175 142 260 146 123 155 91 146 180 106 166 83 169 85 161 228 128 102 103 181 205 166 149
919 10 91 134 181 253 103 145 93 143 191 238 89 162 115 174 233 145 158 102 150 200 252 177 152 154 83 132 183 142 260 150 129 155 92 150 184 110 174 95 173 89 165 238 130 102 103 181 205 166 151
920 10 89 134 181 253 103 135 93 129 191 232 87 150 113 172 227 143 156 90 138 188 250 173 146 154 81 124 165 142 260 140 129 155 91 146 184 112 170 85 165 85 167 228 128 92 101 181 205 142 149
920 10 89 138 181 269 103 145 97 129 195 238 89 160 115 172 229 145 160 102 140 194 252 173 152 160 83 124 183 150 260 150 129 159 91 150 196 112 172 89 175 89 167 228 132 102 103 181 205 142 153
921 10 91 136 181 247 103 141 97 143 189 238 87 162 113 174 229 143 158 88 140 190 252 173 152 154 81 124 175 142 260 148 129 157 91 150 184 112 172 89 161 85 167 228 114 98 101 181 205 142 151
921 10 91 140 187 271 103 145 103 143 195 238 87 162 115 176 229 143 160 90 146 194 254 177 166 158 81 124 175 150 262 150 129 159 95 150 192 112 176 89 173 89 167 228 130 104 101 191 211 168 153
922 10 89 136 181 241 103 135 93 129 189 238 87 160 115 172 227 143 158 90 146 188 252 173 152 154 81 124 179 142 260 140 123 159 92 146 184 106 166 89 161 89 167 228 130 102 95 177 205 142 151
922 10 89 140 187 253 103 145 103 129 191 238 89 161 115 174 229 147 158 102 150 190 252 177 152 154 83 132 183 142 262 150 125 159 92 150 190 112 172 89 173 89 167 238 134 104 103 181 207 142 153
926 10 89 138 175 241 103 145 89 129 189 238 87 158 115 174 227 143 156 90 148 188 252 173 146 154 83 124 175 142 260 140 129 157 91 146 184 106 172 89 161 81 167 228 128 92 101 181 205 142 153
926 10 99 138 181 253 103 145 103 129 195 238 87 162 115 182 227 145 160 90 150 194 252 177 146 160 83 124 183 150 264 146 129 159 91 150 184 112 172 89 175 89 167 238 132 104 103 181 205 166 153
927 10 89 138 175 253 103 135 93 129 189 238 87 147 108 172 225 143 158 90 127 194 252 173 146 144 77 122 165 142 260 140 123 153 91 150 184 106 172 89 161 89 167 236 130 104 95 181 205 142 149
927 10 89 142 179 253 103 141 103 129 189 252 87 160 115 178 227 143 158 102 148 200 252 173 152 154 81 122 175 150 260 150 129 159 92 150 192 112 172 89 161 89 167 238 130 104 103 181 205 142 153
928 10 89 134 175 253 103 141 89 129 189 238 87 161 108 172 225 143 158 102 142 188 252 167 152 144 81 122 175 142 260 150 129 155 91 150 180 110 170 85 165 89 165 228 128 104 95 181 205 144 149
928 10 91 138 187 269 103 145 93 141 191 238 87 162 115 172 227 143 160 102 146 194 254 173 152 154 81 132 183 150 260 150 131 159 92 150 196 112 174 89 173 89 167 228 134 104 101 191 207 166 149
929 10 91 134 175 253 103 135 93 129 191 232 87 161 113 174 227 143 158 90 127 194 252 167 146 154 81 124 179 142 262 140 123 155 91 146 180 106 166 89 161 81 161 228 130 104 101 181 205 142 153
929 10 99 138 181 253 103 141 103 129 191 238 87 162 115 174 227 143 158 90 142 200 252 177 146 154 81 132 183 142 262 150 129 155 95 150 184 112 170 89 161 89 167 228 134 104 101 191 215 158 153
930 10 91 136 181 253 103 135 83 129 189 238 87 158 113 172 229 143 158 90 127 190 246 173 146 154 81 124 165 142 262 146 125 155 91 146 180 112 172 89 161 89 167 228 128 102 95 181 201 142 145
930 10 91 142 187 253 103 145 89 143 191 238 87 160 115 182 229 143 160 90 140 194 252 173 152 154 83 124 183 150 262 146 129 157 92 152 180 112 178 89 165 91 167 238 134 104 103 181 211 166 149
932 10 89 134 179 253 103 141 89 129 189 238 87 149 113 172 229 143 158 88 140 190 246 165 152 160 83 124 165 142 260 146 129 155 92 148 192 112 166 89 161 81 161 224 130 102 99 181 205 142 149
932 10 89 134 185 253 103 141 93 143 191 238 87 162 115 172 229 143 160 90 146 200 250 177 152 160 83 124 183 150 260 152 129 157 95 148 192 112 174 89 173 89 167 228 134 104 99 181 205 142 151
933 10 89 134 181 253 103 141 103 131 191 238 87 160 113 172 225 143 156 90 140 194 250 163 146 154 83 132 175 142 260 140 129 155 91 146 184 106 166 89 161 85 167 228 128 102 101 181 205 142 153
933 10 89 134 191 253 103 145 103 149 191 238 87 160 113 172 229 145 158 90 150 194 252 173 146 160 85 132 183 150 260 150 129 155 92 150 184 112 170 89 173 89 167 238 132 104 103 181 211 166 153
949 10 89 134 179 253 103 141 89 129 189 238 87 149 115 172 229 143 158 88 140 190 246 165 146 154 83 124 165 142 260 146 127 155 95 148 180 90 172 85 161 81 167 224 128 102 99 181 205 142 149
949 10 89 134 181 269 103 141 97 149 191 238 87 160 115 172 229 143 160 102 140 200 252 177 152 160 83 124 183 150 262 148 129 157 95 150 192 112 174 89 173 89 167 228 130 104 99 191 211 142 151
950 10 89 138 175 247 103 141 103 129 191 238 87 158 108 172 225 143 156 90 127 190 252 173 162 144 77 124 175 142 256 140 129 155 91 146 184 106 172 89 161 81 167 228 130 104 99 181 205 142 149
950 10 91 142 187 253 103 145 103 129 195 238 87 162 113 182 229 143 160 90 140 194 252 177 166 154 81 132 175 148 260 140 129 157 95 150 192 112 178 89 161 89 167 240 130 104 103 181 207 142 153
964 10 89 134 181 241 103 141 -9 129 189 238 87 160 113 172 227 143 158 90 127 194 252 167 146 144 81 124 165 142 262 140 123 153 -9 146 180 110 166 83 161 81 167 228 128 104 101 181 201 142 153
964 10 91 138 187 253 103 141 -9 129 189 238 87 162 113 174 227 145 158 90 140 200 252 173 152 154 81 132 179 142 262 146 127 155 -9 146 184 112 172 89 165 89 167 228 130 104 103 181 215 158 153
986 10 89 134 175 253 103 141 97 129 191 238 87 149 113 174 229 143 158 90 127 190 250 173 146 154 83 124 165 142 256 146 123 155 91 150 180 110 166 89 165 85 161 238 130 102 95 181 205 142 149
986 10 91 138 179 253 104 141 103 129 191 238 87 158 115 182 229 143 160 102 150 194 252 177 146 154 85 124 175 142 262 150 127 155 92 150 184 112 170 89 169 89 167 240 132 104 103 181 211 166 149
987 10 89 134 179 253 103 135 93 129 189 238 87 160 113 176 229 143 158 90 127 188 252 167 146 144 77 124 165 142 262 146 123 155 91 146 196 108 170 89 161 81 165 228 130 92 101 181 207 142 153
987 10 91 136 181 269 103 145 103 143 191 238 89 161 115 176 229 143 158 102 146 194 252 173 152 154 81 132 165 150 262 150 125 157 91 150 198 110 174 89 173 89 167 236 132 102 103 181 215 166 153
1001 10 89 134 179 241 103 141 93 129 191 238 87 158 113 172 227 143 158 90 127 190 -9 173 -9 144 81 124 165 142 262 150 123 155 91 150 180 106 172 81 161 81 161 228 128 98 95 181 205 142 153
1001 10 89 138 181 253 103 145 93 129 195 238 87 160 115 174 229 143 158 90 150 194 -9 173 -9 154 81 132 183 142 262 150 129 159 92 150 180 110 174 89 175 89 167 228 130 104 99 193 207 162 153
1002 10 89 134 181 253 103 145 91 129 191 238 87 160 113 172 227 143 158 90 127 190 252 167 -9 144 77 122 183 142 256 146 123 155 91 146 180 106 172 89 165 85 161 240 118 96 103 181 -9 166 151
1002 10 91 138 187 253 103 145 93 143 195 238 87 162 115 174 229 143 158 90 140 194 254 173 -9 144 83 132 183 142 260 150 129 155 91 146 184 106 172 95 169 89 165 240 132 98 103 193 -9 166 153
1003 10 89 138 179 253 103 141 97 143 189 232 87 162 113 172 225 143 158 90 146 188 252 177 146 154 81 124 175 142 260 150 123 155 91 146 180 106 166 83 159 89 167 228 128 102 95 181 -9 142 149
1003 10 99 138 181 253 103 141 103 149 195 252 87 162 115 174 233 145 158 100 150 194 254 177 146 154 81 124 183 142 262 152 129 155 91 150 184 112 172 89 165 91 167 238 130 104 95 191 -9 144 149
1004 10 89 138 179 253 103 135 85 129 189 238 87 158 113 172 229 143 156 90 127 194 250 173 152 144 83 124 175 142 260 146 129 153 91 146 184 106 172 89 173 85 167 228 132 102 95 181 205 142 149
1004 10 91 138 185 269 103 145 97 143 191 252 87 161 115 180 229 147 158 102 140 194 252 175 152 154 85 124 183 148 260 150 129 159 92 150 184 112 186 89 173 89 167 228 132 104 103 181 205 142 153
1005 10 89 134 181 253 103 135 93 129 191 238 87 160 113 172 227 143 158 90 138 188 252 173 152 154 77 132 165 142 260 150 123 155 91 146 184 106 170 89 161 89 167 228 118 102 101 181 205 142 145
1005 10 93 138 185 269 103 145 103 129 195 238 87 162 115 176 229 143 158 90 138 194 252 177 152 154 83 132 175 150 262 150 125 159 95 146 196 112 172 95 169 89 167 238 130 104 103 191 205 166 153
1010 10 89 142 175 253 103 145 103 129 191 238 87 160 113 174 227 143 158 90 127 190 246 167 146 144 83 122 165 142 260 150 129 155 91 146 180 106 166 89 169 89 167 236 128 104 95 181 207 142 149
1010 10 89 142 181 253 103 145 103 129 195 238 87 162 115 174 227 143 158 90 148 194 254 177 152 154 85 124 175 142 262 150 129 155 92 150 196 112 172 89 175 89 167 238 132 104 95 181 215 166 151
341 11 89 134 181 241 103 135 93 129 189 248 87 154 113 174 227 143 154 88 142 188 252 159 152 154 81 124 165 142 256 140 127 157 92 146 180 108 172 85 155 81 167 228 130 96 101 181 205 142 145
341 11 89 136 187 271 103 141 97 143 191 252 91 160 115 176 231 143 160 90 148 194 252 167 152 156 81 132 179 142 256 150 129 159 92 148 192 112 178 89 173 91 167 240 130 98 103 191 207 168 149
343 11 89 134 181 253 103 141 93 129 189 238 87 158 108 172 225 143 158 90 127 194 244 163 142 154 83 124 165 142 260 150 123 155 92 146 180 106 168 83 165 87 167 238 128 98 95 181 205 142 145
343 11 89 136 187 269 104 141 103 129 191 252 87 160 109 176 229 143 158 90 127 200 252 177 152 156 83 132 179 142 262 150 125 157 92 150 184 108 172 89 173 91 167 240 130 104 103 191 205 168 149
914 11 89 134 181 253 103 145 93 129 189 232 87 158 108 174 229 143 158 90 127 190 252 167 146 154 81 132 165 142 260 150 129 155 91 146 184 106 170 85 161 89 161 228 128 102 103 181 205 142 149
914 11 91 138 181 253 103 145 97 129 191 238 89 160 115 174 229 143 158 90 150 194 252 167 152 154 83 132 165 142 262 152 129 157 91 150 192 112 172 89 173 89 167 238 130 104 103 181 205 166 149
916 11 89 136 179 241 103 141 91 143 191 238 89 161 113 174 225 143 158 90 140 194 252 175 146 154 83 124 175 142 260 146 125 155 91 150 184 112 170 89 161 89 167 228 130 96 101 179 205 158 151
916 11 89 136 181 241 103 145 97 149 195 252 89 162 115 174 231 145 158 102 142 194 252 175 152 154 85 124 181 142 262 150 129 155 92 150 192 112 170 95 165 91 167 238 132 102 101 181 211 164 153
924 11 89 138 179 247 103 135 83 129 189 238 91 158 115 172 227 143 156 90 140 194 252 173 146 154 83 124 165 142 260 150 129 155 91 146 192 106 170 89 165 85 161 238 118 104 101 181 215 142 149
924 11 89 138 187 253 103 145 103 129 191 252 91 162 115 174 229 143 158 90 146 200 252 173 150 154 85 132 175 148 262 150 129 159 92 146 198 106 172 89 173 89 167 240 130 104 101 181 215 158 153
938 11 89 134 181 253 103 141 89 129 189 238 87 149 115 172 227 143 158 88 140 190 252 165 146 154 81 124 183 142 262 140 123 155 91 146 184 90 170 85 161 89 161 228 128 104 99 181 211 142 151
938 11 91 138 181 253 103 141 93 149 191 238 87 162 115 174 229 143 160 90 142 200 252 177 152 154 83 132 183 142 262 148 127 157 95 148 192 112 172 89 173 89 167 228 130 104 101 191 215 158 153
939 11 89 134 179 241 103 141 93 129 189 238 87 160 113 172 229 143 156 102 146 194 252 173 146 154 77 124 175 142 260 150 129 157 91 150 192 106 172 89 161 85 167 228 118 102 95 181 201 142 149
939 11 91 138 187 253 103 141 103 129 189 238 87 162 115 182 229 143 160 102 148 200 252 177 152 160 83 124 183 150 262 150 129 159 92 150 192 110 174 89 173 89 167 240 130 104 101 191 205 158 153
940 11 91 138 179 253 103 135 91 129 189 238 87 158 108 172 229 143 158 90 127 194 246 173 146 144 81 124 183 142 260 150 127 155 91 150 180 112 172 81 161 89 161 228 130 98 103 181 205 142 149
940 11 91 138 181 253 105 141 103 143 189 238 87 162 113 172 229 147 158 90 140 200 252 177 152 154 81 132 183 150 262 152 129 159 92 150 184 112 174 83 165 89 161 238 132 102 103 191 211 142 149
941 11 91 134 179 241 103 135 89 129 189 238 87 160 113 172 225 143 158 90 148 194 252 177 152 154 81 122 165 142 260 140 127 153 92 150 180 106 172 89 161 85 167 228 130 104 101 181 205 142 -9
941 11 91 138 187 269 103 141 93 129 189 238 87 160 113 174 229 143 160 102 148 200 252 177 152 160 83 124 175 150 262 150 129 159 92 150 192 112 172 89 173 87 167 236 130 104 103 191 211 158 -9
942 11 89 132 179 253 103 135 83 143 189 232 87 143 113 172 231 143 158 90 127 188 250 175 146 154 81 124 175 142 260 146 123 155 91 146 180 106 172 89 159 81 161 228 128 102 95 181 205 142 145
942 11 91 138 179 253 104 141 97 149 191 238 87 162 113 174 233 143 158 102 150 200 252 177 150 156 83 132 175 150 262 150 129 155 92 150 192 106 176 89 167 89 167 238 130 102 95 181 211 166 149
943 11 89 132 179 241 103 135 103 129 189 238 87 158 108 172 227 143 154 90 127 188 252 173 150 154 83 124 165 142 260 146 123 155 91 150 180 108 172 89 165 81 167 228 130 92 103 181 205 142 149
943 11 93 140 181 253 103 145 103 133 195 238 89 158 113 174 227 143 158 102 142 190 252 173 162 154 83 136 183 148 260 150 129 155 92 150 184 112 176 89 165 91 167 228 134 102 103 181 207 142 151
944 11 89 136 175 241 103 141 93 129 189 232 87 160 115 174 225 143 158 90 127 188 252 173 146 154 77 124 179 142 260 150 125 155 91 150 180 106 170 81 161 85 167 228 128 102 95 181 207 142 145
944 11 91 138 179 253 103 145 93 129 189 238 89 162 115 182 227 143 158 90 146 200 254 173 152 154 81 124 183 148 262 150 129 159 92 150 190 110 174 81 169 89 167 238 128 104 99 181 211 144 149
945 11 89 134 179 241 103 145 91 129 189 238 87 149 113 172 229 143 156 90 127 190 246 173 152 144 81 124 165 142 260 150 129 155 91 146 180 112 172 89 165 89 161 238 130 98 99 181 205 142 149
945 11 91 138 181 253 103 145 103 143 189 238 87 162 115 178 229 143 158 90 148 194 252 177 152 154 83 132 165 142 260 150 129 159 91 146 184 112 174 89 165 89 167 238 132 104 101 193 207 142 153
946 11 89 138 179 241 103 145 93 129 191 238 87 160 108 172 229 143 158 102 140 190 246 167 152 154 81 120 179 142 256 146 125 155 91 146 180 108 168 85 165 85 161 228 130 104 95 181 205 142 147
946 11 91 138 187 253 103 145 103 143 191 252 89 162 115 174 229 143 158 102 146 194 252 173 152 154 81 122 179 150 262 150 129 155 95 146 180 110 174 89 165 91 167 238 132 104 99 181 215 162 151
947 11 89 134 185 253 103 145 97 129 189 232 87 160 108 172 229 133 156 88 140 188 252 167 146 154 81 132 165 142 260 146 125 153 92 146 180 106 170 81 165 89 161 238 128 102 101 181 205 142 151
947 11 91 138 187 269 103 145 103 129 189 232 87 160 115 172 231 143 156 90 140 188 252 177 164 154 83 132 175 142 262 148 129 153 92 150 184 112 172 83 169 91 167 240 130 102 103 181 205 164 153
951 11 89 134 181 241 103 141 83 129 189 232 87 161 108 172 229 143 154 90 140 188 252 173 146 144 83 122 165 142 260 140 125 153 92 146 184 106 170 85 161 89 161 238 130 104 99 181 205 144 149
951 11 91 136 181 247 103 145 97 149 191 238 89 170 115 172 229 147 158 90 148 194 252 177 152 154 83 124 175 148 262 148 127 155 94 150 196 112 174 89 173 89 161 240 134 104 103 181 205 168 151
952 11 89 134 187 253 103 145 93 143 189 232 87 158 108 172 225 143 156 90 140 194 252 163 146 154 81 124 183 142 262 146 121 151 91 146 180 106 170 81 161 85 167 228 128 104 103 181 201 142 149
952 11 91 134 191 269 103 145 103 143 191 236 87 160 115 172 229 143 158 90 148 194 252 167 152 154 83 132 183 142 262 150 125 157 91 150 192 112 172 89 173 89 167 240 130 104 103 191 205 166 151
953 11 91 134 187 253 103 135 89 129 189 238 87 158 113 174 229 143 158 90 142 194 252 173 152 154 83 122 175 142 256 140 129 157 91 146 180 106 172 89 161 87 167 228 128 102 101 181 205 142 151
953 11 91 138 187 269 103 147 89 129 189 238 87 160 113 176 229 143 160 102 148 200 252 177 152 160 83 124 183 142 260 150 131 159 91 150 180 110 174 89 173 89 167 236 130 104 103 191 211 158 151
954 11 89 138 179 253 103 141 93 129 189 238 87 160 113 172 227 143 158 102 127 194 252 175 146 154 83 124 175 142 260 140 129 155 92 150 180 106 172 89 165 87 161 228 130 102 101 181 205 142 153
954 11 91 140 187 253 105 145 93 143 189 238 87 162 115 174 229 143 158 102 146 194 252 175 152 154 83 132 179 142 262 150 131 155 95 150 192 108 172 95 165 91 167 240 130 102 103 191 215 158 153
955 11 89 134 175 247 103 145 93 129 189 232 87 158 115 174 229 143 154 90 127 188 252 173 146 144 81 124 175 142 260 148 127 155 94 150 184 106 170 89 161 87 161 238 130 104 99 181 211 142 149
955 11 91 142 187 253 103 145 103 143 189 252 87 162 115 180 229 145 156 100 142 188 252 175 152 156 83 132 183 148 262 150 129 157 94 150 192 106 172 89 173 89 167 240 134 104 101 181 215 166 153
961 11 89 136 175 247 103 145 -9 129 189 238 87 158 113 -9 229 143 156 90 142 194 252 167 152 156 81 124 165 142 262 146 123 155 91 146 180 106 170 85 161 89 167 228 130 92 101 181 205 142 -9
961 11 91 136 179 253 103 145 -9 143 189 238 87 162 115 -9 229 143 156 90 142 194 252 173 152 156 83 124 165 142 262 150 129 155 95 150 180 112 174 89 165 91 167 228 130 92 101 191 211 170 -9
974 11 91 136 179 253 102 145 103 129 189 238 89 160 108 172 225 143 156 90 127 188 252 167 146 154 81 122 175 142 262 146 129 155 95 146 180 90 172 85 161 85 167 228 118 102 95 191 205 142 145
974 11 91 138 187 253 103 145 103 129 189 238 89 162 115 174 227 145 158 102 127 200 252 177 152 156 85 132 183 148 262 146 129 157 95 150 192 106 172 89 173 89 167 238 130 104 95 191 205 142 149
975 11 91 134 175 253 103 141 83 129 189 232 87 143 113 172 229 -9 160 90 127 194 252 173 146 154 77 124 181 142 260 150 123 159 92 146 184 106 174 85 161 89 167 228 128 92 101 181 205 144 -9
975 11 91 136 179 253 103 145 93 143 195 232 87 170 115 176 229 -9 160 90 127 194 252 175 158 154 81 132 183 142 262 150 125 159 94 150 196 112 176 85 173 91 167 238 130 104 103 181 215 158 -9
980 11 89 134 181 247 103 135 89 129 189 232 87 158 113 172 229 143 158 90 140 194 252 165 146 144 83 124 165 142 260 140 123 155 91 150 180 106 170 89 161 89 167 236 130 104 95 181 205 166 145
980 11 91 138 187 253 105 141 103 143 189 238 87 158 115 182 229 143 158 102 150 194 252 177 158 154 83 124 175 142 262 146 125 159 91 154 184 106 174 89 165 89 167 238 132 104 101 181 207 168 151
981 11 89 136 181 269 103 141 89 129 189 232 87 158 108 176 229 143 158 90 148 194 252 165 152 154 81 132 175 142 262 146 125 155 91 146 184 108 168 85 161 81 161 228 128 96 95 181 211 142 149
981 11 91 138 187 271 103 145 97 149 191 238 91 170 115 182 229 145 160 90 148 200 252 177 158 154 85 132 183 150 262 150 125 155 95 146 192 112 172 89 169 89 167 236 130 102 101 181 211 158 151
982 11 89 138 181 253 103 135 83 141 189 238 87 158 115 172 227 143 156 90 142 194 252 173 146 154 81 132 175 142 260 150 125 155 91 150 196 106 174 89 173 89 167 228 128 96 95 177 205 166 149
982 11 89 138 187 269 105 135 85 143 191 238 87 161 115 172 229 145 158 102 142 194 252 177 152 154 83 132 179 150 262 150 129 159 92 154 196 112 174 89 173 89 167 238 128 104 103 181 207 166 149
984 11 89 134 181 253 103 141 93 129 189 232 87 161 108 172 227 143 158 88 140 200 250 163 152 156 81 124 179 142 260 146 129 155 91 146 180 106 174 89 161 89 161 228 118 98 101 179 201 168 145
984 11 91 138 187 253 103 145 103 129 189 238 87 162 113 174 229 143 158 90 142 200 252 167 152 160 83 124 183 142 262 150 129 157 95 150 196 110 176 89 177 89 167 238 130 104 103 181 215 168 147
985 11 89 138 179 253 103 145 103 129 189 232 87 158 108 172 231 143 156 90 127 190 252 167 152 154 83 124 165 142 256 140 125 155 92 148 180 108 170 83 155 85 161 238 130 92 95 191 205 142 151
985 11 91 138 181 253 103 145 103 149 191 238 87 162 113 172 231 147 158 90 148 194 252 167 152 160 83 124 175 148 260 146 129 157 95 150 196 110 178 89 173 87 161 238 130 104 103 191 211 164 153
2578 11 89 138 181 253 103 135 93 129 191 238 87 143 113 -9 229 143 154 88 142 194 252 173 142 154 81 122 183 142 262 150 123 155 91 150 180 106 172 85 165 89 -9 228 118 104 103 177 205 142 -9
2578 11 91 138 187 253 104 135 105 143 191 238 87 143 115 -9 229 143 158 90 146 194 252 173 142 154 81 132 183 142 262 150 125 155 92 150 192 112 174 89 165 89 -9 240 128 104 103 181 211 142 -9
2580 11 89 134 187 253 103 145 93 129 191 238 87 162 113 172 227 143 154 90 128 190 252 167 152 154 81 124 175 142 256 148 125 155 92 150 196 108 170 85 165 89 167 228 130 98 99 181 205 142 -9
2580 11 91 136 187 253 104 145 103 143 195 238 89 162 115 172 233 143 158 90 140 194 252 167 166 154 81 132 183 148 260 150 129 157 95 154 198 110 174 85 169 91 167 240 130 98 103 191 211 158 -9
2470 12 91 134 175 253 103 135 97 143 189 238 85 143 113 180 -9 143 158 90 128 194 246 165 152 144 83 122 179 142 262 146 123 155 92 146 192 108 170 89 161 87 161 236 130 98 95 179 211 164 -9
2470 12 91 134 185 271 103 147 97 149 191 238 87 161 115 182 -9 145 158 100 128 200 250 173 156 156 83 122 183 148 262 150 127 159 92 154 198 110 174 89 161 89 167 240 134 104 101 191 215 168 -9
2471 12 91 136 187 241 103 135 89 129 189 238 87 160 113 180 229 143 156 88 128 194 250 165 152 156 81 122 179 148 256 146 127 155 92 148 184 108 168 83 161 87 161 228 130 96 95 179 201 158 149
2471 12 91 138 187 253 103 147 97 143 191 238 89 161 113 180 229 143 160 102 148 200 254 175 162 158 83 122 185 150 262 150 127 157 92 150 198 108 170 89 173 87 167 240 130 98 101 191 205 168 149
2472 12 91 138 187 241 103 135 89 129 189 238 87 160 113 180 225 143 154 88 128 194 246 163 150 144 83 120 165 142 262 140 127 153 92 146 184 108 168 89 161 85 161 240 130 92 101 181 215 142 149
2472 12 91 138 187 249 105 141 97 149 195 238 89 160 113 180 231 147 158 88 150 202 254 173 162 156 83 124 165 142 262 140 127 157 92 146 196 108 172 95 173 87 161 240 130 104 103 191 215 162 149
2484 12 89 136 175 241 103 137 99 127 191 238 85 160 108 180 231 143 154 88 128 194 250 173 156 156 81 122 165 142 260 146 127 151 92 146 184 106 170 83 161 87 161 228 130 98 101 177 205 164 149
2484 12 91 140 185 269 103 137 105 149 191 238 91 160 115 180 233 143 154 88 150 200 254 175 158 156 83 122 183 148 262 150 129 155 95 150 198 108 172 89 161 87 167 240 130 104 103 191 211 168 149
2486 12 91 136 187 245 103 135 97 129 195 238 87 143 108 172 229 147 154 90 140 194 246 175 152 156 83 122 165 142 260 140 125 153 91 146 192 106 168 89 161 87 161 240 118 96 101 181 207 162 -9
2486 12 91 138 187 271 104 135 101 143 195 238 91 158 113 180 229 147 160 100 140 200 250 175 158 156 83 124 183 142 262 148 127 155 95 146 192 108 170 89 173 87 165 240 130 98 101 191 211 168 -9
2487 12 89 136 185 241 103 135 89 129 189 238 85 160 113 180 225 143 156 88 128 194 246 165 156 156 83 122 183 138 262 140 123 157 91 146 180 106 168 83 161 85 161 236 130 92 99 191 205 142 -9
2487 12 91 138 187 253 103 135 97 149 191 238 89 160 113 180 229 143 158 100 150 200 250 173 164 158 83 122 185 148 262 140 127 159 95 150 180 112 172 89 173 87 165 240 130 104 103 191 215 158 -9
2489 12 91 134 179 241 103 137 89 143 189 238 87 143 113 174 229 145 158 100 128 194 250 163 142 144 81 124 183 142 256 150 129 153 92 146 180 108 168 83 161 89 167 240 130 96 95 191 205 162 149
2489 12 91 136 187 253 103 147 105 149 195 238 91 160 115 180 233 145 160 100 148 194 250 173 162 156 83 124 185 148 262 150 131 155 94 150 198 112 168 89 165 91 167 240 134 104 99 191 211 164 149
2596 12 91 134 185 245 103 135 97 129 191 238 87 160 108 172 229 143 154 88 150 194 250 175 150 144 81 122 179 142 262 146 127 155 90 146 180 106 168 83 161 87 161 -9 130 96 95 191 205 142 149
2596 12 91 142 191 249 104 135 97 143 191 254 89 160 108 174 231 143 158 102 150 200 254 175 158 144 83 122 181 142 262 150 127 159 91 150 184 110 170 89 165 89 161 -9 134 96 99 191 215 168 149
1366 12 89 136 187 241 103 135 89 143 189 238 87 160 115 172 229 143 154 88 127 194 246 167 150 154 83 124 179 142 260 140 127 153 92 146 180 108 168 83 161 85 167 236 130 96 101 191 205 142 149
1366 12 91 140 187 241 103 135 101 143 189 238 87 160 115 180 231 145 156 88 140 200 250 175 158 156 83 126 181 142 262 140 131 153 95 146 184 108 176 89 165 89 167 240 134 96 103 191 215 164 149
1367 12 89 136 175 249 103 135 89 149 189 232 89 161 108 176 231 143 156 88 127 190 250 167 156 156 81 124 179 148 260 140 125 153 92 146 180 108 168 89 161 87 167 236 130 92 95 179 205 164 149
1367 12 91 136 185 253 103 135 105 149 189 250 91 161 113 180 233 143 160 88 150 194 254 173 158 158 83 124 185 150 262 146 127 155 95 146 198 110 170 89 161 91 167 240 130 104 101 191 211 164 153
1368 12 89 136 175 253 103 135 89 127 195 232 87 161 113 172 231 145 154 88 127 194 246 163 156 154 81 122 181 142 262 140 127 153 92 146 180 108 170 83 161 85 167 240 130 98 95 181 202 156 149
1368 12 91 138 179 271 103 147 91 149 195 238 91 161 115 172 231 145 160 90 148 202 254 167 164 156 81 124 181 142 262 146 129 155 92 154 198 110 172 85 161 89 167 240 130 98 95 191 215 168 153
1369 12 91 136 187 245 103 137 97 143 189 238 85 160 108 174 231 145 154 88 140 194 250 173 152 144 81 124 179 148 262 146 127 153 92 146 180 108 170 89 161 89 167 228 134 92 99 191 205 142 149
1369 12 91 138 187 253 103 147 101 149 195 252 87 160 115 174 233 145 158 88 140 200 250 175 156 144 83 124 181 148 262 150 129 155 92 146 180 108 170 89 161 91 167 236 134 98 103 191 205 164 149
1370 12 89 136 175 241 103 135 89 129 191 238 87 160 108 172 225 143 154 88 127 194 246 167 150 156 81 124 181 142 256 140 127 153 91 146 180 106 168 83 161 85 161 228 130 92 95 181 211 158 143
1370 12 91 136 187 271 105 135 93 143 195 254 87 170 113 178 229 143 158 90 127 200 250 175 158 158 85 124 181 148 260 146 131 155 95 154 180 108 168 89 161 89 167 240 130 92 95 191 215 162 149
1371 12 89 136 175 241 103 135 89 149 189 232 85 160 108 172 229 143 154 88 127 190 250 173 156 156 83 124 179 150 262 140 125 155 92 146 192 108 170 89 161 87 167 236 130 98 95 177 205 156 149
1371 12 91 136 175 249 103 135 101 149 189 238 91 161 108 180 231 143 156 90 150 194 254 175 158 156 85 124 183 150 262 140 125 155 92 150 198 110 170 89 173 91 167 240 130 104 101 191 211 164 149
1372 12 91 136 185 241 103 135 89 129 189 238 87 158 108 176 229 143 158 88 127 194 250 163 152 154 83 122 181 142 260 140 123 153 91 146 180 108 168 89 161 85 161 236 130 92 95 191 205 156 149
1372 12 91 136 185 241 105 135 91 149 195 250 87 161 115 178 231 143 158 100 140 194 250 177 158 156 83 124 183 150 260 140 125 155 95 150 198 108 176 89 161 91 167 236 134 104 101 191 211 168 149
1373 12 91 134 175 241 105 135 93 129 189 238 87 161 113 172 231 143 154 90 127 194 252 175 158 144 81 124 179 142 256 140 125 155 91 146 180 108 168 83 161 87 161 238 118 92 101 181 201 158 149
1373 12 91 136 175 271 105 141 105 149 191 254 87 170 115 178 231 143 158 100 150 194 254 175 158 158 83 124 183 142 262 150 127 159 92 146 180 108 176 89 161 87 167 240 130 98 101 191 211 168 149
1374 12 89 136 187 241 103 135 89 129 189 238 87 160 115 172 225 143 154 88 127 194 246 163 158 154 83 124 181 142 260 140 127 153 92 146 180 106 168 89 161 85 161 236 130 92 95 191 205 156 143
1374 12 89 136 187 245 105 135 97 143 191 238 87 160 115 180 231 147 156 90 148 200 250 175 158 156 83 124 181 148 260 146 131 159 92 146 180 108 176 95 161 91 167 240 134 104 103 191 211 158 149
1375 12 89 136 181 241 103 135 97 127 191 232 85 143 113 172 229 143 154 88 127 194 246 173 142 144 83 124 181 142 260 146 131 155 91 146 192 108 168 83 161 87 161 236 118 98 95 181 205 162 145
1375 12 93 138 185 271 105 135 101 143 195 238 87 160 115 178 233 147 154 88 140 200 250 175 162 156 83 124 181 148 262 146 131 159 92 146 198 108 168 83 173 91 161 240 130 98 99 191 211 164 151
2476 12 91 134 175 241 103 135 93 129 191 238 87 143 113 172 231 143 154 90 142 194 250 175 158 144 81 122 181 142 262 140 125 153 92 146 180 106 168 89 161 85 161 228 130 92 97 177 211 158 145
2476 12 91 136 185 241 105 147 105 143 191 238 87 161 115 172 231 147 154 90 150 194 252 175 158 154 81 124 183 148 262 150 127 155 92 146 198 110 176 89 161 87 161 240 130 96 101 191 211 158 149
2478 12 89 134 181 241 103 135 89 129 189 238 89 158 108 180 229 143 156 90 140 194 246 175 150 156 81 122 183 148 256 140 123 153 92 146 184 108 168 89 165 85 165 236 130 104 99 177 207 156 -9
2478 12 89 136 187 253 107 135 93 143 189 238 91 160 108 180 229 147 158 90 140 200 250 175 162 156 81 122 185 148 262 150 127 157 92 154 198 108 168 89 173 85 167 240 130 104 99 191 211 168 -9
2479 12 91 134 179 241 103 147 93 127 189 238 85 160 108 172 229 143 154 88 128 -9 250 175 158 154 83 124 179 142 262 140 127 155 91 148 180 106 170 89 161 85 161 238 130 92 95 191 211 162 -9
2479 12 91 136 187 241 105 147 97 149 189 238 89 161 115 178 231 145 154 100 140 -9 254 175 162 156 83 124 181 150 262 150 131 155 91 150 184 108 170 91 173 89 167 240 130 92 101 191 211 162 -9
2481 12 91 138 181 241 103 135 97 129 191 238 85 160 113 180 229 143 154 90 140 194 250 175 158 154 81 122 165 148 256 146 125 155 92 146 180 106 170 89 161 89 161 228 130 92 99 191 211 162 149
2481 12 91 138 185 253 103 141 105 149 195 238 91 160 115 180 231 143 158 100 150 198 254 175 162 160 83 124 181 150 262 150 127 155 95 146 198 108 174 89 161 89 161 240 130 98 101 191 211 170 151
2483 12 91 136 175 241 103 135 89 129 195 254 87 -9 108 -9 -9 143 154 90 128 194 246 165 150 144 81 124 179 142 260 140 127 153 91 146 180 108 168 89 161 85 167 238 130 92 95 181 211 162 143
2483 12 91 136 181 253 103 135 89 143 195 254 87 -9 115 -9 -9 143 154 90 148 200 250 167 158 158 81 124 181 142 262 146 127 159 92 154 198 108 172 89 161 87 167 240 134 96 101 191 215 162 149
2485 12 91 138 185 241 103 135 89 143 191 232 87 161 108 174 229 143 158 88 128 194 250 175 158 144 81 122 179 142 262 146 127 155 92 146 184 108 168 83 161 87 161 236 130 92 95 179 205 142 149
2485 12 91 138 187 247 107 137 101 149 195 238 91 161 113 178 229 143 158 88 140 200 254 175 158 144 83 122 179 142 262 146 127 159 95 150 198 108 186 89 165 87 167 238 130 104 101 191 211 170 151
2488 12 91 134 175 241 103 135 97 143 191 238 85 160 113 172 229 145 156 90 140 194 244 165 156 144 83 122 179 142 260 146 123 153 92 146 192 106 172 83 161 87 165 236 130 98 95 179 201 164 149
2488 12 91 140 187 253 103 135 101 149 195 238 87 161 113 174 231 145 158 90 150 194 254 175 158 154 83 122 185 148 262 146 127 153 95 146 192 108 176 89 161 87 165 236 134 98 101 193 211 168 149
2490 12 89 134 185 241 103 135 91 129 191 238 85 143 108 180 229 143 154 88 128 194 246 163 158 144 81 122 179 142 262 140 127 153 91 146 180 106 170 83 161 89 161 228 130 92 95 177 205 164 149
2490 12 91 140 187 241 105 141 91 143 195 238 87 143 115 180 231 143 156 90 128 194 250 177 164 156 83 122 183 142 262 146 131 153 92 150 180 108 172 89 161 89 161 240 130 104 101 191 211 164 149
2492 12 89 138 185 241 103 135 89 129 191 232 85 160 113 172 229 143 156 88 128 194 246 173 158 156 81 122 179 138 262 140 127 159 91 146 180 106 168 83 161 85 161 236 130 92 99 181 215 158 -9
2492 12 89 140 187 253 103 135 93 149 191 232 87 161 115 178 231 147 158 90 128 200 250 175 164 156 83 124 183 142 262 140 127 159 95 150 198 106 170 83 161 87 161 236 130 92 99 191 215 168 -9
2493 12 91 136 175 241 103 135 89 129 189 238 87 143 115 180 229 143 158 88 140 200 246 163 158 154 81 122 179 142 260 140 127 153 91 146 184 106 172 89 161 85 165 240 130 98 95 191 205 166 149
2493 12 91 140 179 241 103 141 101 129 191 238 91 160 115 180 229 145 160 102 140 200 252 173 162 158 83 122 185 150 262 140 127 155 95 150 192 108 172 89 161 87 165 240 130 98 103 191 215 168 151
2494 12 89 134 185 241 103 135 89 129 195 238 89 158 115 172 229 143 154 90 128 194 244 175 150 154 81 120 179 150 260 146 123 153 91 146 184 108 170 83 161 87 161 240 130 92 95 179 211 142 -9
2494 12 91 136 187 241 105 141 97 149 195 238 89 161 115 172 231 143 158 100 140 198 254 175 158 156 83 124 179 150 262 150 127 155 92 150 196 112 176 83 161 89 167 240 130 98 99 191 215 142 -9
2495 12 89 136 175 241 103 135 89 143 189 238 87 143 113 180 229 143 158 90 142 194 250 173 158 154 83 122 165 142 262 140 123 155 92 146 198 106 170 83 173 87 161 228 118 92 99 177 205 142 149
2495 12 91 140 175 241 105 141 93 149 189 238 91 161 115 180 231 143 158 100 150 198 250 175 158 154 83 124 179 150 262 148 129 155 95 148 198 108 170 89 173 87 167 240 134 104 101 191 205 144 151
2496 12 89 136 185 241 103 135 89 127 189 238 87 158 108 172 229 143 154 88 140 200 250 163 150 154 81 122 181 142 262 150 127 159 92 146 180 108 172 83 165 87 161 240 134 96 95 179 205 162 149
2496 12 91 138 185 241 103 147 97 129 195 238 89 160 113 172 233 147 160 88 150 202 254 175 162 156 83 124 183 148 262 150 131 159 95 150 192 110 174 89 165 87 161 240 134 104 95 191 205 168 149
2497 12 89 134 181 241 103 135 93 127 195 232 87 160 113 172 229 145 156 88 140 194 246 175 158 156 81 122 179 142 262 140 123 155 92 146 184 108 168 89 161 85 165 236 130 96 95 179 207 156 -9
2497 12 91 136 187 241 104 141 93 149 195 238 87 161 115 174 231 147 160 90 150 194 250 175 164 158 83 122 181 150 262 150 127 159 94 150 198 108 168 91 173 89 167 236 130 98 99 191 207 164 -9
2592 12 91 134 185 249 103 135 97 129 191 238 87 143 108 174 229 143 154 88 140 194 254 173 158 144 81 122 181 142 262 146 127 155 91 146 180 108 170 83 161 87 -9 224 130 92 95 191 205 168 149
2592 12 93 136 185 271 103 135 101 143 191 254 89 160 108 174 229 143 158 88 150 200 254 175 158 144 83 124 181 148 262 146 127 159 92 150 184 110 170 83 165 89 -9 240 130 96 101 191 211 170 149
2593 12 91 138 175 241 103 135 89 129 189 -9 85 143 115 174 229 -9 154 88 128 190 244 173 158 158 81 124 179 142 260 140 127 153 92 146 180 108 170 89 161 87 161 236 118 96 101 191 205 142 149
2593 12 91 140 175 241 103 141 97 143 191 -9 87 160 115 178 231 -9 158 90 140 200 252 175 162 158 83 124 185 148 262 146 127 155 95 146 192 108 172 89 161 89 165 240 130 98 101 191 211 168 149
2595 12 91 136 187 245 103 135 97 129 195 238 87 143 108 172 229 147 154 90 140 194 246 175 152 156 83 122 165 142 260 140 125 153 91 146 192 106 170 89 161 -9 161 240 130 92 95 181 207 162 149
2595 12 91 138 187 271 104 135 101 143 195 238 91 158 113 180 229 147 160 100 140 200 250 175 158 156 83 124 183 142 262 148 127 153 95 146 192 108 170 89 173 -9 167 240 130 104 101 191 211 168 149
2498 13 89 136 181 253 103 141 93 129 189 238 87 158 113 -9 229 143 158 90 142 190 252 177 152 144 83 124 183 142 260 150 125 153 91 148 184 110 172 89 161 87 161 228 130 102 101 181 201 142 -9
2498 13 91 138 187 269 103 141 97 129 191 238 87 160 115 -9 231 143 158 102 142 190 254 177 152 154 83 132 183 142 262 150 129 155 94 150 198 112 172 89 173 89 167 236 130 102 101 191 205 168 -9
2513 13 89 134 179 253 103 141 103 129 189 232 87 158 113 174 227 143 154 90 142 190 252 167 154 144 77 122 175 138 262 148 125 155 91 150 180 106 172 89 169 81 167 228 130 96 95 181 205 144 -9
2513 13 89 136 187 253 103 145 103 129 191 238 87 158 115 174 229 143 156 90 146 194 252 173 166 144 77 132 175 142 262 150 129 155 91 150 184 112 172 89 173 89 167 238 132 102 95 191 211 166 -9
2514 13 89 138 179 253 103 141 97 129 189 238 87 147 108 172 227 143 156 90 128 190 252 167 152 144 81 122 175 142 256 146 125 155 91 150 196 112 166 85 161 89 167 224 130 96 101 181 205 168 -9
2514 13 93 138 179 271 103 145 103 129 189 238 87 158 108 174 229 143 158 90 142 194 252 177 152 154 83 132 175 150 262 150 129 155 91 150 198 112 176 89 165 91 167 238 130 104 101 181 211 168 -9
2597 13 89 138 179 253 103 141 93 143 191 238 87 162 115 -9 -9 143 156 90 146 190 252 173 152 144 83 132 165 142 260 140 125 155 91 148 194 110 170 85 161 89 167 228 114 102 101 181 207 142 -9
2597 13 91 140 187 269 103 145 97 143 195 252 89 162 115 -9 -9 157 156 102 148 194 252 173 152 154 83 132 179 142 262 146 129 159 91 150 198 112 172 89 165 89 167 238 130 104 101 181 211 168 -9
2499 13 89 136 179 253 103 135 103 129 189 238 87 147 115 174 229 143 158 90 140 194 252 167 146 154 81 124 175 138 260 140 125 155 91 150 184 106 166 81 161 -9 167 228 130 98 95 181 205 -9 145
2499 13 89 136 179 269 103 141 103 141 189 254 89 158 115 176 231 143 158 102 140 194 252 167 152 154 83 132 183 148 262 150 129 157 92 150 198 110 172 95 173 -9 167 238 130 102 101 191 207 -9 151
2500 13 89 134 187 253 103 141 93 129 189 232 87 158 115 172 229 143 158 88 128 194 252 167 152 144 83 124 175 138 262 150 125 155 92 146 180 112 166 85 161 89 167 228 114 102 101 191 211 166 145
2500 13 91 136 187 253 103 141 97 129 191 232 91 158 115 174 231 143 160 90 140 194 252 173 152 156 83 132 183 142 262 150 129 155 95 150 180 112 170 89 165 91 167 228 130 102 101 191 215 166 153
2506 13 89 136 179 253 103 141 85 129 191 238 87 162 113 174 229 143 156 90 142 190 250 167 152 154 77 132 183 142 260 140 123 155 91 150 180 112 172 89 161 -9 167 228 114 96 99 181 207 144 151
2506 13 91 136 187 253 103 147 103 129 191 238 89 162 115 174 229 143 158 90 148 194 254 175 154 154 83 132 183 148 262 150 125 159 92 150 184 112 176 89 165 -9 167 238 130 98 101 181 207 144 153
2509 13 89 136 187 253 103 141 85 129 189 238 89 158 115 174 227 143 154 90 138 190 252 167 152 -9 77 124 183 142 256 140 125 157 91 148 184 106 170 85 161 85 167 228 130 98 95 -9 207 166 -9
2509 13 89 138 187 253 103 141 97 149 189 254 91 160 115 174 229 143 158 90 142 190 252 177 166 -9 83 132 183 142 260 146 129 157 91 150 184 112 172 89 161 89 167 228 130 104 99 -9 211 166 -9
2511 13 89 136 187 253 103 141 97 129 191 238 87 162 113 174 229 143 154 90 142 190 250 173 152 144 83 124 165 142 260 148 125 159 91 150 180 110 166 83 161 89 167 228 130 92 95 177 205 144 -9
2511 13 89 136 187 253 103 141 103 149 191 252 91 162 115 182 233 143 160 102 148 194 252 177 166 154 85 132 183 148 262 150 129 159 92 150 196 110 172 89 165 89 167 238 132 102 103 181 211 166 -9
2512 13 89 136 181 253 103 141 85 129 191 232 89 158 108 174 229 143 156 102 138 190 250 167 146 144 81 124 175 138 262 -9 129 155 91 146 180 110 166 85 161 89 161 228 128 96 99 181 201 144 153
2512 13 91 136 181 253 103 141 93 129 195 238 91 158 108 174 229 143 160 102 142 194 252 173 146 154 83 126 175 148 262 -9 129 155 92 150 196 112 170 89 165 89 167 228 130 102 101 191 205 166 153
2515 13 89 136 179 253 103 135 93 129 191 238 87 147 113 182 229 143 158 102 142 194 252 173 152 144 77 124 179 142 262 151 125 155 91 150 180 106 166 89 161 89 167 238 130 98 95 181 205 144 -9
2515 13 91 136 181 253 103 141 103 129 191 238 89 147 113 182 231 143 160 102 142 194 252 177 166 154 81 132 183 142 262 151 129 155 94 150 180 112 166 95 161 89 167 238 132 102 101 181 207 144 -9
2516 13 89 136 187 253 103 135 93 129 191 232 87 162 115 176 229 143 158 90 142 190 252 177 146 154 81 132 183 142 260 146 125 155 92 150 184 106 170 89 161 89 167 228 128 102 101 181 205 144 -9
2516 13 91 136 187 253 103 141 103 149 191 238 87 170 115 176 233 143 158 90 148 194 252 177 152 154 85 132 183 142 262 150 125 157 94 150 196 112 172 89 165 89 167 238 132 104 101 191 211 168 -9
2517 13 89 136 179 241 103 141 93 141 191 232 87 158 115 -9 229 143 156 90 128 190 250 173 152 154 77 124 183 142 260 150 129 157 92 150 184 106 170 89 161 89 161 228 128 92 95 181 205 142 -9
2517 13 91 136 179 253 103 141 103 143 195 232 89 158 115 -9 231 143 160 102 142 194 250 173 152 154 81 132 183 142 260 150 129 159 92 150 196 112 176 95 165 89 167 238 132 104 103 181 211 144 -9
2518 13 89 134 181 253 103 135 93 129 189 238 87 158 113 172 225 143 158 102 128 194 252 173 152 144 77 124 183 142 260 150 125 155 91 150 180 106 170 89 161 89 167 238 114 96 95 181 205 142 -9
2518 13 91 136 187 253 103 135 97 129 191 238 89 162 115 182 227 143 158 102 142 194 252 177 164 144 81 124 183 150 262 150 129 155 91 150 196 112 170 89 169 89 167 238 130 102 103 181 207 144 -9
2519 13 91 136 181 253 103 135 103 129 189 238 87 147 115 172 229 143 158 90 142 188 250 173 146 154 77 124 165 142 260 140 125 155 91 146 180 106 170 85 161 89 165 228 130 98 95 181 205 158 145
2519 13 93 136 191 253 103 141 103 141 191 252 87 162 115 172 229 143 160 90 148 194 252 177 152 160 85 132 175 142 262 146 129 163 95 150 196 112 172 89 165 89 167 238 130 102 95 181 211 166 153
2520 13 89 136 187 253 103 135 93 129 191 232 87 158 113 174 225 143 154 90 142 190 252 173 152 154 83 124 165 138 262 150 125 155 91 150 180 110 166 89 161 87 167 228 128 92 95 177 205 144 -9
2520 13 91 136 187 253 103 141 97 149 191 238 91 162 113 176 229 143 158 102 142 194 252 173 154 156 85 132 165 142 262 150 125 159 91 150 196 110 172 89 161 89 167 228 132 92 103 181 205 166 -9
2521 13 89 136 179 253 103 135 93 129 189 238 87 147 113 174 229 143 158 102 140 190 246 173 152 156 81 124 175 142 260 146 125 155 91 148 180 110 172 89 161 87 167 228 130 96 95 181 201 142 -9
2521 13 91 136 187 269 103 141 97 129 191 238 89 158 115 176 229 143 158 102 142 194 252 177 166 160 81 124 183 148 262 150 129 155 95 150 196 112 178 89 165 89 167 238 130 104 103 181 207 158 -9
2603 13 89 136 179 253 103 141 93 129 189 238 87 158 115 174 229 143 158 90 140 188 252 167 152 154 77 124 179 142 -9 142 125 155 92 148 180 112 166 85 161 89 167 228 130 98 95 181 205 144 -9
2603 13 89 136 187 253 103 145 97 143 191 238 87 158 115 174 229 143 160 90 140 194 252 173 152 156 83 124 183 142 -9 150 125 159 95 148 180 112 170 89 161 89 167 236 130 98 101 181 215 168 -9
2606 13 89 136 179 253 103 141 93 129 191 238 87 158 115 172 229 143 156 102 146 194 250 167 152 154 77 124 165 142 260 146 129 155 91 150 184 112 172 85 161 89 161 228 130 92 95 177 207 168 -9
2606 13 93 136 187 253 103 145 103 143 191 238 87 162 115 174 231 143 158 102 146 194 252 167 152 154 83 132 165 142 260 150 129 157 91 150 194 112 172 89 161 89 167 238 134 102 101 181 211 168 -9
718 14 89 134 179 249 103 135 93 129 191 232 87 158 108 174 227 143 158 88 127 188 252 167 146 154 77 132 165 148 260 140 125 155 91 150 180 106 170 85 161 89 167 228 130 96 101 181 205 144 145
718 14 91 138 187 253 103 141 103 143 195 238 89 162 113 176 229 143 160 90 142 194 252 173 152 154 81 132 175 148 262 148 125 155 91 150 184 106 172 89 169 89 167 236 130 102 103 181 205 166 151
719 14 89 136 187 249 103 141 89 129 191 252 87 147 115 174 227 143 156 90 140 188 252 173 146 144 77 124 165 142 260 140 125 153 91 150 180 106 172 89 161 89 167 228 114 98 95 181 205 142 153
719 14 89 140 187 253 103 147 103 129 191 254 89 162 115 174 229 143 158 102 142 194 252 173 152 154 83 132 179 148 260 150 125 155 91 150 180 112 178 95 173 91 167 236 130 104 95 191 205 166 153
720 14 89 136 187 253 103 141 89 129 191 232 87 147 108 174 229 143 156 90 142 188 252 167 146 154 81 132 165 138 260 140 125 157 91 150 180 110 170 83 161 89 161 228 128 96 101 181 205 142 153
720 14 89 140 187 253 103 145 93 129 191 252 89 162 108 174 229 143 160 90 142 194 252 173 146 154 83 132 183 142 260 150 125 159 92 150 196 112 176 89 169 89 167 238 130 96 103 181 211 168 153
721 14 91 136 187 253 103 145 89 129 191 232 87 158 108 174 227 143 154 90 127 188 250 167 152 152 83 132 175 142 262 150 129 155 92 150 180 106 166 85 165 87 167 228 128 102 95 181 205 166 153
721 14 91 138 187 271 103 145 93 129 191 252 89 162 113 176 227 143 154 102 127 194 252 177 152 154 83 132 175 148 262 150 129 155 94 150 184 108 172 89 173 89 167 228 130 102 101 181 205 166 153
722 14 89 138 179 253 103 141 89 143 189 232 87 147 113 174 229 143 158 90 142 188 252 167 152 154 77 124 183 138 262 140 123 155 92 150 196 90 166 85 161 89 167 228 128 96 95 181 205 166 149
722 14 91 140 179 253 103 141 93 149 191 232 89 147 115 174 229 143 158 102 146 190 252 173 152 154 81 132 183 148 262 150 129 155 92 150 196 106 170 89 169 89 167 238 130 104 95 181 207 166 151
723 14 89 134 179 253 103 141 93 129 191 238 87 147 115 172 227 143 158 90 127 194 252 167 152 154 77 124 175 142 260 148 129 153 91 150 180 106 176 89 161 89 167 238 130 102 95 181 205 168 149
723 14 89 134 187 253 103 141 93 129 195 238 89 147 115 174 229 143 160 102 140 194 252 173 152 160 81 132 175 142 260 150 129 155 92 150 196 106 176 89 161 89 167 238 130 104 101 181 205 168 151
724 14 89 136 181 253 103 141 89 129 189 252 87 158 108 172 227 143 156 90 127 188 252 167 146 154 81 132 175 138 262 140 125 155 91 146 180 110 170 85 165 87 167 228 114 96 101 181 201 166 153
724 14 91 136 187 253 103 141 103 129 191 252 87 162 115 174 229 143 156 102 142 188 252 173 152 154 83 132 183 142 262 150 129 159 92 150 180 110 172 95 173 91 167 228 130 102 103 181 205 166 153
725 14 89 136 181 249 103 135 93 129 189 232 87 158 108 172 229 143 158 90 142 194 252 167 146 144 77 132 165 138 262 140 129 155 91 146 180 110 166 83 161 89 161 228 130 96 101 181 205 144 145
725 14 89 140 187 253 103 141 103 129 191 238 87 162 115 174 231 143 160 90 142 194 252 167 152 154 83 132 183 142 262 148 129 159 91 150 180 112 170 89 173 89 167 228 132 98 103 181 205 166 151
726 14 89 136 181 253 103 141 93 129 191 238 89 158 115 174 229 143 158 88 142 188 252 167 146 154 81 132 165 138 262 140 125 153 91 150 180 90 172 83 165 89 167 228 114 96 95 181 205 142 149
726 14 91 140 187 253 103 141 103 143 191 252 91 162 115 174 229 143 160 90 148 194 252 167 146 158 83 132 175 142 262 150 125 157 91 150 184 106 172 89 169 89 167 236 128 104 103 181 207 144 151
727 14 89 136 187 253 103 141 93 129 191 238 87 158 108 172 229 143 156 90 127 190 250 167 146 154 77 132 165 142 260 148 129 153 91 150 180 110 172 89 165 89 167 228 114 102 95 181 205 166 147
727 14 91 138 187 253 103 141 103 129 195 238 87 158 115 176 231 143 158 102 142 194 252 167 152 154 83 132 175 142 262 150 129 159 91 150 196 112 176 95 169 89 167 236 130 104 101 181 211 168 149
728 14 89 134 179 253 103 141 89 129 189 232 87 147 115 174 229 143 158 90 142 188 252 167 146 154 81 132 183 148 262 140 -9 155 92 150 180 106 170 85 169 89 167 228 130 96 95 181 205 158 145
728 14 91 138 179 253 103 141 93 143 191 238 89 162 115 174 233 143 160 102 146 194 252 173 152 154 81 132 183 148 262 150 -9 155 94 150 196 106 172 95 169 89 167 228 130 102 95 181 205 168 149
729 14 89 138 181 253 103 135 103 129 189 232 87 158 108 174 229 143 156 90 140 190 250 173 146 154 77 132 175 142 260 140 123 155 91 148 184 112 166 85 165 87 167 228 128 104 95 181 205 142 149
729 14 91 138 187 253 103 141 103 129 195 232 87 160 115 174 231 143 158 90 148 194 252 177 152 154 81 132 175 142 262 140 125 159 91 150 196 112 170 85 169 89 167 238 130 104 103 181 205 166 151
730 14 89 138 187 249 103 141 93 129 191 232 89 162 108 174 229 143 156 88 142 188 244 167 146 154 81 132 165 142 260 140 125 155 91 150 184 106 170 83 169 89 167 228 128 96 99 181 205 142 145
730 14 91 140 187 253 103 141 93 143 191 252 89 162 115 174 229 143 160 90 142 194 252 177 146 154 81 132 165 148 262 140 129 157 92 150 184 106 172 85 169 89 167 236 130 96 103 181 205 166 149
731 14 89 138 179 253 103 141 97 129 189 232 87 147 113 174 231 143 154 90 146 190 250 167 152 154 77 132 175 142 262 140 123 155 91 150 196 106 172 85 161 89 167 228 128 96 95 181 205 144 149
731 14 91 138 181 253 103 145 103 149 191 252 91 160 115 174 231 143 158 90 148 194 252 177 152 154 85 132 183 148 262 150 129 157 94 150 196 112 176 89 165 89 167 228 130 102 103 181 205 144 151
732 14 89 134 187 249 103 141 93 129 191 232 87 162 108 174 229 143 158 88 142 188 244 167 146 154 81 132 165 138 262 140 125 155 91 150 180 110 170 83 169 91 167 228 130 96 95 181 205 142 145
732 14 89 140 187 253 103 141 93 129 191 232 89 162 115 174 229 143 160 90 142 194 252 177 146 154 83 132 165 142 262 146 129 157 92 150 184 110 172 89 173 91 167 228 130 98 103 181 205 166 149
733 14 91 138 181 253 103 135 93 129 191 232 87 158 108 174 227 143 156 90 140 190 252 173 146 144 81 132 175 142 262 140 125 159 91 148 180 90 166 85 165 87 167 228 128 102 95 181 205 166 151
733 14 91 138 181 253 103 141 103 149 195 232 87 162 113 174 231 143 158 90 148 190 252 177 152 154 83 132 175 142 262 150 125 159 91 150 196 112 176 89 173 89 167 238 130 104 103 181 207 166 151
734 14 89 138 179 253 103 135 93 149 191 232 87 147 113 174 229 143 156 90 127 190 252 167 146 144 83 124 183 138 260 140 125 155 91 150 180 110 166 89 161 89 167 228 128 98 95 177 205 144 151
734 14 91 138 181 253 103 135 103 149 191 232 87 147 113 174 229 143 158 90 142 194 252 177 152 144 83 124 183 142 262 150 125 159 91 150 196 112 172 89 161 89 167 238 130 104 103 181 207 144 153
1079 15 89 140 179 253 103 135 83 129 189 232 87 162 113 172 229 143 156 90 128 194 246 167 152 154 83 122 183 142 260 150 125 155 91 146 180 106 172 83 169 89 167 228 130 102 95 191 205 142 149
1079 15 91 140 187 253 105 145 103 129 191 238 89 162 115 172 229 143 158 102 140 194 252 177 158 156 83 124 183 142 260 150 125 155 95 150 180 112 172 83 169 89 167 228 134 104 95 191 205 142 153
1081 15 89 132 179 253 103 141 97 129 189 232 89 158 113 170 225 143 158 90 140 194 248 165 150 144 83 124 183 142 260 140 125 155 91 146 180 108 172 89 169 89 167 228 130 102 95 181 205 142 149
1081 15 91 136 185 253 103 145 103 129 191 238 89 162 115 172 229 143 158 102 140 194 252 167 166 156 83 132 183 148 260 150 129 155 91 150 184 110 172 89 169 91 167 238 130 104 101 191 211 142 153
1082 15 91 136 185 247 103 135 103 127 189 232 87 162 113 174 229 143 154 90 128 188 246 165 152 144 83 124 175 142 256 150 125 153 91 150 180 108 170 89 161 85 161 228 130 -9 99 181 205 142 149
1082 15 91 136 187 253 103 145 103 141 191 238 87 162 115 174 229 143 160 102 142 200 252 177 158 154 85 132 183 148 260 152 125 155 94 150 180 110 174 89 173 91 167 238 132 -9 99 191 205 158 153
1083 15 89 134 179 247 103 135 97 129 191 238 87 158 113 172 227 143 156 90 128 188 252 177 146 154 81 132 175 142 262 148 129 155 91 150 180 106 168 89 169 89 165 238 130 102 95 181 205 142 149
1083 15 89 140 187 247 103 141 103 141 191 238 87 162 113 172 233 143 158 102 142 194 252 177 150 154 81 132 183 148 262 150 129 157 95 154 198 110 170 89 169 91 167 238 132 104 101 181 211 142 153
2055 16 89 136 181 253 103 141 93 129 191 232 87 160 108 172 227 143 156 102 142 188 252 173 146 152 77 132 165 142 260 146 125 159 91 146 180 110 166 89 161 87 167 228 128 102 101 177 205 144 149
2055 16 91 136 181 253 103 145 103 129 195 238 89 162 115 182 231 143 158 102 146 190 252 177 154 156 83 132 183 148 262 150 129 159 91 146 196 112 176 95 161 89 167 228 128 102 103 191 205 144 151
2056 16 89 134 187 249 103 135 93 129 189 232 87 147 115 176 229 143 158 90 140 190 252 173 146 144 83 124 179 142 262 150 125 155 91 146 180 112 166 89 161 87 167 228 128 102 99 181 205 158 149
2056 16 91 134 187 253 103 147 93 141 191 238 91 160 115 178 231 143 160 90 142 194 252 177 166 160 83 124 183 142 262 150 129 155 91 150 196 112 172 89 165 91 167 238 130 104 101 181 205 168 153
2057 16 89 136 179 253 103 141 93 129 189 238 87 147 113 174 229 143 158 88 127 188 250 173 146 154 77 124 179 142 262 150 125 155 91 150 180 106 166 85 159 87 167 228 114 104 101 181 205 166 151
2057 16 91 136 181 253 103 145 103 129 195 238 87 160 115 176 229 143 160 90 146 194 252 177 152 156 81 132 183 142 262 150 125 155 94 150 184 106 176 89 161 89 167 238 130 104 101 191 211 168 153
2058 16 89 136 187 253 103 141 91 129 191 232 89 158 115 172 225 143 156 90 146 190 250 173 152 144 83 124 165 138 260 146 125 155 91 150 180 106 172 85 161 81 167 224 130 92 95 181 205 158 147
2058 16 89 136 187 253 103 141 103 149 191 238 89 158 115 172 229 143 158 90 148 190 252 177 152 154 83 126 183 142 262 150 129 157 95 150 184 112 172 89 161 89 167 238 132 96 101 181 205 166 153
2059 16 89 136 179 253 103 135 97 129 189 238 87 158 115 172 227 143 158 88 127 188 252 173 152 144 83 124 183 138 262 150 123 155 91 150 180 110 170 89 161 89 167 238 114 96 95 181 205 144 145
2059 16 89 136 181 271 103 145 103 141 191 238 89 160 115 172 229 157 158 90 148 190 252 177 152 160 83 132 183 142 262 150 125 157 91 150 194 112 172 89 165 89 167 238 130 102 95 191 211 144 147
2060 16 89 136 181 249 103 141 93 149 191 238 87 158 115 172 227 143 156 90 146 190 252 173 152 144 83 124 175 142 262 146 125 155 91 150 180 90 166 81 161 89 167 224 114 92 95 181 205 166 145
2060 16 89 138 187 253 103 145 93 149 191 238 89 158 115 174 229 157 156 102 148 194 252 177 152 154 83 132 183 148 262 150 129 157 91 150 180 112 176 85 161 91 167 238 128 98 101 181 207 166 151
2061 16 89 136 187 241 103 141 93 129 191 238 87 158 115 172 229 143 156 90 142 190 250 173 146 144 83 132 175 142 260 140 125 155 91 146 180 110 166 81 161 87 167 224 114 98 95 181 205 166 145
2061 16 91 138 187 249 103 145 97 149 195 252 87 158 115 172 229 157 156 102 146 194 252 175 152 154 83 132 183 142 262 150 125 157 95 150 180 112 176 89 173 89 167 238 130 104 101 191 205 168 149
2062 16 89 136 187 253 103 141 93 129 191 238 87 147 115 172 227 143 158 88 127 190 252 167 146 144 77 132 183 142 262 146 123 155 91 150 180 106 172 85 161 89 161 228 130 104 101 181 201 168 149
2062 16 89 136 187 253 103 141 103 129 191 238 87 160 115 174 229 143 160 102 142 194 252 175 152 160 81 132 183 142 262 150 123 155 92 150 184 112 176 95 165 89 167 238 130 104 103 181 211 168 153
2063 16 89 134 181 253 103 135 97 129 189 238 87 158 108 178 227 143 156 90 127 188 252 173 146 154 81 132 183 142 260 150 125 153 91 150 180 110 172 89 161 89 167 228 114 98 99 181 201 144 151
2063 16 89 136 181 253 103 135 103 149 191 238 89 162 113 178 229 143 158 102 142 194 252 173 152 154 83 132 183 142 262 150 129 155 95 150 180 112 176 89 161 89 167 238 130 98 103 181 205 166 153
2064 16 89 134 181 253 103 141 93 129 191 238 87 158 113 174 233 143 158 90 127 190 252 167 146 144 81 132 179 142 260 150 125 153 94 150 180 112 172 85 161 89 167 228 130 98 95 181 201 166 145
2064 16 89 136 187 253 103 141 103 129 191 238 89 158 113 178 233 143 158 90 142 194 252 173 166 160 83 132 183 148 262 150 129 155 95 150 180 112 172 89 161 91 167 228 130 104 101 191 205 168 153
2065 16 89 136 181 253 103 135 103 129 191 238 87 158 108 174 229 143 156 90 142 190 244 167 152 144 77 126 165 142 262 150 125 155 91 150 180 112 166 85 161 91 167 228 114 92 95 181 205 144 145
2065 16 89 136 181 253 103 141 103 149 195 252 89 162 115 174 231 143 158 90 142 194 252 177 152 160 77 132 183 142 262 150 125 155 91 150 180 112 166 89 173 91 167 238 132 92 103 181 205 166 153
2066 16 89 134 187 253 103 135 103 129 189 238 87 158 115 174 227 143 158 90 142 190 252 167 146 152 77 124 179 138 262 150 123 153 91 146 180 112 172 85 159 89 167 224 128 92 101 181 211 142 151
2066 16 91 136 187 253 103 145 103 129 189 238 89 162 115 174 229 143 158 102 142 194 252 177 152 154 83 132 183 142 262 150 125 155 91 150 194 112 176 89 161 89 167 236 130 98 101 181 211 144 153
2067 16 91 134 187 241 103 135 91 129 191 238 89 158 115 172 229 143 158 90 127 194 252 167 146 154 77 124 175 142 260 146 125 155 91 150 180 110 170 89 173 87 167 224 128 98 101 181 201 144 151
2067 16 91 136 187 253 103 141 93 141 191 238 89 161 115 174 233 143 158 90 146 194 252 173 152 156 83 132 175 142 262 148 129 155 91 150 180 112 172 95 173 87 167 238 130 102 103 191 205 166 153
2068 16 89 134 179 253 103 145 93 129 189 232 87 158 108 174 227 143 158 90 127 190 252 175 152 154 81 126 165 138 262 146 125 151 95 150 180 112 172 83 161 81 167 228 130 102 101 181 205 142 151
2068 16 89 136 181 253 103 145 93 129 191 238 89 162 115 176 229 143 160 90 142 190 252 175 152 156 85 132 183 142 262 150 129 155 95 150 180 112 172 89 169 89 167 228 130 102 101 191 205 144 153
2069 16 89 134 179 253 103 141 93 129 191 232 87 160 113 172 229 143 158 90 142 194 252 167 146 154 77 124 175 142 262 146 125 153 91 150 180 110 166 85 159 81 167 228 130 98 95 181 207 142 145
2069 16 91 136 181 253 103 141 103 129 195 252 89 162 115 174 233 143 158 102 142 194 252 167 152 160 83 132 183 148 262 150 125 155 94 150 180 112 166 89 165 91 167 238 132 102 101 191 211 166 153
2070 16 89 136 181 253 103 135 103 129 189 232 89 147 113 172 227 143 158 90 127 190 252 167 146 154 83 124 165 142 262 146 129 155 91 150 180 110 174 89 161 81 167 232 128 92 103 181 201 142 145
2070 16 89 136 187 257 103 141 103 149 191 238 89 158 113 172 229 143 158 90 142 190 254 173 146 160 85 124 175 142 262 150 129 159 91 150 194 112 178 95 173 89 167 238 130 92 103 191 205 158 153
2071 16 91 134 181 253 103 135 93 129 191 252 87 158 115 174 225 143 158 90 142 194 252 167 150 154 77 124 175 142 260 150 129 155 91 148 180 112 170 85 165 81 167 228 130 98 101 181 205 144 145
2071 16 91 136 187 253 103 145 103 129 191 254 89 162 115 178 229 143 160 90 146 194 252 173 152 160 77 124 183 148 260 150 129 155 91 150 180 112 176 85 173 89 167 228 130 104 103 191 211 166 149
2072 16 89 136 181 253 103 135 93 129 189 232 87 158 108 172 231 143 158 90 127 194 252 167 152 152 77 132 183 142 260 150 125 155 91 150 180 110 166 85 161 91 167 236 114 92 99 181 201 158 145
2072 16 91 136 187 253 103 145 97 129 195 232 87 158 115 174 231 143 158 102 140 194 252 173 164 154 77 132 183 142 262 150 125 155 92 150 180 112 172 89 173 91 167 238 130 92 101 181 205 166 149
2073 16 89 136 179 253 103 141 97 129 195 238 87 161 108 172 229 143 156 88 140 188 252 167 152 144 77 122 183 138 262 150 123 153 92 150 180 110 166 89 161 87 167 228 118 96 95 181 205 142 145
2073 16 89 136 179 253 103 141 97 129 195 238 87 162 115 174 233 143 160 90 142 188 252 177 152 160 83 132 183 142 262 150 129 155 94 150 180 110 176 89 169 91 167 236 130 98 95 191 211 166 153
2074 16 89 136 179 253 103 141 93 129 191 232 87 158 108 172 229 143 158 90 146 194 252 173 150 144 83 124 179 138 262 146 125 155 91 150 180 110 170 89 161 81 167 224 128 98 101 181 205 166 149
2074 16 89 136 181 253 103 141 103 129 191 238 89 158 113 178 233 143 158 90 148 194 252 177 154 152 83 132 183 142 262 150 129 155 92 150 196 110 176 89 161 89 167 228 130 102 103 181 211 168 149
2075 16 91 136 187 253 103 135 93 129 189 238 89 158 113 176 227 143 156 90 127 188 252 163 146 154 77 124 165 142 262 150 125 155 91 146 180 110 172 85 161 89 167 228 130 102 101 181 205 166 145
2075 16 91 136 187 253 103 141 93 129 189 252 89 158 113 176 229 143 156 102 142 190 252 173 146 160 83 132 183 142 262 150 129 155 91 150 180 112 176 89 161 89 167 228 132 102 103 191 205 166 151
2076 16 89 134 181 253 103 141 85 129 189 238 87 158 115 172 225 143 156 90 142 190 252 167 152 154 77 124 183 138 262 150 125 155 91 150 180 110 170 89 161 81 167 236 128 98 95 177 205 144 149
2076 16 91 136 187 253 103 141 103 149 195 238 87 162 115 174 229 143 156 90 142 190 252 177 152 160 77 132 183 142 262 150 125 157 92 150 180 112 176 89 161 89 167 238 132 104 101 181 205 168 153
2077 16 89 136 187 253 103 141 93 129 191 238 87 158 115 174 225 143 160 90 140 188 252 173 152 154 77 132 175 142 262 140 125 155 91 150 180 108 166 85 165 87 167 228 130 102 101 181 205 144 145
2077 16 89 138 187 253 103 141 103 143 191 238 89 160 115 174 229 143 160 90 142 190 254 177 152 154 77 132 183 150 262 150 129 159 92 150 180 110 166 89 165 89 167 238 130 102 103 191 205 168 149
2078 16 91 136 179 253 103 141 93 129 191 238 87 158 108 172 227 143 156 90 140 190 252 173 146 144 77 124 175 142 260 150 123 155 91 150 180 110 166 95 159 91 167 228 130 102 95 181 201 144 149
2078 16 91 136 181 253 103 141 97 129 195 252 89 160 108 174 229 143 158 90 142 194 252 177 152 154 81 124 179 148 262 150 129 155 95 150 196 110 172 95 161 91 167 228 132 104 103 181 205 166 153
2079 16 89 134 179 253 103 135 91 129 189 232 87 158 113 172 229 143 156 90 142 190 252 167 146 144 77 124 175 142 260 140 125 153 91 150 180 110 170 89 161 85 167 228 130 98 101 181 205 144 151
2079 16 91 138 191 253 103 141 103 129 191 238 89 162 115 178 229 143 158 102 146 190 252 177 152 154 77 132 183 142 262 150 129 155 92 150 192 110 172 89 165 89 167 238 130 104 101 181 207 166 153
2080 16 89 136 181 253 103 135 91 129 191 238 87 162 115 172 229 143 154 90 146 190 252 167 146 154 77 132 183 142 260 146 129 155 91 150 180 112 166 89 161 89 167 236 130 102 95 191 205 168 145
2080 16 89 138 187 253 103 141 97 129 191 254 89 170 115 178 233 143 158 90 146 190 252 173 164 154 77 132 183 142 262 150 129 155 95 150 180 112 172 89 169 89 167 236 130 104 101 191 205 170 149
2081 16 91 134 179 253 103 141 93 129 189 232 87 162 108 174 229 143 156 90 127 194 252 167 146 154 77 124 175 142 260 146 125 153 91 146 180 110 166 89 159 89 167 228 130 98 95 181 211 166 145
2081 16 91 136 187 269 103 141 103 129 191 238 87 162 115 174 231 143 158 90 142 194 252 177 152 154 83 132 183 142 262 150 129 155 91 150 180 112 172 89 165 91 167 238 132 102 101 191 211 168 151
2082 16 89 134 181 253 103 141 93 129 191 232 87 147 108 178 227 143 156 90 127 194 252 177 152 154 77 124 175 142 260 140 125 155 91 150 180 112 170 83 165 89 167 236 130 92 101 181 205 158 149
2082 16 89 136 181 271 103 141 103 129 191 252 89 158 113 178 231 143 158 90 127 194 252 177 152 154 83 124 183 142 260 150 125 155 95 150 184 112 176 89 173 89 167 238 130 102 103 181 215 158 151
2083 16 89 134 181 253 103 135 93 129 189 238 87 158 115 172 225 143 156 90 127 188 246 177 146 154 77 124 175 138 260 150 125 155 91 150 180 112 166 89 161 81 167 224 130 92 95 177 205 166 147
2083 16 91 140 187 253 103 141 97 149 191 238 87 161 115 176 227 143 158 90 142 190 252 177 154 160 77 124 179 142 262 150 125 155 95 150 196 112 166 89 167 89 167 228 130 102 103 191 207 168 149
2084 16 89 136 181 253 103 141 93 129 191 232 87 158 113 174 227 143 156 90 127 194 252 173 146 152 77 124 175 142 262 146 123 155 91 150 180 106 172 89 165 85 167 236 130 92 95 191 205 144 145
2084 16 89 136 181 253 103 141 103 141 195 238 87 162 113 176 229 143 158 90 142 194 252 177 152 160 83 132 179 142 262 150 125 157 91 150 184 112 172 89 165 91 167 238 130 102 101 191 211 168 151
2085 16 91 136 181 249 103 135 89 141 191 232 89 158 115 174 229 143 158 90 142 194 252 173 152 152 83 126 175 142 260 150 125 155 91 150 180 112 172 89 161 85 167 228 114 96 101 181 205 144 149
2085 16 91 138 181 253 103 141 103 149 191 238 89 161 115 178 231 143 158 102 146 194 252 173 152 154 85 132 183 142 262 150 129 155 92 150 184 112 176 95 161 89 167 228 130 104 103 191 207 158 149
2086 16 89 136 181 253 103 141 93 129 189 232 87 158 115 174 227 143 156 90 142 188 250 167 152 144 81 124 175 138 262 146 125 155 92 146 180 110 172 89 161 87 167 228 114 102 101 181 205 142 145
2086 16 91 136 187 269 104 145 103 129 195 238 87 158 115 176 229 143 158 90 146 190 252 177 152 152 83 132 175 142 262 146 125 155 95 148 196 112 172 95 165 89 167 228 130 104 101 191 205 168 147
2087 16 89 134 179 253 103 141 91 141 191 238 87 160 115 172 229 143 156 90 146 194 252 167 146 144 77 132 175 142 260 148 125 155 91 150 180 110 170 89 169 87 167 238 130 96 95 181 205 158 145
2087 16 91 134 187 253 103 141 93 141 195 254 89 161 115 174 233 143 158 102 146 194 252 173 152 154 83 132 183 142 262 150 129 155 92 150 184 110 172 95 173 89 167 238 130 98 103 191 211 166 151
2088 16 89 136 179 253 103 145 97 129 191 238 87 147 113 172 225 143 158 102 140 190 250 173 146 144 77 132 175 142 256 150 125 155 91 150 180 106 170 85 165 89 167 228 130 98 95 181 205 142 149
2088 16 89 138 187 269 103 145 103 149 195 252 87 158 113 176 225 143 160 102 148 190 252 177 154 154 83 132 179 142 262 150 129 157 95 150 194 112 172 89 173 89 167 238 132 102 101 191 205 166 153
2089 16 89 138 187 253 103 141 91 129 191 238 87 158 108 172 229 143 156 90 140 190 252 167 152 160 83 124 183 138 262 150 125 155 91 150 180 112 166 85 165 89 167 224 130 102 95 181 205 144 153
2089 16 91 138 187 253 103 141 103 141 191 252 89 158 113 172 229 143 158 102 148 194 252 173 152 160 83 126 183 142 262 150 129 157 92 150 196 112 166 89 165 89 167 228 130 102 95 181 211 166 153
2090 16 91 134 179 253 103 135 93 141 189 238 87 160 115 172 231 143 156 90 142 194 250 173 146 144 77 132 175 142 260 140 125 155 92 150 180 110 170 85 161 81 167 224 130 92 95 181 205 158 145
2090 16 91 136 179 269 103 141 103 141 191 238 89 161 115 172 233 143 158 90 146 194 252 173 152 160 83 132 183 142 262 148 129 155 95 150 180 112 172 89 173 89 167 238 130 96 101 191 211 166 153
2091 16 89 134 179 253 103 141 85 129 189 232 87 158 113 174 229 143 156 90 127 190 250 167 146 154 83 124 183 142 260 146 129 155 91 150 180 110 166 89 161 81 167 228 128 98 101 181 201 158 149
2091 16 89 136 187 271 103 141 103 129 191 238 87 162 115 176 229 143 158 90 142 194 252 173 154 154 83 124 183 142 262 146 129 155 92 150 184 112 172 89 173 91 167 228 132 102 103 181 205 168 153
2092 16 89 134 179 253 103 135 85 129 191 232 87 158 113 172 229 143 154 90 140 188 252 167 152 154 77 132 183 142 262 146 125 155 91 150 180 106 172 85 161 81 167 228 130 102 103 181 205 158 153
2092 16 89 136 179 253 103 147 93 129 191 238 87 162 113 174 233 143 158 90 148 190 252 173 152 160 83 132 183 142 262 150 129 155 91 150 180 110 172 89 165 89 167 236 130 102 103 181 205 166 153
2093 16 89 138 187 253 103 141 93 129 189 232 87 158 115 172 227 143 158 90 127 190 252 167 146 154 83 132 175 142 262 150 125 155 91 150 180 112 172 89 159 87 167 228 130 92 95 181 205 166 149
2093 16 89 138 187 253 103 147 103 129 191 252 89 158 115 172 229 143 160 102 140 194 252 177 146 154 83 132 183 142 262 150 125 155 91 150 196 112 172 95 161 89 167 238 130 104 101 191 211 168 153
2094 16 89 134 181 253 103 135 97 129 191 232 87 147 108 172 227 143 158 90 142 194 252 173 152 144 77 124 183 138 262 150 125 155 91 150 180 112 176 85 161 89 161 238 128 102 99 181 205 144 149
2094 16 91 136 187 253 103 141 103 129 195 238 89 162 108 178 227 143 158 90 142 194 252 177 154 154 77 132 183 142 262 150 129 159 91 150 196 112 176 89 161 89 167 238 132 104 101 191 211 168 151
2095 16 91 134 187 253 103 141 103 129 189 238 87 158 115 172 225 143 156 90 142 194 252 167 146 154 77 124 175 142 260 150 125 151 91 148 180 110 170 85 161 89 167 224 130 98 95 181 205 142 149
2095 16 91 136 187 253 103 145 103 149 191 254 89 162 115 174 227 143 158 90 146 194 252 167 152 160 77 132 175 142 260 150 129 159 92 150 180 112 172 89 161 89 167 238 132 104 101 181 211 166 153
2096 16 89 136 187 253 103 135 93 129 191 232 87 158 115 172 229 143 158 90 142 188 252 173 146 154 77 124 175 142 260 140 129 155 91 150 180 110 172 89 161 89 167 236 130 102 101 181 205 144 151
2096 16 89 138 187 253 103 141 103 129 191 252 87 162 115 174 229 143 160 90 142 194 252 173 154 154 83 132 183 142 262 146 129 159 91 150 184 112 176 89 173 89 167 238 132 102 101 181 211 168 151
2097 16 89 134 179 253 103 141 85 129 191 238 87 158 115 174 227 143 156 90 140 190 252 167 152 160 77 124 165 142 262 150 125 155 92 150 180 110 170 89 161 81 167 228 114 98 99 181 211 166 145
2097 16 91 140 179 253 103 141 93 149 195 238 87 158 115 174 229 143 158 102 142 190 252 173 152 160 83 124 183 142 262 150 129 159 94 150 180 112 172 95 161 91 167 238 128 98 101 181 215 166 149
2098 16 89 134 179 241 103 135 97 129 191 232 87 158 108 172 227 143 156 88 142 194 252 173 146 154 81 124 183 138 256 150 125 155 92 150 180 106 170 83 173 89 167 224 128 98 95 191 201 166 145
2098 16 91 138 181 269 103 141 97 129 191 238 89 158 113 176 229 143 156 102 142 194 252 173 146 160 81 132 183 142 262 150 129 155 92 150 196 110 172 85 173 89 167 238 130 102 103 191 211 168 151
2099 16 91 134 181 269 103 141 85 141 189 238 87 158 113 174 229 143 158 90 140 188 252 177 150 154 81 124 175 138 262 146 129 155 91 150 180 112 170 85 165 81 167 228 114 102 95 181 205 144 147
2099 16 91 138 187 269 103 145 89 141 191 252 87 162 115 174 229 143 158 90 140 194 252 177 152 160 83 132 175 142 262 148 129 155 91 150 196 112 172 89 169 89 167 228 130 102 103 181 205 168 149
2100 16 89 134 181 253 103 141 91 129 189 238 87 158 108 172 227 143 158 88 127 190 252 167 146 154 81 124 175 142 262 140 125 155 95 150 180 112 172 89 161 89 167 228 130 102 101 181 205 142 151
2100 16 89 136 181 253 103 145 93 129 191 238 89 158 115 176 229 143 158 90 140 190 252 175 152 156 83 132 175 142 262 146 125 157 95 150 196 112 176 95 161 89 167 238 130 102 101 181 205 166 153
2101 16 89 136 179 249 103 141 97 129 189 238 87 158 113 172 227 143 156 90 142 190 252 167 152 144 77 132 183 142 262 140 125 155 91 146 180 106 170 89 161 85 167 224 130 98 95 177 205 144 151
2101 16 89 138 187 271 103 141 103 129 191 238 87 158 115 176 229 143 158 90 142 190 252 167 152 154 83 132 183 142 262 150 129 157 92 150 184 112 172 89 173 87 167 238 132 102 103 181 211 168 153
2102 16 89 134 181 249 103 141 85 129 191 238 87 147 113 174 227 143 156 90 127 194 252 173 152 154 77 -9 183 138 262 150 125 155 91 150 180 110 166 89 161 89 167 228 128 104 101 181 201 144 149
2102 16 91 134 181 253 103 141 97 129 191 252 87 158 113 176 231 143 158 90 142 194 252 177 154 156 83 -9 183 142 262 150 125 155 91 150 180 110 170 89 165 89 167 238 130 104 103 181 207 158 153
2103 16 89 136 179 253 103 135 93 129 189 238 87 158 115 172 229 143 156 102 140 188 252 177 146 154 83 132 183 142 262 150 125 157 91 146 180 110 172 89 161 89 167 228 128 98 95 181 205 144 145
2103 16 91 138 187 253 103 145 97 129 195 238 89 160 115 174 229 143 160 102 148 188 252 177 154 154 83 132 183 142 262 150 129 159 92 150 180 112 176 89 161 89 167 238 130 102 101 181 207 144 153
2104 16 89 136 181 253 103 141 93 129 191 238 87 158 108 172 225 143 158 90 127 194 252 173 146 152 77 132 183 142 260 150 125 159 91 150 180 110 172 83 167 81 167 224 128 102 101 181 201 142 149
2104 16 91 138 187 253 103 145 97 129 195 238 89 162 115 178 229 143 158 102 142 194 252 173 146 154 83 132 183 142 260 150 129 159 92 150 180 112 172 89 169 89 167 238 128 104 101 191 215 142 153
2105 16 91 138 187 253 103 145 103 129 189 232 87 160 108 172 227 143 158 90 127 194 252 167 152 160 77 124 175 142 260 150 125 155 91 150 180 112 170 85 161 87 167 228 130 98 95 181 201 166 149
2105 16 91 138 187 253 103 145 103 129 191 232 89 162 113 174 227 143 160 90 146 194 252 167 152 160 81 124 183 142 260 150 125 159 91 150 180 112 170 89 173 89 167 238 132 104 103 191 211 166 153
2106 16 89 136 181 253 103 135 97 129 189 238 87 162 108 172 229 143 156 90 127 190 252 167 152 144 77 124 175 142 260 146 125 155 91 150 180 110 166 89 161 89 161 228 130 102 95 181 205 158 149
2106 16 89 136 187 253 103 145 103 143 191 238 89 170 115 174 229 143 158 102 142 194 252 177 166 154 77 132 183 142 262 150 129 155 91 150 196 110 172 95 161 89 167 228 130 104 101 191 205 168 151
2107 16 89 138 179 241 103 135 93 129 191 232 87 158 115 172 225 143 160 90 127 194 252 167 146 154 77 124 165 142 262 150 125 155 91 150 180 106 170 83 161 89 167 228 130 102 95 181 205 166 149
2107 16 89 138 181 253 103 145 103 141 195 238 87 162 115 176 229 143 160 90 142 194 252 177 152 154 83 132 183 142 262 150 125 159 91 150 180 110 172 89 165 89 167 238 130 104 101 181 205 168 151
2108 16 89 134 181 253 103 141 97 129 189 232 87 147 113 172 227 143 156 90 142 188 252 167 152 144 83 124 183 142 262 146 125 155 91 150 180 106 166 89 165 87 167 238 128 98 95 177 205 144 147
2108 16 89 138 187 269 103 141 103 149 189 238 89 158 115 174 229 145 158 90 142 190 252 175 152 160 83 132 183 142 262 150 129 157 91 150 180 110 172 95 167 91 167 238 130 104 103 181 211 168 149
2109 16 89 136 179 253 103 141 93 129 191 232 87 158 108 172 227 143 156 102 140 188 250 177 146 154 81 124 165 142 260 150 125 155 91 146 180 112 172 85 159 81 167 228 128 102 101 181 205 144 145
2109 16 91 136 181 253 103 141 103 149 191 238 87 160 115 176 227 143 158 102 140 194 252 177 152 154 81 124 183 148 262 150 129 155 91 150 184 112 172 89 161 87 167 238 132 102 101 191 205 158 149
2110 16 89 136 187 253 103 135 97 129 195 232 87 147 113 172 225 143 158 90 127 194 252 167 146 154 77 132 165 142 262 150 125 155 91 146 180 106 166 83 165 89 167 228 128 102 95 181 205 166 149
2110 16 89 138 187 269 103 145 103 141 195 238 87 158 115 172 227 143 160 102 127 194 252 177 152 160 83 132 183 142 262 150 125 157 91 150 180 110 172 89 173 89 167 228 130 104 101 181 207 168 149
2111 16 89 134 181 253 103 141 103 129 191 238 87 158 113 172 227 143 158 90 127 190 252 167 146 154 77 124 175 142 260 150 129 155 95 150 184 110 170 89 161 89 161 238 130 98 95 181 205 158 153
2111 16 91 136 181 269 103 141 103 129 191 238 89 162 115 176 229 143 158 90 146 194 252 173 152 160 83 132 175 142 262 150 129 155 95 150 196 112 172 89 165 89 167 238 130 104 103 181 205 166 153
2112 16 89 136 179 253 103 135 97 129 191 238 87 158 108 174 227 143 158 90 142 190 252 177 146 144 77 126 175 142 262 150 125 155 91 150 180 90 166 85 161 87 167 224 130 92 95 181 205 158 147
2112 16 91 138 181 253 103 141 103 149 191 238 89 162 108 174 229 143 158 90 142 194 252 177 152 154 83 132 183 150 262 150 125 155 91 150 196 106 172 85 161 91 167 238 132 102 101 181 215 166 151
2583 16 89 136 181 241 -9 135 93 129 189 232 89 147 108 176 227 143 158 90 142 190 252 167 146 144 83 124 179 138 260 140 129 155 91 148 180 110 166 85 165 87 167 236 130 98 95 181 205 158 149
2583 16 91 136 181 253 -9 141 103 129 195 238 89 158 113 178 229 143 158 90 146 194 252 177 152 154 83 124 183 142 262 146 129 155 95 150 180 112 166 89 173 89 167 238 130 102 101 191 211 166 149
2584 16 91 134 187 253 -9 -9 93 129 191 252 89 158 113 174 229 143 158 88 128 190 252 167 146 160 77 124 183 142 260 140 123 155 92 146 180 110 166 85 161 81 167 228 114 98 95 181 201 158 145
2584 16 91 136 187 269 -9 -9 103 129 191 252 89 162 115 178 229 143 160 102 142 194 252 173 152 160 83 124 183 142 262 150 125 155 95 150 180 112 172 89 161 87 167 238 130 102 95 191 215 158 152
2587 16 89 134 187 253 103 145 103 129 189 232 87 158 108 174 229 143 158 90 142 194 252 173 146 154 77 124 183 138 -9 150 125 155 91 150 180 112 172 89 161 87 167 228 128 102 101 181 201 158 149
2587 16 91 136 187 269 103 145 103 141 191 238 87 158 113 178 229 143 158 102 146 194 252 173 152 160 83 124 183 142 -9 150 129 159 95 150 184 112 172 89 173 89 167 238 128 104 101 181 205 158 153
2590 16 89 136 187 253 103 141 93 129 191 238 87 158 108 172 227 143 154 90 142 194 250 167 152 154 77 124 175 142 262 150 129 153 -9 150 180 110 170 85 161 89 161 224 114 92 95 181 201 166 149
2590 16 89 138 187 253 103 145 93 143 191 238 89 158 115 174 229 143 160 90 146 194 252 173 164 160 83 124 183 142 262 150 129 155 -9 150 184 112 172 85 165 89 167 228 114 104 103 191 205 166 151
2591 16 89 136 181 253 103 141 103 129 191 232 87 158 113 172 229 143 156 90 128 194 252 173 152 152 77 124 165 138 262 150 125 155 91 150 184 106 166 89 161 85 167 228 130 -9 -9 181 205 144 -9
2591 16 91 136 187 253 103 141 103 141 191 238 89 162 115 174 231 143 158 90 142 194 252 173 152 154 77 132 175 142 262 150 129 157 91 150 192 112 172 89 165 89 167 238 130 -9 -9 191 207 168 -9
87 2 89 134 179 241 103 141 103 129 191 232 87 160 113 174 227 143 158 90 142 188 246 177 152 144 83 124 165 138 260 146 129 155 91 150 180 106 166 85 161 87 167 238 130 96 103 181 205 142 149
87 2 93 136 187 253 103 147 103 143 195 252 87 161 113 176 229 143 160 90 148 190 250 177 166 154 83 124 183 148 260 150 129 155 91 150 198 112 176 89 165 89 167 238 132 102 103 181 205 158 151
88 2 91 136 179 253 103 135 93 129 189 232 87 158 113 174 227 143 158 90 140 190 252 167 146 154 83 124 175 142 260 148 129 155 91 150 180 110 172 85 161 89 167 224 130 102 99 181 205 158 151
88 2 91 136 187 253 103 135 97 141 191 238 89 158 113 174 229 143 158 90 142 194 252 177 152 156 83 124 183 142 262 148 129 155 94 150 196 112 176 89 165 89 167 228 132 102 103 181 205 166 153
90 2 89 136 179 253 103 141 97 129 191 238 87 147 113 174 227 143 156 90 127 188 250 173 152 144 81 124 165 142 262 150 125 155 91 150 180 112 166 89 161 87 167 228 128 92 95 181 205 144 151
90 2 89 140 187 253 103 141 103 141 191 252 87 158 115 174 229 143 158 90 142 190 252 177 154 152 83 126 175 148 262 150 129 159 92 150 184 112 172 89 161 89 167 228 130 98 101 181 207 158 153
92 2 89 136 179 241 103 135 93 143 191 232 87 147 115 174 227 143 158 90 140 190 252 173 146 156 83 124 175 142 260 148 125 155 91 150 180 110 166 85 161 89 161 238 130 92 99 177 205 142 151
92 2 91 138 187 249 103 145 97 149 191 232 87 160 115 174 229 143 158 102 142 194 252 177 152 160 83 124 175 142 262 150 129 157 92 150 184 112 172 89 173 89 167 238 132 98 101 181 207 144 153
96 2 91 134 179 253 103 141 97 129 191 238 87 158 113 172 229 143 154 90 127 190 252 167 152 154 77 124 175 138 262 148 125 155 91 150 180 106 166 85 161 85 167 228 128 102 95 181 205 142 151
96 2 91 140 179 271 103 141 103 129 191 238 87 160 113 176 229 143 156 102 140 194 252 167 152 154 83 132 183 138 262 150 129 155 91 150 180 110 172 85 173 89 167 228 130 104 101 191 207 168 151
97 2 89 134 179 241 103 141 93 129 189 232 89 147 113 172 229 143 158 90 142 190 252 177 146 160 81 124 183 142 260 146 125 155 91 150 198 112 170 89 161 89 167 228 128 92 95 181 205 158 149
97 2 91 134 187 253 103 145 103 143 191 238 91 158 115 174 229 143 160 90 146 194 252 177 152 160 83 132 183 142 262 150 125 155 92 150 198 112 172 89 161 89 167 228 130 102 101 191 205 158 151
105 2 89 136 187 253 103 135 93 129 191 232 87 147 108 174 227 143 156 90 140 188 246 167 152 144 83 124 175 138 260 150 125 155 91 150 198 106 166 89 165 81 167 228 130 102 95 181 207 142 145
105 2 89 136 187 271 103 147 103 143 191 238 89 147 115 174 229 143 158 90 142 194 252 177 152 152 83 124 175 148 262 150 129 159 94 150 198 112 166 89 169 89 167 228 132 104 99 181 211 158 151
120 2 91 136 181 241 103 147 93 143 191 232 87 147 108 172 227 143 158 90 140 194 246 173 152 160 81 124 165 148 262 148 129 155 91 148 196 112 166 85 161 87 167 228 130 92 101 181 205 142 151
120 2 91 136 187 241 103 147 103 143 191 238 87 158 108 174 231 143 158 102 140 194 246 177 152 160 81 124 183 148 262 150 129 155 91 150 198 112 176 89 161 89 167 228 132 102 103 181 205 142 151
123 2 89 136 179 253 103 141 103 129 189 238 87 158 108 172 225 143 158 90 140 190 252 167 152 144 77 132 183 142 262 150 125 155 91 150 180 112 172 89 165 89 167 228 130 98 101 177 205 144 149
123 2 91 136 179 253 103 145 103 141 191 238 89 162 115 174 229 143 160 102 140 190 252 177 154 144 83 132 183 148 262 150 129 159 92 150 196 112 176 89 173 89 167 228 132 102 103 181 207 168 153
128 2 89 136 179 253 103 141 97 129 189 238 87 158 113 174 229 143 156 90 128 190 252 167 146 144 77 124 175 142 260 150 125 155 91 150 180 110 166 85 161 81 167 228 130 98 101 181 211 158 151
128 2 91 138 181 269 103 141 97 129 191 238 89 158 115 174 229 143 156 90 142 194 252 177 152 156 83 132 183 148 262 150 129 155 94 150 180 110 170 89 173 91 167 228 130 104 101 181 211 168 151
129 2 93 134 187 253 103 141 93 129 189 232 87 147 108 172 227 143 156 90 142 190 250 167 152 154 83 124 175 138 260 140 125 153 92 150 180 112 170 89 161 89 167 228 132 102 101 177 207 166 153
129 2 93 136 187 269 103 147 103 129 195 238 87 158 115 174 229 143 158 90 146 190 252 177 154 154 83 132 183 142 262 150 129 155 92 150 180 112 174 89 165 89 167 228 132 102 103 181 215 168 153
132 2 91 136 179 241 103 147 97 129 189 232 87 147 113 174 229 143 158 90 140 190 252 167 164 160 81 124 165 142 260 150 125 155 91 150 180 112 176 85 161 81 167 224 130 92 99 177 205 158 147
132 2 91 138 187 253 103 147 103 143 191 252 87 162 113 174 229 143 160 90 142 194 252 177 166 160 83 124 165 148 260 150 129 155 91 150 184 112 176 89 173 89 167 238 130 92 101 181 211 166 151
504 2 89 134 187 241 103 141 93 129 189 232 87 147 108 172 227 143 158 90 140 190 250 167 152 144 81 124 183 138 260 146 129 155 92 148 180 110 176 89 161 89 167 228 114 104 103 177 205 142 153
504 2 89 136 187 241 103 145 103 141 191 238 89 158 113 174 229 143 158 102 142 190 252 177 154 154 81 124 183 142 262 150 129 155 92 150 180 112 176 95 165 89 167 228 130 104 103 181 207 166 153
505 2 89 136 187 253 103 135 103 129 191 232 89 158 108 174 229 143 160 90 140 190 250 177 146 154 81 132 175 138 260 150 123 155 91 146 180 106 172 85 161 89 161 228 128 92 101 181 205 144 151
505 2 93 136 187 253 103 147 103 149 191 238 91 158 115 174 233 143 160 90 140 190 252 177 166 154 81 132 183 142 262 150 129 155 91 150 184 112 176 89 161 89 167 238 132 102 103 181 215 158 153
506 2 91 134 187 253 103 141 93 143 189 238 89 158 115 174 233 143 158 88 140 190 252 173 152 154 81 124 179 142 262 146 129 155 91 150 180 112 166 83 161 87 167 228 130 92 101 177 211 158 153
506 2 93 136 187 253 103 145 103 149 191 252 91 162 115 174 233 143 160 88 142 194 252 175 152 160 83 124 183 142 262 150 129 159 92 150 194 112 170 85 161 89 167 238 130 104 101 181 215 166 153
507 2 89 136 187 241 103 135 93 129 191 232 87 158 115 172 227 143 156 90 140 194 252 177 152 144 81 124 175 138 260 146 123 155 91 150 184 110 170 89 161 89 161 228 130 102 95 177 205 142 151
507 2 91 136 187 253 103 141 103 143 195 252 89 160 115 174 233 143 158 90 142 194 252 177 152 154 83 132 183 142 262 146 129 155 92 150 184 112 176 89 165 89 167 228 132 102 101 181 205 142 151
508 2 89 136 179 241 103 135 89 129 189 238 87 158 113 172 227 143 158 90 140 188 252 177 152 152 83 124 165 138 260 148 129 155 91 150 180 112 170 89 161 89 167 228 132 98 95 177 201 156 149
508 2 91 136 181 271 103 145 97 141 191 252 89 162 113 174 229 143 158 90 142 194 252 177 166 154 83 124 183 142 260 150 129 155 95 150 196 112 172 89 169 89 167 228 132 104 99 181 207 158 151
509 2 91 136 187 253 103 141 93 129 191 232 87 158 113 172 229 143 156 90 127 188 252 177 146 144 81 124 183 142 262 146 125 155 91 150 180 112 172 83 161 87 167 228 130 92 95 181 211 144 151
509 2 93 136 187 253 103 145 103 143 191 252 87 162 115 174 233 143 158 90 142 194 252 177 152 160 81 124 183 148 262 150 129 155 91 150 194 112 176 89 169 89 167 238 132 102 103 181 215 164 151
510 2 91 136 179 253 103 135 93 143 189 238 87 147 113 174 227 143 158 90 138 194 252 173 146 144 83 124 175 142 260 146 125 155 91 150 196 110 176 89 165 85 167 228 130 92 99 177 205 142 151
510 2 91 136 179 253 103 141 103 143 191 238 89 160 113 174 233 143 160 90 142 194 252 177 166 156 83 124 183 142 262 148 129 155 92 150 198 112 176 89 169 89 167 238 132 102 103 181 207 158 153
511 2 91 134 179 249 103 135 93 129 191 232 89 158 113 172 227 143 158 90 140 188 252 167 146 154 83 124 183 138 262 150 129 155 91 150 180 110 172 83 161 85 167 228 130 96 101 177 205 158 149
511 2 91 138 187 253 103 147 97 141 191 238 89 160 115 174 227 143 158 90 142 194 252 177 152 160 83 132 183 142 262 150 129 155 94 150 198 112 176 85 169 85 167 228 130 102 103 191 207 166 149
512 2 89 136 179 241 103 135 89 129 189 232 87 147 115 172 227 143 158 90 127 190 252 167 146 154 83 124 183 138 260 146 129 155 92 150 180 112 166 89 161 85 167 228 130 102 103 181 205 158 149
512 2 91 136 187 253 103 141 93 149 191 238 87 158 115 174 231 143 158 90 142 194 252 177 152 154 83 132 183 142 262 150 129 155 92 150 180 112 172 89 161 87 167 228 130 102 103 181 211 166 151
513 2 89 136 179 241 103 135 93 129 189 232 87 147 108 174 225 143 158 90 142 194 246 177 146 152 81 132 175 142 262 146 125 155 91 150 184 112 166 85 159 89 167 228 130 92 95 177 205 158 151
513 2 93 136 187 241 103 141 93 143 189 238 87 160 115 174 229 143 158 90 142 194 252 177 152 160 83 132 183 142 262 150 129 155 91 150 194 112 176 89 161 89 167 238 132 102 103 181 205 168 151
514 2 89 134 179 253 103 135 97 129 189 232 87 147 115 172 229 143 156 90 140 188 246 167 152 154 83 124 175 138 260 150 125 155 91 146 180 110 172 85 173 85 167 228 128 98 101 177 207 144 145
514 2 91 134 187 271 103 141 103 129 191 238 89 158 115 176 233 143 160 90 142 190 252 177 152 156 83 132 183 138 262 150 125 155 91 150 180 110 172 89 173 89 167 228 128 102 101 181 211 158 145
515 2 91 136 179 241 103 135 89 141 189 232 87 158 113 172 231 143 156 90 140 190 246 173 152 154 77 124 179 138 260 148 125 155 91 150 180 112 170 89 161 89 161 228 128 98 101 181 205 142 145
515 2 91 138 187 269 103 135 89 143 191 238 89 162 115 174 231 143 158 90 140 190 252 177 166 154 83 124 183 142 262 150 125 159 91 150 196 112 170 89 165 89 167 228 130 104 101 191 211 166 151
558 2 91 136 179 253 103 141 93 129 189 232 87 147 108 174 227 143 158 90 140 190 246 167 152 144 81 124 165 142 260 140 125 155 91 150 180 106 166 89 161 89 167 228 128 92 95 181 207 142 145
558 2 91 136 181 253 103 141 93 129 189 238 89 158 113 174 233 143 158 102 146 194 252 177 166 154 83 132 175 142 262 140 129 155 94 150 184 112 176 89 165 89 167 228 132 102 103 181 207 144 151
559 2 89 136 179 253 103 135 89 129 189 232 87 158 115 172 229 143 156 90 128 190 250 177 152 152 77 124 183 138 262 146 125 155 91 150 180 112 166 89 161 89 167 228 114 92 101 191 205 166 151
559 2 89 138 187 253 103 141 93 129 189 232 87 160 115 174 229 143 158 90 142 194 252 177 154 160 83 132 183 148 262 150 129 159 92 150 180 112 172 89 161 89 167 238 114 102 101 191 207 166 151
560 2 91 136 179 253 103 135 93 129 189 232 87 147 108 172 227 143 156 90 128 188 252 177 152 144 83 132 165 138 262 150 125 155 91 150 180 112 172 85 161 89 161 224 114 98 103 181 205 166 145
560 2 91 138 187 271 103 141 97 143 191 232 89 158 115 172 231 143 158 102 148 190 252 177 152 154 83 132 175 142 262 150 129 155 92 150 196 112 172 85 173 91 167 228 132 102 103 181 211 166 151
561 2 89 136 187 253 103 135 93 129 191 232 89 147 108 172 227 143 156 90 128 188 246 167 146 154 81 126 165 142 260 148 123 155 92 150 180 112 170 85 161 89 167 224 130 92 99 181 207 166 151
561 2 93 136 187 253 103 141 103 129 191 252 91 162 115 174 233 143 160 90 142 190 252 175 152 154 83 132 183 142 262 150 125 155 92 150 184 112 176 89 173 89 167 228 132 102 101 181 211 166 151
562 2 91 136 179 253 103 145 93 129 189 238 89 158 113 172 227 143 158 88 140 188 252 167 146 152 83 124 179 142 260 148 129 155 91 150 196 112 176 85 161 81 167 228 114 92 99 181 205 142 151
562 2 91 138 187 253 103 147 97 129 191 238 91 160 113 174 229 143 160 90 142 194 252 167 166 160 85 126 183 142 260 150 129 159 92 150 198 112 176 89 161 89 167 228 130 98 103 191 205 158 153
563 2 91 134 179 241 103 135 89 141 191 232 87 147 113 174 229 143 158 90 140 190 246 177 164 154 83 124 179 138 260 146 129 155 91 150 198 112 170 85 161 89 167 228 130 102 99 181 201 158 149
563 2 93 136 187 241 103 141 103 143 191 252 89 160 113 174 231 143 158 90 148 190 252 177 166 154 83 124 183 142 262 148 129 159 91 150 198 112 176 89 165 89 167 238 130 102 103 191 205 168 151
564 2 89 134 179 253 103 141 89 129 189 232 87 147 115 174 227 143 156 90 128 194 252 167 152 144 81 124 183 142 262 146 123 155 91 150 180 112 170 89 161 87 167 228 114 92 99 181 205 144 145
564 2 91 138 187 253 103 141 97 143 191 238 87 158 115 174 229 143 158 90 140 194 252 173 152 152 83 124 183 148 262 150 129 159 91 150 198 112 172 89 173 89 167 228 132 102 101 181 211 166 151
136 3 89 136 187 249 103 135 93 129 191 232 87 158 115 172 227 143 158 90 142 188 250 173 146 154 81 124 165 142 260 150 125 153 91 150 180 110 166 89 161 89 161 238 114 102 95 181 207 166 145
136 3 89 140 191 249 103 141 97 129 195 232 91 158 115 176 229 143 160 102 146 190 254 177 158 154 81 124 183 142 260 150 129 155 91 150 184 110 172 89 165 91 167 238 130 102 101 181 207 168 149
138 3 89 136 187 249 103 135 93 129 189 238 87 158 113 172 229 143 156 90 127 190 252 173 152 144 81 124 175 142 262 150 125 155 91 148 180 106 172 89 161 87 167 228 130 92 95 181 205 158 145
138 3 89 138 187 253 103 145 103 129 191 238 87 158 115 174 231 143 158 90 146 194 252 177 152 154 83 124 183 142 262 150 129 159 94 150 196 112 172 89 169 89 167 228 130 96 103 191 211 168 153
140 3 89 136 179 253 103 145 85 129 189 232 87 158 108 172 229 143 160 90 127 188 252 167 152 152 81 124 183 142 260 150 129 155 91 148 180 112 172 89 161 87 167 228 128 102 95 181 211 158 145
140 3 89 138 187 253 103 145 97 141 195 238 87 160 113 174 233 143 160 90 142 190 254 177 152 160 83 132 183 142 260 150 129 157 92 150 180 112 172 89 165 91 167 228 128 102 103 181 215 166 145
141 3 89 138 187 253 103 145 89 129 189 232 87 158 113 172 227 143 156 90 142 194 248 173 152 144 81 124 165 138 262 146 129 155 91 148 180 110 172 85 161 81 167 228 130 92 101 181 201 144 145
141 3 91 138 191 253 104 145 97 149 195 238 91 158 115 172 229 143 158 90 142 194 252 173 152 154 83 132 183 148 262 150 129 155 94 150 180 110 172 89 161 89 167 238 130 98 103 181 205 168 145
144 3 89 136 187 253 103 141 97 129 191 232 87 158 113 172 227 143 156 90 140 190 252 167 152 154 81 126 165 138 262 150 125 155 91 148 180 110 172 89 161 85 167 224 130 98 101 181 205 144 145
144 3 91 138 191 269 103 141 97 141 191 238 87 162 113 176 233 143 160 90 142 194 252 177 158 160 83 132 183 142 262 150 129 159 91 150 196 110 172 89 173 89 167 236 132 102 101 191 211 166 153
146 3 89 136 181 253 103 141 93 129 189 232 87 158 113 172 229 143 156 90 142 190 252 167 146 154 83 124 183 142 262 148 125 155 95 148 180 112 172 89 161 87 161 228 130 98 101 181 205 144 151
146 3 89 136 187 253 103 141 103 143 195 232 87 162 113 178 231 143 158 90 142 194 252 177 154 154 83 132 183 142 262 150 129 159 95 150 180 112 176 89 161 89 161 228 132 104 101 181 211 144 153
148 3 93 136 179 249 103 141 93 141 189 232 87 158 108 172 227 143 158 90 138 190 250 167 152 154 81 124 165 142 260 146 125 157 91 148 180 112 166 85 161 87 161 228 114 104 101 177 211 158 145
148 3 93 140 187 249 103 145 103 149 191 238 87 162 115 180 229 143 160 102 142 190 252 173 166 154 83 132 183 142 260 150 125 159 94 150 180 112 172 89 161 89 167 228 130 104 101 181 215 166 153
150 3 89 138 187 253 103 141 93 129 195 232 87 158 108 172 229 143 156 90 142 194 252 167 152 152 81 124 165 142 262 150 125 153 91 150 180 112 166 89 165 81 167 238 130 102 95 177 211 168 153
150 3 91 138 187 269 103 145 93 143 195 232 87 158 115 172 233 143 158 90 146 194 254 177 152 160 83 132 165 142 262 150 129 155 92 150 180 112 172 89 169 87 167 238 130 104 95 181 211 168 153
152 3 89 136 187 249 103 145 93 129 189 238 87 158 113 172 227 143 156 90 128 188 248 167 152 160 81 124 183 138 260 146 125 155 91 150 180 110 166 85 161 89 167 228 130 96 95 181 211 144 149
152 3 93 138 187 253 103 145 103 149 189 238 89 158 115 172 227 143 158 90 146 194 252 173 152 160 83 124 183 142 262 150 129 155 92 150 180 112 172 89 165 89 167 238 132 102 95 181 211 166 151
666 3 89 136 187 253 103 145 85 129 191 238 87 158 115 172 227 143 156 90 127 190 250 167 146 144 81 124 175 142 262 146 125 153 91 150 180 110 166 89 161 81 167 228 128 102 95 181 207 158 153
666 3 91 136 187 253 103 145 97 129 195 238 87 158 115 172 233 143 158 102 127 194 252 173 146 160 83 126 183 142 262 150 129 155 92 150 184 112 176 95 161 91 167 228 130 104 95 191 215 158 153
667 3 89 136 179 249 103 141 97 129 193 238 87 158 113 172 227 143 158 102 142 190 252 167 152 152 81 124 175 138 260 150 129 153 91 150 180 110 166 89 161 81 167 224 114 92 95 181 211 142 145
667 3 89 136 179 253 103 145 103 129 195 238 89 158 113 174 229 143 158 102 142 194 252 173 158 160 81 124 183 138 260 150 129 155 91 150 184 110 172 89 161 81 167 238 128 104 103 181 211 144 153
668 3 89 138 179 253 103 141 93 129 191 238 87 158 113 176 229 143 158 90 127 190 252 167 146 144 81 124 165 142 262 146 129 155 91 150 180 110 170 85 161 89 167 224 130 102 95 177 207 144 149
668 3 91 140 187 269 103 147 103 143 195 238 91 158 115 178 233 145 158 102 127 190 254 177 152 154 83 132 179 142 262 150 129 155 91 150 180 112 172 85 169 89 167 228 130 102 103 181 207 166 153
669 3 89 136 179 249 103 135 93 129 189 232 87 158 113 172 227 143 158 90 138 190 250 167 152 154 77 122 165 142 262 150 129 155 91 150 196 112 170 89 165 87 167 228 130 96 103 181 205 144 149
669 3 89 136 187 249 103 141 93 129 195 238 89 160 115 172 227 143 160 90 142 194 252 173 152 154 83 132 183 142 262 150 129 155 91 150 196 112 172 89 169 89 167 238 130 96 103 181 211 144 149
670 3 89 136 187 253 103 141 93 129 189 238 87 161 113 172 227 143 158 90 127 194 252 173 152 154 81 124 165 142 260 146 129 155 91 150 180 90 172 89 161 89 167 228 130 102 95 181 207 158 145
670 3 89 138 187 253 103 145 93 149 189 238 89 162 115 172 233 143 158 102 127 194 254 177 152 160 83 124 183 148 260 150 129 157 91 150 180 112 172 89 169 89 167 228 130 102 95 181 211 166 151
684 3 89 136 187 253 103 141 93 129 189 232 87 158 108 172 229 143 156 90 142 190 252 167 152 144 83 124 165 142 262 150 125 153 91 150 180 112 172 89 161 89 167 224 130 96 95 177 205 142 153
684 3 91 138 187 269 103 141 103 143 191 238 87 162 113 172 231 143 158 90 146 194 252 167 152 152 83 132 183 142 262 150 129 155 91 150 184 112 172 89 169 89 167 228 132 104 95 181 211 168 153
685 3 89 138 179 249 103 141 93 141 191 238 89 158 115 172 229 143 154 90 128 190 248 173 146 154 83 124 165 142 260 150 125 155 91 150 180 112 166 85 161 89 167 224 130 102 95 181 211 166 145
685 3 89 138 187 269 103 141 93 143 195 238 91 160 115 172 233 143 156 102 128 194 252 177 158 160 83 132 179 142 262 150 125 157 95 150 180 112 172 89 169 91 167 224 130 102 101 191 211 166 151
686 3 89 136 179 253 103 141 93 129 189 232 87 158 113 172 227 143 158 90 128 190 252 167 146 154 77 124 179 142 260 150 129 155 91 150 180 110 166 89 165 87 161 228 132 98 101 181 201 142 145
686 3 93 140 191 253 103 141 103 129 191 238 91 158 113 172 229 143 158 90 142 190 252 173 166 154 81 124 183 142 262 150 129 159 92 150 180 112 166 89 169 87 167 236 132 98 103 181 207 158 153
687 3 89 138 187 253 103 141 85 129 191 232 87 158 113 172 229 143 156 90 146 194 252 173 146 154 77 124 165 138 262 150 125 155 91 148 184 110 172 89 161 81 167 228 130 102 95 177 207 158 145
687 3 93 140 191 253 103 145 103 141 191 238 87 162 115 176 229 143 158 90 146 194 254 177 152 154 81 132 183 142 262 150 129 155 91 150 196 112 172 89 161 87 167 238 130 104 95 181 211 166 153
688 3 89 136 181 253 103 135 85 129 191 232 87 158 113 172 227 143 156 90 142 194 252 167 146 154 81 132 183 142 260 148 129 153 92 150 184 110 172 89 161 87 161 224 130 -9 95 181 211 144 145
688 3 89 138 187 253 103 141 93 129 195 238 87 162 113 172 229 143 158 90 142 194 252 167 152 154 83 132 183 142 260 150 129 155 92 150 196 112 172 89 161 89 167 228 130 -9 101 181 215 158 153
689 3 89 136 179 253 103 141 89 129 191 232 89 147 113 172 227 143 156 90 128 194 252 173 152 144 83 124 175 138 260 150 129 153 91 148 180 110 166 89 161 87 167 228 130 98 95 181 205 158 153
689 3 89 138 181 253 103 141 93 149 195 238 91 162 113 174 233 145 156 102 142 194 254 173 158 160 83 132 183 150 262 150 129 155 91 150 184 112 166 89 169 89 167 236 130 102 101 181 207 168 153
165 4 89 136 179 253 103 135 103 129 189 232 87 160 115 172 229 143 156 90 127 188 252 173 146 154 77 122 165 138 260 146 123 157 95 146 180 112 170 89 161 89 167 228 130 98 101 181 205 144 151
165 4 91 136 187 253 103 135 103 149 191 252 89 162 115 174 229 143 158 90 146 194 252 177 152 154 77 132 165 142 262 150 125 159 95 150 180 112 170 89 161 89 167 238 130 102 101 181 211 168 153
167 4 89 134 179 253 103 135 93 143 189 238 87 160 115 172 229 143 158 90 127 194 252 173 146 154 77 124 183 142 260 140 125 155 91 150 180 90 170 89 161 87 167 238 130 98 99 181 211 142 149
167 4 89 136 187 253 103 141 103 143 195 252 87 162 115 176 229 143 158 102 127 194 252 177 152 154 83 132 183 142 262 150 125 157 95 150 184 106 172 89 161 89 167 238 132 102 99 191 211 166 151
170 4 89 136 179 253 103 141 93 129 189 232 87 160 115 172 227 143 156 88 127 194 250 173 146 154 77 124 165 142 260 146 125 155 91 146 180 106 172 89 161 81 167 228 130 98 95 181 211 144 147
170 4 91 136 187 269 103 141 103 143 191 252 89 160 115 172 227 143 158 90 142 194 252 173 152 160 77 124 175 142 262 150 129 159 95 150 194 112 172 89 173 89 167 228 132 102 95 181 215 166 149
714 4 91 136 187 241 103 135 89 129 189 232 87 147 115 174 229 143 160 90 127 188 252 167 146 154 77 124 165 142 260 146 125 157 92 150 180 110 166 89 161 87 161 228 130 92 101 181 205 144 151
714 4 91 136 187 253 103 141 93 143 191 238 87 147 115 174 229 143 160 102 127 190 252 177 166 154 85 126 179 142 262 150 129 159 92 150 180 110 176 95 165 89 167 236 130 102 101 181 205 166 151
715 4 91 136 179 253 103 135 103 129 191 238 87 160 108 172 229 143 158 90 127 188 250 165 146 154 83 122 165 138 260 146 125 157 91 146 180 110 166 89 161 89 167 228 130 102 95 181 205 -9 149
715 4 91 136 187 269 104 141 103 143 191 252 89 160 113 174 229 145 158 90 127 194 252 175 152 154 83 124 175 138 262 150 125 159 91 150 180 112 172 89 161 89 167 228 130 102 99 181 211 -9 151
716 4 89 136 181 253 103 135 91 129 191 232 87 158 115 180 229 143 156 90 142 194 252 177 152 154 77 122 165 138 260 140 123 157 91 150 180 106 170 89 161 87 167 238 130 102 101 181 205 142 151
716 4 89 136 187 253 103 141 103 129 195 252 87 160 115 180 229 157 156 90 146 194 252 177 152 154 77 132 183 138 262 146 125 159 95 150 184 112 172 89 161 89 167 238 132 102 101 191 211 144 151
717 4 89 136 179 241 103 135 93 129 189 238 87 160 115 172 227 143 158 90 127 188 250 165 146 154 77 124 175 142 260 148 125 155 -9 146 180 90 172 89 173 81 167 228 130 92 95 181 201 144 149
717 4 91 136 187 269 104 141 93 129 191 252 89 162 115 172 229 145 160 90 142 194 252 177 152 160 81 124 179 142 262 150 129 155 -9 150 198 106 172 89 173 91 167 228 130 102 99 181 215 158 151
2346 4 89 134 185 247 103 137 89 129 195 232 87 158 108 172 231 147 154 90 127 194 250 173 152 144 81 122 165 138 262 152 125 155 91 146 184 106 170 83 161 85 161 236 130 92 99 177 211 142 -9
2346 4 93 134 185 247 103 147 97 143 195 238 87 161 115 178 233 147 156 100 150 200 254 177 152 156 83 132 185 138 262 152 131 157 91 150 198 106 186 89 173 85 161 236 130 92 101 181 211 158 -9
189 5 89 134 185 247 103 141 103 141 191 232 87 160 113 174 225 143 156 90 140 190 250 177 146 144 83 124 181 142 262 146 129 151 95 150 180 106 172 85 161 87 167 228 130 102 95 181 205 166 145
189 5 91 138 185 269 103 147 103 143 195 238 91 162 115 174 231 143 156 102 150 194 252 177 152 154 83 124 183 142 262 148 129 157 95 150 198 112 174 85 173 91 167 236 130 104 101 181 211 166 145
190 5 89 136 185 247 103 135 103 129 189 254 87 160 108 174 225 143 156 90 146 190 250 173 146 144 83 124 175 142 260 146 123 155 95 148 180 106 170 89 173 87 161 228 130 104 95 181 211 142 145
190 5 91 136 187 247 103 145 103 129 191 254 91 162 115 174 229 143 158 90 150 190 252 175 162 154 83 132 175 142 262 148 129 155 95 150 180 108 172 89 173 87 167 240 130 104 103 181 211 144 149
193 5 89 134 185 247 99 135 97 129 189 232 89 160 113 172 229 143 156 90 148 188 252 167 152 144 77 124 175 142 256 146 129 155 92 146 180 106 170 83 161 81 167 240 118 98 95 181 205 142 145
193 5 89 138 191 253 103 147 103 129 189 254 89 160 115 176 231 143 160 90 150 202 252 175 162 156 83 132 175 150 262 146 129 155 92 150 198 112 172 89 161 91 167 240 132 102 103 181 207 158 145
761 5 89 134 185 247 103 147 103 129 191 238 87 160 108 172 229 143 158 90 150 194 252 175 152 144 83 124 175 142 256 148 123 151 92 150 180 106 170 83 161 85 167 228 130 102 95 181 207 142 145
761 5 91 136 187 247 103 147 103 129 191 238 87 160 113 176 231 143 160 90 150 194 252 177 156 144 83 124 175 150 260 150 129 155 95 150 180 106 172 89 161 89 167 240 130 104 95 181 211 142 149
762 5 89 134 185 247 103 135 91 129 189 232 87 160 113 172 229 143 156 90 127 194 250 173 146 144 77 124 175 142 262 140 129 151 92 150 180 106 170 83 173 85 167 236 128 104 95 181 207 142 145
762 5 89 136 185 253 103 135 103 129 191 254 89 160 115 176 231 143 156 102 148 194 252 177 156 154 83 132 181 150 262 146 129 155 92 150 180 106 170 89 173 89 167 236 130 104 103 181 215 166 145
763 5 89 134 185 241 103 145 93 129 191 254 87 160 108 172 225 143 154 90 140 190 252 175 156 144 83 124 175 142 260 148 123 155 92 150 180 106 172 85 165 85 161 228 128 102 95 181 205 144 145
763 5 91 136 187 253 103 147 103 129 191 254 89 162 113 174 229 143 156 102 148 194 252 175 156 144 83 124 183 142 260 148 129 155 95 150 184 108 172 89 173 87 167 238 130 104 101 181 215 144 145
764 5 89 138 185 247 103 135 91 129 189 238 87 160 113 174 229 143 156 90 146 194 252 167 152 144 83 132 183 142 262 148 129 155 92 150 180 106 172 83 173 81 167 236 118 102 95 181 205 142 145
764 5 91 138 191 247 103 141 103 141 191 238 89 160 115 176 229 143 156 90 146 194 252 177 156 154 83 132 183 142 262 150 129 155 95 150 184 108 172 89 173 81 167 240 118 104 95 181 205 168 149
765 5 91 134 185 253 103 135 91 129 189 232 87 160 113 172 229 143 156 90 146 188 252 163 152 144 83 124 175 142 262 148 129 151 95 146 180 106 172 83 173 85 161 228 130 104 101 181 205 144 145
765 5 93 134 187 269 103 141 103 129 191 252 91 160 115 178 231 143 158 90 150 188 252 175 158 144 83 124 183 142 262 148 129 155 95 150 180 106 174 89 173 89 167 236 130 104 103 191 215 168 145
778 5 91 134 181 241 103 147 97 129 189 248 87 158 108 172 225 143 154 90 148 194 252 175 146 144 83 124 183 142 260 148 127 155 91 148 180 106 172 85 165 85 167 228 130 98 95 181 205 144 145
778 5 93 134 187 253 103 147 103 143 189 254 89 162 115 172 229 143 158 90 150 194 254 175 156 156 83 132 183 148 262 150 129 155 95 150 192 106 172 89 173 87 167 228 130 102 103 181 205 166 149
779 5 89 134 187 241 103 141 103 129 189 238 89 160 108 174 229 143 156 90 148 190 250 173 152 144 83 124 175 142 262 148 127 151 92 146 180 106 170 83 161 81 161 228 130 104 101 181 205 142 145
779 5 91 134 187 269 103 145 103 129 191 254 89 160 115 176 229 143 156 90 150 202 252 173 156 154 83 132 183 150 262 150 129 155 95 150 180 110 172 89 173 85 167 238 130 104 103 181 211 168 145
780 5 89 136 185 241 103 145 103 141 189 238 87 160 113 172 225 147 154 90 140 190 252 167 156 144 83 124 175 142 260 146 123 155 91 146 184 106 172 83 161 85 161 236 130 98 103 181 205 142 149
780 5 89 136 191 253 103 145 103 143 191 248 87 160 115 176 231 147 156 90 146 194 252 173 156 144 83 132 175 142 262 146 129 155 92 150 192 106 172 85 161 91 167 238 130 104 103 181 207 166 149
781 5 89 134 185 241 103 135 93 129 191 238 87 162 113 174 225 143 156 90 146 194 246 175 152 144 83 132 175 142 262 148 129 151 91 146 180 106 170 89 173 85 167 228 118 102 95 181 205 166 145
781 5 91 136 187 253 103 147 97 129 191 254 87 162 113 174 229 143 160 90 150 194 252 177 158 160 83 132 183 148 262 150 129 155 95 150 180 106 172 89 173 87 167 236 130 102 103 189 211 166 145
782 5 89 136 185 241 103 135 103 129 189 232 87 160 108 172 229 143 154 90 140 190 252 175 152 144 83 124 175 142 260 148 129 155 92 150 180 96 172 85 161 85 167 236 130 102 95 181 205 142 145
782 5 89 138 185 247 103 145 103 141 191 248 89 162 108 176 229 143 156 90 146 194 254 175 152 144 83 132 183 142 262 150 129 155 92 150 180 110 176 85 161 85 167 238 130 104 101 191 205 166 149
783 5 89 134 185 247 103 135 103 141 191 238 87 160 113 174 229 143 156 90 146 188 252 163 152 144 83 124 175 142 256 148 129 151 92 150 180 106 170 89 173 85 167 236 130 102 95 181 205 166 145
783 5 89 136 185 253 103 135 103 141 195 238 89 160 115 174 231 143 156 90 150 190 252 163 156 144 83 132 181 150 262 150 129 151 92 150 180 106 172 89 173 87 167 240 130 102 103 181 207 166 149
784 5 89 134 185 253 101 141 97 129 189 238 87 162 113 174 231 143 158 90 140 190 252 177 152 144 83 124 183 142 260 148 129 155 92 150 180 106 170 89 173 85 167 236 130 98 95 181 205 142 145
784 5 91 138 191 253 103 145 103 129 191 254 91 162 113 176 231 147 160 90 150 194 252 177 156 160 83 132 183 150 262 150 129 155 95 150 198 106 172 89 173 85 167 240 130 102 103 181 211 168 149
785 5 89 136 185 247 103 135 91 129 189 232 87 160 115 174 231 143 154 90 140 194 250 163 146 144 83 124 165 142 262 140 129 151 92 146 180 106 170 89 161 81 167 236 118 104 103 181 207 166 145
785 5 91 138 187 253 103 147 103 141 191 254 89 160 115 176 231 143 156 102 150 202 252 177 162 154 83 124 183 150 262 146 129 155 95 150 180 106 172 89 173 85 167 240 130 104 103 181 215 166 153
786 5 89 134 185 247 103 141 103 129 191 232 87 160 113 174 229 143 156 90 140 188 252 173 152 144 83 124 181 142 260 150 129 151 95 150 180 106 172 89 165 85 167 240 130 104 95 181 205 158 145
786 5 91 134 185 253 103 145 103 129 195 238 89 162 115 178 231 147 158 90 150 202 252 177 162 144 83 124 183 150 262 150 129 151 95 150 192 106 174 89 173 85 167 240 130 104 101 181 211 168 149
787 5 89 134 187 253 103 141 97 129 191 232 87 160 108 174 225 133 156 90 127 190 252 163 146 144 83 124 175 142 260 146 129 155 95 146 180 108 170 85 161 85 167 228 130 102 95 181 205 142 145
787 5 91 136 191 269 103 145 103 141 191 254 89 160 113 176 225 143 156 90 148 194 252 173 152 160 83 132 183 142 262 150 129 155 95 150 180 108 172 89 173 91 167 240 130 102 101 181 207 144 145
788 5 89 136 185 253 103 135 97 129 189 232 87 160 113 172 227 133 154 90 150 188 246 163 152 144 83 124 175 142 260 146 123 155 95 146 180 106 172 83 161 85 167 236 118 102 101 181 207 158 149
788 5 89 138 191 253 103 147 97 143 191 232 89 160 113 176 231 143 156 102 150 202 252 167 156 154 83 132 183 150 262 150 125 155 95 150 192 108 172 83 165 89 167 236 118 102 103 181 215 168 149
789 5 89 134 187 247 103 135 91 129 189 232 89 160 113 172 225 143 154 90 127 194 250 165 156 144 83 124 175 142 256 148 129 155 92 146 192 96 170 85 161 91 167 240 130 102 95 181 207 142 145
789 5 89 136 191 253 103 135 97 149 191 232 91 161 115 176 231 143 156 102 148 202 252 167 156 160 83 132 183 142 260 150 129 155 92 150 192 106 172 89 173 91 167 240 130 102 101 181 211 144 149
790 5 89 136 181 247 103 141 91 129 189 238 87 160 113 172 229 143 154 90 148 190 252 163 152 154 83 124 175 142 260 150 129 151 95 146 180 106 170 85 161 85 167 228 130 102 95 181 211 142 145
790 5 89 138 185 269 103 147 91 143 191 238 89 160 115 176 231 143 160 102 148 194 252 175 156 154 83 132 183 148 262 150 129 155 95 146 192 106 172 89 165 87 167 236 130 102 103 181 211 142 145
791 5 89 136 185 241 103 135 103 129 191 248 87 160 108 172 229 143 156 90 140 188 252 173 152 144 83 124 175 142 260 150 129 155 91 146 180 96 172 83 161 81 167 236 130 102 95 181 205 158 145
791 5 89 136 187 253 103 145 103 129 191 254 87 160 115 172 229 143 156 90 150 190 254 175 158 154 83 132 183 142 260 150 129 155 92 150 180 110 174 85 173 85 167 238 130 102 101 191 215 166 149
792 5 89 136 185 241 103 147 93 129 191 232 87 160 113 174 225 143 154 90 146 188 246 167 152 144 83 132 175 142 260 146 123 151 91 146 180 106 172 83 161 85 167 228 118 102 95 181 207 166 145
792 5 89 136 191 253 103 147 97 129 191 238 87 162 113 176 231 147 160 90 148 194 250 175 156 144 83 132 183 148 262 148 129 155 95 150 192 106 172 89 173 91 167 236 130 104 103 189 211 166 149
793 5 91 134 181 253 103 135 91 129 189 238 89 160 108 172 225 143 156 90 146 188 252 167 156 144 83 132 175 142 260 146 127 155 91 148 180 106 172 83 161 85 161 228 130 104 95 181 205 142 145
793 5 93 136 191 253 103 145 97 129 191 252 89 160 113 176 231 143 158 102 146 194 254 173 158 144 83 132 175 142 262 146 129 155 92 150 192 110 172 89 173 91 167 240 130 104 103 181 211 166 149
794 5 89 136 187 253 103 147 97 129 189 232 87 160 113 176 231 143 156 90 148 188 252 163 152 144 83 124 165 142 260 146 129 155 91 146 184 106 170 83 161 85 161 236 130 102 95 181 205 142 145
794 5 91 136 191 269 103 147 97 129 189 238 87 162 113 176 231 147 158 102 150 202 252 173 156 154 83 124 183 142 260 148 129 155 95 146 192 106 172 85 165 91 167 236 130 102 103 191 211 158 149
795 5 89 136 187 247 103 135 97 143 189 232 89 160 113 176 229 143 156 90 140 194 252 163 152 144 83 124 165 142 262 146 129 151 92 146 180 106 170 83 161 81 167 236 130 98 95 181 205 144 145
795 5 89 136 191 253 103 147 103 143 189 254 89 162 113 176 231 147 158 102 146 202 252 175 158 144 83 132 175 150 262 146 129 155 95 146 198 112 170 89 173 89 167 240 130 104 103 191 207 166 149
796 5 89 134 185 241 103 147 97 141 189 238 87 160 108 172 229 143 154 90 140 194 252 163 146 144 83 124 183 142 260 140 127 155 92 146 180 106 172 85 161 85 167 236 130 98 95 181 211 166 145
796 5 91 136 187 253 103 147 103 141 191 248 89 162 113 176 231 147 154 102 148 194 254 173 156 160 83 124 183 142 262 146 129 155 92 150 180 106 172 89 173 85 167 238 130 104 95 181 215 166 149
797 5 91 134 181 253 103 145 91 141 189 238 87 160 113 174 229 143 158 90 146 194 252 163 152 144 83 132 175 142 260 146 129 151 91 150 180 106 170 83 173 85 161 228 130 102 95 181 205 166 145
797 5 91 136 185 253 103 145 103 143 191 254 89 160 113 178 229 143 158 90 150 194 252 163 158 144 83 132 183 150 262 148 129 155 92 150 180 106 172 85 173 91 167 236 130 102 103 181 207 166 145
798 5 89 134 185 247 103 145 93 129 191 232 87 160 108 172 225 143 156 90 148 194 250 163 146 154 77 124 175 142 260 146 127 155 92 150 180 106 170 89 161 85 167 236 132 102 95 181 205 142 145
798 5 89 136 185 253 103 147 97 141 191 238 89 160 113 176 229 147 160 102 150 202 252 173 152 160 83 132 183 142 262 146 129 155 92 150 192 106 172 89 173 91 167 236 132 104 101 181 211 166 149
282 6 91 136 181 253 103 145 93 127 189 232 87 143 113 172 227 143 156 90 127 194 250 173 150 144 83 124 165 148 262 140 121 153 91 150 180 90 168 85 161 85 161 228 114 102 95 181 201 156 145
282 6 91 138 187 269 103 145 93 143 195 238 87 160 113 172 233 143 158 100 140 194 252 177 152 154 83 124 179 148 262 140 127 155 92 150 180 90 170 89 161 87 161 236 134 102 99 181 211 168 151
284 6 91 138 187 253 103 135 93 129 189 232 87 160 108 172 227 143 156 90 127 194 246 175 148 144 81 124 179 148 262 140 127 155 91 146 180 106 168 85 173 85 167 236 114 96 99 181 201 156 145
284 6 99 138 187 269 103 145 97 143 191 254 87 162 113 174 231 145 156 90 140 194 252 177 152 154 83 132 179 148 262 150 129 155 95 146 180 110 170 89 173 91 167 236 118 98 99 181 201 156 145
287 6 91 138 187 253 103 135 91 131 189 254 87 160 113 172 229 143 156 90 127 194 250 167 152 154 83 120 183 142 262 140 125 155 91 146 184 90 168 89 169 87 161 228 114 98 99 181 205 156 145
287 6 99 138 187 269 103 145 93 143 195 254 87 160 113 172 231 145 156 100 127 194 252 175 166 154 83 124 183 148 262 140 127 157 95 150 184 106 170 91 173 87 167 238 134 102 103 191 205 168 149
295 6 91 136 181 241 103 135 93 143 195 238 87 160 108 172 225 143 154 100 140 194 246 175 148 144 83 120 165 148 262 140 125 151 91 146 180 90 168 85 161 87 161 228 114 102 97 181 211 156 145
295 6 91 138 187 253 103 135 93 143 195 254 87 160 113 172 225 143 156 100 140 194 252 177 152 144 83 124 183 148 262 140 129 155 95 150 180 108 170 89 165 87 167 228 118 102 99 191 211 156 149
302 6 91 138 187 241 103 135 93 143 189 238 87 160 108 180 225 143 156 90 127 194 246 173 148 144 83 120 179 142 262 140 127 151 91 146 180 108 168 85 161 87 167 228 114 98 97 179 205 156 145
302 6 91 138 187 269 103 145 93 143 195 238 87 160 113 180 231 143 156 100 140 194 250 175 152 144 83 120 183 148 262 140 129 157 92 146 180 110 170 89 165 87 167 228 118 102 99 181 211 156 149
306 6 91 138 187 253 103 135 -9 129 191 238 87 143 108 -9 225 143 154 90 127 194 250 175 150 144 81 122 179 142 260 140 127 151 91 146 180 106 170 85 161 87 167 236 114 96 95 179 201 162 145
306 6 93 138 187 253 103 135 -9 143 195 254 87 161 115 -9 233 145 158 100 138 194 254 175 152 144 83 124 179 148 262 150 127 153 95 146 184 110 170 85 169 91 167 236 118 102 103 191 201 166 147
308 6 91 136 181 253 103 135 93 143 189 232 87 160 113 172 227 143 154 90 127 194 250 167 152 154 81 120 165 142 262 140 127 155 91 150 180 90 170 85 161 87 161 228 134 98 99 181 205 156 145
308 6 91 138 187 253 103 145 93 143 191 254 87 160 113 174 231 145 156 90 127 194 252 177 166 154 83 120 183 148 262 140 127 155 95 150 184 90 170 91 169 87 167 228 134 102 103 191 211 168 149
867 6 91 138 187 241 103 135 93 143 191 238 87 143 108 172 227 143 156 90 128 194 250 175 146 144 81 132 165 142 262 140 127 155 91 146 180 90 168 85 161 87 161 228 114 92 97 179 201 156 145
867 6 99 138 187 253 103 135 97 143 195 254 87 161 113 180 231 143 158 100 128 194 254 175 148 144 83 132 165 148 262 140 127 155 91 146 180 90 170 85 169 91 167 228 114 102 103 179 201 162 149
315 7 89 138 187 247 103 145 97 129 191 232 87 149 115 172 225 143 156 90 127 188 252 173 146 154 83 124 183 142 256 150 129 155 91 146 180 108 166 85 165 81 161 238 130 98 99 181 205 142 145
315 7 89 138 191 253 103 147 97 129 191 238 87 162 115 174 229 143 158 90 140 190 252 175 152 154 83 124 183 142 262 150 129 159 92 150 180 112 170 91 173 89 167 238 134 104 103 183 215 162 153
565 7 89 134 179 239 103 135 91 129 189 238 87 160 113 174 229 143 156 90 140 194 252 163 152 144 77 124 175 148 260 146 125 155 92 146 184 112 174 89 161 81 167 228 114 104 101 177 205 144 143
565 7 89 140 181 253 103 145 97 145 189 238 91 162 115 174 231 143 158 90 142 194 252 167 158 156 81 124 183 148 262 150 129 155 92 150 198 112 178 89 173 85 167 236 130 104 103 181 211 158 145
566 7 89 136 179 241 103 141 93 129 189 238 87 161 115 172 227 143 158 90 148 188 252 167 -9 154 81 124 179 142 260 150 125 155 91 146 184 106 172 89 161 81 167 228 128 104 103 181 205 142 145
566 7 91 138 185 271 103 141 103 143 189 238 89 162 115 182 231 143 158 90 150 194 252 173 -9 154 83 132 179 148 262 150 129 159 92 146 192 112 178 89 173 81 167 228 130 104 103 191 205 142 145
567 7 89 134 179 253 103 141 97 129 189 238 87 161 115 174 229 143 156 90 142 194 246 163 -9 154 81 124 175 142 260 150 129 155 91 150 180 106 168 83 161 89 161 238 130 98 99 181 205 142 151
567 7 89 136 187 253 105 145 103 143 189 238 87 161 115 174 229 143 158 90 142 194 248 167 -9 154 83 132 175 148 260 150 131 155 95 150 180 112 172 85 167 91 167 238 130 104 101 191 211 144 153
877 7 89 136 179 247 103 145 85 129 189 232 89 154 115 174 227 143 158 90 127 188 252 173 146 154 81 124 165 142 260 140 125 155 91 150 180 106 168 83 173 85 167 228 130 92 95 191 207 142 149
877 7 91 136 179 269 103 145 89 129 191 238 89 162 115 176 229 143 158 90 142 188 252 177 166 160 83 124 183 148 262 146 125 157 94 150 184 112 170 89 173 89 167 240 130 92 103 191 211 168 149
878 7 89 138 179 269 103 135 89 143 189 238 87 162 113 174 231 143 154 90 140 194 252 159 146 144 83 124 183 142 258 140 125 153 95 150 192 106 176 81 161 89 167 228 128 104 99 191 211 142 145
878 7 89 138 187 269 103 135 103 149 191 238 87 162 113 182 231 143 154 90 142 194 254 173 158 158 83 132 183 148 262 146 129 155 95 150 196 112 178 83 169 91 167 238 130 104 103 191 211 158 153
879 7 89 134 179 253 103 135 91 143 191 238 87 158 113 174 229 143 158 88 127 194 246 177 158 144 81 124 179 142 260 140 125 155 91 150 180 106 170 89 161 81 165 228 118 92 99 179 205 142 149
879 7 89 134 181 253 103 141 91 149 191 238 89 158 115 176 229 145 160 102 140 194 250 177 162 154 83 132 183 148 262 146 129 157 92 150 192 110 172 89 173 81 167 228 128 104 101 181 207 158 151
880 7 89 136 187 253 103 145 97 129 189 238 87 158 108 172 229 143 160 88 127 188 252 159 146 154 81 124 183 142 262 146 129 155 91 150 180 112 170 89 161 85 161 240 130 104 99 191 205 158 145
880 7 91 140 187 253 103 145 103 143 191 250 89 160 113 174 229 145 160 90 140 194 252 173 158 154 81 132 183 142 262 150 131 155 92 150 180 112 172 89 165 91 167 240 132 104 99 191 205 158 153
881 7 89 132 175 245 103 135 97 141 189 232 87 158 108 174 229 143 158 90 148 188 252 175 146 154 81 124 165 142 260 140 123 155 92 148 180 90 170 83 168 87 167 228 132 102 95 181 205 164 149
881 7 89 138 181 269 103 145 103 141 191 238 87 158 113 174 229 143 158 102 150 188 252 177 152 156 83 124 183 142 262 150 131 159 95 150 196 108 170 83 173 87 167 228 134 104 101 181 205 168 149
882 7 89 136 179 247 103 135 93 129 189 232 87 154 115 172 231 143 156 90 140 194 252 173 152 158 81 124 175 142 262 146 127 155 92 146 180 110 170 81 161 87 161 228 128 96 101 181 205 142 149
882 7 89 138 187 253 105 145 103 143 195 238 89 162 115 172 231 143 158 100 148 194 252 175 162 160 83 124 183 148 262 148 131 155 95 146 184 112 172 89 173 89 167 238 130 102 101 191 205 158 151
883 7 89 134 179 249 103 141 97 129 189 238 87 162 115 172 229 143 156 90 127 194 246 173 158 154 83 122 175 142 260 150 127 155 91 150 180 106 172 81 161 85 167 238 130 102 101 183 205 142 149
883 7 93 136 179 253 105 145 103 143 191 238 87 170 115 178 233 143 158 100 150 194 252 177 162 154 83 124 183 150 262 150 129 157 91 150 184 112 176 89 161 89 167 238 130 102 103 191 211 156 151
884 7 91 132 179 253 103 141 93 129 191 232 87 147 115 172 227 143 158 88 142 190 252 173 152 144 83 124 175 142 260 150 129 155 92 150 180 112 170 81 161 89 167 228 128 104 101 181 201 142 145
884 7 91 138 187 253 103 145 103 133 191 238 89 158 115 180 229 143 158 102 150 194 252 173 166 154 85 124 175 150 260 150 131 157 92 154 180 112 172 89 165 91 167 238 134 104 103 191 207 142 153
885 7 89 134 179 253 105 135 93 129 189 238 87 147 113 172 229 143 156 90 140 194 252 177 152 154 81 124 165 142 260 146 125 155 91 146 184 108 170 89 165 85 167 228 118 92 101 181 205 158 153
885 7 89 138 185 269 105 141 103 143 189 238 87 160 113 172 231 143 160 100 140 194 252 177 166 156 83 132 183 142 262 150 129 157 92 150 184 112 170 89 165 89 167 238 130 104 103 181 205 168 153
886 7 89 136 175 241 103 145 93 129 191 238 87 160 113 174 225 143 154 90 138 188 252 173 146 154 81 124 181 142 262 150 123 151 92 150 180 106 172 89 161 85 167 238 130 104 95 179 205 144 145
886 7 91 136 181 253 105 145 97 129 195 254 87 162 115 176 233 143 156 90 140 194 252 177 152 156 83 124 183 148 262 150 125 157 92 150 180 112 174 89 173 91 167 238 132 104 95 191 211 166 145
887 7 89 136 175 253 103 145 93 129 189 238 87 147 115 172 227 143 158 90 140 194 250 173 146 144 81 122 165 142 260 140 123 159 91 146 190 106 172 89 161 87 167 228 132 102 95 181 205 144 151
887 7 89 138 187 271 103 145 103 143 195 238 87 162 115 172 229 143 158 90 146 194 252 175 146 156 83 124 175 150 262 150 127 159 92 150 192 112 174 89 173 91 167 238 134 102 101 191 211 144 153
888 7 89 136 179 253 103 145 85 129 189 232 87 147 108 172 229 143 156 90 127 188 246 175 152 154 83 124 175 142 262 146 125 155 91 146 180 110 166 85 165 89 161 238 130 102 101 181 205 142 145
888 7 93 136 187 253 103 145 89 143 189 252 89 162 113 182 231 143 158 90 148 188 252 177 162 154 83 124 183 148 262 150 129 155 92 150 180 112 170 89 165 91 167 238 134 104 101 181 215 168 151
889 7 89 136 179 253 103 141 83 143 189 238 87 158 108 174 229 143 156 90 138 194 252 167 146 154 81 124 165 142 260 140 123 151 91 146 180 110 172 89 161 85 167 228 118 104 99 181 211 162 149
889 7 91 138 181 269 103 145 89 149 195 252 87 158 115 182 229 143 158 102 146 200 252 175 152 156 83 124 183 150 262 140 129 155 92 150 184 112 176 89 173 89 167 240 130 104 103 181 211 164 151
890 7 91 136 187 253 103 145 97 129 191 238 87 158 108 174 229 143 156 90 140 188 252 159 146 154 81 120 165 142 260 146 129 155 92 146 184 110 170 83 173 81 161 228 130 102 99 181 205 142 153
890 7 91 140 187 253 105 145 105 129 191 238 89 170 115 174 229 143 160 90 146 194 252 163 162 154 83 132 183 148 262 150 129 159 95 150 192 112 172 85 173 85 165 236 130 104 103 181 205 158 153
891 7 91 136 175 247 103 135 93 129 189 232 87 162 115 172 229 143 158 88 138 188 252 167 158 154 81 132 165 142 260 150 125 153 95 150 184 106 170 81 161 89 167 228 114 104 95 181 201 158 149
891 7 93 136 187 253 103 145 103 141 189 238 89 162 115 172 229 143 158 90 140 194 252 167 162 156 83 132 183 150 262 150 129 155 95 150 198 106 172 83 165 89 167 238 132 104 101 191 211 158 149
892 7 89 134 187 241 103 141 93 129 189 232 87 147 113 172 225 143 154 90 140 194 252 159 152 154 81 124 175 142 260 150 125 155 91 148 180 112 170 89 155 85 161 228 114 98 95 191 205 142 145
892 7 93 138 187 241 103 145 97 129 195 238 87 170 115 172 229 143 158 90 148 194 252 167 152 154 81 124 183 148 262 152 129 155 94 150 192 112 174 89 173 91 167 236 130 104 103 191 211 142 153
893 7 89 136 187 253 102 145 97 129 189 232 87 160 115 172 227 143 158 90 127 194 252 167 152 144 81 132 181 142 260 146 129 153 91 150 184 108 170 89 161 85 167 228 130 102 95 181 207 168 145
893 7 89 138 191 253 103 145 97 129 191 238 89 162 115 172 229 143 158 102 140 194 252 177 152 160 83 132 183 150 262 150 129 159 92 150 196 108 174 89 161 91 177 236 130 102 101 191 207 168 149
319 8 89 136 179 253 101 141 89 149 189 238 87 154 108 172 229 143 158 90 138 190 -9 175 152 144 77 132 179 142 260 146 125 159 91 150 192 106 174 83 161 85 167 228 128 102 101 179 205 142 145
319 8 89 140 187 269 103 145 93 149 189 238 89 161 115 176 229 143 158 102 140 194 -9 177 162 154 81 132 183 150 262 148 129 159 94 154 192 110 176 89 161 91 167 238 134 102 103 181 211 158 149
335 8 89 134 181 253 103 145 91 129 189 238 87 158 113 174 229 145 158 102 142 194 252 167 152 154 83 124 165 148 256 140 123 151 91 146 180 108 170 89 161 89 167 228 130 96 99 181 201 142 143
335 8 89 136 191 253 104 147 97 129 195 238 87 158 113 176 229 145 158 102 146 200 252 175 164 154 83 132 165 148 260 140 129 155 92 150 192 110 174 89 173 89 167 228 130 102 103 181 205 144 149
895 8 89 136 185 253 103 135 89 143 189 238 87 158 108 172 229 133 156 88 127 190 252 167 146 154 83 124 183 142 262 140 125 155 91 146 184 106 168 85 173 89 167 238 118 92 101 191 201 158 143
895 8 91 140 187 273 105 145 89 149 195 238 89 162 115 178 229 143 158 90 150 194 252 177 152 154 83 124 183 142 262 146 129 159 92 150 192 106 174 89 173 91 167 240 130 104 101 191 201 164 147
896 8 89 134 185 247 103 135 85 129 189 238 87 158 115 172 225 143 158 90 140 190 246 175 152 154 81 124 165 138 260 150 123 155 92 148 180 108 174 83 165 89 161 228 114 92 99 179 205 156 149
896 8 89 138 187 253 103 135 103 143 191 238 89 164 115 174 229 143 158 90 148 194 252 177 166 160 81 136 175 142 260 150 129 157 94 150 192 108 176 95 165 89 167 238 132 102 101 181 211 166 151
897 8 91 136 179 241 103 145 83 129 189 238 87 158 113 172 229 143 158 90 127 188 252 177 164 156 77 124 175 142 262 140 123 155 91 146 180 106 176 81 155 85 161 228 130 102 95 181 205 158 149
897 8 91 136 185 253 103 145 91 143 191 254 87 160 115 178 229 143 158 102 148 190 252 177 166 156 81 132 183 150 264 150 125 155 91 154 196 112 176 89 165 85 167 238 134 104 101 181 207 164 149
898 8 91 134 175 241 103 135 93 129 189 252 87 162 113 172 229 143 156 90 140 190 252 167 152 154 81 124 175 142 262 150 129 155 92 146 180 112 170 81 161 89 167 238 130 92 95 181 205 142 145
898 8 91 138 179 269 103 145 103 129 191 252 87 162 115 172 229 143 156 90 142 194 252 173 162 154 85 124 181 150 264 150 131 157 95 146 180 112 174 89 165 91 167 238 130 102 99 181 205 164 153
899 8 89 136 179 253 103 141 93 129 195 232 87 147 115 172 225 143 158 90 127 194 250 173 158 154 77 124 175 142 262 140 123 153 91 146 180 106 170 81 165 85 167 228 130 98 95 181 205 158 153
899 8 93 138 185 269 103 145 97 129 195 238 87 160 115 182 227 143 158 90 127 194 252 173 166 156 83 126 183 150 262 150 129 155 94 148 180 112 176 89 165 89 167 238 130 98 101 191 205 168 153
900 8 89 134 179 247 103 135 91 129 189 238 87 162 108 172 229 143 158 90 127 190 246 173 152 160 81 132 165 142 260 140 123 151 91 150 180 112 170 83 161 87 161 228 130 92 101 181 205 158 145
900 8 91 138 181 253 103 147 103 129 189 252 89 162 115 182 231 145 158 90 127 194 250 175 162 160 85 132 165 148 262 150 129 157 91 150 180 112 172 89 173 89 167 236 134 104 103 181 211 158 151
901 8 89 136 187 253 103 141 89 129 189 232 87 160 113 174 229 143 156 90 127 194 252 163 152 144 77 132 175 142 260 140 127 155 91 146 180 112 172 83 161 85 161 224 130 92 95 181 205 166 151
901 8 91 136 187 269 103 141 91 129 189 238 87 161 115 182 229 143 158 102 146 200 252 173 158 154 81 136 183 150 262 150 129 155 92 150 180 112 176 89 161 91 161 228 130 98 101 181 207 168 153
902 8 89 134 175 253 103 135 85 127 189 238 87 158 113 172 227 143 158 102 140 194 254 165 146 154 81 124 175 142 260 146 125 155 94 146 196 106 170 91 161 85 167 238 114 102 101 181 215 144 149
902 8 89 134 187 271 103 141 97 129 189 238 87 160 115 180 229 143 158 102 142 194 254 173 146 154 83 124 183 148 262 150 131 159 95 150 198 108 172 95 165 85 167 238 128 104 101 191 215 156 149
903 8 91 136 175 241 102 135 93 141 189 238 87 158 113 172 229 143 156 90 127 188 246 175 148 146 81 124 165 142 260 146 125 155 91 150 184 90 172 81 161 81 161 238 128 98 101 191 207 142 151
903 8 91 136 187 269 103 145 93 143 191 248 89 161 115 174 231 143 156 102 138 194 252 177 166 146 85 126 181 150 262 150 129 159 92 150 196 106 172 89 165 87 167 238 134 104 101 191 207 158 153
904 8 89 132 179 247 103 135 93 129 189 232 87 149 113 172 229 143 156 102 127 188 252 159 152 154 81 124 165 142 258 140 125 155 91 146 180 110 170 85 161 89 167 228 130 104 99 179 205 158 145
904 8 93 136 187 253 103 145 97 143 191 232 87 162 115 172 233 145 158 102 142 190 252 177 166 156 83 124 179 142 260 150 129 155 94 146 192 110 172 89 161 89 167 238 134 104 101 191 205 166 153
905 8 89 136 181 241 103 135 89 129 189 232 87 143 113 174 229 143 160 90 127 194 250 177 152 154 83 122 183 142 260 140 125 155 91 146 180 108 172 83 165 81 161 224 130 96 101 181 211 166 145
905 8 89 136 187 269 103 141 93 129 189 238 87 154 115 178 229 145 160 90 140 194 250 177 166 160 83 132 183 150 260 150 125 155 91 146 184 110 176 89 165 89 161 238 130 102 103 191 211 168 149
906 8 89 136 181 253 103 135 83 129 189 232 87 158 113 172 225 143 158 100 140 188 252 159 158 154 81 122 181 142 260 140 125 155 92 146 180 110 170 89 161 89 161 228 130 102 95 177 205 158 145
906 8 89 136 181 253 103 145 97 143 191 238 87 160 115 180 229 147 160 102 140 194 252 163 166 158 81 124 183 148 262 150 129 159 92 146 192 112 170 89 165 89 167 238 134 104 103 181 207 168 149
907 8 89 136 187 253 103 135 93 143 189 232 87 160 108 172 229 143 156 90 127 194 252 173 146 154 81 124 175 142 262 146 123 155 91 150 184 106 170 83 161 87 167 238 130 104 95 181 205 142 149
907 8 89 138 187 253 103 137 103 143 191 238 91 161 108 182 229 145 156 90 140 194 254 177 158 156 83 124 179 150 262 146 129 155 95 150 192 110 176 89 169 89 167 238 132 104 99 181 205 158 151
908 8 89 136 181 247 103 141 85 129 189 232 87 158 113 172 227 143 154 88 127 188 252 173 152 154 83 124 175 142 258 140 125 155 92 146 180 108 158 83 161 89 167 228 130 102 95 177 205 142 145
908 8 89 136 181 253 103 145 93 143 189 254 87 158 115 172 229 143 154 102 142 194 252 173 166 160 85 124 175 142 262 150 129 155 92 150 180 112 170 95 168 89 167 238 130 104 103 181 207 142 149
909 8 89 136 175 253 103 145 103 129 189 232 87 160 115 172 227 143 156 90 140 190 252 173 152 154 81 124 175 142 260 140 125 157 91 146 180 106 170 89 161 85 165 240 130 102 95 181 205 166 145
909 8 91 138 185 253 103 145 103 141 195 238 87 160 115 174 229 143 156 90 146 194 252 175 152 154 83 124 183 142 262 148 129 159 91 150 180 108 170 95 165 89 167 240 130 102 103 191 205 168 153
910 8 89 136 181 253 104 145 83 129 191 232 87 161 113 176 229 143 156 90 142 188 252 165 152 144 81 122 175 142 262 146 131 155 94 146 198 112 170 85 161 87 167 236 118 92 95 177 205 142 145
910 8 89 138 187 253 104 147 93 129 195 250 91 170 115 176 229 143 158 90 150 202 254 167 152 154 85 122 175 142 262 150 131 155 95 150 198 112 172 89 173 89 167 240 130 102 101 181 205 142 153
911 8 89 136 185 253 103 141 83 143 191 252 87 161 113 172 229 143 156 88 146 194 252 167 146 154 83 132 165 142 260 140 125 155 91 150 192 110 166 85 173 89 167 228 130 92 95 179 205 142 149
911 8 99 138 191 253 104 145 103 149 191 254 87 162 115 180 231 143 158 102 148 194 252 173 158 154 83 132 175 148 262 150 129 159 92 150 198 112 172 89 173 91 167 236 130 104 103 181 205 162 153
912 8 91 134 179 253 103 141 83 143 191 238 87 162 113 174 229 143 156 88 127 194 252 173 146 154 81 124 165 142 260 140 123 153 91 146 180 112 172 89 165 81 167 228 130 92 103 179 205 142 149
912 8 99 138 185 253 104 141 103 149 191 252 89 170 113 180 233 143 156 90 146 194 252 175 166 154 83 132 175 148 260 150 125 155 91 150 198 112 172 89 173 89 167 238 130 104 103 179 205 162 153
913 8 89 138 181 241 103 141 97 143 189 238 87 158 113 172 225 143 154 90 142 190 252 173 146 154 83 124 175 142 262 146 127 155 91 146 180 106 166 81 161 87 167 236 118 102 97 181 205 144 145
913 8 91 138 185 253 103 145 103 143 191 252 87 160 113 172 229 143 158 102 150 194 252 177 152 154 85 132 183 148 262 150 131 155 92 150 180 112 174 89 165 89 167 238 130 104 101 181 207 168 149
2411 8 89 134 181 241 103 141 97 129 189 252 87 158 108 172 229 133 154 90 127 194 246 177 146 154 77 124 165 142 260 150 125 155 91 146 180 106 170 81 161 85 167 228 130 92 101 191 205 142 149
2411 8 91 134 187 253 105 145 97 133 189 254 87 158 113 174 231 143 158 90 140 194 252 177 152 156 83 132 183 142 262 150 125 157 91 150 196 112 170 89 161 89 167 236 134 104 103 191 207 164 153
2412 8 89 138 179 241 103 145 103 129 189 238 87 147 108 172 225 143 158 90 127 194 252 173 146 144 81 124 183 142 260 146 129 155 91 148 180 112 172 83 173 87 167 238 118 104 103 177 205 156 145
2412 8 91 138 181 269 103 145 103 129 189 238 89 160 113 172 229 143 160 102 138 194 252 177 152 154 83 132 183 142 260 150 129 157 91 150 192 112 186 89 173 89 167 238 132 104 103 181 211 164 151
2413 8 89 136 187 269 103 141 89 129 189 232 87 160 113 172 225 143 156 90 127 188 254 175 152 154 83 132 175 138 262 146 123 155 91 150 180 106 170 89 161 89 161 238 130 92 99 181 211 142 149
2413 8 93 136 187 273 105 145 93 143 191 238 89 161 113 174 231 143 158 90 150 196 254 175 152 156 83 132 183 142 262 150 125 159 95 150 180 106 176 89 161 91 167 238 130 102 101 191 211 142 149
2414 8 89 134 181 249 103 141 83 129 189 232 87 158 108 172 227 143 158 90 127 188 252 173 152 154 81 122 157 142 260 140 123 155 91 146 180 110 172 81 165 85 167 228 130 104 101 181 211 142 149
2414 8 89 136 187 269 107 145 93 143 189 238 89 160 108 174 229 143 158 102 140 194 252 173 166 154 83 126 179 148 262 146 127 157 92 150 184 112 172 85 165 89 167 238 136 104 103 191 215 166 149
2415 8 89 -9 181 247 103 135 93 143 191 232 87 160 113 174 227 143 156 90 127 194 252 177 152 156 81 122 175 142 260 146 125 155 91 146 180 106 174 89 173 81 167 240 130 104 101 181 211 168 145
2415 8 91 -9 187 253 103 145 97 143 191 238 87 162 113 176 229 143 158 90 142 194 252 177 166 160 83 124 183 142 260 150 125 155 92 150 196 110 174 95 173 89 167 240 130 104 103 181 215 168 151
2417 8 89 -9 175 269 103 135 89 129 189 232 87 158 108 172 229 143 158 90 127 194 252 173 152 144 77 132 181 142 262 150 125 155 91 150 180 106 170 83 161 81 161 -9 130 92 95 181 201 166 151
2417 8 91 -9 187 269 103 141 103 133 189 238 87 161 113 174 229 143 158 102 146 194 252 173 152 154 85 132 183 148 262 150 127 157 92 150 198 112 176 85 169 85 167 -9 130 104 95 191 207 166 153
2418 8 89 -9 187 241 104 145 103 129 189 232 87 158 108 172 229 143 154 90 127 190 248 177 152 156 81 124 165 142 260 146 123 155 95 146 198 106 172 83 161 89 167 228 128 96 95 181 202 -9 149
2418 8 91 -9 187 269 104 145 103 129 191 238 87 160 113 172 229 143 158 100 140 194 252 177 152 160 83 124 183 142 262 146 125 155 95 150 198 110 172 89 165 91 167 240 130 104 99 191 205 -9 149
2419 8 91 -9 181 253 103 141 83 129 189 238 87 162 108 172 225 143 158 90 138 194 252 167 152 154 81 124 165 142 256 146 123 153 92 150 180 112 174 83 165 89 167 228 130 104 99 181 207 166 145
2419 8 91 -9 181 253 103 147 97 129 191 248 89 170 108 174 229 145 160 102 140 200 254 177 152 154 83 124 179 142 264 150 125 157 92 150 180 112 174 89 169 89 167 238 130 104 103 191 211 168 149
2420 8 89 134 179 241 102 145 91 141 189 238 87 160 108 172 229 143 156 90 140 194 252 175 152 144 81 120 165 142 256 146 123 155 91 150 184 106 170 83 161 81 161 228 134 96 95 177 211 158 149
2420 8 91 138 181 241 103 145 93 143 191 238 87 161 108 174 231 143 158 90 140 194 252 177 152 154 81 132 175 148 260 150 129 157 95 154 184 110 172 85 165 81 167 228 134 104 101 181 211 158 149
2421 8 89 138 179 253 103 141 97 129 191 232 87 158 113 174 229 143 158 90 127 194 252 177 146 144 81 124 165 142 256 146 123 155 92 146 180 112 170 89 155 85 167 228 132 102 95 177 202 142 149
2421 8 91 138 181 253 103 145 97 129 195 238 89 160 115 176 231 143 158 90 140 194 252 177 152 144 81 132 183 150 260 146 127 157 95 150 180 112 176 89 161 89 167 240 134 104 103 191 211 142 149
2422 8 89 -9 187 253 103 135 91 129 189 248 87 158 113 172 229 143 158 88 127 194 250 165 158 144 81 124 175 142 256 140 125 155 92 146 180 110 170 85 167 85 167 236 130 102 103 191 205 166 151
2422 8 91 -9 187 253 103 145 103 129 189 254 87 160 115 174 231 143 158 88 127 194 252 173 162 154 81 132 175 150 260 148 129 155 94 150 192 110 172 89 173 85 167 238 130 104 103 191 205 166 153
2423 8 89 138 187 241 103 145 89 129 189 232 87 158 113 174 225 143 156 90 127 194 246 167 146 154 81 124 175 148 262 140 125 155 91 150 180 106 172 83 161 89 161 228 114 92 101 181 205 168 151
2423 8 91 140 187 271 103 147 103 129 195 238 87 161 115 174 231 143 158 90 148 202 252 173 146 154 83 132 175 148 262 150 125 157 92 154 180 112 174 83 173 89 167 228 130 104 101 181 207 168 153
2576 8 89 136 179 241 103 141 83 143 189 238 87 161 108 172 225 143 156 90 138 194 252 177 152 144 77 120 175 142 262 140 125 155 91 146 180 110 172 89 169 87 167 228 118 98 103 181 205 166 149
2576 8 91 140 187 253 104 147 89 143 191 252 87 161 113 174 231 147 156 90 140 194 252 177 158 156 81 124 183 142 262 150 129 157 91 150 184 112 174 89 173 89 167 228 130 104 103 191 211 166 149
321 9 89 136 179 241 103 141 103 129 189 238 87 162 115 182 227 143 152 102 127 194 252 167 146 144 77 124 179 142 260 146 123 157 91 150 192 110 174 89 173 87 167 238 118 92 95 181 201 142 145
321 9 91 138 179 253 103 145 103 149 189 238 87 162 115 182 229 143 156 102 146 194 252 173 146 154 81 132 183 150 260 150 129 157 91 150 192 110 174 89 173 89 167 240 118 102 95 191 207 158 153
338 9 89 134 179 253 103 145 93 129 189 238 87 158 113 172 229 143 158 90 127 188 252 173 152 144 81 124 165 142 260 150 123 155 91 150 180 106 172 89 165 89 161 228 128 98 99 181 205 162 149
338 9 91 140 181 253 103 145 103 129 195 238 87 162 115 174 229 143 158 90 127 190 254 173 152 144 83 132 183 142 262 152 129 159 91 150 184 108 172 89 175 89 167 240 128 104 103 193 207 166 153
339 9 89 134 181 253 103 135 93 129 189 238 87 158 113 172 227 143 156 90 127 188 244 173 146 154 81 124 165 138 260 140 127 155 91 150 184 106 172 83 161 85 165 228 118 104 95 191 205 142 149
339 9 91 142 187 253 103 141 103 129 195 238 87 160 113 174 227 143 156 90 150 194 252 173 152 160 85 124 183 138 260 150 129 157 92 150 192 112 172 83 161 85 167 240 130 104 103 191 205 166 151
363 9 89 134 179 247 103 135 93 129 195 238 87 160 115 174 225 143 158 88 146 188 252 173 146 156 81 124 165 142 260 146 129 155 91 150 180 90 168 85 173 89 167 228 130 98 101 191 211 142 149
363 9 91 138 187 271 103 141 103 143 195 238 87 162 115 176 229 143 160 90 148 194 252 177 166 158 81 132 175 150 262 150 129 157 95 152 180 106 172 89 173 91 167 238 134 104 103 191 211 142 149
915 9 89 138 181 241 103 145 83 129 195 238 87 158 115 172 227 143 156 90 127 188 252 173 146 154 83 124 175 142 262 146 123 153 91 146 180 106 166 89 161 89 167 228 128 102 101 181 205 142 145
915 9 91 142 187 269 103 145 93 129 195 252 87 160 115 182 229 143 158 90 140 194 252 173 152 160 83 132 175 148 262 150 129 155 91 150 196 112 174 89 173 89 167 238 130 104 103 191 207 166 153
917 9 89 140 181 269 103 135 103 129 189 238 87 158 108 172 225 143 158 90 127 190 252 173 152 154 81 124 175 142 256 140 123 157 91 150 184 106 172 89 169 89 167 228 130 92 101 181 205 142 149
917 9 91 142 181 269 103 145 103 129 195 238 87 162 113 174 229 147 160 104 150 194 252 177 152 154 83 132 175 142 264 146 129 159 92 150 192 112 172 89 173 91 167 238 130 102 101 191 211 158 153
923 9 89 136 179 253 103 135 85 129 191 238 87 160 115 174 229 143 158 90 127 188 246 173 152 154 77 124 165 142 260 148 125 155 91 150 180 106 170 85 169 81 167 236 130 102 99 181 205 142 153
923 9 91 142 187 269 103 145 97 149 195 238 89 161 115 176 233 145 160 90 127 194 254 175 166 154 81 132 165 150 260 150 129 155 95 150 184 108 172 89 173 85 167 238 134 104 103 181 207 166 153
925 9 89 134 181 241 103 135 97 129 189 238 87 158 108 172 227 143 156 90 140 188 250 173 152 154 81 124 175 142 260 140 123 159 91 146 184 106 172 85 169 85 167 228 130 102 103 181 205 142 149
925 9 93 138 185 269 103 145 103 143 191 238 87 158 115 180 229 143 156 90 142 190 252 173 152 160 85 124 183 142 262 150 129 159 92 150 184 106 186 89 173 85 167 228 132 102 103 181 205 142 151
931 9 89 134 179 253 103 141 103 141 195 238 87 162 113 172 227 143 158 102 138 188 252 163 152 154 81 124 175 142 256 146 129 153 91 146 180 108 168 89 161 81 161 228 130 102 95 181 205 142 145
931 9 91 142 179 269 104 145 103 143 195 238 87 162 113 174 229 143 158 102 140 194 252 177 152 154 81 124 183 142 260 146 129 159 94 150 180 112 172 89 165 81 167 238 132 104 103 181 205 142 149
935 9 89 134 175 253 103 145 103 129 189 238 87 160 113 172 227 143 158 90 127 190 246 173 142 144 83 132 165 142 260 150 123 155 91 150 184 106 170 89 165 89 161 228 128 102 101 181 207 142 149
935 9 91 138 181 253 103 145 103 143 195 238 91 162 115 178 229 143 158 90 127 190 252 177 152 144 83 132 183 148 262 150 123 157 92 150 192 112 174 95 173 89 167 238 130 104 101 181 211 168 153
936 9 91 138 181 247 103 145 89 129 189 238 87 160 113 172 227 143 158 90 140 194 252 173 146 154 81 132 179 142 260 146 129 155 92 146 196 108 170 83 173 87 167 238 128 102 99 181 205 142 149
936 9 91 138 185 253 103 145 103 149 195 238 87 161 115 174 229 143 158 90 150 194 252 177 152 154 83 132 183 142 262 150 129 157 92 150 196 112 172 85 173 89 167 240 130 104 103 191 205 142 153
937 9 91 138 179 253 103 135 89 129 189 238 87 159 113 172 227 143 158 90 140 190 252 167 152 154 81 124 175 142 260 146 129 157 91 146 196 106 170 89 169 85 167 228 130 102 101 181 205 158 149
937 9 91 142 185 269 104 145 103 149 189 238 87 159 115 172 229 143 158 102 146 194 252 173 152 154 81 132 179 142 262 150 129 159 92 150 196 112 186 89 173 89 167 238 132 104 103 191 207 164 151
948 9 89 134 179 253 103 145 85 129 191 232 87 149 113 172 229 143 158 90 140 188 252 173 152 144 83 122 175 142 262 146 129 153 91 146 192 106 170 85 165 85 167 228 130 98 101 181 207 142 145
948 9 91 138 187 269 103 145 97 129 195 238 87 161 115 174 229 147 158 90 140 190 252 177 152 156 83 124 183 148 262 150 129 153 91 150 196 112 172 89 173 85 167 240 132 102 101 181 211 164 153
956 9 89 138 179 241 103 145 97 129 191 232 87 147 108 174 227 143 158 102 127 194 252 173 152 154 77 124 175 142 262 146 129 157 92 150 184 108 170 89 165 89 167 228 130 92 101 181 205 142 149
956 9 91 138 181 269 103 145 103 129 195 238 91 161 113 178 229 147 158 102 150 194 252 173 152 154 81 124 183 142 264 150 129 159 92 150 184 112 172 89 173 89 167 228 132 104 101 181 211 158 153
957 9 91 134 187 241 103 145 89 129 189 238 87 158 108 172 227 143 158 90 127 194 252 167 146 154 77 124 165 142 256 146 129 157 92 146 180 106 170 83 165 89 167 228 130 104 103 181 201 142 149
957 9 91 138 187 269 103 145 93 129 189 238 87 161 113 172 229 143 160 102 140 200 252 173 152 160 81 124 175 150 262 150 129 159 95 150 190 108 174 89 169 91 167 240 132 104 103 191 207 142 151
967 9 89 134 179 253 103 145 89 129 189 238 87 162 113 172 227 143 158 90 140 194 252 173 146 144 81 124 165 142 260 140 123 155 91 150 180 106 174 83 165 89 161 238 130 102 103 177 201 142 153
967 9 89 138 185 269 103 145 93 129 189 238 89 170 115 174 229 143 160 90 146 200 254 177 152 144 85 124 175 148 260 150 129 157 95 150 190 112 174 89 169 91 167 238 132 102 103 181 205 168 153
968 9 91 134 185 253 103 135 93 143 191 232 87 160 113 182 227 145 156 90 142 188 252 167 146 -9 83 132 175 142 260 146 123 155 91 150 180 108 178 89 161 81 167 228 130 92 101 191 205 142 151
968 9 93 138 187 269 103 145 103 143 191 238 87 170 115 182 227 147 160 90 150 194 252 177 158 -9 83 132 183 142 260 146 129 159 92 150 180 112 178 89 169 89 167 228 132 104 103 191 205 142 151
969 9 89 138 181 241 103 141 93 143 191 232 87 160 113 -9 227 143 158 90 140 194 252 173 146 154 81 132 175 142 260 140 129 155 92 146 180 106 166 85 165 89 167 228 130 104 101 181 205 -9 149
969 9 89 138 185 253 103 141 103 143 195 232 89 170 115 -9 229 147 158 102 150 194 252 177 158 160 83 132 175 142 262 150 131 159 95 150 180 112 172 95 173 89 167 228 134 104 101 193 205 -9 149
970 9 89 136 185 253 103 141 103 143 189 238 87 162 113 172 225 143 154 100 140 194 252 167 150 154 81 124 165 142 262 140 127 155 -9 150 192 106 170 89 169 85 167 228 128 102 95 181 205 142 149
970 9 91 142 187 253 103 141 103 143 189 238 87 170 115 174 229 143 156 102 148 200 252 177 152 154 83 124 175 148 262 150 129 159 -9 150 196 112 172 89 173 89 167 238 128 104 103 191 205 142 151
971 9 89 134 175 269 103 141 93 143 191 232 87 149 115 -9 229 143 156 90 140 188 252 173 152 154 81 122 175 142 260 140 123 -9 92 150 180 106 166 85 161 89 167 228 130 104 95 181 207 142 -9
971 9 91 138 179 269 103 141 93 143 195 238 87 149 115 -9 229 143 156 90 142 194 254 173 152 154 81 132 183 142 260 146 129 -9 95 152 180 112 174 89 161 89 167 228 130 104 101 181 207 142 -9
972 9 89 138 175 253 103 145 103 129 189 232 87 158 113 174 227 143 152 90 127 194 252 173 152 144 81 122 165 142 260 148 129 155 91 150 180 108 168 85 165 89 167 228 118 102 103 181 205 162 149
972 9 91 138 181 269 103 145 103 129 195 238 87 160 115 174 229 143 158 90 150 194 252 177 152 144 85 124 165 142 266 150 129 155 91 150 180 112 172 89 165 89 167 238 130 102 103 181 215 166 151
973 9 89 132 175 249 103 141 97 129 191 232 87 160 113 -9 227 143 158 90 140 188 246 167 152 144 83 132 165 142 260 146 125 153 91 146 180 108 172 85 165 89 161 232 130 92 103 181 205 142 149
973 9 91 134 179 253 104 147 103 129 191 238 87 160 115 -9 229 145 160 90 140 194 252 175 152 154 83 132 165 142 262 146 127 155 92 150 192 108 172 89 173 91 167 238 132 104 103 191 207 168 151
978 9 91 138 181 241 103 135 97 129 189 238 87 158 113 180 225 143 156 90 142 188 250 173 152 144 81 124 175 142 260 146 123 155 92 146 184 106 178 89 169 85 167 228 130 102 103 181 207 142 149
978 9 93 138 185 253 103 135 97 143 189 252 87 158 115 182 229 143 158 102 142 194 250 177 156 160 85 124 183 142 262 150 129 159 92 152 184 112 186 89 173 89 167 228 132 104 103 181 207 166 151
979 9 89 136 181 253 103 141 89 143 189 232 87 160 108 172 229 143 158 90 127 194 252 173 146 144 81 124 175 142 262 150 125 155 91 150 180 106 166 89 161 89 161 228 128 98 95 181 205 166 151
979 9 91 138 187 253 105 141 93 149 191 238 89 161 115 174 229 147 158 102 142 200 252 177 152 156 83 132 183 142 262 150 129 157 91 150 196 112 172 89 161 89 167 228 134 102 99 191 205 168 153
988 9 91 136 181 269 103 141 97 129 189 238 87 158 113 174 229 143 160 88 -9 190 252 173 152 154 81 124 175 142 -9 -9 123 157 91 150 184 106 172 89 161 85 167 228 114 98 101 181 205 142 151
988 9 91 140 187 271 103 145 103 143 195 238 87 162 115 176 229 147 160 90 -9 194 254 177 166 158 83 132 175 150 -9 -9 129 159 95 150 192 112 176 89 173 89 167 238 130 104 101 191 211 142 153
989 9 91 138 175 241 103 141 93 129 189 238 87 149 113 172 229 143 156 90 127 194 252 173 146 154 81 124 165 142 260 150 129 155 92 146 180 106 170 89 161 85 161 228 130 96 99 181 205 142 153
989 9 93 138 179 269 103 145 97 129 191 238 89 162 115 174 233 143 158 102 148 194 252 175 166 154 83 132 179 142 260 150 129 159 92 148 180 112 172 89 173 89 167 238 130 104 103 181 205 144 153
990 9 89 134 179 253 103 145 89 129 189 238 89 159 115 172 225 143 156 90 140 190 252 173 152 154 77 124 165 142 260 150 129 155 92 146 192 106 170 85 161 85 161 228 130 102 95 181 201 158 145
990 9 91 140 185 253 104 145 93 129 189 238 89 170 115 176 225 143 158 90 146 194 252 175 152 154 85 124 183 148 262 150 129 157 92 150 196 108 172 95 173 87 167 228 130 104 99 181 205 168 149
991 9 89 134 175 253 103 141 89 129 189 238 87 147 113 172 229 143 156 90 127 190 246 173 146 144 83 124 175 142 260 150 123 155 92 146 180 106 170 89 161 85 161 228 128 104 103 181 207 142 145
991 9 91 138 179 253 103 145 89 129 191 238 87 161 115 172 229 143 158 90 140 200 252 173 152 154 83 132 183 150 260 150 123 157 92 146 180 112 174 89 173 89 167 228 130 104 103 191 207 142 149
992 9 91 134 181 241 103 135 93 129 191 232 87 160 113 172 227 143 158 90 127 194 252 167 146 144 83 122 165 142 260 146 125 155 91 146 184 106 170 89 169 85 161 228 130 102 99 181 205 142 149
992 9 91 138 187 269 103 145 97 143 195 238 89 161 115 174 233 143 160 90 140 194 252 173 152 160 85 132 175 142 262 150 129 159 92 152 184 110 172 89 173 89 167 238 134 102 103 181 205 142 151
1006 9 89 134 181 253 103 141 89 143 189 232 87 158 108 172 229 143 156 90 150 194 252 173 152 144 81 124 165 142 260 148 129 157 91 150 184 106 170 85 161 85 165 228 130 102 95 177 -9 142 149
1006 9 89 142 181 253 103 145 93 143 191 252 89 160 115 172 229 143 158 90 150 194 252 173 152 154 83 132 183 142 262 150 129 159 91 150 196 112 172 89 165 89 167 228 132 104 95 181 -9 166 149
1017 9 89 136 181 253 103 135 91 129 191 238 87 160 115 174 227 143 158 90 140 188 248 173 152 152 83 124 165 142 260 150 125 159 92 146 190 106 166 89 161 89 167 236 130 102 101 177 205 142 149
1017 9 91 138 185 269 103 147 93 129 191 238 89 160 115 174 229 143 158 102 146 188 252 177 166 154 83 132 179 142 260 150 129 159 92 146 196 112 170 95 169 91 167 238 134 102 103 191 205 168 151
2582 9 89 136 181 253 -9 145 93 129 191 232 87 160 113 172 227 143 158 90 140 190 252 173 152 154 -9 124 165 138 260 150 123 155 91 146 180 106 170 85 169 85 167 228 118 102 95 181 205 142 145
2582 9 89 138 187 269 -9 145 103 129 195 238 87 162 115 174 229 143 158 90 150 194 252 175 152 156 -9 124 183 142 262 150 129 155 91 150 196 106 172 95 169 87 167 240 130 104 103 181 211 142 153
