Conversion of an object of class 'genind' into a GENEPOP file with the package 'graph4lg'                                                
BMS1117, TGLA53, BMC4214, BM1225, BM47, BMS1315, IL4, BM2113, BMS1716, BM1706, BMS1675, BMS1857, BMS1001, BM720, ILSTS102, BMS1074, BMS1172, BMS2258, BM757, SPS115, BMS527, BM2830, INRA194, BMS941, INRA037, BM4107, TGLA122, HUJ246, BMS528, BM4440, TGLA44, BMS510, BMS1355, BM1824, BMS812, BMS2639, BMS410, AGLA232, BM17132, BM711, INRA133, RM372, BM4311, BMS1747, BL1036, BM1862, BMS1862, URB011 
Pop                                                
AISH_2055, 089091 136136 181181 253253 103103 141145 093103 129129 191195 232238 087089 160162 108115 227231 143143 156158 102102 142146 188190 252252 173177 146154 152156 077083 132132 165183 142148 260262 146150 125129 159159 091091 146146 180196 110112 166176 089095 161161 087089 167167 228228 128128 102102 101103 177191 205205 144144 149151
AISH_2056, 089091 134134 187187 249253 103103 135147 093093 129141 189191 232238 087091 147160 115115 229231 143143 158160 090090 140142 190194 252252 173177 146166 144160 083083 124124 179183 142142 262262 150150 125129 155155 091091 146150 180196 112112 166172 089089 161165 087091 167167 228238 128130 102104 099101 181181 205205 158168 149153
AISH_2057, 089091 136136 179181 253253 103103 141145 093103 129129 189195 238238 087087 147160 113115 229229 143143 158160 088090 127146 188194 250252 173177 146152 154156 077081 124132 179183 142142 262262 150150 125125 155155 091094 150150 180184 106106 166176 085089 159161 087089 167167 228238 114130 104104 101101 181191 205211 166168 151153
AISH_2058, 089089 136136 187187 253253 103103 141141 091103 129149 191191 232238 089089 158158 115115 225229 143143 156158 090090 146148 190190 250252 173177 152152 144154 083083 124126 165183 138142 260262 146150 125129 155157 091095 150150 180184 106112 172172 085089 161161 081089 167167 224238 130132 092096 095101 181181 205205 158166 147153
AISH_2059, 089089 136136 179181 253271 103103 135145 097103 129141 189191 238238 087089 158160 115115 227229 143157 158158 088090 127148 188190 252252 173177 152152 144160 083083 124132 183183 138142 262262 150150 123125 155157 091091 150150 180194 110112 170172 089089 161165 089089 167167 238238 114130 096102 095095 181191 205211 144144 145147
AISH_2060, 089089 136138 181187 249253 103103 141145 093093 149149 191191 238238 087089 158158 115115 227229 143157 156156 090102 146148 190194 252252 173177 152152 144154 083083 124132 175183 142148 262262 146150 125129 155157 091091 150150 180180 090112 166176 081085 161161 089091 167167 224238 114128 092098 095101 181181 205207 166166 145151
AISH_2061, 089091 136138 187187 241249 103103 141145 093097 129149 191195 238252 087087 158158 115115 229229 143157 156156 090102 142146 190194 250252 173175 146152 144154 083083 132132 175183 142142 260262 140150 125125 155157 091095 146150 180180 110112 166176 081089 161173 087089 167167 224238 114130 098104 095101 181191 205205 166168 145149
AISH_2062, 089089 136136 187187 253253 103103 141141 093103 129129 191191 238238 087087 147160 115115 227229 143143 158160 088102 127142 190194 252252 167175 146152 144160 077081 132132 183183 142142 262262 146150 123123 155155 091092 150150 180184 106112 172176 085095 161165 089089 161167 228238 130130 104104 101103 181181 201211 168168 149153
AISH_2063, 089089 134136 181181 253253 103103 135135 097103 129149 189191 238238 087089 158162 108113 227229 143143 156158 090102 127142 188194 252252 173173 146152 154154 081083 132132 183183 142142 260262 150150 125129 153155 091095 150150 180180 110112 172176 089089 161161 089089 167167 228238 114130 098098 099103 181181 201205 144166 151153
AISH_2064, 089089 134136 181187 253253 103103 141141 093103 129129 191191 238238 087089 158158 113113 233233 143143 158158 090090 127142 190194 252252 167173 146166 144160 081083 132132 179183 142148 260262 150150 125129 153155 094095 150150 180180 112112 172172 085089 161161 089091 167167 228228 130130 098104 095101 181191 201205 166168 145153
AISH_2065, 089089 136136 181181 253253 103103 135141 103103 129149 191195 238252 087089 158162 108115 229231 143143 156158 090090 142142 190194 244252 167177 152152 144160 077077 126132 165183 142142 262262 150150 125125 155155 091091 150150 180180 112112 166166 085089 161173 091091 167167 228238 114132 092092 095103 181181 205205 144166 145153
AISH_2066, 089091 134136 187187 253253 103103 135145 103103 129129 189189 238238 087089 158162 115115 227229 143143 158158 090102 142142 190194 252252 167177 146152 152154 077083 124132 179183 138142 262262 150150 123125 153155 091091 146150 180194 112112 172176 085089 159161 089089 167167 224236 128130 092098 101101 181181 211211 142144 151153
AISH_2067, 091091 134136 187187 241253 103103 135141 091093 129141 191191 238238 089089 158161 115115 229233 143143 158158 090090 127146 194194 252252 167173 146152 154156 077083 124132 175175 142142 260262 146148 125129 155155 091091 150150 180180 110112 170172 089095 173173 087087 167167 224238 128130 098102 101103 181191 201205 144166 151153
AISH_2068, 089089 134136 179181 253253 103103 145145 093093 129129 189191 232238 087089 158162 108115 227229 143143 158160 090090 127142 190190 252252 175175 152152 154156 081085 126132 165183 138142 262262 146150 125129 151155 095095 150150 180180 112112 172172 083089 161169 081089 167167 228228 130130 102102 101101 181191 205205 142144 151153
AISH_2069, 089091 134136 179181 253253 103103 141141 093103 129129 191195 232252 087089 160162 113115 229233 143143 158158 090102 142142 194194 252252 167167 146152 154160 077083 124132 175183 142148 262262 146150 125125 153155 091094 150150 180180 110112 166166 085089 159165 081091 167167 228238 130132 098102 095101 181191 207211 142166 145153
AISH_2070, 089089 136136 181187 253257 103103 135141 103103 129149 189191 232238 089089 147158 113113 227229 143143 158158 090090 127142 190190 252254 167173 146146 154160 083085 124124 165175 142142 262262 146150 129129 155159 091091 150150 180194 110112 174178 089095 161173 081089 167167 232238 128130 092092 103103 181191 201205 142158 145153
AISH_2071, 091091 134136 181187 253253 103103 135145 093103 129129 191191 252254 087089 158162 115115 225229 143143 158160 090090 142146 194194 252252 167173 150152 154160 077077 124124 175183 142148 260260 150150 129129 155155 091091 148150 180180 112112 170176 085085 165173 081089 167167 228228 130130 098104 101103 181191 205211 144166 145149
AISH_2072, 089091 136136 181187 253253 103103 135145 093097 129129 189195 232232 087087 158158 108115 231231 143143 158158 090102 127140 194194 252252 167173 152164 152154 077077 132132 183183 142142 260262 150150 125125 155155 091092 150150 180180 110112 166172 085089 161173 091091 167167 236238 114130 092092 099101 181181 201205 158166 145149
AISH_2073, 089089 136136 179179 253253 103103 141141 097097 129129 195195 238238 087087 161162 108115 229233 143143 156160 088090 140142 188188 252252 167177 152152 144160 077083 122132 183183 138142 262262 150150 123129 153155 092094 150150 180180 110110 166176 089089 161169 087091 167167 228236 118130 096098 095095 181191 205211 142166 145153
AISH_2074, 089089 136136 179181 253253 103103 141141 093103 129129 191191 232238 087089 158158 108113 229233 143143 158158 090090 146148 194194 252252 173177 150154 144152 083083 124132 179183 138142 262262 146150 125129 155155 091092 150150 180196 110110 170176 089089 161161 081089 167167 224228 128130 098102 101103 181181 205211 166168 149149
AISH_2075, 091091 136136 187187 253253 103103 135141 093093 129129 189189 238252 089089 158158 113113 227229 143143 156156 090102 127142 188190 252252 163173 146146 154160 077083 124132 165183 142142 262262 150150 125129 155155 091091 146150 180180 110112 172176 085089 161161 089089 167167 228228 130132 102102 101103 181191 205205 166166 145151
AISH_2076, 089091 134136 181187 253253 103103 141141 085103 129149 189195 238238 087087 158162 115115 225229 143143 156156 090090 142142 190190 252252 167177 152152 154160 077077 124132 183183 138142 262262 150150 125125 155157 091092 150150 180180 110112 170176 089089 161161 081089 167167 236238 128132 098104 095101 177181 205205 144168 149153
AISH_2077, 089089 136138 187187 253253 103103 141141 093103 129143 191191 238238 087089 158160 115115 225229 143143 160160 090090 140142 188190 252254 173177 152152 154154 077077 132132 175183 142150 262262 140150 125129 155159 091092 150150 180180 108110 166166 085089 165165 087089 167167 228238 130130 102102 101103 181191 205205 144168 145149
AISH_2078, 091091 136136 179181 253253 103103 141141 093097 129129 191195 238252 087089 158160 108108 227229 143143 156158 090090 140142 190194 252252 173177 146152 144154 077081 124124 175179 142148 260262 150150 123129 155155 091095 150150 180196 110110 166172 095095 159161 091091 167167 228228 130132 102104 095103 181181 201205 144166 149153
AISH_2079, 089091 134138 179191 253253 103103 135141 091103 129129 189191 232238 087089 158162 113115 229229 143143 156158 090102 142146 190190 252252 167177 146152 144154 077077 124132 175183 142142 260262 140150 125129 153155 091092 150150 180192 110110 170172 089089 161165 085089 167167 228238 130130 098104 101101 181181 205207 144166 151153
AISH_2080, 089089 136138 181187 253253 103103 135141 091097 129129 191191 238254 087089 162170 115115 229233 143143 154158 090090 146146 190190 252252 167173 146164 154154 077077 132132 183183 142142 260262 146150 129129 155155 091095 150150 180180 112112 166172 089089 161169 089089 167167 236236 130130 102104 095101 191191 205205 168170 145149
AISH_2081, 091091 134136 179187 253269 103103 141141 093103 129129 189191 232238 087087 162162 108115 229231 143143 156158 090090 127142 194194 252252 167177 146152 154154 077083 124132 175183 142142 260262 146150 125129 153155 091091 146150 180180 110112 166172 089089 159165 089091 167167 228238 130132 098102 095101 181191 211211 166168 145151
AISH_2082, 089089 134136 181181 253271 103103 141141 093103 129129 191191 232252 087089 147158 108113 227231 143143 156158 090090 127127 194194 252252 177177 152152 154154 077083 124124 175183 142142 260260 140150 125125 155155 091095 150150 180184 112112 170176 083089 165173 089089 167167 236238 130130 092102 101103 181181 205215 158158 149151
AISH_2083, 089091 134140 181187 253253 103103 135141 093097 129149 189191 238238 087087 158161 115115 225227 143143 156158 090090 127142 188190 246252 177177 146154 154160 077077 124124 175179 138142 260262 150150 125125 155155 091095 150150 180196 112112 166166 089089 161167 081089 167167 224228 130130 092102 095103 177191 205207 166168 147149
AISH_2084, 089089 136136 181181 253253 103103 141141 093103 129141 191195 232238 087087 158162 113113 227229 143143 156158 090090 127142 194194 252252 173177 146152 152160 077083 124132 175179 142142 262262 146150 123125 155157 091091 150150 180184 106112 172172 089089 165165 085091 167167 236238 130130 092102 095101 191191 205211 144168 145151
AISH_2085, 091091 136138 181181 249253 103103 135141 089103 141149 191191 232238 089089 158161 115115 229231 143143 158158 090102 142146 194194 252252 173173 152152 152154 083085 126132 175183 142142 260262 150150 125129 155155 091092 150150 180184 112112 172176 089095 161161 085089 167167 228228 114130 096104 101103 181191 205207 144158 149149
AISH_2086, 089091 136136 181187 253269 103104 141145 093103 129129 189195 232238 087087 158158 115115 227229 143143 156158 090090 142146 188190 250252 167177 152152 144152 081083 124132 175175 138142 262262 146146 125125 155155 092095 146148 180196 110112 172172 089095 161165 087089 167167 228228 114130 102104 101101 181191 205205 142168 145147
AISH_2087, 089091 134134 179187 253253 103103 141141 091093 141141 191195 238254 087089 160161 115115 229233 143143 156158 090102 146146 194194 252252 167173 146152 144154 077083 132132 175183 142142 260262 148150 125129 155155 091092 150150 180184 110110 170172 089095 169173 087089 167167 238238 130130 096098 095103 181191 205211 158166 145151
AISH_2088, 089089 136138 179187 253269 103103 145145 097103 129149 191195 238252 087087 147158 113113 225225 143143 158160 102102 140148 190190 250252 173177 146154 144154 077083 132132 175179 142142 256262 150150 125129 155157 091095 150150 180194 106112 170172 085089 165173 089089 167167 228238 130132 098102 095101 181191 205205 142166 149153
AISH_2089, 089091 138138 187187 253253 103103 141141 091103 129141 191191 238252 087089 158158 108113 229229 143143 156158 090102 140148 190194 252252 167173 152152 160160 083083 124126 183183 138142 262262 150150 125129 155157 091092 150150 180196 112112 166166 085089 165165 089089 167167 224228 130130 102102 095095 181181 205211 144166 153153
AISH_2090, 091091 134136 179179 253269 103103 135141 093103 141141 189191 238238 087089 160161 115115 231233 143143 156158 090090 142146 194194 250252 173173 146152 144160 077083 132132 175183 142142 260262 140148 125129 155155 092095 150150 180180 110112 170172 085089 161173 081089 167167 224238 130130 092096 095101 181191 205211 158166 145153
AISH_2091, 089089 134136 179187 253271 103103 141141 085103 129129 189191 232238 087087 158162 113115 229229 143143 156158 090090 127142 190194 250252 167173 146154 154154 083083 124124 183183 142142 260262 146146 129129 155155 091092 150150 180184 110112 166172 089089 161173 081091 167167 228228 128132 098102 101103 181181 201205 158168 149153
AISH_2092, 089089 134136 179179 253253 103103 135147 085093 129129 191191 232238 087087 158162 113113 229233 143143 154158 090090 140148 188190 252252 167173 152152 154160 077083 132132 183183 142142 262262 146150 125129 155155 091091 150150 180180 106110 172172 085089 161165 081089 167167 228236 130130 102102 103103 181181 205205 158166 153153
AISH_2093, 089089 138138 187187 253253 103103 141147 093103 129129 189191 232252 087089 158158 115115 227229 143143 158160 090102 127140 190194 252252 167177 146146 154154 083083 132132 175183 142142 262262 150150 125125 155155 091091 150150 180196 112112 172172 089095 159161 087089 167167 228238 130130 092104 095101 181191 205211 166168 149153
AISH_2094, 089091 134136 181187 253253 103103 135141 097103 129129 191195 232238 087089 147162 108108 227227 143143 158158 090090 142142 194194 252252 173177 152154 144154 077077 124132 183183 138142 262262 150150 125129 155159 091091 150150 180196 112112 176176 085089 161161 089089 161167 238238 128132 102104 099101 181191 205211 144168 149151
AISH_2095, 091091 134136 187187 253253 103103 141145 103103 129149 189191 238254 087089 158162 115115 225227 143143 156158 090090 142146 194194 252252 167167 146152 154160 077077 124132 175175 142142 260260 150150 125129 151159 091092 148150 180180 110112 170172 085089 161161 089089 167167 224238 130132 098104 095101 181181 205211 142166 149153
AISH_2096, 089089 136138 187187 253253 103103 135141 093103 129129 191191 232252 087087 158162 115115 229229 143143 158160 090090 142142 188194 252252 173173 146154 154154 077083 124132 175183 142142 260262 140146 129129 155159 091091 150150 180184 110112 172176 089089 161173 089089 167167 236238 130132 102102 101101 181181 205211 144168 151151
AISH_2097, 089091 134140 179179 253253 103103 141141 085093 129149 191195 238238 087087 158158 115115 227229 143143 156158 090102 140142 190190 252252 167173 152152 160160 077083 124124 165183 142142 262262 150150 125129 155159 092094 150150 180180 110112 170172 089095 161161 081091 167167 228238 114128 098098 099101 181181 211215 166166 145149
AISH_2098, 089091 134138 179181 241269 103103 135141 097097 129129 191191 232238 087089 158158 108113 227229 143143 156156 088102 142142 194194 252252 173173 146146 154160 081081 124132 183183 138142 256262 150150 125129 155155 092092 150150 180196 106110 170172 083085 173173 089089 167167 224238 128130 098102 095103 191191 201211 166168 145151
AISH_2099, 091091 134138 181187 269269 103103 141145 085089 141141 189191 238252 087087 158162 113115 229229 143143 158158 090090 140140 188194 252252 177177 150152 154160 081083 124132 175175 138142 262262 146148 129129 155155 091091 150150 180196 112112 170172 085089 165169 081089 167167 228228 114130 102102 095103 181181 205205 144168 147149
AISH_2100, 089089 134136 181181 253253 103103 141145 091093 129129 189191 238238 087089 158158 108115 227229 143143 158158 088090 127140 190190 252252 167175 146152 154156 081083 124132 175175 142142 262262 140146 125125 155157 095095 150150 180196 112112 172176 089095 161161 089089 167167 228238 130130 102102 101101 181181 205205 142166 151153
AISH_2101, 089089 136138 179187 249271 103103 141141 097103 129129 189191 238238 087087 158158 113115 227229 143143 156158 090090 142142 190190 252252 167167 152152 144154 077083 132132 183183 142142 262262 140150 125129 155157 091092 146150 180184 106112 170172 089089 161173 085087 167167 224238 130132 098102 095103 177181 205211 144168 151153
AISH_2102, 089091 134134 181181 249253 103103 141141 085097 129129 191191 238252 087087 147158 113113 227231 143143 156158 090090 127142 194194 252252 173177 152154 154156 077083 000000 183183 138142 262262 150150 125125 155155 091091 150150 180180 110110 166170 089089 161165 089089 167167 228238 128130 104104 101103 181181 201207 144158 149153
AISH_2103, 089091 136138 179187 253253 103103 135145 093097 129129 189195 238238 087089 158160 115115 229229 143143 156160 102102 140148 188188 252252 177177 146154 154154 083083 132132 183183 142142 262262 150150 125129 157159 091092 146150 180180 110112 172176 089089 161161 089089 167167 228238 128130 098102 095101 181181 205207 144144 145153
AISH_2104, 089091 136138 181187 253253 103103 141145 093097 129129 191195 238238 087089 158162 108115 225229 143143 158158 090102 127142 194194 252252 173173 146146 152154 077083 132132 183183 142142 260260 150150 125129 159159 091092 150150 180180 110112 172172 083089 167169 081089 167167 224238 128128 102104 101101 181191 201215 142142 149153
AISH_2105, 091091 138138 187187 253253 103103 145145 103103 129129 189191 232232 087089 160162 108113 227227 143143 158160 090090 127146 194194 252252 167167 152152 160160 077081 124124 175183 142142 260260 150150 125125 155159 091091 150150 180180 112112 170170 085089 161173 087089 167167 228238 130132 098104 095103 181191 201211 166166 149153
AISH_2106, 089089 136136 181187 253253 103103 135145 097103 129143 189191 238238 087089 162170 108115 229229 143143 156158 090102 127142 190194 252252 167177 152166 144154 077077 124132 175183 142142 260262 146150 125129 155155 091091 150150 180196 110110 166172 089095 161161 089089 161167 228228 130130 102104 095101 181191 205205 158168 149151
AISH_2107, 089089 138138 179181 241253 103103 135145 093103 129141 191195 232238 087087 158162 115115 225229 143143 160160 090090 127142 194194 252252 167177 146152 154154 077083 124132 165183 142142 262262 150150 125125 155159 091091 150150 180180 106110 170172 083089 161165 089089 167167 228238 130130 102104 095101 181181 205205 166168 149151
AISH_2108, 089089 134138 181187 253269 103103 141141 097103 129149 189189 232238 087089 147158 113115 227229 143145 156158 090090 142142 188190 252252 167175 152152 144160 083083 124132 183183 142142 262262 146150 125129 155157 091091 150150 180180 106110 166172 089095 165167 087091 167167 238238 128130 098104 095103 177181 205211 144168 147149
AISH_2109, 089091 136136 179181 253253 103103 141141 093103 129149 191191 232238 087087 158160 108115 227227 143143 156158 102102 140140 188194 250252 177177 146152 154154 081081 124124 165183 142148 260262 150150 125129 155155 091091 146150 180184 112112 172172 085089 159161 081087 167167 228238 128132 102102 101101 181191 205205 144158 145149
AISH_2110, 089089 136138 187187 253269 103103 135145 097103 129141 195195 232238 087087 147158 113115 225227 143143 158160 090102 127127 194194 252252 167177 146152 154160 077083 132132 165183 142142 262262 150150 125125 155157 091091 146150 180180 106110 166172 083089 165173 089089 167167 228228 128130 102104 095101 181181 205207 166168 149149
AISH_2111, 089091 134136 181181 253269 103103 141141 103103 129129 191191 238238 087089 158162 113115 227229 143143 158158 090090 127146 190194 252252 167173 146152 154160 077083 124132 175175 142142 260262 150150 129129 155155 095095 150150 184196 110112 170172 089089 161165 089089 161167 238238 130130 098104 095103 181181 205205 158166 153153
AISH_2112, 089091 136138 179181 253253 103103 135141 097103 129149 191191 238238 087089 158162 108108 227229 143143 158158 090090 142142 190194 252252 177177 146152 144154 077083 126132 175183 142150 262262 150150 125125 155155 091091 150150 180196 090106 166172 085085 161161 087091 167167 224238 130132 092102 095101 181181 205215 158166 147151
AISH_2583, 089091 136136 181181 241253 000000 135141 093103 129129 189195 232238 089089 147158 108113 227229 143143 158158 090090 142146 190194 252252 167177 146152 144154 083083 124124 179183 138142 260262 140146 129129 155155 091095 148150 180180 110112 166166 085089 165173 087089 167167 236238 130130 098102 095101 181191 205211 158166 149149
AISH_2584, 091091 134136 187187 253269 000000 000000 093103 129129 191191 252252 089089 158162 113115 229229 143143 158160 088102 128142 190194 252252 167173 146152 160160 077083 124124 183183 142142 260262 140150 123125 155155 092095 146150 180180 110112 166172 085089 161161 081087 167167 228238 114130 098102 095095 181191 201215 158158 145152
AISH_2587, 089091 134136 187187 253269 103103 145145 103103 129141 189191 232238 087087 158158 108113 229229 143143 158158 090102 142146 194194 252252 173173 146152 154160 077083 124124 183183 138142 000000 150150 125129 155159 091095 150150 180184 112112 172172 089089 161173 087089 167167 228238 128128 102104 101101 181181 201205 158158 149153
AISH_2590, 089089 136138 187187 253253 103103 141145 093093 129143 191191 238238 087089 158158 108115 227229 143143 154160 090090 142146 194194 250252 167173 152164 154160 077083 124124 175183 142142 262262 150150 129129 153155 000000 150150 180184 110112 170172 085085 161165 089089 161167 224228 114114 092104 095103 181191 201205 166166 149151
AISH_2591, 089091 136136 181187 253253 103103 141141 103103 129141 191191 232238 087089 158162 113115 229231 143143 156158 090090 128142 194194 252252 173173 152152 152154 077077 124132 165175 138142 262262 150150 125129 155157 091091 150150 184192 106112 166172 089089 161165 085089 167167 228238 130130 000000 000000 181191 205207 144168 000000
Pop                                                
CL_34, 089089 136138 187187 241269 103103 141141 093103 129149 191195 238238 087087 147158 108115 225229 143143 158158 090090 142146 190190 252252 167177 152152 154158 081083 126132 183183 142148 260262 150150 125129 155155 092092 146150 180184 110112 172172 085089 161169 089091 167167 228238 130130 098104 101101 181181 205205 144166 151153
CL_38, 089093 138140 187187 253253 103103 145147 103103 129143 195195 238252 087087 160162 108113 227231 143143 158158 090090 127146 190194 244252 165167 152152 154154 083083 132132 183183 142142 260262 146150 129129 155155 092095 150150 180196 108110 172176 085089 161169 085089 167167 228238 130130 098102 101103 181181 205207 144166 153153
CL_41, 089093 136138 179187 253269 103103 145147 097103 129149 191191 238238 087087 147158 115115 229229 143143 156158 090102 146146 190190 252252 173173 152152 154154 081083 124132 183183 142142 260262 140150 125129 155155 092092 150150 184196 110112 166166 085089 159161 091091 161167 228238 130130 098102 101101 181181 205205 168168 149153
CL_44, 089089 136138 179187 253269 103103 141145 091103 129129 191191 232238 087089 158160 115115 229229 143143 158160 102102 142142 190190 252252 173173 152154 154154 083083 132132 183183 138142 260262 150150 129129 155155 091092 150150 196196 110112 166172 089089 159161 083089 167167 228238 130130 098102 095099 181181 205211 142168 145153
CL_45, 089091 136138 179187 253253 103103 135141 093103 129149 189191 232238 087089 147158 115115 227227 143143 156158 090090 142146 190194 252252 173173 146152 144154 083083 126132 183183 138148 260260 150150 125129 153155 091092 150150 180196 110112 170172 089089 169169 089091 161167 228228 130130 102102 101101 181181 205205 142168 149153
CL_47, 089091 138138 181187 269269 103103 135147 093103 129129 191195 232232 087089 158160 115115 225225 143143 156158 090102 138142 194194 252252 165175 152152 154154 083083 126132 175183 142142 262262 146150 125129 155155 091095 150150 180196 110112 166174 089089 169173 085087 167167 228238 130130 104106 099101 181181 205205 142144 145153
CL_50, 093093 136140 179181 253253 103103 135147 093103 129143 191191 238252 087089 158158 108115 225227 143145 156158 090090 142146 190194 252252 165177 146152 154154 083083 124132 175183 142148 260262 146150 125125 155155 091092 150150 180180 110112 172172 085089 161161 087091 167167 228228 130134 092104 095101 181181 205205 168168 149151
CL_384, 091091 134136 181187 253269 103103 141141 093093 141149 191191 238238 087087 158162 113113 225229 143143 158160 090090 127127 190194 252252 173175 152152 160160 077083 124132 183183 142142 262262 140146 125129 155155 091092 150150 180184 112112 166166 085089 161165 089089 167167 228238 130130 102104 101101 181181 205205 142142 149153
CL_385, 089091 134140 187187 253269 103103 141147 103103 129143 191195 238252 087089 158162 108115 227231 143145 000000 090090 127142 190190 252252 167173 152152 154154 083083 132132 183183 142142 260260 146150 129129 155155 092092 150150 180198 110110 166172 085089 161173 087091 161167 228238 130134 102102 101103 181181 205211 144166 153153
CL_386, 089089 136136 181187 253253 103103 135141 103103 129141 189191 238252 089089 147158 115115 227229 143143 154156 090090 142146 190194 252252 173177 152152 154154 081083 132132 183183 142142 262262 150150 125129 155155 091095 148150 196196 110112 166172 089089 161173 089089 167167 228238 130130 098102 095101 181191 205205 142168 149153
CL_387, 089089 134136 187187 269269 103103 141141 103103 129129 191191 232238 087089 158162 115115 225227 143143 156156 090102 138142 190190 252252 167177 152152 154154 083083 124132 183183 142148 260260 146150 129129 155155 092092 150150 180198 110110 166166 089089 169173 087091 161167 228228 130130 102104 095101 181181 205205 142166 149153
CL_388, 089089 136138 181187 253253 103103 135141 093103 129149 191191 238238 087089 160162 115115 225229 143143 158160 090102 142142 190194 252252 167173 152152 154160 077083 124132 175183 138138 260260 146150 129129 155155 091092 150150 184184 110110 172172 083089 161169 087091 167167 228228 130130 102102 101101 181181 205205 142166 145145
CL_389, 089091 136138 187187 253269 103103 145145 103103 129129 191195 238238 087087 162162 108115 225227 143143 158160 090090 142146 190194 252252 173173 152152 154160 077083 124132 175183 138138 260260 150150 129129 155155 092095 150150 180196 110110 166166 083089 169173 087091 167167 228238 130130 102102 101103 181181 205205 144168 149153
CL_390, 089089 138138 187187 241253 103103 135145 093103 129129 189195 238254 087087 158160 108115 225227 143143 158158 090090 138146 194194 000000 167177 152152 154160 083083 132132 175183 142142 000000 146150 125129 155155 091092 150150 180196 108112 176176 089089 161169 089091 167167 228238 114130 098104 101103 181181 205211 166166 145153
CL_391, 089091 134136 179187 253269 103103 141141 093103 129129 191195 232238 087089 158160 115115 225229 143143 158160 090090 127142 188190 252252 167167 152152 144144 081083 124132 183183 138142 260260 146150 123125 155155 091092 146150 184196 110110 166172 085089 161169 085089 167167 228228 114130 098104 101103 181181 205211 142168 153153
CL_392, 091093 138138 187187 269269 103103 141141 093103 129149 189191 238238 087089 158158 115115 229233 143143 158158 090102 140146 194194 252252 167173 152152 154154 083083 124124 183183 142142 260262 146150 129129 155155 092092 148150 180184 110112 166176 089095 161161 087089 167167 228238 130130 102104 101101 181181 205205 142144 145153
CL_393, 089089 138138 181187 253269 103103 141147 000000 129129 191195 238238 089089 158162 113115 225227 143143 156160 090090 142142 190194 252252 175177 152152 154154 077083 124132 175183 138142 260260 146146 129129 155155 092095 150150 180194 110110 166172 085089 161173 089089 167167 228228 130130 102104 101103 181181 201205 166166 149153
CL_394, 089093 136136 187187 269269 103103 141145 093103 141149 189191 238238 087089 158162 115115 225229 143143 156160 090102 146146 190194 252252 173173 152152 154154 081083 124132 183183 138142 260262 140150 125129 155155 092092 150150 184196 110110 166172 085089 161161 089089 167167 228228 130130 092096 101103 181181 205211 168168 145153
CL_395, 089091 136136 181187 253269 103103 141147 091097 129129 189195 238238 087089 160160 115115 229233 143143 154158 090090 127142 190194 252252 167173 152152 154154 081083 126132 183183 138142 260260 146150 125129 155155 091092 148150 184196 110110 172172 083089 161161 087091 167167 228228 114134 102102 095099 181181 205211 142168 149153
CL_396, 089091 134136 179187 241253 103103 135141 103103 129129 191191 238238 089089 160160 115115 225229 143143 156160 090102 142146 190190 244252 167173 152152 154160 083083 124124 183183 138142 260260 140150 125129 155155 092095 150150 194194 090090 172172 085089 161161 089089 161167 228228 130130 098102 101103 181181 205207 142168 149149
Pop                                                
EINPP_2470, 091091 134134 175185 253271 103103 135147 097097 143149 189191 238238 085087 143161 113115 000000 143145 158158 090100 128128 194200 246250 165173 152156 144156 083083 122122 179183 142148 262262 146150 123127 155159 092092 146154 192198 108110 170174 089089 161161 087089 161167 236240 130134 098104 095101 179191 211215 164168 000000
EINPP_2471, 091091 136138 187187 241253 103103 135147 089097 129143 189191 238238 087089 160161 113113 229229 143143 156160 088102 128148 194200 250254 165175 152162 156158 081083 122122 179185 148150 256262 146150 127127 155157 092092 148150 184198 108108 168170 083089 161173 087087 161167 228240 130130 096098 095101 179191 201205 158168 149149
EINPP_2472, 091091 138138 187187 241249 103105 135141 089097 129149 189195 238238 087089 160160 113113 225231 143147 154158 088088 128150 194202 246254 163173 150162 144156 083083 120124 165165 142142 262262 140140 127127 153157 092092 146146 184196 108108 168172 089095 161173 085087 161161 240240 130130 092104 101103 181191 215215 142162 149149
EINPP_2484, 089091 136140 175185 241269 103103 137137 099105 127149 191191 238238 085091 160160 108115 231233 143143 154154 088088 128150 194200 250254 173175 156158 156156 081083 122122 165183 142148 260262 146150 127129 151155 092095 146150 184198 106108 170172 083089 161161 087087 161167 228240 130130 098104 101103 177191 205211 164168 149149
EINPP_2486, 091091 136138 187187 245271 103104 135135 097101 129143 195195 238238 087091 143158 108113 229229 147147 154160 090100 140140 194200 246250 175175 152158 156156 083083 122124 165183 142142 260262 140148 125127 153155 091095 146146 192192 106108 168170 089089 161173 087087 161165 240240 118130 096098 101101 181191 207211 162168 000000
EINPP_2487, 089091 136138 185187 241253 103103 135135 089097 129149 189191 238238 085089 160160 113113 225229 143143 156158 088100 128150 194200 246250 165173 156164 156158 083083 122122 183185 138148 262262 140140 123127 157159 091095 146150 180180 106112 168172 083089 161173 085087 161165 236240 130130 092104 099103 191191 205215 142158 000000
EINPP_2489, 091091 134136 179187 241253 103103 137147 089105 143149 189195 238238 087091 143160 113115 229233 145145 158160 100100 128148 194194 250250 163173 142162 144156 081083 124124 183185 142148 256262 150150 129131 153155 092094 146150 180198 108112 168168 083089 161165 089091 167167 240240 130134 096104 095099 191191 205211 162164 149149
EINPP_2596, 091091 134142 185191 245249 103104 135135 097097 129143 191191 238254 087089 160160 108108 229231 143143 154158 088102 150150 194200 250254 175175 150158 144144 081083 122122 179181 142142 262262 146150 127127 155159 090091 146150 180184 106110 168170 083089 161165 087089 161161 000000 130134 096096 095099 191191 205215 142168 149149
EINPP_1366, 089091 136140 187187 241241 103103 135135 089101 143143 189189 238238 087087 160160 115115 229231 143145 154156 088088 127140 194200 246250 167175 150158 154156 083083 124126 179181 142142 260262 140140 127131 153153 092095 146146 180184 108108 168176 083089 161165 085089 167167 236240 130134 096096 101103 191191 205215 142164 149149
EINPP_1367, 089091 136136 175185 249253 103103 135135 089105 149149 189189 232250 089091 161161 108113 231233 143143 156160 088088 127150 190194 250254 167173 156158 156158 081083 124124 179185 148150 260262 140146 125127 153155 092095 146146 180198 108110 168170 089089 161161 087091 167167 236240 130130 092104 095101 179191 205211 164164 149153
EINPP_1368, 089091 136138 175179 253271 103103 135147 089091 127149 195195 232238 087091 161161 113115 231231 145145 154160 088090 127148 194202 246254 163167 156164 154156 081081 122124 181181 142142 262262 140146 127129 153155 092092 146154 180198 108110 170172 083085 161161 085089 167167 240240 130130 098098 095095 181191 202215 156168 149153
EINPP_1369, 091091 136138 187187 245253 103103 137147 097101 143149 189195 238252 085087 160160 108115 231233 145145 154158 088088 140140 194200 250250 173175 152156 144144 081083 124124 179181 148148 262262 146150 127129 153155 092092 146146 180180 108108 170170 089089 161161 089091 167167 228236 134134 092098 099103 191191 205205 142164 149149
EINPP_1370, 089091 136136 175187 241271 103105 135135 089093 129143 191195 238254 087087 160170 108113 225229 143143 154158 088090 127127 194200 246250 167175 150158 156158 081085 124124 181181 142148 256260 140146 127131 153155 091095 146154 180180 106108 168168 083089 161161 085089 161167 228240 130130 092092 095095 181191 211215 158162 143149
EINPP_1371, 089091 136136 175175 241249 103103 135135 089101 149149 189189 232238 085091 160161 108108 229231 143143 154156 088090 127150 190194 250254 173175 156158 156156 083085 124124 179183 150150 262262 140140 125125 155155 092092 146150 192198 108110 170170 089089 161173 087091 167167 236240 130130 098104 095101 177191 205211 156164 149149
EINPP_1372, 091091 136136 185185 241241 103105 135135 089091 129149 189195 238250 087087 158161 108115 229231 143143 158158 088100 127140 194194 250250 163177 152158 154156 083083 122124 181183 142150 260260 140140 123125 153155 091095 146150 180198 108108 168176 089089 161161 085091 161167 236236 130134 092104 095101 191191 205211 156168 149149
EINPP_1373, 091091 134136 175175 241271 105105 135141 093105 129149 189191 238254 087087 161170 113115 231231 143143 154158 090100 127150 194194 252254 175175 158158 144158 081083 124124 179183 142142 256262 140150 125127 155159 091092 146146 180180 108108 168176 083089 161161 087087 161167 238240 118130 092098 101101 181191 201211 158168 149149
EINPP_1374, 089089 136136 187187 241245 103105 135135 089097 129143 189191 238238 087087 160160 115115 225231 143147 154156 088090 127148 194200 246250 163175 158158 154156 083083 124124 181181 142148 260260 140146 127131 153159 092092 146146 180180 106108 168176 089095 161161 085091 161167 236240 130134 092104 095103 191191 205211 156158 143149
EINPP_1375, 089093 136138 181185 241271 103105 135135 097101 127143 191195 232238 085087 143160 113115 229233 143147 154154 088088 127140 194200 246250 173175 142162 144156 083083 124124 181181 142148 260262 146146 131131 155159 091092 146146 192198 108108 168168 083083 161173 087091 161161 236240 118130 098098 095099 181191 205211 162164 145151
EINPP_2476, 091091 134136 175185 241241 103105 135147 093105 129143 191191 238238 087087 143161 113115 231231 143147 154154 090090 142150 194194 250252 175175 158158 144154 081081 122124 181183 142148 262262 140150 125127 153155 092092 146146 180198 106110 168176 089089 161161 085087 161161 228240 130130 092096 097101 177191 211211 158158 145149
EINPP_2478, 089089 134136 181187 241253 103107 135135 089093 129143 189189 238238 089091 158160 108108 229229 143147 156158 090090 140140 194200 246250 175175 150162 156156 081081 122122 183185 148148 256262 140150 123127 153157 092092 146154 184198 108108 168168 089089 165173 085085 165167 236240 130130 104104 099099 177191 207211 156168 000000
EINPP_2479, 091091 134136 179187 241241 103105 147147 093097 127149 189189 238238 085089 160161 108115 229231 143145 154154 088100 128140 000000 250254 175175 158162 154156 083083 124124 179181 142150 262262 140150 127131 155155 091091 148150 180184 106108 170170 089091 161173 085089 161167 238240 130130 092092 095101 191191 211211 162162 000000
EINPP_2481, 091091 138138 181185 241253 103103 135141 097105 129149 191195 238238 085091 160160 113115 229231 143143 154158 090100 140150 194198 250254 175175 158162 154160 081083 122124 165181 148150 256262 146150 125127 155155 092095 146146 180198 106108 170174 089089 161161 089089 161161 228240 130130 092098 099101 191191 211211 162170 149151
EINPP_2483, 091091 136136 175181 241253 103103 135135 089089 129143 195195 254254 087087 000000 108115 000000 143143 154154 090090 128148 194200 246250 165167 150158 144158 081081 124124 179181 142142 260262 140146 127127 153159 091092 146154 180198 108108 168172 089089 161161 085087 167167 238240 130134 092096 095101 181191 211215 162162 143149
EINPP_2485, 091091 138138 185187 241247 103107 135137 089101 143149 191195 232238 087091 161161 108113 229229 143143 158158 088088 128140 194200 250254 175175 158158 144144 081083 122122 179179 142142 262262 146146 127127 155159 092095 146150 184198 108108 168186 083089 161165 087087 161167 236238 130130 092104 095101 179191 205211 142170 149151
EINPP_2488, 091091 134140 175187 241253 103103 135135 097101 143149 191195 238238 085087 160161 113113 229231 145145 156158 090090 140150 194194 244254 165175 156158 144154 083083 122122 179185 142148 260262 146146 123127 153153 092095 146146 192192 106108 172176 083089 161161 087087 165165 236236 130134 098098 095101 179193 201211 164168 149149
EINPP_2490, 089091 134140 185187 241241 103105 135141 091091 129143 191195 238238 085087 143143 108115 229231 143143 154156 088090 128128 194194 246250 163177 158164 144156 081083 122122 179183 142142 262262 140146 127131 153153 091092 146150 180180 106108 170172 083089 161161 089089 161161 228240 130130 092104 095101 177191 205211 164164 149149
EINPP_2492, 089089 138140 185187 241253 103103 135135 089093 129149 191191 232232 085087 160161 113115 229231 143147 156158 088090 128128 194200 246250 173175 158164 156156 081083 122124 179183 138142 262262 140140 127127 159159 091095 146150 180198 106106 168170 083083 161161 085087 161161 236236 130130 092092 099099 181191 215215 158168 000000
EINPP_2493, 091091 136140 175179 241241 103103 135141 089101 129129 189191 238238 087091 143160 115115 229229 143145 158160 088102 140140 200200 246252 163173 158162 154158 081083 122122 179185 142150 260262 140140 127127 153155 091095 146150 184192 106108 172172 089089 161161 085087 165165 240240 130130 098098 095103 191191 205215 166168 149151
EINPP_2494, 089091 134136 185187 241241 103105 135141 089097 129149 195195 238238 089089 158161 115115 229231 143143 154158 090100 128140 194198 244254 175175 150158 154156 081083 120124 179179 150150 260262 146150 123127 153155 091092 146150 184196 108112 170176 083083 161161 087089 161167 240240 130130 092098 095099 179191 211215 142142 000000
EINPP_2495, 089091 136140 175175 241241 103105 135141 089093 143149 189189 238238 087091 143161 113115 229231 143143 158158 090100 142150 194198 250250 173175 158158 154154 083083 122124 165179 142150 262262 140148 123129 155155 092095 146148 198198 106108 170170 083089 173173 087087 161167 228240 118134 092104 099101 177191 205205 142144 149151
EINPP_2496, 089091 136138 185185 241241 103103 135147 089097 127129 189195 238238 087089 158160 108113 229233 143147 154160 088088 140150 200202 250254 163175 150162 154156 081083 122124 181183 142148 262262 150150 127131 159159 092095 146150 180192 108110 172174 083089 165165 087087 161161 240240 134134 096104 095095 179191 205205 162168 149149
EINPP_2497, 089091 134136 181187 241241 103104 135141 093093 127149 195195 232238 087087 160161 113115 229231 145147 156160 088090 140150 194194 246250 175175 158164 156158 081083 122122 179181 142150 262262 140150 123127 155159 092094 146150 184198 108108 168168 089091 161173 085089 165167 236236 130130 096098 095099 179191 207207 156164 000000
EINPP_2592, 091093 134136 185185 249271 103103 135135 097101 129143 191191 238254 087089 143160 108108 229229 143143 154158 088088 140150 194200 254254 173175 158158 144144 081083 122124 181181 142148 262262 146146 127127 155159 091092 146150 180184 108110 170170 083083 161165 087089 000000 224240 130130 092096 095101 191191 205211 168170 149149
EINPP_2593, 091091 138140 175175 241241 103103 135141 089097 129143 189191 000000 085087 143160 115115 229231 000000 154158 088090 128140 190200 244252 173175 158162 158158 081083 124124 179185 142148 260262 140146 127127 153155 092095 146146 180192 108108 170172 089089 161161 087089 161165 236240 118130 096098 101101 191191 205211 142168 149149
EINPP_2595, 091091 136138 187187 245271 103104 135135 097101 129143 195195 238238 087091 143158 108113 229229 147147 154160 090100 140140 194200 246250 175175 152158 156156 083083 122124 165183 142142 260262 140148 125127 153153 091095 146146 192192 106108 170170 089089 161173 000000 161167 240240 130130 092104 095101 181191 207211 162168 149149
Pop                                                
EINPW_2498, 089091 136138 181187 253269 103103 141141 093097 129129 189191 238238 087087 158160 113115 229231 143143 158158 090102 142142 190190 252254 177177 152152 144154 083083 124132 183183 142142 260262 150150 125129 153155 091094 148150 184198 110112 172172 089089 161173 087089 161167 228236 130130 102102 101101 181191 201205 142168 000000
EINPW_2513, 089089 134136 179187 253253 103103 141145 103103 129129 189191 232238 087087 158158 113115 227229 143143 154156 090090 142146 190194 252252 167173 154166 144144 077077 122132 175175 138142 262262 148150 125129 155155 091091 150150 180184 106112 172172 089089 169173 081089 167167 228238 130132 096102 095095 181191 205211 144166 000000
EINPW_2514, 089093 138138 179179 253271 103103 141145 097103 129129 189189 238238 087087 147158 108108 227229 143143 156158 090090 128142 190194 252252 167177 152152 144154 081083 122132 175175 142150 256262 146150 125129 155155 091091 150150 196198 112112 166176 085089 161165 089091 167167 224238 130130 096104 101101 181181 205211 168168 000000
EINPW_2597, 089091 138140 179187 253269 103103 141145 093097 143143 191195 238252 087089 162162 115115 000000 143157 156156 090102 146148 190194 252252 173173 152152 144154 083083 132132 165179 142142 260262 140146 125129 155159 091091 148150 194198 110112 170172 085089 161165 089089 167167 228238 114130 102104 101101 181181 207211 142168 000000
EINPW_2499, 089089 136136 179179 253269 103103 135141 103103 129141 189189 238254 087089 147158 115115 229231 143143 158158 090102 140140 194194 252252 167167 146152 154154 081083 124132 175183 138148 260262 140150 125129 155157 091092 150150 184198 106110 166172 081095 161173 000000 167167 228238 130130 098102 095101 181191 205207 000000 145151
EINPW_2500, 089091 134136 187187 253253 103103 141141 093097 129129 189191 232232 087091 158158 115115 229231 143143 158160 088090 128140 194194 252252 167173 152152 144156 083083 124132 175183 138142 262262 150150 125129 155155 092095 146150 180180 112112 166170 085089 161165 089091 167167 228228 114130 102102 101101 191191 211215 166166 145153
EINPW_2506, 089091 136136 179187 253253 103103 141147 085103 129129 191191 238238 087089 162162 113115 229229 143143 156158 090090 142148 190194 250254 167175 152154 154154 077083 132132 183183 142148 260262 140150 123125 155159 091092 150150 180184 112112 172176 089089 161165 000000 167167 228238 114130 096098 099101 181181 207207 144144 151153
EINPW_2509, 089089 136138 187187 253253 103103 141141 085097 129149 189189 238254 089091 158160 115115 227229 143143 154158 090090 138142 190190 252252 167177 152166 000000 077083 124132 183183 142142 256260 140146 125129 157157 091091 148150 184184 106112 170172 085089 161161 085089 167167 228228 130130 098104 095099 000000 207211 166166 000000
EINPW_2511, 089089 136136 187187 253253 103103 141141 097103 129149 191191 238252 087091 162162 113115 229233 143143 154160 090102 142148 190194 250252 173177 152166 144154 083085 124132 165183 142148 260262 148150 125129 159159 091092 150150 180196 110110 166172 083089 161165 089089 167167 228238 130132 092102 095103 177181 205211 144166 000000
EINPW_2512, 089091 136136 181181 253253 103103 141141 085093 129129 191195 232238 089091 158158 108108 229229 143143 156160 102102 138142 190194 250252 167173 146146 144154 081083 124126 175175 138148 262262 000000 129129 155155 091092 146150 180196 110112 166170 085089 161165 089089 161167 228228 128130 096102 099101 181191 201205 144166 153153
EINPW_2515, 089091 136136 179181 253253 103103 135141 093103 129129 191191 238238 087089 147147 113113 229231 143143 158160 102102 142142 194194 252252 173177 152166 144154 077081 124132 179183 142142 262262 151151 125129 155155 091094 150150 180180 106112 166166 089095 161161 089089 167167 238238 130132 098102 095101 181181 205207 144144 000000
EINPW_2516, 089091 136136 187187 253253 103103 135141 093103 129149 191191 232238 087087 162170 115115 229233 143143 158158 090090 142148 190194 252252 177177 146152 154154 081085 132132 183183 142142 260262 146150 125125 155157 092094 150150 184196 106112 170172 089089 161165 089089 167167 228238 128132 102104 101101 181191 205211 144168 000000
EINPW_2517, 089091 136136 179179 241253 103103 141141 093103 141143 191195 232232 087089 158158 115115 229231 143143 156160 090102 128142 190194 250250 173173 152152 154154 077081 124132 183183 142142 260260 150150 129129 157159 092092 150150 184196 106112 170176 089095 161165 089089 161167 228238 128132 092104 095103 181181 205211 142144 000000
EINPW_2518, 089091 134136 181187 253253 103103 135135 093097 129129 189191 238238 087089 158162 113115 225227 143143 158158 102102 128142 194194 252252 173177 152164 144144 077081 124124 183183 142150 260262 150150 125129 155155 091091 150150 180196 106112 170170 089089 161169 089089 167167 238238 114130 096102 095103 181181 205207 142144 000000
EINPW_2519, 091093 136136 181191 253253 103103 135141 103103 129141 189191 238252 087087 147162 115115 229229 143143 158160 090090 142148 188194 250252 173177 146152 154160 077085 124132 165175 142142 260262 140146 125129 155163 091095 146150 180196 106112 170172 085089 161165 089089 165167 228238 130130 098102 095095 181181 205211 158166 145153
EINPW_2520, 089091 136136 187187 253253 103103 135141 093097 129149 191191 232238 087091 158162 113113 225229 143143 154158 090102 142142 190194 252252 173173 152154 154156 083085 124132 165165 138142 262262 150150 125125 155159 091091 150150 180196 110110 166172 089089 161161 087089 167167 228228 128132 092092 095103 177181 205205 144166 000000
EINPW_2521, 089091 136136 179187 253269 103103 135141 093097 129129 189191 238238 087089 147158 113115 229229 143143 158158 102102 140142 190194 246252 173177 152166 156160 081081 124124 175183 142148 260262 146150 125129 155155 091095 148150 180196 110112 172178 089089 161165 087089 167167 228238 130130 096104 095103 181181 201207 142158 000000
EINPW_2603, 089089 136136 179187 253253 103103 141145 093097 129143 189191 238238 087087 158158 115115 229229 143143 158160 090090 140140 188194 252252 167173 152152 154156 077083 124124 179183 142142 000000 142150 125125 155159 092095 148148 180180 112112 166170 085089 161161 089089 167167 228236 130130 098098 095101 181181 205215 144168 000000
EINPW_2606, 089093 136136 179187 253253 103103 141145 093103 129143 191191 238238 087087 158162 115115 229231 143143 156158 102102 146146 194194 250252 167167 152152 154154 077083 124132 165165 142142 260260 146150 129129 155157 091091 150150 184194 112112 172172 085089 161161 089089 161167 228238 130134 092102 095101 177181 207211 168168 000000
Pop                                                
ETH_87, 089093 134136 179187 241253 103103 141147 103103 129143 191195 232252 087087 160161 113113 227229 143143 158160 090090 142148 188190 246250 177177 152166 144154 083083 124124 165183 138148 260260 146150 129129 155155 091091 150150 180198 106112 166176 085089 161165 087089 167167 238238 130132 096102 103103 181181 205205 142158 149151
ETH_88, 091091 136136 179187 253253 103103 135135 093097 129141 189191 232238 087089 158158 113113 227229 143143 158158 090090 140142 190194 252252 167177 146152 154156 083083 124124 175183 142142 260262 148148 129129 155155 091094 150150 180196 110112 172176 085089 161165 089089 167167 224228 130132 102102 099103 181181 205205 158166 151153
ETH_90, 089089 136140 179187 253253 103103 141141 097103 129141 191191 238252 087087 147158 113115 227229 143143 156158 090090 127142 188190 250252 173177 152154 144152 081083 124126 165175 142148 262262 150150 125129 155159 091092 150150 180184 112112 166172 089089 161161 087089 167167 228228 128130 092098 095101 181181 205207 144158 151153
ETH_92, 089091 136138 179187 241249 103103 135145 093097 143149 191191 232232 087087 147160 115115 227229 143143 158158 090102 140142 190194 252252 173177 146152 156160 083083 124124 175175 142142 260262 148150 125129 155157 091092 150150 180184 110112 166172 085089 161173 089089 161167 238238 130132 092098 099101 177181 205207 142144 151153
ETH_96, 091091 134140 179179 253271 103103 141141 097103 129129 191191 238238 087087 158160 113113 229229 143143 154156 090102 127140 190194 252252 167167 152152 154154 077083 124132 175183 138138 262262 148150 125129 155155 091091 150150 180180 106110 166172 085085 161173 085089 167167 228228 128130 102104 095101 181191 205207 142168 151151
ETH_97, 089091 134134 179187 241253 103103 141145 093103 129143 189191 232238 089091 147158 113115 229229 143143 158160 090090 142146 190194 252252 177177 146152 160160 081083 124132 183183 142142 260262 146150 125125 155155 091092 150150 198198 112112 170172 089089 161161 089089 167167 228228 128130 092102 095101 181191 205205 158158 149151
ETH_105, 089089 136136 187187 253271 103103 135147 093103 129143 191191 232238 087089 147147 108115 227229 143143 156158 090090 140142 188194 246252 167177 152152 144152 083083 124124 175175 138148 260262 150150 125129 155159 091094 150150 198198 106112 166166 089089 165169 081089 167167 228228 130132 102104 095099 181181 207211 142158 145151
ETH_120, 091091 136136 181187 241241 103103 147147 093103 143143 191191 232238 087087 147158 108108 227231 143143 158158 090102 140140 194194 246246 173177 152152 160160 081081 124124 165183 148148 262262 148150 129129 155155 091091 148150 196198 112112 166176 085089 161161 087089 167167 228228 130132 092102 101103 181181 205205 142142 151151
ETH_123, 089091 136136 179179 253253 103103 141145 103103 129141 189191 238238 087089 158162 108115 225229 143143 158160 090102 140140 190190 252252 167177 152154 144144 077083 132132 183183 142148 262262 150150 125129 155159 091092 150150 180196 112112 172176 089089 165173 089089 167167 228228 130132 098102 101103 177181 205207 144168 149153
ETH_128, 089091 136138 179181 253269 103103 141141 097097 129129 189191 238238 087089 158158 113115 229229 143143 156156 090090 128142 190194 252252 167177 146152 144156 077083 124132 175183 142148 260262 150150 125129 155155 091094 150150 180180 110110 166170 085089 161173 081091 167167 228228 130130 098104 101101 181181 211211 158168 151151
ETH_129, 093093 134136 187187 253269 103103 141147 093103 129129 189195 232238 087087 147158 108115 227229 143143 156158 090090 142146 190190 250252 167177 152154 154154 083083 124132 175183 138142 260262 140150 125129 153155 092092 150150 180180 112112 170174 089089 161165 089089 167167 228228 132132 102102 101103 177181 207215 166168 153153
ETH_132, 091091 136138 179187 241253 103103 147147 097103 129143 189191 232252 087087 147162 113113 229229 143143 158160 090090 140142 190194 252252 167177 164166 160160 081083 124124 165165 142148 260260 150150 125129 155155 091091 150150 180184 112112 176176 085089 161173 081089 167167 224238 130130 092092 099101 177181 205211 158166 147151
ETH_504, 089089 134136 187187 241241 103103 141145 093103 129141 189191 232238 087089 147158 108113 227229 143143 158158 090102 140142 190190 250252 167177 152154 144154 081081 124124 183183 138142 260262 146150 129129 155155 092092 148150 180180 110112 176176 089095 161165 089089 167167 228228 114130 104104 103103 177181 205207 142166 153153
ETH_505, 089093 136136 187187 253253 103103 135147 103103 129149 191191 232238 089091 158158 108115 229233 143143 160160 090090 140140 190190 250252 177177 146166 154154 081081 132132 175183 138142 260262 150150 123129 155155 091091 146150 180184 106112 172176 085089 161161 089089 161167 228238 128132 092102 101103 181181 205215 144158 151153
ETH_506, 091093 134136 187187 253253 103103 141145 093103 143149 189191 238252 089091 158162 115115 233233 143143 158160 088088 140142 190194 252252 173175 152152 154160 081083 124124 179183 142142 262262 146150 129129 155159 091092 150150 180194 112112 166170 083085 161161 087089 167167 228238 130130 092104 101101 177181 211215 158166 153153
ETH_507, 089091 136136 187187 241253 103103 135141 093103 129143 191195 232252 087089 158160 115115 227233 143143 156158 090090 140142 194194 252252 177177 152152 144154 081083 124132 175183 138142 260262 146146 123129 155155 091092 150150 184184 110112 170176 089089 161165 089089 161167 228228 130132 102102 095101 177181 205205 142142 151151
ETH_508, 089091 136136 179181 241271 103103 135145 089097 129141 189191 238252 087089 158162 113113 227229 143143 158158 090090 140142 188194 252252 177177 152166 152154 083083 124124 165183 138142 260260 148150 129129 155155 091095 150150 180196 112112 170172 089089 161169 089089 167167 228228 132132 098104 095099 177181 201207 156158 149151
ETH_509, 091093 136136 187187 253253 103103 141145 093103 129143 191191 232252 087087 158162 113115 229233 143143 156158 090090 127142 188194 252252 177177 146152 144160 081081 124124 183183 142148 262262 146150 125129 155155 091091 150150 180194 112112 172176 083089 161169 087089 167167 228238 130132 092102 095103 181181 211215 144164 151151
ETH_510, 091091 136136 179179 253253 103103 135141 093103 143143 189191 238238 087089 147160 113113 227233 143143 158160 090090 138142 194194 252252 173177 146166 144156 083083 124124 175183 142142 260262 146148 125129 155155 091092 150150 196198 110112 176176 089089 165169 085089 167167 228238 130132 092102 099103 177181 205207 142158 151153
ETH_511, 091091 134138 179187 249253 103103 135147 093097 129141 191191 232238 089089 158160 113115 227227 143143 158158 090090 140142 188194 252252 167177 146152 154160 083083 124132 183183 138142 262262 150150 129129 155155 091094 150150 180198 110112 172176 083085 161169 085085 167167 228228 130130 096102 101103 177191 205207 158166 149149
ETH_512, 089091 136136 179187 241253 103103 135141 089093 129149 189191 232238 087087 147158 115115 227231 143143 158158 090090 127142 190194 252252 167177 146152 154154 083083 124132 183183 138142 260262 146150 129129 155155 092092 150150 180180 112112 166172 089089 161161 085087 167167 228228 130130 102102 103103 181181 205211 158166 149151
ETH_513, 089093 136136 179187 241241 103103 135141 093093 129143 189189 232238 087087 147160 108115 225229 143143 158158 090090 142142 194194 246252 177177 146152 152160 081083 132132 175183 142142 262262 146150 125129 155155 091091 150150 184194 112112 166176 085089 159161 089089 167167 228238 130132 092102 095103 177181 205205 158168 151151
ETH_514, 089091 134134 179187 253271 103103 135141 097103 129129 189191 232238 087089 147158 115115 229233 143143 156160 090090 140142 188190 246252 167177 152152 154156 083083 124132 175183 138138 260262 150150 125125 155155 091091 146150 180180 110110 172172 085089 173173 085089 167167 228228 128128 098102 101101 177181 207211 144158 145145
ETH_515, 091091 136138 179187 241269 103103 135135 089089 141143 189191 232238 087089 158162 113115 231231 143143 156158 090090 140140 190190 246252 173177 152166 154154 077083 124124 179183 138142 260262 148150 125125 155159 091091 150150 180196 112112 170170 089089 161165 089089 161167 228228 128130 098104 101101 181191 205211 142166 145151
ETH_558, 091091 136136 179181 253253 103103 141141 093093 129129 189189 232238 087089 147158 108113 227233 143143 158158 090102 140146 190194 246252 167177 152166 144154 081083 124132 165175 142142 260262 140140 125129 155155 091094 150150 180184 106112 166176 089089 161165 089089 167167 228228 128132 092102 095103 181181 207207 142144 145151
ETH_559, 089089 136138 179187 253253 103103 135141 089093 129129 189189 232232 087087 158160 115115 229229 143143 156158 090090 128142 190194 250252 177177 152154 152160 077083 124132 183183 138148 262262 146150 125129 155159 091092 150150 180180 112112 166172 089089 161161 089089 167167 228238 114114 092102 101101 191191 205207 166166 151151
ETH_560, 091091 136138 179187 253271 103103 135141 093097 129143 189191 232232 087089 147158 108115 227231 143143 156158 090102 128148 188190 252252 177177 152152 144154 083083 132132 165175 138142 262262 150150 125129 155155 091092 150150 180196 112112 172172 085085 161173 089091 161167 224228 114132 098102 103103 181181 205211 166166 145151
ETH_561, 089093 136136 187187 253253 103103 135141 093103 129129 191191 232252 089091 147162 108115 227233 143143 156160 090090 128142 188190 246252 167175 146152 154154 081083 126132 165183 142142 260262 148150 123125 155155 092092 150150 180184 112112 170176 085089 161173 089089 167167 224228 130132 092102 099101 181181 207211 166166 151151
ETH_562, 091091 136138 179187 253253 103103 145147 093097 129129 189191 238238 089091 158160 113113 227229 143143 158160 088090 140142 188194 252252 167167 146166 152160 083085 124126 179183 142142 260260 148150 129129 155159 091092 150150 196198 112112 176176 085089 161161 081089 167167 228228 114130 092098 099103 181191 205205 142158 151153
ETH_563, 091093 134136 179187 241241 103103 135141 089103 141143 191191 232252 087089 147160 113113 229231 143143 158158 090090 140148 190190 246252 177177 164166 154154 083083 124124 179183 138142 260262 146148 129129 155159 091091 150150 198198 112112 170176 085089 161165 089089 167167 228238 130130 102102 099103 181191 201205 158168 149151
ETH_564, 089091 134138 179187 253253 103103 141141 089097 129143 189191 232238 087087 147158 115115 227229 143143 156158 090090 128140 194194 252252 167173 152152 144152 081083 124124 183183 142148 262262 146150 123129 155159 091091 150150 180198 112112 170172 089089 161173 087089 167167 228228 114132 092102 099101 181181 205211 144166 145151
Pop                                                
HZ_136, 089089 136140 187191 249249 103103 135141 093097 129129 191195 232232 087091 158158 115115 227229 143143 158160 090102 142146 188190 250254 173177 146158 154154 081081 124124 165183 142142 260260 150150 125129 153155 091091 150150 180184 110110 166172 089089 161165 089091 161167 238238 114130 102102 095101 181181 207207 166168 145149
HZ_138, 089089 136138 187187 249253 103103 135145 093103 129129 189191 238238 087087 158158 113115 229231 143143 156158 090090 127146 190194 252252 173177 152152 144154 081083 124124 175183 142142 262262 150150 125129 155159 091094 148150 180196 106112 172172 089089 161169 087089 167167 228228 130130 092096 095103 181191 205211 158168 145153
HZ_140, 089089 136138 179187 253253 103103 145145 085097 129141 189195 232238 087087 158160 108113 229233 143143 160160 090090 127142 188190 252254 167177 152152 152160 081083 124132 183183 142142 260260 150150 129129 155157 091092 148150 180180 112112 172172 089089 161165 087091 167167 228228 128128 102102 095103 181181 211215 158166 145145
HZ_141, 089091 138138 187191 253253 103104 145145 089097 129149 189195 232238 087091 158158 113115 227229 143143 156158 090090 142142 194194 248252 173173 152152 144154 081083 124132 165183 138148 262262 146150 129129 155155 091094 148150 180180 110110 172172 085089 161161 081089 167167 228238 130130 092098 101103 181181 201205 144168 145145
HZ_144, 089091 136138 187191 253269 103103 141141 097097 129141 191191 232238 087087 158162 113113 227233 143143 156160 090090 140142 190194 252252 167177 152158 154160 081083 126132 165183 138142 262262 150150 125129 155159 091091 148150 180196 110110 172172 089089 161173 085089 167167 224236 130132 098102 101101 181191 205211 144166 145153
HZ_146, 089089 136136 181187 253253 103103 141141 093103 129143 189195 232232 087087 158162 113113 229231 143143 156158 090090 142142 190194 252252 167177 146154 154154 083083 124132 183183 142142 262262 148150 125129 155159 095095 148150 180180 112112 172176 089089 161161 087089 161161 228228 130132 098104 101101 181181 205211 144144 151153
HZ_148, 093093 136140 179187 249249 103103 141145 093103 141149 189191 232238 087087 158162 108115 227229 143143 158160 090102 138142 190190 250252 167173 152166 154154 081083 124132 165183 142142 260260 146150 125125 157159 091094 148150 180180 112112 166172 085089 161161 087089 161167 228228 114130 104104 101101 177181 211215 158166 145153
HZ_150, 089091 138138 187187 253269 103103 141145 093093 129143 195195 232232 087087 158158 108115 229233 143143 156158 090090 142146 194194 252254 167177 152152 152160 081083 124132 165165 142142 262262 150150 125129 153155 091092 150150 180180 112112 166172 089089 165169 081087 167167 238238 130130 102104 095095 177181 211211 168168 153153
HZ_152, 089093 136138 187187 249253 103103 145145 093103 129149 189189 238238 087089 158158 113115 227227 143143 156158 090090 128146 188194 248252 167173 152152 160160 081083 124124 183183 138142 260262 146150 125129 155155 091092 150150 180180 110112 166172 085089 161165 089089 167167 228238 130132 096102 095095 181181 211211 144166 149151
HZ_666, 089091 136136 187187 253253 103103 145145 085097 129129 191195 238238 087087 158158 115115 227233 143143 156158 090102 127127 190194 250252 167173 146146 144160 081083 124126 175183 142142 262262 146150 125129 153155 091092 150150 180184 110112 166176 089095 161161 081091 167167 228228 128130 102104 095095 181191 207215 158158 153153
HZ_667, 089089 136136 179179 249253 103103 141145 097103 129129 193195 238238 087089 158158 113113 227229 143143 158158 102102 142142 190194 252252 167173 152158 152160 081081 124124 175183 138138 260260 150150 129129 153155 091091 150150 180184 110110 166172 089089 161161 081081 167167 224238 114128 092104 095103 181181 211211 142144 145153
HZ_668, 089091 138140 179187 253269 103103 141147 093103 129143 191195 238238 087091 158158 113115 229233 143145 158158 090102 127127 190190 252254 167177 146152 144154 081083 124132 165179 142142 262262 146150 129129 155155 091091 150150 180180 110112 170172 085085 161169 089089 167167 224228 130130 102102 095103 177181 207207 144166 149153
HZ_669, 089089 136136 179187 249249 103103 135141 093093 129129 189195 232238 087089 158160 113115 227227 143143 158160 090090 138142 190194 250252 167173 152152 154154 077083 122132 165183 142142 262262 150150 129129 155155 091091 150150 196196 112112 170172 089089 165169 087089 167167 228238 130130 096096 103103 181181 205211 144144 149149
HZ_670, 089089 136138 187187 253253 103103 141145 093093 129149 189189 238238 087089 161162 113115 227233 143143 158158 090102 127127 194194 252254 173177 152152 154160 081083 124124 165183 142148 260260 146150 129129 155157 091091 150150 180180 090112 172172 089089 161169 089089 167167 228228 130130 102102 095095 181181 207211 158166 145151
HZ_684, 089091 136138 187187 253269 103103 141141 093103 129143 189191 232238 087087 158162 108113 229231 143143 156158 090090 142146 190194 252252 167167 152152 144152 083083 124132 165183 142142 262262 150150 125129 153155 091091 150150 180184 112112 172172 089089 161169 089089 167167 224228 130132 096104 095095 177181 205211 142168 153153
HZ_685, 089089 138138 179187 249269 103103 141141 093093 141143 191195 238238 089091 158160 115115 229233 143143 154156 090102 128128 190194 248252 173177 146158 154160 083083 124132 165179 142142 260262 150150 125125 155157 091095 150150 180180 112112 166172 085089 161169 089091 167167 224224 130130 102102 095101 181191 211211 166166 145151
HZ_686, 089093 136140 179191 253253 103103 141141 093103 129129 189191 232238 087091 158158 113113 227229 143143 158158 090090 128142 190190 252252 167173 146166 154154 077081 124124 179183 142142 260262 150150 129129 155159 091092 150150 180180 110112 166166 089089 165169 087087 161167 228236 132132 098098 101103 181181 201207 142158 145153
HZ_687, 089093 138140 187191 253253 103103 141145 085103 129141 191191 232238 087087 158162 113115 229229 143143 156158 090090 146146 194194 252254 173177 146152 154154 077081 124132 165183 138142 262262 150150 125129 155155 091091 148150 184196 110112 172172 089089 161161 081087 167167 228238 130130 102104 095095 177181 207211 158166 145153
HZ_688, 089089 136138 181187 253253 103103 135141 085093 129129 191195 232238 087087 158162 113113 227229 143143 156158 090090 142142 194194 252252 167167 146152 154154 081083 132132 183183 142142 260260 148150 129129 153155 092092 150150 184196 110112 172172 089089 161161 087089 161167 224228 130130 000000 095101 181181 211215 144158 145153
HZ_689, 089089 136138 179181 253253 103103 141141 089093 129149 191195 232238 089091 147162 113113 227233 143145 156156 090102 128142 194194 252254 173173 152158 144160 083083 124132 175183 138150 260262 150150 129129 153155 091091 148150 180184 110112 166166 089089 161169 087089 167167 228236 130130 098102 095101 181181 205207 158168 153153
Pop                                                
NAH_165, 089091 136136 179187 253253 103103 135135 103103 129149 189191 232252 087089 160162 115115 229229 143143 156158 090090 127146 188194 252252 173177 146152 154154 077077 122132 165165 138142 260262 146150 123125 157159 095095 146150 180180 112112 170170 089089 161161 089089 167167 228238 130130 098102 101101 181181 205211 144168 151153
NAH_167, 089089 134136 179187 253253 103103 135141 093103 143143 189195 238252 087087 160162 115115 229229 143143 158158 090102 127127 194194 252252 173177 146152 154154 077083 124132 183183 142142 260262 140150 125125 155157 091095 150150 180184 090106 170172 089089 161161 087089 167167 238238 130132 098102 099099 181191 211211 142166 149151
NAH_170, 089091 136136 179187 253269 103103 141141 093103 129143 189191 232252 087089 160160 115115 227227 143143 156158 088090 127142 194194 250252 173173 146152 154160 077077 124124 165175 142142 260262 146150 125129 155159 091095 146150 180194 106112 172172 089089 161173 081089 167167 228228 130132 098102 095095 181181 211215 144166 147149
NAH_714, 091091 136136 187187 241253 103103 135141 089093 129143 189191 232238 087087 147147 115115 229229 143143 160160 090102 127127 188190 252252 167177 146166 154154 077085 124126 165179 142142 260262 146150 125129 157159 092092 150150 180180 110110 166176 089095 161165 087089 161167 228236 130130 092102 101101 181181 205205 144166 151151
NAH_715, 091091 136136 179187 253269 103104 135141 103103 129143 191191 238252 087089 160160 108113 229229 143145 158158 090090 127127 188194 250252 165175 146152 154154 083083 122124 165175 138138 260262 146150 125125 157159 091091 146150 180180 110112 166172 089089 161161 089089 167167 228228 130130 102102 095099 181181 205211 000000 149151
NAH_716, 089089 136136 181187 253253 103103 135141 091103 129129 191195 232252 087087 158160 115115 229229 143157 156156 090090 142146 194194 252252 177177 152152 154154 077077 122132 165183 138138 260262 140146 123125 157159 091095 150150 180184 106112 170172 089089 161161 087089 167167 238238 130132 102102 101101 181191 205211 142144 151151
NAH_717, 089091 136136 179187 241269 103104 135141 093093 129129 189191 238252 087089 160162 115115 227229 143145 158160 090090 127142 188194 250252 165177 146152 154160 077081 124124 175179 142142 260262 148150 125129 155155 000000 146150 180198 090106 172172 089089 173173 081091 167167 228228 130130 092102 095099 181181 201215 144158 149151
NAH_2346, 089093 134134 185185 247247 103103 137147 089097 129143 195195 232238 087087 158161 108115 231233 147147 154156 090100 127150 194200 250254 173177 152152 144156 081083 122132 165185 138138 262262 152152 125131 155157 091091 146150 184198 106106 170186 083089 161173 085085 161161 236236 130130 092092 099101 177181 211211 142158 000000
Pop                                                
NORD_718, 089091 134138 179187 249253 103103 135141 093103 129143 191195 232238 087089 158162 108113 227229 143143 158160 088090 127142 188194 252252 167173 146152 154154 077081 132132 165175 148148 260262 140148 125125 155155 091091 150150 180184 106106 170172 085089 161169 089089 167167 228236 130130 096102 101103 181181 205205 144166 145151
NORD_719, 089089 136140 187187 249253 103103 141147 089103 129129 191191 252254 087089 147162 115115 227229 143143 156158 090102 140142 188194 252252 173173 146152 144154 077083 124132 165179 142148 260260 140150 125125 153155 091091 150150 180180 106112 172178 089095 161173 089091 167167 228236 114130 098104 095095 181191 205205 142166 153153
NORD_720, 089089 136140 187187 253253 103103 141145 089093 129129 191191 232252 087089 147162 108108 229229 143143 156160 090090 142142 188194 252252 167173 146146 154154 081083 132132 165183 138142 260260 140150 125125 157159 091092 150150 180196 110112 170176 083089 161169 089089 161167 228238 128130 096096 101103 181181 205211 142168 153153
NORD_721, 091091 136138 187187 253271 103103 145145 089093 129129 191191 232252 087089 158162 108113 227227 143143 154154 090102 127127 188194 250252 167177 152152 152154 083083 132132 175175 142148 262262 150150 129129 155155 092094 150150 180184 106108 166172 085089 165173 087089 167167 228228 128130 102102 095101 181181 205205 166166 153153
NORD_722, 089091 138140 179179 253253 103103 141141 089093 143149 189191 232232 087089 147147 113115 229229 143143 158158 090102 142146 188190 252252 167173 152152 154154 077081 124132 183183 138148 262262 140150 123129 155155 092092 150150 196196 090106 166170 085089 161169 089089 167167 228238 128130 096104 095095 181181 205207 166166 149151
NORD_723, 089089 134134 179187 253253 103103 141141 093093 129129 191195 238238 087089 147147 115115 227229 143143 158160 090102 127140 194194 252252 167173 152152 154160 077081 124132 175175 142142 260260 148150 129129 153155 091092 150150 180196 106106 176176 089089 161161 089089 167167 238238 130130 102104 095101 181181 205205 168168 149151
NORD_724, 089091 136136 181187 253253 103103 141141 089103 129129 189191 252252 087087 158162 108115 227229 143143 156156 090102 127142 188188 252252 167173 146152 154154 081083 132132 175183 138142 262262 140150 125129 155159 091092 146150 180180 110110 170172 085095 165173 087091 167167 228228 114130 096102 101103 181181 201205 166166 153153
NORD_725, 089089 136140 181187 249253 103103 135141 093103 129129 189191 232238 087087 158162 108115 229231 143143 158160 090090 142142 194194 252252 167167 146152 144154 077083 132132 165183 138142 262262 140148 129129 155159 091091 146150 180180 110112 166170 083089 161173 089089 161167 228228 130132 096098 101103 181181 205205 144166 145151
NORD_726, 089091 136140 181187 253253 103103 141141 093103 129143 191191 238252 089091 158162 115115 229229 143143 158160 088090 142148 188194 252252 167167 146146 154158 081083 132132 165175 138142 262262 140150 125125 153157 091091 150150 180184 090106 172172 083089 165169 089089 167167 228236 114128 096104 095103 181181 205207 142144 149151
NORD_727, 089091 136138 187187 253253 103103 141141 093103 129129 191195 238238 087087 158158 108115 229231 143143 156158 090102 127142 190194 250252 167167 146152 154154 077083 132132 165175 142142 260262 148150 129129 153159 091091 150150 180196 110112 172176 089095 165169 089089 167167 228236 114130 102104 095101 181181 205211 166168 147149
NORD_728, 089091 134138 179179 253253 103103 141141 089093 129143 189191 232238 087089 147162 115115 229233 143143 158160 090102 142146 188194 252252 167173 146152 154154 081081 132132 183183 148148 262262 140150 000000 155155 092094 150150 180196 106106 170172 085095 169169 089089 167167 228228 130130 096102 095095 181181 205205 158168 145149
NORD_729, 089091 138138 181187 253253 103103 135141 103103 129129 189195 232232 087087 158160 108115 229231 143143 156158 090090 140148 190194 250252 173177 146152 154154 077081 132132 175175 142142 260262 140140 123125 155159 091091 148150 184196 112112 166170 085085 165169 087089 167167 228238 128130 104104 095103 181181 205205 142166 149151
NORD_730, 089091 138140 187187 249253 103103 141141 093093 129143 191191 232252 089089 162162 108115 229229 143143 156160 088090 142142 188194 244252 167177 146146 154154 081081 132132 165165 142148 260262 140140 125129 155157 091092 150150 184184 106106 170172 083085 169169 089089 167167 228236 128130 096096 099103 181181 205205 142166 145149
NORD_731, 089091 138138 179181 253253 103103 141145 097103 129149 189191 232252 087091 147160 113115 231231 143143 154158 090090 146148 190194 250252 167177 152152 154154 077085 132132 175183 142148 262262 140150 123129 155157 091094 150150 196196 106112 172176 085089 161165 089089 167167 228228 128130 096102 095103 181181 205205 144144 149151
NORD_732, 089089 134140 187187 249253 103103 141141 093093 129129 191191 232232 087089 162162 108115 229229 143143 158160 088090 142142 188194 244252 167177 146146 154154 081083 132132 165165 138142 262262 140146 125129 155157 091092 150150 180184 110110 170172 083089 169173 091091 167167 228228 130130 096098 095103 181181 205205 142166 145149
NORD_733, 091091 138138 181181 253253 103103 135141 093103 129149 191195 232232 087087 158162 108113 227231 143143 156158 090090 140148 190190 252252 173177 146152 144154 081083 132132 175175 142142 262262 140150 125125 159159 091091 148150 180196 090112 166176 085089 165173 087089 167167 228238 128130 102104 095103 181181 205207 166166 151151
NORD_734, 089091 138138 179181 253253 103103 135135 093103 149149 191191 232232 087087 147147 113113 229229 143143 156158 090090 127142 190194 252252 167177 146152 144144 083083 124124 183183 138142 260262 140150 125125 155159 091091 150150 180196 110112 166172 089089 161161 089089 167167 228238 128130 098104 095103 177181 205207 144144 151153
Pop                                                
RL_189, 089091 134138 185185 247269 103103 141147 103103 141143 191195 232238 087091 160162 113115 225231 143143 156156 090102 140150 190194 250252 177177 146152 144154 083083 124124 181183 142142 262262 146148 129129 151157 095095 150150 180198 106112 172174 085085 161173 087091 167167 228236 130130 102104 095101 181181 205211 166166 145145
RL_190, 089091 136136 185187 247247 103103 135145 103103 129129 189191 254254 087091 160162 108115 225229 143143 156158 090090 146150 190190 250252 173175 146162 144154 083083 124132 175175 142142 260262 146148 123129 155155 095095 148150 180180 106108 170172 089089 173173 087087 161167 228240 130130 104104 095103 181181 211211 142144 145149
RL_193, 089089 134138 185191 247253 099103 135147 097103 129129 189189 232254 089089 160160 113115 229231 143143 156160 090090 148150 188202 252252 167175 152162 144156 077083 124132 175175 142150 256262 146146 129129 155155 092092 146150 180198 106112 170172 083089 161161 081091 167167 240240 118132 098102 095103 181181 205207 142158 145145
RL_761, 089091 134136 185187 247247 103103 147147 103103 129129 191191 238238 087087 160160 108113 229231 143143 158160 090090 150150 194194 252252 175177 152156 144144 083083 124124 175175 142150 256260 148150 123129 151155 092095 150150 180180 106106 170172 083089 161161 085089 167167 228240 130130 102104 095095 181181 207211 142142 145149
RL_762, 089089 134136 185185 247253 103103 135135 091103 129129 189191 232254 087089 160160 113115 229231 143143 156156 090102 127148 194194 250252 173177 146156 144154 077083 124132 175181 142150 262262 140146 129129 151155 092092 150150 180180 106106 170170 083089 173173 085089 167167 236236 128130 104104 095103 181181 207215 142166 145145
RL_763, 089091 134136 185187 241253 103103 145147 093103 129129 191191 254254 087089 160162 108113 225229 143143 154156 090102 140148 190194 252252 175175 156156 144144 083083 124124 175183 142142 260260 148148 123129 155155 092095 150150 180184 106108 172172 085089 165173 085087 161167 228238 128130 102104 095101 181181 205215 144144 145145
RL_764, 089091 138138 185191 247247 103103 135141 091103 129141 189191 238238 087089 160160 113115 229229 143143 156156 090090 146146 194194 252252 167177 152156 144154 083083 132132 183183 142142 262262 148150 129129 155155 092095 150150 180184 106108 172172 083089 173173 081081 167167 236240 118118 102104 095095 181181 205205 142168 145149
RL_765, 091093 134134 185187 253269 103103 135141 091103 129129 189191 232252 087091 160160 113115 229231 143143 156158 090090 146150 188188 252252 163175 152158 144144 083083 124124 175183 142142 262262 148148 129129 151155 095095 146150 180180 106106 172174 083089 173173 085089 161167 228236 130130 104104 101103 181191 205215 144168 145145
RL_778, 091093 134134 181187 241253 103103 147147 097103 129143 189189 248254 087089 158162 108115 225229 143143 154158 090090 148150 194194 252254 175175 146156 144156 083083 124132 183183 142148 260262 148150 127129 155155 091095 148150 180192 106106 172172 085089 165173 085087 167167 228228 130130 098102 095103 181181 205205 144166 145149
RL_779, 089091 134134 187187 241269 103103 141145 103103 129129 189191 238254 089089 160160 108115 229229 143143 156156 090090 148150 190202 250252 173173 152156 144154 083083 124132 175183 142150 262262 148150 127129 151155 092095 146150 180180 106110 170172 083089 161173 081085 161167 228238 130130 104104 101103 181181 205211 142168 145145
RL_780, 089089 136136 185191 241253 103103 145145 103103 141143 189191 238248 087087 160160 113115 225231 147147 154156 090090 140146 190194 252252 167173 156156 144144 083083 124132 175175 142142 260262 146146 123129 155155 091092 146150 184192 106106 172172 083085 161161 085091 161167 236238 130130 098104 103103 181181 205207 142166 149149
RL_781, 089091 134136 185187 241253 103103 135147 093097 129129 191191 238254 087087 162162 113113 225229 143143 156160 090090 146150 194194 246252 175177 152158 144160 083083 132132 175183 142148 262262 148150 129129 151155 091095 146150 180180 106106 170172 089089 173173 085087 167167 228236 118130 102102 095103 181189 205211 166166 145145
RL_782, 089089 136138 185185 241247 103103 135145 103103 129141 189191 232248 087089 160162 108108 229229 143143 154156 090090 140146 190194 252254 175175 152152 144144 083083 124132 175183 142142 260262 148150 129129 155155 092092 150150 180180 096110 172176 085085 161161 085085 167167 236238 130130 102104 095101 181191 205205 142166 145149
RL_783, 089089 134136 185185 247253 103103 135135 103103 141141 191195 238238 087089 160160 113115 229231 143143 156156 090090 146150 188190 252252 163163 152156 144144 083083 124132 175181 142150 256262 148150 129129 151151 092092 150150 180180 106106 170172 089089 173173 085087 167167 236240 130130 102102 095103 181181 205207 166166 145149
RL_784, 089091 134138 185191 253253 101103 141145 097103 129129 189191 238254 087091 162162 113113 231231 143147 158160 090090 140150 190194 252252 177177 152156 144160 083083 124132 183183 142150 260262 148150 129129 155155 092095 150150 180198 106106 170172 089089 173173 085085 167167 236240 130130 098102 095103 181181 205211 142168 145149
RL_785, 089091 136138 185187 247253 103103 135147 091103 129141 189191 232254 087089 160160 115115 231231 143143 154156 090102 140150 194202 250252 163177 146162 144154 083083 124124 165183 142150 262262 140146 129129 151155 092095 146150 180180 106106 170172 089089 161173 081085 167167 236240 118130 104104 103103 181181 207215 166166 145153
RL_786, 089091 134134 185185 247253 103103 141145 103103 129129 191195 232238 087089 160162 113115 229231 143147 156158 090090 140150 188202 252252 173177 152162 144144 083083 124124 181183 142150 260262 150150 129129 151151 095095 150150 180192 106106 172174 089089 165173 085085 167167 240240 130130 104104 095101 181181 205211 158168 145149
RL_787, 089091 134136 187191 253269 103103 141145 097103 129141 191191 232254 087089 160160 108113 225225 133143 156156 090090 127148 190194 252252 163173 146152 144160 083083 124132 175183 142142 260262 146150 129129 155155 095095 146150 180180 108108 170172 085089 161173 085091 167167 228240 130130 102102 095101 181181 205207 142144 145145
RL_788, 089089 136138 185191 253253 103103 135147 097097 129143 189191 232232 087089 160160 113113 227231 133143 154156 090102 150150 188202 246252 163167 152156 144154 083083 124132 175183 142150 260262 146150 123125 155155 095095 146150 180192 106108 172172 083083 161165 085089 167167 236236 118118 102102 101103 181181 207215 158168 149149
RL_789, 089089 134136 187191 247253 103103 135135 091097 129149 189191 232232 089091 160161 113115 225231 143143 154156 090102 127148 194202 250252 165167 156156 144160 083083 124132 175183 142142 256260 148150 129129 155155 092092 146150 192192 096106 170172 085089 161173 091091 167167 240240 130130 102102 095101 181181 207211 142144 145149
RL_790, 089089 136138 181185 247269 103103 141147 091091 129143 189191 238238 087089 160160 113115 229231 143143 154160 090102 148148 190194 252252 163175 152156 154154 083083 124132 175183 142148 260262 150150 129129 151155 095095 146146 180192 106106 170172 085089 161165 085087 167167 228236 130130 102102 095103 181181 211211 142142 145145
RL_791, 089089 136136 185187 241253 103103 135145 103103 129129 191191 248254 087087 160160 108115 229229 143143 156156 090090 140150 188190 252254 173175 152158 144154 083083 124132 175183 142142 260260 150150 129129 155155 091092 146150 180180 096110 172174 083085 161173 081085 167167 236238 130130 102102 095101 181191 205215 158166 145149
RL_792, 089089 136136 185191 241253 103103 147147 093097 129129 191191 232238 087087 160162 113113 225231 143147 154160 090090 146148 188194 246250 167175 152156 144144 083083 132132 175183 142148 260262 146148 123129 151155 091095 146150 180192 106106 172172 083089 161173 085091 167167 228236 118130 102104 095103 181189 207211 166166 145149
RL_793, 091093 134136 181191 253253 103103 135145 091097 129129 189191 238252 089089 160160 108113 225231 143143 156158 090102 146146 188194 252254 167173 156158 144144 083083 132132 175175 142142 260262 146146 127129 155155 091092 148150 180192 106110 172172 083089 161173 085091 161167 228240 130130 104104 095103 181181 205211 142166 145149
RL_794, 089091 136136 187191 253269 103103 147147 097097 129129 189189 232238 087087 160162 113113 231231 143147 156158 090102 148150 188202 252252 163173 152156 144154 083083 124124 165183 142142 260260 146148 129129 155155 091095 146146 184192 106106 170172 083085 161165 085091 161167 236236 130130 102102 095103 181191 205211 142158 145149
RL_795, 089089 136136 187191 247253 103103 135147 097103 143143 189189 232254 089089 160162 113113 229231 143147 156158 090102 140146 194202 252252 163175 152158 144144 083083 124132 165175 142150 262262 146146 129129 151155 092095 146146 180198 106112 170170 083089 161173 081089 167167 236240 130130 098104 095103 181191 205207 144166 145149
RL_796, 089091 134136 185187 241253 103103 147147 097103 141141 189191 238248 087089 160162 108113 229231 143147 154154 090102 140148 194194 252254 163173 146156 144160 083083 124124 183183 142142 260262 140146 127129 155155 092092 146150 180180 106106 172172 085089 161173 085085 167167 236238 130130 098104 095095 181181 211215 166166 145149
RL_797, 091091 134136 181185 253253 103103 145145 091103 141143 189191 238254 087089 160160 113113 229229 143143 158158 090090 146150 194194 252252 163163 152158 144144 083083 132132 175183 142150 260262 146148 129129 151155 091092 150150 180180 106106 170172 083085 173173 085091 161167 228236 130130 102102 095103 181181 205207 166166 145145
RL_798, 089089 134136 185185 247253 103103 145147 093097 129141 191191 232238 087089 160160 108113 225229 143147 156160 090102 148150 194202 250252 163173 146152 154160 077083 124132 175183 142142 260262 146146 127129 155155 092092 150150 180192 106106 170172 089089 161173 085091 167167 236236 132132 102104 095101 181181 205211 142166 145149
Pop                                                
WAB_282, 091091 136138 181187 253269 103103 145145 093093 127143 189195 232238 087087 143160 113113 227233 143143 156158 090100 127140 194194 250252 173177 150152 144154 083083 124124 165179 148148 262262 140140 121127 153155 091092 150150 180180 090090 168170 085089 161161 085087 161161 228236 114134 102102 095099 181181 201211 156168 145151
WAB_284, 091099 138138 187187 253269 103103 135145 093097 129143 189191 232254 087087 160162 108113 227231 143145 156156 090090 127140 194194 246252 175177 148152 144154 081083 124132 179179 148148 262262 140150 127129 155155 091095 146146 180180 106110 168170 085089 173173 085091 167167 236236 114118 096098 099099 181181 201201 156156 145145
WAB_287, 091099 138138 187187 253269 103103 135145 091093 131143 189195 254254 087087 160160 113113 229231 143145 156156 090100 127127 194194 250252 167175 152166 154154 083083 120124 183183 142148 262262 140140 125127 155157 091095 146150 184184 090106 168170 089091 169173 087087 161167 228238 114134 098102 099103 181191 205205 156168 145149
WAB_295, 091091 136138 181187 241253 103103 135135 093093 143143 195195 238254 087087 160160 108113 225225 143143 154156 100100 140140 194194 246252 175177 148152 144144 083083 120124 165183 148148 262262 140140 125129 151155 091095 146150 180180 090108 168170 085089 161165 087087 161167 228228 114118 102102 097099 181191 211211 156156 145149
WAB_302, 091091 138138 187187 241269 103103 135145 093093 143143 189195 238238 087087 160160 108113 225231 143143 156156 090100 127140 194194 246250 173175 148152 144144 083083 120120 179183 142148 262262 140140 127129 151157 091092 146146 180180 108110 168170 085089 161165 087087 167167 228228 114118 098102 097099 179181 205211 156156 145149
WAB_306, 091093 138138 187187 253253 103103 135135 000000 129143 191195 238254 087087 143161 108115 225233 143145 154158 090100 127138 194194 250254 175175 150152 144144 081083 122124 179179 142148 260262 140150 127127 151153 091095 146146 180184 106110 170170 085085 161169 087091 167167 236236 114118 096102 095103 179191 201201 162166 145147
WAB_308, 091091 136138 181187 253253 103103 135145 093093 143143 189191 232254 087087 160160 113113 227231 143145 154156 090090 127127 194194 250252 167177 152166 154154 081083 120120 165183 142148 262262 140140 127127 155155 091095 150150 180184 090090 170170 085091 161169 087087 161167 228228 134134 098102 099103 181191 205211 156168 145149
WAB_867, 091099 138138 187187 241253 103103 135135 093097 143143 191195 238254 087087 143161 108113 227231 143143 156158 090100 128128 194194 250254 175175 146148 144144 081083 132132 165165 142148 262262 140140 127127 155155 091091 146146 180180 090090 168170 085085 161169 087091 161167 228228 114114 092102 097103 179179 201201 156162 145149
Pop                                                
WBNPGR_315, 089089 138138 187191 247253 103103 145147 097097 129129 191191 232238 087087 149162 115115 225229 143143 156158 090090 127140 188190 252252 173175 146152 154154 083083 124124 183183 142142 256262 150150 129129 155159 091092 146150 180180 108112 166170 085091 165173 081089 161167 238238 130134 098104 099103 181183 205215 142162 145153
WBNPGR_565, 089089 134140 179181 239253 103103 135145 091097 129145 189189 238238 087091 160162 113115 229231 143143 156158 090090 140142 194194 252252 163167 152158 144156 077081 124124 175183 148148 260262 146150 125129 155155 092092 146150 184198 112112 174178 089089 161173 081085 167167 228236 114130 104104 101103 177181 205211 144158 143145
WBNPGR_566, 089091 136138 179185 241271 103103 141141 093103 129143 189189 238238 087089 161162 115115 227231 143143 158158 090090 148150 188194 252252 167173 000000 154154 081083 124132 179179 142148 260262 150150 125129 155159 091092 146146 184192 106112 172178 089089 161173 081081 167167 228228 128130 104104 103103 181191 205205 142142 145145
WBNPGR_567, 089089 134136 179187 253253 103105 141145 097103 129143 189189 238238 087087 161161 115115 229229 143143 156158 090090 142142 194194 246248 163167 000000 154154 081083 124132 175175 142148 260260 150150 129131 155155 091095 150150 180180 106112 168172 083085 161167 089091 161167 238238 130130 098104 099101 181191 205211 142144 151153
WBNPGR_877, 089091 136136 179179 247269 103103 145145 085089 129129 189191 232238 089089 154162 115115 227229 143143 158158 090090 127142 188188 252252 173177 146166 154160 081083 124124 165183 142148 260262 140146 125125 155157 091094 150150 180184 106112 168170 083089 173173 085089 167167 228240 130130 092092 095103 191191 207211 142168 149149
WBNPGR_878, 089089 138138 179187 269269 103103 135135 089103 143149 189191 238238 087087 162162 113113 231231 143143 154154 090090 140142 194194 252254 159173 146158 144158 083083 124132 183183 142148 258262 140146 125129 153155 095095 150150 192196 106112 176178 081083 161169 089091 167167 228238 128130 104104 099103 191191 211211 142158 145153
WBNPGR_879, 089089 134134 179181 253253 103103 135141 091091 143149 191191 238238 087089 158158 113115 229229 143145 158160 088102 127140 194194 246250 177177 158162 144154 081083 124132 179183 142148 260262 140146 125129 155157 091092 150150 180192 106110 170172 089089 161173 081081 165167 228228 118128 092104 099101 179181 205207 142158 149151
WBNPGR_880, 089091 136140 187187 253253 103103 145145 097103 129143 189191 238250 087089 158160 108113 229229 143145 160160 088090 127140 188194 252252 159173 146158 154154 081081 124132 183183 142142 262262 146150 129131 155155 091092 150150 180180 112112 170172 089089 161165 085091 161167 240240 130132 104104 099099 191191 205205 158158 145153
WBNPGR_881, 089089 132138 175181 245269 103103 135145 097103 141141 189191 232238 087087 158158 108113 229229 143143 158158 090102 148150 188188 252252 175177 146152 154156 081083 124124 165183 142142 260262 140150 123131 155159 092095 148150 180196 090108 170170 083083 168173 087087 167167 228228 132134 102104 095101 181181 205205 164168 149149
WBNPGR_882, 089089 136138 179187 247253 103105 135145 093103 129143 189195 232238 087089 154162 115115 231231 143143 156158 090100 140148 194194 252252 173175 152162 158160 081083 124124 175183 142148 262262 146148 127131 155155 092095 146146 180184 110112 170172 081089 161173 087089 161167 228238 128130 096102 101101 181191 205205 142158 149151
WBNPGR_883, 089093 134136 179179 249253 103105 141145 097103 129143 189191 238238 087087 162170 115115 229233 143143 156158 090100 127150 194194 246252 173177 158162 154154 083083 122124 175183 142150 260262 150150 127129 155157 091091 150150 180184 106112 172176 081089 161161 085089 167167 238238 130130 102102 101103 183191 205211 142156 149151
WBNPGR_884, 091091 132138 179187 253253 103103 141145 093103 129133 191191 232238 087089 147158 115115 227229 143143 158158 088102 142150 190194 252252 173173 152166 144154 083085 124124 175175 142150 260260 150150 129131 155157 092092 150154 180180 112112 170172 081089 161165 089091 167167 228238 128134 104104 101103 181191 201207 142142 145153
WBNPGR_885, 089089 134138 179185 253269 105105 135141 093103 129143 189189 238238 087087 147160 113113 229231 143143 156160 090100 140140 194194 252252 177177 152166 154156 081083 124132 165183 142142 260262 146150 125129 155157 091092 146150 184184 108112 170170 089089 165165 085089 167167 228238 118130 092104 101103 181181 205205 158168 153153
WBNPGR_886, 089091 136136 175181 241253 103105 145145 093097 129129 191195 238254 087087 160162 113115 225233 143143 154156 090090 138140 188194 252252 173177 146152 154156 081083 124124 181183 142148 262262 150150 123125 151157 092092 150150 180180 106112 172174 089089 161173 085091 167167 238238 130132 104104 095095 179191 205211 144166 145145
WBNPGR_887, 089089 136138 175187 253271 103103 145145 093103 129143 189195 238238 087087 147162 115115 227229 143143 158158 090090 140146 194194 250252 173175 146146 144156 081083 122124 165175 142150 260262 140150 123127 159159 091092 146150 190192 106112 172174 089089 161173 087091 167167 228238 132134 102102 095101 181191 205211 144144 151153
WBNPGR_888, 089093 136136 179187 253253 103103 145145 085089 129143 189189 232252 087089 147162 108113 229231 143143 156158 090090 127148 188188 246252 175177 152162 154154 083083 124124 175183 142148 262262 146150 125129 155155 091092 146150 180180 110112 166170 085089 165165 089091 161167 238238 130134 102104 101101 181181 205215 142168 145151
WBNPGR_889, 089091 136138 179181 253269 103103 141145 083089 143149 189195 238252 087087 158158 108115 229229 143143 156158 090102 138146 194200 252252 167175 146152 154156 081083 124124 165183 142150 260262 140140 123129 151155 091092 146150 180184 110112 172176 089089 161173 085089 167167 228240 118130 104104 099103 181181 211211 162164 149151
WBNPGR_890, 091091 136140 187187 253253 103105 145145 097105 129129 191191 238238 087089 158170 108115 229229 143143 156160 090090 140146 188194 252252 159163 146162 154154 081083 120132 165183 142148 260262 146150 129129 155159 092095 146150 184192 110112 170172 083085 173173 081085 161165 228236 130130 102104 099103 181181 205205 142158 153153
WBNPGR_891, 091093 136136 175187 247253 103103 135145 093103 129141 189189 232238 087089 162162 115115 229229 143143 158158 088090 138140 188194 252252 167167 158162 154156 081083 132132 165183 142150 260262 150150 125129 153155 095095 150150 184198 106106 170172 081083 161165 089089 167167 228238 114132 104104 095101 181191 201211 158158 149149
WBNPGR_892, 089093 134138 187187 241241 103103 141145 093097 129129 189195 232238 087087 147170 113115 225229 143143 154158 090090 140148 194194 252252 159167 152152 154154 081081 124124 175183 142148 260262 150152 125129 155155 091094 148150 180192 112112 170174 089089 155173 085091 161167 228236 114130 098104 095103 191191 205211 142142 145153
WBNPGR_893, 089089 136138 187191 253253 102103 145145 097097 129129 189191 232238 087089 160162 115115 227229 143143 158158 090102 127140 194194 252252 167177 152152 144160 081083 132132 181183 142150 260262 146150 129129 153159 091092 150150 184196 108108 170174 089089 161161 085091 167177 228236 130130 102102 095101 181191 207207 168168 145149
Pop                                                
WBNPHC_341, 089089 134136 181187 241271 103103 135141 093097 129143 189191 248252 087091 154160 113115 227231 143143 154160 088090 142148 188194 252252 159167 152152 154156 081081 124132 165179 142142 256256 140150 127129 157159 092092 146148 180192 108112 172178 085089 155173 081091 167167 228240 130130 096098 101103 181191 205207 142168 145149
WBNPHC_343, 089089 134136 181187 253269 103104 141141 093103 129129 189191 238252 087087 158160 108109 225229 143143 158158 090090 127127 194200 244252 163177 142152 154156 083083 124132 165179 142142 260262 150150 123125 155157 092092 146150 180184 106108 168172 083089 165173 087091 167167 238240 128130 098104 095103 181191 205205 142168 145149
WBNPHC_914, 089091 134138 181181 253253 103103 145145 093097 129129 189191 232238 087089 158160 108115 229229 143143 158158 090090 127150 190194 252252 167167 146152 154154 081083 132132 165165 142142 260262 150152 129129 155157 091091 146150 184192 106112 170172 085089 161173 089089 161167 228238 128130 102104 103103 181181 205205 142166 149149
WBNPHC_916, 089089 136136 179181 241241 103103 141145 091097 143149 191195 238252 089089 161162 113115 225231 143145 158158 090102 140142 194194 252252 175175 146152 154154 083085 124124 175181 142142 260262 146150 125129 155155 091092 150150 184192 112112 170170 089095 161165 089091 167167 228238 130132 096102 101101 179181 205211 158164 151153
WBNPHC_924, 089089 138138 179187 247253 103103 135145 083103 129129 189191 238252 091091 158162 115115 227229 143143 156158 090090 140146 194200 252252 173173 146150 154154 083085 124132 165175 142148 260262 150150 129129 155159 091092 146146 192198 106106 170172 089089 165173 085089 161167 238240 118130 104104 101101 181181 215215 142158 149153
WBNPHC_938, 089091 134138 181181 253253 103103 141141 089093 129149 189191 238238 087087 149162 115115 227229 143143 158160 088090 140142 190200 252252 165177 146152 154154 081083 124132 183183 142142 262262 140148 123127 155157 091095 146148 184192 090112 170172 085089 161173 089089 161167 228228 128130 104104 099101 181191 211215 142158 151153
WBNPHC_939, 089091 134138 179187 241253 103103 141141 093103 129129 189189 238238 087087 160162 113115 229229 143143 156160 102102 146148 194200 252252 173177 146152 154160 077083 124124 175183 142150 260262 150150 129129 157159 091092 150150 192192 106110 172174 089089 161173 085089 167167 228240 118130 102104 095101 181191 201205 142158 149153
WBNPHC_940, 091091 138138 179181 253253 103105 135141 091103 129143 189189 238238 087087 158162 108113 229229 143147 158158 090090 127140 194200 246252 173177 146152 144154 081081 124132 183183 142150 260262 150152 127129 155159 091092 150150 180184 112112 172174 081083 161165 089089 161161 228238 130132 098102 103103 181191 205211 142142 149149
WBNPHC_941, 091091 134138 179187 241269 103103 135141 089093 129129 189189 238238 087087 160160 113113 225229 143143 158160 090102 148148 194200 252252 177177 152152 154160 081083 122124 165175 142150 260262 140150 127129 153159 092092 150150 180192 106112 172172 089089 161173 085087 167167 228236 130130 104104 101103 181191 205211 142158 000000
WBNPHC_942, 089091 132138 179179 253253 103104 135141 083097 143149 189191 232238 087087 143162 113113 231233 143143 158158 090102 127150 188200 250252 175177 146150 154156 081083 124132 175175 142150 260262 146150 123129 155155 091092 146150 180192 106106 172176 089089 159167 081089 161167 228238 128130 102102 095095 181181 205211 142166 145149
WBNPHC_943, 089093 132140 179181 241253 103103 135145 103103 129133 189195 238238 087089 158158 108113 227227 143143 154158 090102 127142 188190 252252 173173 150162 154154 083083 124136 165183 142148 260260 146150 123129 155155 091092 150150 180184 108112 172176 089089 165165 081091 167167 228228 130134 092102 103103 181181 205207 142142 149151
WBNPHC_944, 089091 136138 175179 241253 103103 141145 093093 129129 189189 232238 087089 160162 115115 225227 143143 158158 090090 127146 188200 252254 173173 146152 154154 077081 124124 179183 142148 260262 150150 125129 155159 091092 150150 180190 106110 170174 081081 161169 085089 167167 228238 128128 102104 095099 181181 207211 142144 145149
WBNPHC_945, 089091 134138 179181 241253 103103 145145 091103 129143 189189 238238 087087 149162 113115 229229 143143 156158 090090 127148 190194 246252 173177 152152 144154 081083 124132 165165 142142 260260 150150 129129 155159 091091 146146 180184 112112 172174 089089 165165 089089 161167 238238 130132 098104 099101 181193 205207 142142 149153
WBNPHC_946, 089091 138138 179187 241253 103103 145145 093103 129143 191191 238252 087089 160162 108115 229229 143143 158158 102102 140146 190194 246252 167173 152152 154154 081081 120122 179179 142150 256262 146150 125129 155155 091095 146146 180180 108110 168174 085089 165165 085091 161167 228238 130132 104104 095099 181181 205215 142162 147151
WBNPHC_947, 089091 134138 185187 253269 103103 145145 097103 129129 189189 232232 087087 160160 108115 229231 133143 156156 088090 140140 188188 252252 167177 146164 154154 081083 132132 165175 142142 260262 146148 125129 153153 092092 146150 180184 106112 170172 081083 165169 089091 161167 238240 128130 102102 101103 181181 205205 142164 151153
WBNPHC_951, 089091 134136 181181 241247 103103 141145 083097 129149 189191 232238 087089 161170 108115 229229 143147 154158 090090 140148 188194 252252 173177 146152 144154 083083 122124 165175 142148 260262 140148 125127 153155 092094 146150 184196 106112 170174 085089 161173 089089 161161 238240 130134 104104 099103 181181 205205 144168 149151
WBNPHC_952, 089091 134134 187191 253269 103103 145145 093103 143143 189191 232236 087087 158160 108115 225229 143143 156158 090090 140148 194194 252252 163167 146152 154154 081083 124132 183183 142142 262262 146150 121125 151157 091091 146150 180192 106112 170172 081089 161173 085089 167167 228240 128130 104104 103103 181191 201205 142166 149151
WBNPHC_953, 091091 134138 187187 253269 103103 135147 089089 129129 189189 238238 087087 158160 113113 229229 143143 158160 090102 142148 194200 252252 173177 152152 154160 083083 122124 175183 142142 256260 140150 129131 157159 091091 146150 180180 106110 172174 089089 161173 087089 167167 228236 128130 102104 101103 181191 205211 142158 151151
WBNPHC_954, 089091 138140 179187 253253 103105 141145 093093 129143 189189 238238 087087 160162 113115 227229 143143 158158 102102 127146 194194 252252 175175 146152 154154 083083 124132 175179 142142 260262 140150 129131 155155 092095 150150 180192 106108 172172 089095 165165 087091 161167 228240 130130 102102 101103 181191 205215 142158 153153
WBNPHC_955, 089091 134142 175187 247253 103103 145145 093103 129143 189189 232252 087087 158162 115115 229229 143145 154156 090100 127142 188188 252252 173175 146152 144156 081083 124132 175183 142148 260262 148150 127129 155157 094094 150150 184192 106106 170172 089089 161173 087089 161167 238240 130134 104104 099101 181181 211215 142166 149153
WBNPHC_961, 089091 136136 175179 247253 103103 145145 000000 129143 189189 238238 087087 158162 113115 229229 143143 156156 090090 142142 194194 252252 167173 152152 156156 081083 124124 165165 142142 262262 146150 123129 155155 091095 146150 180180 106112 170174 085089 161165 089091 167167 228228 130130 092092 101101 181191 205211 142170 000000
WBNPHC_974, 091091 136138 179187 253253 102103 145145 103103 129129 189189 238238 089089 160162 108115 225227 143145 156158 090102 127127 188200 252252 167177 146152 154156 081085 122132 175183 142148 262262 146146 129129 155157 095095 146150 180192 090106 172172 085089 161173 085089 167167 228238 118130 102104 095095 191191 205205 142142 145149
WBNPHC_975, 091091 134136 175179 253253 103103 141145 083093 129143 189195 232232 087087 143170 113115 229229 000000 160160 090090 127127 194194 252252 173175 146158 154154 077081 124132 181183 142142 260262 150150 123125 159159 092094 146150 184196 106112 174176 085085 161173 089091 167167 228238 128130 092104 101103 181181 205215 144158 000000
WBNPHC_980, 089091 134138 181187 247253 103105 135141 089103 129143 189189 232238 087087 158158 113115 229229 143143 158158 090102 140150 194194 252252 165177 146158 144154 083083 124124 165175 142142 260262 140146 123125 155159 091091 150154 180184 106106 170174 089089 161165 089089 167167 236238 130132 104104 095101 181181 205207 166168 145151
WBNPHC_981, 089091 136138 181187 269271 103103 141145 089097 129149 189191 232238 087091 158170 108115 229229 143145 158160 090090 148148 194200 252252 165177 152158 154154 081085 132132 175183 142150 262262 146150 125125 155155 091095 146146 184192 108112 168172 085089 161169 081089 161167 228236 128130 096102 095101 181181 211211 142158 149151
WBNPHC_982, 089089 138138 181187 253269 103105 135135 083085 141143 189191 238238 087087 158161 115115 227229 143145 156158 090102 142142 194194 252252 173177 146152 154154 081083 132132 175179 142150 260262 150150 125129 155159 091092 150154 196196 106112 174174 089089 173173 089089 167167 228238 128128 096104 095103 177181 205207 166166 149149
WBNPHC_984, 089091 134138 181187 253253 103103 141145 093103 129129 189189 232238 087087 161162 108113 227229 143143 158158 088090 140142 200200 250252 163167 152152 156160 081083 124124 179183 142142 260262 146150 129129 155157 091095 146150 180196 106110 174176 089089 161177 089089 161167 228238 118130 098104 101103 179181 201215 168168 145147
WBNPHC_985, 089091 138138 179181 253253 103103 145145 103103 129149 189191 232238 087087 158162 108113 231231 143147 156158 090090 127148 190194 252252 167167 152152 154160 083083 124124 165175 142148 256260 140146 125129 155157 092095 148150 180196 108110 170178 083089 155173 085087 161161 238238 130130 092104 095103 191191 205211 142164 151153
WBNPHC_2578, 089091 138138 181187 253253 103104 135135 093105 129143 191191 238238 087087 143143 113115 229229 143143 154158 088090 142146 194194 252252 173173 142142 154154 081081 122132 183183 142142 262262 150150 123125 155155 091092 150150 180192 106112 172174 085089 165165 089089 000000 228240 118128 104104 103103 177181 205211 142142 000000
WBNPHC_2580, 089091 134136 187187 253253 103104 145145 093103 129143 191195 238238 087089 162162 113115 227233 143143 154158 090090 128140 190194 252252 167167 152166 154154 081081 124132 175183 142148 256260 148150 125129 155157 092095 150154 196198 108110 170174 085085 165169 089091 167167 228240 130130 098098 099103 181191 205211 142158 000000
Pop                                                
WBNPLB_328, 089089 136138 179181 241269 103103 141145 093097 129129 191191 238252 087091 160162 113115 227231 143145 156158 090090 127127 188190 246252 173177 152166 144160 083083 124124 183183 138148 262262 146146 125129 155159 091091 146154 180196 106112 170172 085089 161165 085089 161167 228238 128130 098104 095101 181181 205211 142144 145151
WBNPLB_333, 089091 138142 175187 247269 103103 141145 083093 129149 189195 232232 087087 158160 115115 229229 143143 158158 090090 127140 194200 252252 173175 152152 144154 083083 124124 165175 142142 260260 150150 129129 155157 092092 146150 192192 108112 166174 083089 165173 089089 167167 228238 128132 102104 101103 177181 205207 166166 149153
WBNPLB_918, 089091 138138 179187 253253 103103 145145 089097 129129 191195 232238 087089 160162 113115 229233 143143 156158 090090 127127 194194 252254 173173 152156 144154 081083 124132 165183 142142 262262 140146 129129 155157 091092 150150 180184 106106 170172 085095 165173 085091 167167 228238 118128 104104 095103 181191 205205 142166 149153
WBNPLB_919, 089091 134134 179181 253253 103103 141145 093093 129143 189191 238238 087089 162162 115115 227233 143145 156158 090102 127150 194200 252252 175177 152152 154154 081083 122132 175183 142142 260260 146150 123129 155155 091092 146150 180184 106110 166174 083095 169173 085089 161165 228238 128130 102102 103103 181181 205205 166166 149151
WBNPLB_920, 089089 134138 181181 253269 103103 135145 093097 129129 191195 232238 087089 150160 113115 227229 143145 156160 090102 138140 188194 250252 173173 146152 154160 081083 124124 165183 142150 260260 140150 129129 155159 091091 146150 184196 112112 170172 085089 165175 085089 167167 228228 128132 092102 101103 181181 205205 142142 149153
WBNPLB_921, 091091 136140 181187 247271 103103 141145 097103 143143 189195 238238 087087 162162 113115 229229 143143 158160 088090 140146 190194 252254 173177 152166 154158 081081 124124 175175 142150 260262 148150 129129 157159 091095 150150 184192 112112 172176 089089 161173 085089 167167 228228 114130 098104 101101 181191 205211 142168 151153
WBNPLB_922, 089089 136140 181187 241253 103103 135145 093103 129129 189191 238238 087089 160161 115115 227229 143147 158158 090102 146150 188190 252252 173177 152152 154154 081083 124132 179183 142142 260262 140150 123125 159159 092092 146150 184190 106112 166172 089089 161173 089089 167167 228238 130134 102104 095103 177181 205207 142142 151153
WBNPLB_926, 089099 138138 175181 241253 103103 145145 089103 129129 189195 238238 087087 158162 115115 227227 143145 156160 090090 148150 188194 252252 173177 146146 154160 083083 124124 175183 142150 260264 140146 129129 157159 091091 146150 184184 106112 172172 089089 161175 081089 167167 228238 128132 092104 101103 181181 205205 142166 153153
WBNPLB_927, 089089 138142 175179 253253 103103 135141 093103 129129 189189 238252 087087 147160 108115 225227 143143 158158 090102 127148 194200 252252 173173 146152 144154 077081 122122 165175 142150 260260 140150 123129 153159 091092 150150 184192 106112 172172 089089 161161 089089 167167 236238 130130 104104 095103 181181 205205 142142 149153
WBNPLB_928, 089091 134138 175187 253269 103103 141145 089093 129141 189191 238238 087087 161162 108115 225227 143143 158160 102102 142146 188194 252254 167173 152152 144154 081081 122132 175183 142150 260260 150150 129131 155159 091092 150150 180196 110112 170174 085089 165173 089089 165167 228228 128134 104104 095101 181191 205207 144166 149149
WBNPLB_929, 091099 134138 175181 253253 103103 135141 093103 129129 191191 232238 087087 161162 113115 227227 143143 158158 090090 127142 194200 252252 167177 146146 154154 081081 124132 179183 142142 262262 140150 123129 155155 091095 146150 180184 106112 166170 089089 161161 081089 161167 228228 130134 104104 101101 181191 205215 142158 153153
WBNPLB_930, 091091 136142 181187 253253 103103 135145 083089 129143 189191 238238 087087 158160 113115 229229 143143 158160 090090 127140 190194 246252 173173 146152 154154 081083 124124 165183 142150 262262 146146 125129 155157 091092 146152 180180 112112 172178 089089 161165 089091 167167 228238 128134 102104 095103 181181 201211 142166 145149
WBNPLB_932, 089089 134134 179185 253253 103103 141141 089093 129143 189191 238238 087087 149162 113115 229229 143143 158160 088090 140146 190200 246250 165177 152152 160160 083083 124124 165183 142150 260260 146152 129129 155157 092095 148148 192192 112112 166174 089089 161173 081089 161167 224228 130134 102104 099099 181181 205205 142142 149151
WBNPLB_933, 089089 134134 181191 253253 103103 141145 103103 131149 191191 238238 087087 160160 113113 225229 143145 156158 090090 140150 194194 250252 163173 146146 154160 083085 132132 175183 142150 260260 140150 129129 155155 091092 146150 184184 106112 166170 089089 161173 085089 167167 228238 128132 102104 101103 181181 205211 142166 153153
WBNPLB_949, 089089 134134 179181 253269 103103 141141 089097 129149 189191 238238 087087 149160 115115 229229 143143 158160 088102 140140 190200 246252 165177 146152 154160 083083 124124 165183 142150 260262 146148 127129 155157 095095 148150 180192 090112 172174 085089 161173 081089 167167 224228 128130 102104 099099 181191 205211 142142 149151
WBNPLB_950, 089091 138142 175187 247253 103103 141145 103103 129129 191195 238238 087087 158162 108113 225229 143143 156160 090090 127140 190194 252252 173177 162166 144154 077081 124132 175175 142148 256260 140140 129129 155157 091095 146150 184192 106112 172178 089089 161161 081089 167167 228240 130130 104104 099103 181181 205207 142142 149153
WBNPLB_964, 089091 134138 181187 241253 103103 141141 000000 129129 189189 238238 087087 160162 113113 227227 143145 158158 090090 127140 194200 252252 167173 146152 144154 081081 124132 165179 142142 262262 140146 123127 153155 000000 146146 180184 110112 166172 083089 161165 081089 167167 228228 128130 104104 101103 181181 201215 142158 153153
WBNPLB_986, 089091 134138 175179 253253 103104 141141 097103 129129 191191 238238 087087 149158 113115 229229 143143 158160 090102 127150 190194 250252 173177 146146 154154 083085 124124 165175 142142 256262 146150 123127 155155 091092 150150 180184 110112 166170 089089 165169 085089 161167 238240 130132 102104 095103 181181 205211 142166 149149
WBNPLB_987, 089091 134136 179181 253269 103103 135145 093103 129143 189191 238238 087089 160161 113115 229229 143143 158158 090102 127146 188194 252252 167173 146152 144154 077081 124132 165165 142150 262262 146150 123125 155157 091091 146150 196198 108110 170174 089089 161173 081089 165167 228236 130132 092102 101103 181181 207215 142166 153153
WBNPLB_1001, 089089 134138 179181 241253 103103 141145 093093 129129 191195 238238 087087 158160 113115 227229 143143 158158 090090 127150 190194 000000 173173 000000 144154 081081 124132 165183 142142 262262 150150 123129 155159 091092 150150 180180 106110 172174 081089 161175 081089 161167 228228 128130 098104 095099 181193 205207 142162 153153
WBNPLB_1002, 089091 134138 181187 253253 103103 145145 091093 129143 191195 238238 087087 160162 113115 227229 143143 158158 090090 127140 190194 252254 167173 000000 144144 077083 122132 183183 142142 256260 146150 123129 155155 091091 146146 180184 106106 172172 089095 165169 085089 161165 240240 118132 096098 103103 181193 000000 166166 151153
WBNPLB_1003, 089099 138138 179181 253253 103103 141141 097103 143149 189195 232252 087087 162162 113115 225233 143145 158158 090100 146150 188194 252254 177177 146146 154154 081081 124124 175183 142142 260262 150152 123129 155155 091091 146150 180184 106112 166172 083089 159165 089091 167167 228238 128130 102104 095095 181191 000000 142144 149149
WBNPLB_1004, 089091 138138 179185 253269 103103 135145 085097 129143 189191 238252 087087 158161 113115 229229 143147 156158 090102 127140 194194 250252 173175 152152 144154 083085 124124 175183 142148 260260 146150 129129 153159 091092 146150 184184 106112 172186 089089 173173 085089 167167 228228 132132 102104 095103 181181 205205 142142 149153
WBNPLB_1005, 089093 134138 181185 253269 103103 135145 093103 129129 191195 238238 087087 160162 113115 227229 143143 158158 090090 138138 188194 252252 173177 152152 154154 077083 132132 165175 142150 260262 150150 123125 155159 091095 146146 184196 106112 170172 089095 161169 089089 167167 228238 118130 102104 101103 181191 205205 142166 145153
WBNPLB_1010, 089089 142142 175181 253253 103103 145145 103103 129129 191195 238238 087087 160162 113115 227227 143143 158158 090090 127148 190194 246254 167177 146152 144154 083085 122124 165175 142142 260262 150150 129129 155155 091092 146150 180196 106112 166172 089089 169175 089089 167167 236238 128132 104104 095095 181181 207215 142166 149151
Pop                                                
WBNPNY_321, 089091 136138 179179 241253 103103 141145 103103 129149 189189 238238 087087 162162 115115 227229 143143 152156 102102 127146 194194 252252 167173 146146 144154 077081 124132 179183 142150 260260 146150 123129 157157 091091 150150 192192 110110 174174 089089 173173 087089 167167 238240 118118 092102 095095 181191 201207 142158 145153
WBNPNY_338, 089091 134140 179181 253253 103103 145145 093103 129129 189195 238238 087087 158162 113115 229229 143143 158158 090090 127127 188190 252254 173173 152152 144144 081083 124132 165183 142142 260262 150152 123129 155159 091091 150150 180184 106108 172172 089089 165175 089089 161167 228240 128128 098104 099103 181193 205207 162166 149153
WBNPNY_339, 089091 134142 181187 253253 103103 135141 093103 129129 189195 238238 087087 158160 113113 227227 143143 156156 090090 127150 188194 244252 173173 146152 154160 081085 124124 165183 138138 260260 140150 127129 155157 091092 150150 184192 106112 172172 083083 161161 085085 165167 228240 118130 104104 095103 191191 205205 142166 149151
WBNPNY_363, 089091 134138 179187 247271 103103 135141 093103 129143 195195 238238 087087 160162 115115 225229 143143 158160 088090 146148 188194 252252 173177 146166 156158 081081 124132 165175 142150 260262 146150 129129 155157 091095 150152 180180 090106 168172 085089 173173 089091 167167 228238 130134 098104 101103 191191 211211 142142 149149
WBNPNY_915, 089091 138142 181187 241269 103103 145145 083093 129129 195195 238252 087087 158160 115115 227229 143143 156158 090090 127140 188194 252252 173173 146152 154160 083083 124132 175175 142148 262262 146150 123129 153155 091091 146150 180196 106112 166174 089089 161173 089089 167167 228238 128130 102104 101103 181191 205207 142166 145153
WBNPNY_917, 089091 140142 181181 269269 103103 135145 103103 129129 189195 238238 087087 158162 108113 225229 143147 158160 090104 127150 190194 252252 173177 152152 154154 081083 124132 175175 142142 256264 140146 123129 157159 091092 150150 184192 106112 172172 089089 169173 089091 167167 228238 130130 092102 101101 181191 205211 142158 149153
WBNPNY_923, 089091 136142 179187 253269 103103 135145 085097 129149 191195 238238 087089 160161 115115 229233 143145 158160 090090 127127 188194 246254 173175 152166 154154 077081 124132 165165 142150 260260 148150 125129 155155 091095 150150 180184 106108 170172 085089 169173 081085 167167 236238 130134 102104 099103 181181 205207 142166 153153
WBNPNY_925, 089093 134138 181185 241269 103103 135145 097103 129143 189191 238238 087087 158158 108115 227229 143143 156156 090090 140142 188190 250252 173173 152152 154160 081085 124124 175183 142142 260262 140150 123129 159159 091092 146150 184184 106106 172186 085089 169173 085085 167167 228228 130132 102102 103103 181181 205205 142142 149151
WBNPNY_931, 089091 134142 179179 253269 103104 141145 103103 141143 195195 238238 087087 162162 113113 227229 143143 158158 102102 138140 188194 252252 163177 152152 154154 081081 124124 175183 142142 256260 146146 129129 153159 091094 146150 180180 108112 168172 089089 161165 081081 161167 228238 130132 102104 095103 181181 205205 142142 145149
WBNPNY_935, 089091 134138 175181 253253 103103 145145 103103 129143 189195 238238 087091 160162 113115 227229 143143 158158 090090 127127 190190 246252 173177 142152 144144 083083 132132 165183 142148 260262 150150 123123 155157 091092 150150 184192 106112 170174 089095 165173 089089 161167 228238 128130 102104 101101 181181 207211 142168 149153
WBNPNY_936, 091091 138138 181185 247253 103103 145145 089103 129149 189195 238238 087087 160161 113115 227229 143143 158158 090090 140150 194194 252252 173177 146152 154154 081083 132132 179183 142142 260262 146150 129129 155157 092092 146150 196196 108112 170172 083085 173173 087089 167167 238240 128130 102104 099103 181191 205205 142142 149153
WBNPNY_937, 091091 138142 179185 253269 103104 135145 089103 129149 189189 238238 087087 159159 113115 227229 143143 158158 090102 140146 190194 252252 167173 152152 154154 081081 124132 175179 142142 260262 146150 129129 157159 091092 146150 196196 106112 170186 089089 169173 085089 167167 228238 130132 102104 101103 181191 205207 158164 149151
WBNPNY_948, 089091 134138 179187 253269 103103 145145 085097 129129 191195 232238 087087 149161 113115 229229 143147 158158 090090 140140 188190 252252 173177 152152 144156 083083 122124 175183 142148 262262 146150 129129 153153 091091 146150 192196 106112 170172 085089 165173 085085 167167 228240 130132 098102 101101 181181 207211 142164 145153
WBNPNY_956, 089091 138138 179181 241269 103103 145145 097103 129129 191195 232238 087091 147161 108113 227229 143147 158158 102102 127150 194194 252252 173173 152152 154154 077081 124124 175183 142142 262264 146150 129129 157159 092092 150150 184184 108112 170172 089089 165173 089089 167167 228228 130132 092104 101101 181181 205211 142158 149153
WBNPNY_957, 091091 134138 187187 241269 103103 145145 089093 129129 189189 238238 087087 158161 108113 227229 143143 158160 090102 127140 194200 252252 167173 146152 154160 077081 124124 165175 142150 256262 146150 129129 157159 092095 146150 180190 106108 170174 083089 165169 089091 167167 228240 130132 104104 103103 181191 201207 142142 149151
WBNPNY_967, 089089 134138 179185 253269 103103 145145 089093 129129 189189 238238 087089 162170 113115 227229 143143 158160 090090 140146 194200 252254 173177 146152 144144 081085 124124 165175 142148 260260 140150 123129 155157 091095 150150 180190 106112 174174 083089 165169 089091 161167 238238 130132 102102 103103 177181 201205 142168 153153
WBNPNY_968, 091093 134138 185187 253269 103103 135145 093103 143143 191191 232238 087087 160170 113115 227227 145147 156160 090090 142150 188194 252252 167177 146158 000000 083083 132132 175183 142142 260260 146146 123129 155159 091092 150150 180180 108112 178178 089089 161169 081089 167167 228228 130132 092104 101103 191191 205205 142142 151151
WBNPNY_969, 089089 138138 181185 241253 103103 141141 093103 143143 191195 232232 087089 160170 113115 227229 143147 158158 090102 140150 194194 252252 173177 146158 154160 081083 132132 175175 142142 260262 140150 129131 155159 092095 146150 180180 106112 166172 085095 165173 089089 167167 228228 130134 104104 101101 181193 205205 000000 149149
WBNPNY_970, 089091 136142 185187 253253 103103 141141 103103 143143 189189 238238 087087 162170 113115 225229 143143 154156 100102 140148 194200 252252 167177 150152 154154 081083 124124 165175 142148 262262 140150 127129 155159 000000 150150 192196 106112 170172 089089 169173 085089 167167 228238 128128 102104 095103 181191 205205 142142 149151
WBNPNY_971, 089091 134138 175179 269269 103103 141141 093093 143143 191195 232238 087087 149149 115115 229229 143143 156156 090090 140142 188194 252254 173173 152152 154154 081081 122132 175183 142142 260260 140146 123129 000000 092095 150152 180180 106112 166174 085089 161161 089089 167167 228228 130130 104104 095101 181181 207207 142142 000000
WBNPNY_972, 089091 138138 175181 253269 103103 145145 103103 129129 189195 232238 087087 158160 113115 227229 143143 152158 090090 127150 194194 252252 173177 152152 144144 081085 122124 165165 142142 260266 148150 129129 155155 091091 150150 180180 108112 168172 085089 165165 089089 167167 228238 118130 102102 103103 181181 205215 162166 149151
WBNPNY_973, 089091 132134 175179 249253 103104 141147 097103 129129 191191 232238 087087 160160 113115 227229 143145 158160 090090 140140 188194 246252 167175 152152 144154 083083 132132 165165 142142 260262 146146 125127 153155 091092 146150 180192 108108 172172 085089 165173 089091 161167 232238 130132 092104 103103 181191 205207 142168 149151
WBNPNY_978, 091093 138138 181185 241253 103103 135135 097097 129143 189189 238252 087087 158158 113115 225229 143143 156158 090102 142142 188194 250250 173177 152156 144160 081085 124124 175183 142142 260262 146150 123129 155159 092092 146152 184184 106112 178186 089089 169173 085089 167167 228228 130132 102104 103103 181181 207207 142166 149151
WBNPNY_979, 089091 136138 181187 253253 103105 141141 089093 143149 189191 232238 087089 160161 108115 229229 143147 158158 090102 127142 194200 252252 173177 146152 144156 081083 124132 175183 142142 262262 150150 125129 155157 091091 150150 180196 106112 166172 089089 161161 089089 161167 228228 128134 098102 095099 181191 205205 166168 151153
WBNPNY_988, 091091 136140 181187 269271 103103 141145 097103 129143 189195 238238 087087 158162 113115 229229 143147 160160 088090 000000 190194 252254 173177 152166 154158 081083 124132 175175 142150 000000 000000 123129 157159 091095 150150 184192 106112 172176 089089 161173 085089 167167 228238 114130 098104 101101 181191 205211 142142 151153
WBNPNY_989, 091093 138138 175179 241269 103103 141145 093097 129129 189191 238238 087089 149162 113115 229233 143143 156158 090102 127148 194194 252252 173175 146166 154154 081083 124132 165179 142142 260260 150150 129129 155159 092092 146148 180180 106112 170172 089089 161173 085089 161167 228238 130130 096104 099103 181181 205205 142144 153153
WBNPNY_990, 089091 134140 179185 253253 103104 145145 089093 129129 189189 238238 089089 159170 115115 225225 143143 156158 090090 140146 190194 252252 173175 152152 154154 077085 124124 165183 142148 260262 150150 129129 155157 092092 146150 192196 106108 170172 085095 161173 085087 161167 228228 130130 102104 095099 181181 201205 158168 145149
WBNPNY_991, 089091 134138 175179 253253 103103 141145 089089 129129 189191 238238 087087 147161 113115 229229 143143 156158 090090 127140 190200 246252 173173 146152 144154 083083 124132 175183 142150 260260 150150 123123 155157 092092 146146 180180 106112 170174 089089 161173 085089 161167 228228 128130 104104 103103 181191 207207 142142 145149
WBNPNY_992, 091091 134138 181187 241269 103103 135145 093097 129143 191195 232238 087089 160161 113115 227233 143143 158160 090090 127140 194194 252252 167173 146152 144160 083085 122132 165175 142142 260262 146150 125129 155159 091092 146152 184184 106110 170172 089089 169173 085089 161167 228238 130134 102102 099103 181181 205205 142142 149151
WBNPNY_1006, 089089 134142 181181 253253 103103 141145 089093 143143 189191 232252 087089 158160 108115 229229 143143 156158 090090 150150 194194 252252 173173 152152 144154 081083 124132 165183 142142 260262 148150 129129 157159 091091 150150 184196 106112 170172 085089 161165 085089 165167 228228 130132 102104 095095 177181 000000 142166 149149
WBNPNY_1017, 089091 136138 181185 253269 103103 135147 091093 129129 191191 238238 087089 160160 115115 227229 143143 158158 090102 140146 188188 248252 173177 152166 152154 083083 124132 165179 142142 260260 150150 125129 159159 092092 146146 190196 106112 166170 089095 161169 089091 167167 236238 130134 102102 101103 177191 205205 142168 149151
WBNPNY_2582, 089089 136138 181187 253269 000000 145145 093103 129129 191195 232238 087087 160162 113115 227229 143143 158158 090090 140150 190194 252252 173175 152152 154156 000000 124124 165183 138142 260262 150150 123129 155155 091091 146150 180196 106106 170172 085095 169169 085087 167167 228240 118130 102104 095103 181181 205211 142142 145153
Pop                                                
WBNPPAD_319, 089089 136140 179187 253269 101103 141145 089093 149149 189189 238238 087089 154161 108115 229229 143143 158158 090102 138140 190194 000000 175177 152162 144154 077081 132132 179183 142150 260262 146148 125129 159159 091094 150154 192192 106110 174176 083089 161161 085091 167167 228238 128134 102102 101103 179181 205211 142158 145149
WBNPPAD_335, 089089 134136 181191 253253 103104 145147 091097 129129 189195 238238 087087 158158 113113 229229 145145 158158 102102 142146 194200 252252 167175 152164 154154 083083 124132 165165 148148 256260 140140 123129 151155 091092 146150 180192 108110 170174 089089 161173 089089 167167 228228 130130 096102 099103 181181 201205 142144 143149
WBNPPAD_895, 089091 136140 185187 253273 103105 135145 089089 143149 189195 238238 087089 158162 108115 229229 133143 156158 088090 127150 190194 252252 167177 146152 154154 083083 124124 183183 142142 262262 140146 125129 155159 091092 146150 184192 106106 168174 085089 173173 089091 167167 238240 118130 092104 101101 191191 201201 158164 143147
WBNPPAD_896, 089089 134138 185187 247253 103103 135135 085103 129143 189191 238238 087089 158164 115115 225229 143143 158158 090090 140148 190194 246252 175177 152166 154160 081081 124136 165175 138142 260260 150150 123129 155157 092094 148150 180192 108108 174176 083095 165165 089089 161167 228238 114132 092102 099101 179181 205211 156166 149151
WBNPPAD_897, 091091 136136 179185 241253 103103 145145 083091 129143 189191 238254 087087 158160 113115 229229 143143 158158 090102 127148 188190 252252 177177 164166 156156 077081 124132 175183 142150 262264 140150 123125 155155 091091 146154 180196 106112 176176 081089 155165 085085 161167 228238 130134 102104 095101 181181 205207 158164 149149
WBNPPAD_898, 091091 134138 175179 241269 103103 135145 093103 129129 189191 252252 087087 162162 113115 229229 143143 156156 090090 140142 190194 252252 167173 152162 154154 081085 124124 175181 142150 262264 150150 129131 155157 092095 146146 180180 112112 170174 081089 161165 089091 167167 238238 130130 092102 095099 181181 205205 142164 145153
WBNPPAD_899, 089093 136138 179185 253269 103103 141145 093097 129129 195195 232238 087087 147160 115115 225227 143143 158158 090090 127127 194194 250252 173173 158166 154156 077083 124126 175183 142150 262262 140150 123129 153155 091094 146148 180180 106112 170176 081089 165165 085089 167167 228238 130130 098098 095101 181191 205205 158168 153153
WBNPPAD_900, 089091 134138 179181 247253 103103 135147 091103 129129 189189 238252 087089 162162 108115 229231 143145 158158 090090 127127 190194 246250 173175 152162 160160 081085 132132 165165 142148 260262 140150 123129 151157 091091 150150 180180 112112 170172 083089 161173 087089 161167 228236 130134 092104 101103 181181 205211 158158 145151
WBNPPAD_901, 089091 136136 187187 253269 103103 141141 089091 129129 189189 232238 087087 160161 113115 229229 143143 156158 090102 127146 194200 252252 163173 152158 144154 077081 132136 175183 142150 260262 140150 127129 155155 091092 146150 180180 112112 172176 083089 161161 085091 161161 224228 130130 092098 095101 181181 205207 166168 151153
WBNPPAD_902, 089089 134134 175187 253271 103103 135141 085097 127129 189189 238238 087087 158160 113115 227229 143143 158158 102102 140142 194194 254254 165173 146146 154154 081083 124124 175183 142148 260262 146150 125131 155159 094095 146150 196198 106108 170172 091095 161165 085085 167167 238238 114128 102104 101101 181191 215215 144156 149149
WBNPPAD_903, 091091 136136 175187 241269 102103 135145 093093 141143 189191 238248 087089 158161 113115 229231 143143 156156 090102 127138 188194 246252 175177 148166 146146 081085 124126 165181 142150 260262 146150 125129 155159 091092 150150 184196 090106 172172 081089 161165 081087 161167 238238 128134 098104 101101 191191 207207 142158 151153
WBNPPAD_904, 089093 132136 179187 247253 103103 135145 093097 129143 189191 232232 087087 149162 113115 229233 143145 156158 102102 127142 188190 252252 159177 152166 154156 081083 124124 165179 142142 258260 140150 125129 155155 091094 146146 180192 110110 170172 085089 161161 089089 167167 228238 130134 104104 099101 179191 205205 158166 145153
WBNPPAD_905, 089089 136136 181187 241269 103103 135141 089093 129129 189189 232238 087087 143154 113115 229229 143145 160160 090090 127140 194194 250250 177177 152166 154160 083083 122132 183183 142150 260260 140150 125125 155155 091091 146146 180184 108110 172176 083089 165165 081089 161161 224238 130130 096102 101103 181191 211211 166168 145149
WBNPPAD_906, 089089 136136 181181 253253 103103 135145 083097 129143 189191 232238 087087 158160 113115 225229 143147 158160 100102 140140 188194 252252 159163 158166 154158 081081 122124 181183 142148 260262 140150 125129 155159 092092 146146 180192 110112 170170 089089 161165 089089 161167 228238 130134 102104 095103 177181 205207 158168 145149
WBNPPAD_907, 089089 136138 187187 253253 103103 135137 093103 143143 189191 232238 087091 160161 108108 229229 143145 156156 090090 127140 194194 252254 173177 146158 154156 081083 124124 175179 142150 262262 146146 123129 155155 091095 150150 184192 106110 170176 083089 161169 087089 167167 238238 130132 104104 095099 181181 205205 142158 149151
WBNPPAD_908, 089089 136136 181181 247253 103103 141145 085093 129143 189189 232254 087087 158158 113115 227229 143143 154154 088102 127142 188194 252252 173173 152166 154160 083085 124124 175175 142142 258262 140150 125129 155155 092092 146150 180180 108112 158170 083095 161168 089089 167167 228238 130130 102104 095103 177181 205207 142142 145149
WBNPPAD_909, 089091 136138 175185 253253 103103 145145 103103 129141 189195 232238 087087 160160 115115 227229 143143 156156 090090 140146 190194 252252 173175 152152 154154 081083 124124 175183 142142 260262 140148 125129 157159 091091 146150 180180 106108 170170 089095 161165 085089 165167 240240 130130 102102 095103 181191 205205 166168 145153
WBNPPAD_910, 089089 136138 181187 253253 104104 145147 083093 129129 191195 232250 087091 161170 113115 229229 143143 156158 090090 142150 188202 252254 165167 152152 144154 081085 122122 175175 142142 262262 146150 131131 155155 094095 146150 198198 112112 170172 085089 161173 087089 167167 236240 118130 092102 095101 177181 205205 142142 145153
WBNPPAD_911, 089099 136138 185191 253253 103104 141145 083103 143149 191191 252254 087087 161162 113115 229231 143143 156158 088102 146148 194194 252252 167173 146158 154154 083083 132132 165175 142148 260262 140150 125129 155159 091092 150150 192198 110112 166172 085089 173173 089091 167167 228236 130130 092104 095103 179181 205205 142162 149153
WBNPPAD_912, 091099 134138 179185 253253 103104 141141 083103 143149 191191 238252 087089 162170 113113 229233 143143 156156 088090 127146 194194 252252 173175 146166 154154 081083 124132 165175 142148 260260 140150 123125 153155 091091 146150 180198 112112 172172 089089 165173 081089 167167 228238 130130 092104 103103 179179 205205 142162 149153
WBNPPAD_913, 089091 138138 181185 241253 103103 141145 097103 143143 189191 238252 087087 158160 113113 225229 143143 154158 090102 142150 190194 252252 173177 146152 154154 083085 124132 175183 142148 262262 146150 127131 155155 091092 146150 180180 106112 166174 081089 161165 087089 167167 236238 118130 102104 097101 181181 205207 144168 145149
WBNPPAD_2411, 089091 134134 181187 241253 103105 141145 097097 129133 189189 252254 087087 158158 108113 229231 133143 154158 090090 127140 194194 246252 177177 146152 154156 077083 124132 165183 142142 260262 150150 125125 155157 091091 146150 180196 106112 170170 081089 161161 085089 167167 228236 130134 092104 101103 191191 205207 142164 149153
WBNPPAD_2412, 089091 138138 179181 241269 103103 145145 103103 129129 189189 238238 087089 147160 108113 225229 143143 158160 090102 127138 194194 252252 173177 146152 144154 081083 124132 183183 142142 260260 146150 129129 155157 091091 148150 180192 112112 172186 083089 173173 087089 167167 238238 118132 104104 103103 177181 205211 156164 145151
WBNPPAD_2413, 089093 136136 187187 269273 103105 141145 089093 129143 189191 232238 087089 160161 113113 225231 143143 156158 090090 127150 188196 254254 175175 152152 154156 083083 132132 175183 138142 262262 146150 123125 155159 091095 150150 180180 106106 170176 089089 161161 089091 161167 238238 130130 092102 099101 181191 211211 142142 149149
WBNPPAD_2414, 089089 134136 181187 249269 103107 141145 083093 129143 189189 232238 087089 158160 108108 227229 143143 158158 090102 127140 188194 252252 173173 152166 154154 081083 122126 157179 142148 260262 140146 123127 155157 091092 146150 180184 110112 172172 081085 165165 085089 167167 228238 130136 104104 101103 181191 211215 142166 149149
WBNPPAD_2415, 089091 000000 181187 247253 103103 135145 093097 143143 191191 232238 087087 160162 113113 227229 143143 156158 090090 127142 194194 252252 177177 152166 156160 081083 122124 175183 142142 260260 146150 125125 155155 091092 146150 180196 106110 174174 089095 173173 081089 167167 240240 130130 104104 101103 181181 211215 168168 145151
WBNPPAD_2417, 089091 000000 175187 269269 103103 135141 089103 129133 189189 232238 087087 158161 108113 229229 143143 158158 090102 127146 194194 252252 173173 152152 144154 077085 132132 181183 142148 262262 150150 125127 155157 091092 150150 180198 106112 170176 083085 161169 081085 161167 000000 130130 092104 095095 181191 201207 166166 151153
WBNPPAD_2418, 089091 000000 187187 241269 104104 145145 103103 129129 189191 232238 087087 158160 108113 229229 143143 154158 090100 127140 190194 248252 177177 152152 156160 081083 124124 165183 142142 260262 146146 123125 155155 095095 146150 198198 106110 172172 083089 161165 089091 167167 228240 128130 096104 095099 181191 202205 000000 149149
WBNPPAD_2419, 091091 000000 181181 253253 103103 141147 083097 129129 189191 238248 087089 162170 108108 225229 143145 158160 090102 138140 194200 252254 167177 152152 154154 081083 124124 165179 142142 256264 146150 123125 153157 092092 150150 180180 112112 174174 083089 165169 089089 167167 228238 130130 104104 099103 181191 207211 166168 145149
WBNPPAD_2420, 089091 134138 179181 241241 102103 145145 091093 141143 189191 238238 087087 160161 108108 229231 143143 156158 090090 140140 194194 252252 175177 152152 144154 081081 120132 165175 142148 256260 146150 123129 155157 091095 150154 184184 106110 170172 083085 161165 081081 161167 228228 134134 096104 095101 177181 211211 158158 149149
WBNPPAD_2421, 089091 138138 179181 253253 103103 141145 097097 129129 191195 232238 087089 158160 113115 229231 143143 158158 090090 127140 194194 252252 177177 146152 144144 081081 124132 165183 142150 256260 146146 123127 155157 092095 146150 180180 112112 170176 089089 155161 085089 167167 228240 132134 102104 095103 177191 202211 142142 149149
WBNPPAD_2422, 089091 000000 187187 253253 103103 135145 091103 129129 189189 248254 087087 158160 113115 229231 143143 158158 088088 127127 194194 250252 165173 158162 144154 081081 124132 175175 142150 256260 140148 125129 155155 092094 146150 180192 110110 170172 085089 167173 085085 167167 236238 130130 102104 103103 191191 205205 166166 151153
WBNPPAD_2423, 089091 138140 187187 241271 103103 145147 089103 129129 189195 232238 087087 158161 113115 225231 143143 156158 090090 127148 194202 246252 167173 146146 154154 081083 124132 175175 148148 262262 140150 125125 155157 091092 150154 180180 106112 172174 083083 161173 089089 161167 228228 114130 092104 101101 181181 205207 168168 151153
WBNPPAD_2576, 089091 136140 179187 241253 103104 141147 083089 143143 189191 238252 087087 161161 108113 225231 143147 156156 090090 138140 194194 252252 177177 152158 144156 077081 120124 175183 142142 262262 140150 125129 155157 091091 146150 180184 110112 172174 089089 169173 087089 167167 228228 118130 098104 103103 181191 205211 166166 149149
Pop                                                
WENT_1079, 089091 140140 179187 253253 103105 135145 083103 129129 189191 232238 087089 162162 113115 229229 143143 156158 090102 128140 194194 246252 167177 152158 154156 083083 122124 183183 142142 260260 150150 125125 155155 091095 146150 180180 106112 172172 083083 169169 089089 167167 228228 130134 102104 095095 191191 205205 142142 149153
WENT_1081, 089091 132136 179185 253253 103103 141145 097103 129129 189191 232238 089089 158162 113115 225229 143143 158158 090102 140140 194194 248252 165167 150166 144156 083083 124132 183183 142148 260260 140150 125129 155155 091091 146150 180184 108110 172172 089089 169169 089091 167167 228238 130130 102104 095101 181191 205211 142142 149153
WENT_1082, 091091 136136 185187 247253 103103 135145 103103 127141 189191 232238 087087 162162 113115 229229 143143 154160 090102 128142 188200 246252 165177 152158 144154 083085 124132 175183 142148 256260 150152 125125 153155 091094 150150 180180 108110 170174 089089 161173 085091 161167 228238 130132 000000 099099 181191 205205 142158 149153
WENT_1083, 089089 134140 179187 247247 103103 135141 097103 129141 191191 238238 087087 158162 113113 227233 143143 156158 090102 128142 188194 252252 177177 146150 154154 081081 132132 175183 142148 262262 148150 129129 155157 091095 150154 180198 106110 168170 089089 169169 089091 165167 238238 130132 102104 095101 181181 205211 142142 149153
